# SSTK version 0.8.0
# 5
mtllib original-5.mtl
o mesh20/mesh20-geometry#mesh20-geometry
v -0.327860 0.858639 0.032244
v -0.335654 0.859424 0.032063
v -0.335697 0.853501 0.039953
v -0.330269 0.861192 0.027111
v -0.324342 0.852917 0.039202
v -0.331253 0.862237 0.025019
v -0.335721 0.846572 0.044934
v -0.349481 0.853501 0.039882
v -0.321861 0.846524 0.043460
v -0.349504 0.846572 0.044863
v -0.349438 0.859424 0.031992
v -0.320531 0.839728 0.044848
v -0.393858 0.838677 0.044620
v -0.349514 0.839105 0.046607
v -0.396758 0.851011 0.031745
v -0.335730 0.839105 0.046678
v -0.395432 0.845322 0.039630
v -0.392147 0.831529 0.046369
v -0.349414 0.861591 0.027068
v -0.397233 0.853088 0.026825
v -0.320407 0.832826 0.043285
v -0.417561 0.831301 0.044473
v -0.414552 0.824566 0.046227
v -0.335721 0.831610 0.045057
v -0.349504 0.831610 0.044986
v -0.349400 0.862755 0.024416
v -0.422708 0.842941 0.031602
v -0.423564 0.844908 0.026697
v -0.320607 0.831610 0.042477
v -0.420341 0.837560 0.039487
v -0.390412 0.824361 0.044758
v -0.397490 0.854205 0.024178
v -0.424025 0.845959 0.024054
v -0.335721 0.830607 0.044364
v -0.321500 0.826134 0.038845
v -0.439106 0.818083 0.044330
v -0.434562 0.812318 0.046089
v -0.411520 0.817821 0.044630
v -0.349504 0.830612 0.044292
v -0.335697 0.824599 0.040190
v -0.390180 0.823401 0.044069
v -0.349481 0.824599 0.040114
v -0.335616 0.862755 0.024487
v -0.397751 0.855341 0.021488
v -0.349385 0.863934 0.021740
v -0.448250 0.829789 0.026583
v -0.443322 0.823463 0.039340
v -0.448949 0.830692 0.023950
v -0.424491 0.847038 0.021350
v -0.411116 0.816923 0.043941
v -0.388773 0.817655 0.039905
v -0.335602 0.863929 0.021811
v -0.349371 0.864637 0.018731
v -0.335588 0.864637 0.018802
v -0.398331 0.858021 0.009568
v -0.397898 0.856020 0.018479
v -0.449672 0.831629 0.021212
v -0.446934 0.828092 0.031464
v -0.425565 0.849576 0.009425
v -0.424762 0.847679 0.018337
v -0.323767 0.819937 0.031707
v -0.456715 0.800008 0.044192
v -0.450936 0.795554 0.045961
v -0.429999 0.806548 0.044506
v -0.408668 0.811524 0.039791
v -0.349438 0.818549 0.032329
v -0.387337 0.811876 0.032130
v -0.331686 0.863378 0.022700
v -0.349324 0.866724 0.009824
v -0.335540 0.866719 0.009896
v -0.332356 0.864471 0.018565
v -0.469330 0.809799 0.023869
v -0.468441 0.809100 0.026488
v -0.466749 0.807779 0.031345
v -0.462105 0.804176 0.039211
v -0.451340 0.833824 0.009287
v -0.450095 0.832185 0.018204
v -0.335659 0.818549 0.032400
v -0.429386 0.805778 0.043822
v -0.406197 0.806091 0.032030
v -0.333587 0.866486 0.010946
v -0.398483 0.858901 -0.002324
v -0.425879 0.850417 -0.002472
v -0.470275 0.810540 0.021098
v -0.324727 0.818449 0.028997
v -0.469330 0.778201 0.044078
v -0.462676 0.775312 0.045851
v -0.445137 0.791101 0.044392
v -0.425717 0.801158 0.039682
v -0.444363 0.790507 0.043708
v -0.349414 0.816210 0.027239
v -0.386776 0.809642 0.027049
v -0.405227 0.803995 0.026954
v -0.349205 0.867641 -0.002068
v -0.335421 0.867637 -0.001996
v -0.472433 0.812251 0.009168
v -0.470822 0.810973 0.018090
v -0.483940 0.784584 0.023822
v -0.482913 0.784133 0.026431
v -0.480946 0.783268 0.031250
v -0.475551 0.780910 0.039102
v -0.326049 0.816386 0.025247
v -0.335631 0.816210 0.027310
v -0.326301 0.814794 0.021958
v -0.335602 0.813872 0.022225
v -0.439710 0.786947 0.039592
v -0.422014 0.796519 0.031944
v -0.420574 0.794732 0.026878
v -0.335203 0.867503 -0.000471
v -0.349252 0.867589 -0.002647
v -0.398469 0.858877 -0.003208
v -0.398469 0.858863 -0.002904
v -0.349257 0.867603 -0.002952
v -0.349257 0.867608 -0.002524
v -0.398473 0.858882 -0.002776
v -0.398150 0.857822 -0.015965
v -0.425869 0.850398 -0.002923
v -0.425346 0.849390 -0.016108
v -0.425864 0.850393 -0.003356
v -0.485689 0.785359 0.017999
v -0.485052 0.785074 0.021013
v -0.335540 0.810887 0.010352
v -0.476188 0.754014 0.043983
v -0.469082 0.752854 0.045756
v -0.456017 0.772431 0.044292
v -0.435014 0.783368 0.031868
v -0.455128 0.772051 0.043613
v -0.349395 0.814409 0.023313
v -0.404481 0.802370 0.023033
v -0.386339 0.807916 0.023123
v -0.404258 0.801890 0.021873
v -0.419453 0.793335 0.022956
v -0.335474 0.867603 -0.002448
v -0.335469 0.867589 -0.002576
v -0.335474 0.867599 -0.002880
v -0.425860 0.850384 -0.003047
v -0.349191 0.866515 -0.015708
v -0.451839 0.834542 -0.003066
v -0.451829 0.834528 -0.003189
v -0.451834 0.834537 -0.003503
v -0.451074 0.833663 -0.016250
v -0.487576 0.786196 0.009083
v -0.491906 0.756609 0.023812
v -0.490803 0.756424 0.026402
v -0.493118 0.756813 0.020960
v -0.488679 0.756072 0.031189
v -0.482856 0.755112 0.039017
v -0.349385 0.813872 0.022148
v -0.327513 0.811695 0.010090
v -0.349324 0.810892 0.010281
v -0.449790 0.769746 0.039511
v -0.386211 0.807403 0.021963
v -0.402993 0.799204 0.010010
v -0.433198 0.781994 0.026816
v -0.419120 0.792921 0.021797
v -0.417243 0.790625 0.009938
v -0.335298 0.867542 -0.003878
v -0.335407 0.866510 -0.015637
v -0.335203 0.867513 -0.004430
v -0.397394 0.854942 -0.027861
v -0.424063 0.846667 -0.028004
v -0.451853 0.834556 -0.002614
v -0.449158 0.831315 -0.028137
v -0.493812 0.756927 0.017947
v -0.473127 0.812831 -0.002733
v -0.335502 0.810231 0.002129
v -0.349286 0.810236 0.002058
v -0.476896 0.729356 0.043917
v -0.469786 0.729522 0.045685
v -0.461986 0.751694 0.044216
v -0.461041 0.751542 0.043537
v -0.444410 0.767436 0.031811
v -0.385460 0.804551 0.010095
v -0.431777 0.780915 0.022895
v -0.428977 0.778819 0.009881
v -0.333805 0.867033 -0.014639
v -0.349129 0.863530 -0.027581
v -0.473108 0.812821 -0.003184
v -0.473099 0.812812 -0.003308
v -0.473103 0.812821 -0.003626
v -0.472134 0.812127 -0.016369
v -0.469691 0.810302 -0.028251
v -0.495855 0.757274 0.009031
v -0.488403 0.786590 -0.002823
v -0.489468 0.729071 0.031160
v -0.491616 0.729023 0.026417
v -0.492719 0.728995 0.023841
v -0.493969 0.728971 0.020946
v -0.483588 0.729204 0.038969
v -0.328511 0.810982 0.001896
v -0.385270 0.803929 0.001873
v -0.462709 0.729684 0.044154
v -0.455356 0.750616 0.039449
v -0.416805 0.790126 0.001716
v -0.402684 0.798625 0.001787
v -0.442338 0.766552 0.026768
v -0.431354 0.780592 0.021735
v -0.428440 0.778439 0.001654
v -0.335345 0.863525 -0.027510
v -0.396933 0.853112 -0.032016
v -0.423269 0.844941 -0.032144
v -0.447965 0.829837 -0.032263
v -0.468184 0.809157 -0.032358
v -0.447219 0.828910 -0.034858
v -0.494667 0.728952 0.017933
v -0.488389 0.786581 -0.003279
v -0.488374 0.786576 -0.003403
v -0.488384 0.786581 -0.003722
v -0.349257 0.809799 -0.002476
v -0.335478 0.809799 -0.002405
v -0.328981 0.810583 -0.002885
v -0.329043 0.810607 -0.002448
v -0.328515 0.811001 -0.006797
v -0.327475 0.811933 -0.015480
v -0.385146 0.803510 -0.002662
v -0.450318 0.391249 0.038365
v -0.443816 0.392437 0.042990
v -0.431587 0.394671 0.043223
v -0.461768 0.729708 0.043480
v -0.456107 0.729841 0.039411
v -0.449638 0.749689 0.031773
v -0.440698 0.765853 0.022852
v -0.440213 0.765644 0.021692
v -0.437490 0.764494 0.009838
v -0.331971 0.864538 -0.026431
v -0.349110 0.861600 -0.031773
v -0.396644 0.851962 -0.034625
v -0.349096 0.860398 -0.034387
v -0.396249 0.850398 -0.038090
v -0.349077 0.858853 -0.037757
v -0.422770 0.843858 -0.034748
v -0.487248 0.786124 -0.016464
v -0.467234 0.808439 -0.034939
v -0.484425 0.784931 -0.028337
v -0.496740 0.728909 0.009011
v -0.496778 0.757436 -0.002885
v -0.496763 0.757436 -0.003337
v -0.496749 0.757436 -0.003460
v -0.461592 0.389186 0.020965
v -0.462376 0.389044 0.017956
v -0.459995 0.389481 0.024558
v -0.349257 0.809832 -0.002952
v -0.335412 0.810678 -0.015181
v -0.385151 0.803544 -0.003137
v -0.385279 0.804347 -0.015437
v -0.402490 0.798235 -0.002752
v -0.437461 0.393597 0.044634
v -0.430860 0.394804 0.042595
v -0.426506 0.395598 0.038831
v -0.450418 0.729974 0.031759
v -0.416520 0.789798 -0.002823
v -0.428084 0.778187 -0.002885
v -0.447438 0.749337 0.026745
v -0.436882 0.764252 0.001611
v -0.335312 0.860398 -0.034316
v -0.331348 0.863064 -0.029915
v -0.422081 0.842365 -0.038218
v -0.394823 0.844656 -0.045775
v -0.419610 0.836938 -0.045889
v -0.446178 0.827612 -0.038342
v -0.482690 0.784190 -0.032424
v -0.442442 0.822936 -0.045994
v -0.465884 0.807417 -0.038437
v -0.481597 0.783724 -0.034991
v -0.464695 0.388621 0.009040
v -0.496759 0.757436 -0.003788
v -0.456644 0.390094 0.030975
v -0.349195 0.810683 -0.015252
v -0.335350 0.813468 -0.027096
v -0.402770 0.799014 -0.015523
v -0.402499 0.798263 -0.003227
v -0.447666 0.382323 0.038356
v -0.441416 0.384343 0.042971
v -0.424814 0.389704 0.038826
v -0.428987 0.388359 0.042581
v -0.422480 0.396335 0.031683
v -0.448236 0.730026 0.026745
v -0.416539 0.789827 -0.003299
v -0.428669 0.778691 -0.015651
v -0.428108 0.778206 -0.003360
v -0.445684 0.749057 0.022828
v -0.445166 0.748971 0.021668
v -0.442262 0.748515 0.009819
v -0.436482 0.764090 -0.002928
v -0.330398 0.862190 -0.031968
v -0.335293 0.858848 -0.037686
v -0.349034 0.852803 -0.045547
v -0.495513 0.757251 -0.016521
v -0.461112 0.803781 -0.046075
v -0.480014 0.783045 -0.038508
v -0.490618 0.756466 -0.032453
v -0.492471 0.756766 -0.028389
v -0.466050 0.388369 -0.002933
v -0.497700 0.728890 -0.002904
v -0.497685 0.728890 -0.003356
v -0.497676 0.728890 -0.003479
v -0.458973 0.389666 0.026878
v -0.453764 0.380351 0.030970
v -0.458540 0.378801 0.020970
v -0.456996 0.379300 0.024582
v -0.459296 0.378554 0.017956
v -0.461535 0.377827 0.009045
v -0.349134 0.813473 -0.027172
v -0.326296 0.815136 -0.027191
v -0.385859 0.807013 -0.027358
v -0.403830 0.801519 -0.027448
v -0.416972 0.790459 -0.015594
v -0.435313 0.386315 0.044615
v -0.429681 0.388136 0.043204
v -0.420959 0.390950 0.031683
v -0.421192 0.396567 0.026992
v -0.436511 0.764104 -0.003403
v -0.445964 0.730078 0.021668
v -0.446482 0.730069 0.022823
v -0.441620 0.748420 0.001587
v -0.328449 0.860398 -0.036198
v -0.324808 0.854889 -0.043499
v -0.335255 0.852803 -0.045476
v -0.349010 0.845792 -0.050414
v -0.393160 0.837850 -0.050652
v -0.416705 0.830521 -0.050756
v -0.438065 0.817422 -0.050842
v -0.489453 0.756281 -0.035005
v -0.474482 0.780668 -0.046122
v -0.462851 0.377394 -0.002933
v -0.497685 0.728890 -0.003812
v -0.496402 0.728923 -0.016540
v -0.456012 0.379619 0.026897
v -0.326072 0.816586 -0.030148
v -0.349119 0.814556 -0.029644
v -0.349100 0.816277 -0.033551
v -0.418597 0.792603 -0.027519
v -0.444581 0.374134 0.038346
v -0.438498 0.376601 0.042957
v -0.422395 0.383107 0.038817
v -0.426435 0.381477 0.042567
v -0.418664 0.384609 0.031688
v -0.419728 0.391344 0.026996
v -0.419757 0.396829 0.023075
v -0.430750 0.780345 -0.027576
v -0.437152 0.764418 -0.015694
v -0.443065 0.730150 0.009819
v -0.442433 0.730169 0.001583
v -0.441197 0.748353 -0.002952
v -0.335227 0.845788 -0.050343
v -0.493322 0.728999 -0.028403
v -0.455532 0.799509 -0.050908
v -0.487719 0.756001 -0.038541
v -0.490304 0.729071 -0.034981
v -0.491469 0.729042 -0.032443
v -0.466093 0.388364 -0.003394
v -0.466098 0.388359 -0.003517
v -0.466098 0.388364 -0.003926
v -0.464377 0.388673 -0.016597
v -0.462899 0.377380 -0.003931
v -0.462899 0.377380 -0.003512
v -0.462894 0.377385 -0.003389
v -0.461226 0.377917 -0.016597
v -0.452723 0.370831 0.026911
v -0.453678 0.370441 0.024606
v -0.450527 0.371719 0.030975
v -0.455190 0.369823 0.020975
v -0.458108 0.368630 0.009050
v -0.455926 0.369523 0.017966
v -0.459401 0.368093 -0.002928
v -0.386097 0.808054 -0.029829
v -0.386472 0.809699 -0.033741
v -0.324756 0.818663 -0.033888
v -0.323734 0.820279 -0.036787
v -0.335293 0.817978 -0.037353
v -0.349077 0.817978 -0.037424
v -0.404258 0.802498 -0.029919
v -0.404928 0.804043 -0.033836
v -0.419248 0.793439 -0.029996
v -0.432575 0.378996 0.044601
v -0.427110 0.381206 0.043194
v -0.417480 0.385084 0.027001
v -0.416135 0.385622 0.023085
v -0.418345 0.391786 0.023080
v -0.441230 0.748363 -0.003427
v -0.419329 0.396910 0.021916
v -0.417205 0.397295 0.010128
v -0.442019 0.730178 -0.002961
v -0.322170 0.848340 -0.048109
v -0.335217 0.838297 -0.051963
v -0.349000 0.838297 -0.052035
v -0.391444 0.830754 -0.052239
v -0.413702 0.823834 -0.052339
v -0.433531 0.811690 -0.052415
v -0.488522 0.729113 -0.038541
v -0.481754 0.755036 -0.046141
v -0.468042 0.777892 -0.050942
v -0.459444 0.368074 -0.003926
v -0.459439 0.368079 -0.003384
v -0.459448 0.368074 -0.003508
v -0.457804 0.368725 -0.016592
v -0.461079 0.389277 -0.028370
v -0.335255 0.823900 -0.045238
v -0.386843 0.811319 -0.037614
v -0.349038 0.823900 -0.045309
v -0.405588 0.805568 -0.037705
v -0.420270 0.794765 -0.033912
v -0.431577 0.780991 -0.030053
v -0.440921 0.366196 0.038342
v -0.446687 0.363349 0.030979
v -0.435037 0.369091 0.042947
v -0.419510 0.376700 0.038817
v -0.423402 0.374799 0.042562
v -0.415921 0.378449 0.031697
v -0.413488 0.379628 0.023099
v -0.414785 0.379001 0.027015
v -0.417936 0.391919 0.021920
v -0.415897 0.392570 0.010133
v -0.439548 0.765487 -0.027619
v -0.441905 0.748486 -0.015718
v -0.416953 0.397342 0.001792
v -0.416796 0.397366 -0.002809
v -0.442053 0.730178 -0.003436
v -0.320692 0.841158 -0.049744
v -0.459372 0.389585 -0.032044
v -0.449757 0.795069 -0.052472
v -0.482490 0.729251 -0.046117
v -0.455926 0.390218 -0.038251
v -0.458046 0.378939 -0.028370
v -0.454700 0.369965 -0.028361
v -0.448811 0.362299 0.026935
v -0.449733 0.361843 0.024639
v -0.451202 0.361116 0.020989
v -0.454039 0.359704 0.009064
v -0.451920 0.360759 0.017980
v -0.455294 0.359067 -0.002914
v -0.455337 0.359043 -0.003916
v -0.455342 0.359043 -0.003498
v -0.455332 0.359048 -0.003375
v -0.453735 0.359809 -0.016578
v -0.388164 0.816980 -0.045499
v -0.321495 0.826676 -0.043912
v -0.421278 0.796063 -0.037781
v -0.407932 0.810877 -0.045590
v -0.432889 0.782018 -0.033974
v -0.429320 0.371900 0.044587
v -0.424049 0.374481 0.043185
v -0.415741 0.385778 0.021930
v -0.413103 0.379813 0.021939
v -0.411192 0.380731 0.010152
v -0.413759 0.386567 0.010143
v -0.440503 0.765906 -0.030095
v -0.415655 0.392646 0.001797
v -0.416848 0.397356 -0.003279
v -0.416767 0.397371 -0.015480
v -0.442704 0.730164 -0.015723
v -0.349010 0.830830 -0.050295
v -0.320459 0.833782 -0.048318
v -0.389733 0.823606 -0.050490
v -0.410698 0.817109 -0.050580
v -0.428996 0.805934 -0.050656
v -0.458303 0.389780 -0.034354
v -0.443987 0.790625 -0.050709
v -0.474848 0.753914 -0.050942
v -0.475556 0.729413 -0.050908
v -0.461387 0.775012 -0.052496
v -0.450722 0.361263 -0.028346
v -0.456406 0.379467 -0.032035
v -0.335227 0.830830 -0.050224
v -0.434163 0.783016 -0.037838
v -0.442015 0.766571 -0.034016
v -0.436706 0.358544 0.038346
v -0.444306 0.354081 0.026963
v -0.442257 0.355284 0.030994
v -0.431054 0.361852 0.042942
v -0.416173 0.370522 0.038822
v -0.419899 0.368359 0.042557
v -0.412742 0.372504 0.031707
v -0.411658 0.373126 0.027034
v -0.410413 0.373839 0.023118
v -0.408217 0.375089 0.010171
v -0.410047 0.374053 0.021958
v -0.444458 0.748919 -0.027643
v -0.415513 0.392689 -0.002809
v -0.413393 0.386700 -0.002799
v -0.413531 0.386653 0.001801
v -0.415560 0.392675 -0.003279
v -0.415470 0.392699 -0.015475
v -0.454752 0.772132 -0.050737
v -0.449429 0.391401 -0.045514
v -0.442614 0.392646 -0.050010
v -0.453075 0.380536 -0.038247
v -0.455380 0.379794 -0.034335
v -0.453108 0.370607 -0.032016
v -0.449182 0.362014 -0.031997
v -0.445190 0.353558 0.024672
v -0.446611 0.352722 0.021008
v -0.449339 0.351101 0.009083
v -0.447300 0.352313 0.017994
v -0.450551 0.350360 -0.002895
v -0.450594 0.350331 -0.003902
v -0.450598 0.350331 -0.003479
v -0.450589 0.350336 -0.003356
v -0.449039 0.351206 -0.016564
v -0.446131 0.352874 -0.028327
v -0.424819 0.800602 -0.045666
v -0.438669 0.786514 -0.045718
v -0.443474 0.767213 -0.037881
v -0.425565 0.365056 0.044582
v -0.420517 0.367998 0.043180
v -0.408008 0.375194 0.001830
v -0.410973 0.380826 0.001816
v -0.445480 0.749090 -0.030119
v -0.447096 0.749356 -0.034040
v -0.413440 0.386681 -0.003270
v -0.413336 0.386710 -0.015466
v -0.416986 0.392204 -0.027320
v -0.418350 0.397081 -0.027324
v -0.445242 0.730112 -0.027643
v -0.448645 0.769475 -0.045751
v -0.446810 0.382561 -0.045495
v -0.467728 0.752750 -0.052491
v -0.468422 0.729579 -0.052453
v -0.435974 0.393858 -0.051431
v -0.460651 0.751595 -0.050732
v -0.452105 0.371011 -0.034311
v -0.448212 0.362484 -0.034283
v -0.444653 0.353730 -0.031968
v -0.431958 0.351215 0.038356
v -0.437267 0.347560 0.031013
v -0.439225 0.346211 0.026996
v -0.440066 0.345626 0.024710
v -0.426563 0.354923 0.042947
v -0.412399 0.364599 0.038826
v -0.415940 0.362185 0.042557
v -0.409144 0.366805 0.031721
v -0.408117 0.367489 0.027053
v -0.406934 0.368288 0.023137
v -0.404837 0.369680 0.010190
v -0.406582 0.368521 0.021977
v -0.404638 0.369785 0.001849
v -0.448645 0.749613 -0.037900
v -0.446259 0.730088 -0.030119
v -0.410840 0.380878 -0.002790
v -0.410888 0.380854 -0.003260
v -0.410779 0.380888 -0.015452
v -0.414795 0.386106 -0.027310
v -0.454139 0.750520 -0.045761
v -0.440251 0.384676 -0.049991
v -0.433873 0.386734 -0.051412
v -0.443735 0.374381 -0.045476
v -0.449847 0.371919 -0.038232
v -0.443726 0.354267 -0.034254
v -0.441430 0.344680 0.021032
v -0.444039 0.342855 0.009107
v -0.442091 0.344219 0.018018
v -0.445247 0.341990 -0.003878
v -0.445247 0.341990 -0.003455
v -0.445237 0.341995 -0.003332
v -0.443745 0.342974 -0.016540
v -0.445204 0.342023 -0.002876
v -0.440960 0.344842 -0.028304
v -0.439548 0.345792 -0.031935
v -0.421335 0.358506 0.044582
v -0.416534 0.361786 0.043180
v -0.407879 0.375255 -0.002776
v -0.404519 0.369851 -0.002757
v -0.447875 0.730050 -0.034040
v -0.412176 0.380184 -0.027296
v -0.417713 0.391967 -0.029791
v -0.419106 0.396943 -0.029796
v -0.415498 0.385821 -0.029777
v -0.420341 0.396715 -0.033750
v -0.437352 0.376957 -0.049967
v -0.461354 0.729741 -0.050699
v -0.429942 0.394961 -0.049720
v -0.454866 0.729893 -0.045737
v -0.446017 0.363554 -0.038213
v -0.440085 0.366453 -0.045452
v -0.441596 0.355498 -0.038190
v -0.438659 0.346391 -0.034216
v -0.426706 0.344257 0.038370
v -0.431739 0.340222 0.031036
v -0.433597 0.338725 0.027034
v -0.434396 0.338083 0.024753
v -0.435689 0.337037 0.021060
v -0.421596 0.348335 0.042952
v -0.408217 0.358963 0.038836
v -0.411558 0.356320 0.042567
v -0.405142 0.361372 0.031740
v -0.404182 0.362118 0.027077
v -0.403060 0.362998 0.023161
v -0.402727 0.363254 0.022001
v -0.401073 0.364519 0.010214
v -0.407927 0.375227 -0.003246
v -0.407803 0.375265 -0.015437
v -0.400888 0.364633 0.001873
v -0.404562 0.369818 -0.003227
v -0.404434 0.369866 -0.015418
v -0.400779 0.364704 -0.002738
v -0.449405 0.730016 -0.037895
v -0.409134 0.374462 -0.027282
v -0.412851 0.379847 -0.029767
v -0.418897 0.391582 -0.033746
v -0.416648 0.385351 -0.033736
v -0.413958 0.379295 -0.033722
v -0.431145 0.379467 -0.051384
v -0.428084 0.388606 -0.049701
v -0.433906 0.369476 -0.049934
v -0.435879 0.358810 -0.045423
v -0.436615 0.347779 -0.038161
v -0.431145 0.351496 -0.045390
v -0.438165 0.335017 0.009140
v -0.436316 0.336529 0.018052
v -0.439272 0.334091 -0.002847
v -0.439315 0.334053 -0.003427
v -0.439306 0.334057 -0.003303
v -0.437880 0.335141 -0.016512
v -0.435228 0.337199 -0.028275
v -0.433892 0.338249 -0.031901
v -0.433051 0.338905 -0.034173
v -0.416653 0.352275 0.044582
v -0.412114 0.355878 0.043185
v -0.400817 0.364666 -0.003208
v -0.409781 0.374077 -0.029748
v -0.423231 0.390175 -0.044948
v -0.421140 0.396572 -0.037462
v -0.419657 0.391335 -0.037453
v -0.420831 0.383644 -0.044929
v -0.417376 0.385051 -0.037443
v -0.417970 0.377309 -0.044905
v -0.414652 0.378948 -0.037424
v -0.427908 0.372418 -0.051355
v -0.424880 0.395888 -0.044962
v -0.431097 0.340440 -0.038128
v -0.425902 0.344547 -0.045352
v -0.439310 0.334053 -0.003850
v -0.420969 0.337693 0.038389
v -0.427457 0.331667 0.027077
v -0.425707 0.333297 0.031065
v -0.428203 0.330973 0.024801
v -0.429424 0.329827 0.021093
v -0.430009 0.329271 0.018085
v -0.416173 0.342128 0.042961
v -0.403635 0.353639 0.038855
v -0.406762 0.350783 0.042576
v -0.400764 0.356244 0.031764
v -0.399866 0.357047 0.027106
v -0.398811 0.357998 0.023185
v -0.396948 0.359642 0.010242
v -0.398502 0.358278 0.022025
v -0.405688 0.368972 -0.027263
v -0.396772 0.359761 0.001896
v -0.400683 0.364723 -0.015395
v -0.396672 0.359832 -0.002714
v -0.410840 0.373449 -0.033708
v -0.407309 0.367841 -0.033684
v -0.406301 0.368544 -0.029725
v -0.414657 0.371192 -0.044882
v -0.411496 0.373060 -0.037405
v -0.425532 0.381738 -0.049677
v -0.429942 0.362266 -0.049901
v -0.424182 0.365621 -0.051322
v -0.425470 0.355365 -0.049863
v -0.420522 0.348801 -0.049820
v -0.431748 0.327627 0.009173
v -0.432832 0.326567 -0.003394
v -0.432823 0.326572 -0.003270
v -0.432789 0.326605 -0.002809
v -0.432827 0.326567 -0.003821
v -0.428968 0.329994 -0.028242
v -0.427708 0.331130 -0.031859
v -0.426919 0.331847 -0.034131
v -0.411534 0.346401 0.044592
v -0.407285 0.350303 0.043194
v -0.401857 0.363744 -0.027234
v -0.396710 0.359794 -0.003184
v -0.410921 0.365336 -0.044848
v -0.407922 0.367408 -0.037382
v -0.422495 0.375080 -0.049649
v -0.418987 0.368654 -0.049615
v -0.420180 0.337988 -0.045309
v -0.425075 0.333520 -0.038090
v -0.415123 0.342617 -0.049777
v -0.431468 0.327755 -0.016478
v -0.414785 0.331562 0.038408
v -0.419201 0.326828 0.031098
v -0.420826 0.325074 0.027125
v -0.421520 0.324323 0.024858
v -0.422661 0.323088 0.021131
v -0.423207 0.322489 0.018123
v -0.410322 0.336329 0.042980
v -0.402071 0.345094 0.043209
v -0.398687 0.348663 0.038874
v -0.401591 0.345602 0.042591
v -0.396026 0.351443 0.031787
v -0.394215 0.353316 0.023218
v -0.395199 0.352294 0.027134
v -0.393925 0.353616 0.022058
v -0.392480 0.355075 0.010271
v -0.402433 0.363273 -0.029701
v -0.387451 0.351039 -0.002652
v -0.392257 0.355232 -0.003156
v -0.392223 0.355270 -0.002685
v -0.396567 0.359861 -0.015371
v -0.392318 0.355198 0.001925
v -0.403378 0.362503 -0.033660
v -0.406772 0.359761 -0.044815
v -0.403953 0.362033 -0.037353
v -0.415037 0.362503 -0.049582
v -0.419975 0.359115 -0.051284
v -0.415322 0.352931 -0.051241
v -0.410242 0.347099 -0.051193
v -0.424823 0.320716 0.009211
v -0.425836 0.319566 -0.003356
v -0.425826 0.319571 -0.003232
v -0.425793 0.319609 -0.002771
v -0.425831 0.319566 -0.003783
v -0.424548 0.320844 -0.016440
v -0.421040 0.324476 -0.031811
v -0.420303 0.325245 -0.034078
v -0.418578 0.327056 -0.038047
v -0.414006 0.331866 -0.045262
v -0.406016 0.340911 0.044606
v -0.389296 0.348972 0.023251
v -0.398198 0.358292 -0.029672
v -0.387485 0.350997 -0.003123
v -0.382390 0.347161 -0.002619
v -0.387542 0.350963 0.001958
v -0.387694 0.350840 0.010304
v -0.397656 0.358801 -0.027210
v -0.410650 0.356653 -0.049544
v -0.409300 0.336838 -0.049725
v -0.404757 0.341652 -0.051146
v -0.422209 0.323259 -0.028204
v -0.408184 0.325892 0.038437
v -0.412247 0.320844 0.031136
v -0.413749 0.318972 0.027177
v -0.414381 0.318173 0.024910
v -0.415436 0.316852 0.021174
v -0.415940 0.316215 0.018166
v -0.404082 0.330963 0.042999
v -0.396501 0.340269 0.043228
v -0.393397 0.344053 0.038893
v -0.396059 0.340811 0.042610
v -0.390959 0.346995 0.031816
v -0.390199 0.347893 0.027168
v -0.389029 0.349295 0.022091
v -0.384072 0.344999 0.023284
v -0.399082 0.357456 -0.033631
v -0.382418 0.347114 -0.003089
v -0.387337 0.351082 -0.015309
v -0.382475 0.347085 0.001991
v -0.392114 0.355308 -0.015342
v -0.402238 0.354500 -0.044782
v -0.399609 0.356952 -0.037324
v -0.405864 0.351135 -0.049501
v -0.417428 0.314319 0.009259
v -0.418355 0.313083 -0.003308
v -0.418345 0.313092 -0.003189
v -0.418317 0.313135 -0.002728
v -0.418350 0.313088 -0.003741
v -0.417157 0.314456 -0.016397
v -0.413236 0.319138 -0.034026
v -0.413916 0.318321 -0.031764
v -0.411634 0.321072 -0.037999
v -0.407418 0.326201 -0.045210
v -0.403079 0.331491 -0.049673
v -0.400123 0.335835 0.044620
v -0.384894 0.343858 0.027206
v -0.383830 0.345331 0.022125
v -0.394429 0.352736 -0.033603
v -0.393611 0.353630 -0.029644
v -0.393112 0.354172 -0.027177
v -0.377057 0.343653 -0.002586
v -0.377133 0.343577 0.002029
v -0.382271 0.347213 -0.015276
v -0.382618 0.346957 0.010342
v -0.398906 0.336610 -0.051094
v -0.414990 0.317028 -0.028161
v -0.401197 0.320711 0.038470
v -0.404895 0.315374 0.031174
v -0.406254 0.313397 0.027229
v -0.406829 0.312555 0.024972
v -0.407789 0.311153 0.021222
v -0.408245 0.310478 0.018213
v -0.397475 0.326063 0.043023
v -0.390603 0.335863 0.043251
v -0.390203 0.336429 0.042633
v -0.387794 0.339832 0.038921
v -0.385584 0.342922 0.031849
v -0.379314 0.340217 0.027244
v -0.378578 0.341405 0.023322
v -0.388701 0.349305 -0.029611
v -0.397337 0.349576 -0.044739
v -0.394913 0.352199 -0.037291
v -0.388245 0.349885 -0.027144
v -0.377085 0.343606 -0.003056
v -0.377266 0.343449 0.010380
v -0.400698 0.345978 -0.049454
v -0.409595 0.308473 0.009306
v -0.410432 0.307161 -0.003260
v -0.410427 0.307170 -0.003137
v -0.410398 0.307213 -0.002681
v -0.410427 0.307161 -0.003693
v -0.409329 0.308615 -0.016350
v -0.406373 0.312693 -0.031707
v -0.407352 0.311329 -0.028113
v -0.404291 0.315607 -0.037947
v -0.400446 0.321025 -0.045157
v -0.396501 0.326610 -0.049620
v -0.392708 0.332004 -0.051037
v -0.393887 0.331196 0.044644
v -0.379928 0.339248 0.031887
v -0.378359 0.341757 0.022163
v -0.389448 0.348359 -0.033570
v -0.392095 0.345018 -0.044696
v -0.371101 0.340326 -0.002543
v -0.376938 0.343715 -0.015238
v -0.371173 0.340250 0.002072
v -0.371292 0.340122 0.010423
v -0.383079 0.345954 -0.027106
v -0.395175 0.341201 -0.049406
v -0.405755 0.313553 -0.033964
v -0.389329 0.336838 -0.049354
v -0.393863 0.316049 0.038508
v -0.397171 0.310450 0.031222
v -0.398388 0.308373 0.027291
v -0.398896 0.307493 0.025038
v -0.399757 0.306020 0.021274
v -0.400161 0.305307 0.018265
v -0.390536 0.321652 0.043052
v -0.384410 0.331890 0.043275
v -0.381900 0.336030 0.038950
v -0.384048 0.332479 0.042657
v -0.373150 0.336800 0.027286
v -0.373701 0.335806 0.031925
v -0.372480 0.338021 0.023370
v -0.389885 0.347793 -0.037253
v -0.383492 0.345345 -0.029573
v -0.371125 0.340279 -0.003013
v -0.372280 0.338382 0.022206
v -0.401363 0.303202 0.009358
v -0.402109 0.301818 -0.003208
v -0.402105 0.301828 -0.003085
v -0.402081 0.301875 -0.002628
v -0.402109 0.301818 -0.003645
v -0.401111 0.303349 -0.016298
v -0.398450 0.307622 -0.031650
v -0.399324 0.306196 -0.028061
v -0.393122 0.316362 -0.045100
v -0.397894 0.308520 -0.033902
v -0.389595 0.322213 -0.049558
v -0.386201 0.327855 -0.050980
v -0.387333 0.327018 0.044668
v -0.375484 0.332513 0.038983
v -0.384557 0.343758 -0.037215
v -0.384167 0.344347 -0.033532
v -0.370987 0.340402 -0.015195
v -0.270102 0.288919 -0.001958
v -0.269446 0.288506 0.002662
v -0.377646 0.342408 -0.027068
v -0.268258 0.287755 0.011036
v -0.266352 0.284646 0.022828
v -0.386548 0.340849 -0.044653
v -0.396577 0.310683 -0.037895
v -0.383188 0.332907 -0.049302
v -0.386320 0.311975 0.038546
v -0.389324 0.306201 0.031269
v -0.390897 0.303154 0.025100
v -0.390431 0.304062 0.027348
v -0.391677 0.301633 0.021331
v -0.392043 0.300901 0.018322
v -0.383307 0.317745 0.043085
v -0.377751 0.328264 0.043304
v -0.377428 0.328872 0.042691
v -0.265407 0.282194 0.027919
v -0.263244 0.279955 0.032534
v -0.259698 0.274204 0.039554
v -0.266134 0.284085 0.023993
v -0.378012 0.341771 -0.029535
v -0.270159 0.288881 -0.002429
v -0.378948 0.340122 -0.037172
v -0.393136 0.298729 0.009415
v -0.393816 0.297298 -0.003156
v -0.393811 0.297308 -0.003032
v -0.393787 0.297355 -0.002571
v -0.393811 0.297298 -0.003588
v -0.392898 0.298881 -0.016245
v -0.390474 0.303292 -0.031593
v -0.391273 0.301823 -0.028004
v -0.382423 0.318340 -0.049497
v -0.385631 0.312313 -0.045038
v -0.389975 0.304214 -0.033841
v -0.379348 0.324148 -0.050923
v -0.380403 0.323264 0.044696
v -0.257559 0.268696 0.043232
v -0.378606 0.340730 -0.033494
v -0.371620 0.339067 -0.027025
v -0.268486 0.288320 -0.014653
v -0.380712 0.337094 -0.044601
v -0.388768 0.306453 -0.037838
v -0.376620 0.329338 -0.049245
v -0.259147 0.241076 0.031968
v -0.260982 0.236162 0.022058
v -0.260506 0.239023 0.028137
v -0.261291 0.235378 0.019050
v -0.255744 0.254023 0.043660
v -0.257203 0.267778 0.043845
v -0.371947 0.338411 -0.029487
v -0.372489 0.337346 -0.033446
v -0.372793 0.336728 -0.037130
v -0.262203 0.233073 0.010147
v -0.263667 0.232041 -0.001854
v -0.263724 0.232003 -0.002315
v -0.263738 0.231994 -0.002438
v -0.263676 0.231965 -0.002885
v -0.262165 0.233324 -0.015528
v -0.260711 0.238244 -0.030813
v -0.260540 0.239323 -0.033033
v -0.256861 0.247959 -0.044240
v -0.255820 0.255069 -0.048670
v -0.256048 0.262445 -0.050100
v -0.256851 0.247303 0.039178
v -0.260677 0.237982 0.025927
v -0.255863 0.260953 0.045238
v -0.266647 0.285839 -0.026493
v -0.266229 0.284851 -0.028860
v -0.374381 0.333630 -0.044549
v -0.260982 0.236528 -0.027277
v -0.259114 0.241552 -0.037077
v -0.257531 0.269632 -0.048446
v -0.265521 0.283201 -0.032814
v -0.263838 0.281680 -0.036464
v -0.260183 0.276177 -0.043812
vn 0.07675202369930166 0.836029258147064 0.543290167755806
vn 0.04087199772496248 0.8725539514314669 0.48680497290321906
vn 0.04522698569133728 0.7187637726015067 0.6937817805051709
vn -0.04522698569133728 -0.7187637726015067 -0.6937817805051709
vn -0.04087199772496248 -0.8725539514314669 -0.48680497290321906
vn -0.07675202369930166 -0.836029258147064 -0.543290167755806
vn 0.08171601082369494 0.906965120132073 0.41320305473081453
vn -0.08171601082369494 -0.906965120132073 -0.41320305473081453
vn 0.08497200116866244 0.6553220090129711 0.7505550103227585
vn 0.057290000356000056 0.9085160056455183 0.41390400257199966
vn -0.057290000356000056 -0.9085160056455183 -0.41390400257199966
vn -0.08497200116866244 -0.6553220090129711 -0.7505550103227585
vn 0.06359900524291143 0.4105020338405574 0.9096390749879197
vn -0.06359900524291143 -0.4105020338405574 -0.9096390749879197
vn -0.06559399439105777 0.6982219402950443 0.7128699390424942
vn 0.06559399439105777 -0.6982219402950443 -0.7128699390424942
vn 0.09798901193300462 0.40488904930698627 0.9091001107093092
vn -0.09798901193300462 -0.40488904930698627 -0.9091001107093092
vn -0.0415149920883019 0.41303192128665545 0.9097698266210869
vn 0.0415149920883019 -0.41303192128665545 -0.9097698266210869
vn -0.0786290205453726 0.860512224847571 0.5033251315163576
vn 0.0786290205453726 -0.860512224847571 -0.5033251315163576
vn 0.11472301752933425 0.07729101180983541 0.9903861513280443
vn -0.11472301752933425 -0.07729101180983541 -0.9903861513280443
vn -0.10412302077702199 0.4057960809737752 0.9080131811876923
vn 0.10412302077702199 -0.4057960809737752 -0.9080131811876923
vn -0.006113999994057193 0.008161999992066316 0.9999479990280506
vn 0.006113999994057193 -0.008161999992066316 -0.9999479990280506
vn -0.22104705510460618 0.8489782116409557 0.47997311965203404
vn 0.22104705510460618 -0.8489782116409557 -0.47997311965203404
vn 0.060534989280616375 -0.12731897745467596 0.9900128246910194
vn -0.060534989280616375 0.12731897745467596 -0.9900128246910194
vn -0.18536808252690826 0.7020063125371409 0.6876233061337461
vn 0.18536808252690826 -0.7020063125371409 -0.6876233061337461
vn -0.007847000104153233 0.007899000104843207 0.9999380132721774
vn 0.007847000104153233 -0.007899000104843207 -0.9999380132721774
vn -0.10936599984027097 0.9099739986709828 0.39998299941582505
vn 0.10936599984027097 -0.9099739986709828 -0.39998299941582505
vn -0.21874504788012442 0.8911521950603151 0.3974900870048262
vn 0.21874504788012442 -0.8911521950603151 -0.3974900870048262
vn 0.04381898544083777 -0.3900918703892671 0.9197326944124248
vn -0.04381898544083777 0.3900918703892671 -0.9197326944124248
vn -0.17750303135751078 0.3784370668543195 0.9084481604855579
vn 0.17750303135751078 -0.3784370668543195 -0.9084481604855579
vn -0.009793999040849237 0.007089999305658455 0.9999269020746634
vn 0.009793999040849237 -0.007089999305658455 -0.9999269020746634
vn 0.07518901105447719 -0.3975030584418979 0.9145151344543111
vn -0.07518901105447719 0.3975030584418979 -0.9145151344543111
vn 0.030308002179918293 -0.39827302864598796 0.9167660659388599
vn -0.030308002179918293 0.39827302864598796 -0.9167660659388599
vn -0.08252797957973317 0.9123737742472792 0.40095290079043194
vn -0.3707641026534713 0.7716082136351956 0.5168701431058567
vn 0.3707641026534713 -0.7716082136351956 -0.5168701431058567
vn -0.35907796255678825 0.8434579120475871 0.3995519583363223
vn 0.35907796255678825 -0.8434579120475871 -0.3995519583363223
vn 0.10245704109112176 -0.4791341921601604 0.8717413496180404
vn -0.10245704109112176 0.4791341921601604 -0.8717413496180404
vn -0.29420890837777025 0.6384738011671581 0.7111907785217136
vn 0.29420890837777025 -0.6384738011671581 -0.7111907785217136
vn 0.08974999968022075 -0.39205099860312254 0.9155549967378775
vn -0.08974999968022075 0.39205099860312254 -0.9155549967378775
vn 0.08252797957973317 -0.9123737742472792 -0.40095290079043194
vn -0.21873612912434987 0.8912925261479592 0.3971802344635054
vn 0.21873612912434987 -0.8912925261479592 -0.3971802344635054
vn -0.38006096128338185 0.834736914965772 0.39845695940939097
vn 0.38006096128338185 -0.834736914965772 -0.39845695940939097
vn 0.0816470008916669 -0.5681250062044936 0.8188820089430104
vn 0.14098303937924705 -0.6380321782145351 0.7569932114426162
vn -0.14098303937924705 0.6380321782145351 -0.7569932114426162
vn -0.0816470008916669 0.5681250062044936 -0.8188820089430104
vn -0.26576901272741255 0.32453101554146596 0.9077700434722007
vn 0.26576901272741255 -0.32453101554146596 -0.9077700434722007
vn -0.011912999276797573 0.005673999655548291 0.999912939298287
vn 0.011912999276797573 -0.005673999655548291 -0.999912939298287
vn 0.15976097816682658 -0.36667094989020166 0.9165308747455243
vn -0.15976097816682658 0.36667094989020166 -0.9165308747455243
vn 0.04594799875258077 -0.5699869845257088 0.8203679777282401
vn 0.08096199224185797 -0.7045169324900207 0.7050539324385627
vn -0.08096199224185797 0.7045169324900207 -0.7050539324385627
vn -0.04594799875258077 0.5699869845257088 -0.8203679777282401
vn 0.13104703416016591 -0.5603001460540187 0.8178572131916854
vn -0.13104703416016591 0.5603001460540187 -0.8178572131916854
vn 0.07257800421678216 -0.7078700411272507 0.7026040408212958
vn -0.07257800421678216 0.7078700411272507 -0.7026040408212958
vn 0.028915998413653915 0.9149319498063772 0.40257097791475577
vn -0.028915998413653915 -0.9149319498063772 -0.40257097791475577
vn -0.2259090168407272 0.9228010687915925 0.3120950232655928
vn 0.2259090168407272 -0.9228010687915925 -0.3120950232655928
vn 0.08493002865484446 -0.9452133189088836 -0.315212106350534
vn -0.5727498658903483 0.7151198325543532 0.4007009061756936
vn 0.5727498658903483 -0.7151198325543532 -0.4007009061756936
vn -0.4393911474636483 0.5763741934363991 0.6890052312363955
vn 0.4393911474636483 -0.5763741934363991 -0.6890052312363955
vn 0.573422041811643 -0.7163220522313405 -0.3975800289899466
vn -0.3930139170149237 0.8645158174570722 0.3132929338480476
vn 0.3930139170149237 -0.8645158174570722 -0.3132929338480476
vn 0.23160994801133142 -0.5247118822197736 0.8191668161245123
vn 0.1727089750559036 -0.6710239030850312 0.7210398958612968
vn -0.1727089750559036 0.6710239030850312 -0.7210398958612968
vn -0.23160994801133142 0.5247118822197736 -0.8191668161245123
vn -0.08493002865484446 0.9452133189088836 0.315212106350534
vn 0.03422699345289019 0.9393038203252859 0.3413749347001021
vn -0.03422699345289019 -0.9393038203252859 -0.3413749347001021
vn -0.08660501767942021 0.9700931980333904 0.22675704628984822
vn 0.04345299913052722 0.9718989805527876 0.23135299537074253
vn 0.08660501767942021 -0.9700931980333904 -0.22675704628984822
vn -0.04345299913052722 -0.9718989805527876 -0.23135299537074253
vn -0.2339999592993376 0.9606128329163016 0.14988997392896478
vn -0.23117594155687993 0.9466957606677684 0.22433194328709746
vn 0.23117594155687993 -0.9466957606677684 -0.22433194328709746
vn 0.2339999592993376 -0.9606128329163016 -0.14988997392896478
vn -0.5931877038795859 0.7418336296752608 0.31274784387569005
vn -0.573422041811643 0.7163220522313405 0.3975800289899466
vn -0.5493058881193107 0.6516408672760824 0.5230938934580776
vn 0.5493058881193107 -0.6516408672760824 -0.5230938934580776
vn 0.5931877038795859 -0.7418336296752608 -0.31274784387569005
vn -0.4313361453971848 0.8919673006692942 0.13543804565420925
vn -0.40266281513170543 0.8871915926775692 0.2252858965680022
vn 0.40266281513170543 -0.8871915926775692 -0.2252858965680022
vn 0.4313361453971848 -0.8919673006692942 -0.13543804565420925
vn 0.1334850260780377 -0.8172571596618262 0.5606001095205296
vn -0.1334850260780377 0.8172571596618262 -0.5606001095205296
vn -0.33818102444321807 0.2506090181136444 0.9070990655637623
vn 0.33818102444321807 -0.2506090181136444 -0.9070990655637623
vn -0.013636999878780708 0.0037469999666926955 0.999899991111889
vn 0.013636999878780708 -0.0037469999666926955 -0.999899991111889
vn 0.25632590902303026 -0.35371287445777316 0.8995466807266519
vn -0.25632590902303026 0.35371287445777316 -0.8995466807266519
vn 0.28384086696225574 -0.6054967162004256 0.74351065151255
vn -0.28384086696225574 0.6054967162004256 -0.74351065151255
vn 0.08895996874494351 -0.8629936967971424 0.49732082527207777
vn -0.08895996874494351 0.8629936967971424 -0.49732082527207777
vn 0.1991949894837996 -0.8345389559417689 0.5136789728810895
vn -0.1991949894837996 0.8345389559417689 -0.5136789728810895
vn 0.06058501667199923 0.9504322615433123 0.3049720839232973
vn -0.06058501667199923 -0.9504322615433123 -0.3049720839232973
vn -0.08742698073201355 0.9845347830188953 0.15181496654157933
vn 0.08742698073201355 -0.9845347830188953 -0.15181496654157933
vn 0.0240429890318674 0.9843515509502448 0.17456792036414065
vn 0.03678698952560518 0.969037724084959 0.24415693048096315
vn -0.03678698952560518 -0.969037724084959 -0.24415693048096315
vn -0.0240429890318674 -0.9843515509502448 -0.17456792036414065
vn -0.7317169273924646 0.55413994501325 0.3968869606173059
vn 0.7317169273924646 -0.55413994501325 -0.3968869606173059
vn -0.7436660628100384 0.5344000451354296 0.4017180339291067
vn 0.7436660628100384 -0.5344000451354296 -0.4017180339291067
vn -0.6876020168321538 0.5220690127799884 0.5046260123529928
vn 0.6876020168321538 -0.5220690127799884 -0.5046260123529928
vn -0.5672590784737753 0.4511190624071385 0.6889910953140013
vn 0.5672590784737753 -0.4511190624071385 -0.6889910953140013
vn -0.636965837280728 0.7588798061365895 0.13555796537036677
vn 0.636965837280728 -0.7588798061365895 -0.13555796537036677
vn -0.6080478376983728 0.7613537967775683 0.22498493994646554
vn 0.6080478376983728 -0.7613537967775683 -0.22498493994646554
vn 0.08162200865985071 -0.8659990918799106 0.4933390523417961
vn -0.08162200865985071 0.8659990918799106 -0.4933390523417961
vn 0.3536871331740181 -0.4522811702976874 0.8187473082833913
vn -0.3536871331740181 0.4522811702976874 -0.8187473082833913
vn 0.35942188416122084 -0.768879752196247 0.5288098295688497
vn -0.35942188416122084 0.768879752196247 -0.5288098295688497
vn 0.027531004797360595 0.9851871716718352 0.1692580294937222
vn -0.027531004797360595 -0.9851871716718352 -0.1692580294937222
vn -0.24787399297661444 0.9687919725497641 -0.0007729999780972173
vn 0.24787399297661444 -0.9687919725497641 0.0007729999780972173
vn -0.43426097835513056 0.9007869551020768 0.0005139999743808999
vn 0.43426097835513056 -0.9007869551020768 -0.0005139999743808999
vn -0.7570632596345109 0.573864196806473 0.31230610710524176
vn 0.7570632596345109 -0.573864196806473 -0.31230610710524176
vn 0.12939302335764252 -0.8876141602294599 0.44203907979557555
vn -0.12939302335764252 0.8876141602294599 -0.44203907979557555
vn -0.3903268461763187 0.16113093650000215 0.9064666427710846
vn 0.3903268461763187 -0.16113093650000215 -0.9064666427710846
vn -0.014850996001020866 0.0014049996216706632 0.9998887307564981
vn 0.014850996001020866 -0.0014049996216706632 -0.9998887307564981
vn 0.3358269661368896 -0.27999497176670873 0.8993459093144598
vn -0.3358269661368896 0.27999497176670873 -0.8993459093144598
vn -0.42287307026755533 0.5472090909281007 -0.7223161200251126
vn 0.42287307026755533 -0.5472090909281007 0.7223161200251126
vn 0.45482295786406607 -0.3520839673820627 0.8180299242156662
vn -0.45482295786406607 0.3520839673820627 -0.8180299242156662
vn 0.07693397175488993 -0.905852667430295 0.4165478470709422
vn -0.07693397175488993 0.905852667430295 -0.4165478470709422
vn 0.19958705776359648 -0.8885502571602543 0.4130901195547006
vn -0.19958705776359648 0.8885502571602543 -0.4130901195547006
vn 0.3694130247392217 -0.8316180556926316 0.4146630277695691
vn -0.3694130247392217 0.8316180556926316 -0.4146630277695691
vn -0.10512500438649856 0.9944410414945448 -0.005979000249482537
vn 0.10512500438649856 -0.9944410414945448 0.005979000249482537
vn 0.026207005825582184 0.999312222138138 0.026235005831806556
vn -0.026207005825582184 -0.999312222138138 -0.026235005831806556
vn -0.7997538908064096 0.5769939212207172 0.1657459773700404
vn -0.7906392646068447 0.5694971905962194 0.22486107525528065
vn 0.7906392646068447 -0.5694971905962194 -0.22486107525528065
vn 0.7997538908064096 -0.5769939212207172 -0.1657459773700404
vn -0.845370104699094 0.35818604436134427 0.3962980490815165
vn 0.845370104699094 -0.35818604436134427 -0.3962980490815165
vn -0.8512341607547352 0.33579506341456783 0.403289076160746
vn 0.8512341607547352 -0.33579506341456783 -0.403289076160746
vn -0.793458697920413 0.3373698715590971 0.5065618071456248
vn 0.793458697920413 -0.3373698715590971 -0.5065618071456248
vn -0.6601710573932937 0.2984620259473941 0.6892710599231608
vn 0.6601710573932937 -0.2984620259473941 -0.6892710599231608
vn 0.11078997514449343 -0.8982997984682595 0.4251859046104031
vn -0.11078997514449343 0.8982997984682595 -0.4251859046104031
vn 0.05203600029210409 -0.9073210050932466 0.41720600234198574
vn -0.05203600029210409 0.9073210050932466 -0.41720600234198574
vn 0.10334097153711015 -0.9466767392597016 0.3051619159501803
vn 0.06162298852968284 -0.9341918261123523 0.351408934589801
vn 0.5450441033768898 -0.4273910810619921 0.7212931368055183
vn 0.5376868927398097 -0.6531178697131214 0.5332258936297097
vn -0.5376868927398097 0.6531178697131214 -0.5332258936297097
vn -0.5450441033768898 0.4273910810619921 -0.7212931368055183
vn 0.5619656614346167 -0.7164785683457946 0.41334375097431186
vn -0.5619656614346167 0.7164785683457946 -0.41334375097431186
vn 0.07809002369345387 0.9939263015692127 0.0775400235265774
vn -0.07809002369345387 -0.9939263015692127 -0.0775400235265774
vn -0.08723499117400021 0.9952648993040789 -0.04286999566262819
vn -0.23555293822825224 0.9715927452080945 -0.02285499400647266
vn -0.23521907153895127 0.9709422953000073 -0.044080013406386905
vn -0.08744000197220927 0.9959070224626831 -0.02287900051603564
vn 0.23521907153895127 -0.9709422953000073 0.044080013406386905
vn 0.23555293822825224 -0.9715927452080945 0.02285499400647266
vn 0.08723499117400021 -0.9952648993040789 0.04286999566262819
vn 0.08744000197220927 -0.9959070224626831 0.02287900051603564
vn -0.08668601032577809 0.9916811181260867 -0.09515301133434169
vn -0.22229706471179644 0.9714592827966957 -0.08277002409477115
vn 0.22229706471179644 -0.9714592827966957 0.08277002409477115
vn 0.08668601032577809 -0.9916811181260867 0.09515301133434169
vn -0.2318779627556487 0.9586808460162157 -0.16481397352749907
vn 0.2318779627556487 -0.9586808460162157 0.16481397352749907
vn -0.4095100779952969 0.9080421729457288 -0.08809601677876874
vn 0.4095100779952969 -0.9080421729457288 0.08809601677876874
vn -0.4055039854971502 0.8986669678591764 -0.16722499401919802
vn -0.4337949809446883 0.9002229604559069 -0.03768999834439128
vn 0.4337949809446883 -0.9002229604559069 0.03768999834439128
vn 0.4055039854971502 -0.8986669678591764 0.16722499401919802
vn -0.8967200255080983 0.38083201083314755 0.2255220064151992
vn 0.8967200255080983 -0.38083201083314755 -0.2255220064151992
vn -0.8740930750627461 0.3720240319475651 0.3123450268226304
vn 0.8740930750627461 -0.3720240319475651 -0.3123450268226304
vn -0.06162298852968284 0.9341918261123523 -0.351408934589801
vn 0.06182800140816366 -0.9820470223666122 0.17821600405895843
vn -0.10334097153711015 0.9466767392597016 -0.3051619159501803
vn -0.06182800140816366 0.9820470223666122 -0.17821600405895843
vn -0.4191260151103313 0.06145200221546741 0.9058460326575617
vn 0.4191260151103313 -0.06145200221546741 -0.9058460326575617
vn -0.015451997651845083 -0.0012349998123241074 0.9998798480537705
vn 0.015451997651845083 0.0012349998123241074 -0.9998798480537705
vn 0.39530105139981314 -0.18892402456522595 0.8989131168829834
vn -0.39530105139981314 0.18892402456522595 -0.8989131168829834
vn 0.6778321499808861 -0.5272531166629375 0.5123941133751522
vn -0.6778321499808861 0.5272531166629375 -0.5123941133751522
vn 0.5289098865303298 -0.22995295066704924 0.8169308247397644
vn -0.5289098865303298 0.22995295066704924 -0.8169308247397644
vn -0.10328297559294472 0.9037057864430518 -0.4155099018098277
vn -0.38952784487563047 0.822086672614735 -0.4152608346278037
vn -0.21034096269582325 0.8859748428714898 -0.4132859267033339
vn 0.4074932646211183 -0.8579205571230668 0.31292420320913183
vn 0.21034096269582325 -0.8859748428714898 0.4132859267033339
vn 0.38952784487563047 -0.822086672614735 0.4152608346278037
vn 0.5610009890012952 -0.7161269859599726 0.4152589918586398
vn -0.5610009890012952 0.7161269859599726 -0.4152589918586398
vn 0.0006469998993704959 0.995169845218758 -0.09816598473199994
vn -0.0006469998993704959 -0.995169845218758 0.09816598473199994
vn 0.0003519998697667603 0.9991526303325792 -0.04115698477270022
vn -0.0003519998697667603 -0.9991526303325792 0.04115698477270022
vn 0.05417902151663378 -0.997556396169127 0.04411201751862783
vn -0.05417902151663378 0.997556396169127 -0.04411201751862783
vn -0.43392994728315565 0.9005068906001259 -0.028144996580748805
vn 0.43392994728315565 -0.9005068906001259 0.028144996580748805
vn -0.08561899408402737 0.9825659321081355 -0.16502598859728196
vn 0.08561899408402737 -0.9825659321081355 0.16502598859728196
vn -0.6199760040459634 0.7801260050911024 -0.08386400054729631
vn 0.6199760040459634 -0.7801260050911024 0.08386400054729631
vn -0.6218673626178053 0.781867455915647 -0.04432002584350195
vn 0.6218673626178053 -0.781867455915647 0.04432002584350195
vn -0.6222321728707441 0.7823522173558615 -0.027425007619312488
vn -0.6130331083759871 0.7717271364309514 -0.16919702991175317
vn 0.6130331083759871 -0.7717271364309514 0.16919702991175317
vn -0.909344996178023 0.38746499837148457 0.1515339993631027
vn 0.909344996178023 -0.38746499837148457 -0.1515339993631027
vn -0.9036110258134565 0.16295600465516416 0.3961470113167319
vn 0.9036110258134565 -0.16295600465516416 -0.3961470113167319
vn -0.9066070193701126 0.1172060025041648 0.4053720086609758
vn 0.9066070193701126 -0.1172060025041648 -0.4053720086609758
vn -0.9384150474335974 0.14671900741613242 0.3128110158115025
vn 0.9384150474335974 -0.14671900741613242 -0.3128110158115025
vn -0.8504097677913927 0.13277696374459103 0.509090860990214
vn 0.8504097677913927 -0.13277696374459103 -0.509090860990214
vn -0.6946537716253163 0.10917796410660369 0.7110107662477834
vn 0.6946537716253163 -0.10917796410660369 -0.7110107662477834
vn 0.08025100317485012 -0.9401240371927179 0.3312500131047474
vn -0.08025100317485012 0.9401240371927179 -0.3312500131047474
vn 0.10562895290798258 -0.9856595605684244 0.1315969413308065
vn -0.10562895290798258 0.9856595605684244 -0.1315969413308065
vn 0.08473603145766438 -0.9831733649962974 0.16183306007940168
vn -0.08473603145766438 0.9831733649962974 -0.16183306007940168
vn 0.6347390803992308 -0.2811050356061717 0.7197820911712043
vn -0.6347390803992308 0.2811050356061717 -0.7197820911712043
vn 0.10328297559294472 -0.9037057864430518 0.4155099018098277
vn -0.4074932646211183 0.8579205571230668 -0.31292420320913183
vn 0.23150198533145594 -0.9216949415991064 0.31126398027753643
vn 0.3775069244316152 -0.9087408180905532 0.17798496437141817
vn -0.3775069244316152 0.9087408180905532 -0.17798496437141817
vn -0.23150198533145594 0.9216949415991064 -0.31126398027753643
vn 0.7202818716238133 -0.5577439005930347 0.4124509264886716
vn -0.7202818716238133 0.5577439005930347 -0.4124509264886716
vn 0.5928321232637428 -0.7287951515336545 0.34264807124459346
vn -0.5928321232637428 0.7287951515336545 -0.34264807124459346
vn 0.6089679152593802 -0.7764818919490581 0.16196897746128935
vn -0.6089679152593802 0.7764818919490581 -0.16196897746128935
vn -0.16229999952665206 0.9830919971328123 -0.0847869997527185
vn -0.11786499884663205 0.9818649903919602 -0.1484889985469607
vn -0.21282397107711787 0.9735568676931438 -0.08302398871699895
vn 0.11786499884663205 -0.9818649903919602 0.1484889985469607
vn 0.16229999952665206 -0.9830919971328123 0.0847869997527185
vn 0.21282397107711787 -0.9735568676931438 0.08302398871699895
vn -0.2212460517499 0.9177722146687817 -0.3297640771324859
vn 0.2212460517499 -0.9177722146687817 0.3297640771324859
vn -0.38729605717729565 0.8598761269452417 -0.33258804910064227
vn 0.38729605717729565 -0.8598761269452417 0.33258804910064227
vn 0.6222321728707441 -0.7823522173558615 0.027425007619312488
vn -0.622660001805714 0.7823540022688266 0.014722000042693974
vn 0.622660001805714 -0.7823540022688266 -0.014722000042693974
vn -0.5864318726466565 0.7380528397196655 -0.33372992752504743
vn 0.5864318726466565 -0.7380528397196655 0.33372992752504743
vn -0.962468817780127 0.1496269716718014 0.2264189571331218
vn -0.795135038658274 0.6053430294308708 0.03633300176645622
vn 0.795135038658274 -0.6053430294308708 -0.03633300176645622
vn 0.06394200668609627 -0.9943591039751651 0.0846250088488143
vn -0.06394200668609627 0.9943591039751651 -0.0846250088488143
vn 0.08583402880500364 -0.9924713330630143 0.08736802931979798
vn -0.08583402880500364 0.9924713330630143 -0.08736802931979798
vn -0.4810202584183424 -0.018679010034918113 0.8765104708874085
vn 0.4810202584183424 0.018679010034918113 -0.8765104708874085
vn -0.012938001966020112 -0.00378100057454977 0.9999091519432065
vn 0.012938001966020112 0.00378100057454977 -0.9999091519432065
vn 0.4582139476671589 -0.07504899142861785 0.8856678988474321
vn -0.4582139476671589 0.07504899142861785 -0.8856678988474321
vn 0.5711887866067651 -0.0931619651951623 0.8155146953278444
vn -0.5711887866067651 0.0931619651951623 -0.8155146953278444
vn 0.7875728111203733 -0.3457639170771787 0.510074877671307
vn -0.7875728111203733 0.3457639170771787 -0.510074877671307
vn 0.22883705863801637 -0.9601122460225539 0.16068004117322118
vn -0.22883705863801637 0.9601122460225539 -0.16068004117322118
vn 0.7190699555093456 -0.5574859655069508 0.41490697432866896
vn -0.7190699555093456 0.5574859655069508 -0.41490697432866896
vn 0.7760071157224578 -0.60178408974136 0.18886202816414638
vn -0.7760071157224578 0.60178408974136 -0.18886202816414638
vn -0.2120270389532931 0.9593971762590263 -0.18601503417440599
vn 0.2120270389532931 -0.9593971762590263 0.18601503417440599
vn -0.08110195129650863 0.9399474355410558 -0.33154380090071317
vn 0.08110195129650863 -0.9399474355410558 0.33154380090071317
vn -0.7935010588341382 0.6049050448506863 -0.06667800494384073
vn 0.7935010588341382 -0.6049050448506863 0.06667800494384073
vn -0.7935320852963719 0.6049540650262135 -0.065859007079152
vn 0.7935320852963719 -0.6049540650262135 0.065859007079152
vn -0.7953247748209215 0.6061138283919254 -0.009193997396917543
vn 0.7953247748209215 -0.6061138283919254 0.009193997396917543
vn -0.7869310780411394 0.5996360594668104 -0.1455200144314387
vn 0.7869310780411394 -0.5996360594668104 0.1455200144314387
vn -0.7392181938980665 0.5938571557696432 -0.31763208331538273
vn 0.7392181938980665 -0.5938571557696432 0.31763208331538273
vn 0.962468817780127 -0.1496269716718014 -0.2264189571331218
vn -0.9763509680020503 0.15294399498756653 0.1527969949923842
vn 0.9763509680020503 -0.15294399498756653 -0.1527969949923842
vn -0.9195863260154806 0.392416139120964 0.01925000682459072
vn 0.9195863260154806 -0.392416139120964 -0.01925000682459072
vn -0.8539973323083605 -0.027630010751419614 0.5195432021652097
vn 0.8539973323083605 0.027630010751419614 -0.5195432021652097
vn 0.9059701052465533 0.048398005622396725 -0.42056604885716076
vn -0.9172645899397086 -0.0297619866949962 0.39716482244869733
vn 0.9172645899397086 0.0297619866949962 -0.39716482244869733
vn -0.9059701052465533 -0.048398005622396725 0.42056604885716076
vn -0.9570628103034703 -0.030825993890072897 0.28823694286942597
vn 0.9570628103034703 0.030825993890072897 -0.28823694286942597
vn -0.7245889819628066 -0.01615099959795332 0.6889919828489227
vn 0.7245889819628066 0.01615099959795332 -0.6889919828489227
vn 0.11430900546619961 -0.9902440473529764 0.07968800381064037
vn -0.11430900546619961 0.9902440473529764 -0.07968800381064037
vn 0.23115505165830552 -0.9690362165592687 0.08681101940044174
vn -0.23115505165830552 0.9690362165592687 -0.08681101940044174
vn 0.45794008445102846 0.019591003612875066 0.8887671639020116
vn -0.45794008445102846 -0.019591003612875066 -0.8887671639020116
vn 0.7228229837415429 -0.11860399733224049 0.6807789846872385
vn -0.7228229837415429 0.11860399733224049 -0.6807789846872385
vn 0.63322305270379 -0.7688000639880007 0.08930300743277875
vn -0.63322305270379 0.7688000639880007 -0.08930300743277875
vn 0.4045967818944761 -0.9103045092831907 0.087447952859532
vn -0.4045967818944761 0.9103045092831907 -0.087447952859532
vn 0.8355297246858989 -0.3649658797406603 0.4107188646646652
vn -0.8355297246858989 0.3649658797406603 -0.4107188646646652
vn 0.754882827076746 -0.5564638725291661 0.3471309204816877
vn -0.754882827076746 0.5564638725291661 -0.3471309204816877
vn 0.7871083210076327 -0.6109372491595055 0.08494803464449131
vn -0.7871083210076327 0.6109372491595055 -0.08494803464449131
vn -0.10948802556584017 0.9380552190392025 -0.32873207676009925
vn 0.10948802556584017 -0.9380552190392025 0.32873207676009925
vn -0.2128869254668102 0.8849926901579186 -0.4140858550256687
vn 0.2128869254668102 -0.8849926901579186 0.4140858550256687
vn -0.37295481481212983 0.8289275884023252 -0.4168737930044959
vn 0.37295481481212983 -0.8289275884023252 0.4168737930044959
vn -0.5649461418272044 0.7115521786319949 -0.4177671048785647
vn 0.5649461418272044 -0.7115521786319949 0.4177671048785647
vn 0.7222269674438146 -0.5507149751751463 0.4184509811372763
vn 0.5630402591953614 -0.7091513264575338 0.42437019535865206
vn -0.7222269674438146 0.5507149751751463 -0.4184509811372763
vn -0.9724515703491111 -0.030914986341066524 0.23104589791874636
vn 0.9724515703491111 0.030914986341066524 -0.23104589791874636
vn -0.9172342565059717 0.39170510954093685 -0.07244602025964099
vn 0.9172342565059717 -0.39170510954093685 0.07244602025964099
vn -0.9189682495320776 0.3926051066060421 -0.036859010008512556
vn 0.9189682495320776 -0.3926051066060421 0.036859010008512556
vn -0.9192067408338326 0.3923808893699896 -0.0331089906650703
vn 0.9192067408338326 -0.3923808893699896 0.0331089906650703
vn 0.08649297613287198 -0.9961587251170108 0.013665996228964299
vn 0.0895709606949723 -0.995861563001602 0.015387993247526698
vn -0.08649297613287198 0.9961587251170108 -0.013665996228964299
vn -0.0895709606949723 0.995861563001602 -0.015387993247526698
vn 0.118954014968401 -0.9928561249345691 -0.009309001171384492
vn 0.1247209990339735 -0.9895449923354793 0.07242499943903195
vn -0.1247209990339735 0.9895449923354793 -0.07242499943903195
vn -0.118954014968401 0.9928561249345691 0.009309001171384492
vn 0.11235699212371894 -0.9893359306470589 -0.09268399350280615
vn 0.14609898706651472 -0.9766349135429099 -0.15760498604794065
vn -0.11235699212371894 0.9893359306470589 0.09268399350280615
vn -0.14609898706651472 0.9766349135429099 0.15760498604794065
vn 0.23222909330397878 -0.9725623907518193 0.013858005567808019
vn -0.23222909330397878 0.9725623907518193 -0.013858005567808019
vn -0.6800793642434642 -0.1250420669712362 0.7223963869080232
vn 0.6800793642434642 0.1250420669712362 -0.7223963869080232
vn -0.3756108958374788 -0.07105298029594571 0.9240497437471809
vn 0.3756108958374788 0.07105298029594571 -0.9240497437471809
vn 0.439493166093069 0.08871403352676933 0.8938543378050482
vn -0.439493166093069 -0.08871403352676933 -0.8938543378050482
vn 0.5941641360653853 0.015873003634965695 0.8041871841612989
vn 0.7144949488685999 0.02012999855943681 0.6993509499523498
vn -0.7144949488685999 -0.02012999855943681 -0.6993509499523498
vn -0.5941641360653853 -0.015873003634965695 -0.8041871841612989
vn 0.868998973721037 -0.1438719956492391 0.4734359856830593
vn -0.868998973721037 0.1438719956492391 -0.4734359856830593
vn 0.8338663087740804 -0.36492213512777244 0.41412415334688935
vn -0.8338663087740804 0.36492213512777244 -0.41412415334688935
vn 0.8644197286219519 -0.3798188807587298 0.32941789658173815
vn -0.8644197286219519 0.3798188807587298 -0.32941789658173815
vn 0.9036141295719503 -0.3968930569116903 0.16111302310248132
vn -0.9036141295719503 0.3968930569116903 -0.16111302310248132
vn -0.17582905356931844 0.9302632834205671 -0.3220160981076933
vn 0.17582905356931844 -0.9302632834205671 0.3220160981076933
vn -0.10430997833330725 0.903472812335616 -0.4157599136406462
vn -0.22340992604685853 0.8799217087283643 -0.4193158611980864
vn -0.09368101798179207 0.9037281734679283 -0.4177310801822351
vn 0.22340992604685853 -0.8799217087283643 0.4193158611980864
vn 0.10430997833330725 -0.903472812335616 0.4157599136406462
vn 0.09368101798179207 -0.9037281734679283 0.4177310801822351
vn -0.19865899142339488 0.8319919640808278 -0.5179999776366462
vn 0.19865899142339488 -0.8319919640808278 0.5179999776366462
vn -0.07274596765784105 0.8522836210828831 -0.5179967697036082
vn 0.07274596765784105 -0.8522836210828831 0.5179967697036082
vn -0.3921868848747334 0.8165647602998996 -0.42356987566235177
vn 0.3921868848747334 -0.8165647602998996 0.42356987566235177
vn -0.5630402591953614 0.7091513264575338 -0.42437019535865206
vn -0.9176607000543902 0.36446088087270045 -0.15832594824974724
vn 0.9176607000543902 -0.36446088087270045 0.15832594824974724
vn -0.704995987838467 0.5657189902410649 -0.4277179926216508
vn 0.704995987838467 -0.5657189902410649 0.4277179926216508
vn -0.8809972981026658 0.3494161182317773 -0.31898610793518806
vn 0.8809972981026658 -0.3494161182317773 0.31898610793518806
vn -0.9904366947063545 -0.030664990547778805 0.1345169585362973
vn 0.9904366947063545 0.030664990547778805 -0.1345169585362973
vn -0.9903420192458118 0.13763500267472986 0.016712000324772693
vn 0.9903420192458118 -0.13763500267472986 -0.016712000324772693
vn -0.9850255902117092 0.15506793548896108 -0.07535596865056714
vn 0.9850255902117092 -0.15506793548896108 0.07535596865056714
vn -0.9834062166812911 0.1800050396618648 -0.022592004977866405
vn 0.9834062166812911 -0.1800050396618648 0.022592004977866405
vn -0.92405528617396 -0.16011804958752696 0.34710810749714127
vn 0.92405528617396 0.16011804958752696 -0.34710810749714127
vn -0.95414486069009 -0.1646119759658303 0.25002096349569186
vn 0.95414486069009 0.1646119759658303 -0.25002096349569186
vn -0.9000137235851277 -0.15569495218250665 0.40710487496874864
vn 0.9000137235851277 0.15569495218250665 -0.40710487496874864
vn 0.11552697388270444 -0.9909977759641672 -0.06765298470562406
vn 0.07497603791700395 -0.9861344987095441 -0.1480450748695965
vn -0.07497603791700395 0.9861344987095441 0.1480450748695965
vn -0.11552697388270444 0.9909977759641672 0.06765298470562406
vn -0.24405299396969463 0.9674969760941174 0.0662399983632761
vn 0.24221893783681864 -0.9568537544326055 -0.16050195880870255
vn 0.24405299396969463 -0.9674969760941174 -0.0662399983632761
vn -0.24221893783681864 0.9568537544326055 0.16050195880870255
vn -0.4062169326254745 0.9136678484604337 -0.014101997661063811
vn -0.007603999450987458 -0.0045079996745204035 0.9999609278023237
vn 0.007603999450987458 0.0045079996745204035 -0.9999609278023237
vn 0.6262372207067013 0.11780204151733403 0.7706812716135604
vn 0.7470090271709598 0.14247800518235243 0.6493670236194272
vn -0.7470090271709598 -0.14247800518235243 -0.6493670236194272
vn -0.6262372207067013 -0.11780204151733403 -0.7706812716135604
vn 0.8760971586708469 0.02074500375714861 0.4816880872390191
vn -0.8760971586708469 -0.02074500375714861 -0.4816880872390191
vn 0.6164700631508883 -0.7872450806449965 0.014486001483938651
vn 0.4062169326254745 -0.9136678484604337 0.014101997661063811
vn -0.6164700631508883 0.7872450806449965 -0.014486001483938651
vn 0.7890959403550019 -0.6128809536744755 0.04128599687933597
vn -0.7890959403550019 0.6128809536744755 -0.04128599687933597
vn 0.8996412162656776 -0.14993603604327804 0.4100790985793364
vn -0.8996412162656776 0.14993603604327804 -0.4100790985793364
vn 0.9120889761643792 -0.4006559895296572 0.08699699772650742
vn -0.9120889761643792 0.4006559895296572 -0.08699699772650742
vn -0.07465302033776243 0.9042592463478324 -0.4204071145317358
vn 0.07465302033776243 -0.9042592463478324 0.4204071145317358
vn -0.13451394822047977 0.8982916542134738 -0.4183038389789876
vn 0.13451394822047977 -0.8982916542134738 0.4183038389789876
vn -0.3334299439882754 0.7967278661604856 -0.5040329153292815
vn 0.3334299439882754 -0.7967278661604856 0.5040329153292815
vn -0.14767209451578225 0.651414416930114 -0.7442124763244171
vn 0.14767209451578225 -0.651414416930114 0.7442124763244171
vn -0.2958651090341532 0.6596692431056422 -0.6908692546036752
vn 0.2958651090341532 -0.6596692431056422 0.6908692546036752
vn -0.5225631182056197 0.6809681540373974 -0.5130401160514829
vn 0.5225631182056197 -0.6809681540373974 0.5130401160514829
vn -0.8352238908675654 0.35628495344692046 -0.41888194526784134
vn 0.8352238908675654 -0.35628495344692046 0.41888194526784134
vn -0.4547880292874405 0.5413880348643079 -0.7071540455393076
vn -0.6757232788322005 0.5120152112792805 -0.5303192188322933
vn -0.8211151235010611 0.37450105632739744 -0.43071906478295185
vn 0.8211151235010611 -0.37450105632739744 0.43071906478295185
vn -0.9658560718089869 -0.18538001378254107 0.18098701345593243
vn 0.9658560718089869 0.18538001378254107 -0.18098701345593243
vn -0.9894731348112711 0.13748601873185262 -0.04517200615448295
vn 0.9894731348112711 -0.13748601873185262 0.04517200615448295
vn -0.8253629142336552 -0.15935698344065904 0.5416469437155732
vn 0.8253629142336552 0.15935698344065904 -0.5416469437155732
vn 0.08651199761931963 -0.9852529728873164 -0.14762199593766437
vn -0.08651199761931963 0.9852529728873164 0.14762199593766437
vn 0.11960200535619654 -0.9330900417870388 -0.33917301518935533
vn -0.11960200535619654 0.9330900417870388 0.33917301518935533
vn 0.40291301072373137 -0.9038760240571125 -0.14376800382645755
vn -0.40291301072373137 0.9038760240571125 0.14376800382645755
vn 0.42821482230951297 -0.9013176259924701 -0.06525797292078576
vn -0.42821482230951297 0.9013176259924701 0.06525797292078576
vn -0.649913826596515 -0.2249319399859172 0.7259598063066899
vn -0.39621603583655346 -0.13494101220501048 0.9081870821428008
vn 0.39621603583655346 0.13494101220501048 -0.9081870821428008
vn 0.7335259551298519 0.23989698532538176 0.6359159611007039
vn -0.7335259551298519 -0.23989698532538176 -0.6359159611007039
vn 0.6180832412014693 0.2023500789653124 0.7596232964362127
vn -0.6180832412014693 -0.2023500789653124 -0.7596232964362127
vn 0.8996133554422548 0.16602806559861474 0.4038941595808354
vn -0.8996133554422548 -0.16602806559861474 -0.4038941595808354
vn 0.9187248246696526 0.01862399644577815 0.3944589247210716
vn -0.9187248246696526 -0.01862399644577815 -0.3944589247210716
vn 0.6348788914871439 -0.7699738683968477 -0.06378898909725086
vn -0.6348788914871439 0.7699738683968477 0.06378898909725086
vn 0.7853752848988632 -0.6086522207916764 -0.11281904092567877
vn 0.7882859521147829 -0.6120199628222364 -0.06353599614044263
vn -0.7882859521147829 0.6120199628222364 0.06353599614044263
vn -0.7853752848988632 0.6086522207916764 0.11281904092567877
vn 0.898317242584765 -0.1501320405421872 0.4129001115010062
vn -0.898317242584765 0.1501320405421872 -0.4129001115010062
vn 0.9410322170731024 -0.15776503639253292 0.2992800690365875
vn -0.9410322170731024 0.15776503639253292 -0.2992800690365875
vn 0.9773049582251003 -0.16492699295019583 0.13294399431730905
vn -0.9773049582251003 0.16492699295019583 -0.13294399431730905
vn 0.924697028268451 -0.3795530116031255 0.02957900090424478
vn 0.11880296655203931 -0.8932847485033075 0.4335068779498403
vn -0.03917399401223589 0.8414718713806136 -0.5388789176320941
vn -0.05707201519097445 0.6865341827362009 -0.7248541929359159
vn 0.05707201519097445 -0.6865341827362009 0.7248541929359159
vn 0.03917399401223589 -0.8414718713806136 0.5388789176320941
vn -0.11880296655203931 0.8932847485033075 -0.4335068779498403
vn 0.4547880292874405 -0.5413880348643079 0.7071540455393076
vn -0.9678225745075447 0.15138193344661285 -0.20100491163042106
vn 0.9678225745075447 -0.15138193344661285 0.20100491163042106
vn 0.6757232788322005 -0.5120152112792805 0.5303192188322933
vn -0.5730470564766554 0.4117160405766766 -0.7085950698355904
vn 0.5730470564766554 -0.4117160405766766 0.7085950698355904
vn -0.7788826188418111 0.3291908389054001 -0.5338307387617175
vn 0.7788826188418111 -0.3291908389054001 0.5338307387617175
vn -0.8970899825942118 0.14016099728052636 -0.4190279918698094
vn 0.8970899825942118 -0.14016099728052636 0.4190279918698094
vn -0.9303598140164401 0.14528897095601126 -0.3366329327054003
vn 0.9303598140164401 -0.14528897095601126 0.3366329327054003
vn -0.9779047785153498 -0.18636695778993892 0.09470797854968704
vn 0.9779047785153498 0.18636695778993892 -0.09470797854968704
vn -0.9982917779629623 -0.04263899051636471 0.03994299111600073
vn 0.9982917779629623 0.04263899051636471 -0.03994299111600073
vn -0.9985892989002901 -0.017547005252214257 -0.050115015000553834
vn 0.9985892989002901 0.017547005252214257 0.050115015000553834
vn -0.9993998057721634 -0.030059994158006035 -0.01721699665397173
vn 0.9993998057721634 0.030059994158006035 0.01721699665397173
vn -0.8740007673571959 -0.16859095512421277 0.45574087869022545
vn 0.8740007673571959 0.16859095512421277 -0.45574087869022545
vn -0.7713490168269791 -0.25901300565036894 0.5813200126814961
vn 0.7713490168269791 0.25901300565036894 -0.5813200126814961
vn 0.8944180549780909 0.2977840183041887 -0.33367802051052114
vn -0.8657989115486889 -0.2883909705375475 0.4089289582232063
vn 0.8657989115486889 0.2883909705375475 -0.4089289582232063
vn -0.917462130862679 -0.3051370435233779 0.25525403640828964
vn 0.917462130862679 0.3051370435233779 -0.25525403640828964
vn -0.8944180549780909 -0.2977840183041887 0.33367802051052114
vn -0.9325488213623638 -0.30959594069427177 0.18574996441801883
vn 0.9325488213623638 0.30959594069427177 -0.18574996441801883
vn 0.08407100992084215 -0.9453981115621833 -0.3148880371585227
vn -0.08407100992084215 0.9453981115621833 0.3148880371585227
vn 0.16725793202187425 -0.9269866232476841 -0.33573886354668886
vn -0.16725793202187425 0.9269866232476841 0.33573886354668886
vn 0.22315507034139023 -0.9238822912197543 -0.3108750979918879
vn -0.22315507034139023 0.9238822912197543 0.3108750979918879
vn 0.3877680549711667 -0.8679011230362756 -0.31045704401132523
vn -0.3877680549711667 0.8679011230362756 0.31045704401132523
vn 0.6111887277616272 -0.7787376531312475 -0.14147793698227487
vn -0.6111887277616272 0.7787376531312475 0.14147793698227487
vn 0.649913826596515 0.2249319399859172 -0.7259598063066899
vn -0.007345000369229505 -0.005094000256073073 0.9999600502674929
vn 0.007345000369229505 0.005094000256073073 -0.9999600502674929
vn 0.47027502275896027 0.15883900768701378 0.8681080420120897
vn -0.47027502275896027 -0.15883900768701378 -0.8681080420120897
vn 0.879322710357302 0.28382890650876025 0.3824038740388615
vn -0.879322710357302 -0.28382890650876025 -0.3824038740388615
vn 0.9329739715251684 0.1495379954360256 0.3274109900072531
vn -0.9329739715251684 -0.1495379954360256 -0.3274109900072531
vn -0.924697028268451 0.3795530116031255 -0.02957900090424478
vn 0.903590899948096 -0.42388295306471485 -0.062021993132491245
vn -0.903590899948096 0.42388295306471485 0.062021993132491245
vn 0.9486487719519776 0.018327995594087782 0.3157999240840759
vn -0.9486487719519776 -0.018327995594087782 -0.3157999240840759
vn 0.9166264753254472 0.017878989766113792 0.39934477141611663
vn -0.9166264753254472 -0.017878989766113792 -0.39934477141611663
vn 0.9820948423590591 -0.16638297329303922 0.08835398581786107
vn -0.9820948423590591 0.16638297329303922 -0.08835398581786107
vn -0.09283398321060433 0.866145843354074 -0.4910939111837097
vn 0.09283398321060433 -0.866145843354074 0.4910939111837097
vn -0.016832001713018147 0.7271680740049895 -0.6862530698410076
vn 0.016832001713018147 -0.7271680740049895 0.6862530698410076
vn 0.006270999719375904 0.668186970098968 -0.7439669667078509
vn -0.006270999719375904 -0.668186970098968 0.7439669667078509
vn -0.04433701268672764 0.4332631239752281 -0.9001762575791717
vn 0.04433701268672764 -0.4332631239752281 0.9001762575791717
vn -0.0906989717221511 0.38921287865239546 -0.9166717142028875
vn -0.16066197494886386 0.36298194340222667 -0.9178408568861345
vn 0.16066197494886386 -0.36298194340222667 0.9178408568861345
vn -0.24502305760725532 0.31128407318585166 -0.9181862158743274
vn 0.24502305760725532 -0.31128407318585166 0.9181862158743274
vn -0.8888636811095453 0.13864195026054565 -0.436691843331589
vn 0.8888636811095453 -0.13864195026054565 0.436691843331589
vn -0.6555851525300983 0.25718905983825674 -0.7099731651841507
vn 0.6555851525300983 -0.25718905983825674 0.7099731651841507
vn -0.9443800486270743 -0.31265301609881685 0.10195300524966225
vn 0.9443800486270743 0.31265301609881685 -0.10195300524966225
vn -0.9974085325960191 -0.04265998000874883 -0.05793397285107492
vn 0.9974085325960191 0.04265998000874883 0.05793397285107492
vn -0.9832652957716536 -0.03030000911441073 -0.17964205403732605
vn 0.9832652957716536 0.03030000911441073 0.17964205403732605
vn -0.8421868146401768 -0.27428693963123424 0.4642068978310903
vn 0.8421868146401768 0.27428693963123424 -0.4642068978310903
vn 0.15658701829703758 -0.8883621038042294 -0.4316170504340239
vn -0.15658701829703758 0.8883621038042294 0.4316170504340239
vn 0.10831494032227534 -0.9103364984365891 -0.39944377992051866
vn 0.12168796480462095 -0.9090467370796319 -0.3985298847346132
vn -0.10831494032227534 0.9103364984365891 0.39944377992051866
vn 0.5729729635491801 -0.76624395125386 -0.2908129814993513
vn -0.5729729635491801 0.76624395125386 0.2908129814993513
vn -0.6317609342469572 -0.27019397187848326 0.7265489243815184
vn 0.6317609342469572 0.27019397187848326 -0.7265489243815184
vn -0.3858699817302144 -0.16245499230824387 0.9081369570024406
vn 0.3858699817302144 0.16245499230824387 -0.9081369570024406
vn 0.7156360431396154 0.2928210176516905 0.6341300382263111
vn -0.7156360431396154 -0.2928210176516905 -0.6341300382263111
vn 0.6032590134933962 0.247170005528575 0.7582780169607838
vn -0.6032590134933962 -0.247170005528575 -0.7582780169607838
vn 0.8575088106496416 0.3468319234144906 0.3799819160944925
vn -0.8575088106496416 -0.3468319234144906 -0.3799819160944925
vn 0.9109979349583937 0.28413797971368543 0.2989119786588812
vn -0.9109979349583937 -0.28413797971368543 -0.2989119786588812
vn 0.9208867095666513 0.1465479537810541 0.36123588607181867
vn -0.9208867095666513 -0.1465479537810541 -0.36123588607181867
vn 0.7467504100388959 -0.5969643277917099 -0.2932531610246219
vn -0.7467504100388959 0.5969643277917099 0.2932531610246219
vn 0.9076103081260374 -0.3968861347394921 -0.1368390464557011
vn -0.9076103081260374 0.3968861347394921 0.1368390464557011
vn 0.9884700641017914 0.01712400111048291 0.15044500975628397
vn -0.9884700641017914 -0.01712400111048291 -0.15044500975628397
vn 0.9970927043650483 0.015963995266723978 0.07450697790890785
vn -0.9970927043650483 -0.015963995266723978 -0.07450697790890785
vn 0.9858228870005509 -0.16730398082286596 0.01275199853830859
vn -0.9858228870005509 0.16730398082286596 -0.01275199853830859
vn 0.05358801463593375 0.3681111005383337 -0.9282362535194558
vn -0.05358801463593375 -0.3681111005383337 0.9282362535194558
vn 0.0906989717221511 -0.38921287865239546 0.9166717142028875
vn -0.9411222708827918 -0.029279008427363494 -0.3367960969398662
vn 0.9411222708827918 0.029279008427363494 0.3367960969398662
vn -0.3141269252041891 0.2404659427433828 -0.9184227813171328
vn 0.3141269252041891 -0.2404659427433828 0.9184227813171328
vn -0.8144781476449469 0.12611802286210985 -0.5663211026601502
vn 0.8144781476449469 -0.12611802286210985 0.5663211026601502
vn -0.8912675668182211 -0.03958498076055597 -0.45174678043801747
vn 0.8912675668182211 0.03958498076055597 0.45174678043801747
vn -0.907207063926348 -0.04041000284749086 -0.4187390295064467
vn 0.907207063926348 0.04041000284749086 0.4187390295064467
vn -0.9841563795158692 -0.17331706683549344 0.03738201441546074
vn 0.9841563795158692 0.17331706683549344 -0.03738201441546074
vn -0.9819407268133266 -0.18677094803827501 0.03014999161194181
vn 0.9819407268133266 0.18677094803827501 -0.03014999161194181
vn -0.9802016278106512 -0.18650892918126746 -0.06647697475823218
vn 0.9802016278106512 0.18650892918126746 0.06647697475823218
vn -0.9686561405462043 -0.16591002407255076 -0.18487602682440424
vn 0.9686561405462043 0.16591002407255076 0.18487602682440424
vn -0.9436738647262486 -0.319783954159613 -0.08495798782144331
vn -0.9509657639032837 -0.30685892381599106 0.0387519903790251
vn 0.9509657639032837 0.30685892381599106 -0.0387519903790251
vn 0.9436738647262486 0.319783954159613 0.08495798782144331
vn -0.9464673887809624 -0.3129531285519395 0.07911903249977115
vn 0.9464673887809624 0.3129531285519395 -0.07911903249977115
vn -0.9336823082790738 -0.3024210998520543 -0.19177806332042846
vn 0.9336823082790738 0.3024210998520543 0.19177806332042846
vn -0.8197964769150882 -0.33332978731333057 0.46564470288757603
vn 0.8197964769150882 0.33332978731333057 -0.46564470288757603
vn -0.8429380556267486 -0.34937302305565077 0.40913802699963303
vn -0.7499618410658537 -0.31280093371029494 0.5828488764809306
vn 0.7499618410658537 0.31280093371029494 -0.5828488764809306
vn -0.8707473018929309 -0.36081612509695676 0.33408211582812697
vn 0.8707473018929309 0.36081612509695676 -0.33408211582812697
vn 0.8429380556267486 0.34937302305565077 -0.40913802699963303
vn -0.9079638135110615 -0.3753049229151916 0.18640796171320653
vn 0.9079638135110615 0.3753049229151916 -0.18640796171320653
vn -0.8931570960313631 -0.36983703976451093 0.2559120275154067
vn 0.8931570960313631 0.36983703976451093 -0.2559120275154067
vn -0.9169156534531696 -0.3859788541198987 0.10141996166848478
vn 0.9169156534531696 0.3859788541198987 -0.10141996166848478
vn 0.21621003677116843 -0.8924461517796686 -0.3959710673433994
vn -0.21621003677116843 0.8924461517796686 0.3959710673433994
vn -0.22751601552000547 0.8900550607151078 0.39501702694608753
vn 0.15340594251013664 -0.8855686681274475 -0.43844583568960416
vn 0.18845704595167562 -0.8376952042560842 -0.512592124985866
vn -0.15340594251013664 0.8855686681274475 0.43844583568960416
vn -0.18845704595167562 0.8376952042560842 0.512592124985866
vn 0.09803796942431502 -0.8592417320231672 -0.5020878434108764
vn -0.09803796942431502 0.8592417320231672 0.5020878434108764
vn 0.09121394719803991 -0.8481855090020903 -0.521786697947943
vn -0.12168796480462095 0.9090467370796319 0.3985298847346132
vn -0.09121394719803991 0.8481855090020903 0.521786697947943
vn 0.3970180416114631 -0.8281340867967381 -0.39569004147227554
vn -0.3970180416114631 0.8281340867967381 0.39569004147227554
vn 0.39762794109043076 -0.8285348772504955 -0.3942359415929641
vn 0.5696890242305838 -0.7215580306900282 -0.3934570167349078
vn -0.5696890242305838 0.7215580306900282 0.3934570167349078
vn -0.007176998095307494 -0.0050019986725274735 0.9999617346216904
vn 0.007176998095307494 0.0050019986725274735 -0.9999617346216904
vn 0.45865185532058833 0.19313093907782033 0.8673747263910226
vn -0.45865185532058833 -0.19313093907782033 -0.8673747263910226
vn -0.8887096950566504 -0.3492438801637933 -0.2970248980817158
vn -0.8709147898922678 -0.34879491585341105 -0.3461929164811421
vn 0.8887096950566504 0.3492438801637933 0.2970248980817158
vn -0.893443979707654 -0.2849919935271194 -0.34718499211456105
vn 0.893443979707654 0.2849919935271194 0.34718499211456105
vn 0.9840240977529586 -0.16673801656375536 -0.06241000619981035
vn -0.9840240977529586 0.16673801656375536 0.06241000619981035
vn 0.9461055075086332 0.16927709080338743 0.27609714810365776
vn -0.9461055075086332 -0.16927709080338743 -0.27609714810365776
vn 0.9792516551889057 0.15328894602436569 0.13254695332797267
vn -0.9792516551889057 -0.15328894602436569 -0.13254695332797267
vn 0.9999613579647311 0.006719002405258834 -0.005669002029381205
vn -0.9999613579647311 -0.006719002405258834 0.005669002029381205
vn 0.061878998750879606 0.4737439904367673 -0.8784859822664428
vn -0.061878998750879606 -0.4737439904367673 0.8784859822664428
vn 0.12218998704602921 -0.12753298647959094 -0.9842788956516785
vn -0.12218998704602921 0.12753298647959094 0.9842788956516785
vn 0.005735997842218398 -0.008236996901386275 -0.9999496238365214
vn -0.005735997842218398 0.008236996901386275 0.9999496238365214
vn 0.006598003049023687 -0.008339003853562755 -0.9999434620869798
vn -0.006598003049023687 0.008339003853562755 0.9999434620869798
vn 0.007839000036584614 -0.008157000038068497 -0.9999360046667015
vn -0.007839000036584614 0.008157000038068497 0.9999360046667015
vn 0.009654003786315509 -0.007484002935237532 -0.9999253921723157
vn -0.009654003786315509 0.007484002935237532 0.9999253921723157
vn -0.8541440356109739 -0.016894000704344575 -0.5197620216699186
vn 0.8541440356109739 0.016894000704344575 0.5197620216699186
vn -0.6539590226158652 0.0858070029674638 -0.7516480259942441
vn 0.6539590226158652 -0.0858070029674638 0.7516480259942441
vn -0.36376185418736307 0.1548449379309612 -0.9185316318098838
vn 0.36376185418736307 -0.1548449379309612 0.9185316318098838
vn -0.9182667399423047 -0.38658489051724154 -0.08566397573953727
vn 0.9182667399423047 0.38658489051724154 0.08566397573953727
vn -0.9239722040033836 -0.37314608238674607 0.08388901852181643
vn 0.9239722040033836 0.37314608238674607 -0.08388901852181643
vn -0.926447011253552 -0.37413600454463014 0.041451000503505225
vn 0.926447011253552 0.37413600454463014 -0.041451000503505225
vn -0.9094632554096039 -0.3685621035053371 -0.19245405404793817
vn 0.9094632554096039 0.3685621035053371 0.19245405404793817
vn -0.9297727334253627 -0.15974895419846372 -0.3316669049079612
vn 0.9297727334253627 0.15974895419846372 0.3316669049079612
vn 0.22751601552000547 -0.8900550607151078 -0.39501702694608753
vn -0.39762794109043076 0.8285348772504955 0.3942359415929641
vn 0.12125799298613477 -0.7108999588797703 -0.6927609599289756
vn -0.12125799298613477 0.7108999588797703 0.6927609599289756
vn 0.20434203293084513 -0.8431501358782925 -0.49733508014829014
vn -0.20434203293084513 0.8431501358782925 0.49733508014829014
vn 0.06512898509396346 -0.698476840139973 -0.7126628368932317
vn -0.06512898509396346 0.698476840139973 0.7126628368932317
vn -0.3402499853336948 0.8103249650713482 0.47707797943579283
vn 0.3402499853336948 -0.8103249650713482 -0.47707797943579283
vn 0.5702619146363599 -0.7216658919723973 -0.3924279412566812
vn -0.5702619146363599 0.7216658919723973 0.3924279412566812
vn 0.7292899568522904 -0.5615719667751571 -0.39086197687504287
vn -0.7292899568522904 0.5615719667751571 0.39086197687504287
vn -0.6104449383725344 -0.3140129682988226 0.727153926590179
vn 0.6104449383725344 0.3140129682988226 -0.727153926590179
vn -0.7248360735632544 -0.36487003703047965 0.5843650593069206
vn 0.7248360735632544 0.36487003703047965 -0.5843650593069206
vn -0.37357597333975157 -0.18917298649967046 0.9081049351930934
vn 0.37357597333975157 0.18917298649967046 -0.9081049351930934
vn 0.6939439444480546 0.3444119724289615 0.6323149493816096
vn -0.6939439444480546 -0.3444119724289615 -0.6323149493816096
vn 0.5852080341980954 0.29090601699982066 0.75690504423164
vn -0.5852080341980954 -0.29090601699982066 -0.75690504423164
vn 0.8311962575175239 0.40816712645652176 0.37750811695788417
vn -0.8311962575175239 -0.40816712645652176 -0.37750811695788417
vn 0.8709147898922678 0.34879491585341105 0.3461929164811421
vn 0.8438529877244707 0.41085299402332154 0.3451259949794523
vn -0.8438529877244707 -0.41085299402332154 -0.3451259949794523
vn 0.8617995310756124 0.4126337754767396 0.29501683947474355
vn -0.8617995310756124 -0.4126337754767396 -0.29501683947474355
vn -0.9212842647015903 -0.3004820863339244 -0.2468720709307999
vn 0.9212842647015903 0.3004820863339244 0.2468720709307999
vn 0.9486748524307921 0.29265995447586957 0.11985898135557736
vn -0.9486748524307921 -0.29265995447586957 -0.11985898135557736
vn 0.8741277515344666 -0.3796978920731676 -0.3028699139110565
vn -0.8741277515344666 0.3796978920731676 0.3028699139110565
vn 0.9772856273532432 -0.16382193753339655 -0.13444394873545662
vn -0.9772856273532432 0.16382193753339655 0.13444394873545662
vn 0.9873673060217082 0.15302104742689174 0.04111401274275578
vn -0.9873673060217082 -0.15302104742689174 -0.04111401274275578
vn 0.9882611740930921 0.15232102683302678 -0.01175400207059691
vn -0.9882611740930921 -0.15232102683302678 0.01175400207059691
vn 0.9986807123550292 0.015879995426164983 -0.048832985934881244
vn -0.9986807123550292 -0.015879995426164983 0.048832985934881244
vn 0.13851393726455877 0.09264595803898772 -0.9860175534150029
vn -0.13851393726455877 -0.09264595803898772 0.9860175534150029
vn -0.8921058612347283 -0.15406597603534736 -0.4247479339313136
vn 0.8921058612347283 0.15406597603534736 0.4247479339313136
vn 0.011337002137625967 -0.00641000120862485 -0.9999151885370264
vn -0.011337002137625967 0.00641000120862485 0.9999151885370264
vn -0.6881049497704048 -0.028911997889510807 -0.7250349470746259
vn 0.6881049497704048 0.028911997889510807 0.7250349470746259
vn -0.7910338845699708 -0.14097897942792573 -0.5953069131310357
vn 0.7910338845699708 0.14097897942792573 0.5953069131310357
vn -0.8887680144064852 -0.2957940047946729 -0.3501390056755783
vn 0.8887680144064852 0.2957940047946729 0.3501390056755783
vn -0.8651711108409713 -0.3588310459714629 -0.3503130448801835
vn 0.8651711108409713 0.3588310459714629 0.3503130448801835
vn -0.7932907441173688 -0.3905938740106463 0.46703984935235093
vn 0.7932907441173688 0.3905938740106463 -0.46703984935235093
vn -0.8157761475327218 -0.40856507388879615 0.4093700740343798
vn 0.8157761475327218 0.40856507388879615 -0.4093700740343798
vn -0.8426351144690389 -0.42199105732601216 0.3344990454405276
vn 0.8426351144690389 0.42199105732601216 -0.3344990454405276
vn -0.8777701530910279 -0.4466590779013698 0.1732490302161926
vn 0.8777701530910279 0.4466590779013698 -0.1732490302161926
vn -0.8642943155884839 -0.43262815796987447 0.256570093684021
vn 0.8642943155884839 0.43262815796987447 -0.256570093684021
vn -0.886812141427038 -0.4504340718343306 0.10331201647599497
vn 0.886812141427038 0.4504340718343306 -0.10331201647599497
vn -0.8881432161163557 -0.45139110983926906 -0.08630002099981826
vn 0.8881432161163557 0.45139110983926906 0.08630002099981826
vn -0.894302300490542 -0.4460481498746568 0.0355590119480255
vn 0.894302300490542 0.4460481498746568 -0.0355590119480255
vn -0.8946750044026958 -0.4382230021564954 0.08670200042666044
vn 0.8946750044026958 0.4382230021564954 -0.08670200042666044
vn -0.8805814235307073 -0.43279720816122486 -0.1930360928440129
vn 0.8805814235307073 0.43279720816122486 0.1930360928440129
vn 0.1641069703528477 -0.7084708720094349 -0.686394875997629
vn -0.1641069703528477 0.7084708720094349 0.686394875997629
vn 0.2080538849877401 -0.536257703556555 -0.8180105478034853
vn -0.2080538849877401 0.536257703556555 0.8180105478034853
vn 0.5338251166605523 -0.6966741522490958 -0.47924510473279913
vn -0.5338251166605523 0.6966741522490958 0.47924510473279913
vn 0.2888268133546858 -0.6609695728690415 -0.6926025524272159
vn -0.2888268133546858 0.6609695728690415 0.6926025524272159
vn 0.7303142742951383 -0.56170321096734 -0.38875514601062905
vn -0.7303142742951383 0.56170321096734 0.38875514601062905
vn -0.007013002862220949 -0.004899001999432766 0.9999634081156491
vn 0.007013002862220949 0.004899001999432766 -0.9999634081156491
vn 0.44454577462068395 0.22657388512978804 0.8666275606303376
vn -0.44454577462068395 -0.22657388512978804 -0.8666275606303376
vn 0.8974742273105062 0.3661680927423339 0.2458880622780446
vn 0.8689918062348356 0.429996904120591 0.2448589454020931
vn 0.8970000419822939 0.42596301993634766 0.11809500552720077
vn -0.8970000419822939 -0.42596301993634766 -0.11809500552720077
vn -0.8689918062348356 -0.429996904120591 -0.2448589454020931
vn -0.8974742273105062 -0.3661680927423339 -0.2458880622780446
vn 0.9252420697910119 0.3602240271716994 0.1190200089776797
vn -0.9252420697910119 -0.3602240271716994 -0.1190200089776797
vn 0.8451744815818246 -0.367435209365193 -0.3881642211766186
vn -0.8451744815818246 0.367435209365193 0.3881642211766186
vn 0.9533120751124147 0.3003350236636978 0.03154300248530487
vn -0.9533120751124147 -0.3003350236636978 -0.03154300248530487
vn 0.9842195277140071 0.1713139177935801 -0.044310978737005284
vn 0.9822258719265946 0.1725409775022109 -0.07390499036345498
vn -0.9822258719265946 -0.1725409775022109 0.07390499036345498
vn -0.9842195277140071 -0.1713139177935801 0.044310978737005284
vn 0.9892613171043038 0.01780500570733321 -0.1450690465013826
vn -0.9892613171043038 -0.01780500570733321 0.1450690465013826
vn 0.041110003221092206 -0.41323703237836223 -0.9096950712773408
vn -0.041110003221092206 0.41323703237836223 0.9096950712773408
vn 0.11713995943648901 -0.36353687411356395 -0.9241856799707278
vn -0.11713995943648901 0.36353687411356395 0.9241856799707278
vn 0.1185900195163611 -0.44044207248355755 -0.8899141464531831
vn -0.1185900195163611 0.44044207248355755 0.8899141464531831
vn 0.20438498418448614 -0.4079009684362161 -0.8898559311420609
vn -0.20438498418448614 0.4079009684362161 0.8898559311420609
vn 0.29908009276449044 -0.3476681078348428 -0.8886382756254223
vn -0.29908009276449044 0.3476681078348428 0.8886382756254223
vn -0.8636692794156259 -0.16571405361206773 -0.4760401540092496
vn 0.3766529327537097 -0.26604195250180496 -0.88732984157925
vn -0.3766529327537097 0.26604195250180496 0.88732984157925
vn -0.3910389414251083 0.05957699107578465 -0.9184438624235489
vn 0.3910389414251083 -0.05957699107578465 0.9184438624235489
vn -0.39651722506938686 -0.011558006560505332 -0.9179545210453625
vn 0.39651722506938686 0.011558006560505332 0.9179545210453625
vn 0.05734802006352374 -0.01747200611267828 -0.9982013492262931
vn -0.05734802006352374 0.01747200611267828 0.9982013492262931
vn 0.8636692794156259 0.16571405361206773 0.4760401540092496
vn -0.8371285858219448 -0.42001579219282803 -0.35043182662021727
vn 0.8371285858219448 0.42001579219282803 0.35043182662021727
vn -0.8588049410713834 -0.28614698036545316 -0.42493997084189505
vn 0.8588049410713834 0.28614698036545316 0.42493997084189505
vn 0.1432370024789312 -0.41163300712392653 -0.9000230155762486
vn -0.1432370024789312 0.41163300712392653 0.9000230155762486
vn 0.6935117645652792 -0.5287478204996627 -0.48935383387321013
vn -0.6935117645652792 0.5287478204996627 0.48935383387321013
vn 0.8465833063302988 -0.3673951329393811 -0.3851201393530519
vn -0.8465833063302988 0.3673951329393811 0.3851201393530519
vn -0.5860852419987489 -0.3561561470593967 0.7277753005035779
vn 0.5860852419987489 0.3561561470593967 -0.7277753005035779
vn -0.7627921047294561 -0.4457650612024328 0.4684460643164778
vn 0.7627921047294561 0.4457650612024328 -0.4684460643164778
vn -0.6961062379677867 -0.4149421418502777 0.5858832002874286
vn 0.6961062379677867 0.4149421418502777 -0.5858832002874286
vn -0.35939684129506205 -0.21494590508270373 0.9080925989982019
vn 0.35939684129506205 0.21494590508270373 -0.9080925989982019
vn 0.6685340262677052 0.39438501549597893 0.6304940247730565
vn -0.6685340262677052 -0.39438501549597893 -0.6304940247730565
vn 0.5639921309697039 0.33331307740163835 0.7555231754468567
vn -0.5639921309697039 -0.33331307740163835 -0.7555231754468567
vn 0.8004920746102676 0.4675020435737636 0.37503903495570257
vn -0.8004920746102676 -0.4675020435737636 -0.37503903495570257
vn 0.8303692150104348 0.4739561227231334 0.2930060758690986
vn -0.8303692150104348 -0.4739561227231334 -0.2930060758690986
vn 0.8123782653061311 0.47082615376219494 0.3440411123567929
vn -0.8123782653061311 -0.47082615376219494 -0.3440411123567929
vn 0.8640938223851011 0.4895078993814169 0.11714897591997202
vn -0.8640938223851011 -0.4895078993814169 -0.11714897591997202
vn 0.8359770308237277 0.49162801812706275 0.24381200898971478
vn -0.8359770308237277 -0.49162801812706275 -0.24381200898971478
vn 0.9411262290094493 -0.15544303782481386 -0.30019807304885715
vn -0.9411262290094493 0.15544303782481386 0.30019807304885715
vn 0.9532935965562256 0.29964887318547734 -0.03797198392986102
vn -0.9532935965562256 -0.29964887318547734 0.03797198392986102
vn 0.9292456699649848 0.3674218695048186 -0.038776986227793436
vn -0.9292456699649848 -0.3674218695048186 0.038776986227793436
vn 0.9292558247140257 0.3681569305543807 0.03072599420414098
vn -0.9292558247140257 -0.3681569305543807 -0.03072599420414098
vn 0.9510187163653673 0.3066849085333865 -0.038829988419229425
vn 0.9515888648919952 0.300860957283313 -0.0629389910638282
vn 0.4322729545099742 -0.1676779823544921 -0.8860159067605641
vn -0.4322729545099742 0.1676779823544921 0.8860159067605641
vn -0.6350927634794321 -0.12551695325511028 -0.7621697161535692
vn 0.6350927634794321 0.12551695325511028 0.7621697161535692
vn -0.4146948559211398 -0.07196097499835073 -0.9071106848394147
vn 0.4146948559211398 0.07196097499835073 0.9071106848394147
vn -0.7575977139989623 -0.25327590438570463 -0.6015787728977396
vn 0.7575977139989623 0.25327590438570463 0.6015787728977396
vn -0.8266797804285059 -0.2823419250081593 -0.4867068707275087
vn 0.8266797804285059 0.2823419250081593 0.4867068707275087
vn -0.8360311673897591 -0.34712606950141495 -0.42491808507689516
vn 0.8360311673897591 0.34712606950141495 0.42491808507689516
vn -0.8089509003101555 -0.4063209499276502 -0.4248549476436412
vn 0.8089509003101555 0.4063209499276502 0.4248549476436412
vn -0.7844538586567243 -0.46564891609915315 0.40963792619124023
vn 0.7844538586567243 0.46564891609915315 -0.40963792619124023
vn -0.8102272686689761 -0.480981159491936 0.3349461110671439
vn 0.8102272686689761 0.480981159491936 -0.3349461110671439
vn -0.8433930840550892 -0.5082880506575145 0.17415901735721093
vn 0.8433930840550892 0.5082880506575145 -0.17415901735721093
vn -0.8310239513763745 -0.4931729711442038 0.25725398494794105
vn 0.8310239513763745 0.4931729711442038 -0.25725398494794105
vn -0.8555551952591067 -0.50647311558984 0.10728602448535564
vn 0.8555551952591067 0.50647311558984 -0.10728602448535564
vn -0.853462855214733 -0.5138619128261602 -0.08687398526230758
vn 0.853462855214733 0.5138619128261602 0.08687398526230758
vn -0.8600112482431427 -0.5089111468977326 0.03728401076206843
vn 0.8600112482431427 0.5089111468977326 -0.03728401076206843
vn -0.8607715066812311 -0.5009957128731767 0.08986494849728935
vn 0.8607715066812311 0.5009957128731767 -0.08986494849728935
vn -0.8471846321974134 -0.49478478519071645 -0.19356191596569325
vn 0.8471846321974134 0.49478478519071645 0.19356191596569325
vn -0.8047856779147764 -0.47902280828912264 -0.350509859721601
vn 0.8047856779147764 0.47902280828912264 0.350509859721601
vn 0.4455030375011107 -0.551166046395506 -0.7055090593876386
vn -0.4455030375011107 0.551166046395506 0.7055090593876386
vn 0.5685906720637186 -0.4276167533708256 -0.7027435946906405
vn 0.8036437465999157 -0.3447158913062705 -0.4851058470393591
vn -0.8036437465999157 0.3447158913062705 0.4851058470393591
vn -0.5685906720637186 0.4276167533708256 0.7027435946906405
vn -0.006860000147318504 -0.004785000102758101 0.999965021474249
vn 0.006860000147318504 0.004785000102758101 -0.999965021474249
vn 0.4280180659477446 0.2589810399030246 0.8658691334105288
vn -0.4280180659477446 -0.2589810399030246 -0.8658691334105288
vn 0.8668016306559039 0.4978137878815902 0.02891998767719599
vn 0.9003671396946735 0.434107067353019 0.029834004628835772
vn -0.9003671396946735 -0.434107067353019 -0.029834004628835772
vn 0.9103722191657656 -0.1506830362758905 -0.38537909277733023
vn -0.9103722191657656 0.1506830362758905 0.38537909277733023
vn 0.9121733431874974 -0.15030105654785217 -0.38124714343683036
vn -0.9121733431874974 0.15030105654785217 0.38124714343683036
vn 0.9265074651448512 0.3742951879115777 -0.03856201935971954
vn -0.9265074651448512 -0.3742951879115777 0.03856201935971954
vn -0.9510187163653673 -0.3066849085333865 0.038829988419229425
vn 0.9275606898951794 0.36850487680036476 -0.06192997929538692
vn -0.9275606898951794 -0.36850487680036476 0.06192997929538692
vn -0.9515888648919952 -0.300860957283313 0.0629389910638282
vn 0.9306576382771782 0.2959558849695168 -0.21514291637945077
vn -0.9306576382771782 -0.2959558849695168 0.21514291637945077
vn 0.9584163738183993 0.17013706635984902 -0.22911008936154387
vn -0.9584163738183993 -0.17013706635984902 0.22911008936154387
vn 0.9502898128052792 0.018894996277931807 -0.3107929387778374
vn -0.9502898128052792 -0.018894996277931807 0.3107929387778374
vn 0.6583297606863131 -0.27743289914858166 -0.6997377456338302
vn -0.6583297606863131 0.27743289914858166 0.6997377456338302
vn -0.6347789250881565 -0.20882797535568984 -0.7439399122057962
vn 0.6347789250881565 0.20882797535568984 0.7439399122057962
vn 0.060545990188735 -0.004370999291694698 -0.9981558382523531
vn -0.060545990188735 0.004370999291694698 0.9981558382523531
vn 0.014773002281202867 -0.001854000286288962 -0.9998891543998953
vn -0.014773002281202867 0.001854000286288962 0.9998891543998953
vn 0.026606994808935906 0.0015269997020803186 -0.9996448049678182
vn -0.026606994808935906 -0.0015269997020803186 0.9996448049678182
vn 0.4250118426725453 -0.05980997786002478 -0.9032096656571336
vn -0.4250118426725453 0.05980997786002478 0.9032096656571336
vn -0.8038390068989483 -0.34088300292562823 -0.4874850041838401
vn 0.8038390068989483 0.34088300292562823 0.4874850041838401
vn -0.7768920467995899 -0.3976160239521911 -0.48820102940898685
vn 0.7768920467995899 0.3976160239521911 0.48820102940898685
vn -0.7777076675203218 -0.46341480188442175 -0.42475581841161714
vn 0.7777076675203218 0.46341480188442175 0.42475581841161714
vn -0.5588109763860456 -0.3964149832484944 0.7284129692190895
vn 0.5588109763860456 0.3964149832484944 -0.7284129692190895
vn -0.6639300072560912 -0.46277100505762453 0.5874010064197056
vn 0.6639300072560912 0.46277100505762453 -0.5874010064197056
vn -0.7284639457425504 -0.4985679628656625 0.46986196500374233
vn 0.7284639457425504 0.4985679628656625 -0.46986196500374233
vn -0.7491363446859519 -0.520331239410182 0.4099391886175733
vn 0.7491363446859519 0.520331239410182 -0.4099391886175733
vn -0.3434050936901943 -0.23963906538001636 0.9081002477543
vn 0.3434050936901943 0.23963906538001636 -0.9081002477543
vn 0.6395249879427157 0.44247099165787307 0.6286709881473517
vn -0.6395249879427157 -0.44247099165787307 -0.6286709881473517
vn 0.5397089028019434 0.37415893261641414 0.7541348641852251
vn -0.5397089028019434 -0.37415893261641414 -0.7541348641852251
vn 0.7655492382477639 0.5245201632367321 0.3725761159499901
vn -0.7655492382477639 -0.5245201632367321 -0.3725761159499901
vn 0.7945771042846763 0.5328880699391658 0.2909940381916607
vn -0.7945771042846763 -0.5328880699391658 -0.2909940381916607
vn 0.7766513627719946 0.5283982468135576 0.342940160186529
vn -0.7766513627719946 -0.5283982468135576 -0.342940160186529
vn 0.8266912830831178 0.5505301885175342 0.11618103978376422
vn -0.8266912830831178 -0.5505301885175342 -0.11618103978376422
vn 0.7986000298836138 0.5507380206086171 0.24274600908355595
vn -0.7986000298836138 -0.5507380206086171 -0.24274600908355595
vn -0.8668016306559039 -0.4978137878815902 -0.02891998767719599
vn 0.8287330245926527 0.5589440165866638 0.02798500083045503
vn -0.8287330245926527 -0.5589440165866638 -0.02798500083045503
vn 0.8659329296109128 -0.13891798870777383 -0.4804809609431458
vn -0.8659329296109128 0.13891798870777383 0.4804809609431458
vn 0.9296127308125453 0.019132994459669244 -0.3680408934265979
vn -0.9296127308125453 -0.019132994459669244 0.3680408934265979
vn 0.9003649421218421 0.43332497214457166 -0.03965399745092206
vn -0.9003649421218421 -0.43332497214457166 0.03965399745092206
vn 0.8971781346449159 0.4400000660334549 -0.03835800575661641
vn -0.8971781346449159 -0.4400000660334549 0.03835800575661641
vn 0.8987132982133428 0.4342811441042788 -0.06094502022293223
vn -0.8987132982133428 -0.4342811441042788 0.06094502022293223
vn 0.9072687430733228 0.36207789746426106 -0.21392293941981305
vn -0.9072687430733228 -0.36207789746426106 0.21392293941981305
vn 0.7091782734900443 -0.10934504216821275 -0.6964982686000819
vn -0.7091782734900443 0.10934504216821275 0.6964982686000819
vn -0.3626321089613554 -0.12435503736539873 -0.9235982775168489
vn 0.3626321089613554 0.12435503736539873 0.9235982775168489
vn 0.031978009114869116 0.007249002066223444 -0.9994622848822726
vn -0.031978009114869116 -0.007249002066223444 0.9994622848822726
vn -0.6175436884366281 -0.2538718719164684 -0.7444386244155478
vn 0.6175436884366281 0.2538718719164684 0.7444386244155478
vn -0.7366508469169716 -0.3068469362342981 -0.6026528747630204
vn 0.7366508469169716 0.3068469362342981 0.6026528747630204
vn -0.7459840699565244 -0.4522450424104114 -0.4888580458438877
vn 0.7459840699565244 0.4522450424104114 0.4888580458438877
vn -0.7736930090796744 -0.5374860063076673 0.33542200393634486
vn 0.7736930090796744 0.5374860063076673 -0.33542200393634486
vn -0.8047727235018685 -0.5671988051258384 0.17500393987338153
vn 0.8047727235018685 0.5671988051258384 -0.17500393987338153
vn -0.7935189325687477 -0.5511649531633823 0.25796297807895185
vn 0.7935189325687477 0.5511649531633823 -0.25796297807895185
vn -0.8194402495408994 -0.5683581730798675 -0.07407202255686031
vn 0.8194402495408994 0.5683581730798675 0.07407202255686031
vn -0.8213129546495637 -0.5691429685736334 0.039003997846316175
vn 0.8213129546495637 0.5691429685736334 -0.039003997846316175
vn -0.8224744030462777 -0.5611512749871993 0.0929790455635555
vn 0.8224744030462777 0.5611512749871993 -0.0929790455635555
vn -0.8094978443801257 -0.5541048934775002 -0.19411596268266576
vn 0.8094978443801257 0.5541048934775002 0.19411596268266576
vn -0.8169649011550141 -0.566279931485512 0.10906598680405238
vn 0.8169649011550141 0.566279931485512 -0.10906598680405238
vn -0.7683110516570112 -0.5355510360075073 -0.35054702356885475
vn 0.7683110516570112 0.5355510360075073 0.35054702356885475
vn 0.7424624814763096 0.51811633599104 0.4246232753621264
vn -0.006717997182156827 -0.004658998045797879 0.9999665805671056
vn 0.006717997182156827 0.004658998045797879 -0.9999665805671056
vn 0.40914303158052434 0.29017602239781726 0.8651010667745586
vn -0.40914303158052434 -0.29017602239781726 -0.8651010667745586
vn 0.866813527733681 0.4969807292298146 -0.040551977906051515
vn -0.866813527733681 -0.4969807292298146 0.040551977906051515
vn 0.8287637616736825 0.5580598395195921 -0.04147098807425176
vn -0.8287637616736825 -0.5580598395195921 0.04147098807425176
vn 0.9370859126668768 0.020625998077729333 -0.34848896752204944
vn -0.9370859126668768 -0.020625998077729333 0.34848896752204944
vn 0.8791737962682006 0.42638490119341194 -0.21271895070643043
vn -0.8791737962682006 -0.42638490119341194 0.21271895070643043
vn 0.9093829908488791 0.29030599707865085 -0.2979009970022222
vn -0.9093829908488791 -0.29030599707865085 0.2979009970022222
vn 0.9345016242818284 0.1677039325743121 -0.31397787376459313
vn -0.9345016242818284 -0.1677039325743121 0.31397787376459313
vn 0.8865987562053241 0.35490490240915074 -0.29662291843538263
vn -0.8865987562053241 -0.35490490240915074 0.29662291843538263
vn 0.9470255769159446 0.17148792338770166 -0.2715408786890037
vn -0.9470255769159446 -0.17148792338770166 0.2715408786890037
vn -0.3526679293870709 -0.15044896987635784 -0.9235748150772513
vn 0.3526679293870709 0.15044896987635784 0.9235748150772513
vn 0.3742299250945199 0.009926998013022409 -0.9272828143960177
vn -0.3742299250945199 -0.009926998013022409 0.9272828143960177
vn 0.5062210591554778 0.08182600956194275 -0.8585131003232712
vn -0.5062210591554778 -0.08182600956194275 0.8585131003232712
vn 0.6965453298010574 0.01910700904680805 -0.7172583396082763
vn -0.6965453298010574 -0.01910700904680805 0.7172583396082763
vn -0.7119847781381019 -0.3587498882097853 -0.6036358119007722
vn 0.7119847781381019 0.3587498882097853 0.6036358119007722
vn 0.5971791161459747 0.2975510578710082 0.7448761448717204
vn -0.6837170321726476 -0.40870601923186645 -0.6045580284477811
vn 0.6837170321726476 0.40870601923186645 0.6045580284477811
vn -0.7112780877866584 -0.5044950622652888 -0.4894570604092837
vn 0.7112780877866584 0.5044950622652888 0.4894570604092837
vn -0.7424624814763096 -0.51811633599104 -0.4246232753621264
vn -0.5287689924631912 -0.43458899380558597 0.729064989608272
vn 0.5287689924631912 0.43458899380558597 -0.729064989608272
vn -0.6284821111583838 -0.5081220898705457 0.5889161041604226
vn 0.6284821111583838 0.5081220898705457 -0.5889161041604226
vn -0.6904910078401801 -0.5487390062306572 0.47128300535118284
vn 0.6904910078401801 0.5487390062306572 -0.47128300535118284
vn -0.7100052814014188 -0.5723352268376718 0.4102741626068629
vn 0.7100052814014188 0.5723352268376718 -0.4102741626068629
vn -0.7332219361594686 -0.5912179485235424 0.3359269707513437
vn 0.7332219361594686 0.5912179485235424 -0.3359269707513437
vn -0.32568408441569724 -0.26312506820071113 0.9081272353820693
vn 0.32568408441569724 0.26312506820071113 -0.9081272353820693
vn 0.6070591622605617 0.4884061305458477 0.6268481675499558
vn -0.6070591622605617 -0.4884061305458477 -0.6268481675499558
vn 0.5124741583143101 0.4132201276526012 0.7527412325379867
vn -0.5124741583143101 -0.4132201276526012 -0.7527412325379867
vn 0.7265417506952331 0.5789168013511018 0.37012487299574315
vn -0.7265417506952331 -0.5789168013511018 -0.37012487299574315
vn 0.7546039536160057 0.5891179637880981 0.2889859822366104
vn -0.7546039536160057 -0.5891179637880981 -0.2889859822366104
vn 0.7368529689615431 0.5832689754309615 0.3418259856012644
vn -0.7368529689615431 -0.5832689754309615 -0.3418259856012644
vn 0.7570517898223904 0.6070178314757874 0.24166493290741997
vn -0.7570517898223904 -0.6070178314757874 -0.24166493290741997
vn 0.7849856968695893 0.6087097649403782 0.11519495551626711
vn -0.7849856968695893 -0.6087097649403782 -0.11519495551626711
vn 0.8631906257870915 0.5034307817512245 -0.03820198343856501
vn -0.8631906257870915 -0.5034307817512245 0.03820198343856501
vn 0.8652007735657395 0.4978198697140855 -0.06002498429068323
vn -0.8652007735657395 -0.4978198697140855 0.06002498429068323
vn 0.7863564425139559 0.6171813473124206 0.027032015211987143
vn -0.7863564425139559 -0.6171813473124206 -0.027032015211987143
vn 0.8285297425406365 0.557658826711729 -0.050547984292595306
vn -0.8285297425406365 -0.557658826711729 0.050547984292595306
vn 0.8248710139147493 0.5631900095004523 -0.049039000827238784
vn -0.8248710139147493 -0.5631900095004523 0.049039000827238784
vn 0.7864124168993523 0.6162443266884591 -0.042408022481685965
vn -0.7864124168993523 -0.6162443266884591 0.042408022481685965
vn 0.8728982145837215 0.021393005259021842 -0.48743311982521115
vn -0.8728982145837215 -0.021393005259021842 0.48743311982521115
vn 0.84650876655577 0.4885238652783267 -0.21158294165114536
vn -0.84650876655577 -0.4885238652783267 0.21158294165114536
vn 0.8592199796979209 0.4177389901294544 -0.2953559930211809
vn -0.8592199796979209 -0.4177389901294544 0.2953559930211809
vn -0.9206508261305046 -0.2952099442481313 0.25544695175757043
vn 0.9206508261305046 0.2952099442481313 -0.25544695175757043
vn 0.8976161645595377 0.36066706612091903 -0.2533860464531414
vn -0.8976161645595377 -0.36066706612091903 0.2533860464531414
vn 0.8699154664444485 0.4243432275307779 -0.2513561347759387
vn -0.8699154664444485 -0.4243432275307779 0.2513561347759387
vn 0.03174701156256531 0.009116003320135839 -0.9994543640108405
vn -0.03174701156256531 -0.009116003320135839 0.9994543640108405
vn 0.506781147414042 0.15983304649272304 -0.8471282464152415
vn -0.506781147414042 -0.15983304649272304 0.8471282464152415
vn -0.3408650199850871 -0.1757670103053078 -0.9235350541473235
vn 0.3408650199850871 0.1757670103053078 0.9235350541473235
vn -0.5971791161459747 -0.2975510578710082 -0.7448761448717204
vn -0.5737751894941647 -0.33962311216343793 -0.7452772461341861
vn 0.5737751894941647 0.33962311216343793 0.7452772461341861
vn -0.6519999629918312 -0.45646897409036524 -0.6054189656358152
vn 0.6519999629918312 0.45646897409036524 0.6054189656358152
vn 0.5474579155357358 0.3798789413905718 0.7456418849590236
vn -0.7644947791332856 -0.6160688220143546 0.1897549451787605
vn 0.7644947791332856 0.6160688220143546 -0.1897549451787605
vn -0.7519751542519272 -0.6063091243715972 0.25869405306565774
vn 0.7519751542519272 0.6063091243715972 -0.25869405306565774
vn -0.7784391244463483 -0.6175950987327748 0.1122890179512536
vn 0.7784391244463483 0.6175950987327748 -0.1122890179512536
vn -0.7784079524824772 -0.6264369617594702 0.04071599751451223
vn 0.7784079524824772 0.6264369617594702 -0.04071599751451223
vn -0.7754308561056358 -0.6238818842281212 0.09735698193375848
vn 0.7754308561056358 0.6238818842281212 -0.09735698193375848
vn -0.7586588928538535 -0.6217349121917629 -0.19463397251165152
vn 0.7586588928538535 0.6217349121917629 0.19463397251165152
vn -0.7278939615653801 -0.5893119688828554 -0.3505449814903492
vn 0.7278939615653801 0.5893119688828554 0.3505449814903492
vn -0.703398069817889 -0.5701460565915599 -0.4244580421308585
vn 0.703398069817889 0.5701460565915599 0.4244580421308585
vn 0.6729559862875125 0.5541039887093001 0.4899989900155358
vn -0.006588000489975967 -0.004522000336319488 0.9999680743716283
vn 0.006588000489975967 0.004522000336319488 -0.9999680743716283
vn 0.38801087545415514 0.3199848972895041 0.8643247225643415
vn -0.38801087545415514 -0.3199848972895041 -0.8643247225643415
vn 0.7908649421474409 0.6107889553201789 -0.038333997195829736
vn -0.7908649421474409 -0.6107889553201789 0.038333997195829736
vn 0.8273692358689376 0.4784681364031513 -0.2941570838591958
vn -0.8273692358689376 -0.4784681364031513 0.2941570838591958
vn 0.7615290644718148 0.2463460208559015 -0.5994890507533447
vn 0.9175910810778928 0.16658001471892755 -0.3609400318924821
vn 0.8978440949452223 0.28902203056350334 -0.33217803512716465
vn -0.8978440949452223 -0.28902203056350334 0.33217803512716465
vn -0.9175910810778928 -0.16658001471892755 0.3609400318924821
vn -0.7615290644718148 -0.2463460208559015 0.5994890507533447
vn 0.7433639054630732 0.3005969617717343 -0.5975379240084181
vn 0.8757088176209599 0.3529379264955669 -0.32949793137728517
vn -0.8757088176209599 -0.3529379264955669 0.32949793137728517
vn -0.7433639054630732 -0.3005969617717343 0.5975379240084181
vn 0.721327872278813 0.35351193740576803 -0.5955798945442509
vn 0.8490169500480893 0.41516997557347524 -0.3268089807721941
vn -0.8490169500480893 -0.41516997557347524 0.3268089807721941
vn -0.721327872278813 -0.35351193740576803 0.5955798945442509
vn 0.03137501165842312 0.010980004079983835 -0.9994473713777215
vn -0.03137501165842312 -0.010980004079983835 0.9994473713777215
vn 0.7709947924736726 0.14037496221569776 -0.6211778327994488
vn -0.7709947924736726 -0.14037496221569776 0.6211778327994488
vn -0.5474579155357358 -0.3798789413905718 -0.7456418849590236
vn -0.6170022484131763 -0.5018032020325331 -0.6062192440717977
vn 0.6170022484131763 0.5018032020325331 0.6062192440717977
vn -0.6729559862875125 -0.5541039887093001 -0.4899989900155358
vn -0.5183670202191651 -0.4181200163089804 -0.7459700290969346
vn 0.5183670202191651 0.4181200163089804 0.7459700290969346
vn -0.7765941538099235 -0.6256051239054862 -0.07429501471464932
vn 0.7765941538099235 0.6256051239054862 0.07429501471464932
vn -0.49611582204824767 -0.47048983124003285 0.7297317382525697
vn 0.49611582204824767 0.47048983124003285 -0.7297317382525697
vn -0.649073844358277 -0.5960288570779596 0.47270788664915303
vn 0.649073844358277 0.5960288570779596 -0.47270788664915303
vn -0.589950897464773 -0.5507769042733301 0.5904258973822165
vn 0.589950897464773 0.5507769042733301 -0.5904258973822165
vn -0.6672640520849658 -0.6213950485045461 0.41064203205369154
vn 0.6672640520849658 0.6213950485045461 -0.41064203205369154
vn 0.6890229809988137 0.6419049822981866 -0.3364599907214428
vn -0.7066082059416983 -0.6583251918695636 0.25944707561612046
vn 0.7066082059416983 0.6583251918695636 -0.25944707561612046
vn -0.6890229809988137 -0.6419049822981866 0.3364599907214428
vn -0.30632396526654015 -0.2852819676524503 0.9081738970239839
vn 0.30632396526654015 0.2852819676524503 -0.9081738970239839
vn 0.5712938392330802 0.5319408503073441 0.6250298241113195
vn -0.5712938392330802 -0.5319408503073441 -0.6250298241113195
vn 0.48241806792036823 0.4502780633953283 0.7513471057832937
vn -0.48241806792036823 -0.4502780633953283 -0.7513471057832937
vn 0.6809220339814149 0.6191090308966368 0.3912150195235861
vn -0.6809220339814149 -0.6191090308966368 -0.3912150195235861
vn 0.7072327938692526 0.6489918108442252 0.2804129182705825
vn -0.7072327938692526 -0.6489918108442252 -0.2804129182705825
vn 0.6931881164050107 0.6351491066586928 0.34069905721257554
vn -0.6931881164050107 -0.6351491066586928 -0.34069905721257554
vn 0.7333651510343684 0.6684601376673742 0.12384102550469046
vn -0.7333651510343684 -0.6684601376673742 -0.12384102550469046
vn -0.7128562117233163 -0.6522651937273569 -0.25765507652537284
vn 0.8094406068960741 0.5481687337824673 -0.2105158977631895
vn -0.8094406068960741 -0.5481687337824673 0.2105158977631895
vn 0.7398913726959565 0.6722213386094014 0.026062013127882522
vn -0.7398913726959565 -0.6722213386094014 -0.026062013127882522
vn 0.7811588103889544 0.6227618488367234 -0.04425598925772276
vn -0.7811588103889544 -0.6227618488367234 0.04425598925772276
vn 0.7399779625008778 0.6712319659846497 -0.04336199780258731
vn -0.7399779625008778 -0.6712319659846497 0.04336199780258731
vn 0.8376760497236141 0.48589502884224395 -0.24940901480467004
vn -0.8376760497236141 -0.48589502884224395 0.24940901480467004
vn 0.8010610108387561 0.544997007374082 -0.24754700334943464
vn -0.8010610108387561 -0.544997007374082 0.24754700334943464
vn 0.7912079305628038 0.5367729528922709 -0.29302697428366065
vn -0.7912079305628038 -0.5367729528922709 0.29302697428366065
vn 0.6954721073551692 0.40478906248445895 -0.5936870916433274
vn -0.6954721073551692 -0.40478906248445895 0.5936870916433274
vn 0.817867146363064 0.47537408507152784 -0.3242110580198434
vn -0.817867146363064 -0.47537408507152784 0.3242110580198434
vn 0.49537907318508045 0.19580202892691298 -0.8463221250318316
vn -0.49537907318508045 -0.19580202892691298 0.8463221250318316
vn -0.3272829354210285 -0.20016796050316202 -0.9234818177799711
vn 0.3272829354210285 0.20016796050316202 0.9234818177799711
vn 0.030854986511467893 0.012826994392565403 -0.999441563085221
vn -0.030854986511467893 -0.012826994392565403 0.999441563085221
vn -0.31199597921280053 -0.22352898510704636 -0.9234139384761632
vn -0.2950800354612454 -0.24573102953072806 -0.9233331109615632
vn 0.2950800354612454 0.24573102953072806 0.9233331109615632
vn -0.7184840840827603 -0.6689420782849582 0.19051802229594428
vn 0.7184840840827603 0.6689420782849582 -0.19051802229594428
vn -0.7315196480334294 -0.6804996725814041 0.04241697959130833
vn 0.7315196480334294 0.6804996725814041 -0.04241697959130833
vn -0.7237559925525509 -0.6827699929742967 0.10001199897087638
vn 0.7237559925525509 0.6827699929742967 -0.10001199897087638
vn -0.7325229048236714 -0.6717669127176665 0.11017898568450026
vn 0.7325229048236714 0.6717669127176665 -0.11017898568450026
vn -0.7337091926566515 -0.6737441769110956 -0.08797502310039679
vn 0.7337091926566515 0.6737441769110956 0.08797502310039679
vn -0.6837452533293726 -0.6400312371332172 -0.3505031298623101
vn 0.6837452533293726 0.6400312371332172 0.3505031298623101
vn 0.6607173923410417 0.6192373677097601 0.4242612519308611
vn -0.6312173363376196 -0.6008243201430156 -0.49048426134945833
vn 0.6312173363376196 0.6008243201430156 0.49048426134945833
vn -0.6607173923410417 -0.6192373677097601 -0.4242612519308611
vn -0.006471003157274392 -0.00437600213510032 0.9999694878962319
vn 0.006471003157274392 0.00437600213510032 -0.9999694878962319
vn -0.3647229739119137 -0.34824197509077465 -0.8635419382321429
vn 0.3647229739119137 0.34824197509077465 0.8635419382321429
vn 0.7128562117233163 0.6522651937273569 0.25765507652537284
vn 0.7670118159168028 0.6103838535075875 -0.19779895252815805
vn -0.7670118159168028 -0.6103838535075875 0.19779895252815805
vn 0.7448428481824221 0.666139864224056 -0.03829899219370857
vn -0.7448428481824221 -0.666139864224056 0.03829899219370857
vn 0.6659183331600244 0.45414822721109627 -0.5918632961101689
vn 0.7824141626353632 0.5332291108388809 -0.3217060668709559
vn -0.7824141626353632 -0.5332291108388809 0.3217060668709559
vn -0.6659183331600244 -0.45414822721109627 0.5918632961101689
vn -0.4814150915706954 -0.23096604393240205 0.8455141608265321
vn 0.4814150915706954 0.23096604393240205 -0.8455141608265321
vn -0.46489820220658723 -0.2651101153091397 0.8447403674182132
vn 0.46489820220658723 0.2651101153091397 -0.8447403674182132
vn 0.31199597921280053 0.22352898510704636 0.9234139384761632
vn -0.48665693555616285 -0.4541549398601254 -0.7462629011787538
vn 0.48665693555616285 0.4541549398601254 0.7462629011787538
vn -0.5789083388672792 -0.5444853187175691 -0.6069603552876863
vn 0.5789083388672792 0.5444853187175691 0.6069603552876863
vn -0.27662518478195075 -0.26665917812479034 -0.9232396167118064
vn 0.27662518478195075 0.26665917812479034 0.9232396167118064
vn -0.7120029619174545 -0.6745399639212191 -0.19505798956703124
vn 0.7120029619174545 0.6745399639212191 0.19505798956703124
vn -0.4610240255919054 -0.5039410279742713 0.7304110405458484
vn 0.4610240255919054 0.5039410279742713 -0.7304110405458484
vn -0.5485411914817756 -0.5905292061387235 0.5919272066267297
vn 0.5485411914817756 0.5905292061387235 -0.5919272066267297
vn -0.6044296624620913 -0.6402046424838992 0.47413373522459357
vn 0.6044296624620913 0.6402046424838992 -0.47413373522459357
vn 0.6211329049365479 0.6672618978765753 -0.41104193709065273
vn -0.6413269761958671 -0.6892879744156989 0.33701898749086634
vn 0.6413269761958671 0.6892879744156989 -0.33701898749086634
vn -0.6211329049365479 -0.6672618978765753 0.41104193709065273
vn -0.6576529278854011 -0.7069499224797641 0.2602199714657106
vn 0.6576529278854011 0.7069499224797641 -0.2602199714657106
vn -0.2854239558460592 -0.305995952663654 0.9082398594989376
vn 0.2854239558460592 0.305995952663654 -0.9082398594989376
vn 0.33939306498274785 0.37479007176012474 0.862754165189399
vn -0.33939306498274785 -0.37479007176012474 -0.862754165189399
vn 0.5324097014201977 0.5728336787500937 0.6232186504937814
vn -0.5324097014201977 -0.5728336787500937 -0.6232186504937814
vn 0.44968891563364555 0.48512790898491875 0.7499538593007947
vn -0.44968891563364555 -0.48512790898491875 -0.7499538593007947
vn 0.6454407915142673 0.6703957834534816 0.36602688176857806
vn -0.6454407915142673 -0.6703957834534816 -0.36602688176857806
vn 0.6409278661380632 0.6884648562096547 0.33945192910326577
vn -0.6529211770738795 -0.7021151904154207 -0.2841270770559843
vn -0.6409278661380632 -0.6884648562096547 -0.33945192910326577
vn 0.6726120911816553 0.7000480949009763 0.23984503251423442
vn -0.6726120911816553 -0.7000480949009763 -0.23984503251423442
vn 0.6792511489482461 0.7251881590214526 0.11278302473140289
vn -0.6792511489482461 -0.7251881590214526 -0.11278302473140289
vn 0.750920676711447 0.5923457449815879 -0.2919668743015723
vn -0.750920676711447 -0.5923457449815879 0.2919668743015723
vn 0.6358426294583649 0.770487550993117 -0.045310973594720486
vn 0.6949483920799167 0.7180384051069708 -0.038309021613400454
vn 0.6897020115214721 0.7227350120732884 -0.04433100074054921
vn -0.6897020115214721 -0.7227350120732884 0.04433100074054921
vn -0.6949483920799167 -0.7180384051069708 0.038309021613400454
vn -0.6358426294583649 -0.770487550993117 0.045310973594720486
vn 0.7384202811550524 0.6718642558137079 -0.05774002198463289
vn -0.7384202811550524 -0.6718642558137079 0.05774002198463289
vn 0.6895780448580877 0.7237770470827841 0.025078001631361837
vn -0.6895780448580877 -0.7237770470827841 -0.025078001631361837
vn 0.7602552194104483 0.6013381735468234 -0.24577307093036416
vn -0.7602552194104483 -0.6013381735468234 0.24577307093036416
vn 0.6328096667495446 0.501320735994293 -0.5901096892362222
vn -0.6328096667495446 -0.501320735994293 0.5901096892362222
vn 0.7428344747322935 0.5884263760528256 -0.31929820405779996
vn -0.7428344747322935 -0.5884263760528256 0.31929820405779996
vn 0.44590293767860323 0.29804595834375874 -0.8440018820385071
vn -0.44590293767860323 -0.29804595834375874 0.8440018820385071
vn 0.03018600018730413 0.014645000090872448 -0.9994370062015067
vn -0.03018600018730413 -0.014645000090872448 0.9994370062015067
vn 0.029370990335756242 0.016421994596499796 -0.9994336711458991
vn -0.029370990335756242 -0.016421994596499796 0.9994336711458991
vn 0.02841198804304464 0.018145992363406107 -0.9994315793973036
vn -0.02841198804304464 -0.018145992363406107 0.9994315793973036
vn -0.668725038498836 -0.7184530413617021 0.19139501101870665
vn 0.668725038498836 0.7184530413617021 -0.19139501101870665
vn -0.6808908285428594 -0.731055815910665 0.0441029888942953
vn 0.6808908285428594 0.731055815910665 -0.0441029888942953
vn -0.6728599798138646 -0.7325749780223848 0.10292399691222852
vn 0.6728599798138646 0.7325749780223848 -0.10292399691222852
vn -0.6824512112504166 -0.7222852235808976 0.11209103469739269
vn 0.6824512112504166 0.7222852235808976 -0.11209103469739269
vn -0.6835370899883474 -0.7245520953880142 -0.08832501162807704
vn 0.6835370899883474 0.7245520953880142 0.08832501162807704
vn -0.6617919058968376 -0.7237898970810648 -0.19534497222302147
vn 0.6617919058968376 0.7237898970810648 0.19534497222302147
vn 0.6146407105294937 0.6651406867460808 0.42403380029751264
vn -0.5862802289316279 -0.644421251634626 -0.4909141916929476
vn 0.5862802289316279 0.644421251634626 0.4909141916929476
vn -0.6146407105294937 -0.6651406867460808 -0.42403380029751264
vn -0.537917876165402 -0.5843068654861475 -0.6076428601139456
vn 0.537917876165402 0.5843068654861475 0.6076428601139456
vn -0.4524931837713203 -0.4878071981134214 -0.7465213031851319
vn 0.4524931837713203 0.4878071981134214 0.7465213031851319
vn -0.0063679988247668205 -0.004220999221002224 0.9999708154524031
vn 0.0063679988247668205 0.004220999221002224 -0.9999708154524031
vn 0.6529211770738795 0.7021151904154207 0.2841270770559843
vn 0.5899651376120392 0.7331791710173609 0.3382150788901985
vn -0.5899651376120392 -0.7331791710173609 -0.3382150788901985
vn 0.706713050187229 0.6448950457972233 -0.2909760206636626
vn -0.706713050187229 -0.6448950457972233 0.2909760206636626
vn 0.6414391269132339 0.7662141516008484 -0.03836300759039017
vn -0.6414391269132339 -0.7662141516008484 0.03836300759039017
vn 0.5786801789507968 0.8142392517949781 -0.04630001431779531
vn -0.5786801789507968 -0.8142392517949781 0.04630001431779531
vn 0.6356761220180432 0.7715801481048237 0.024082004622541398
vn 0.6253251911653794 0.77232023610258 0.11175803416505109
vn -0.6253251911653794 -0.77232023610258 -0.11175803416505109
vn 0.7148260683116417 0.6675700637956687 -0.20826401990254365
vn -0.7148260683116417 -0.6675700637956687 0.20826401990254365
vn -0.4245167624960978 -0.32959281560308884 0.8432995282001882
vn 0.4245167624960978 0.32959281560308884 -0.8432995282001882
vn -0.2567269067868414 -0.286208896082434 -0.9231336648259204
vn 0.2567269067868414 0.286208896082434 0.9231336648259204
vn 0.027311993074635353 0.019804994978147306 -0.9994307465793748
vn -0.027311993074635353 -0.019804994978147306 0.9994307465793748
vn -0.6360908831927337 -0.687452873760978 -0.35042393565060753
vn 0.6360908831927337 0.687452873760978 0.35042393565060753
vn -0.4236749388999349 -0.5347799228769865 0.7311018945645132
vn 0.4236749388999349 0.5347799228769865 -0.7311018945645132
vn -0.5044700949841607 -0.6271871180899378 0.5934191117319279
vn 0.5044700949841607 0.6271871180899378 -0.5934191117319279
vn -0.5567918655267071 -0.6810488355168509 0.4755578851458888
vn 0.5567918655267071 0.6810488355168509 -0.4755578851458888
vn 0.5718510852661483 0.7097021058204953 -0.41147206135275183
vn -0.5903788215031228 -0.7331287783436793 0.3376018979284446
vn 0.5903788215031228 0.7331287783436793 -0.3376018979284446
vn -0.5718510852661483 -0.7097021058204953 0.41147206135275183
vn -0.6053618035574024 -0.7519377559928542 0.261010915300797
vn 0.6053618035574024 0.7519377559928542 -0.261010915300797
vn -0.2630930735049264 -0.3251600908456779 0.908324253774478
vn 0.2630930735049264 0.3251600908456779 -0.908324253774478
vn 0.3121478464726167 0.3994778035200863 0.8619635760502152
vn -0.3121478464726167 -0.3994778035200863 -0.8619635760502152
vn 0.49060003111360967 0.6108600387404394 0.6214190394100862
vn -0.49060003111360967 -0.6108600387404394 -0.6214190394100862
vn 0.41445017885414825 0.517572223356012 0.7485653230400664
vn -0.41445017885414825 -0.517572223356012 -0.7485653230400664
vn 0.5960889922132895 0.7158609906487078 0.36362199525000605
vn -0.5960889922132895 -0.7158609906487078 -0.36362199525000605
vn 0.6045490737894509 0.7412230904714723 0.29173403560818356
vn -0.6045490737894509 -0.7412230904714723 -0.29173403560818356
vn 0.6206003003898567 0.7469033615244685 0.2387271155513526
vn -0.6206003003898567 -0.7469033615244685 -0.2387271155513526
vn 0.5358200507118873 0.7741330732666669 0.33706803190129997
vn -0.7184540229312567 -0.6473800206627522 0.25440700812003564
vn 0.7184540229312567 0.6473800206627522 -0.25440700812003564
vn 0.584592841413137 0.8104147801527344 -0.03845898956694269
vn -0.584592841413137 -0.8104147801527344 0.03845898956694269
vn 0.6343858751401843 0.7709498482616657 -0.05648798888203494
vn -0.6343858751401843 -0.7709498482616657 0.05648798888203494
vn 0.5784648747155126 0.8153808234040252 0.02307599500217865
vn -0.6356761220180432 -0.7715801481048237 -0.024082004622541398
vn -0.5784648747155126 -0.8153808234040252 -0.02307599500217865
vn 0.6881928376505114 0.7232788293734813 -0.05708198653396123
vn -0.6881928376505114 -0.7232788293734813 0.05708198653396123
vn 0.596307874187102 0.5460468847914912 -0.5884298758492531
vn -0.596307874187102 -0.5460468847914912 0.5884298758492531
vn 0.700171606849552 0.6481976360332404 -0.2993318319234274
vn -0.700171606849552 -0.6481976360332404 0.2993318319234274
vn 0.40084301785074256 0.3595730160128657 -0.8426340375250224
vn -0.40084301785074256 -0.3595730160128657 0.8426340375250224
vn -0.6155672597568193 -0.7642663225047887 0.19228608114080134
vn 0.6155672597568193 0.7642663225047887 -0.19228608114080134
vn -0.6267831803148917 -0.7778482237737427 0.0457710131675441
vn 0.6267831803148917 0.7778482237737427 -0.0457710131675441
vn -0.6185530078673758 -0.7785920099029119 0.10576700134525034
vn 0.6185530078673758 0.7785920099029119 -0.10576700134525034
vn -0.6289119169053329 -0.7690768983861059 0.11397598494098078
vn 0.6289119169053329 0.7690768983861059 -0.11397598494098078
vn -0.6298660261910897 -0.7716320320860037 -0.0886160036848309
vn 0.6298660261910897 0.7716320320860037 0.0886160036848309
vn -0.6082010691299621 -0.7693120874423248 -0.19557702222987253
vn 0.6082010691299621 0.7693120874423248 0.19557702222987253
vn -0.5383753128591375 -0.684679397878953 -0.49129028549721987
vn 0.5383753128591375 0.684679397878953 0.49129028549721987
vn -0.5654051407313361 -0.7076221761296582 -0.423778105479867
vn 0.5654051407313361 0.7076221761296582 0.423778105479867
vn -0.49424323675171056 -0.6210752975066286 -0.6082672913713554
vn 0.49424323675171056 0.6210752975066286 0.6082672913713554
vn -0.4160539618944515 -0.5189119524738942 -0.7467459316070368
vn 0.4160539618944515 0.5189119524738942 0.7467459316070368
vn -0.23548697417897244 -0.3042789666359651 -0.9230168987916643
vn 0.23548697417897244 0.3042789666359651 0.9230168987916643
vn -0.006281000254038201 -0.004058000164128071 0.99997204044437
vn 0.006281000254038201 0.004058000164128071 -0.99997204044437
vn 0.5499078117608142 0.7832907318714037 0.28992590075533714
vn -0.5499078117608142 -0.7832907318714037 -0.28992590075533714
vn 0.5653347575183638 0.7898996611986797 0.23760289808809978
vn -0.5653347575183638 -0.7898996611986797 -0.23760289808809978
vn -0.5358200507118873 -0.7741330732666669 -0.33706803190129997
vn 0.6694572881013406 0.6994393010041179 -0.2502231076836625
vn 0.6640080469818912 0.6893510487750354 -0.28963502049312645
vn -0.6640080469818912 -0.6893510487750354 0.28963502049312645
vn -0.6694572881013406 -0.6994393010041179 0.2502231076836625
vn 0.6707671426701742 0.7165791524142522 -0.1912740406834188
vn -0.6707671426701742 -0.7165791524142522 0.1912740406834188
vn 0.5185099921238333 0.8537619870313555 -0.047305999281421686
vn -0.5185099921238333 -0.8537619870313555 0.047305999281421686
vn 0.5182411110616733 0.8549501832201187 0.02205300472606988
vn 0.5772772786191934 0.8146283931751938 -0.05596002700874963
vn -0.5772772786191934 -0.8146283931751938 0.05596002700874963
vn 0.568134842012233 0.8154527732377013 0.11072296920999512
vn -0.568134842012233 -0.8154527732377013 -0.11072296920999512
vn -0.5182411110616733 -0.8549501832201187 -0.02205300472606988
vn 0.026075005340396314 0.021386004380046838 -0.9994312046925264
vn -0.026075005340396314 -0.021386004380046838 0.9994312046925264
vn -0.5851789189299034 -0.7313338986817399 -0.3503089514685517
vn 0.5851789189299034 0.7313338986817399 0.3503089514685517
vn -0.3842628922692234 -0.5628558421994468 0.7318027948339925
vn 0.3842628922692234 0.5628558421994468 -0.7318027948339925
vn -0.4566989749194631 -0.6484869643870425 0.6090079665551102
vn 0.4566989749194631 0.6484869643870425 -0.6090079665551102
vn -0.4989731848084749 -0.7184962661149001 0.4845501794665171
vn 0.4989731848084749 0.7184962661149001 -0.4845501794665171
vn -0.5196720303109114 -0.7485010436578217 0.41193102402670134
vn 0.5196720303109114 0.7485010436578217 -0.41193102402670134
vn -0.5364409339676118 -0.7732049048235079 0.3382089583686779
vn 0.5364409339676118 0.7732049048235079 -0.3382089583686779
vn -0.5500050234109642 -0.7930610337566437 0.2618180111442837
vn 0.5500050234109642 0.7930610337566437 -0.2618180111442837
vn -0.23944490308649094 -0.342673861305353 0.9084276323208035
vn 0.23944490308649094 0.342673861305353 -0.9084276323208035
vn 0.28312404244242056 0.4221650632857138 0.8611721290961708
vn -0.28312404244242056 -0.4221650632857138 -0.8611721290961708
vn 0.37687916475634325 0.5474282393135076 0.7471843266387981
vn -0.37687916475634325 -0.5474282393135076 -0.7471843266387981
vn 0.43770810613197275 0.6239641512938539 0.6473641569677011
vn -0.43770810613197275 -0.6239641512938539 -0.6473641569677011
vn 0.5344731679812018 0.7562342376791644 0.37742311862146305
vn -0.5344731679812018 -0.7562342376791644 -0.37742311862146305
vn 0.4923480341519688 0.8213290569719026 0.2881180199854514
vn -0.4923480341519688 -0.8213290569719026 -0.2881180199854514
vn 0.47884504738770534 0.8110950802680007 0.33590503324200366
vn -0.47884504738770534 -0.8110950802680007 -0.33590503324200366
vn 0.6126122058512133 0.7353042470784453 -0.28988609740812243
vn -0.6126122058512133 -0.7353042470784453 0.28988609740812243
vn 0.5565961118530092 0.5880791181798035 -0.5868251179278006
vn 0.6436387617111362 0.6979587416007157 -0.31397888375828803
vn -0.6436387617111362 -0.6979587416007157 0.31397888375828803
vn -0.5565961118530092 -0.5880791181798035 0.5868251179278006
vn 0.6175891973287352 0.7630452438040585 -0.1906450609138709
vn -0.6175891973287352 -0.7630452438040585 0.1906450609138709
vn 0.5247029444043154 0.850409909893547 -0.03859799591029147
vn -0.5247029444043154 -0.850409909893547 0.03859799591029147
vn 0.5079780690067935 0.8543601160614123 0.10966801489796237
vn -0.5079780690067935 -0.8543601160614123 -0.10966801489796237
vn 0.3749958895282897 0.38781788575100085 -0.8420067519494783
vn -0.3749958895282897 -0.38781788575100085 0.8420067519494783
vn -0.5592839951963098 -0.8061509930759692 0.19318899834069955
vn 0.5592839951963098 0.8061509930759692 -0.19318899834069955
vn -0.5694761252981441 -0.8206391805599247 0.047416010432637545
vn 0.5694761252981441 0.8206391805599247 -0.047416010432637545
vn -0.5611188077307095 -0.8205887188224515 0.10853496281012132
vn 0.5611188077307095 0.8205887188224515 -0.10853496281012132
vn -0.5721818814093094 -0.8119058317240088 0.1158309759928163
vn 0.5721818814093094 0.8119058317240088 -0.1158309759928163
vn -0.5729747624521614 -0.8147426622183538 -0.08884996316396813
vn 0.5729747624521614 0.8147426622183538 0.08884996316396813
vn -0.5515061217557442 -0.8108761790167484 -0.19575704321718948
vn 0.5515061217557442 0.8108761790167484 0.19575704321718948
vn -0.5132661662808138 -0.7464642418290737 -0.423496137198372
vn 0.5132661662808138 0.7464642418290737 0.423496137198372
vn -0.5312710180815438 -0.7714530262560183 -0.3501590119174872
vn -0.4489500187129106 -0.6633410276490496 -0.5986840249540488
vn 0.4489500187129106 0.6633410276490496 0.5986840249540488
vn 0.5312710180815438 0.7714530262560183 0.3501590119174872
vn -0.37752806321387045 -0.5473170916436023 -0.7469381250684506
vn 0.37752806321387045 0.5473170916436023 0.7469381250684506
vn -0.21301609698433394 -0.32077914604789126 -0.9228894201833429
vn 0.21301609698433394 0.32077914604789126 0.9228894201833429
vn 0.02470799741014491 0.022877997601962956 -0.9994328952409486
vn -0.02470799741014491 -0.022877997601962956 0.9994328952409486
vn -0.006209000979438938 -0.003890000613628418 0.9999731577407783
vn 0.006209000979438938 0.003890000613628418 -0.9999731577407783
vn 0.47905914478678585 0.801366242198158 0.35821010826239486
vn 0.5070999564857546 0.8288139288794797 0.2364679797086837
vn -0.5070999564857546 -0.8288139288794797 -0.2364679797086837
vn -0.47905914478678585 -0.801366242198158 -0.35821010826239486
vn 0.6150489589427156 0.7506179498928758 -0.24142798388359604
vn -0.6150489589427156 -0.7506179498928758 0.24142798388359604
vn 0.5198120138974344 0.6418920171613044 -0.5637110150710959
vn -0.5198120138974344 -0.6418920171613044 0.5637110150710959
vn 0.46716091873386156 0.8834648463146774 -0.035362993848342336
vn -0.46716091873386156 -0.8834648463146774 0.035362993848342336
vn 0.5171631597752556 0.8540862638661485 -0.05548801714277566
vn -0.5171631597752556 -0.8540862638661485 0.05548801714277566
vn 0.4667880859942765 0.8841411628813629 0.020082003699617712
vn -0.4667880859942765 -0.8841411628813629 -0.020082003699617712
vn 0.4633341113415171 0.8796472113836485 0.10743502581717719
vn -0.4633341113415171 -0.8796472113836485 -0.10743502581717719
vn 0.5612448449870014 0.8055567775092766 -0.18995394753567657
vn -0.5612448449870014 -0.8055567775092766 0.18995394753567657
vn -0.3471039011163606 -0.41416788201104243 0.8414177602952597
vn 0.3471039011163606 0.41416788201104243 -0.8414177602952597
vn -0.4965379093902809 -0.723028868059535 -0.4802909123550816
vn 0.4965379093902809 0.723028868059535 0.4802909123550816
vn 0.31730693329304643 0.43847190782071843 -0.8408678232256374
vn -0.31730693329304643 -0.43847190782071843 0.8408678232256374
vn -0.3429970369829715 -0.588036063403816 0.7325070789811149
vn 0.3429970369829715 0.588036063403816 -0.7325070789811149
vn -0.41822805348948944 -0.6856890876965545 0.5957480761935029
vn 0.41822805348948944 0.6856890876965545 -0.5957480761935029
vn -0.4428618472328392 -0.7578317385825767 0.4791288347223807
vn -0.4648658134610081 -0.783462685616074 0.41241483450827027
vn 0.4648658134610081 0.783462685616074 -0.41241483450827027
vn 0.4428618472328392 0.7578317385825767 -0.4791288347223807
vn -0.4797922556386596 -0.8093154312122792 0.33883318053409367
vn 0.4797922556386596 0.8093154312122792 -0.33883318053409367
vn -0.49186696271574776 -0.830114937076045 0.26263298009202674
vn 0.49186696271574776 0.830114937076045 -0.26263298009202674
vn -0.2146060584427101 -0.3584470976142986 0.9085482474208892
vn 0.2146060584427101 0.3584470976142986 -0.9085482474208892
vn 0.2524758996801098 0.44272782408456895 0.860376658134135
vn -0.2524758996801098 -0.44272782408456895 -0.860376658134135
vn 0.4080920679218292 0.6715691117742932 0.6184301029299689
vn -0.4080920679218292 -0.6715691117742932 -0.6184301029299689
vn 0.337172126212317 0.5745302150616375 0.7458082791754823
vn -0.337172126212317 -0.5745302150616375 -0.7458082791754823
vn 0.4477569529429855 0.8480789108711514 0.28332997022343853
vn -0.4477569529429855 -0.8480789108711514 -0.28332997022343853
vn 0.43593092305057013 0.8278648538673784 0.3529929376905748
vn -0.43593092305057013 -0.8278648538673784 -0.3529929376905748
vn 0.4372671630967469 0.835260311544637 0.3333731243451984
vn -0.4372671630967469 -0.835260311544637 -0.3333731243451984
vn 0.6007838240157245 0.745772781544913 -0.2878919156694167
vn -0.6007838240157245 -0.745772781544913 0.2878919156694167
vn 0.5583967973650981 0.7775687178304719 -0.28910189508869943
vn -0.5583967973650981 -0.7775687178304719 0.28910189508869943
vn 0.4702288275950992 0.8809776769979634 -0.05256598072718589
vn -0.4702288275950992 -0.8809776769979634 0.05256598072718589
vn 0.45307481234483343 0.8554566456857565 0.25083289610967646
vn -0.45307481234483343 -0.8554566456857565 -0.25083289610967646
vn -0.5001649892817145 -0.8438969819157098 0.19409499584064113
vn 0.5001649892817145 0.8438969819157098 -0.19409499584064113
vn -0.5092640108093834 -0.8592130182372262 0.04902200104051631
vn 0.5092640108093834 0.8592130182372262 -0.04902200104051631
vn -0.500853069406971 -0.8583601189494077 0.11119401540898954
vn 0.500853069406971 0.8583601189494077 -0.11119401540898954
vn -0.5125528010337045 -0.850557669824634 0.11764895433021404
vn 0.5125528010337045 0.850557669824634 -0.11764895433021404
vn -0.5131539991581708 -0.8536669985995593 -0.08902599985395304
vn 0.5131539991581708 0.8536669985995593 0.08902599985395304
vn -0.49199909982515144 -0.848274172112302 -0.19587703974286794
vn 0.49199909982515144 0.848274172112302 0.19587703974286794
vn -0.4584912580249686 -0.7814724397889778 -0.42318623815637485
vn 0.4584912580249686 0.7814724397889778 0.42318623815637485
vn -0.47464392302557734 -0.8076088690276575 -0.34997294324384265
vn 0.47464392302557734 0.8076088690276575 0.34997294324384265
vn -0.33711799241754214 -0.5728839871146933 -0.7470979831962725
vn 0.33711799241754214 0.5728839871146933 0.7470979831962725
vn -0.4452611751383972 -0.7484312943869004 -0.49152119333424704
vn 0.4452611751383972 0.7484312943869004 0.49152119333424704
vn -0.18943297578876234 -0.3356249571041124 -0.9227518820640124
vn 0.18943297578876234 0.3356249571041124 0.9227518820640124
vn 0.02321599556350493 0.0242709953618984 -0.9994358090113331
vn -0.02321599556350493 -0.0242709953618984 0.9994358090113331
vn -0.006155000943694049 -0.003716000569743047 0.9999741533175489
vn 0.006155000943694049 0.003716000569743047 -0.9999741533175489
vn 0.3680468493558791 0.696005715120047 0.6165367476472452
vn -0.3680468493558791 -0.696005715120047 -0.6165367476472452
vn 0.5467652876604013 0.7775184090626504 -0.31066516344502393
vn -0.5467652876604013 -0.7775184090626504 0.31066516344502393
vn 0.559795923759719 0.7931128919835833 -0.24000096731355033
vn -0.559795923759719 -0.7931128919835833 0.24000096731355033
vn 0.46931007958561005 0.8813861494654759 -0.05391200914239909
vn -0.46931007958561005 -0.8813861494654759 0.05391200914239909
vn 0.4526828431592288 0.888508692158891 -0.07503697400198145
vn -0.4526828431592288 -0.888508692158891 0.07503697400198145
vn 0.45331509885670096 0.8911801943441421 0.017415003797777565
vn -0.45331509885670096 -0.8911801943441421 -0.017415003797777565
vn 0.5019991578338311 0.8438672653207707 -0.18943305955975215
vn -0.5019991578338311 -0.8438672653207707 0.18943305955975215
vn 0.45189411409039926 0.8896702246164044 0.06541101651441973
vn -0.45189411409039926 -0.8896702246164044 -0.06541101651441973
vn 0.440647106865529 0.8706362111462842 0.2186840530351538
vn -0.440647106865529 -0.8706362111462842 -0.2186840530351538
vn -0.45959288075542537 -0.6697768262217366 0.5832438486733202
vn 0.45959288075542537 0.6697768262217366 -0.5832438486733202
vn -0.39086908885803906 -0.6896591567833373 -0.6095831385792939
vn 0.39086908885803906 0.6896591567833373 0.6095831385792939
vn 0.28575895421413233 0.4605889262019151 -0.8403568653534118
vn -0.28575895421413233 -0.4605889262019151 0.8403568653534118
vn -0.3138781466669744 -0.6018852812451078 0.7343123431247786
vn 0.3138781466669744 0.6018852812451078 -0.7343123431247786
vn -0.377043910276191 -0.7081258314897946 0.5969888579366678
vn 0.377043910276191 0.7081258314897946 -0.5969888579366678
vn -0.4204458869307641 -0.8078167827562854 0.41310688890441843
vn 0.4204458869307641 0.8078167827562854 -0.41310688890441843
vn -0.4046861391422474 -0.7765822670103854 0.4828551660189129
vn 0.4046861391422474 0.7765822670103854 -0.4828551660189129
vn -0.43149421536270005 -0.8295114140167157 0.35457517697170593
vn 0.43149421536270005 0.8295114140167157 -0.35457517697170593
vn -0.44469805607998597 -0.8558881079343443 0.26400603329327477
vn 0.44469805607998597 0.8558881079343443 -0.26400603329327477
vn -0.20882005007870835 -0.39781309540255366 0.893386214249674
vn 0.20882005007870835 0.39781309540255366 -0.893386214249674
vn 0.23273000577379876 0.4575610113516311 0.8581810212906132
vn -0.23273000577379876 -0.4575610113516311 -0.8581810212906132
vn 0.3077309674822242 0.5945169371776957 0.7428669215016281
vn -0.3077309674822242 -0.5945169371776957 -0.7428669215016281
vn 0.4308662083624247 0.8533764126839725 0.2934331419012209
vn -0.4308662083624247 -0.8533764126839725 -0.2934331419012209
vn 0.4288620648002052 0.8508021285545097 0.30366604588333584
vn -0.4288620648002052 -0.8508021285545097 -0.30366604588333584
vn 0.3545160580794842 0.709533116241046 0.609000099770972
vn -0.3545160580794842 -0.709533116241046 -0.609000099770972
vn 0.4255480441435903 0.8428150874281634 0.32950203418040125
vn -0.4255480441435903 -0.8428150874281634 -0.32950203418040125
vn 0.495501050550772 0.8195480836098901 -0.2877840293595841
vn -0.495501050550772 -0.8195480836098901 0.2877840293595841
vn 0.4533571780853082 0.8908593499425388 -0.028929011363737166
vn -0.4533571780853082 -0.8908593499425388 0.028929011363737166
vn 0.48993591764716843 0.8152488629656455 -0.3087589481010214
vn -0.48993591764716843 -0.8152488629656455 0.3087589481010214
vn -0.45088809457063156 -0.8676771819892344 0.2093710439141153
vn 0.45088809457063156 0.8676771819892344 -0.2093710439141153
vn -0.4599739000463024 -0.8854568075876001 0.06625898560172501
vn 0.4599739000463024 0.8854568075876001 -0.06625898560172501
vn -0.45809289284521354 -0.8813247938449351 0.11583397290469923
vn 0.45809289284521354 0.8813247938449351 -0.11583397290469923
vn -0.46064175567061055 -0.8792925336136918 0.12105293579220812
vn 0.46064175567061055 0.8792925336136918 -0.12105293579220812
vn -0.4617881188772071 -0.8837102274917856 -0.07621001961859564
vn 0.4617881188772071 0.8837102274917856 0.07621001961859564
vn -0.45018693928576753 -0.8709578825387084 -0.1968859734470736
vn 0.45018693928576753 0.8709578825387084 0.1968859734470736
vn -0.4145329572328442 -0.8056909168772751 -0.4231129563476503
vn 0.4145329572328442 0.8056909168772751 0.4231129563476503
vn -0.4315719888496905 -0.8374049783643864 -0.3354079913342317
vn 0.4315719888496905 0.8374049783643864 0.3354079913342317
vn -0.1725340517921421 -0.3451431036067979 -0.9225552769372976
vn 0.1725340517921421 0.3451431036067979 0.9225552769372976
vn -0.29403713424415445 -0.5744402622636335 -0.7639113487676256
vn 0.29403713424415445 0.5744402622636335 0.7639113487676256
vn -0.4030239391236416 -0.7788108823614038 -0.48065092739816373
vn 0.4030239391236416 0.7788108823614038 0.48065092739816373
vn 0.021133003682193747 0.02562700446522424 -0.9994481741428655
vn -0.021133003682193747 -0.02562700446522424 0.9994481741428655
vn 0.0167689958438552 0.042097989566140644 0.9989727524076307
vn -0.0167689958438552 -0.042097989566140644 -0.9989727524076307
vn 0.3002570077307173 0.6048610155733566 0.7375560189898551
vn -0.3002570077307173 -0.6048610155733566 -0.7375560189898551
vn 0.5015940301081827 0.831533049912773 -0.23865501432526753
vn -0.5015940301081827 -0.831533049912773 0.23865501432526753
vn 0.4598840718824155 0.8643231350984704 -0.20359803182349448
vn -0.4598840718824155 -0.8643231350984704 0.20359803182349448
vn 0.45182185483327597 0.8891077143368502 -0.07310597651163818
vn -0.45182185483327597 -0.8891077143368502 0.07310597651163818
vn -0.41105210268719933 -0.7017481753075933 0.5818811453629472
vn 0.41105210268719933 0.7017481753075933 -0.5818811453629472
vn -0.3584018243256257 -0.7045806546424785 -0.61246569979358
vn 0.3584018243256257 0.7045806546424785 0.61246569979358
vn 0.23837400025494102 0.44070300047133204 -0.8654240009255708
vn -0.23837400025494102 -0.44070300047133204 0.8654240009255708
vn -0.35944719816437337 -0.712172392622885 0.6029993324354325
vn 0.35944719816437337 0.712172392622885 -0.6029993324354325
vn 0.42636109065354433 0.8474941801955032 -0.3161800672266872
vn -0.4005740025634733 -0.794693005085638 0.4560740029186454
vn 0.4005740025634733 0.794693005085638 -0.4560740029186454
vn -0.4331021753081022 -0.861161348574933 0.2661271077210894
vn 0.4331021753081022 0.861161348574933 -0.2661271077210894
vn -0.18903003710659996 -0.3701900726683187 0.9095201785388286
vn 0.18903003710659996 0.3701900726683187 -0.9095201785388286
vn 0.17509102016619693 0.35728204115013984 0.9174381056663986
vn -0.17509102016619693 -0.35728204115013984 -0.9174381056663986
vn 0.4501738932376725 0.8458577993980799 -0.28612593214295406
vn -0.4501738932376725 -0.8458577993980799 0.28612593214295406
vn -0.4558450386989662 -0.8583080728660669 0.2356110200021982
vn 0.4460589515789652 0.8419759086009941 -0.30349296705492956
vn -0.4460589515789652 -0.8419759086009941 0.30349296705492956
vn 0.4558450386989662 0.8583080728660669 -0.2356110200021982
vn -0.44224205552681034 -0.8796891104515724 0.17484002195247722
vn 0.44224205552681034 0.8796891104515724 -0.17484002195247722
vn -0.44563822542414794 -0.8863684483656045 0.12552906349832776
vn 0.44563822542414794 0.8863684483656045 -0.12552906349832776
vn -0.44578408082244436 -0.8866001607441701 0.12335602236494211
vn 0.44578408082244436 0.8866001607441701 -0.12335602236494211
vn -0.44853202464773245 -0.8930040490723599 0.036916002028607994
vn 0.44853202464773245 0.8930040490723599 -0.036916002028607994
vn -0.4458051280368114 -0.8894282554469445 -0.1008720289708041
vn 0.4458051280368114 0.8894282554469445 0.1008720289708041
vn -0.4347260094752882 -0.8696940189558511 -0.23376400509512052
vn 0.4347260094752882 0.8696940189558511 0.23376400509512052
vn 0.4038329926151062 0.8107339851741077 0.4238269922494761
vn -0.38476096041771823 -0.7739849203763053 -0.5028979482643764
vn 0.38476096041771823 0.7739849203763053 0.5028979482643764
vn -0.29747797955999133 -0.603936958502889 -0.7394369491925498
vn 0.29747797955999133 0.603936958502889 0.7394369491925498
vn -0.1922800694200397 -0.39634214309380766 -0.8977423241173564
vn 0.1922800694200397 0.39634214309380766 0.8977423241173564
vn 0.05792101297818907 0.10235502293438573 -0.9930602225120498
vn -0.05792101297818907 -0.10235502293438573 0.9930602225120498
vn -0.2842550259630025 -0.5616740513016255 0.776995070968402
vn 0.2842550259630025 0.5616740513016255 -0.776995070968402
vn -0.42636109065354433 -0.8474941801955032 0.3161800672266872
vn -0.40943993244958193 -0.8127858659045671 0.41441293162912396
vn 0.40943993244958193 0.8127858659045671 -0.41441293162912396
vn -0.005336998836617104 -0.001987999566647178 0.999983782019059
vn 0.005336998836617104 0.001987999566647178 -0.999983782019059
vn 0.44129018438762596 0.8681243627349893 -0.22720709493566418
vn -0.44129018438762596 -0.8681243627349893 0.22720709493566418
vn 0.4347191252265134 0.8550332463034777 -0.2827320814446631
vn -0.4347191252265134 -0.8550332463034777 0.2827320814446631
vn -0.37911301129643055 -0.7244810215873615 0.5756740171533589
vn 0.37911301129643055 0.7244810215873615 -0.5756740171533589
vn -0.4134528817347143 -0.8292987627849279 -0.37592589246904545
vn 0.4134528817347143 0.8292987627849279 0.37592589246904545
vn -0.4038329926151062 -0.8107339851741077 -0.4238269922494761
vn -0.34906902976145227 -0.7046160600752155 -0.6177920526726439
vn 0.34906902976145227 0.7046160600752155 0.6177920526726439
vn 0.2631559907363829 0.51337198192828 -0.8168219712462332
vn -0.2631559907363829 -0.51337198192828 0.8168219712462332
vn 0.4424320721407674 0.87218514221416 -0.20867903402616247
vn -0.4424320721407674 -0.87218514221416 0.20867903402616247
vn 0.42636010968179194 0.8409392163329028 -0.3332240857224068
vn -0.42636010968179194 -0.8409392163329028 0.3332240857224068
vn 0.37362089755054856 0.7354067983463358 -0.5653178449859108
vn -0.37362089755054856 -0.7354067983463358 0.5653178449859108
usemtl material_0_0
f 1//1 2//2 3//3
f 3//4 2//5 1//6
f 4//7 2//2 1//1
f 1//6 2//5 4//8
f 1//1 3//3 5//9
f 2//2 4//7 6//10
f 6//11 4//8 2//5
f 5//12 3//4 1//6
f 3//3 7//13 5//9
f 5//12 7//14 3//4
f 8//15 7//13 3//3
f 3//4 7//14 8//16
f 5//9 7//13 9//17
f 9//18 7//14 5//12
f 7//13 8//15 10//19
f 10//20 8//16 7//14
f 3//3 11//21 8//15
f 8//16 11//22 3//4
f 7//13 12//23 9//17
f 9//18 12//24 7//14
f 8//15 13//25 10//19
f 10//20 13//26 8//16
f 14//27 7//13 10//19
f 10//20 7//14 14//28
f 11//21 3//3 2//2
f 2//5 3//4 11//22
f 15//29 8//15 11//21
f 11//22 8//16 15//30
f 7//13 16//31 12//23
f 12//24 16//32 7//14
f 13//25 8//15 17//33
f 17//34 8//16 13//26
f 18//35 10//19 13//25
f 13//26 10//20 18//36
f 7//13 14//27 16//31
f 16//32 14//28 7//14
f 10//19 18//35 14//27
f 14//28 18//36 10//20
f 2//2 19//37 11//21
f 11//22 19//38 2//5
f 8//15 15//29 17//33
f 17//34 15//30 8//16
f 11//21 20//39 15//29
f 15//30 20//40 11//22
f 12//23 16//31 21//41
f 21//42 16//32 12//24
f 17//33 22//43 13//25
f 13//26 22//44 17//34
f 13//25 23//45 18//35
f 18//36 23//46 13//26
f 14//27 24//47 16//31
f 16//32 24//48 14//28
f 18//35 25//49 14//27
f 14//28 25//50 18//36
f 19//37 2//2 26//51
f 20//39 11//21 19//37
f 19//38 11//22 20//40
f 15//29 27//52 17//33
f 17//34 27//53 15//30
f 20//39 28//54 15//29
f 15//30 28//55 20//40
f 16//31 29//56 21//41
f 21//42 29//57 16//32
f 16//31 24//47 29//56
f 29//57 24//48 16//32
f 22//43 17//33 30//58
f 30//59 17//34 22//44
f 23//45 13//25 22//43
f 22//44 13//26 23//46
f 23//45 31//60 18//35
f 18//36 31//61 23//46
f 24//47 14//27 25//49
f 25//50 14//28 24//48
f 25//49 18//35 31//60
f 31//61 18//36 25//50
f 26//62 2//5 19//38
f 32//63 19//37 26//51
f 26//62 19//38 32//64
f 19//37 32//63 20//39
f 20//40 32//64 19//38
f 15//29 28//54 27//52
f 27//53 28//55 15//30
f 17//33 27//52 30//58
f 30//59 27//53 17//34
f 20//39 33//65 28//54
f 28//55 33//66 20//40
f 32//64 20//40 33//66
f 29//56 34//67 35//68
f 35//69 34//70 29//57
f 24//47 34//67 29//56
f 29//57 34//70 24//48
f 30//58 36//71 22//43
f 22//44 36//72 30//59
f 22//43 37//73 23//45
f 23//46 37//74 22//44
f 31//60 23//45 38//75
f 38//76 23//46 31//61
f 39//77 40//78 34//67
f 34//70 40//79 39//80
f 25//49 34//67 24//47
f 34//67 25//49 39//77
f 24//48 34//70 25//50
f 39//80 25//50 34//70
f 39//77 31//60 41//81
f 31//60 39//77 25//49
f 41//82 31//61 39//80
f 25//50 39//80 31//61
f 41//81 42//83 39//77
f 39//80 42//84 41//82
f 26//51 2//2 43//85
f 43//86 2//5 26//62
f 26//51 44//87 32//63
f 32//64 44//88 26//62
f 45//89 26//62 44//88
f 33//65 20//39 32//63
f 28//54 46//90 27//52
f 27//53 46//91 28//55
f 47//92 30//58 27//52
f 27//53 30//59 47//93
f 33//66 28//55 48//94
f 32//63 49//95 33//65
f 33//66 49//96 32//64
f 44//88 32//64 49//96
f 34//67 40//78 35//68
f 35//69 40//79 34//70
f 36//71 30//58 47//92
f 47//93 30//59 36//72
f 37//73 22//43 36//71
f 36//72 22//44 37//74
f 37//73 38//75 23//45
f 23//46 38//76 37//74
f 41//81 50//97 51//98
f 51//99 50//100 41//82
f 41//81 38//75 50//97
f 38//75 41//81 31//60
f 50//100 38//76 41//82
f 31//61 41//82 38//76
f 40//78 39//77 42//83
f 42//84 39//80 40//79
f 42//83 41//81 51//98
f 51//99 41//82 42//84
f 6//10 43//85 2//2
f 2//5 43//86 6//11
f 43//85 45//101 26//51
f 45//101 43//85 52//102
f 26//62 45//89 43//86
f 52//103 43//86 45//89
f 52//102 53//104 45//101
f 53//104 52//102 54//105
f 45//89 53//106 52//103
f 54//107 52//103 53//106
f 44//87 26//51 45//101
f 49//95 32//63 44//87
f 53//104 55//108 56//109
f 56//110 55//111 53//106
f 45//101 56//109 44//87
f 56//109 45//101 53//104
f 44//88 56//110 45//89
f 53//106 45//89 56//110
f 33//65 57//112 48//113
f 28//54 48//113 46//90
f 48//113 28//54 33//65
f 46//91 48//94 28//55
f 27//52 46//90 58//114
f 58//115 46//91 27//53
f 58//114 47//92 27//52
f 27//53 47//93 58//115
f 57//112 33//65 49//95
f 48//94 57//116 33//66
f 49//96 33//66 57//116
f 56//109 59//117 60//118
f 60//119 59//120 56//110
f 44//87 60//118 49//95
f 60//118 44//87 56//109
f 49//96 60//119 44//88
f 56//110 44//88 60//119
f 61//121 35//68 40//78
f 40//79 35//69 61//122
f 47//92 62//123 36//71
f 36//72 62//124 47//93
f 36//71 63//125 37//73
f 37//74 63//126 36//72
f 38//75 37//73 64//127
f 64//128 37//74 38//76
f 51//98 50//97 65//129
f 65//130 50//100 51//99
f 38//75 64//127 50//97
f 50//100 64//128 38//76
f 66//131 40//78 42//83
f 42//84 40//79 66//132
f 42//83 51//98 67//133
f 67//134 51//99 42//84
f 6//10 52//102 43//85
f 43//86 52//103 6//11
f 68//135 52//102 6//10
f 6//11 52//103 68//136
f 54//105 69//137 53//104
f 53//106 69//138 54//107
f 70//139 54//105 71//140
f 71//141 54//107 70//142
f 54//105 52//102 68//135
f 68//136 52//103 54//107
f 71//140 54//105 68//135
f 68//136 54//107 71//141
f 55//108 53//104 69//137
f 69//138 53//106 55//111
f 59//117 56//109 55//108
f 55//111 56//110 59//120
f 57//112 72//143 48//113
f 48//94 72//144 57//116
f 48//113 73//145 46//90
f 46//91 73//146 48//94
f 74//147 58//114 46//90
f 46//91 58//115 74//148
f 75//149 47//92 58//114
f 58//115 47//93 75//150
f 76//151 60//118 59//117
f 59//120 60//119 76//152
f 77//153 49//95 60//118
f 60//119 49//96 77//154
f 61//121 40//78 78//155
f 78//156 40//79 61//122
f 62//123 47//92 75//149
f 75//150 47//93 62//124
f 63//125 36//71 62//123
f 62//124 36//72 63//126
f 63//125 64//127 37//73
f 37//74 64//128 63//126
f 50//97 79//157 65//129
f 65//130 79//158 50//100
f 50//97 64//127 79//157
f 79//158 64//128 50//100
f 51//98 65//129 80//159
f 80//160 65//130 51//99
f 40//78 66//131 78//155
f 78//156 66//132 40//79
f 66//131 42//83 67//133
f 67//134 42//84 66//132
f 67//133 51//98 80//159
f 80//160 51//99 67//134
f 69//137 54//105 70//139
f 70//142 54//107 69//138
f 81//161 70//139 71//140
f 71//141 70//142 81//162
f 69//137 82//163 55//108
f 55//111 82//164 69//138
f 55//108 83//165 59//117
f 59//120 83//166 55//111
f 72//143 57//112 84//167
f 84//168 57//116 72//144
f 73//145 48//113 72//143
f 72//144 48//94 73//146
f 73//145 74//147 46//90
f 46//91 74//148 73//146
f 74//147 75//149 58//114
f 58//115 75//150 74//148
f 60//118 76//151 77//153
f 77//154 76//152 60//119
f 49//95 77//153 57//112
f 57//116 77//154 49//96
f 85//169 61//121 78//155
f 78//156 61//122 85//170
f 75//149 86//171 62//123
f 62//124 86//172 75//150
f 62//123 87//173 63//125
f 63//126 87//174 62//124
f 64//127 63//125 88//175
f 88//176 63//126 64//128
f 89//177 79//158 65//130
f 65//129 79//157 89//178
f 79//157 90//179 89//178
f 89//177 90//180 79//158
f 64//127 88//175 79//157
f 79//158 88//176 64//128
f 65//129 89//178 80//159
f 80//160 89//177 65//130
f 91//181 78//155 66//131
f 66//132 78//156 91//182
f 66//131 67//133 92//183
f 92//184 67//134 66//132
f 67//133 80//159 93//185
f 93//186 80//160 67//134
f 70//139 94//187 69//137
f 69//138 94//188 70//142
f 81//161 95//189 70//139
f 70//142 95//190 81//162
f 82//163 69//137 94//187
f 94//188 69//138 82//164
f 83//165 55//108 82//163
f 82//164 55//111 83//166
f 77//153 96//191 97//192
f 97//193 96//194 77//154
f 57//112 97//192 84//167
f 97//192 57//112 77//153
f 84//168 97//193 57//116
f 77//154 57//116 97//193
f 84//167 98//195 72//143
f 72//144 98//196 84//168
f 72//143 99//197 73//145
f 73//146 99//198 72//144
f 100//199 74//147 73//145
f 73//146 74//148 100//200
f 101//201 75//149 74//147
f 74//148 75//150 101//202
f 96//191 77//153 76//151
f 76//152 77//154 96//194
f 102//203 85//169 78//155
f 78//156 85//170 102//204
f 102//203 78//155 103//205
f 103//206 78//156 102//204
f 104//207 102//203 105//208
f 86//171 75//149 101//201
f 101//202 75//150 86//172
f 87//173 62//123 86//171
f 86//172 62//124 87//174
f 87//173 88//175 63//125
f 63//126 88//176 87//174
f 90//180 88//176 79//158
f 79//157 88//175 90//179
f 89//178 106//209 107//210
f 107//211 106//212 89//177
f 89//178 90//179 106//209
f 106//212 90//180 89//177
f 80//159 89//178 107//210
f 107//211 89//177 80//160
f 78//155 91//181 103//205
f 103//206 91//182 78//156
f 91//181 66//131 92//183
f 92//184 66//132 91//182
f 92//183 67//133 93//185
f 93//186 67//134 92//184
f 93//185 80//159 108//213
f 108//214 80//160 93//186
f 94//187 70//139 95//189
f 95//190 70//142 94//188
f 95//189 81//161 109//215
f 109//216 81//162 95//190
f 110//217 111//218 112//219
f 111//218 110//217 113//220
f 112//221 111//222 110//223
f 113//224 110//223 111//222
f 114//225 112//219 115//226
f 112//219 114//225 110//217
f 115//227 112//221 114//228
f 110//223 114//228 112//221
f 94//187 115//226 82//163
f 82//164 115//227 94//188
f 114//225 115//226 94//187
f 94//188 115//227 114//228
f 113//220 116//229 111//218
f 111//222 116//230 113//224
f 82//163 117//231 83//165
f 83//166 117//232 82//164
f 115//226 117//231 82//163
f 82//164 117//232 115//227
f 111//218 118//233 119//234
f 119//235 118//236 111//222
f 120//237 97//192 96//191
f 96//194 97//193 120//238
f 121//239 84//167 97//192
f 97//193 84//168 121//240
f 120//237 121//239 97//192
f 97//193 121//240 120//238
f 98//195 84//167 121//239
f 121//240 84//168 98//196
f 98//196 72//144 99//198
f 99//197 100//199 73//145
f 73//146 100//200 99//198
f 99//197 72//143 98//195
f 100//199 101//201 74//147
f 74//148 101//202 100//200
f 102//203 103//205 105//208
f 105//241 103//206 102//204
f 122//242 104//207 105//208
f 105//241 104//243 122//244
f 105//241 102//204 104//243
f 101//201 123//245 86//171
f 86//172 123//246 101//202
f 86//171 124//247 87//173
f 87//174 124//248 86//172
f 88//175 87//173 125//249
f 125//250 87//174 88//176
f 88//175 125//249 90//179
f 90//180 125//250 88//176
f 107//210 106//209 126//251
f 126//252 106//212 107//211
f 90//179 127//253 106//209
f 106//212 127//254 90//180
f 80//159 107//210 108//213
f 108//214 107//211 80//160
f 91//182 103//206 128//255
f 93//186 92//184 129//256
f 130//257 129//256 92//184
f 131//258 130//259 129//260
f 93//185 108//213 132//261
f 132//262 108//214 93//186
f 129//260 93//185 132//261
f 132//262 93//186 129//256
f 95//189 114//225 94//187
f 114//225 95//189 133//263
f 94//188 114//228 95//190
f 133//264 95//190 114//228
f 133//263 110//217 114//225
f 110//217 133//263 134//265
f 114//228 110//223 133//264
f 134//266 133//264 110//223
f 134//265 113//220 110//217
f 110//223 113//224 134//266
f 135//267 134//266 113//224
f 113//220 134//265 135//268
f 119//234 112//219 111//218
f 111//222 112//221 119//235
f 136//269 115//226 112//219
f 112//221 115//227 136//270
f 116//229 113//220 137//271
f 137//272 113//224 116//230
f 118//233 111//218 116//229
f 116//230 111//222 118//236
f 112//219 119//234 136//269
f 136//270 119//235 112//221
f 115//226 136//269 117//231
f 117//232 136//270 115//227
f 117//231 138//273 83//165
f 83//166 138//274 117//232
f 136//269 139//275 117//231
f 117//232 139//276 136//270
f 119//234 140//277 136//269
f 118//233 141//278 119//234
f 119//235 141//279 118//236
f 142//280 120//237 96//191
f 96//194 120//238 142//281
f 143//282 98//195 121//239
f 121//240 98//196 143//283
f 98//195 144//284 99//197
f 99//198 144//285 98//196
f 145//286 121//239 120//237
f 120//238 121//240 145//287
f 146//288 100//199 99//197
f 99//198 100//200 146//289
f 100//199 147//290 101//201
f 101//202 147//291 100//200
f 103//205 148//292 105//208
f 105//241 148//293 103//206
f 149//294 104//207 122//242
f 122//244 104//243 149//295
f 105//208 150//296 122//242
f 122//244 150//297 105//241
f 123//245 101//201 147//290
f 147//291 101//202 123//246
f 124//247 86//171 123//245
f 123//246 86//172 124//248
f 124//247 125//249 87//173
f 87//174 125//250 124//248
f 106//209 127//253 151//298
f 151//299 127//254 106//212
f 90//179 125//249 127//253
f 127//254 125//250 90//180
f 106//209 151//298 126//251
f 126//252 151//299 106//212
f 107//210 126//251 108//213
f 108//214 126//252 107//211
f 148//293 128//255 103//206
f 128//300 103//205 91//181
f 91//181 130//259 128//300
f 129//260 92//183 93//185
f 92//183 129//260 130//259
f 129//256 130//257 131//301
f 130//259 91//181 92//183
f 92//184 91//182 130//257
f 130//259 131//258 152//302
f 152//302 131//258 153//303
f 153//304 131//301 152//305
f 152//305 131//301 130//257
f 108//213 154//306 132//261
f 132//262 154//307 108//214
f 131//258 129//260 155//308
f 155//309 129//256 131//301
f 131//258 155//308 156//310
f 156//311 155//309 131//301
f 129//260 132//261 155//308
f 155//309 132//262 129//256
f 135//268 137//271 113//220
f 113//224 137//272 135//267
f 157//312 158//313 135//268
f 158//313 157//312 159//314
f 135//267 158//315 157//316
f 159//317 157//316 158//315
f 137//271 160//318 116//229
f 116//230 160//319 137//272
f 116//229 161//320 118//233
f 118//236 161//321 116//230
f 136//270 140//322 119//235
f 83//165 162//323 59//117
f 59//120 162//324 83//166
f 83//165 138//273 162//323
f 162//324 138//274 83//166
f 117//231 139//275 138//273
f 138//274 139//276 117//232
f 136//269 140//277 139//275
f 139//276 140//322 136//270
f 119//234 141//278 140//277
f 140//322 141//279 119//235
f 118//233 163//325 141//278
f 141//279 163//326 118//236
f 142//280 164//327 120//237
f 142//280 96//191 165//328
f 165//329 96//194 142//281
f 144//284 146//288 99//197
f 99//198 146//289 144//285
f 144//284 98//195 143//282
f 143//283 98//196 144//285
f 145//286 143//282 121//239
f 121//240 143//283 145//287
f 164//327 145//286 120//237
f 146//288 147//290 100//199
f 100//200 147//291 146//289
f 150//296 105//208 148//292
f 148//293 105//241 150//297
f 149//294 122//242 166//330
f 166//331 122//244 149//295
f 167//332 122//242 150//296
f 150//297 122//244 167//333
f 147//290 168//334 123//245
f 123//246 168//335 147//291
f 123//245 169//336 124//247
f 124//248 169//337 123//246
f 125//249 124//247 170//338
f 170//339 124//248 125//250
f 127//253 171//340 151//298
f 151//299 171//341 127//254
f 125//249 170//338 127//253
f 127//254 170//339 125//250
f 126//251 151//298 172//342
f 172//343 151//299 126//252
f 108//213 126//251 154//306
f 154//307 126//252 108//214
f 103//205 128//300 148//292
f 128//255 130//257 91//182
f 128//300 152//302 148//292
f 148//293 152//305 128//255
f 153//303 131//258 156//310
f 156//311 131//301 153//304
f 173//344 152//302 153//303
f 153//304 152//305 173//345
f 152//302 128//300 130//259
f 130//257 128//255 152//305
f 132//261 154//306 174//346
f 174//347 154//307 132//262
f 156//310 155//308 175//348
f 175//349 155//309 156//311
f 132//261 174//346 155//308
f 155//309 174//347 132//262
f 137//271 135//268 158//313
f 158//315 135//267 137//272
f 176//350 158//313 159//314
f 159//317 158//315 176//351
f 160//318 137//271 177//352
f 177//353 137//272 160//319
f 161//320 116//229 160//318
f 160//319 116//230 161//321
f 163//325 118//233 161//320
f 161//321 118//236 163//326
f 59//117 162//323 76//151
f 76//152 162//324 59//120
f 138//273 178//354 162//323
f 162//324 178//355 138//274
f 139//275 179//356 138//273
f 138//274 179//357 139//276
f 140//277 180//358 139//275
f 139//276 180//359 140//322
f 141//278 181//360 140//277
f 140//322 181//361 141//279
f 163//325 182//362 141//278
f 141//279 182//363 163//326
f 120//238 164//364 142//281
f 183//365 164//327 142//280
f 142//281 164//364 183//366
f 120//238 145//287 164//364
f 76//151 165//328 96//191
f 96//194 165//329 76//152
f 184//367 142//280 165//328
f 165//329 142//281 184//368
f 144//284 185//369 146//288
f 146//289 185//370 144//285
f 144//285 186//371 143//283
f 145//286 187//372 143//282
f 143//283 187//373 145//287
f 143//282 186//374 144//284
f 164//327 188//375 145//286
f 145//287 188//376 164//364
f 146//288 189//377 147//290
f 147//291 189//378 146//289
f 148//292 173//344 150//296
f 150//297 173//345 148//293
f 122//242 167//332 166//330
f 166//331 167//333 122//244
f 190//379 149//294 166//330
f 166//331 149//295 190//380
f 150//296 191//381 167//332
f 167//333 191//382 150//297
f 189//377 168//334 147//290
f 147//291 168//335 189//378
f 169//336 123//245 168//334
f 168//335 123//246 169//337
f 192//383 124//247 169//336
f 169//337 124//248 192//384
f 124//247 192//383 170//338
f 170//339 192//384 124//248
f 127//253 170//338 171//340
f 171//341 170//339 127//254
f 151//298 171//340 193//385
f 193//386 171//341 151//299
f 151//298 193//385 172//342
f 172//343 193//386 151//299
f 126//251 172//342 154//306
f 154//307 172//343 126//252
f 173//344 148//292 152//302
f 152//305 148//293 173//345
f 194//387 153//303 156//310
f 156//311 153//304 194//388
f 195//389 173//344 153//303
f 153//304 173//345 195//390
f 154//306 196//391 174//346
f 174//347 196//392 154//307
f 175//348 155//308 197//393
f 197//394 155//309 175//349
f 155//308 174//346 197//393
f 197//394 174//347 155//309
f 156//310 175//348 198//395
f 198//396 175//349 156//311
f 158//313 177//352 137//271
f 137//272 177//353 158//315
f 199//397 158//313 176//350
f 176//351 158//315 199//398
f 177//352 200//399 160//318
f 160//319 200//400 177//353
f 160//318 201//401 161//320
f 201//401 160//318 200//399
f 161//321 201//402 160//319
f 200//400 160//319 201//402
f 202//403 161//320 201//401
f 163//326 202//404 161//321
f 201//402 161//321 202//404
f 161//320 202//403 163//325
f 162//323 165//328 76//151
f 76//152 165//329 162//324
f 162//323 178//354 165//328
f 165//329 178//355 162//324
f 138//273 179//356 178//354
f 178//355 179//357 138//274
f 139//275 180//358 179//356
f 179//357 180//359 139//276
f 140//277 181//360 180//358
f 180//359 181//361 140//322
f 141//278 182//362 181//360
f 181//361 182//363 141//279
f 202//404 203//405 204//406
f 182//362 202//403 203//407
f 202//403 182//362 163//325
f 203//405 202//404 182//363
f 163//326 182//363 202//404
f 183//365 205//408 164//327
f 164//364 205//409 183//366
f 184//367 183//365 142//280
f 142//281 183//366 184//368
f 178//354 206//410 184//367
f 184//368 206//411 178//355
f 165//328 178//354 184//367
f 184//368 178//355 165//329
f 179//356 207//412 206//410
f 206//411 207//413 179//357
f 178//354 179//356 206//410
f 206//411 179//357 178//355
f 207//412 179//356 180//358
f 180//359 179//357 207//413
f 208//414 207//412 180//358
f 180//359 207//413 208//415
f 180//358 181//360 208//414
f 208//415 181//361 180//359
f 186//374 185//369 144//284
f 144//285 185//370 186//371
f 185//369 189//377 146//288
f 146//289 189//378 185//370
f 186//374 143//282 187//372
f 188//375 187//372 145//286
f 145//287 187//373 188//376
f 205//408 188//375 164//327
f 164//364 188//376 205//409
f 187//373 143//283 186//371
f 191//381 150//296 173//344
f 173//345 150//297 191//382
f 209//416 166//330 167//332
f 166//330 209//416 210//417
f 167//333 166//331 209//418
f 210//419 209//418 166//331
f 211//420 212//421 210//417
f 210//419 212//422 211//423
f 210//417 213//424 211//420
f 213//424 210//417 214//425
f 211//423 213//426 210//419
f 214//427 210//419 213//426
f 212//421 190//379 210//417
f 210//419 190//380 212//422
f 190//379 166//330 210//417
f 210//419 166//331 190//380
f 215//428 167//332 191//381
f 167//332 215//428 209//416
f 191//382 167//333 215//429
f 209//418 215//429 167//333
f 189//377 216//430 168//334
f 168//335 216//431 189//378
f 168//334 217//432 169//336
f 169//337 217//433 168//335
f 192//383 169//336 218//434
f 218//435 169//337 192//384
f 171//340 219//436 220//437
f 220//438 219//439 171//341
f 170//338 192//383 219//436
f 219//439 192//384 170//339
f 170//338 219//436 171//340
f 171//341 219//439 170//339
f 171//340 220//437 193//385
f 193//386 220//438 171//341
f 172//342 193//385 221//440
f 221//441 193//386 172//343
f 154//306 172//342 196//391
f 196//392 172//343 154//307
f 153//303 194//387 195//389
f 195//390 194//388 153//304
f 194//387 156//310 198//395
f 198//396 156//311 194//388
f 173//344 195//389 191//381
f 191//382 195//390 173//345
f 174//346 196//391 222//442
f 222//443 196//392 174//347
f 197//393 223//444 175//348
f 175//349 223//445 197//394
f 174//346 222//442 197//393
f 197//394 222//443 174//347
f 175//348 224//446 198//395
f 198//396 224//447 175//349
f 177//352 158//313 199//397
f 199//398 158//315 177//353
f 225//448 199//397 176//350
f 176//351 199//398 225//449
f 226//450 227//451 200//399
f 227//451 226//450 228//452
f 200//400 227//453 226//454
f 228//455 226//454 227//453
f 200//399 177//352 226//450
f 226//454 177//353 200//400
f 228//452 229//456 227//451
f 227//453 229//457 228//455
f 230//458 229//456 228//452
f 228//455 229//457 230//459
f 200//399 231//460 201//401
f 201//402 231//461 200//400
f 204//462 201//401 231//460
f 231//461 201//402 204//406
f 202//404 204//406 201//402
f 182//362 232//463 181//360
f 181//361 232//464 182//363
f 203//407 204//462 233//465
f 204//462 203//407 202//403
f 233//466 204//406 203//405
f 201//401 204//462 202//403
f 203//407 234//467 182//362
f 182//363 234//468 203//405
f 235//469 205//408 183//365
f 183//366 205//409 235//470
f 236//471 183//365 184//367
f 184//368 183//366 236//472
f 184//367 206//410 236//471
f 236//472 206//411 184//368
f 206//410 207//412 237//473
f 237//474 207//413 206//411
f 238//475 207//412 208//414
f 208//415 207//413 238//476
f 181//360 232//463 208//414
f 208//415 232//464 181//361
f 185//369 216//430 189//377
f 189//378 216//431 185//370
f 188//375 239//477 187//372
f 187//373 239//478 188//376
f 205//408 240//479 188//375
f 188//376 240//480 205//409
f 187//372 241//481 186//374
f 186//371 241//482 187//373
f 242//483 210//417 209//416
f 214//425 210//417 243//484
f 243//485 210//419 214//427
f 242//486 244//487 209//418
f 245//488 242//483 244//489
f 244//487 242//486 245//490
f 215//429 246//491 191//382
f 244//489 209//416 215//428
f 209//416 244//489 242//483
f 215//429 209//418 244//487
f 209//418 210//419 242//486
f 168//334 216//430 217//432
f 217//433 216//431 168//335
f 169//336 217//432 247//492
f 247//493 217//433 169//337
f 169//336 247//492 218//434
f 218//435 247//493 169//337
f 219//436 248//494 249//495
f 249//496 248//497 219//439
f 192//383 218//434 248//494
f 248//497 218//435 192//384
f 219//436 192//383 248//494
f 248//497 192//384 219//439
f 220//437 219//436 249//495
f 249//496 219//439 220//438
f 193//385 220//437 250//498
f 250//499 220//438 193//386
f 193//385 250//498 221//440
f 221//441 250//499 193//386
f 172//342 221//440 196//391
f 196//392 221//441 172//343
f 251//500 195//389 194//387
f 195//389 251//500 246//501
f 194//388 195//390 251//502
f 246//491 251//502 195//390
f 194//387 198//395 252//503
f 252//504 198//396 194//388
f 246//501 191//381 195//389
f 195//390 191//382 246//491
f 196//391 253//505 222//442
f 222//443 253//506 196//392
f 197//393 222//442 223//444
f 223//445 222//443 197//394
f 175//348 223//444 224//446
f 224//447 223//445 175//349
f 198//395 224//446 254//507
f 254//508 224//447 198//396
f 228//452 199//397 255//509
f 177//353 226//454 199//398
f 228//455 199//398 226//454
f 255//510 199//398 228//455
f 199//397 226//450 177//352
f 226//450 199//397 228//452
f 256//511 199//397 225//448
f 225//449 199//398 256//512
f 227//453 200//400 231//461
f 229//456 257//513 227//451
f 227//453 257//514 229//457
f 231//460 200//399 227//451
f 230//458 258//515 229//456
f 229//457 258//516 230//459
f 227//451 257//513 231//460
f 231//461 257//514 227//453
f 229//456 259//517 257//513
f 257//514 259//518 229//457
f 231//460 260//519 204//462
f 204//406 260//520 231//461
f 257//513 260//519 231//460
f 231//461 260//520 257//514
f 260//520 259//518 257//514
f 232//463 182//362 234//467
f 234//468 182//363 232//464
f 233//465 261//521 203//407
f 203//405 261//522 233//466
f 204//462 260//519 233//465
f 233//466 260//520 204//406
f 260//519 262//523 263//524
f 261//521 233//465 264//525
f 264//526 233//466 261//522
f 234//467 203//407 261//521
f 261//522 203//405 234//468
f 235//469 265//527 205//408
f 205//409 265//528 235//470
f 236//471 235//469 183//365
f 183//366 235//470 236//472
f 206//410 237//473 236//471
f 236//472 237//474 206//411
f 207//412 238//475 237//473
f 237//474 238//476 207//413
f 266//529 238//475 208//414
f 208//415 238//476 266//530
f 208//414 232//463 266//529
f 266//530 232//464 208//415
f 185//369 267//531 216//430
f 216//431 267//532 185//370
f 241//482 239//478 187//373
f 188//375 240//479 239//477
f 239//478 240//480 188//376
f 205//408 265//527 240//479
f 240//480 265//528 205//409
f 187//372 239//477 241//481
f 210//417 242//483 268//533
f 268//534 242//486 210//419
f 210//417 268//533 243//484
f 243//485 268//534 210//419
f 269//535 214//425 243//484
f 243//485 214//427 269//536
f 242//483 245//488 268//533
f 268//534 245//490 242//486
f 245//488 244//489 270//537
f 270//538 244//487 245//490
f 271//539 215//428 246//501
f 215//428 271//539 244//489
f 246//491 215//429 271//540
f 244//487 271//540 215//429
f 244//489 271//539 270//537
f 270//538 271//540 244//487
f 191//381 246//501 215//428
f 272//541 217//432 216//430
f 273//542 247//492 217//432
f 217//433 247//493 273//543
f 249//495 248//494 274//544
f 274//545 248//497 249//496
f 248//494 218//434 275//546
f 275//547 218//435 248//497
f 220//437 249//495 276//548
f 276//549 249//496 220//438
f 250//498 220//437 276//548
f 276//549 220//438 250//499
f 221//440 250//498 277//550
f 277//551 250//499 221//441
f 196//391 221//440 253//505
f 253//506 221//441 196//392
f 251//500 194//387 252//503
f 252//504 194//388 251//502
f 246//501 278//552 271//539
f 271//540 278//553 246//491
f 198//395 254//507 252//503
f 252//504 254//508 198//396
f 279//554 278//552 280//555
f 280//556 278//553 279//557
f 280//555 251//500 252//503
f 251//500 280//555 278//552
f 252//504 251//502 280//556
f 278//553 280//556 251//502
f 222//442 253//505 281//558
f 281//559 253//506 222//443
f 222//442 281//558 223//444
f 223//445 281//559 222//443
f 223//444 282//560 224//446
f 224//447 282//561 223//445
f 224//446 283//562 254//507
f 254//508 283//563 224//447
f 252//503 254//507 284//564
f 256//512 199//398 255//510
f 256//512 255//510 285//565
f 286//566 287//567 230//458
f 230//459 287//568 286//569
f 255//509 230//458 228//452
f 230//458 255//509 286//566
f 228//455 230//459 255//510
f 286//569 255//510 230//459
f 255//509 199//397 256//511
f 285//570 255//509 256//511
f 258//515 230//458 287//567
f 287//568 230//459 258//516
f 258//515 259//517 229//456
f 229//457 259//518 258//516
f 257//513 259//517 260//519
f 259//517 262//523 260//519
f 260//520 262//571 259//518
f 232//463 234//467 288//572
f 288//573 234//468 232//464
f 260//519 263//524 233//465
f 233//466 263//574 260//520
f 263//574 262//571 260//520
f 262//523 289//575 263//524
f 263//574 289//576 262//571
f 263//524 290//577 264//525
f 264//526 290//578 263//574
f 233//465 263//524 264//525
f 264//526 263//574 233//466
f 263//524 289//575 290//577
f 290//578 289//576 263//574
f 264//525 291//579 261//521
f 261//522 291//580 264//526
f 261//521 292//581 234//467
f 234//468 292//582 261//522
f 235//469 293//583 265//527
f 265//528 293//584 235//470
f 294//585 235//469 236//471
f 236//472 235//470 294//586
f 236//471 237//473 295//587
f 295//588 237//474 236//472
f 237//473 238//475 296//589
f 296//590 238//476 237//474
f 296//589 238//475 266//529
f 266//530 238//476 296//590
f 232//463 288//572 266//529
f 266//530 288//573 232//464
f 186//374 297//591 267//531
f 267//532 297//592 186//371
f 186//374 267//531 185//369
f 185//370 267//532 186//371
f 186//374 241//481 297//591
f 297//592 241//482 186//371
f 267//531 298//593 216//430
f 216//431 298//594 267//532
f 239//478 241//482 299//595
f 300//596 297//591 241//481
f 241//482 297//592 300//597
f 301//598 239//477 240//479
f 240//480 239//478 301//599
f 299//600 241//481 239//477
f 302//601 240//479 265//527
f 265//528 240//480 302//602
f 303//603 243//484 268//533
f 268//534 243//485 303//604
f 304//605 214//425 269//535
f 269//536 214//427 304//606
f 243//484 303//603 269//535
f 269//536 303//604 243//485
f 305//607 268//533 245//488
f 245//490 268//534 305//608
f 245//488 270//537 306//609
f 306//610 270//538 245//490
f 270//537 271//539 307//611
f 307//612 271//540 270//538
f 217//432 272//541 273//542
f 273//543 272//613 217//433
f 216//431 217//433 272//613
f 247//492 273//542 308//614
f 308//615 273//543 247//493
f 248//494 275//546 274//544
f 274//545 275//547 248//497
f 218//434 309//616 275//546
f 275//547 309//617 218//435
f 247//492 309//616 218//434
f 249//495 274//544 310//618
f 310//619 274//545 249//496
f 276//548 249//495 310//618
f 310//619 249//496 276//549
f 250//498 276//548 311//620
f 311//621 276//549 250//499
f 277//550 250//498 311//620
f 311//621 250//499 277//551
f 221//440 277//550 253//505
f 253//506 277//551 221//441
f 278//552 246//501 251//500
f 251//502 246//491 278//553
f 271//539 278//552 307//611
f 307//612 278//553 271//540
f 284//622 254//508 252//504
f 284//564 280//555 252//503
f 307//611 278//552 279//554
f 279//557 278//553 307//612
f 279//554 280//555 312//623
f 312//624 280//556 279//557
f 252//504 280//556 284//622
f 223//444 281//558 282//560
f 282//561 281//559 223//445
f 281//558 313//625 282//560
f 282//561 313//626 281//559
f 253//505 314//627 281//558
f 281//559 314//628 253//506
f 224//446 282//560 283//562
f 283//563 282//561 224//447
f 254//507 283//562 315//629
f 315//630 283//563 254//508
f 254//507 315//629 284//564
f 284//622 315//630 254//508
f 280//555 284//564 312//623
f 312//624 284//622 280//556
f 316//631 286//566 255//509
f 255//510 286//569 316//632
f 317//633 286//566 316//631
f 316//632 286//569 317//634
f 255//509 285//570 316//631
f 316//632 285//565 255//510
f 287//567 286//566 318//635
f 318//636 286//569 287//568
f 287//567 319//637 258//515
f 258//516 319//638 287//568
f 320//639 259//517 258//515
f 321//640 262//523 259//517
f 259//518 262//571 321//641
f 234//467 292//581 288//572
f 288//573 292//582 234//468
f 322//642 289//575 262//523
f 262//571 289//576 322//643
f 264//525 290//577 323//644
f 323//645 290//578 264//526
f 289//575 324//646 290//577
f 290//578 324//647 289//576
f 323//645 264//526 291//580
f 292//581 261//521 291//579
f 291//580 261//522 292//582
f 294//585 293//583 235//469
f 235//470 293//584 294//586
f 293//583 325//648 265//527
f 265//528 325//649 293//584
f 236//471 295//587 294//585
f 294//586 295//588 236//472
f 237//473 296//589 295//587
f 295//588 296//590 237//474
f 326//650 296//589 266//529
f 266//530 296//590 326//651
f 266//529 327//652 326//650
f 326//651 327//653 266//530
f 266//529 288//572 327//652
f 327//653 288//573 266//530
f 297//591 328//654 267//531
f 267//532 328//655 297//592
f 328//654 298//593 267//531
f 267//532 298//594 328//655
f 298//593 272//541 216//430
f 216//431 272//613 298//594
f 241//481 299//600 300//596
f 300//597 299//595 241//482
f 328//655 300//597 297//592
f 240//479 302//601 301//598
f 301//599 302//602 240//480
f 239//477 301//598 299//600
f 299//595 301//599 239//478
f 297//591 300//596 328//654
f 325//648 302//601 265//527
f 265//528 302//602 325//649
f 268//533 305//607 303//603
f 303//604 305//608 268//534
f 329//656 304//605 269//535
f 269//536 304//606 329//657
f 330//658 269//535 303//603
f 269//535 330//658 331//659
f 303//604 269//536 330//660
f 305//607 245//488 306//609
f 306//610 245//490 305//608
f 306//609 270//537 332//661
f 332//662 270//538 306//610
f 270//537 307//611 332//661
f 332//662 307//612 270//538
f 333//663 273//542 272//541
f 272//613 273//543 333//664
f 334//665 308//614 273//542
f 273//543 308//615 334//666
f 309//616 247//492 308//614
f 308//615 247//493 309//617
f 274//544 275//546 335//667
f 335//668 275//547 274//545
f 275//546 309//616 336//669
f 336//670 309//617 275//547
f 218//435 309//617 247//493
f 310//618 274//544 337//671
f 337//672 274//545 310//619
f 276//548 310//618 338//673
f 338//674 310//619 276//549
f 311//620 276//548 338//673
f 338//674 276//549 311//621
f 277//550 311//620 339//675
f 339//676 311//621 277//551
f 253//505 277//550 314//627
f 314//628 277//551 253//506
f 307//611 279//554 340//677
f 340//678 279//557 307//612
f 341//679 279//554 312//623
f 312//624 279//557 341//680
f 281//558 314//627 313//625
f 313//626 314//628 281//559
f 282//560 313//625 342//681
f 342//682 313//626 282//561
f 282//560 342//681 283//562
f 283//563 342//682 282//561
f 283//562 343//683 315//629
f 315//630 343//684 283//563
f 284//564 315//629 344//685
f 344//686 315//630 284//622
f 344//685 312//623 284//564
f 284//622 312//624 344//686
f 317//633 318//635 286//566
f 286//569 318//636 317//634
f 345//687 287//567 318//635
f 318//636 287//568 345//688
f 287//567 345//687 319//637
f 319//638 345//688 287//568
f 319//637 320//639 258//515
f 258//516 320//689 319//638
f 259//517 320//639 321//640
f 321//641 320//689 259//518
f 258//516 259//518 320//689
f 262//523 321//640 322//642
f 322//643 321//641 262//571
f 288//572 292//581 346//690
f 346//691 292//582 288//573
f 289//575 322//642 347//692
f 347//693 322//643 289//576
f 290//577 348//694 323//644
f 323//645 348//695 290//578
f 348//695 324//647 290//578
f 291//579 264//525 323//644
f 347//692 324//646 289//575
f 289//576 324//647 347//693
f 290//577 324//646 348//694
f 349//696 291//579 323//644
f 323//645 291//580 349//697
f 350//698 292//581 291//579
f 291//580 292//582 350//699
f 294//585 351//700 293//583
f 293//584 351//701 294//586
f 295//587 351//700 294//585
f 294//586 351//701 295//588
f 296//589 352//702 351//700
f 351//701 352//703 296//590
f 296//589 351//700 295//587
f 295//588 351//701 296//590
f 296//589 353//704 352//702
f 352//703 353//705 296//590
f 326//650 353//704 296//589
f 296//590 353//705 326//651
f 326//650 354//706 353//704
f 353//705 354//707 326//651
f 352//702 355//708 356//709
f 355//708 352//702 353//704
f 356//710 355//711 352//703
f 353//705 352//703 355//711
f 293//583 357//712 325//648
f 325//649 357//713 293//584
f 351//700 357//712 293//583
f 293//584 357//713 351//701
f 351//700 356//709 357//712
f 357//713 356//710 351//701
f 352//702 356//709 351//700
f 351//701 356//710 352//703
f 353//704 358//714 355//708
f 355//711 358//715 353//705
f 327//652 354//706 326//650
f 326//651 354//707 327//653
f 288//572 346//690 327//652
f 327//653 346//691 288//573
f 328//654 359//716 298//593
f 298//594 359//717 328//655
f 360//718 328//654 300//596
f 298//593 361//719 272//541
f 272//613 361//720 298//594
f 362//721 300//596 299//600
f 299//595 300//597 362//722
f 300//597 328//655 360//723
f 363//724 301//598 302//601
f 302//602 301//599 363//725
f 364//726 299//600 301//598
f 301//599 299//595 364//727
f 365//728 302//601 325//648
f 325//649 302//602 365//729
f 366//730 303//603 305//607
f 303//603 366//730 330//658
f 305//608 303//604 366//731
f 330//660 366//731 303//604
f 366//731 330//660 367//732
f 269//535 368//733 329//656
f 368//733 269//535 369//734
f 329//657 368//735 269//536
f 369//736 269//536 368//735
f 369//734 269//535 370//737
f 370//738 269//536 369//736
f 269//535 331//659 371//739
f 269//535 371//739 370//737
f 331//740 330//660 269//536
f 371//741 331//740 269//536
f 370//738 371//741 269//536
f 372//742 305//607 306//609
f 305//607 372//742 366//730
f 306//610 305//608 372//743
f 366//731 372//743 305//608
f 373//744 366//730 372//742
f 306//609 332//661 374//745
f 374//746 332//662 306//610
f 372//742 306//609 374//745
f 374//746 306//610 372//743
f 332//661 307//611 340//677
f 340//678 307//612 332//662
f 273//542 333//663 334//665
f 334//666 333//664 273//543
f 361//719 333//663 272//541
f 272//613 333//664 361//720
f 308//614 334//665 375//747
f 375//748 334//666 308//615
f 308//614 376//749 309//616
f 309//617 376//750 308//615
f 275//546 336//669 335//667
f 335//668 336//670 275//547
f 309//616 376//749 336//669
f 336//670 376//750 309//617
f 274//544 335//667 337//671
f 337//672 335//668 274//545
f 377//751 310//619 338//674
f 377//751 338//674 378//752
f 310//618 337//671 377//753
f 377//751 337//672 310//619
f 338//673 310//618 377//753
f 338//674 311//621 379//754
f 311//620 379//755 339//675
f 339//676 379//754 311//621
f 314//627 277//550 339//675
f 339//676 277//551 314//628
f 340//677 279//554 341//679
f 341//680 279//557 340//678
f 341//679 312//623 380//756
f 380//757 312//624 341//680
f 313//625 314//627 381//758
f 381//759 314//628 313//626
f 342//681 313//625 382//760
f 382//761 313//626 342//682
f 283//562 342//681 343//683
f 343//684 342//682 283//563
f 315//629 343//683 383//762
f 383//763 343//684 315//630
f 315//629 383//762 344//685
f 344//686 383//763 315//630
f 312//623 344//685 380//756
f 380//757 344//686 312//624
f 318//635 317//633 384//764
f 384//765 317//634 318//636
f 345//687 318//635 384//764
f 384//765 318//636 345//688
f 385//766 319//637 345//687
f 345//688 319//638 385//767
f 386//768 320//639 319//637
f 319//638 320//689 386//769
f 387//770 321//640 320//639
f 320//689 321//641 387//771
f 388//772 322//642 321//640
f 321//641 322//643 388//773
f 292//581 350//698 346//690
f 346//691 350//699 292//582
f 389//774 347//692 322//642
f 322//643 347//693 389//775
f 323//644 348//694 390//776
f 390//777 348//695 323//645
f 324//646 391//778 348//694
f 348//695 391//779 324//647
f 324//646 347//692 392//780
f 392//781 347//693 324//647
f 291//579 349//696 350//698
f 350//699 349//697 291//580
f 323//644 390//776 349//696
f 349//697 390//777 323//645
f 354//706 358//714 353//704
f 353//705 358//715 354//707
f 393//782 356//709 355//708
f 355//711 356//710 393//783
f 357//712 394//784 325//648
f 325//649 394//785 357//713
f 356//709 395//786 357//712
f 357//713 395//787 356//710
f 358//714 396//788 355//708
f 355//711 396//789 358//715
f 327//652 397//790 354//706
f 354//707 397//791 327//653
f 346//690 397//790 327//652
f 327//653 397//791 346//691
f 359//716 361//719 298//593
f 298//594 361//720 359//717
f 328//654 360//718 359//716
f 359//717 360//723 328//655
f 300//596 362//721 360//718
f 360//723 362//722 300//597
f 301//598 363//724 364//726
f 364//727 363//725 301//599
f 299//600 364//726 362//721
f 362//722 364//727 299//595
f 302//601 365//728 363//724
f 363//725 365//729 302//602
f 356//709 393//782 395//786
f 395//787 393//783 356//710
f 325//648 394//784 365//728
f 365//729 394//785 325//649
f 357//712 395//786 394//784
f 394//785 395//787 357//713
f 355//708 396//788 393//782
f 393//783 396//789 355//711
f 330//658 367//792 331//659
f 367//792 330//658 366//730
f 331//740 367//732 330//660
f 366//730 373//744 367//792
f 367//732 373//793 366//731
f 369//734 370//737 398//794
f 398//795 370//738 369//736
f 371//739 331//659 399//796
f 399//797 331//740 371//741
f 400//798 370//737 371//739
f 371//741 370//738 400//799
f 372//743 366//731 373//793
f 401//800 373//793 367//732
f 399//796 367//792 401//801
f 401//800 367//732 399//797
f 372//742 374//745 402//802
f 402//803 374//746 372//743
f 403//804 402//802 374//745
f 374//746 402//803 403//805
f 340//677 374//745 332//661
f 332//662 374//746 340//678
f 373//744 372//742 402//802
f 402//803 372//743 373//793
f 403//804 374//745 340//677
f 340//678 374//746 403//805
f 404//806 334//665 333//663
f 333//664 334//666 404//807
f 361//719 405//808 333//663
f 333//664 405//809 361//720
f 406//810 375//747 334//665
f 334//666 375//748 406//811
f 376//749 308//614 375//747
f 375//748 308//615 376//750
f 335//667 336//669 407//812
f 407//813 336//670 335//668
f 336//669 376//749 408//814
f 408//815 376//750 336//670
f 337//671 335//667 409//816
f 409//817 335//668 337//672
f 378//818 338//673 377//753
f 338//673 378//818 379//755
f 377//753 410//819 378//818
f 378//752 410//820 377//751
f 377//753 337//671 411//821
f 411//822 337//672 377//751
f 379//755 311//620 338//673
f 379//754 339//676 412//823
f 379//754 378//752 338//674
f 381//758 412//824 413//825
f 413//826 412//823 381//759
f 412//824 339//675 379//755
f 339//675 412//824 381//758
f 381//759 412//823 339//676
f 313//625 381//758 382//760
f 382//761 381//759 313//626
f 314//627 339//675 381//758
f 381//759 339//676 314//628
f 414//827 340//677 341//679
f 341//680 340//678 414//828
f 415//829 341//679 380//756
f 380//757 341//680 415//830
f 342//681 382//760 416//831
f 416//832 382//761 342//682
f 343//683 342//681 416//831
f 416//832 342//682 343//684
f 383//762 343//683 417//833
f 417//834 343//684 383//763
f 415//829 380//756 418//835
f 418//836 380//757 415//830
f 383//762 380//756 344//685
f 344//686 380//757 383//763
f 418//835 380//756 383//762
f 383//763 380//757 418//836
f 345//687 384//764 419//837
f 419//838 384//765 345//688
f 319//637 385//766 386//768
f 386//769 385//767 319//638
f 385//766 345//687 419//837
f 419//838 345//688 385//767
f 320//639 386//768 387//770
f 387//771 386//769 320//689
f 321//640 387//770 388//772
f 388//773 387//771 321//641
f 322//642 388//772 389//774
f 389//775 388//773 322//643
f 350//698 420//839 346//690
f 346//691 420//840 350//699
f 347//692 389//774 421//841
f 421//842 389//775 347//693
f 348//694 422//843 390//776
f 390//777 422//844 348//695
f 392//780 391//778 324//646
f 324//647 391//779 392//781
f 348//694 391//778 422//843
f 422//844 391//779 348//695
f 421//841 392//780 347//692
f 347//693 392//781 421//842
f 390//776 423//845 349//696
f 349//697 423//846 390//777
f 354//706 424//847 358//714
f 358//715 424//848 354//707
f 358//714 425//849 396//788
f 396//789 425//850 358//715
f 424//847 354//706 397//790
f 397//791 354//707 424//848
f 346//690 420//839 397//790
f 397//791 420//840 346//691
f 359//716 426//851 361//719
f 361//720 426//852 359//717
f 427//853 359//716 360//718
f 360//723 359//717 427//854
f 428//855 360//718 362//721
f 362//722 360//723 428//856
f 429//857 364//726 363//724
f 363//725 364//727 429//858
f 430//859 362//721 364//726
f 364//727 362//722 430//860
f 431//861 363//724 365//728
f 365//729 363//725 431//862
f 432//863 395//786 393//782
f 393//783 395//787 432//864
f 433//865 394//784 395//786
f 395//787 394//785 433//866
f 394//784 434//867 365//728
f 365//729 434//868 394//785
f 396//788 435//869 393//782
f 393//783 435//870 396//789
f 371//739 399//796 436//871
f 436//872 399//797 371//741
f 331//659 367//792 399//796
f 399//797 367//732 331//740
f 370//737 400//798 398//794
f 398//795 400//799 370//738
f 437//873 369//734 398//794
f 398//795 369//736 437//874
f 400//798 371//739 436//871
f 436//872 371//741 400//799
f 367//792 373//744 401//801
f 401//801 373//744 438//875
f 438//876 373//793 401//800
f 399//796 401//801 439//877
f 439//878 401//800 399//797
f 373//744 402//802 438//875
f 438//876 402//803 373//793
f 440//879 402//802 403//804
f 403//805 402//803 440//880
f 414//827 403//804 340//677
f 340//678 403//805 414//828
f 334//665 404//806 406//810
f 406//811 404//807 334//666
f 426//851 405//808 361//719
f 361//720 405//809 426//852
f 405//808 404//806 333//663
f 333//664 404//807 405//809
f 375//747 406//810 441//881
f 441//882 406//811 375//748
f 375//747 442//883 376//749
f 376//750 442//884 375//748
f 336//669 408//814 407//812
f 407//813 408//815 336//670
f 376//749 442//883 408//814
f 335//667 407//812 409//816
f 409//817 407//813 335//668
f 408//815 442//884 376//750
f 337//671 409//816 411//821
f 411//822 409//817 337//672
f 411//822 377//751 410//820
f 410//819 377//753 411//821
f 443//885 444//886 445//887
f 445//888 444//889 443//890
f 443//890 444//889 378//752
f 444//886 378//818 410//819
f 378//818 444//886 443//885
f 410//820 378//752 444//889
f 379//755 443//885 412//824
f 412//823 443//890 379//754
f 443//885 379//755 378//818
f 378//752 379//754 443//890
f 413//825 412//824 446//891
f 446//892 412//823 413//826
f 382//760 381//758 413//825
f 413//826 381//759 382//761
f 447//893 403//804 414//827
f 414//828 403//805 447//894
f 414//827 341//679 415//829
f 415//830 341//680 414//828
f 382//760 448//895 416//831
f 413//826 382//761 448//896
f 416//832 448//896 382//761
f 343//683 416//831 417//833
f 417//834 416//832 343//684
f 418//835 449//897 450//898
f 450//899 449//900 418//836
f 383//762 417//833 449//897
f 449//900 417//834 383//763
f 418//835 383//762 449//897
f 449//900 383//763 418//836
f 451//901 415//829 418//835
f 418//836 415//830 451//902
f 385//766 452//903 386//768
f 386//769 452//904 385//767
f 385//766 419//837 453//905
f 453//906 419//838 385//767
f 386//768 454//907 387//770
f 387//771 454//908 386//769
f 387//770 455//909 388//772
f 388//773 455//910 387//771
f 388//772 456//911 389//774
f 389//775 456//912 388//773
f 350//698 457//913 420//839
f 389//774 458//914 421//841
f 421//842 458//915 389//775
f 422//843 423//845 390//776
f 390//777 423//846 422//844
f 391//778 392//780 459//916
f 459//917 392//781 391//779
f 391//778 460//918 422//843
f 422//844 460//919 391//779
f 392//780 421//841 461//920
f 461//921 421//842 392//781
f 349//696 457//913 350//698
f 349//696 423//845 457//913
f 457//922 423//846 349//697
f 425//849 358//714 424//847
f 424//848 358//715 425//850
f 462//923 396//788 425//849
f 425//850 396//789 462//924
f 397//790 463//925 424//847
f 463//925 397//790 420//839
f 424//848 463//926 397//791
f 420//840 397//791 463//926
f 359//716 427//853 426//851
f 360//718 428//855 427//853
f 427//854 428//856 360//723
f 426//852 427//854 359//717
f 364//726 429//857 430//859
f 430//860 429//858 364//727
f 362//721 430//859 428//855
f 428//856 430//860 362//722
f 363//724 431//861 429//857
f 429//858 431//862 363//725
f 395//786 432//863 433//865
f 433//866 432//864 395//787
f 394//784 433//865 434//867
f 434//868 433//866 394//785
f 365//728 434//867 431//861
f 431//862 434//868 365//729
f 393//782 435//869 432//863
f 432//864 435//870 393//783
f 396//788 462//923 435//869
f 435//870 462//924 396//789
f 436//871 399//796 439//877
f 439//878 399//797 436//872
f 452//903 398//794 400//798
f 400//799 398//795 452//904
f 464//927 437//873 398//794
f 398//795 437//874 464//928
f 436//871 452//903 400//798
f 400//799 452//904 436//872
f 438//875 439//877 401//801
f 401//800 439//878 438//876
f 440//879 438//875 402//802
f 402//803 438//876 440//880
f 465//929 438//875 440//879
f 440//880 438//876 465//930
f 466//931 465//929 440//879
f 440//880 465//930 466//932
f 447//893 440//879 403//804
f 403//805 440//880 447//894
f 467//933 406//810 404//806
f 404//807 406//811 467//934
f 426//851 468//935 405//808
f 405//809 468//936 426//852
f 405//808 469//937 404//806
f 404//807 469//938 405//809
f 470//939 441//881 406//810
f 406//811 441//882 470//940
f 442//883 375//747 441//881
f 441//882 375//748 442//884
f 407//812 408//814 471//941
f 471//942 408//815 407//813
f 408//814 442//883 472//943
f 472//944 442//884 408//815
f 409//816 407//812 473//945
f 473//946 407//813 409//817
f 411//821 409//816 474//947
f 474//948 409//817 411//822
f 411//821 475//949 410//819
f 410//820 475//950 411//822
f 445//887 444//886 476//951
f 476//952 444//889 445//888
f 446//891 443//885 445//887
f 445//888 443//890 446//892
f 410//819 477//953 444//886
f 444//889 477//954 410//820
f 412//824 443//885 446//891
f 446//892 443//890 412//823
f 448//895 382//760 413//825
f 466//931 440//879 447//893
f 447//894 440//880 466//932
f 478//955 447//893 414//827
f 414//828 447//894 478//956
f 478//955 414//827 415//829
f 415//830 414//828 478//956
f 479//957 416//831 448//895
f 416//831 479//957 417//833
f 448//896 416//832 479//958
f 417//834 479//958 416//832
f 448//895 480//959 479//957
f 479//958 480//960 448//896
f 413//825 481//961 448//895
f 448//896 481//962 413//826
f 449//897 482//963 483//964
f 450//898 449//897 483//964
f 451//901 418//835 450//898
f 450//899 418//836 451//902
f 478//955 415//829 451//901
f 451//902 415//830 478//956
f 452//903 385//766 464//927
f 464//928 385//767 452//904
f 454//907 386//768 452//903
f 452//904 386//769 454//908
f 385//766 453//905 437//873
f 437//874 453//906 385//767
f 455//909 387//770 454//907
f 454//908 387//771 455//910
f 456//911 388//772 455//909
f 455//910 388//773 456//912
f 458//914 389//774 456//911
f 456//912 389//775 458//915
f 484//965 421//841 458//914
f 458//915 421//842 484//966
f 422//843 485//967 423//845
f 423//846 485//968 422//844
f 461//920 459//916 392//780
f 392//781 459//917 461//921
f 391//778 459//916 460//918
f 460//919 459//917 391//779
f 460//918 486//969 422//843
f 422//844 486//970 460//919
f 421//841 484//965 461//920
f 461//921 484//966 421//842
f 420//840 457//922 350//699
f 350//699 457//922 349//697
f 423//845 487//971 457//913
f 457//922 487//972 423//846
f 488//973 420//839 457//913
f 457//922 420//840 488//974
f 424//847 489//975 425//849
f 489//975 424//847 463//925
f 425//850 489//976 424//848
f 463//926 424//848 489//976
f 425//849 490//977 462//923
f 462//924 490//978 425//850
f 420//839 488//973 463//925
f 463//926 488//974 420//840
f 491//979 426//851 427//853
f 427//854 426//852 491//980
f 492//981 427//853 428//855
f 428//856 427//854 492//982
f 493//983 430//859 429//857
f 429//858 430//860 493//984
f 494//985 428//855 430//859
f 430//860 428//856 494//986
f 431//861 495//987 429//857
f 429//858 495//988 431//862
f 496//989 433//865 432//863
f 432//864 433//866 496//990
f 497//991 434//867 433//865
f 433//866 434//868 497//992
f 434//867 498//993 431//861
f 431//862 498//994 434//868
f 435//869 499//995 432//863
f 432//864 499//996 435//870
f 500//997 435//869 462//923
f 462//924 435//870 500//998
f 439//877 454//907 436//871
f 436//872 454//908 439//878
f 398//794 452//903 464//927
f 464//928 452//904 398//795
f 385//766 437//873 464//927
f 464//928 437//874 385//767
f 452//903 436//871 454//907
f 454//908 436//872 452//904
f 501//999 439//877 438//875
f 438//876 439//878 501//1000
f 465//929 501//999 438//875
f 438//876 501//1000 465//930
f 502//1001 465//929 503//1002
f 503//1003 465//930 502//1004
f 503//1002 465//929 466//931
f 466//932 465//930 503//1003
f 406//810 467//933 470//939
f 470//940 467//934 406//811
f 469//937 467//933 404//806
f 404//807 467//934 469//938
f 405//809 469//938 468//936
f 468//935 469//937 405//808
f 426//851 491//979 468//935
f 441//881 470//939 504//1005
f 504//1006 470//940 441//882
f 441//881 505//1007 442//883
f 442//884 505//1008 441//882
f 408//814 472//943 471//941
f 471//942 472//944 408//815
f 442//883 505//1007 472//943
f 407//812 471//941 473//945
f 473//946 471//942 407//813
f 472//944 505//1008 442//884
f 409//816 473//945 474//947
f 474//948 473//946 409//817
f 474//948 411//822 475//950
f 475//949 411//821 474//947
f 444//886 477//953 476//951
f 476//952 477//954 444//889
f 477//953 410//819 475//949
f 475//950 410//820 477//954
f 506//1009 445//887 476//951
f 507//1010 446//891 445//887
f 445//888 446//892 507//1011
f 466//931 447//893 508//1012
f 508//1013 447//894 466//932
f 509//1014 466//931 508//1012
f 508//1013 466//932 509//1015
f 508//1012 447//893 478//955
f 478//956 447//894 508//1013
f 480//959 448//895 481//961
f 481//962 448//896 480//960
f 510//1016 479//957 480//959
f 479//957 510//1016 482//963
f 480//960 479//958 510//1017
f 482//1018 510//1017 479//958
f 482//963 510//1016 511//1019
f 511//1020 510//1017 482//1018
f 481//961 413//825 446//891
f 446//892 413//826 481//962
f 482//963 417//833 479//957
f 417//833 482//963 449//897
f 479//958 417//834 482//1018
f 449//900 482//1018 417//834
f 483//1021 482//1018 449//900
f 483//1021 449//900 450//899
f 483//964 482//963 511//1019
f 511//1020 482//1018 483//1021
f 512//1022 450//898 483//964
f 483//1021 450//899 512//1023
f 451//901 450//898 513//1024
f 513//1025 450//899 451//902
f 514//1026 478//955 451//901
f 451//902 478//956 514//1027
f 455//909 454//907 439//877
f 439//878 454//908 455//910
f 456//911 455//909 501//999
f 501//1000 455//910 456//912
f 458//914 456//911 502//1001
f 502//1004 456//912 458//915
f 484//965 458//914 515//1028
f 515//1029 458//915 484//966
f 422//843 486//969 485//967
f 485//968 486//970 422//844
f 485//967 516//1030 423//845
f 423//846 516//1031 485//968
f 459//916 461//920 517//1032
f 517//1033 461//921 459//917
f 459//916 518//1034 460//918
f 460//919 518//1035 459//917
f 460//918 519//1036 486//969
f 486//970 519//1037 460//919
f 461//920 484//965 520//1038
f 520//1039 484//966 461//921
f 423//845 516//1030 487//971
f 487//972 516//1031 423//846
f 457//913 487//971 488//973
f 488//974 487//972 457//922
f 490//977 425//849 489//975
f 489//976 425//850 490//978
f 463//925 521//1040 489//975
f 489//976 521//1041 463//926
f 488//974 463//926 521//1041
f 489//975 522//1042 490//977
f 490//978 522//1043 489//976
f 521//1041 489//976 522//1043
f 523//1044 462//923 490//977
f 490//978 462//924 523//1045
f 521//1040 463//925 488//973
f 468//936 491//980 426//852
f 427//853 492//981 491//979
f 491//980 492//982 427//854
f 430//859 493//983 494//985
f 494//986 493//984 430//860
f 428//855 494//985 492//981
f 492//982 494//986 428//856
f 433//865 496//989 497//991
f 497//992 496//990 433//866
f 434//867 497//991 498//993
f 498//994 497//992 434//868
f 431//861 498//993 495//987
f 495//988 498//994 431//862
f 432//863 499//995 496//989
f 496//990 499//996 432//864
f 495//987 493//983 429//857
f 429//858 493//984 495//988
f 435//869 500//997 499//995
f 499//996 500//998 435//870
f 462//923 523//1044 500//997
f 500//998 523//1045 462//924
f 501//999 455//909 439//877
f 439//878 455//910 501//1000
f 502//1001 501//999 465//929
f 465//930 501//1000 502//1004
f 515//1028 502//1001 503//1002
f 503//1003 502//1004 515//1029
f 503//1002 466//931 509//1014
f 509//1015 466//932 503//1003
f 524//1046 470//939 467//933
f 467//934 470//940 524//1047
f 469//937 525//1048 467//933
f 467//934 525//1049 469//938
f 468//935 526//1050 469//937
f 469//938 526//1051 468//936
f 527//1052 468//935 491//979
f 491//980 468//936 527//1053
f 528//1054 504//1005 470//939
f 470//940 504//1006 528//1055
f 505//1007 441//881 504//1005
f 504//1006 441//882 505//1008
f 471//941 472//943 529//1056
f 529//1057 472//944 471//942
f 472//943 505//1007 530//1058
f 530//1059 505//1008 472//944
f 473//945 471//941 531//1060
f 531//1061 471//942 473//946
f 474//947 473//945 532//1062
f 532//1063 473//946 474//948
f 474//947 533//1064 475//949
f 475//950 533//1065 474//948
f 476//951 477//953 534//1066
f 534//1067 477//954 476//952
f 475//949 535//1068 477//953
f 477//954 535//1069 475//950
f 445//887 506//1009 507//1010
f 476//952 445//888 506//1070
f 507//1011 506//1070 445//888
f 476//951 536//1071 506//1009
f 506//1070 536//1072 476//952
f 446//891 507//1010 481//961
f 481//962 507//1011 446//892
f 515//1028 503//1002 537//1073
f 537//1074 503//1003 515//1029
f 537//1073 503//1002 509//1014
f 509//1015 503//1003 537//1074
f 509//1014 508//1012 538//1075
f 538//1076 508//1013 509//1015
f 508//1012 478//955 514//1026
f 514//1027 478//956 508//1013
f 481//961 539//1077 480//959
f 480//960 539//1078 481//962
f 480//959 540//1079 510//1016
f 510//1017 540//1080 480//960
f 511//1019 510//1016 541//1081
f 541//1082 510//1017 511//1020
f 542//1083 483//964 511//1019
f 511//1020 483//1021 542//1084
f 513//1024 450//898 512//1022
f 512//1023 450//899 513//1025
f 512//1022 483//964 542//1083
f 542//1084 483//1021 512//1023
f 514//1026 451//901 513//1024
f 513//1025 451//902 514//1027
f 538//1075 508//1012 514//1026
f 514//1027 508//1013 538//1076
f 502//1001 456//911 501//999
f 501//1000 456//912 502//1004
f 458//914 502//1001 515//1028
f 515//1029 502//1004 458//915
f 484//965 515//1028 543//1085
f 543//1086 515//1029 484//966
f 544//1087 485//967 486//969
f 486//970 485//968 544//1088
f 485//967 544//1087 516//1030
f 516//1031 544//1088 485//968
f 517//1032 461//920 520//1038
f 520//1039 461//921 517//1033
f 518//1034 459//916 517//1032
f 517//1033 459//917 518//1035
f 518//1034 519//1036 460//918
f 460//919 519//1037 518//1035
f 545//1089 486//969 519//1036
f 519//1037 486//970 545//1090
f 520//1038 484//965 543//1085
f 543//1086 484//966 520//1039
f 516//1030 546//1091 487//971
f 487//972 546//1092 516//1031
f 487//971 547//1093 488//973
f 488//974 547//1094 487//972
f 522//1042 489//975 521//1040
f 548//1095 490//977 522//1042
f 522//1043 490//978 548//1096
f 490//977 548//1095 523//1044
f 523//1045 548//1096 490//978
f 488//973 547//1093 521//1040
f 521//1041 547//1094 488//974
f 549//1097 491//979 492//981
f 492//982 491//980 549//1098
f 550//1099 494//985 493//983
f 493//984 494//986 550//1100
f 551//1101 492//981 494//985
f 494//986 492//982 551//1102
f 552//1103 497//991 496//989
f 496//990 497//992 552//1104
f 553//1105 498//993 497//991
f 497//992 498//994 553//1106
f 498//993 554//1107 495//987
f 495//988 554//1108 498//994
f 499//995 555//1109 496//989
f 496//990 555//1110 499//996
f 495//987 556//1111 493//983
f 493//984 556//1112 495//988
f 557//1113 499//995 500//997
f 500//998 499//996 557//1114
f 523//1045 500//998 558//1115
f 470//939 524//1046 528//1054
f 528//1055 524//1047 470//940
f 525//1048 524//1046 467//933
f 467//934 524//1047 525//1049
f 526//1050 525//1048 469//937
f 469//938 525//1049 526//1051
f 468//935 527//1052 526//1050
f 526//1051 527//1053 468//936
f 491//979 549//1097 527//1052
f 527//1053 549//1098 491//980
f 504//1005 528//1054 559//1116
f 559//1117 528//1055 504//1006
f 504//1005 560//1118 505//1007
f 505//1008 560//1119 504//1006
f 529//1057 530//1059 472//944
f 471//941 529//1056 531//1060
f 531//1061 529//1057 471//942
f 472//943 530//1058 529//1056
f 505//1007 560//1118 530//1058
f 530//1059 560//1119 505//1008
f 473//945 531//1060 532//1062
f 532//1063 531//1061 473//946
f 533//1064 474//947 532//1062
f 535//1068 475//949 533//1064
f 533//1065 475//950 535//1069
f 477//953 535//1068 534//1066
f 534//1067 535//1069 477//954
f 561//1120 507//1010 506//1009
f 507//1010 561//1120 539//1077
f 506//1070 507//1011 561//1121
f 539//1078 561//1121 507//1011
f 536//1071 476//951 534//1066
f 534//1067 476//952 536//1072
f 562//1122 506//1009 536//1071
f 536//1072 506//1070 562//1123
f 539//1077 481//961 507//1010
f 507//1011 481//962 539//1078
f 543//1085 515//1028 537//1073
f 537//1074 515//1029 543//1086
f 537//1073 509//1014 563//1124
f 563//1125 509//1015 537//1074
f 563//1124 509//1014 538//1075
f 538//1076 509//1015 563//1125
f 540//1079 480//959 539//1077
f 539//1078 480//960 540//1080
f 510//1016 540//1079 541//1081
f 541//1082 540//1080 510//1017
f 564//1126 511//1019 541//1081
f 541//1082 511//1020 564//1127
f 542//1083 511//1019 564//1126
f 564//1127 511//1020 542//1084
f 565//1128 513//1024 512//1022
f 512//1023 513//1025 565//1129
f 566//1130 513//1024 565//1128
f 565//1129 513//1025 566//1131
f 565//1128 512//1022 567//1132
f 567//1132 512//1022 542//1083
f 542//1084 512//1023 567//1133
f 567//1133 512//1023 565//1129
f 538//1075 566//1130 568//1134
f 568//1135 566//1131 538//1076
f 514//1026 513//1024 566//1130
f 566//1131 513//1025 514//1027
f 538//1075 514//1026 566//1130
f 566//1131 514//1027 538//1076
f 486//969 545//1089 544//1087
f 544//1088 545//1090 486//970
f 569//1136 516//1030 544//1087
f 544//1088 516//1031 569//1137
f 517//1032 520//1038 570//1138
f 570//1139 520//1039 517//1033
f 518//1034 517//1032 570//1138
f 570//1139 517//1033 518//1035
f 518//1034 570//1138 519//1036
f 519//1037 570//1139 518//1035
f 571//1140 545//1089 519//1036
f 519//1037 545//1090 571//1141
f 520//1038 543//1085 572//1142
f 572//1143 543//1086 520//1039
f 516//1030 569//1136 546//1091
f 546//1092 569//1137 516//1031
f 487//971 546//1091 547//1093
f 547//1094 546//1092 487//972
f 521//1040 573//1144 522//1042
f 522//1043 573//1145 521//1041
f 547//1093 573//1144 521//1040
f 521//1041 573//1145 547//1094
f 573//1145 574//1146 547//1094
f 522//1042 575//1147 548//1095
f 548//1096 575//1148 522//1043
f 522//1043 575//1148 573//1145
f 576//1149 523//1044 548//1095
f 548//1096 523//1045 576//1150
f 558//1151 500//997 523//1044
f 494//985 550//1099 551//1101
f 551//1102 550//1100 494//986
f 492//981 551//1101 549//1097
f 549//1098 551//1102 492//982
f 556//1111 550//1099 493//983
f 493//984 550//1100 556//1112
f 497//991 552//1103 553//1105
f 553//1106 552//1104 497//992
f 498//993 553//1105 554//1107
f 554//1108 553//1106 498//994
f 495//987 554//1107 556//1111
f 556//1112 554//1108 495//988
f 496//989 555//1109 552//1103
f 552//1104 555//1110 496//990
f 499//995 557//1113 555//1109
f 555//1110 557//1114 499//996
f 500//997 558//1151 557//1113
f 557//1114 558//1115 500//998
f 523//1044 576//1149 558//1151
f 558//1115 576//1150 523//1045
f 577//1152 528//1054 524//1046
f 524//1047 528//1055 577//1153
f 525//1048 578//1154 524//1046
f 524//1047 578//1155 525//1049
f 526//1050 579//1156 525//1048
f 525//1049 579//1157 526//1051
f 580//1158 526//1050 527//1052
f 527//1053 526//1051 580//1159
f 581//1160 527//1052 549//1097
f 549//1098 527//1053 581//1161
f 582//1162 559//1116 528//1054
f 528//1055 559//1117 582//1163
f 560//1118 504//1005 559//1116
f 559//1117 504//1006 560//1119
f 529//1056 530//1058 583//1164
f 583//1165 530//1059 529//1057
f 530//1058 560//1118 584//1166
f 584//1167 560//1119 530//1059
f 531//1060 529//1056 585//1168
f 585//1169 529//1057 531//1061
f 532//1062 531//1060 586//1170
f 586//1171 531//1061 532//1063
f 532//1062 587//1172 533//1064
f 533//1065 587//1173 532//1063
f 532//1063 474//948 533//1065
f 533//1064 588//1174 535//1068
f 535//1069 588//1175 533//1065
f 534//1066 535//1068 589//1176
f 589//1177 535//1069 534//1067
f 590//1178 539//1077 561//1120
f 539//1077 590//1178 540//1079
f 561//1121 539//1078 590//1179
f 540//1080 590//1179 539//1078
f 540//1079 590//1178 591//1180
f 591//1181 590//1179 540//1080
f 506//1009 562//1122 561//1120
f 561//1121 562//1123 506//1070
f 534//1066 592//1182 536//1071
f 536//1072 592//1183 534//1067
f 593//1184 561//1120 562//1122
f 561//1120 593//1184 590//1178
f 562//1123 561//1121 593//1185
f 590//1179 593//1185 561//1121
f 590//1178 593//1184 594//1186
f 594//1187 593//1185 590//1179
f 536//1071 595//1188 562//1122
f 562//1123 595//1189 536//1072
f 543//1085 537//1073 596//1190
f 596//1191 537//1074 543//1086
f 596//1190 537//1073 563//1124
f 563//1125 537//1074 596//1191
f 563//1124 538//1075 568//1134
f 568//1135 538//1076 563//1125
f 541//1081 540//1079 591//1180
f 591//1181 540//1080 541//1082
f 564//1126 541//1081 597//1192
f 597//1193 541//1082 564//1127
f 598//1194 542//1083 564//1126
f 564//1127 542//1084 598//1195
f 565//1129 566//1131 599//1196
f 568//1134 566//1130 599//1197
f 599//1197 566//1130 565//1128
f 599//1197 565//1128 600//1198
f 600//1199 565//1129 599//1196
f 567//1133 565//1129 600//1199
f 600//1198 565//1128 567//1132
f 600//1198 567//1132 601//1200
f 601//1201 567//1133 600//1199
f 567//1132 542//1083 598//1194
f 598//1195 542//1084 567//1133
f 599//1196 566//1131 568//1135
f 602//1202 544//1087 545//1089
f 545//1090 544//1088 602//1203
f 544//1087 602//1202 569//1136
f 569//1137 602//1203 544//1088
f 570//1138 520//1038 572//1142
f 572//1143 520//1039 570//1139
f 570//1138 571//1140 519//1036
f 519//1037 571//1141 570//1139
f 545//1089 571//1140 603//1204
f 603//1205 571//1141 545//1090
f 572//1142 543//1085 596//1190
f 596//1191 543//1086 572//1143
f 604//1206 546//1091 569//1136
f 569//1137 546//1092 604//1207
f 546//1091 574//1208 547//1093
f 547//1094 574//1146 546//1092
f 547//1093 574//1208 573//1144
f 573//1144 575//1147 522//1042
f 574//1208 605//1209 573//1144
f 573//1145 605//1210 574//1146
f 575//1147 606//1211 548//1095
f 548//1096 606//1212 575//1148
f 573//1144 605//1209 575//1147
f 575//1148 605//1210 573//1145
f 548//1095 606//1211 576//1149
f 576//1150 606//1212 548//1096
f 606//1212 607//1213 575//1148
f 608//1214 551//1101 550//1099
f 550//1100 551//1102 608//1215
f 609//1216 549//1097 551//1101
f 551//1102 549//1098 609//1217
f 556//1111 610//1218 550//1099
f 550//1100 610//1219 556//1112
f 552//1103 611//1220 553//1105
f 553//1106 611//1221 552//1104
f 611//1220 554//1107 553//1105
f 553//1106 554//1108 611//1221
f 554//1107 612//1222 556//1111
f 556//1112 612//1223 554//1108
f 613//1224 552//1103 555//1109
f 555//1110 552//1104 613//1225
f 614//1226 555//1109 557//1113
f 557//1114 555//1110 614//1227
f 615//1228 557//1113 558//1151
f 558//1115 557//1114 615//1229
f 576//1150 558//1115 616//1230
f 528//1054 577//1152 582//1162
f 582//1163 577//1153 528//1055
f 579//1156 578//1154 525//1048
f 525//1049 578//1155 579//1157
f 578//1154 577//1152 524//1046
f 524//1047 577//1153 578//1155
f 526//1050 580//1158 579//1156
f 579//1157 580//1159 526//1051
f 527//1052 581//1160 580//1158
f 580//1159 581//1161 527//1053
f 549//1097 609//1216 581//1160
f 581//1161 609//1217 549//1098
f 559//1116 582//1162 617//1231
f 617//1232 582//1163 559//1117
f 559//1116 618//1233 560//1118
f 560//1119 618//1234 559//1117
f 530//1058 584//1166 583//1164
f 583//1165 584//1167 530//1059
f 560//1118 618//1233 584//1166
f 529//1056 583//1164 585//1168
f 585//1169 583//1165 529//1057
f 584//1167 618//1234 560//1119
f 531//1060 585//1168 586//1170
f 586//1171 585//1169 531//1061
f 586//1171 532//1063 587//1173
f 587//1172 532//1062 586//1170
f 535//1068 588//1174 589//1176
f 589//1177 588//1175 535//1069
f 588//1174 533//1064 587//1172
f 587//1173 533//1065 588//1175
f 592//1182 534//1066 589//1176
f 589//1177 534//1067 592//1183
f 591//1180 590//1178 594//1186
f 594//1187 590//1179 591//1181
f 595//1188 536//1071 592//1182
f 592//1183 536//1072 595//1189
f 562//1122 619//1235 593//1184
f 593//1185 619//1236 562//1123
f 594//1186 593//1184 619//1235
f 619//1236 593//1185 594//1187
f 619//1235 562//1122 595//1188
f 595//1189 562//1123 619//1236
f 597//1192 541//1081 591//1180
f 591//1181 541//1082 597//1193
f 620//1237 564//1126 597//1192
f 597//1193 564//1127 620//1238
f 598//1194 564//1126 620//1237
f 601//1200 567//1132 598//1194
f 598//1195 567//1133 601//1201
f 620//1238 564//1127 598//1195
f 621//1239 622//1240 623//1241
f 623//1242 622//1243 621//1244
f 623//1241 568//1134 599//1197
f 599//1196 568//1135 623//1242
f 622//1240 568//1134 623//1241
f 623//1242 568//1135 622//1243
f 624//1245 623//1241 625//1246
f 625//1247 623//1242 624//1248
f 625//1246 599//1197 600//1198
f 600//1199 599//1196 625//1247
f 623//1241 599//1197 625//1246
f 625//1247 599//1196 623//1242
f 626//1249 625//1246 627//1250
f 627//1251 625//1247 626//1252
f 627//1250 600//1198 601//1200
f 601//1201 600//1199 627//1251
f 625//1246 600//1198 627//1250
f 627//1251 600//1199 625//1247
f 603//1204 602//1202 545//1089
f 545//1090 602//1203 603//1205
f 628//1253 569//1136 602//1202
f 602//1203 569//1137 628//1254
f 570//1138 572//1142 571//1140
f 571//1141 572//1143 570//1139
f 571//1140 629//1255 603//1204
f 603//1205 629//1256 571//1141
f 572//1142 596//1190 629//1255
f 629//1256 596//1191 572//1143
f 546//1091 604//1206 574//1208
f 574//1146 604//1207 546//1092
f 569//1136 628//1253 604//1206
f 604//1207 628//1254 569//1137
f 575//1147 607//1257 606//1211
f 605//1209 607//1257 575//1147
f 606//1211 630//1258 576//1149
f 576//1150 630//1259 606//1212
f 616//1260 558//1151 576//1149
f 607//1257 631//1261 606//1211
f 606//1212 631//1262 607//1213
f 575//1148 607//1213 605//1210
f 551//1101 608//1214 609//1216
f 609//1217 608//1215 551//1102
f 610//1218 608//1214 550//1099
f 550//1100 608//1215 610//1219
f 611//1220 552//1103 632//1263
f 632//1264 552//1104 611//1221
f 554//1107 611//1220 612//1222
f 612//1223 611//1221 554//1108
f 556//1111 612//1222 610//1218
f 610//1219 612//1223 556//1112
f 552//1103 613//1224 632//1263
f 632//1264 613//1225 552//1104
f 555//1109 614//1226 613//1224
f 613//1225 614//1227 555//1110
f 557//1113 615//1228 614//1226
f 614//1227 615//1229 557//1114
f 558//1151 616//1260 615//1228
f 615//1229 616//1230 558//1115
f 633//1265 582//1162 577//1152
f 577//1153 582//1163 633//1266
f 579//1156 634//1267 578//1154
f 578//1155 634//1268 579//1157
f 578//1154 635//1269 577//1152
f 577//1153 635//1270 578//1155
f 636//1271 579//1156 580//1158
f 580//1159 579//1157 636//1272
f 581//1161 580//1159 637//1273
f 638//1274 581//1160 609//1216
f 609//1217 581//1161 638//1275
f 637//1276 580//1158 581//1160
f 639//1277 617//1231 582//1162
f 582//1163 617//1232 639//1278
f 617//1232 559//1117 618//1234
f 618//1233 559//1116 617//1231
f 583//1164 584//1166 640//1279
f 640//1280 584//1167 583//1165
f 584//1166 618//1233 641//1281
f 641//1282 618//1234 584//1167
f 585//1168 583//1164 642//1283
f 642//1284 583//1165 585//1169
f 586//1170 585//1168 643//1285
f 643//1286 585//1169 586//1171
f 586//1170 644//1287 587//1172
f 587//1173 644//1288 586//1171
f 589//1176 588//1174 645//1289
f 645//1290 588//1175 589//1177
f 588//1175 646//1291 587//1173
f 645//1289 592//1182 589//1176
f 589//1177 592//1183 645//1290
f 647//1292 591//1180 594//1186
f 594//1187 591//1181 647//1293
f 648//1294 595//1188 592//1182
f 592//1183 595//1189 648//1295
f 649//1296 594//1186 619//1235
f 619//1236 594//1187 649//1297
f 650//1298 619//1235 595//1188
f 595//1189 619//1236 650//1299
f 597//1192 591//1180 647//1292
f 647//1293 591//1181 597//1193
f 651//1300 598//1194 620//1237
f 620//1238 598//1195 651//1301
f 601//1200 598//1194 651//1300
f 651//1301 598//1195 601//1201
f 651//1300 620//1237 652//1302
f 652//1303 620//1238 651//1301
f 620//1237 597//1192 653//1304
f 653//1305 597//1193 620//1238
f 629//1255 622//1240 621//1239
f 621//1244 622//1243 629//1256
f 621//1239 623//1241 624//1245
f 624//1248 623//1242 621//1244
f 624//1245 625//1246 626//1249
f 626//1252 625//1247 624//1248
f 626//1249 627//1250 654//1306
f 654//1307 627//1251 626//1252
f 627//1250 601//1200 655//1308
f 655//1309 601//1201 627//1251
f 602//1202 603//1204 656//1310
f 656//1311 603//1205 602//1203
f 656//1310 628//1253 602//1202
f 602//1203 628//1254 656//1311
f 572//1142 629//1255 571//1140
f 571//1141 629//1256 572//1143
f 603//1204 629//1255 621//1239
f 621//1244 629//1256 603//1205
f 596//1190 622//1240 629//1255
f 629//1256 622//1243 596//1191
f 657//1312 574//1208 604//1206
f 604//1207 574//1146 657//1313
f 658//1314 604//1206 628//1253
f 628//1254 604//1207 658//1315
f 605//1209 659//1316 607//1257
f 606//1211 631//1261 630//1258
f 630//1259 631//1262 606//1212
f 576//1149 630//1258 616//1260
f 616//1230 630//1259 576//1150
f 607//1257 660//1317 631//1261
f 631//1262 660//1318 607//1213
f 661//1319 609//1216 608//1214
f 608//1215 609//1217 661//1320
f 610//1218 661//1319 608//1214
f 632//1263 662//1321 611//1220
f 611//1221 662//1322 632//1264
f 611//1220 663//1323 612//1222
f 612//1223 663//1324 611//1221
f 664//1325 610//1218 612//1222
f 612//1223 610//1219 664//1326
f 613//1224 665//1327 632//1263
f 632//1264 665//1328 613//1225
f 666//1329 613//1224 614//1226
f 614//1227 613//1225 666//1330
f 615//1229 614//1227 667//1331
f 668//1332 615//1228 616//1260
f 616//1230 615//1229 668//1333
f 667//1334 614//1226 615//1228
f 582//1162 633//1265 639//1277
f 639//1278 633//1266 582//1163
f 635//1269 633//1265 577//1152
f 577//1153 633//1266 635//1270
f 578//1154 634//1267 635//1269
f 635//1270 634//1268 578//1155
f 579//1156 636//1271 634//1267
f 634//1268 636//1272 579//1157
f 580//1158 637//1276 636//1271
f 636//1272 637//1273 580//1159
f 581//1160 638//1274 637//1276
f 637//1273 638//1275 581//1161
f 609//1216 661//1319 638//1274
f 638//1275 661//1320 609//1217
f 617//1231 639//1277 669//1335
f 669//1336 639//1278 617//1232
f 669//1336 617//1232 670//1337
f 617//1231 670//1338 618//1233
f 618//1234 670//1337 617//1232
f 584//1166 641//1281 640//1279
f 640//1280 641//1282 584//1167
f 583//1164 640//1279 642//1283
f 642//1284 640//1280 583//1165
f 618//1233 670//1338 641//1281
f 641//1282 670//1337 618//1234
f 643//1286 586//1171 644//1288
f 585//1168 642//1283 643//1285
f 643//1286 642//1284 585//1169
f 644//1287 586//1170 643//1285
f 588//1174 646//1339 645//1289
f 645//1290 646//1291 588//1175
f 646//1339 587//1172 644//1287
f 587//1172 646//1339 588//1174
f 644//1288 587//1173 646//1291
f 592//1182 645//1289 648//1294
f 648//1295 645//1290 592//1183
f 647//1292 594//1186 671//1340
f 671//1341 594//1187 647//1293
f 619//1235 650//1298 672//1342
f 672//1343 650//1299 619//1236
f 649//1296 619//1235 672//1342
f 672//1343 619//1236 649//1297
f 595//1188 648//1294 650//1298
f 650//1299 648//1295 595//1189
f 671//1340 594//1186 649//1296
f 649//1297 594//1187 671//1341
f 654//1306 627//1250 655//1308
f 655//1309 627//1251 654//1307
f 655//1308 601//1200 651//1300
f 651//1301 601//1201 655//1309
f 653//1305 620//1238 652//1303
f 653//1305 647//1293 597//1193
f 673//1344 655//1308 674//1345
f 674//1346 655//1309 673//1347
f 674//1345 651//1300 652//1302
f 652//1303 651//1301 674//1346
f 655//1308 651//1300 674//1345
f 674//1346 651//1301 655//1309
f 652//1302 620//1237 653//1304
f 597//1192 647//1292 653//1304
f 624//1248 621//1244 656//1311
f 603//1204 621//1239 656//1310
f 626//1252 624//1248 675//1348
f 656//1310 624//1245 675//1349
f 654//1307 626//1252 676//1350
f 675//1349 626//1249 676//1351
f 628//1253 656//1310 675//1349
f 675//1348 656//1311 628//1254
f 656//1311 621//1244 603//1205
f 563//1124 568//1134 622//1240
f 622//1243 568//1135 563//1125
f 596//1190 563//1124 622//1240
f 622//1243 563//1125 596//1191
f 574//1208 657//1312 605//1209
f 605//1210 657//1313 574//1146
f 604//1206 658//1314 657//1312
f 657//1313 658//1315 604//1207
f 675//1349 658//1314 628//1253
f 628//1254 658//1315 675//1348
f 659//1316 605//1209 657//1312
f 607//1213 659//1352 605//1210
f 657//1313 605//1210 659//1352
f 660//1317 607//1257 659//1316
f 659//1352 607//1213 660//1318
f 631//1261 677//1353 630//1258
f 630//1259 677//1354 631//1262
f 630//1258 678//1355 616//1260
f 616//1230 678//1356 630//1259
f 679//1357 631//1261 660//1317
f 660//1318 631//1262 679//1358
f 608//1215 661//1320 610//1219
f 661//1319 610//1218 664//1325
f 664//1326 610//1219 661//1320
f 662//1321 632//1263 665//1327
f 665//1328 632//1264 662//1322
f 663//1323 611//1220 662//1321
f 662//1322 611//1221 663//1324
f 663//1323 664//1325 612//1222
f 612//1223 664//1326 663//1324
f 680//1359 665//1327 613//1224
f 613//1225 665//1328 680//1360
f 613//1224 666//1329 680//1359
f 680//1360 666//1330 613//1225
f 666//1330 667//1331 614//1227
f 615//1228 668//1332 667//1334
f 667//1331 668//1333 615//1229
f 614//1226 667//1334 666//1329
f 616//1260 678//1355 668//1332
f 668//1333 678//1356 616//1230
f 678//1356 677//1354 630//1259
f 681//1361 639//1277 633//1265
f 633//1266 639//1278 681//1362
f 635//1269 682//1363 633//1265
f 633//1266 682//1364 635//1270
f 634//1267 683//1365 635//1269
f 635//1270 683//1366 634//1268
f 636//1272 634//1268 684//1367
f 685//1368 636//1271 637//1276
f 637//1273 636//1272 685//1369
f 684//1370 634//1267 636//1271
f 638//1274 685//1368 637//1276
f 637//1273 685//1369 638//1275
f 661//1319 686//1371 638//1274
f 638//1275 686//1372 661//1320
f 687//1373 669//1335 639//1277
f 639//1278 669//1336 687//1374
f 670//1338 617//1231 669//1335
f 669//1335 688//1375 670//1338
f 670//1337 688//1376 669//1336
f 640//1279 641//1281 689//1377
f 689//1378 641//1282 640//1280
f 641//1281 670//1338 690//1379
f 690//1380 670//1337 641//1282
f 642//1283 640//1279 691//1381
f 691//1382 640//1280 642//1284
f 643//1285 692//1383 644//1287
f 693//1384 643//1286 692//1385
f 644//1288 692//1385 643//1286
f 643//1285 642//1283 691//1381
f 691//1382 642//1284 643//1286
f 645//1289 646//1339 694//1386
f 694//1387 646//1291 645//1290
f 644//1287 694//1386 646//1339
f 692//1385 644//1288 694//1387
f 646//1291 694//1387 644//1288
f 695//1388 648//1294 645//1289
f 645//1290 648//1295 695//1389
f 647//1292 671//1340 696//1390
f 696//1391 671//1341 647//1293
f 697//1392 698//1393 699//1394
f 699//1395 698//1396 697//1397
f 699//1394 672//1342 650//1298
f 672//1342 699//1394 698//1393
f 650//1299 672//1343 699//1395
f 698//1396 699//1395 672//1343
f 700//1398 649//1296 672//1342
f 672//1343 649//1297 700//1399
f 701//1400 650//1298 648//1294
f 648//1295 650//1299 701//1401
f 648//1294 695//1388 701//1400
f 701//1401 695//1389 648//1295
f 671//1340 649//1296 700//1398
f 700//1399 649//1297 671//1341
f 654//1306 655//1308 673//1344
f 673//1347 655//1309 654//1307
f 652//1302 653//1304 702//1402
f 702//1403 653//1305 652//1303
f 653//1304 647//1292 696//1390
f 696//1391 647//1293 653//1305
f 673//1344 674//1345 703//1404
f 703//1405 674//1346 673//1347
f 674//1345 652//1302 704//1406
f 704//1407 652//1303 674//1346
f 656//1310 621//1239 624//1245
f 675//1348 624//1248 656//1311
f 675//1349 624//1245 626//1249
f 676//1350 626//1252 675//1348
f 676//1351 626//1249 654//1306
f 676//1351 654//1306 705//1408
f 705//1409 654//1307 676//1350
f 706//1410 657//1312 658//1314
f 658//1315 657//1313 706//1411
f 658//1314 675//1349 676//1351
f 676//1350 675//1348 658//1315
f 657//1312 706//1410 659//1316
f 659//1352 706//1411 657//1313
f 659//1316 707//1412 660//1317
f 660//1318 707//1413 659//1352
f 631//1261 679//1357 677//1353
f 677//1354 679//1358 631//1262
f 630//1258 677//1353 678//1355
f 660//1317 708//1414 679//1357
f 679//1358 708//1415 660//1318
f 664//1325 709//1416 661//1319
f 661//1320 709//1417 664//1326
f 665//1327 710//1418 662//1321
f 662//1322 710//1419 665//1328
f 662//1321 711//1420 663//1323
f 663//1324 711//1421 662//1322
f 712//1422 664//1325 663//1323
f 663//1324 664//1326 712//1423
f 680//1359 713//1424 665//1327
f 665//1328 713//1425 680//1360
f 666//1329 714//1426 680//1359
f 680//1360 714//1427 666//1330
f 667//1331 666//1330 715//1428
f 716//1429 667//1334 668//1332
f 668//1333 667//1331 716//1430
f 715//1431 666//1329 667//1334
f 678//1355 717//1432 668//1332
f 668//1333 717//1433 678//1356
f 677//1353 718//1434 678//1355
f 678//1356 718//1435 677//1354
f 639//1277 681//1361 687//1373
f 687//1374 681//1362 639//1278
f 682//1363 681//1361 633//1265
f 633//1266 681//1362 682//1364
f 635//1269 683//1365 682//1363
f 682//1364 683//1366 635//1270
f 636//1271 685//1368 684//1370
f 684//1367 685//1369 636//1272
f 634//1267 684//1370 683//1365
f 683//1366 684//1367 634//1268
f 686//1372 638//1275 685//1369
f 685//1368 638//1274 686//1371
f 686//1371 661//1319 709//1416
f 709//1417 661//1320 686//1372
f 669//1335 687//1373 719//1436
f 719//1437 687//1374 669//1336
f 719//1437 669//1336 688//1376
f 688//1375 669//1335 719//1436
f 641//1281 690//1379 689//1377
f 689//1378 690//1380 641//1282
f 670//1338 688//1375 690//1379
f 690//1380 688//1376 670//1337
f 640//1279 689//1377 691//1381
f 691//1382 689//1378 640//1280
f 693//1438 643//1285 691//1381
f 691//1382 643//1286 693//1384
f 692//1383 643//1285 693//1438
f 694//1386 644//1287 692//1383
f 695//1388 645//1289 694//1386
f 694//1387 645//1290 695//1389
f 720//1439 694//1386 692//1383
f 692//1385 694//1387 720//1440
f 696//1390 671//1340 721//1441
f 721//1442 671//1341 696//1391
f 702//1402 653//1304 696//1390
f 696//1391 653//1305 702//1403
f 698//1393 697//1392 722//1443
f 722//1444 697//1397 698//1396
f 723//1445 722//1443 697//1392
f 697//1397 722//1444 723//1446
f 724//1447 699//1394 701//1400
f 700//1398 672//1342 698//1393
f 698//1396 672//1343 700//1399
f 650//1298 701//1400 699//1394
f 699//1395 701//1401 650//1299
f 725//1448 701//1400 695//1388
f 695//1389 701//1401 725//1449
f 726//1450 671//1340 700//1398
f 700//1399 671//1341 726//1451
f 673//1347 654//1307 705//1409
f 703//1404 674//1345 704//1406
f 704//1407 674//1346 703//1405
f 704//1406 652//1302 702//1402
f 702//1403 652//1303 704//1407
f 703//1405 673//1347 727//1452
f 705//1408 673//1344 727//1453
f 705//1408 654//1306 673//1344
f 706//1410 676//1351 705//1408
f 705//1409 676//1350 706//1411
f 676//1351 706//1410 658//1314
f 658//1315 706//1411 676//1350
f 707//1412 659//1316 706//1410
f 706//1411 659//1352 707//1413
f 708//1414 660//1317 707//1412
f 707//1413 660//1318 708//1415
f 728//1454 677//1353 679//1357
f 679//1358 677//1354 728//1455
f 729//1456 679//1357 708//1414
f 708//1415 679//1358 729//1457
f 709//1416 664//1325 712//1422
f 712//1423 664//1326 709//1417
f 710//1418 665//1327 713//1424
f 713//1425 665//1328 710//1419
f 711//1420 662//1321 710//1418
f 710//1419 662//1322 711//1421
f 711//1420 712//1422 663//1323
f 663//1324 712//1423 711//1421
f 714//1426 713//1424 680//1359
f 680//1360 713//1425 714//1427
f 714//1426 666//1329 730//1458
f 730//1459 666//1330 714//1427
f 667//1334 716//1429 715//1431
f 715//1428 716//1430 667//1331
f 666//1329 715//1431 730//1458
f 730//1459 715//1428 666//1330
f 668//1332 717//1432 716//1429
f 716//1430 717//1433 668//1333
f 678//1355 718//1434 717//1432
f 717//1433 718//1435 678//1356
f 677//1353 728//1454 718//1434
f 718//1435 728//1455 677//1354
f 731//1460 687//1373 681//1361
f 681//1362 687//1374 731//1461
f 682//1363 732//1462 681//1361
f 681//1362 732//1463 682//1364
f 683//1365 733//1464 682//1363
f 682//1364 733//1465 683//1366
f 684//1367 683//1366 734//1466
f 735//1467 684//1370 685//1368
f 685//1369 684//1367 735//1468
f 734//1469 683//1365 684//1370
f 686//1371 735//1467 685//1368
f 685//1369 735//1468 686//1372
f 709//1416 736//1470 686//1371
f 686//1372 736//1471 709//1417
f 737//1472 719//1436 687//1373
f 687//1374 719//1437 737//1473
f 719//1436 738//1474 688//1375
f 688//1376 738//1475 719//1437
f 689//1377 690//1379 739//1476
f 739//1477 690//1380 689//1378
f 690//1379 688//1375 740//1478
f 740//1479 688//1376 690//1380
f 691//1381 689//1377 741//1480
f 741//1481 689//1378 691//1382
f 742//1482 692//1383 693//1438
f 693//1384 692//1385 742//1483
f 693//1438 691//1381 741//1480
f 741//1481 691//1382 693//1384
f 695//1388 694//1386 743//1484
f 743//1485 694//1387 695//1389
f 720//1439 692//1383 742//1482
f 742//1483 692//1385 720//1440
f 744//1486 743//1484 720//1439
f 694//1386 720//1439 743//1484
f 743//1485 720//1440 694//1387
f 671//1340 726//1450 721//1441
f 721//1442 726//1451 671//1341
f 721//1442 696//1391 745//1487
f 702//1402 696//1390 745//1488
f 745//1487 696//1391 702//1403
f 722//1443 723//1445 746//1489
f 746//1490 723//1446 722//1444
f 747//1491 722//1443 746//1489
f 746//1490 722//1444 747//1492
f 748//1493 697//1392 724//1447
f 697//1392 748//1493 723//1445
f 724//1494 697//1397 748//1495
f 723//1446 748//1495 697//1397
f 701//1401 699//1395 724//1494
f 701//1400 725//1448 724//1447
f 724//1494 725//1449 701//1401
f 749//1496 700//1398 698//1393
f 698//1396 700//1399 749//1497
f 725//1448 695//1388 743//1484
f 743//1485 695//1389 725//1449
f 726//1450 700//1398 749//1496
f 749//1497 700//1399 726//1451
f 727//1452 673//1347 705//1409
f 703//1404 704//1406 750//1498
f 750//1499 704//1407 703//1405
f 704//1406 702//1402 751//1500
f 751//1501 702//1403 704//1407
f 727//1453 673//1344 703//1404
f 727//1453 703//1404 752//1502
f 752//1503 703//1405 727//1452
f 705//1408 707//1412 706//1410
f 706//1411 707//1413 705//1409
f 707//1413 708//1415 727//1452
f 679//1357 729//1456 728//1454
f 728//1455 729//1457 679//1358
f 708//1415 729//1457 752//1503
f 712//1422 753//1504 709//1416
f 709//1417 753//1505 712//1423
f 713//1424 754//1506 710//1418
f 710//1419 754//1507 713//1425
f 710//1418 755//1508 711//1420
f 711//1421 755//1509 710//1419
f 756//1510 712//1422 711//1420
f 711//1421 712//1423 756//1511
f 714//1426 757//1512 713//1424
f 713//1425 757//1513 714//1427
f 730//1458 758//1514 714//1426
f 714//1427 758//1515 730//1459
f 759//1516 715//1431 716//1429
f 716//1430 715//1428 759//1517
f 760//1518 730//1458 715//1431
f 715//1428 730//1459 760//1519
f 717//1432 761//1520 716//1429
f 716//1430 761//1521 717//1433
f 718//1434 762//1522 717//1432
f 717//1433 762//1523 718//1435
f 763//1524 718//1434 728//1454
f 728//1455 718//1435 763//1525
f 687//1373 731//1460 737//1472
f 737//1473 731//1461 687//1374
f 732//1462 731//1460 681//1361
f 681//1362 731//1461 732//1463
f 682//1363 733//1464 732//1462
f 732//1463 733//1465 682//1364
f 684//1370 735//1467 734//1469
f 734//1466 735//1468 684//1367
f 683//1365 734//1469 733//1464
f 733//1465 734//1466 683//1366
f 735//1467 686//1371 736//1470
f 736//1471 686//1372 735//1468
f 736//1470 709//1416 753//1504
f 753//1505 709//1417 736//1471
f 719//1436 737//1472 764//1526
f 764//1527 737//1473 719//1437
f 764//1527 719//1437 738//1475
f 740//1479 738//1475 688//1376
f 738//1474 719//1436 764//1526
f 739//1477 740//1479 690//1380
f 688//1375 738//1474 740//1478
f 689//1377 739//1476 741//1480
f 741//1481 739//1477 689//1378
f 690//1379 740//1478 739//1476
f 742//1482 693//1438 741//1480
f 741//1481 693//1384 742//1483
f 765//1528 720//1439 742//1482
f 742//1483 720//1440 765//1529
f 725//1448 743//1484 766//1530
f 766//1531 743//1485 725//1449
f 744//1486 720//1439 765//1528
f 765//1529 720//1440 744//1532
f 743//1484 744//1486 766//1530
f 720//1440 743//1485 744//1532
f 766//1531 744//1532 743//1485
f 767//1533 721//1441 768//1534
f 768//1535 721//1442 767//1536
f 745//1488 721//1441 767//1533
f 726//1450 769//1537 768//1534
f 721//1441 726//1450 768//1534
f 768//1535 769//1538 726//1451
f 768//1535 726//1451 721//1442
f 749//1497 726//1451 769//1538
f 745//1488 696//1390 721//1441
f 750//1498 704//1406 751//1500
f 751//1501 704//1407 750//1499
f 702//1402 745//1488 751//1500
f 751//1501 745//1487 702//1403
f 770//1539 746//1489 723//1445
f 723//1446 746//1490 770//1540
f 771//1541 723//1445 748//1493
f 747//1491 749//1496 722//1443
f 722//1444 749//1497 747//1492
f 772//1542 747//1491 746//1489
f 746//1490 747//1492 772//1543
f 697//1397 724//1494 699//1395
f 724//1447 773//1544 748//1493
f 748//1495 773//1545 724//1494
f 748//1495 723//1446 771//1546
f 699//1394 724//1447 697//1392
f 773//1544 724//1447 725//1448
f 725//1449 724//1494 773//1545
f 749//1496 698//1393 722//1443
f 769//1537 726//1450 749//1496
f 727//1452 705//1409 707//1413
f 750//1499 703//1405 752//1503
f 752//1502 703//1404 750//1498
f 752//1503 727//1452 708//1415
f 707//1412 705//1408 727//1453
f 727//1453 708//1414 707//1412
f 774//1547 728//1454 729//1456
f 729//1457 728//1455 774//1548
f 752//1502 729//1456 708//1414
f 708//1414 727//1453 752//1502
f 753//1504 712//1422 756//1510
f 756//1511 712//1423 753//1505
f 754//1506 713//1424 757//1512
f 757//1513 713//1425 754//1507
f 755//1508 710//1418 754//1506
f 754//1507 710//1419 755//1509
f 755//1508 756//1510 711//1420
f 711//1421 756//1511 755//1509
f 758//1514 757//1512 714//1426
f 714//1427 757//1513 758//1515
f 758//1514 730//1458 775//1549
f 775//1550 730//1459 758//1515
f 715//1431 759//1516 760//1518
f 760//1519 759//1517 715//1428
f 716//1429 761//1520 759//1516
f 759//1517 761//1521 716//1430
f 730//1458 760//1518 775//1549
f 775//1550 760//1519 730//1459
f 717//1432 762//1522 761//1520
f 761//1521 762//1523 717//1433
f 718//1434 763//1524 762//1522
f 762//1523 763//1525 718//1435
f 728//1454 774//1547 763//1524
f 763//1525 774//1548 728//1455
f 776//1551 737//1472 731//1460
f 731//1461 737//1473 776//1552
f 732//1462 777//1553 731//1460
f 731//1461 777//1554 732//1463
f 733//1464 778//1555 732//1462
f 732//1463 778//1556 733//1465
f 735//1467 779//1557 734//1469
f 734//1466 779//1558 735//1468
f 734//1469 778//1555 733//1464
f 733//1465 778//1556 734//1466
f 736//1470 780//1559 735//1467
f 735//1468 780//1560 736//1471
f 753//1504 781//1561 736//1470
f 736//1471 781//1562 753//1505
f 782//1563 764//1526 737//1472
f 737//1473 764//1527 782//1564
f 764//1526 783//1565 738//1474
f 738//1475 783//1566 764//1527
f 740//1478 738//1474 784//1567
f 784//1568 738//1475 740//1479
f 739//1476 740//1478 785//1569
f 785//1570 740//1479 739//1477
f 741//1480 739//1476 786//1571
f 786//1572 739//1477 741//1481
f 742//1482 741//1480 786//1571
f 786//1572 741//1481 742//1483
f 765//1528 742//1482 786//1571
f 786//1572 742//1483 765//1529
f 773//1544 725//1448 766//1530
f 766//1531 725//1449 773//1545
f 787//1573 744//1486 765//1528
f 765//1529 744//1532 787//1574
f 788//1575 766//1530 744//1486
f 744//1532 766//1531 788//1576
f 767//1536 721//1442 745//1487
f 789//1577 767//1533 768//1534
f 768//1535 767//1536 789//1578
f 790//1579 751//1500 791//1580
f 791//1581 751//1501 790//1582
f 767//1533 751//1500 745//1488
f 745//1487 751//1501 767//1536
f 791//1580 751//1500 767//1533
f 767//1536 751//1501 791//1581
f 792//1583 768//1534 769//1537
f 769//1538 768//1535 792//1584
f 769//1537 749//1496 747//1491
f 747//1492 749//1497 769//1538
f 750//1498 751//1500 790//1579
f 790//1582 751//1501 750//1499
f 746//1489 770//1539 793//1585
f 793//1586 770//1540 746//1490
f 772//1542 746//1489 793//1585
f 793//1586 746//1490 772//1543
f 723//1445 771//1541 770//1539
f 770//1540 771//1546 723//1446
f 748//1493 794//1587 771//1541
f 771//1546 794//1588 748//1495
f 722//1444 698//1396 749//1497
f 792//1583 747//1491 772//1542
f 772//1543 747//1492 792//1584
f 794//1587 748//1493 773//1544
f 773//1545 748//1495 794//1588
f 752//1502 750//1498 795//1589
f 795//1590 750//1499 752//1503
f 795//1589 774//1547 729//1456
f 729//1457 774//1548 795//1590
f 729//1456 752//1502 795//1589
f 756//1510 796//1591 753//1504
f 753//1505 796//1592 756//1511
f 757//1512 797//1593 754//1506
f 754//1507 797//1594 757//1513
f 754//1506 798//1595 755//1508
f 755//1509 798//1596 754//1507
f 799//1597 756//1510 755//1508
f 755//1509 756//1511 799//1598
f 758//1514 800//1599 757//1512
f 757//1513 800//1600 758//1515
f 775//1549 801//1601 758//1514
f 758//1515 801//1602 775//1550
f 759//1516 802//1603 760//1518
f 760//1519 802//1604 759//1517
f 760//1518 803//1605 775//1549
f 761//1520 804//1606 759//1516
f 759//1517 804//1607 761//1521
f 775//1550 803//1608 760//1519
f 762//1522 805//1609 761//1520
f 761//1521 805//1610 762//1523
f 806//1611 762//1522 763//1524
f 763//1525 762//1523 806//1612
f 807//1613 763//1524 774//1547
f 774//1548 763//1525 807//1614
f 737//1472 776//1551 782//1563
f 782//1564 776//1552 737//1473
f 732//1462 778//1555 777//1553
f 777//1553 776//1551 731//1460
f 731//1461 776//1552 777//1554
f 777//1554 778//1556 732//1463
f 779//1557 735//1467 780//1559
f 780//1560 735//1468 779//1558
f 778//1555 734//1469 779//1557
f 779//1558 734//1466 778//1556
f 780//1559 736//1470 781//1561
f 781//1562 736//1471 780//1560
f 781//1561 753//1504 796//1591
f 796//1592 753//1505 781//1562
f 764//1526 782//1563 808//1615
f 808//1616 782//1564 764//1527
f 783//1565 764//1526 808//1615
f 808//1616 764//1527 783//1566
f 738//1474 783//1565 784//1567
f 784//1568 783//1566 738//1475
f 740//1478 784//1567 785//1569
f 785//1570 784//1568 740//1479
f 739//1476 785//1569 786//1571
f 786//1572 785//1570 739//1477
f 809//1617 765//1528 786//1571
f 773//1544 766//1530 810//1618
f 810//1619 766//1531 773//1545
f 788//1575 744//1486 787//1573
f 787//1574 744//1532 788//1576
f 809//1620 765//1529 787//1574
f 786//1572 765//1529 809//1620
f 787//1573 765//1528 809//1617
f 810//1619 788//1576 766//1531
f 766//1530 788//1575 810//1618
f 811//1621 767//1533 789//1577
f 789//1578 767//1536 811//1622
f 768//1534 792//1583 789//1577
f 789//1578 792//1584 768//1535
f 790//1579 791//1580 812//1623
f 812//1624 791//1581 790//1582
f 811//1621 791//1580 767//1533
f 767//1536 791//1581 811//1622
f 792//1583 769//1537 747//1491
f 747//1492 769//1538 792//1584
f 795//1589 750//1498 790//1579
f 790//1582 750//1499 795//1590
f 813//1625 793//1585 770//1539
f 770//1540 793//1586 813//1626
f 814//1627 772//1542 793//1585
f 793//1586 772//1543 814//1628
f 815//1629 770//1539 771//1541
f 771//1546 770//1540 815//1630
f 816//1631 771//1541 794//1587
f 794//1588 771//1546 816//1632
f 817//1633 792//1583 772//1542
f 772//1543 792//1584 817//1634
f 794//1587 773//1544 810//1618
f 810//1619 773//1545 794//1588
f 812//1624 790//1582 818//1635
f 795//1589 790//1579 818//1636
f 818//1635 790//1582 795//1590
f 774//1547 795//1589 818//1636
f 818//1635 795//1590 774//1548
f 795//1590 752//1503 729//1457
f 818//1636 790//1579 812//1623
f 796//1591 756//1510 799//1597
f 799//1598 756//1511 796//1592
f 797//1593 757//1512 800//1599
f 800//1600 757//1513 797//1594
f 798//1595 754//1506 797//1593
f 797//1594 754//1507 798//1596
f 798//1595 799//1597 755//1508
f 755//1509 799//1598 798//1596
f 801//1601 800//1599 758//1514
f 758//1515 800//1600 801//1602
f 801//1601 775//1549 803//1605
f 803//1608 775//1550 801//1602
f 802//1603 759//1516 819//1637
f 819//1638 759//1517 802//1604
f 802//1604 760//1519 803//1608
f 803//1605 760//1518 802//1603
f 761//1520 805//1609 804//1606
f 804//1607 805//1610 761//1521
f 759//1516 804//1606 819//1637
f 819//1638 804//1607 759//1517
f 762//1522 806//1611 805//1609
f 805//1610 806//1612 762//1523
f 763//1524 807//1613 806//1611
f 806//1612 807//1614 763//1525
f 807//1613 818//1636 820//1639
f 818//1636 807//1613 774//1547
f 820//1640 818//1635 807//1614
f 774//1548 807//1614 818//1635
f 821//1641 782//1563 776//1551
f 776//1552 782//1564 821//1642
f 822//1643 777//1553 778//1555
f 778//1556 777//1554 822//1644
f 779//1557 823//1645 778//1555
f 777//1553 822//1643 776//1551
f 776//1552 822//1644 777//1554
f 780//1559 824//1646 779//1557
f 779//1558 824//1647 780//1560
f 778//1556 823//1648 779//1558
f 781//1561 825//1649 780//1559
f 780//1560 825//1650 781//1562
f 796//1591 826//1651 781//1561
f 781//1562 826//1652 796//1592
f 827//1653 808//1615 782//1563
f 782//1564 808//1616 827//1654
f 808//1615 828//1655 783//1565
f 783//1566 828//1656 808//1616
f 785//1569 784//1567 829//1657
f 829//1658 784//1568 785//1570
f 784//1567 783//1565 830//1659
f 830//1660 783//1566 784//1568
f 786//1571 785//1569 829//1657
f 829//1658 785//1570 786//1572
f 809//1617 786//1571 829//1657
f 829//1658 786//1572 809//1620
f 831//1661 788//1575 787//1573
f 787//1574 788//1576 831//1662
f 832//1663 787//1573 809//1617
f 809//1620 787//1574 832//1664
f 833//1665 810//1618 788//1575
f 788//1576 810//1619 833//1666
f 812//1623 791//1580 834//1667
f 834//1668 791//1581 812//1624
f 834//1667 791//1580 811//1621
f 811//1622 791//1581 834//1668
f 835//1669 811//1621 789//1577
f 789//1578 811//1622 835//1670
f 817//1633 789//1577 792//1583
f 792//1584 789//1578 817//1634
f 793//1585 813//1625 836//1671
f 836//1672 813//1626 793//1586
f 814//1627 793//1585 836//1671
f 770//1539 815//1629 813//1625
f 813//1626 815//1630 770//1540
f 817//1633 772//1542 814//1627
f 814//1628 772//1543 817//1634
f 836//1672 793//1586 814//1628
f 771//1541 816//1631 815//1629
f 815//1630 816//1632 771//1546
f 816//1631 794//1587 837//1673
f 837//1674 794//1588 816//1632
f 789//1577 817//1633 835//1669
f 835//1670 817//1634 789//1578
f 794//1587 810//1618 837//1673
f 837//1674 810//1619 794//1588
f 818//1636 812//1623 820//1639
f 820//1640 812//1624 818//1635
f 799//1597 838//1675 796//1591
f 796//1592 838//1676 799//1598
f 800//1599 839//1677 797//1593
f 797//1594 839//1678 800//1600
f 797//1593 840//1679 798//1595
f 798//1596 840//1680 797//1594
f 841//1681 799//1597 798//1595
f 798//1596 799//1598 841//1682
f 801//1601 842//1683 800//1599
f 800//1600 842//1684 801//1602
f 803//1605 843//1685 801//1601
f 801//1602 843//1686 803//1608
f 819//1637 844//1687 802//1603
f 802//1604 844//1688 819//1638
f 802//1603 845//1689 803//1605
f 803//1608 845//1690 802//1604
f 805//1609 846//1691 804//1606
f 804//1607 846//1692 805//1610
f 847//1693 819//1637 804//1606
f 804//1607 819//1638 847//1694
f 848//1695 805//1609 806//1611
f 806//1612 805//1610 848//1696
f 849//1697 806//1611 807//1613
f 807//1614 806//1612 849//1698
f 820//1639 849//1697 807//1613
f 807//1614 849//1698 820//1640
f 782//1563 821//1641 827//1653
f 827//1654 821//1642 782//1564
f 822//1643 821//1641 776//1551
f 776//1552 821//1642 822//1644
f 823//1645 822//1643 778//1555
f 778//1556 822//1644 823//1648
f 825//1650 780//1560 824//1647
f 823//1645 779//1557 824//1646
f 824//1647 779//1558 823//1648
f 824//1646 780//1559 825//1649
f 825//1649 781//1561 826//1651
f 826//1652 781//1562 825//1650
f 826//1651 796//1591 838//1675
f 838//1676 796//1592 826//1652
f 808//1615 827//1653 850//1699
f 850//1700 827//1654 808//1616
f 850//1700 808//1616 828//1656
f 829//1658 830//1660 784//1568
f 783//1565 828//1655 830//1659
f 784//1567 830//1659 829//1657
f 830//1660 828//1656 783//1566
f 828//1655 808//1615 850//1699
f 809//1617 829//1657 851//1701
f 851//1702 829//1658 809//1620
f 833//1665 788//1575 831//1661
f 831//1662 788//1576 833//1666
f 831//1661 787//1573 832//1663
f 832//1664 787//1574 831//1662
f 832//1663 809//1617 851//1701
f 851//1702 809//1620 832//1664
f 810//1618 833//1665 837//1673
f 837//1674 833//1666 810//1619
f 852//1703 812//1623 834//1667
f 834//1668 812//1624 852//1704
f 853//1705 834//1667 811//1621
f 811//1622 834//1668 853//1706
f 853//1705 811//1621 835//1669
f 835//1670 811//1622 853//1706
f 854//1707 814//1627 836//1671
f 836//1672 814//1628 854//1708
f 855//1709 836//1671 813//1625
f 813//1626 836//1672 855//1710
f 856//1711 813//1625 815//1629
f 815//1630 813//1626 856//1712
f 857//1713 817//1633 814//1627
f 814//1628 817//1634 857//1714
f 858//1715 815//1629 816//1631
f 816//1632 815//1630 858//1716
f 859//1717 816//1631 837//1673
f 837//1674 816//1632 859//1718
f 857//1713 835//1669 817//1633
f 817//1634 835//1670 857//1714
f 860//1719 812//1624 820//1640
f 860//1720 812//1623 852//1703
f 820//1639 812//1623 860//1720
f 838//1675 799//1597 841//1681
f 841//1682 799//1598 838//1676
f 839//1677 800//1599 842//1683
f 842//1684 800//1600 839//1678
f 840//1679 797//1593 839//1677
f 839//1678 797//1594 840//1680
f 840//1679 841//1681 798//1595
f 798//1596 841//1682 840//1680
f 843//1685 842//1683 801//1601
f 801//1602 842//1684 843//1686
f 843//1685 803//1605 845//1689
f 845//1690 803//1608 843//1686
f 844//1687 819//1637 847//1693
f 847//1694 819//1638 844//1688
f 845//1689 802//1603 844//1687
f 844//1688 802//1604 845//1690
f 805//1609 848//1695 846//1691
f 846//1692 848//1696 805//1610
f 846//1691 861//1721 804//1606
f 804//1607 861//1722 846//1692
f 861//1721 847//1693 804//1606
f 804//1607 847//1694 861//1722
f 806//1611 849//1697 848//1695
f 848//1696 849//1698 806//1612
f 849//1697 820//1639 862//1723
f 862//1724 820//1640 849//1698
f 863//1725 827//1653 821//1641
f 821//1642 827//1654 863//1726
f 822//1643 864//1727 821//1641
f 821//1642 864//1728 822//1644
f 864//1727 822//1643 823//1645
f 823//1648 822//1644 864//1728
f 825//1649 865//1729 824//1646
f 824//1647 865//1730 825//1650
f 824//1646 866//1731 823//1645
f 823//1648 866//1732 824//1647
f 826//1651 867//1733 825//1649
f 825//1650 867//1734 826//1652
f 838//1675 868//1735 826//1651
f 826//1652 868//1736 838//1676
f 869//1737 850//1699 827//1653
f 827//1654 850//1700 869//1738
f 850//1699 870//1739 828//1655
f 828//1656 870//1740 850//1700
f 829//1657 830//1659 851//1701
f 851//1702 830//1660 829//1658
f 830//1659 828//1655 871//1741
f 871//1742 828//1656 830//1660
f 851//1701 830//1659 871//1741
f 872//1743 833//1665 831//1661
f 831//1662 833//1666 872//1744
f 873//1745 831//1661 832//1663
f 832//1664 831//1662 873//1746
f 874//1747 832//1663 851//1701
f 851//1702 832//1664 874//1748
f 875//1749 837//1673 833//1665
f 833//1666 837//1674 875//1750
f 852//1704 812//1624 860//1719
f 852//1703 834//1667 853//1705
f 853//1706 834//1668 852//1704
f 876//1751 853//1705 835//1669
f 835//1670 853//1706 876//1752
f 857//1713 814//1627 854//1707
f 854//1708 814//1628 857//1714
f 877//1753 854//1707 836//1671
f 836//1672 854//1708 877//1754
f 855//1710 836//1672 877//1754
f 856//1711 815//1629 858//1715
f 858//1716 815//1630 856//1712
f 855//1709 813//1625 856//1711
f 856//1712 813//1626 855//1710
f 835//1669 857//1713 876//1751
f 876//1752 857//1714 835//1670
f 858//1715 816//1631 859//1717
f 859//1718 816//1632 858//1716
f 859//1717 837//1673 875//1749
f 875//1750 837//1674 859//1718
f 820//1639 860//1720 862//1723
f 862//1724 860//1719 820//1640
f 878//1755 860//1720 852//1703
f 852//1704 860//1719 878//1756
f 841//1681 879//1757 838//1675
f 838//1676 879//1758 841//1682
f 842//1683 880//1759 839//1677
f 839//1678 880//1760 842//1684
f 839//1677 881//1761 840//1679
f 840//1680 881//1762 839//1678
f 882//1763 841//1681 840//1679
f 840//1680 841//1682 882//1764
f 843//1685 883//1765 842//1683
f 842//1684 883//1766 843//1686
f 845//1689 884//1767 843//1685
f 843//1686 884//1768 845//1690
f 847//1693 885//1769 844//1687
f 844//1688 885//1770 847//1694
f 844//1687 886//1771 845//1689
f 845//1690 886//1772 844//1688
f 887//1773 846//1691 848//1695
f 848//1696 846//1692 887//1774
f 846//1691 888//1775 861//1721
f 861//1722 888//1776 846//1692
f 889//1777 847//1693 861//1721
f 861//1722 847//1694 889//1778
f 890//1779 848//1695 849//1697
f 849//1698 848//1696 890//1780
f 862//1723 890//1779 849//1697
f 849//1698 890//1780 862//1724
f 827//1653 863//1725 869//1737
f 869//1738 863//1726 827//1654
f 864//1727 863//1725 821//1641
f 821//1642 863//1726 864//1728
f 866//1731 864//1727 823//1645
f 823//1648 864//1728 866//1732
f 865//1729 825//1649 867//1733
f 867//1734 825//1650 865//1730
f 865//1730 824//1647 866//1732
f 866//1731 824//1646 865//1729
f 868//1736 826//1652 867//1734
f 867//1733 826//1651 868//1735
f 868//1735 838//1675 879//1757
f 879//1758 838//1676 868//1736
f 850//1699 869//1737 891//1781
f 891//1782 869//1738 850//1700
f 870//1739 850//1699 891//1781
f 891//1782 850//1700 870//1740
f 828//1655 870//1739 871//1741
f 871//1742 870//1740 828//1656
f 871//1742 830//1660 851//1702
f 851//1701 871//1741 874//1747
f 874//1748 871//1742 851//1702
f 875//1749 833//1665 872//1743
f 872//1744 833//1666 875//1750
f 872//1743 831//1661 873//1745
f 873//1746 831//1662 872//1744
f 873//1745 832//1663 874//1747
f 874//1748 832//1664 873//1746
f 871//1741 892//1783 874//1747
f 874//1748 892//1784 871//1742
f 893//1785 852//1703 853//1705
f 853//1706 852//1704 893//1786
f 893//1785 853//1705 876//1751
f 876//1752 853//1706 893//1786
f 894//1787 857//1713 854//1707
f 854//1708 857//1714 894//1788
f 895//1789 854//1707 877//1753
f 877//1754 854//1708 895//1790
f 877//1753 836//1671 855//1709
f 894//1787 876//1751 857//1713
f 857//1714 876//1752 894//1788
f 896//1791 860//1719 862//1724
f 862//1723 860//1720 896//1792
f 896//1792 860//1720 878//1755
f 878//1756 860//1719 896//1791
f 878//1755 852//1703 893//1785
f 893//1786 852//1704 878//1756
f 879//1757 841//1681 882//1763
f 882//1764 841//1682 879//1758
f 880//1759 842//1683 883//1765
f 883//1766 842//1684 880//1760
f 881//1761 839//1677 880//1759
f 880//1760 839//1678 881//1762
f 881//1761 882//1763 840//1679
f 840//1680 882//1764 881//1762
f 884//1767 883//1765 843//1685
f 843//1686 883//1766 884//1768
f 884//1767 845//1689 886//1771
f 886//1772 845//1690 884//1768
f 897//1793 889//1777 861//1721
f 861//1722 889//1778 897//1794
f 888//1775 897//1793 861//1721
f 861//1722 897//1794 888//1776
f 885//1769 847//1693 889//1777
f 889//1778 847//1694 885//1770
f 886//1771 844//1687 885//1769
f 885//1770 844//1688 886//1772
f 846//1691 887//1773 888//1775
f 888//1776 887//1774 846//1692
f 848//1695 890//1779 887//1773
f 887//1774 890//1780 848//1696
f 890//1779 862//1723 898//1795
f 898//1796 862//1724 890//1780
f 864//1727 899//1797 863//1725
f 863//1726 899//1798 864//1728
f 899//1797 864//1727 866//1731
f 866//1732 864//1728 899//1798
f 868//1736 867//1734 900//1799
f 901//1800 866//1731 865//1729
f 865//1730 866//1732 901//1801
f 902//1802 868//1735 879//1757
f 879//1758 868//1736 902//1803
f 903//1804 891//1781 869//1737
f 869//1738 891//1782 903//1805
f 870//1739 891//1781 904//1806
f 904//1807 891//1782 870//1740
f 871//1741 870//1739 892//1783
f 892//1784 870//1740 871//1742
f 905//1808 893//1785 876//1751
f 876//1752 893//1786 905//1809
f 895//1789 894//1787 854//1707
f 854//1708 894//1788 895//1790
f 905//1809 893//1786 906//1810
f 905//1808 876//1751 894//1787
f 894//1788 876//1752 905//1809
f 862//1723 896//1792 898//1795
f 898//1796 896//1791 862//1724
f 907//1811 896//1792 878//1755
f 878//1756 896//1791 907//1812
f 906//1813 878//1755 893//1785
f 893//1786 878//1756 906//1810
f 908//1814 879//1757 882//1763
f 882//1764 879//1758 908//1815
f 909//1816 882//1763 881//1761
f 881//1762 882//1764 909//1817
f 910//1818 881//1761 880//1759
f 880//1760 881//1762 910//1819
f 911//1820 880//1759 883//1765
f 883//1766 880//1760 911//1821
f 912//1822 883//1765 884//1767
f 884//1768 883//1766 912//1823
f 913//1824 884//1767 886//1771
f 886//1772 884//1768 913//1825
f 889//1778 885//1770 914//1826
f 915//1827 889//1777 897//1793
f 897//1794 889//1778 915//1828
f 888//1775 916//1829 897//1793
f 897//1794 916//1830 888//1776
f 887//1773 917//1831 888//1775
f 888//1776 917//1832 887//1774
f 918//1833 887//1773 890//1779
f 890//1780 887//1774 918//1834
f 890//1779 898//1795 918//1833
f 918//1834 898//1796 890//1780
f 901//1800 899//1797 866//1731
f 866//1732 899//1798 901//1801
f 863//1725 899//1797 919//1835
f 919//1836 899//1798 863//1726
f 900//1837 920//1838 867//1733
f 867//1734 920//1839 900//1799
f 900//1837 867//1733 868//1735
f 902//1802 900//1837 868//1735
f 868//1736 900//1799 902//1803
f 920//1838 901//1800 865//1729
f 865//1730 901//1801 920//1839
f 908//1814 902//1802 879//1757
f 879//1758 902//1803 908//1815
f 891//1781 903//1804 921//1840
f 921//1841 903//1805 891//1782
f 869//1737 919//1835 903//1804
f 903//1805 919//1836 869//1738
f 891//1781 921//1840 904//1806
f 904//1807 921//1841 891//1782
f 870//1739 904//1806 892//1783
f 892//1784 904//1807 870//1740
f 906//1813 893//1785 905//1808
f 922//1842 894//1787 895//1789
f 895//1790 894//1788 922//1843
f 907//1811 878//1755 906//1813
f 906//1810 878//1756 907//1812
f 923//1844 906//1813 905//1808
f 905//1809 906//1810 923//1845
f 922//1842 905//1808 894//1787
f 894//1788 905//1809 922//1843
f 924//1846 896//1791 898//1796
f 924//1847 896//1792 907//1811
f 898//1795 896//1792 924//1847
f 907//1812 896//1791 924//1846
f 909//1816 908//1814 882//1763
f 882//1764 908//1815 909//1817
f 910//1818 909//1816 881//1761
f 881//1762 909//1817 910//1819
f 911//1820 910//1818 880//1759
f 880//1760 910//1819 911//1821
f 912//1822 911//1820 883//1765
f 883//1766 911//1821 912//1823
f 913//1824 912//1822 884//1767
f 884//1768 912//1823 913//1825
f 925//1848 913//1824 886//1771
f 886//1772 913//1825 925//1849
f 914//1850 885//1769 889//1777
f 915//1827 914//1850 889//1777
f 889//1778 914//1826 915//1828
f 926//1851 915//1827 897//1793
f 888//1775 917//1831 916//1829
f 916//1830 917//1832 888//1776
f 897//1793 916//1829 926//1851
f 926//1852 916//1830 897//1794
f 887//1773 918//1833 917//1831
f 917//1832 918//1834 887//1774
f 898//1795 927//1853 918//1833
f 918//1834 927//1854 898//1796
f 863//1725 919//1835 869//1737
f 869//1738 919//1836 863//1726
f 920//1838 865//1729 867//1733
f 867//1734 865//1730 920//1839
f 923//1844 905//1808 922//1842
f 922//1843 905//1809 923//1845
f 928//1855 907//1811 906//1813
f 906//1810 907//1812 928//1856
f 928//1855 906//1813 923//1844
f 923//1845 906//1810 928//1856
f 898//1795 924//1847 927//1853
f 927//1854 924//1846 898//1796
f 929//1857 924//1847 907//1811
f 907//1812 924//1846 929//1858
f 925//1848 886//1771 885//1769
f 885//1770 886//1772 925//1849
f 914//1850 925//1848 885//1769
f 885//1770 925//1849 914//1826
f 897//1794 915//1828 926//1852
f 924//1847 930//1859 927//1853
f 929//1857 907//1811 928//1855
f 928//1856 907//1812 929//1858
f 927//1854 930//1860 924//1846
f 930//1859 924//1847 929//1857
f 929//1858 924//1846 930//1860
