# SSTK version 0.8.0
# 35
mtllib original-35.mtl
o mesh76/mesh76-geometry#mesh76-geometry
v 0.039558 -0.174783 0.043142
v 0.022148 -0.180487 0.050704
v 0.039558 -0.180487 0.043142
v 0.022148 -0.174783 0.050704
v 0.023071 -0.189897 0.054554
v 0.053332 -0.174783 0.030081
v 0.033817 -0.174783 -0.051355
v 0.003199 -0.180487 0.051854
v 0.041740 -0.189897 0.046441
v 0.002747 -0.189897 0.055785
v 0.053332 -0.180487 0.030081
v 0.049074 -0.174783 -0.040057
v 0.015618 -0.174783 -0.056754
v 0.003199 -0.174783 0.051854
v 0.025295 -0.193795 0.063846
v 0.001664 -0.193795 0.065281
v 0.061811 -0.180487 0.013094
v 0.059544 -0.174783 -0.024226
v 0.049074 -0.180487 -0.040057
v 0.033817 -0.180487 -0.051355
v -0.015000 -0.180487 0.046455
v -0.016768 -0.189897 0.049996
v 0.047011 -0.193795 0.054411
v 0.056512 -0.189897 0.032434
v 0.061811 -0.174783 0.013094
v 0.065604 -0.189897 0.014221
v 0.059544 -0.180487 -0.024226
v 0.015618 -0.180487 -0.056754
v -0.003327 -0.174783 -0.055604
v -0.015000 -0.174783 0.046455
v 0.043280 -0.193795 0.187236
v 0.021778 -0.193795 0.174840
v -0.021036 -0.193795 0.058546
v 0.063964 -0.180487 -0.005765
v 0.063964 -0.174783 -0.005765
v 0.051944 -0.189897 -0.042781
v 0.063176 -0.189897 -0.025799
v 0.035585 -0.189897 -0.054896
v -0.030252 -0.180487 0.035157
v -0.033128 -0.189897 0.037881
v 0.050904 -0.193795 0.197164
v 0.033342 -0.193795 0.179621
v 0.064193 -0.193795 0.038123
v 0.009363 -0.193795 0.173210
v -0.003047 -0.193795 0.174854
v 0.067919 -0.189897 -0.006003
v 0.016070 -0.189897 -0.060685
v -0.003327 -0.180487 -0.055604
v -0.020742 -0.174783 -0.048042
v -0.030252 -0.174783 0.035157
v 0.055704 -0.193795 0.208723
v 0.045452 -0.192944 0.200316
v 0.038826 -0.192944 0.191694
v 0.030195 -0.192944 0.185078
v 0.057344 -0.193795 0.221133
v 0.020148 -0.192944 0.180924
v 0.074763 -0.193795 0.016939
v -0.040062 -0.193795 0.044454
v -0.014610 -0.193795 0.179650
v 0.039853 -0.193795 -0.063446
v 0.058879 -0.193795 -0.049354
v 0.071940 -0.193795 -0.029606
v 0.017153 -0.193795 -0.070181
v -0.040723 -0.174783 0.019325
v -0.044354 -0.189897 0.020898
v 0.056526 -0.193795 0.214936
v 0.049620 -0.192944 0.210358
v 0.040590 -0.190515 0.203125
v -0.001412 -0.192944 0.180938
v 0.009368 -0.192944 0.179512
v -0.024534 -0.193795 0.187278
v -0.011454 -0.192944 0.185106
v 0.077453 -0.193795 -0.006583
v -0.006478 -0.193795 -0.068746
v -0.004249 -0.189897 -0.059454
v -0.020742 -0.180487 -0.048042
v -0.034516 -0.174783 -0.034981
v -0.040723 -0.180487 0.019325
v 0.050333 -0.192944 0.215753
v 0.034858 -0.190515 0.195667
v 0.044192 -0.190515 0.211818
v 0.037063 -0.186884 0.205168
v 0.051041 -0.192944 0.221138
v 0.027391 -0.190515 0.189945
v 0.018698 -0.190515 0.186352
v -0.053118 -0.193795 0.024706
v -0.032149 -0.193795 0.197212
v -0.020076 -0.192944 0.191727
v 0.057515 -0.193795 -0.225929
v 0.033536 -0.193795 -0.184398
v 0.009563 -0.193795 -0.177977
v -0.045148 -0.174783 0.000865
v -0.042990 -0.174783 -0.017994
v -0.049097 -0.189897 0.001103
v 0.044810 -0.190515 0.216485
v 0.040257 -0.186884 0.212873
v 0.030628 -0.182597 0.199907
v 0.035404 -0.182597 0.206124
v 0.055718 -0.193795 0.233548
v 0.079530 -0.193795 0.259841
v 0.000043 -0.190515 0.186361
v -0.008646 -0.190515 0.189969
v 0.009373 -0.190515 0.185130
v -0.060718 -0.193795 0.259874
v -0.036935 -0.193795 0.208781
v -0.016103 -0.190515 0.195696
v 0.056697 -0.193795 -0.219722
v 0.043470 -0.193795 -0.192022
v 0.021973 -0.193795 -0.179607
v 0.079673 -0.193795 -0.264637
v -0.022923 -0.189897 -0.051341
v -0.002852 -0.193795 -0.179607
v -0.034516 -0.180487 -0.034981
v -0.045148 -0.180487 0.000865
v -0.042990 -0.180487 -0.017994
v 0.045428 -0.190515 0.221143
v 0.040808 -0.186884 0.217013
v 0.031977 -0.186884 0.198552
v 0.019801 -0.143499 0.215782
v 0.049630 -0.192944 0.231918
v 0.025357 -0.186884 0.193476
v 0.017648 -0.186884 0.190287
v 0.017153 -0.182597 0.192136
v 0.009373 -0.186884 0.189203
v -0.058636 -0.193795 0.001683
v -0.038560 -0.193795 0.221190
v -0.037743 -0.193795 0.214969
v -0.030846 -0.192944 0.210406
v -0.013223 -0.186884 0.198576
v -0.021825 -0.190515 0.203163
v -0.026692 -0.192944 0.200358
v 0.051212 -0.192944 -0.225929
v 0.055880 -0.193795 -0.213514
v 0.051089 -0.193795 -0.201951
v 0.030385 -0.192944 -0.189854
v 0.055880 -0.193795 -0.238339
v -0.028194 -0.193795 -0.059311
v 0.020342 -0.192944 -0.185696
v -0.001217 -0.192944 -0.185696
v -0.014416 -0.193795 -0.184398
v 0.041355 -0.186884 0.221143
v 0.044207 -0.190515 0.230468
v 0.038926 -0.182597 0.217264
v 0.024401 -0.182597 0.195135
v 0.022144 -0.143499 0.218866
v 0.038408 -0.182597 0.213367
v 0.016749 -0.143499 0.213415
v 0.050937 -0.193795 0.245116
v 0.144887 -0.193795 0.232707
v 0.009373 -0.182597 0.191119
v 0.013194 -0.143499 0.211927
v 0.001103 -0.186884 0.190296
v 0.001597 -0.182597 0.192145
v -0.006602 -0.186884 0.193495
v -0.055946 -0.193795 -0.021840
v -0.036916 -0.193795 0.233600
v -0.060576 -0.193795 -0.264603
v -0.031550 -0.192944 0.215777
v -0.018294 -0.186884 0.205202
v -0.011868 -0.182597 0.199931
v 0.050504 -0.192944 -0.220539
v 0.039012 -0.192944 -0.196475
v 0.051089 -0.193795 -0.249903
v -0.037695 -0.189897 -0.037334
v 0.009563 -0.192944 -0.184275
v -0.011264 -0.192944 -0.189854
v -0.046788 -0.189897 -0.019121
v 0.039440 -0.182597 0.221148
v 0.040267 -0.186884 0.229418
v 0.023869 -0.143499 0.224389
v 0.064573 -0.143499 0.204023
v 0.023617 -0.143499 0.222459
v 0.009382 -0.143499 0.211423
v 0.045476 -0.192944 0.241965
v 0.043318 -0.193795 0.255050
v 0.145011 -0.193795 -0.237540
v 0.082268 -0.195729 0.270031
v 0.005570 -0.143499 0.211932
v -0.005646 -0.182597 0.195154
v -0.032120 -0.193795 0.245164
v -0.032258 -0.192944 0.221190
v -0.125933 -0.193795 -0.237474
v -0.025418 -0.190515 0.211856
v -0.026027 -0.190515 0.216504
v -0.001027 -0.143499 0.215796
v -0.016635 -0.182597 0.206157
v -0.021483 -0.186884 0.212911
v 0.045595 -0.190515 -0.225929
v 0.049791 -0.192944 -0.236709
v 0.049791 -0.192944 -0.215149
v 0.027581 -0.190515 -0.194721
v 0.035043 -0.190515 -0.200449
v 0.043470 -0.193795 -0.259836
v -0.024344 -0.193795 -0.192022
v -0.045376 -0.193795 -0.043023
v 0.018888 -0.190515 -0.191119
v 0.000233 -0.190515 -0.191119
v -0.008455 -0.190515 -0.194721
v -0.019891 -0.192944 -0.196475
v 0.023622 -0.143499 0.230169
v 0.038418 -0.182597 0.228923
v 0.024121 -0.143499 0.226314
v 0.035423 -0.182597 0.236171
v 0.040609 -0.190515 0.239161
v 0.022153 -0.143499 0.233762
v 0.009492 -0.143499 0.211295
v 0.033394 -0.193795 0.262678
v 0.184569 -0.193795 -0.002491
v 0.082406 -0.195729 -0.274827
v 0.150173 -0.195729 0.241842
v 0.009406 -0.195729 0.279656
v 0.002020 -0.143499 0.213424
v -0.024492 -0.193795 0.255093
v -0.030832 -0.192944 0.231970
v -0.063313 -0.195729 -0.274793
v -0.126056 -0.193795 0.232773
v -0.026645 -0.190515 0.221186
v -0.003370 -0.143499 0.218880
v -0.019634 -0.182597 0.213405
v 0.044981 -0.190515 -0.221266
v 0.045633 -0.192944 -0.205102
v 0.040770 -0.190515 -0.207911
v 0.033536 -0.193795 -0.267455
v 0.045633 -0.192944 -0.246751
v -0.031968 -0.193795 -0.201951
v 0.009563 -0.190515 -0.189892
v -0.015917 -0.190515 -0.200449
v 0.037082 -0.186884 0.237127
v 0.019815 -0.143499 0.236851
v 0.014762 -0.143499 0.241552
v -0.046065 -0.143499 0.203942
v 0.064573 -0.027053 0.204023
v 0.038864 -0.192944 0.250596
v 0.021830 -0.193795 0.267474
v 0.030238 -0.192944 0.257222
v 0.186195 -0.193795 0.009919
v 0.186209 -0.193795 -0.014900
v 0.150291 -0.195729 -0.246671
v 0.021973 -0.193795 -0.272246
v 0.084830 -0.201247 0.279556
v 0.201024 -0.193795 0.189555
v 0.009411 -0.201247 0.289523
v -0.038389 -0.193795 -0.225929
v -0.014558 -0.193795 0.262707
v -0.026664 -0.192944 0.242013
v -0.131218 -0.195729 -0.246604
v -0.002852 -0.193795 -0.272246
v -0.182069 -0.193795 -0.194317
v -0.063451 -0.195729 0.270064
v -0.022025 -0.186884 0.217027
v -0.022567 -0.186884 0.221181
v -0.004838 -0.143499 0.222474
v -0.005338 -0.143499 0.226333
v -0.020143 -0.182597 0.217274
v 0.041521 -0.186884 -0.225929
v 0.044368 -0.190515 -0.235254
v 0.044368 -0.190515 -0.216599
v 0.025542 -0.186884 -0.198248
v 0.017833 -0.186884 -0.195054
v 0.032163 -0.186884 -0.203329
v 0.037239 -0.186884 -0.209950
v 0.039012 -0.192944 -0.255378
v -0.026512 -0.192944 -0.205102
v -0.036759 -0.193795 -0.213514
v 0.009563 -0.186884 -0.193966
v 0.001288 -0.186884 -0.195054
v -0.006416 -0.186884 -0.198248
v -0.013037 -0.186884 -0.203329
v -0.021645 -0.190515 -0.207911
v 0.030651 -0.182597 0.242398
v 0.034891 -0.190515 0.246628
v 0.016763 -0.143499 0.239223
v 0.024430 -0.182597 0.247174
v 0.013213 -0.143499 0.240710
v 0.017186 -0.182597 0.250178
v 0.072596 -0.143499 0.233976
v -0.046065 -0.027053 0.203942
v 0.009492 -0.027053 0.211295
v 0.116137 -0.143499 0.182706
v 0.027429 -0.190515 0.252360
v 0.032006 -0.186884 0.243748
v 0.190981 -0.193795 0.021488
v 0.190867 -0.192944 -0.002491
v 0.191005 -0.193795 -0.026464
v 0.201119 -0.193795 -0.194417
v 0.084963 -0.201247 -0.284356
v 0.009549 -0.193795 -0.273867
v 0.155116 -0.201247 0.250383
v 0.208495 -0.195729 0.197008
v 0.198595 -0.193795 0.031421
v 0.009401 -0.193795 0.269104
v -0.066008 -0.201247 0.279594
v -0.036759 -0.193795 -0.238339
v -0.037572 -0.193795 -0.219707
v -0.002990 -0.193795 0.267488
v -0.020043 -0.192944 0.250635
v -0.025409 -0.190515 0.230511
v -0.065875 -0.201247 -0.284323
v 0.009549 -0.195729 -0.284418
v -0.014416 -0.193795 -0.267455
v -0.165619 -0.193795 -0.002895
v -0.131342 -0.195729 0.241908
v -0.020651 -0.182597 0.221181
v 0.040979 -0.186884 -0.221794
v 0.040433 -0.186884 -0.217654
v 0.040433 -0.186884 -0.234199
v 0.024582 -0.182597 -0.199907
v 0.017339 -0.182597 -0.196908
v 0.030808 -0.182597 -0.204684
v 0.030385 -0.192944 -0.261999
v 0.040770 -0.190515 -0.243947
v -0.030670 -0.192944 -0.215149
v 0.009563 -0.182597 -0.195881
v -0.018118 -0.186884 -0.209950
v -0.005461 -0.182597 -0.199907
v -0.011683 -0.182597 -0.204684
v 0.009411 -0.182597 0.251210
v 0.009244 -0.143499 0.242274
v 0.014762 -0.046540 0.241552
v 0.009401 -0.143499 0.241219
v 0.005010 -0.027053 0.210705
v -0.097601 -0.027053 0.182549
v 0.014287 -0.027053 0.210663
v 0.116137 -0.027053 0.182706
v 0.020195 -0.192944 0.261390
v 0.025390 -0.186884 0.248833
v 0.192283 -0.192944 0.008294
v 0.198628 -0.193795 -0.036393
v 0.192293 -0.192944 -0.013270
v 0.208590 -0.195729 -0.201870
v 0.155234 -0.201247 -0.255212
v 0.009544 -0.201247 -0.294285
v 0.020342 -0.192944 -0.266157
v 0.158970 -0.209498 0.257027
v 0.086826 -0.209498 0.286975
v 0.244109 -0.193795 0.133314
v 0.208519 -0.193795 0.039050
v -0.068000 -0.209498 0.287008
v -0.031968 -0.193795 -0.249903
v -0.032092 -0.192944 -0.225929
v -0.011412 -0.192944 0.257246
v -0.021806 -0.190515 0.239199
v -0.136161 -0.201247 -0.255145
v -0.189541 -0.195729 -0.201775
v -0.024344 -0.193795 -0.259836
v -0.167407 -0.193795 -0.015285
v -0.182169 -0.193795 0.189650
v -0.019625 -0.182597 0.228957
v -0.021474 -0.186884 0.229456
v -0.004834 -0.143499 0.230188
v -0.054093 -0.143499 0.233895
v 0.038584 -0.182597 -0.233705
v 0.039606 -0.182597 -0.225929
v 0.016840 -0.143499 -0.218310
v 0.035580 -0.182597 -0.210905
v 0.038584 -0.182597 -0.218153
v 0.037239 -0.186884 -0.241908
v -0.025247 -0.190515 -0.216599
v -0.031379 -0.192944 -0.220525
v 0.013327 -0.143499 -0.216837
v 0.009563 -0.143499 -0.216338
v 0.001787 -0.182597 -0.196908
v 0.005794 -0.143499 -0.216837
v 0.002286 -0.143499 -0.218310
v -0.016459 -0.182597 -0.210905
v -0.021312 -0.186884 -0.217654
v 0.018741 -0.190515 0.255967
v 0.017686 -0.186884 0.252027
v 0.009415 -0.190515 0.257198
v 0.009411 -0.186884 0.253125
v 0.009244 -0.046540 0.242274
v 0.005589 -0.143499 0.240715
v 0.001635 -0.182597 0.250188
v 0.004135 -0.143499 0.241599
v 0.002034 -0.143499 0.239228
v 0.004135 -0.046540 0.241599
v 0.131641 -0.143499 0.209565
v 0.072596 -0.046540 0.233976
v -0.097601 -0.143499 0.182549
v -0.054093 -0.046540 0.233895
v 0.160425 -0.143499 0.148775
v 0.196437 -0.192944 0.018341
v 0.196485 -0.190515 -0.002486
v 0.196461 -0.192944 -0.023313
v 0.244175 -0.193795 -0.138205
v 0.208567 -0.193795 -0.044007
v 0.159079 -0.209498 -0.261861
v 0.086954 -0.209498 -0.291771
v 0.009563 -0.192944 -0.267579
v 0.215477 -0.201247 0.203980
v 0.009411 -0.209498 0.297199
v 0.253253 -0.195729 0.138585
v 0.232493 -0.193795 0.045485
v 0.220083 -0.193795 0.043845
v 0.203053 -0.192944 0.026968
v 0.009415 -0.192944 0.262816
v -0.140130 -0.209498 0.257094
v -0.030670 -0.192944 -0.236709
v -0.001364 -0.192944 0.261400
v -0.016074 -0.190515 0.246661
v -0.018275 -0.186884 0.237160
v -0.140016 -0.209498 -0.261790
v -0.067871 -0.209498 -0.291738
v -0.225154 -0.193795 -0.138081
v -0.001217 -0.192944 -0.266157
v -0.019891 -0.192944 -0.255378
v -0.011264 -0.192944 -0.261999
v -0.172340 -0.193795 -0.026792
v -0.171917 -0.192944 -0.002818
v -0.167098 -0.193795 0.009534
v -0.189636 -0.195729 0.197103
v -0.136280 -0.201247 0.250449
v -0.016621 -0.182597 0.236200
v -0.003360 -0.143499 0.233781
v 0.023622 -0.143499 -0.234869
v 0.035580 -0.182597 -0.240948
v 0.039097 -0.182597 -0.222041
v 0.019853 -0.143499 -0.220648
v 0.023622 -0.143499 -0.227250
v 0.027581 -0.190515 -0.257136
v 0.035043 -0.190515 -0.251409
v -0.025861 -0.190515 -0.221252
v -0.000732 -0.143499 -0.220648
v 0.000086 -0.190515 0.255977
v 0.001141 -0.186884 0.252041
v -0.005613 -0.182597 0.247193
v 0.131641 -0.046540 0.209565
v -0.141841 -0.027053 0.148552
v -0.113105 -0.046540 0.209408
v 0.160425 -0.027053 0.148775
v 0.197706 -0.190515 0.006839
v 0.203082 -0.192944 -0.031935
v 0.197716 -0.190515 -0.011811
v 0.253320 -0.195729 -0.143471
v 0.232545 -0.193795 -0.050419
v 0.215572 -0.201247 -0.208838
v 0.220135 -0.193795 -0.048793
v 0.211713 -0.192944 -0.038551
v 0.009544 -0.209498 -0.301966
v 0.018888 -0.190515 -0.260734
v 0.161137 -0.219232 0.260768
v 0.220919 -0.209498 0.209403
v 0.087952 -0.219232 0.291148
v 0.271205 -0.193795 0.067824
v 0.244907 -0.193795 0.043860
v 0.226304 -0.193795 0.044668
v 0.211675 -0.192944 0.033593
v -0.069121 -0.219232 0.291186
v -0.142297 -0.219232 0.260834
v -0.026512 -0.192944 -0.246751
v -0.026474 -0.190515 -0.225929
v -0.008607 -0.190515 0.252384
v -0.196528 -0.201247 -0.208742
v -0.234299 -0.195729 -0.143352
v -0.190111 -0.193795 -0.044121
v -0.015917 -0.190515 -0.251409
v -0.008455 -0.190515 -0.257136
v -0.180083 -0.193795 -0.036626
v -0.173471 -0.192944 -0.013579
v -0.171741 -0.193795 0.021160
v -0.225221 -0.193795 0.133438
v -0.001017 -0.143499 0.236865
v -0.011839 -0.182597 0.242422
v -0.113105 -0.143499 0.209408
v 0.022168 -0.143499 -0.238420
v 0.024116 -0.143499 -0.231057
v 0.023869 -0.143499 -0.229151
v 0.064877 -0.143499 -0.208885
v 0.022168 -0.143499 -0.223700
v 0.032163 -0.186884 -0.248529
v 0.030808 -0.182597 -0.247174
v -0.021854 -0.186884 -0.221780
v -0.022400 -0.186884 -0.225929
v 0.009563 -0.143499 -0.216209
v -0.045761 -0.143499 -0.208966
v -0.003042 -0.143499 -0.223700
v -0.006569 -0.186884 0.248852
v 0.182354 -0.143499 0.170705
v 0.182354 -0.046540 0.170705
v -0.141841 -0.143499 0.148552
v 0.194427 -0.027053 0.104530
v 0.201304 -0.190515 0.015532
v 0.201323 -0.190515 -0.020499
v 0.200558 -0.186884 -0.002486
v 0.271238 -0.193795 -0.072729
v 0.244955 -0.193795 -0.048779
v 0.226338 -0.193795 -0.049606
v 0.207050 -0.190515 -0.027961
v 0.161252 -0.219232 -0.265601
v 0.221014 -0.209498 -0.214261
v 0.088076 -0.219232 -0.295949
v 0.009563 -0.190515 -0.261961
v 0.223985 -0.219232 0.212454
v 0.261804 -0.201247 0.143514
v 0.009415 -0.219232 0.301524
v 0.281395 -0.195729 0.070552
v 0.266409 -0.193795 0.031459
v 0.256471 -0.193795 0.039074
v 0.227122 -0.192944 0.038475
v 0.221718 -0.192944 0.037762
v 0.207027 -0.190515 0.022999
v -0.196623 -0.201247 0.204075
v -0.205126 -0.219232 0.212550
v -0.021645 -0.190515 -0.243947
v -0.025247 -0.190515 -0.235254
v -0.013194 -0.186884 0.243776
v -0.142183 -0.219232 -0.265530
v -0.201965 -0.209498 -0.214166
v -0.068998 -0.219232 -0.295911
v -0.252250 -0.193795 -0.072586
v -0.201732 -0.193795 -0.048769
v -0.013037 -0.186884 -0.248529
v -0.177758 -0.192944 -0.023574
v -0.177535 -0.190515 -0.002747
v -0.173200 -0.192944 0.007980
v -0.179236 -0.193795 0.031184
v -0.234365 -0.195729 0.138704
v -0.189070 -0.193795 0.038926
v 0.019853 -0.143499 -0.241466
v 0.009563 -0.027053 -0.216209
v 0.025542 -0.186884 -0.253605
v 0.017833 -0.186884 -0.256799
v -0.019458 -0.182597 -0.218153
v -0.004496 -0.143499 -0.227250
v 0.194427 -0.143499 0.104530
v -0.175776 -0.143499 0.104260
v -0.163771 -0.046540 0.170477
v -0.163771 -0.143499 0.170477
v 0.201642 -0.186884 0.005789
v 0.204831 -0.186884 0.013498
v 0.201651 -0.186884 -0.010756
v 0.281433 -0.195729 -0.075452
v 0.266443 -0.193795 -0.036355
v 0.261870 -0.201247 -0.148395
v 0.256519 -0.193795 -0.043983
v 0.243320 -0.192944 -0.042691
v 0.232540 -0.192944 -0.044116
v 0.221761 -0.192944 -0.042705
v 0.224080 -0.219232 -0.217312
v 0.009539 -0.219232 -0.306286
v 0.000233 -0.190515 -0.260734
v 0.009563 -0.186884 -0.257887
v 0.088855 -0.233957 0.294532
v 0.162887 -0.233957 0.263810
v 0.272213 -0.219232 0.149507
v 0.268463 -0.209498 0.147349
v 0.009411 -0.233957 0.305027
v 0.278829 -0.193795 0.009972
v 0.274033 -0.193795 0.021531
v 0.253325 -0.192944 0.033617
v 0.232497 -0.192944 0.039183
v 0.214484 -0.190515 0.028731
v -0.070024 -0.233957 0.294566
v -0.144041 -0.233957 0.263871
v -0.202060 -0.209498 0.209498
v -0.207602 -0.233957 0.215035
v -0.205030 -0.219232 -0.217222
v -0.242849 -0.201247 -0.148276
v -0.262445 -0.195729 -0.075314
v -0.226552 -0.193795 -0.048456
v -0.184484 -0.192944 -0.032115
v -0.193191 -0.192944 -0.038627
v -0.207559 -0.193795 -0.049459
v -0.018118 -0.186884 -0.241908
v -0.182587 -0.190515 -0.020704
v -0.178875 -0.190515 -0.012058
v -0.177236 -0.192944 0.018075
v -0.252284 -0.193795 0.067966
v -0.200577 -0.193795 0.043860
v 0.013517 -0.143499 -0.246690
v 0.016840 -0.143499 -0.243809
v 0.064877 -0.027053 -0.208885
v 0.017339 -0.182597 -0.254950
v 0.024582 -0.182597 -0.251946
v 0.009563 -0.182597 -0.255972
v -0.021312 -0.186884 -0.234199
v -0.045761 -0.027053 -0.208966
v -0.019972 -0.182597 -0.222027
v -0.004743 -0.143499 -0.229147
v -0.004991 -0.143499 -0.231057
v -0.053789 -0.143499 -0.238919
v 0.215815 -0.143499 0.053000
v 0.221281 -0.143499 0.120039
v -0.175776 -0.027053 0.104260
v 0.215815 -0.027053 0.053000
v 0.221281 -0.046540 0.120039
v 0.206490 -0.182597 0.012543
v 0.203495 -0.182597 0.005295
v 0.204850 -0.186884 -0.018460
v 0.203500 -0.182597 -0.010257
v 0.202473 -0.182597 -0.002481
v 0.278843 -0.193795 -0.014853
v 0.274062 -0.193795 -0.026421
v 0.253363 -0.192944 -0.038527
v 0.227150 -0.192944 -0.043408
v 0.214517 -0.190515 -0.033684
v 0.209931 -0.186884 -0.025076
v 0.162996 -0.233957 -0.268638
v 0.226552 -0.233957 -0.219798
v 0.268529 -0.209498 -0.152226
v 0.272279 -0.219232 -0.154379
v 0.088979 -0.233957 -0.299333
v 0.001288 -0.186884 -0.256799
v 0.226461 -0.233957 0.214945
v 0.275255 -0.233957 0.151266
v 0.298354 -0.209498 0.075091
v 0.290930 -0.201247 0.073104
v 0.280459 -0.193795 -0.002457
v 0.268577 -0.192944 0.018379
v 0.261956 -0.192944 0.027001
v 0.243277 -0.192944 0.037771
v 0.227854 -0.190515 0.032957
v 0.223172 -0.190515 0.032334
v 0.209907 -0.186884 0.020119
v 0.216523 -0.186884 0.025205
v -0.242916 -0.201247 0.143628
v -0.253329 -0.219232 0.149616
v -0.256362 -0.233957 0.151380
v -0.069901 -0.233957 -0.299299
v -0.143932 -0.233957 -0.268572
v -0.253258 -0.219232 -0.154270
v -0.249508 -0.209498 -0.152112
v 0.009539 -0.233957 -0.309789
v -0.260036 -0.193795 -0.014130
v -0.214166 -0.193795 -0.050248
v -0.238058 -0.193795 -0.043522
v -0.203291 -0.192944 -0.042662
v -0.006416 -0.186884 -0.253605
v -0.016459 -0.182597 -0.240948
v -0.000732 -0.143499 -0.241466
v -0.011683 -0.182597 -0.247174
v -0.188405 -0.190515 -0.028094
v -0.186090 -0.186884 -0.018622
v -0.181608 -0.186884 -0.002695
v -0.178642 -0.190515 0.006592
v -0.183747 -0.192944 0.026783
v -0.262479 -0.195729 0.070690
v -0.225397 -0.193795 0.044173
v -0.207174 -0.193795 0.044815
v 0.072900 -0.143499 -0.238838
v 0.013327 -0.143499 -0.245278
v 0.116408 -0.027053 -0.187492
v 0.013517 -0.046540 -0.246690
v 0.009563 -0.143499 -0.245782
v -0.019458 -0.182597 -0.233705
v -0.020485 -0.182597 -0.225929
v -0.097330 -0.143499 -0.187649
v -0.004496 -0.143499 -0.234869
v -0.003042 -0.143499 -0.238420
v -0.197088 -0.143499 0.052695
v -0.202630 -0.143499 0.119763
v -0.202630 -0.046540 0.119763
v 0.211262 -0.182597 0.018769
v 0.225197 -0.143499 0.004572
v 0.206509 -0.182597 -0.017505
v 0.211285 -0.182597 -0.023722
v 0.223771 -0.143499 -0.006122
v 0.290968 -0.201247 -0.078000
v 0.268600 -0.192944 -0.023275
v 0.261989 -0.192944 -0.031901
v 0.241865 -0.190515 -0.037267
v 0.250554 -0.190515 -0.033665
v 0.232540 -0.190515 -0.038503
v 0.223210 -0.190515 -0.037277
v 0.227478 -0.143499 -0.012434
v 0.275316 -0.233957 -0.156142
v 0.298392 -0.209498 -0.079977
v 0.090219 -0.245606 0.299632
v 0.009415 -0.245606 0.310302
v 0.165524 -0.245606 0.268377
v 0.302536 -0.219232 0.076208
v 0.305930 -0.233957 0.077121
v 0.291010 -0.195729 -0.002452
v -0.071389 -0.245606 0.299665
v 0.274171 -0.192944 -0.002443
v 0.272745 -0.192944 0.008337
v 0.250520 -0.190515 0.028750
v 0.257987 -0.190515 0.023028
v 0.241827 -0.190515 0.032348
v 0.232502 -0.190515 0.033570
v 0.224232 -0.186884 0.028399
v 0.230425 -0.143499 0.009729
v 0.217483 -0.182597 0.023546
v 0.227469 -0.143499 0.007491
v -0.146684 -0.245606 0.268444
v -0.211333 -0.245606 0.218762
v -0.249575 -0.209498 0.147459
v -0.260934 -0.245606 0.154013
v -0.207507 -0.233957 -0.219707
v -0.256300 -0.233957 -0.156028
v -0.279399 -0.209498 -0.079853
v -0.271975 -0.201247 -0.077867
v -0.260858 -0.193795 -0.007196
v -0.255387 -0.193795 -0.025751
v -0.224845 -0.192944 -0.042391
v -0.247892 -0.193795 -0.035780
v -0.234841 -0.192944 -0.038104
v -0.208296 -0.192944 -0.043256
v -0.195938 -0.190515 -0.033727
v 0.002286 -0.143499 -0.243809
v 0.001787 -0.182597 -0.254950
v -0.005461 -0.182597 -0.251946
v -0.191252 -0.186884 -0.025176
v -0.192587 -0.182597 -0.023807
v -0.182801 -0.186884 -0.010955
v -0.182136 -0.190515 0.015328
v -0.259727 -0.193795 0.010689
v -0.212968 -0.193795 0.045652
v -0.237022 -0.193795 0.039525
v -0.202283 -0.192944 0.037795
v 0.116408 -0.143499 -0.187492
v 0.009563 -0.046540 -0.247217
v 0.005794 -0.143499 -0.245278
v 0.009563 -0.143499 -0.247217
v 0.005608 -0.143499 -0.246694
v 0.072900 -0.046540 -0.238838
v -0.097330 -0.027053 -0.187649
v -0.112834 -0.143499 -0.214508
v 0.223158 -0.143499 -0.002448
v 0.221404 -0.027053 0.010813
v 0.245772 -0.143499 0.061027
v -0.197088 -0.027053 0.052695
v 0.245772 -0.046540 0.061027
v 0.223771 -0.143499 0.001174
v 0.225202 -0.143499 -0.009515
v 0.223286 -0.143499 -0.002476
v 0.223267 -0.143499 -0.002315
v 0.272759 -0.192944 -0.013227
v 0.263738 -0.190515 -0.020466
v 0.258016 -0.190515 -0.027933
v 0.227873 -0.190515 -0.037890
v 0.216556 -0.186884 -0.030152
v 0.224265 -0.186884 -0.033342
v 0.217512 -0.182597 -0.028494
v 0.165638 -0.245606 -0.273206
v 0.230287 -0.245606 -0.223529
v 0.279889 -0.245606 -0.158780
v 0.302574 -0.219232 -0.081094
v 0.305963 -0.233957 -0.082006
v 0.090343 -0.245606 -0.304428
v 0.230197 -0.245606 0.218671
v 0.279827 -0.245606 0.153904
v 0.311030 -0.245606 0.078485
v 0.308563 -0.209498 -0.002448
v 0.312893 -0.219232 -0.002443
v 0.300877 -0.201247 -0.002448
v 0.267322 -0.190515 0.006877
v 0.263719 -0.190515 0.015566
v 0.228381 -0.186884 0.028950
v 0.232502 -0.186884 0.029492
v 0.240777 -0.186884 0.028408
v 0.228633 -0.182597 0.027068
v 0.224726 -0.182597 0.026550
v 0.233876 -0.143499 0.011141
v -0.279437 -0.209498 0.075215
v -0.283620 -0.219232 0.076327
v -0.287008 -0.233957 0.077244
v -0.292108 -0.245606 0.078608
v -0.071265 -0.245606 -0.304395
v 0.009539 -0.245606 -0.315065
v -0.146570 -0.245606 -0.273144
v -0.283582 -0.219232 -0.080970
v -0.286975 -0.233957 -0.081883
v -0.272056 -0.195729 -0.002310
v -0.261504 -0.193795 -0.002310
v -0.255212 -0.192944 -0.001778
v -0.253928 -0.192944 -0.012576
v -0.214085 -0.192944 -0.043945
v -0.243382 -0.192944 -0.031379
v -0.204674 -0.190515 -0.037220
v -0.187735 -0.182597 -0.017643
v -0.198871 -0.182597 -0.028503
v -0.184641 -0.182597 -0.010437
v -0.183524 -0.182597 -0.002671
v -0.182592 -0.186884 0.005589
v -0.185691 -0.186884 0.013337
v -0.192293 -0.192944 0.033508
v -0.260521 -0.193795 0.005166
v -0.254789 -0.193795 0.022196
v -0.272013 -0.201247 0.073233
v -0.213044 -0.192944 0.039349
v -0.233938 -0.192944 0.034031
v -0.247046 -0.193795 0.032030
v -0.208068 -0.192944 0.038632
v 0.131917 -0.143499 -0.214351
v 0.160648 -0.027053 -0.153495
v 0.131917 -0.046540 -0.214351
v 0.005608 -0.046540 -0.246694
v -0.053789 -0.046540 -0.238919
v -0.141617 -0.143499 -0.153718
v -0.112834 -0.046540 -0.214508
v 0.244727 -0.143499 0.009739
v -0.202606 -0.027053 0.010813
v -0.204351 -0.143499 -0.002467
v -0.227046 -0.046540 0.060718
v 0.221442 -0.143499 -0.124707
v 0.267331 -0.190515 -0.011773
v 0.240810 -0.186884 -0.033332
v 0.232535 -0.186884 -0.034425
v 0.248515 -0.186884 -0.030138
v 0.255131 -0.186884 -0.025053
v 0.228396 -0.186884 -0.033883
v 0.224760 -0.182597 -0.031493
v 0.230439 -0.143499 -0.014672
v 0.311063 -0.245606 -0.083371
v 0.091655 -0.256053 0.304974
v 0.009415 -0.256053 0.315835
v -0.072824 -0.256053 0.305008
v 0.168295 -0.256053 0.273173
v 0.321686 -0.245606 -0.002448
v -0.149450 -0.256053 0.273235
v 0.268553 -0.190515 -0.002448
v 0.248486 -0.186884 0.025219
v 0.255107 -0.186884 0.020143
v 0.260188 -0.186884 0.013527
v 0.232502 -0.182597 0.027581
v 0.241276 -0.143499 0.011141
v 0.240278 -0.182597 0.026559
v -0.215249 -0.256053 0.222678
v -0.265730 -0.256053 0.156779
v -0.297455 -0.256053 0.080039
v -0.211243 -0.245606 -0.223438
v -0.260872 -0.245606 -0.158671
v -0.292075 -0.245606 -0.083247
v -0.289608 -0.209498 -0.002319
v -0.293938 -0.219232 -0.002319
v -0.281923 -0.201247 -0.002315
v -0.249893 -0.192944 -0.022671
v -0.223324 -0.190515 -0.036987
v -0.231970 -0.190515 -0.033280
v -0.244998 -0.190515 -0.019924
v -0.239361 -0.190515 -0.027457
v -0.208952 -0.190515 -0.037728
v -0.197934 -0.186884 -0.030171
v -0.205682 -0.186884 -0.033270
v -0.208738 -0.143499 -0.012248
v -0.211689 -0.143499 -0.014425
v -0.206456 -0.143499 -0.009396
v -0.205002 -0.143499 -0.006065
v -0.184450 -0.182597 0.005114
v -0.204912 -0.143499 0.001131
v -0.187768 -0.190515 0.022861
v -0.190686 -0.186884 0.020019
v -0.261514 -0.193795 -0.001697
v -0.253657 -0.192944 0.008983
v -0.223842 -0.192944 0.038066
v -0.242645 -0.192944 0.027519
v -0.203804 -0.190515 0.032391
v -0.195159 -0.190515 0.028684
v 0.160648 -0.143499 -0.153495
v -0.141617 -0.027053 -0.153718
v -0.163547 -0.143499 -0.175643
v -0.163547 -0.046540 -0.175643
v 0.221647 -0.027053 0.009078
v 0.221756 -0.027053 0.008213
v 0.223158 -0.027053 -0.002448
v 0.222450 -0.027705 0.010818
v 0.224047 -0.028707 0.010822
v 0.252393 -0.046540 0.010955
v 0.247688 -0.143499 0.007500
v 0.237574 -0.143499 0.011621
v -0.202953 -0.027053 0.008189
v -0.202839 -0.027053 0.009054
v -0.227046 -0.143499 0.060718
v 0.215896 -0.143499 -0.057638
v 0.260207 -0.186884 -0.018432
v 0.263396 -0.186884 -0.010723
v 0.233890 -0.143499 -0.016074
v 0.168405 -0.256053 -0.277997
v 0.234199 -0.256053 -0.227440
v 0.284684 -0.256053 -0.161546
v 0.316410 -0.256053 -0.084806
v 0.316405 -0.233957 -0.002448
v 0.091778 -0.256053 -0.309775
v 0.234113 -0.256053 0.222588
v 0.284622 -0.256053 0.156670
v 0.316377 -0.256053 0.079915
v 0.327223 -0.256053 -0.002448
v 0.263387 -0.186884 0.005822
v 0.264480 -0.186884 -0.002448
v 0.247526 -0.182597 0.023560
v -0.297451 -0.233957 -0.002319
v -0.302731 -0.245606 -0.002319
v -0.072700 -0.256053 -0.309742
v 0.009539 -0.256053 -0.320597
v -0.149341 -0.256053 -0.277935
v -0.249598 -0.190515 -0.001849
v -0.248486 -0.190515 -0.011188
v -0.214013 -0.190515 -0.038332
v -0.241442 -0.186884 -0.017933
v -0.236447 -0.186884 -0.024615
v -0.229888 -0.186884 -0.029772
v -0.235074 -0.182597 -0.023275
v -0.209432 -0.186884 -0.033717
v -0.206152 -0.182597 -0.031417
v -0.215116 -0.143499 -0.015770
v -0.204474 -0.143499 -0.002472
v -0.204460 -0.143499 -0.002628
v -0.187359 -0.182597 0.012400
v -0.206280 -0.143499 0.004501
v -0.192055 -0.182597 0.018679
v -0.197240 -0.186884 0.025181
v -0.249375 -0.192944 0.018978
v -0.213115 -0.190515 0.033736
v -0.208866 -0.190515 0.033123
v -0.231190 -0.190515 0.029131
v -0.238724 -0.190515 0.023498
v 0.182578 -0.143499 -0.175420
v 0.194584 -0.143499 -0.109203
v 0.182578 -0.046540 -0.175420
v -0.175620 -0.027053 -0.109473
v -0.175620 -0.143499 -0.109473
v 0.222573 -0.025870 0.009910
v 0.222844 -0.027880 0.009948
v 0.221903 -0.026745 0.009173
v 0.223676 -0.024563 0.010304
v 0.222402 -0.027572 0.009625
v 0.225035 -0.023023 0.010295
v 0.226960 -0.001892 0.005837
v 0.227493 -0.001920 0.006692
v 0.226775 -0.001882 0.004829
v 0.221746 -0.027053 -0.013094
v 0.254152 -0.143499 -0.002315
v 0.249964 -0.143499 0.004582
v -0.204351 -0.027053 -0.002467
v -0.203096 -0.026745 0.009154
v -0.204042 -0.027880 0.009929
v -0.205244 -0.028707 0.010799
v -0.230896 -0.044839 0.010666
v -0.202473 -0.143499 -0.124982
v -0.233600 -0.046540 0.010651
v 0.253776 -0.182597 -0.023703
v 0.258548 -0.182597 -0.017476
v 0.228643 -0.182597 -0.032001
v 0.237593 -0.143499 -0.016554
v 0.241290 -0.143499 -0.016074
v 0.093043 -0.267702 0.310160
v 0.009415 -0.267702 0.321201
v -0.074212 -0.267702 0.310193
v -0.152135 -0.267702 0.277878
v 0.170981 -0.267702 0.277816
v -0.219042 -0.267702 0.226471
v 0.253752 -0.182597 0.018788
v 0.258534 -0.182597 0.012571
v 0.261538 -0.182597 0.005323
v -0.270378 -0.267702 0.159464
v -0.302645 -0.267702 0.081427
v -0.308268 -0.256053 -0.002319
v -0.215159 -0.256053 -0.227350
v -0.265668 -0.256053 -0.161437
v -0.297422 -0.256053 -0.084682
v -0.222222 -0.186884 -0.033061
v -0.213966 -0.186884 -0.034254
v -0.221704 -0.182597 -0.031222
v -0.213942 -0.182597 -0.032343
v -0.244537 -0.186884 -0.010185
v -0.239769 -0.182597 -0.016996
v -0.228714 -0.143499 -0.012006
v -0.228914 -0.182597 -0.028128
v -0.209655 -0.182597 -0.031830
v -0.218776 -0.143499 -0.016198
v -0.226960 -0.143499 -0.065970
v -0.208491 -0.143499 0.007410
v -0.198220 -0.182597 0.023532
v -0.244546 -0.190515 0.016108
v -0.248253 -0.190515 0.007462
v -0.222455 -0.190515 0.032624
v -0.204907 -0.186884 0.028470
v 0.194584 -0.027053 -0.109203
v 0.228286 -0.001963 0.007267
v 0.247545 -0.005575 0.007557
v 0.226770 -0.001882 -0.002467
v 0.245853 -0.046540 -0.065661
v 0.222958 -0.028028 -0.015727
v 0.222887 -0.027971 -0.015523
v 0.226770 -0.001882 -0.009758
v 0.252750 -0.046540 0.008075
v 0.251880 -0.143499 -0.002457
v 0.251390 -0.143499 0.001188
v -0.202944 -0.027053 -0.013113
v -0.207973 -0.001882 0.004805
v -0.203771 -0.025870 0.009886
v -0.209479 -0.001963 0.007243
v -0.206228 -0.023023 0.010271
v -0.204869 -0.024563 0.010281
v -0.208685 -0.001920 0.006668
v -0.208158 -0.001892 0.005813
v -0.228738 -0.005575 0.007538
v -0.197008 -0.143499 -0.057943
v -0.235344 -0.046540 -0.002628
v -0.233942 -0.046540 0.008051
v 0.221409 -0.027053 -0.015727
v 0.215896 -0.027053 -0.057638
v 0.249969 -0.143499 -0.009506
v 0.261547 -0.182597 -0.010228
v 0.262564 -0.182597 -0.002452
v 0.247555 -0.182597 -0.028479
v 0.232535 -0.182597 -0.032515
v 0.240311 -0.182597 -0.031483
v 0.244741 -0.143499 -0.014663
v 0.245853 -0.143499 -0.065661
v 0.093166 -0.267702 -0.314955
v 0.237997 -0.267702 -0.231233
v 0.289333 -0.267702 -0.164227
v 0.321600 -0.267702 -0.086194
v 0.332593 -0.267702 -0.002443
v 0.237911 -0.267702 0.226380
v 0.289271 -0.267702 0.159355
v 0.321567 -0.267702 0.081308
v -0.074093 -0.267702 -0.314922
v -0.152026 -0.267702 -0.282583
v -0.245525 -0.186884 -0.001896
v -0.222426 -0.143499 -0.015680
v -0.225815 -0.143499 -0.014249
v -0.230919 -0.143499 -0.009097
v -0.242683 -0.182597 -0.009710
v -0.211385 -0.143499 0.009653
v -0.205425 -0.182597 0.026626
v -0.213167 -0.186884 0.029658
v -0.221452 -0.186884 0.028674
v -0.209441 -0.186884 0.029121
v -0.229199 -0.186884 0.025580
v -0.235882 -0.186884 0.020580
v -0.241043 -0.186884 0.014026
v -0.209712 -0.182597 0.027244
v 0.221442 -0.046540 -0.124707
v -0.197008 -0.027053 -0.057943
v -0.202473 -0.046540 -0.124982
v 0.229223 -0.002015 0.007472
v 0.246999 0.001578 0.006992
v 0.249698 -0.044839 0.010689
v 0.229522 -0.000642 0.007286
v 0.229826 0.000528 0.007129
v 0.230092 0.001307 0.007025
v 0.230278 0.001578 0.006992
v 0.227583 0.000404 0.005528
v 0.228429 0.002353 0.005271
v 0.227421 0.000490 0.004515
v 0.228315 0.002500 0.004249
v 0.229375 0.003655 0.005095
v 0.229318 0.003845 0.004068
v 0.229798 0.002277 0.006697
v 0.230278 0.002628 0.006649
v 0.228034 0.000162 0.006412
v 0.228719 -0.000209 0.007030
v 0.229246 0.001283 0.006830
v 0.228757 0.001925 0.006174
v 0.229546 0.003104 0.006017
v 0.230278 0.004320 0.004007
v 0.230278 0.004111 0.005033
v 0.246999 0.004320 0.004007
v 0.230278 0.003517 0.005965
v 0.252412 -0.046540 -0.015594
v 0.226941 -0.001892 -0.010689
v 0.221794 -0.027163 -0.014097
v 0.227440 -0.001920 -0.011483
v 0.222198 -0.027486 -0.014953
v 0.228182 -0.001963 -0.012015
v 0.229061 -0.002015 -0.012210
v 0.223766 -0.028541 -0.015727
v 0.251713 -0.046041 0.009919
v 0.252412 -0.046412 0.009073
v 0.249636 -0.005613 0.006759
v 0.250763 -0.045490 0.010485
v 0.251395 -0.143499 -0.006107
v -0.207963 -0.001882 -0.009781
v -0.207968 -0.001882 -0.002491
v -0.210415 -0.002015 0.007448
v -0.228196 0.001578 0.006968
v -0.233605 -0.046412 0.009050
v -0.230829 -0.005613 0.006735
v -0.232911 -0.046041 0.009896
v -0.231471 -0.005627 0.005846
v -0.229869 -0.005599 0.007329
v -0.231956 -0.045490 0.010461
v -0.235344 -0.143499 -0.002628
v -0.231694 -0.005632 0.004791
v 0.247697 -0.143499 -0.012424
v 0.171090 -0.267702 -0.282645
v 0.009539 -0.267702 -0.325963
v 0.094297 -0.284100 0.314818
v 0.009415 -0.284100 0.326025
v -0.075462 -0.284100 0.314851
v -0.154550 -0.284100 0.282056
v -0.222459 -0.284100 0.229879
v 0.173400 -0.284100 0.281994
v -0.274565 -0.284100 0.161874
v -0.307313 -0.284100 0.082677
v -0.313639 -0.267702 -0.002319
v -0.218956 -0.267702 -0.231148
v -0.270316 -0.267702 -0.164118
v -0.302612 -0.267702 -0.086070
v -0.232288 -0.143499 -0.005727
v -0.214774 -0.143499 0.011084
v -0.213191 -0.182597 0.027747
v -0.239394 -0.182597 0.013047
v -0.244332 -0.186884 0.006359
v -0.218424 -0.143499 0.011602
v -0.220976 -0.182597 0.026821
v -0.228263 -0.182597 0.023907
v -0.234546 -0.182597 0.019211
v -0.228462 -0.143499 0.007657
v 0.248676 -0.005599 0.007353
v 0.247384 -0.002837 0.007343
v 0.247222 -0.000518 0.007158
v 0.249280 -0.002120 0.006478
v 0.249860 -0.001901 0.005566
v 0.248657 0.000841 0.006241
v 0.249095 0.001260 0.005314
v 0.247997 0.000219 0.006887
v 0.248410 -0.002448 0.007101
v 0.230273 0.004320 -0.008959
v 0.246999 0.002628 0.006697
v 0.246999 0.004111 0.005081
v 0.246999 0.003517 0.006027
v 0.230278 0.004320 -0.002472
v 0.227312 0.000490 -0.002467
v 0.228168 0.002500 -0.002467
v 0.227417 0.000490 -0.009449
v 0.254128 -0.046540 -0.002472
v 0.252735 -0.046540 -0.013280
v 0.252564 -0.046540 -0.014577
v 0.229612 -0.000280 -0.011982
v 0.227968 0.000033 -0.011222
v 0.228576 -0.000475 -0.011820
v 0.229299 -0.001074 -0.012087
v 0.229113 0.000784 -0.011654
v 0.228690 0.001687 -0.011008
v 0.229708 0.001625 -0.011545
v 0.229498 0.002795 -0.010865
v 0.229774 -0.000029 -0.011939
v 0.229950 0.000247 -0.011916
v 0.229361 0.003574 -0.009976
v 0.228405 0.002291 -0.010143
v 0.228310 0.002500 -0.009187
v 0.229208 0.003845 -0.002467
v 0.229313 0.003845 -0.009016
v 0.230273 0.004021 -0.009919
v 0.227559 0.000371 -0.010390
v 0.254152 -0.046540 -0.002315
v 0.250273 -0.005627 0.005865
v -0.209508 0.002500 0.004225
v -0.209360 0.002500 -0.002491
v -0.210511 0.003845 0.004045
v -0.208614 0.000490 0.004491
v -0.208505 0.000490 -0.002491
v -0.208776 0.000404 0.005509
v -0.209232 0.000162 0.006388
v -0.209627 0.002353 0.005247
v -0.210715 -0.000642 0.007262
v -0.211024 0.000528 0.007106
v -0.211290 0.001307 0.007001
v -0.211475 0.001578 0.006968
v -0.211475 0.002628 0.006626
v -0.211475 0.003517 0.005941
v -0.228196 0.002628 0.006673
v -0.209954 0.001925 0.006155
v -0.210739 0.003104 0.005998
v -0.210572 0.003655 0.005071
v -0.210991 0.002277 0.006673
v -0.210444 0.001283 0.006806
v -0.209912 -0.000209 0.007006
v -0.231262 -0.001825 0.004482
v -0.231699 -0.005632 -0.002548
v -0.228415 -0.000518 0.007134
v -0.229603 -0.002448 0.007077
v -0.228576 -0.002837 0.007319
v -0.229194 0.000219 0.006863
v -0.231057 -0.001901 0.005542
v -0.230473 -0.002120 0.006454
v -0.230287 0.001260 0.005290
v -0.230444 0.001402 0.004221
v -0.229850 0.000841 0.006217
v -0.226960 -0.046540 -0.065970
v -0.233933 -0.046540 -0.013303
v -0.230744 -0.143499 0.004805
v 0.173505 -0.284100 -0.286818
v 0.241414 -0.284100 -0.234641
v 0.293520 -0.284100 -0.166637
v 0.326267 -0.284100 -0.087439
v 0.337427 -0.284100 -0.002443
v 0.094416 -0.284100 -0.319613
v 0.241328 -0.284100 0.229793
v 0.293458 -0.284100 0.161770
v 0.326234 -0.284100 0.082558
v -0.075343 -0.284100 -0.319580
v 0.009539 -0.284100 -0.330787
v -0.154445 -0.284100 -0.286761
v -0.243610 -0.182597 -0.001920
v -0.232726 -0.143499 -0.002125
v -0.242488 -0.182597 0.005841
v -0.222084 -0.143499 0.011174
v -0.225511 -0.143499 0.009829
v 0.250501 -0.005632 0.004815
v 0.250501 -0.005632 -0.002524
v 0.250069 -0.001825 0.004506
v 0.247089 0.001036 0.007034
v 0.248092 0.003370 0.005143
v 0.248173 0.003560 0.004068
v 0.247502 0.002001 0.006744
v 0.247854 0.002818 0.006079
v 0.249251 0.001402 0.004244
v 0.247003 0.004320 -0.002529
v 0.249109 0.001402 -0.002524
v 0.254147 -0.046540 -0.002609
v 0.250601 -0.007415 -0.009796
v 0.250283 -0.045157 -0.015214
v 0.252270 -0.045851 -0.014216
v 0.251077 -0.045642 -0.014991
v 0.250259 -0.007068 -0.011008
v 0.251205 -0.043893 -0.014891
v 0.249123 -0.003123 -0.011521
v 0.249708 -0.040960 -0.015205
v 0.227930 -0.031155 -0.015751
v 0.245929 0.000437 -0.011973
v 0.230259 0.000437 -0.011892
v 0.230264 0.001920 -0.011507
v 0.230268 0.003180 -0.010818
v 0.246528 0.004021 -0.010067
v 0.246157 0.003180 -0.010984
v 0.245948 0.001920 -0.011649
v -0.202991 -0.027163 -0.014121
v -0.209503 0.002500 -0.009211
v -0.210406 0.003845 -0.002491
v -0.208609 0.000490 -0.009468
v -0.211475 0.004320 0.003983
v -0.211471 0.004320 -0.002491
v -0.211475 0.004111 0.005014
v -0.228196 0.003517 0.006003
v -0.228196 0.004111 0.005057
v -0.211471 0.004320 -0.008978
v -0.228196 0.004320 0.003983
v -0.228201 0.004320 -0.009069
v -0.231162 -0.001825 -0.002548
v -0.228282 0.001036 0.007011
v -0.228695 0.002001 0.006721
v -0.229052 0.002818 0.006060
v -0.229284 0.003370 0.005119
v -0.229365 0.003560 0.004045
v -0.233586 -0.046540 -0.015898
v -0.233757 -0.046540 -0.014601
v -0.231799 -0.007415 -0.009819
v -0.232198 -0.143499 0.001469
v 0.094858 -0.300497 0.316899
v 0.009415 -0.300497 0.328178
v -0.076023 -0.300497 0.316928
v -0.155634 -0.300497 0.283919
v -0.223990 -0.300497 0.231400
v -0.276443 -0.300497 0.162948
v 0.174484 -0.300497 0.283862
v -0.309404 -0.300497 0.083228
v -0.318473 -0.284100 -0.002319
v -0.222374 -0.284100 -0.234555
v -0.274504 -0.284100 -0.166532
v -0.307280 -0.284100 -0.087320
v 0.249964 -0.001825 -0.002524
v 0.247003 0.004320 -0.009045
v 0.248068 0.003560 -0.002524
v 0.247997 -0.037500 -0.015109
v 0.247997 -0.043774 -0.015851
v 0.250601 -0.006953 -0.009663
v 0.250506 -0.005632 -0.009045
v 0.250839 -0.011716 -0.010399
v 0.247602 -0.000490 -0.011858
v -0.210254 -0.002015 -0.012234
v -0.204085 -0.027971 -0.015547
v -0.204964 -0.028541 -0.015751
v -0.209379 -0.001963 -0.012039
v -0.203391 -0.027486 -0.014972
v -0.208633 -0.001920 -0.011502
v -0.208139 -0.001892 -0.010708
v -0.229194 -0.043774 -0.015875
v -0.210506 0.003845 -0.009035
v -0.210900 0.001625 -0.011569
v -0.211143 0.000247 -0.011939
v -0.211452 0.000437 -0.011916
v -0.211461 0.001920 -0.011531
v -0.210691 0.002795 -0.010889
v -0.211466 0.003180 -0.010841
v -0.210553 0.003574 -0.010000
v -0.209603 0.002291 -0.010162
v -0.209883 0.001687 -0.011031
v -0.210306 0.000784 -0.011678
v -0.210810 -0.000280 -0.012006
v -0.210967 -0.000029 -0.011963
v -0.209774 -0.000475 -0.011844
v -0.210496 -0.001074 -0.012110
v -0.209161 0.000033 -0.011245
v -0.227122 0.000437 -0.011996
v -0.208752 0.000371 -0.010414
v -0.211466 0.004021 -0.009943
v -0.229265 0.003560 -0.002548
v -0.230306 0.001402 -0.002548
v -0.228196 0.004320 -0.002548
v -0.231699 -0.005632 -0.009064
v -0.232402 -0.043893 -0.014915
v -0.231476 -0.045157 -0.015238
v -0.233467 -0.045851 -0.014240
v -0.231457 -0.007068 -0.011031
v -0.230321 -0.003123 -0.011545
v -0.230900 -0.040960 -0.015228
v -0.231794 -0.006953 -0.009686
v -0.232032 -0.011716 -0.010423
v -0.228800 -0.000490 -0.011882
v 0.174588 -0.300497 -0.288681
v 0.242944 -0.300497 -0.236162
v 0.295393 -0.300497 -0.167711
v 0.328359 -0.300497 -0.087995
v 0.339590 -0.300497 -0.002443
v 0.094972 -0.300497 -0.321690
v 0.242864 -0.300497 0.231314
v 0.295336 -0.300497 0.162844
v 0.328330 -0.300497 0.083114
v -0.075904 -0.300497 -0.321662
v 0.009534 -0.300497 -0.332940
v -0.155529 -0.300497 -0.288624
v 0.249256 0.001402 -0.009050
v 0.248177 0.003560 -0.009050
v 0.250074 -0.001825 -0.009050
v 0.250711 -0.009387 -0.010143
v 0.250088 -0.003360 -0.010257
v 0.250159 -0.005062 -0.010727
v 0.249061 0.000076 -0.010642
v 0.249061 -0.001393 -0.011217
v 0.250530 -0.006093 -0.009411
v 0.250055 -0.002224 -0.009667
v 0.249128 0.001060 -0.009881
v 0.247578 0.001060 -0.011545
v 0.247892 0.003251 -0.010024
v 0.247683 0.002376 -0.010898
v -0.229194 -0.037500 -0.015133
v -0.227141 0.001920 -0.011673
v -0.227350 0.003180 -0.011003
v -0.227721 0.004021 -0.010090
v -0.231266 -0.001825 -0.009073
v -0.230449 0.001402 -0.009073
v -0.231252 -0.002224 -0.009686
v -0.231281 -0.003360 -0.010281
v -0.231903 -0.009387 -0.010166
v -0.231352 -0.005062 -0.010751
v -0.231727 -0.006093 -0.009430
v -0.230254 0.000076 -0.010666
v -0.230254 -0.001393 -0.011241
v -0.228776 0.001060 -0.011564
v -0.228876 0.002376 -0.010922
v 0.094730 -0.312147 0.316396
v 0.009420 -0.312147 0.327655
v -0.075890 -0.312147 0.316424
v -0.155377 -0.312147 0.283468
v -0.223633 -0.312147 0.231034
v -0.276001 -0.312147 0.162687
v 0.174232 -0.312147 0.283410
v -0.320640 -0.300497 -0.002324
v -0.223909 -0.300497 -0.236081
v -0.276381 -0.300497 -0.167611
v -0.309376 -0.300497 -0.087881
v 0.248866 -0.044307 -0.015609
v -0.229085 0.003251 -0.010043
v -0.230325 0.001060 -0.009905
v -0.229375 0.003560 -0.009073
v 0.174332 -0.312147 -0.288235
v 0.242588 -0.312147 -0.235796
v 0.294955 -0.312147 -0.167449
v 0.327869 -0.312147 -0.087857
v 0.094844 -0.312147 -0.321191
v -0.308915 -0.312147 0.083095
v 0.242502 -0.312147 0.230948
v 0.294898 -0.312147 0.162587
v 0.339086 -0.312147 -0.002438
v -0.075775 -0.312147 -0.321158
v 0.009534 -0.312147 -0.332422
v -0.155277 -0.312147 -0.288178
v 0.094397 -0.322593 0.315141
v 0.009415 -0.313853 0.327446
v 0.033232 -0.318686 0.323701
v -0.017415 -0.319300 0.323230
v -0.154731 -0.322593 0.282341
v -0.222721 -0.322593 0.230112
v -0.274884 -0.322593 0.162036
v 0.241595 -0.322593 0.230031
v 0.327841 -0.312147 0.082981
v -0.320131 -0.312147 -0.002324
v -0.223553 -0.312147 -0.235715
v -0.275944 -0.312147 -0.167349
v -0.308886 -0.312147 -0.087748
v 0.173685 -0.322593 -0.287103
v 0.241675 -0.322593 -0.234874
v 0.293838 -0.322593 -0.166798
v 0.326624 -0.322593 -0.087520
v 0.094507 -0.322593 -0.319932
v 0.173590 -0.322593 0.282284
v 0.036246 -0.319304 0.323221
v 0.033826 -0.318349 0.325778
v 0.009415 -0.313644 0.328449
v 0.036350 -0.318582 0.326610
v 0.033931 -0.318140 0.326771
v 0.009415 -0.322598 0.330341
v 0.007666 -0.314176 0.327323
v 0.007562 -0.313967 0.328321
v -0.017519 -0.318591 0.326595
v -0.017410 -0.318801 0.325597
v -0.023213 -0.322593 0.322056
v -0.075552 -0.322593 0.315169
v -0.307669 -0.322593 0.082757
v 0.293781 -0.322593 0.161936
v 0.337798 -0.322593 -0.002438
v -0.075443 -0.322593 -0.319903
v 0.009534 -0.322593 -0.331120
v -0.154636 -0.322593 -0.287046
v 0.094245 -0.334243 0.314551
v 0.042044 -0.322593 0.322047
v 0.036246 -0.318791 0.325611
v 0.061902 -0.332242 0.325697
v 0.033513 -0.327018 0.328687
v -0.043066 -0.332256 0.325668
v -0.014677 -0.327023 0.328677
v -0.154431 -0.334243 0.281814
v -0.222293 -0.334243 0.229679
v -0.274366 -0.334243 0.161727
v 0.173291 -0.334243 0.281756
v 0.326595 -0.322593 0.082648
v -0.318843 -0.322593 -0.002324
v -0.222640 -0.322593 -0.234793
v -0.274827 -0.322593 -0.166703
v -0.307641 -0.322593 -0.087411
v 0.173386 -0.334243 -0.286576
v 0.241248 -0.334243 -0.234441
v 0.293320 -0.334243 -0.166494
v 0.326044 -0.334243 -0.087358
v 0.094350 -0.334243 -0.319342
v 0.061902 -0.333687 0.318848
v 0.062011 -0.332033 0.326695
v 0.033403 -0.327227 0.327693
v 0.009415 -0.322807 0.329333
v 0.009425 -0.392651 0.334228
v -0.043066 -0.333691 0.318862
v -0.043171 -0.332047 0.326667
v -0.014568 -0.327232 0.327679
v -0.075395 -0.334243 0.314580
v -0.307089 -0.334243 0.082596
v 0.241171 -0.334243 0.229598
v 0.293263 -0.334243 0.161637
v 0.337199 -0.334243 -0.002438
v -0.075291 -0.334243 -0.319314
v 0.009530 -0.334243 -0.330507
v -0.154336 -0.334243 -0.286519
v 0.094768 -0.350640 0.316476
v 0.062472 -0.334243 0.318744
v 0.085267 -0.353611 0.327698
v 0.056859 -0.339252 0.328767
v 0.056754 -0.339466 0.327769
v -0.038018 -0.339267 0.328744
v -0.066422 -0.353630 0.327655
v -0.037914 -0.339476 0.327746
v -0.155434 -0.350640 0.283539
v -0.223714 -0.350640 0.231086
v -0.276105 -0.350640 0.162725
v -0.309033 -0.350640 0.083109
v 0.174298 -0.350640 0.283487
v 0.326015 -0.334243 0.082491
v -0.318244 -0.334243 -0.002329
v -0.222217 -0.334243 -0.234365
v -0.274309 -0.334243 -0.166399
v -0.307066 -0.334243 -0.087254
v 0.174389 -0.350640 -0.288301
v 0.242669 -0.350640 -0.235853
v 0.295060 -0.350640 -0.167487
v 0.327988 -0.350640 -0.087876
v 0.339209 -0.350640 -0.002433
v 0.094868 -0.350640 -0.321267
v 0.079987 -0.350640 0.318430
v 0.085267 -0.355417 0.319124
v 0.085372 -0.353402 0.328691
v 0.078499 -0.359357 0.329632
v -0.075913 -0.350640 0.316505
v -0.043632 -0.334243 0.318763
v -0.066531 -0.353421 0.328653
v -0.061137 -0.350640 0.318449
v -0.059658 -0.359376 0.329594
v 0.242593 -0.350640 0.231015
v 0.295008 -0.350640 0.162635
v 0.327959 -0.350640 0.083009
v -0.075813 -0.350640 -0.321244
v 0.009530 -0.350640 -0.332503
v -0.155344 -0.350640 -0.288249
v 0.096009 -0.367038 0.321096
v 0.093589 -0.367038 0.321415
v 0.100833 -0.375621 0.330669
v 0.078608 -0.359143 0.330631
v 0.097781 -0.386363 0.333259
v -0.059763 -0.359167 0.330592
v -0.081983 -0.375650 0.330621
v -0.066422 -0.355426 0.319148
v -0.078931 -0.386387 0.333211
v -0.157829 -0.367038 0.287679
v -0.227103 -0.367038 0.234465
v -0.280255 -0.367038 0.165116
v -0.313658 -0.367038 0.084345
v -0.320255 -0.350640 -0.002329
v 0.176694 -0.367038 0.287626
v -0.223643 -0.350640 -0.235777
v -0.276053 -0.350640 -0.167397
v -0.309005 -0.350640 -0.087772
v 0.176784 -0.367038 -0.292441
v 0.246057 -0.367038 -0.239232
v 0.299209 -0.367038 -0.169878
v 0.332612 -0.367038 -0.089112
v 0.344000 -0.367038 -0.002433
v 0.096108 -0.367038 -0.325887
v 0.093808 -0.367337 0.321529
v 0.101047 -0.375417 0.331652
v 0.105315 -0.382171 0.330559
v 0.100833 -0.392637 0.334252
v 0.097891 -0.386149 0.334252
v -0.082197 -0.375441 0.331605
v -0.086465 -0.382195 0.330512
v -0.074739 -0.367038 0.321443
v -0.079041 -0.386178 0.334209
v -0.081983 -0.392661 0.334205
v -0.077154 -0.367038 0.321125
v 0.245986 -0.367038 0.234394
v 0.299157 -0.367038 0.165025
v 0.332589 -0.367038 0.084250
v -0.077054 -0.367038 -0.325859
v 0.009530 -0.367038 -0.337285
v -0.157739 -0.367038 -0.292393
v 0.096489 -0.370949 0.322888
v 0.179460 -0.378687 0.292417
v 0.105633 -0.381967 0.331515
v 0.105315 -0.383160 0.325854
v 0.101047 -0.392428 0.335241
v 0.009439 -0.432471 0.342622
v -0.086783 -0.381995 0.331462
v -0.086469 -0.383174 0.325882
v -0.082197 -0.392456 0.335193
v -0.077634 -0.370940 0.322912
v -0.083195 -0.378687 0.324556
v -0.231015 -0.378687 0.238377
v -0.285045 -0.378687 0.167877
v -0.319005 -0.378687 0.085776
v -0.325046 -0.367038 -0.002329
v -0.227032 -0.367038 -0.239156
v -0.280202 -0.367038 -0.169788
v -0.313634 -0.367038 -0.089012
v 0.179550 -0.378687 -0.297232
v 0.249969 -0.378687 -0.243139
v 0.304000 -0.378687 -0.172644
v 0.337959 -0.378687 -0.090543
v 0.349533 -0.378687 -0.002433
v 0.097539 -0.378687 -0.331229
v 0.102049 -0.378687 0.324528
v 0.108223 -0.389134 0.328221
v 0.113637 -0.399548 0.332560
v 0.030509 -0.436829 0.343544
v 0.113138 -0.419652 0.335863
v -0.089373 -0.389134 0.328249
v -0.094312 -0.399433 0.331534
v -0.094630 -0.399229 0.332489
v -0.160596 -0.378687 0.292470
v -0.094283 -0.419686 0.335811
v -0.011630 -0.436834 0.343535
v 0.249898 -0.378687 0.238305
v 0.303953 -0.378687 0.167792
v 0.337936 -0.378687 0.085680
v -0.078489 -0.378687 -0.331201
v 0.009530 -0.378687 -0.342817
v -0.160510 -0.378687 -0.297180
v 0.113323 -0.399747 0.331610
v 0.121494 -0.416791 0.333592
v 0.050143 -0.449615 0.346244
v 0.113456 -0.419448 0.336819
v 0.123737 -0.457167 0.340255
v -0.102634 -0.416824 0.333530
v -0.098760 -0.435536 0.337627
v -0.094602 -0.419486 0.336762
v -0.031265 -0.449619 0.346225
v -0.235140 -0.389134 0.242498
v -0.290098 -0.389134 0.170791
v -0.324642 -0.389134 0.087287
v -0.330578 -0.378687 -0.002334
v 0.182378 -0.389134 0.297465
v -0.230943 -0.378687 -0.243068
v -0.284998 -0.378687 -0.172554
v -0.318981 -0.378687 -0.090443
v 0.182464 -0.389134 -0.302279
v 0.309052 -0.389134 -0.175558
v 0.343596 -0.389134 -0.092049
v 0.355369 -0.389134 -0.002433
v 0.099050 -0.389134 -0.336862
v 0.121175 -0.416991 0.332636
v 0.067002 -0.469952 0.350536
v 0.125771 -0.431943 0.335364
v 0.129174 -0.497091 0.346866
v 0.124055 -0.456967 0.341210
v 0.132468 -0.455646 0.338140
v -0.163514 -0.389134 0.297517
v -0.102320 -0.417024 0.332579
v -0.099079 -0.435332 0.338582
v -0.104873 -0.457200 0.340193
v -0.107306 -0.433379 0.335417
v -0.048123 -0.469962 0.350502
v 0.254023 -0.389134 0.242426
v 0.309000 -0.389134 0.170705
v 0.343568 -0.389134 0.087187
v -0.079996 -0.389134 -0.336833
v 0.009525 -0.389134 -0.348644
v -0.163424 -0.389134 -0.302232
v 0.254095 -0.389134 -0.247265
v 0.185192 -0.400783 0.302332
v 0.187668 -0.417181 0.306609
v 0.125457 -0.432148 0.334409
v 0.079939 -0.496459 0.356125
v 0.129179 -0.537581 0.355398
v 0.138081 -0.496844 0.344956
v -0.166323 -0.400783 0.302384
v -0.106992 -0.433578 0.334466
v -0.113604 -0.455684 0.338074
v -0.105186 -0.456996 0.341149
v -0.110300 -0.497124 0.346805
v -0.169821 -0.433578 0.308420
v -0.061060 -0.496469 0.356087
v -0.239118 -0.400783 0.246471
v -0.294970 -0.400783 0.173604
v -0.330074 -0.400783 0.088741
v -0.336415 -0.389134 -0.002334
v -0.235069 -0.389134 -0.247193
v -0.290050 -0.389134 -0.175472
v -0.324613 -0.389134 -0.091954
v 0.185277 -0.400783 -0.307146
v 0.258073 -0.400783 -0.251238
v 0.313924 -0.400783 -0.178367
v 0.349029 -0.400783 -0.093504
v 0.360992 -0.400783 -0.002433
v 0.100505 -0.400783 -0.342289
v 0.088071 -0.527324 0.362632
v 0.132154 -0.455850 0.337185
v 0.188695 -0.433578 0.308377
v 0.123746 -0.576774 0.365460
v 0.129497 -0.537377 0.356348
v 0.138081 -0.531730 0.352308
v 0.129493 -0.496887 0.347817
v 0.137767 -0.499349 0.333064
v 0.137767 -0.497044 0.344005
v -0.168799 -0.417181 0.306657
v -0.119207 -0.496877 0.344889
v -0.110300 -0.537614 0.355336
v -0.110619 -0.496925 0.347755
v -0.169441 -0.445228 0.307750
v -0.069193 -0.527334 0.362589
v 0.258002 -0.400783 0.246404
v 0.313877 -0.400783 0.173519
v 0.349005 -0.400783 0.088646
v -0.081455 -0.400783 -0.342261
v 0.009525 -0.400783 -0.354267
v -0.166237 -0.400783 -0.307099
v 0.090262 -0.553470 0.368140
v 0.069516 -0.521455 0.361391
v 0.128941 -0.445228 0.332327
v 0.261504 -0.417181 0.249893
v 0.113157 -0.612872 0.376582
v 0.124065 -0.576574 0.366415
v 0.133495 -0.571697 0.362256
v 0.138086 -0.538575 0.353753
v 0.138081 -0.502823 0.346220
v 0.132154 -0.457542 0.329138
v 0.137767 -0.500119 0.333311
v 0.137767 -0.511768 0.339523
v 0.137767 -0.503028 0.345265
v -0.242616 -0.417181 0.249964
v -0.113285 -0.455884 0.337123
v -0.110077 -0.445228 0.332356
v -0.118889 -0.499363 0.333093
v -0.118889 -0.497082 0.343939
v -0.104863 -0.576807 0.365398
v -0.110614 -0.537410 0.356287
v -0.119207 -0.502861 0.346153
v -0.244066 -0.433578 0.251400
v -0.243524 -0.445228 0.250853
v -0.071412 -0.553855 0.368178
v -0.050747 -0.521692 0.361406
v 0.009501 -0.504943 0.357893
v -0.299257 -0.417181 0.176071
v -0.334856 -0.417181 0.090015
v -0.342037 -0.400783 -0.002334
v -0.239047 -0.400783 -0.251167
v -0.294922 -0.400783 -0.178281
v -0.330051 -0.400783 -0.093409
v 0.187749 -0.417181 -0.311424
v 0.261571 -0.417181 -0.254727
v 0.318211 -0.417181 -0.180833
v 0.353810 -0.417181 -0.094782
v 0.365945 -0.417181 -0.002429
v 0.101783 -0.417181 -0.347057
v 0.090552 -0.556978 0.368882
v 0.057886 -0.532752 0.363768
v 0.064772 -0.526654 0.362484
v 0.069036 -0.522562 0.361624
v 0.069364 -0.520262 0.361139
v 0.068622 -0.519302 0.360935
v 0.131655 -0.455674 0.329490
v 0.188315 -0.445228 0.307707
v 0.262954 -0.433578 0.251338
v 0.100852 -0.638243 0.386011
v 0.113471 -0.612672 0.377532
v 0.132482 -0.579017 0.364138
v 0.135790 -0.555134 0.358002
v 0.137767 -0.538774 0.352798
v 0.137767 -0.531930 0.351358
v 0.137767 -0.517909 0.348402
v 0.137767 -0.522215 0.346096
v 0.135595 -0.483721 0.328953
v 0.190501 -0.500119 0.311448
v -0.112786 -0.455674 0.329518
v -0.113285 -0.457561 0.329162
v -0.118889 -0.500119 0.333335
v -0.118889 -0.511768 0.339542
v -0.118889 -0.503061 0.345198
v -0.094264 -0.612905 0.376529
v -0.105177 -0.576602 0.366353
v -0.119207 -0.531445 0.352175
v -0.119207 -0.517743 0.349290
v -0.168642 -0.455674 0.306367
v -0.242402 -0.455674 0.249722
v -0.071707 -0.557363 0.368915
v -0.039112 -0.532895 0.363768
v -0.045951 -0.526863 0.362494
v -0.050262 -0.522795 0.361638
v -0.050599 -0.520494 0.361154
v -0.049863 -0.519530 0.360949
v -0.048731 -0.519059 0.360849
v -0.019886 -0.517329 0.360493
v 0.011055 -0.507262 0.358383
v 0.011711 -0.509415 0.358839
v -0.020048 -0.510300 0.359015
v 0.007296 -0.509420 0.358834
v 0.007952 -0.507262 0.358383
v 0.318164 -0.417181 0.175986
v 0.353787 -0.417181 0.089925
v -0.082738 -0.417181 -0.347033
v 0.009525 -0.417181 -0.359205
v -0.168714 -0.417181 -0.311377
v 0.090847 -0.560452 0.369614
v 0.060633 -0.531840 0.363578
v 0.062510 -0.530533 0.363302
v 0.063931 -0.528755 0.362926
v 0.065699 -0.522966 0.361705
v 0.068052 -0.523289 0.361776
v 0.066926 -0.522766 0.361667
v 0.067795 -0.522662 0.361643
v 0.068489 -0.522148 0.361534
v 0.068831 -0.521364 0.361372
v 0.068727 -0.520514 0.361192
v 0.068199 -0.519834 0.361049
v 0.064958 -0.522006 0.361505
v 0.066122 -0.522434 0.361596
v 0.065599 -0.521749 0.361453
v 0.064806 -0.520808 0.361253
v 0.065010 -0.523831 0.361890
v 0.063556 -0.528546 0.362884
v 0.064349 -0.526559 0.362465
v 0.064530 -0.524430 0.362014
v 0.067396 -0.519501 0.360978
v 0.066270 -0.518978 0.360868
v 0.066531 -0.519601 0.360997
v 0.067491 -0.518831 0.360835
v 0.066830 -0.523437 0.361805
v 0.065490 -0.520903 0.361272
v 0.065832 -0.520119 0.361106
v -0.046925 -0.523185 0.361719
v -0.048052 -0.523660 0.361819
v 0.038636 -0.517239 0.360493
v 0.319937 -0.433578 0.177007
v 0.101066 -0.638038 0.386995
v 0.121513 -0.616408 0.375655
v 0.132164 -0.579217 0.363183
v 0.132164 -0.579597 0.361401
v 0.133176 -0.571897 0.361306
v 0.132340 -0.578309 0.361044
v 0.135472 -0.555338 0.357052
v 0.202911 -0.566659 0.332893
v 0.199408 -0.533864 0.326847
v 0.133404 -0.467324 0.327841
v 0.188048 -0.483721 0.307203
v 0.187526 -0.455674 0.306324
v 0.193400 -0.511768 0.316457
v -0.301029 -0.433578 0.177088
v -0.116717 -0.483721 0.328981
v -0.171613 -0.500119 0.311486
v -0.174507 -0.511768 0.316491
v -0.118889 -0.522215 0.346115
v -0.081959 -0.638271 0.385964
v -0.113594 -0.579055 0.364072
v -0.094583 -0.612701 0.377480
v -0.114573 -0.571987 0.362256
v -0.119203 -0.538608 0.353687
v -0.300369 -0.445228 0.176698
v -0.071964 -0.560462 0.369566
v -0.041811 -0.532016 0.363582
v -0.043689 -0.530718 0.363311
v -0.045110 -0.528955 0.362936
v -0.047348 -0.522657 0.361610
v -0.046189 -0.522220 0.361520
v -0.046826 -0.521973 0.361467
v -0.046041 -0.521027 0.361268
v -0.046721 -0.521122 0.361287
v -0.047063 -0.520338 0.361120
v -0.046526 -0.519919 0.361035
v -0.047767 -0.519824 0.361011
v -0.047510 -0.519202 0.360883
v -0.048632 -0.519720 0.360992
v -0.049273 -0.523517 0.361791
v -0.048152 -0.522995 0.361681
v -0.049021 -0.522895 0.361657
v -0.049720 -0.522381 0.361553
v -0.043679 -0.525323 0.362171
v -0.043499 -0.524972 0.362099
v -0.045747 -0.524649 0.362028
v -0.046193 -0.524092 0.361914
v -0.045561 -0.526773 0.362480
v 0.062268 -0.524739 0.362080
v -0.050067 -0.521592 0.361387
v -0.049962 -0.520746 0.361206
v -0.049440 -0.520057 0.361063
v -0.016302 -0.520822 0.361234
v -0.018541 -0.519145 0.360878
v -0.020637 -0.515214 0.360051
v -0.020737 -0.512975 0.359576
v 0.007681 -0.509473 0.358848
v 0.011326 -0.509473 0.358848
v 0.008303 -0.507424 0.358416
v 0.010699 -0.507424 0.358416
v 0.009501 -0.505632 0.358040
v -0.017809 -0.511977 0.359367
v 0.007296 -0.511668 0.359309
v -0.019425 -0.510770 0.359115
v -0.336838 -0.433578 0.090543
v -0.346990 -0.417181 -0.002334
v -0.242550 -0.417181 -0.254660
v -0.299209 -0.417181 -0.180753
v -0.334832 -0.417181 -0.094687
v 0.188776 -0.433578 -0.313187
v 0.263021 -0.433578 -0.256167
v 0.319984 -0.433578 -0.181851
v 0.355788 -0.433578 -0.095305
v 0.367993 -0.433578 -0.002429
v 0.102311 -0.433578 -0.349024
v 0.088071 -0.593575 0.376591
v 0.088684 -0.585200 0.374828
v -0.039359 -0.530124 0.363183
v 0.058123 -0.529924 0.363174
v -0.040200 -0.528033 0.362746
v 0.058964 -0.527823 0.362727
v 0.058546 -0.530019 0.363193
v 0.060433 -0.531464 0.363497
v 0.062211 -0.530228 0.363235
v 0.059340 -0.528033 0.362774
v 0.058370 -0.532149 0.363639
v 0.060685 -0.526350 0.362418
v 0.062463 -0.525114 0.362161
v 0.060386 -0.526046 0.362356
v -0.041621 -0.526269 0.362370
v 0.065291 -0.519701 0.361021
v 0.035048 -0.520761 0.361234
v 0.037301 -0.519059 0.360878
v 0.039383 -0.515114 0.360046
v 0.039478 -0.512871 0.359571
v 0.038769 -0.510176 0.359005
v 0.262417 -0.445228 0.250791
v 0.097805 -0.644388 0.387632
v 0.105657 -0.649108 0.387808
v 0.121755 -0.616802 0.364100
v 0.121194 -0.616608 0.374704
v 0.126498 -0.600405 0.360236
v 0.132164 -0.579711 0.360845
v 0.202402 -0.578309 0.331999
v 0.201941 -0.550262 0.331225
v 0.196466 -0.522215 0.321762
v 0.187098 -0.467324 0.305573
v 0.262032 -0.483721 0.250383
v 0.265506 -0.500119 0.253847
v -0.168215 -0.467324 0.305616
v -0.114531 -0.467324 0.327869
v -0.169160 -0.483721 0.307246
v -0.177573 -0.522215 0.321800
v -0.118889 -0.517947 0.348335
v -0.082173 -0.638062 0.386948
v -0.102620 -0.616441 0.375598
v -0.116888 -0.555300 0.357974
v -0.118889 -0.531645 0.351225
v -0.180515 -0.533864 0.326885
v -0.118889 -0.538812 0.352731
v -0.241799 -0.467324 0.249109
v -0.298995 -0.455674 0.175900
v -0.069193 -0.593585 0.376548
v -0.041897 -0.526554 0.362432
v -0.043413 -0.530433 0.363250
v -0.044758 -0.528760 0.362898
v -0.040547 -0.528227 0.362784
v -0.039748 -0.530214 0.363202
v -0.018261 -0.518879 0.360821
v -0.016003 -0.518109 0.360659
v -0.019539 -0.517153 0.360460
v -0.016098 -0.515984 0.360213
v -0.016535 -0.520176 0.361097
v -0.020257 -0.515143 0.360032
v -0.016816 -0.513969 0.359790
v -0.020352 -0.513013 0.359585
v -0.018090 -0.512243 0.359424
v -0.019820 -0.510951 0.359153
v -0.019658 -0.511069 0.359176
v 0.010699 -0.513665 0.359733
v 0.008308 -0.513665 0.359733
v 0.009506 -0.515452 0.360108
v 0.007681 -0.511611 0.359300
v 0.011326 -0.511611 0.359300
v -0.015713 -0.515908 0.360198
v 0.009506 -0.516141 0.360255
v 0.007952 -0.513821 0.359766
v -0.016469 -0.513793 0.359752
v 0.034435 -0.515822 0.360194
v 0.011055 -0.513821 0.359766
v 0.035181 -0.513698 0.359747
v 0.011711 -0.511668 0.359309
v 0.355764 -0.433578 0.090452
v -0.083271 -0.433578 -0.349000
v 0.009525 -0.433578 -0.361239
v -0.169740 -0.433578 -0.313140
v 0.079939 -0.624445 0.383098
v 0.088684 -0.586251 0.375051
v -0.069663 -0.587924 0.375355
v -0.039563 -0.532339 0.363654
v -0.041631 -0.531664 0.363511
v -0.016046 -0.519815 0.361021
v 0.034340 -0.518066 0.360664
v 0.035286 -0.520086 0.361092
v 0.037006 -0.518783 0.360816
v 0.038280 -0.517053 0.360455
v 0.038988 -0.515043 0.360027
v 0.039074 -0.512914 0.359580
v 0.034834 -0.515894 0.360208
v 0.035542 -0.513878 0.359785
v 0.036521 -0.511873 0.359362
v 0.038532 -0.510851 0.359148
v 0.036811 -0.512148 0.359419
v 0.319281 -0.445228 0.176622
v 0.097910 -0.644179 0.388625
v 0.101070 -0.655049 0.390579
v 0.071080 -0.642535 0.387133
v 0.111056 -0.638680 0.376967
v 0.105338 -0.649312 0.386853
v 0.121194 -0.618666 0.364942
v 0.113922 -0.633200 0.372727
v 0.129716 -0.588756 0.360103
v 0.281676 -0.550262 0.269998
v 0.278097 -0.533864 0.266424
v 0.273933 -0.522215 0.262270
v 0.261295 -0.455674 0.249660
v 0.260692 -0.467324 0.249052
v 0.269599 -0.511768 0.257935
v -0.246604 -0.500119 0.253900
v -0.250696 -0.511768 0.257987
v -0.255031 -0.522215 0.262322
v -0.078908 -0.644412 0.387584
v -0.086759 -0.649136 0.387756
v -0.113276 -0.579255 0.363121
v -0.102867 -0.616802 0.364105
v -0.102301 -0.616641 0.374642
v -0.113461 -0.578309 0.361059
v -0.114255 -0.572192 0.361306
v -0.116570 -0.555500 0.357019
v -0.336101 -0.445228 0.090338
v -0.061060 -0.624455 0.383055
v -0.016417 -0.519725 0.361002
v -0.015613 -0.518147 0.360669
v -0.349038 -0.433578 -0.002338
v -0.243999 -0.433578 -0.256100
v -0.300987 -0.433578 -0.181770
v -0.336814 -0.433578 -0.095220
v 0.188391 -0.445228 -0.312512
v 0.262479 -0.445228 -0.255616
v 0.319323 -0.445228 -0.181461
v 0.355051 -0.445228 -0.095105
v 0.102111 -0.445228 -0.348278
v 0.073199 -0.638248 0.386002
v 0.034744 -0.518023 0.360655
v 0.088166 -0.657473 0.391420
v 0.097278 -0.660101 0.392052
v 0.066987 -0.650752 0.389509
v 0.100856 -0.655258 0.389595
v 0.107938 -0.644849 0.380574
v 0.107720 -0.645272 0.380864
v 0.105338 -0.649906 0.384025
v 0.101070 -0.655296 0.387903
v 0.200910 -0.600405 0.329395
v 0.201798 -0.616802 0.330925
v 0.201461 -0.588756 0.330364
v 0.282327 -0.578309 0.270630
v 0.283049 -0.566659 0.271357
v 0.323059 -0.500119 0.178785
v 0.318810 -0.483721 0.176337
v 0.328073 -0.511768 0.181679
v -0.243134 -0.483721 0.250440
v -0.259190 -0.533864 0.266476
v -0.079017 -0.644203 0.388583
v -0.082173 -0.655078 0.390531
v -0.052192 -0.642549 0.387100
v -0.086446 -0.649336 0.386805
v -0.113276 -0.579730 0.360854
v -0.107615 -0.600405 0.360246
v -0.102301 -0.618685 0.364961
v -0.095034 -0.633200 0.372732
v -0.183500 -0.578309 0.332033
v -0.184008 -0.566659 0.332926
v -0.183044 -0.550262 0.331263
v -0.298254 -0.467324 0.175463
v -0.334566 -0.455674 0.089925
v -0.054311 -0.638267 0.385968
v 0.367233 -0.445228 -0.002424
v -0.083076 -0.445228 -0.348254
v 0.009520 -0.445228 -0.360469
v -0.169360 -0.445228 -0.312470
v 0.355032 -0.445228 0.090253
v 0.317907 -0.455674 0.175824
v 0.078632 -0.670353 0.396206
v 0.065904 -0.652040 0.389885
v 0.097168 -0.660310 0.391054
v 0.009577 -0.638257 0.385988
v 0.204313 -0.633200 0.335265
v 0.111883 -0.644849 0.380056
v 0.344542 -0.566659 0.191171
v 0.342864 -0.550262 0.190206
v 0.338478 -0.533864 0.187678
v 0.333382 -0.522215 0.184740
v 0.317170 -0.467324 0.175391
v -0.299894 -0.483721 0.176404
v -0.304143 -0.500119 0.178852
v -0.309157 -0.511768 0.181741
v -0.314466 -0.522215 0.184802
v -0.319561 -0.533864 0.187739
v -0.078527 -0.659925 0.391948
v -0.048109 -0.650762 0.389481
v -0.081959 -0.655282 0.389547
v -0.082192 -0.655296 0.387908
v -0.086446 -0.649921 0.384044
v -0.092154 -0.638718 0.376995
v -0.110833 -0.588756 0.360113
v -0.182887 -0.616802 0.330949
v -0.185401 -0.633200 0.335288
v -0.182559 -0.588756 0.330393
v -0.262773 -0.550262 0.270045
v -0.348278 -0.445228 -0.002338
v -0.336077 -0.445228 -0.095020
v -0.243462 -0.445228 -0.255554
v -0.300326 -0.445228 -0.181385
v 0.187597 -0.455674 -0.311129
v 0.261357 -0.455674 -0.254484
v 0.317950 -0.455674 -0.180662
v 0.353520 -0.455674 -0.094687
v 0.101702 -0.455674 -0.346733
v 0.078527 -0.670562 0.395213
v 0.058256 -0.661085 0.392504
v 0.085400 -0.676390 0.396758
v 0.085295 -0.676599 0.395759
v 0.113547 -0.655296 0.386258
v 0.207336 -0.644849 0.340493
v 0.280217 -0.600405 0.268505
v 0.280996 -0.588756 0.269294
v 0.281471 -0.616802 0.269751
v 0.359243 -0.500119 0.091379
v 0.364837 -0.511768 0.092876
v 0.354504 -0.483721 0.090110
v 0.370759 -0.522215 0.094459
v -0.323948 -0.550262 0.190268
v -0.059734 -0.670372 0.396173
v -0.078423 -0.660135 0.390950
v -0.094640 -0.655296 0.386268
v -0.066393 -0.676622 0.395721
v -0.039368 -0.661099 0.392480
v -0.089055 -0.644849 0.380583
v -0.182003 -0.600405 0.329423
v -0.262084 -0.588756 0.269337
v -0.263420 -0.578309 0.270677
v -0.264137 -0.566659 0.271405
v -0.333744 -0.467324 0.089701
v -0.335569 -0.483721 0.090186
v -0.346691 -0.455674 -0.002338
v 0.365645 -0.455674 -0.002424
v -0.082667 -0.455674 -0.346710
v 0.009520 -0.455674 -0.358867
v -0.168571 -0.455674 -0.311087
v 0.353497 -0.455674 0.089844
v 0.056887 -0.689308 0.402532
v 0.050105 -0.670619 0.395645
v 0.115139 -0.666946 0.392181
v 0.285026 -0.633200 0.273296
v 0.343663 -0.578309 0.190658
v 0.383202 -0.566659 0.097791
v 0.381334 -0.550262 0.097292
v 0.376439 -0.533864 0.095985
v 0.352674 -0.467324 0.089621
v -0.340312 -0.500119 0.091450
v -0.345902 -0.511768 0.092948
v -0.351824 -0.522215 0.094530
v -0.357503 -0.533864 0.096051
v -0.362399 -0.550262 0.097358
v -0.066503 -0.676413 0.396715
v -0.096227 -0.666946 0.392190
v -0.097563 -0.683343 0.397181
v -0.059630 -0.670581 0.395175
v -0.092976 -0.644849 0.380065
v -0.262555 -0.616802 0.269789
v -0.266105 -0.633200 0.273334
v -0.188424 -0.644849 0.340517
v -0.261300 -0.600405 0.268543
v -0.325621 -0.566659 0.191223
v -0.334542 -0.455674 -0.094606
v -0.298952 -0.455674 -0.180586
v -0.242341 -0.455674 -0.254427
v 0.187169 -0.467324 -0.310383
v 0.260753 -0.467324 -0.253876
v 0.317208 -0.467324 -0.180230
v 0.352698 -0.467324 -0.094464
v 0.101479 -0.467324 -0.345897
v 0.056783 -0.689517 0.401534
v 0.043294 -0.674907 0.397105
v 0.062040 -0.696751 0.403549
v 0.116479 -0.683343 0.397171
v 0.210549 -0.655296 0.346058
v 0.342613 -0.616802 0.190035
v 0.342033 -0.588756 0.189712
v 0.346961 -0.633200 0.192545
v 0.371591 -0.500119 -0.002419
v 0.377385 -0.511768 -0.002419
v 0.383516 -0.522215 -0.002419
v 0.366686 -0.483721 -0.002419
v 0.389395 -0.533864 -0.002419
v -0.364267 -0.566659 0.097853
v -0.037990 -0.689322 0.402509
v -0.194702 -0.666946 0.351386
v -0.043033 -0.696979 0.402528
v -0.043142 -0.696765 0.403521
v -0.031227 -0.670624 0.395622
v -0.191637 -0.655296 0.346077
v -0.270383 -0.644849 0.277602
v -0.324737 -0.578309 0.190710
v -0.323107 -0.588756 0.189764
v -0.345840 -0.467324 -0.002343
v -0.347731 -0.483721 -0.002343
v -0.333720 -0.467324 -0.094383
v 0.364794 -0.467324 -0.002424
v -0.168143 -0.467324 -0.310340
v 0.009520 -0.467324 -0.358002
v 0.033541 -0.700539 0.407399
v 0.030466 -0.682820 0.400375
v 0.061935 -0.696960 0.402551
v 0.116950 -0.699740 0.398915
v 0.213619 -0.666946 0.351367
v 0.289304 -0.644849 0.277569
v 0.341073 -0.600405 0.189151
v 0.352199 -0.644849 0.195563
v 0.382223 -0.578309 0.097525
v 0.396396 -0.566659 -0.002414
v 0.394462 -0.550262 -0.002414
v -0.352641 -0.500119 -0.002343
v -0.358430 -0.511768 -0.002343
v -0.364561 -0.522215 -0.002348
v -0.375507 -0.550262 -0.002348
v -0.037881 -0.689531 0.401510
v -0.024397 -0.674921 0.397086
v -0.197293 -0.683343 0.355864
v -0.098033 -0.699740 0.398925
v -0.323687 -0.616802 0.190083
v -0.328035 -0.633200 0.192587
v -0.333268 -0.644849 0.195605
v -0.274927 -0.655296 0.282141
v -0.322147 -0.600405 0.189203
v -0.298216 -0.467324 -0.180159
v -0.241742 -0.467324 -0.253814
v -0.082444 -0.467324 -0.345878
v 0.188115 -0.483721 -0.312009
v 0.262089 -0.483721 -0.255202
v 0.318848 -0.483721 -0.181166
v 0.354523 -0.483721 -0.094949
v 0.101969 -0.483721 -0.347712
v 0.033437 -0.700748 0.406401
v 0.026816 -0.683505 0.400769
v 0.009629 -0.638537 0.386073
v 0.009454 -0.703923 0.410693
v 0.033294 -0.700625 0.407437
v 0.116622 -0.711390 0.397680
v 0.036383 -0.709094 0.408896
v 0.216209 -0.683343 0.355845
v 0.293848 -0.655296 0.282108
v 0.381049 -0.616802 0.097206
v 0.385902 -0.633200 0.098509
v 0.380403 -0.588756 0.097035
v 0.391743 -0.644849 0.100072
v 0.395379 -0.578309 -0.002414
v 0.359262 -0.500119 -0.096213
v 0.364856 -0.511768 -0.097710
v 0.370778 -0.522215 -0.099298
v 0.376458 -0.533864 -0.100814
v -0.370441 -0.533864 -0.002348
v -0.377442 -0.566659 -0.002348
v -0.014644 -0.700548 0.407390
v -0.011588 -0.682825 0.400365
v -0.279266 -0.666946 0.286476
v -0.282926 -0.683343 0.290131
v -0.198201 -0.699740 0.357427
v -0.097705 -0.711390 0.397684
v -0.017486 -0.709104 0.408882
v 0.009577 -0.638400 0.386030
v -0.338834 -0.655296 0.198814
v -0.363283 -0.578309 0.097586
v -0.361463 -0.588756 0.097092
v -0.335550 -0.483721 -0.094873
v -0.082938 -0.483721 -0.347693
v 0.009515 -0.483721 -0.359885
v -0.169094 -0.483721 -0.311971
v 0.009454 -0.704137 0.409685
v 0.009449 -0.686518 0.403350
v 0.036279 -0.709303 0.407903
v 0.217122 -0.699740 0.357408
v 0.298187 -0.666946 0.286443
v 0.357765 -0.655296 0.198776
v 0.379333 -0.600405 0.096750
v 0.397951 -0.655296 0.101731
v 0.393497 -0.588756 -0.002410
v 0.382237 -0.578309 -0.102349
v 0.381353 -0.550262 -0.102121
v -0.340288 -0.500119 -0.096142
v -0.345883 -0.511768 -0.097639
v -0.351805 -0.522215 -0.099226
v -0.362380 -0.550262 -0.102054
v -0.357489 -0.533864 -0.100747
v 0.006949 -0.703586 0.410356
v -0.014534 -0.700758 0.406392
v -0.007918 -0.683509 0.400760
v -0.284214 -0.699740 0.291405
v -0.197564 -0.711390 0.356315
v -0.017377 -0.709313 0.407889
v -0.362109 -0.616802 0.097259
v -0.366962 -0.633200 0.098556
v -0.372798 -0.644849 0.100115
v -0.379010 -0.655296 0.101779
v -0.344148 -0.666946 0.201879
v -0.360393 -0.600405 0.096802
v -0.299856 -0.483721 -0.181100
v -0.243082 -0.483721 -0.255145
v 0.190567 -0.500119 -0.316248
v 0.265559 -0.500119 -0.258662
v 0.323097 -0.500119 -0.183614
v 0.103238 -0.500119 -0.352442
v 0.021150 -0.711247 0.410983
v 0.007053 -0.703799 0.409358
v 0.036274 -0.711380 0.408302
v 0.021084 -0.711390 0.410265
v 0.216485 -0.711390 0.356296
v 0.301852 -0.683343 0.290103
v 0.363083 -0.666946 0.201841
v 0.394162 -0.616802 -0.002410
v 0.399186 -0.633200 -0.002405
v 0.405232 -0.644849 -0.002405
v 0.392385 -0.600405 -0.002410
v 0.411663 -0.655296 -0.002405
v 0.380417 -0.588756 -0.101859
v 0.383221 -0.566659 -0.102620
v 0.328111 -0.511768 -0.186508
v 0.333420 -0.522215 -0.189569
v 0.338516 -0.533864 -0.192507
v -0.364248 -0.566659 -0.102553
v -0.376425 -0.578309 -0.002353
v -0.348634 -0.683343 0.204465
v -0.283311 -0.711390 0.290497
v -0.196470 -0.721837 0.354419
v 0.001692 -0.711970 0.410650
v -0.020057 -0.711841 0.407813
v -0.018717 -0.710577 0.407851
v 0.005480 -0.712336 0.412038
v -0.384937 -0.666946 0.103361
v -0.374543 -0.588756 -0.002353
v -0.084207 -0.500119 -0.352423
v 0.009515 -0.500119 -0.364780
v -0.171546 -0.500119 -0.316210
v 0.013436 -0.712331 0.412038
v 0.021041 -0.711456 0.409985
v 0.019382 -0.711646 0.410436
v 0.116061 -0.721837 0.395565
v 0.302241 -0.711390 0.290473
v 0.303140 -0.699740 0.291381
v 0.367570 -0.683343 0.204427
v 0.403877 -0.666946 0.103318
v 0.417799 -0.666946 -0.002405
v 0.379348 -0.600405 -0.101569
v 0.343691 -0.578309 -0.195472
v 0.342061 -0.588756 -0.194527
v 0.342898 -0.550262 -0.195030
v -0.304105 -0.500119 -0.183547
v -0.309119 -0.511768 -0.186442
v -0.314433 -0.522215 -0.189508
v -0.323910 -0.550262 -0.194973
v -0.363269 -0.578309 -0.102292
v -0.319523 -0.533864 -0.192445
v -0.350212 -0.699740 0.205363
v -0.097140 -0.721837 0.395569
v 0.005589 -0.712545 0.411045
v 0.009454 -0.712559 0.412513
v -0.373430 -0.600405 -0.002353
v -0.375208 -0.616802 -0.002357
v -0.380232 -0.633200 -0.002357
v -0.386277 -0.644849 -0.002357
v -0.392708 -0.655296 -0.002357
v -0.389942 -0.683343 0.104697
v -0.246552 -0.500119 -0.258610
v 0.193462 -0.511768 -0.321258
v 0.269651 -0.511768 -0.262754
v 0.104735 -0.511768 -0.358031
v 0.013332 -0.712545 0.411040
v 0.215397 -0.721837 0.354400
v 0.009454 -0.713120 0.411430
v 0.369148 -0.699740 0.205330
v 0.408882 -0.683343 0.104659
v 0.381064 -0.616802 -0.102021
v 0.385916 -0.633200 -0.103318
v 0.391753 -0.644849 -0.104882
v 0.397965 -0.655296 -0.106541
v 0.344576 -0.566659 -0.195990
v 0.341101 -0.600405 -0.193966
v 0.273985 -0.522215 -0.267084
v 0.278144 -0.533864 -0.271238
v -0.325588 -0.566659 -0.195933
v -0.324708 -0.578309 -0.195420
v -0.361448 -0.588756 -0.101802
v -0.391696 -0.699740 0.105163
v -0.349105 -0.711390 0.204722
v -0.281771 -0.721837 0.288948
v -0.195786 -0.733486 0.353226
v 0.007676 -0.712858 0.411254
v 0.009449 -0.712877 0.412580
v 0.009449 -0.713091 0.411572
v 0.007571 -0.712649 0.412247
v -0.398844 -0.666946 -0.002362
v -0.360379 -0.600405 -0.101512
v -0.085709 -0.511768 -0.358012
v -0.174446 -0.511768 -0.321220
v 0.009515 -0.511768 -0.370564
v 0.115709 -0.733486 0.394239
v 0.009463 -0.721837 0.409605
v 0.300702 -0.721837 0.288924
v 0.410641 -0.699740 0.105129
v 0.422979 -0.683343 -0.002400
v 0.403892 -0.666946 -0.108128
v 0.282374 -0.578309 -0.275440
v 0.281039 -0.588756 -0.274100
v 0.280255 -0.600405 -0.273306
v 0.281728 -0.550262 -0.274812
v -0.250644 -0.511768 -0.262702
v -0.254983 -0.522215 -0.267032
v -0.262721 -0.550262 -0.274760
v -0.259142 -0.533864 -0.271186
v -0.323078 -0.588756 -0.194474
v -0.280801 -0.733486 0.287978
v -0.096783 -0.733486 0.394243
v -0.362095 -0.616802 -0.101973
v -0.366947 -0.633200 -0.103271
v -0.372789 -0.644849 -0.104835
v -0.378996 -0.655296 -0.106498
v -0.404025 -0.683343 -0.002362
v 0.196528 -0.522215 -0.326562
v 0.106322 -0.522215 -0.363948
v 0.214717 -0.733486 0.353212
v 0.009463 -0.733486 0.408231
v 0.368045 -0.711390 0.204693
v 0.299737 -0.733486 0.287954
v 0.424800 -0.699740 -0.002400
v 0.342641 -0.616802 -0.194845
v 0.346990 -0.633200 -0.197350
v 0.352223 -0.644849 -0.200368
v 0.357789 -0.655296 -0.203581
v 0.283092 -0.566659 -0.276167
v 0.199470 -0.533864 -0.331648
v -0.264095 -0.566659 -0.276124
v -0.263372 -0.578309 -0.275397
v -0.262041 -0.588756 -0.274057
v -0.322118 -0.600405 -0.193918
v -0.390465 -0.711390 0.104830
v -0.347218 -0.721837 0.203624
v -0.196618 -0.749884 0.354656
v -0.281975 -0.749884 0.289142
v -0.384923 -0.666946 -0.108086
v -0.087296 -0.522215 -0.363929
v 0.009515 -0.522215 -0.376691
v -0.177511 -0.522215 -0.326524
v 0.116142 -0.749884 0.395831
v 0.009463 -0.749884 0.409880
v 0.366158 -0.721837 0.203600
v 0.409410 -0.711390 0.104797
v 0.423526 -0.711390 -0.002400
v 0.408892 -0.683343 -0.109464
v 0.363102 -0.666946 -0.206642
v 0.202454 -0.578309 -0.336795
v 0.200957 -0.600405 -0.334186
v 0.281509 -0.616802 -0.274556
v 0.201998 -0.550262 -0.336025
v -0.180453 -0.533864 -0.331614
v -0.183956 -0.566659 -0.337655
v -0.182987 -0.550262 -0.335992
v -0.261262 -0.600405 -0.273268
v -0.405845 -0.699740 -0.002362
v -0.346035 -0.733486 0.202939
v -0.097211 -0.749884 0.395836
v -0.347475 -0.749884 0.203761
v -0.323658 -0.616802 -0.194802
v -0.328012 -0.633200 -0.197307
v -0.333245 -0.644849 -0.200330
v -0.338815 -0.655296 -0.203538
v -0.389928 -0.683343 -0.109426
v 0.107843 -0.533864 -0.369623
v 0.215549 -0.749884 0.354642
v 0.364975 -0.733486 0.202911
v 0.409419 -0.711390 -0.109597
v 0.410650 -0.699740 -0.109930
v 0.285060 -0.633200 -0.278097
v 0.289337 -0.644849 -0.282365
v 0.293881 -0.655296 -0.286909
v 0.202963 -0.566659 -0.337689
v 0.201513 -0.588756 -0.335155
v -0.183448 -0.578309 -0.336767
v -0.182506 -0.588756 -0.335127
v -0.181955 -0.600405 -0.334157
v -0.404571 -0.711390 -0.002367
v -0.388359 -0.721837 0.104264
v -0.199184 -0.766281 0.359096
v -0.351923 -0.766281 0.206323
v -0.344129 -0.666946 -0.206604
v -0.088817 -0.533864 -0.369604
v 0.009511 -0.533864 -0.382565
v 0.117473 -0.766281 0.400783
v 0.300911 -0.749884 0.289123
v -0.098542 -0.766281 0.400788
v 0.366415 -0.749884 0.203738
v 0.407304 -0.721837 0.104231
v 0.421344 -0.721837 -0.002400
v 0.407314 -0.721837 -0.109027
v 0.367589 -0.683343 -0.209227
v 0.298221 -0.666946 -0.291239
v 0.109649 -0.566659 -0.376358
v 0.109383 -0.578309 -0.375365
v 0.108898 -0.588756 -0.373535
v 0.201841 -0.616802 -0.335711
v 0.109150 -0.550262 -0.374500
v -0.090129 -0.550262 -0.374485
v -0.090633 -0.566659 -0.376339
v -0.090372 -0.578309 -0.375346
v -0.182844 -0.616802 -0.335688
v -0.262517 -0.616802 -0.274518
v -0.391686 -0.699740 -0.109892
v -0.390455 -0.711390 -0.109564
v -0.387043 -0.733486 0.103908
v -0.388649 -0.749884 0.104331
v -0.285611 -0.766281 0.292764
v -0.393611 -0.766281 0.105657
v -0.266072 -0.633200 -0.278063
v -0.270350 -0.644849 -0.282332
v -0.274893 -0.655296 -0.286875
v -0.348615 -0.683343 -0.209189
v 0.218120 -0.766281 0.359081
v 0.009468 -0.766281 0.415009
v 0.407594 -0.749884 0.104307
v 0.405988 -0.733486 0.103879
v 0.368060 -0.711390 -0.209484
v 0.366173 -0.721837 -0.208391
v 0.369162 -0.699740 -0.210130
v 0.204356 -0.633200 -0.340056
v 0.207374 -0.644849 -0.345284
v 0.210587 -0.655296 -0.350845
v 0.108608 -0.600405 -0.372451
v -0.089887 -0.588756 -0.373521
v -0.089602 -0.600405 -0.372437
v -0.090063 -0.616802 -0.374143
v -0.388350 -0.721837 -0.108998
v -0.402390 -0.721837 -0.002367
v -0.202336 -0.777930 0.364542
v -0.290065 -0.777930 0.297218
v -0.357380 -0.777930 0.209470
v -0.399700 -0.777930 0.107287
v -0.279233 -0.666946 -0.291210
v 0.009511 -0.550262 -0.387618
v 0.119103 -0.777930 0.406862
v 0.009468 -0.777930 0.421302
v 0.304547 -0.766281 0.292750
v 0.370869 -0.766281 0.206304
v -0.100172 -0.777930 0.406867
v 0.412561 -0.766281 0.105633
v 0.419980 -0.733486 -0.002395
v 0.405997 -0.733486 -0.108670
v 0.364989 -0.733486 -0.207702
v 0.301880 -0.683343 -0.294893
v 0.213657 -0.666946 -0.356154
v 0.009511 -0.566659 -0.389543
v 0.009506 -0.578309 -0.388511
v 0.009506 -0.588756 -0.386620
v 0.109065 -0.616802 -0.374158
v -0.185358 -0.633200 -0.340027
v -0.091365 -0.633200 -0.378986
v -0.350193 -0.699740 -0.210097
v -0.349091 -0.711390 -0.209455
v -0.347204 -0.721837 -0.208362
v -0.401026 -0.733486 -0.002367
v -0.402689 -0.749884 -0.002367
v -0.407827 -0.766281 -0.002372
v -0.188381 -0.644849 -0.345260
v -0.191594 -0.655296 -0.350821
v -0.194664 -0.666946 -0.356130
v -0.282897 -0.683343 -0.294865
v 0.221271 -0.777930 0.364533
v 0.421644 -0.749884 -0.002395
v 0.426782 -0.766281 -0.002395
v 0.302265 -0.711390 -0.295259
v 0.300721 -0.721837 -0.293715
v 0.299756 -0.733486 -0.292740
v 0.303168 -0.699740 -0.296172
v 0.110367 -0.633200 -0.378996
v 0.111931 -0.644849 -0.384833
v 0.113594 -0.655296 -0.391035
v 0.009506 -0.600405 -0.385498
v 0.009501 -0.616802 -0.387266
v 0.009501 -0.633200 -0.392276
v -0.387033 -0.733486 -0.108642
v -0.346020 -0.733486 -0.207678
v -0.205696 -0.788377 0.370360
v -0.294817 -0.788377 0.301966
v -0.363202 -0.788377 0.212825
v -0.406192 -0.788377 0.109022
v -0.414129 -0.777930 -0.002372
v -0.197255 -0.683343 -0.360607
v 0.120847 -0.788377 0.413350
v 0.009468 -0.788377 0.428017
v -0.101912 -0.788377 0.413355
v 0.309005 -0.777930 0.297199
v 0.376325 -0.777930 0.209451
v 0.418645 -0.777930 0.107263
v 0.433084 -0.777930 -0.002391
v 0.407599 -0.749884 -0.109098
v 0.366429 -0.749884 -0.208524
v 0.216247 -0.683343 -0.360626
v 0.115182 -0.666946 -0.396952
v -0.092929 -0.644849 -0.384818
v 0.009501 -0.644849 -0.398317
v -0.284185 -0.699740 -0.296143
v -0.283287 -0.711390 -0.295236
v -0.281747 -0.721837 -0.293691
v -0.280782 -0.733486 -0.292721
v -0.388640 -0.749884 -0.109069
v -0.094592 -0.655296 -0.391021
v -0.096184 -0.666946 -0.396943
v -0.097525 -0.683343 -0.401938
v -0.198167 -0.699740 -0.362171
v 0.224631 -0.788377 0.370350
v 0.412566 -0.766281 -0.110424
v 0.217155 -0.699740 -0.362190
v 0.215425 -0.721837 -0.359181
v 0.300930 -0.749884 -0.293905
v 0.009501 -0.655296 -0.404738
v -0.347461 -0.749884 -0.208500
v -0.393606 -0.766281 -0.110400
v -0.103561 -0.800027 0.419524
v -0.299337 -0.800027 0.306476
v -0.368739 -0.800027 0.216019
v -0.412366 -0.800027 0.110676
v -0.420855 -0.788377 -0.002372
v -0.098000 -0.699740 -0.403683
v 0.227830 -0.800027 0.375883
v 0.009468 -0.800027 0.434405
v 0.313758 -0.788377 0.301952
v 0.382147 -0.788377 0.212811
v 0.425142 -0.788377 0.109003
v 0.439809 -0.788377 -0.002391
v 0.418649 -0.777930 -0.112050
v 0.216513 -0.711390 -0.361078
v 0.214741 -0.733486 -0.357993
v 0.370878 -0.766281 -0.211086
v 0.116517 -0.683343 -0.401948
v 0.009501 -0.666946 -0.410869
v -0.197530 -0.711390 -0.361063
v -0.196442 -0.721837 -0.359167
v -0.281956 -0.749884 -0.293886
v -0.208890 -0.800027 0.375888
v -0.399690 -0.777930 -0.112031
v 0.009496 -0.683343 -0.416035
v 0.009496 -0.699740 -0.417841
v 0.122501 -0.800027 0.419519
v 0.116988 -0.699740 -0.403692
v 0.116655 -0.711390 -0.402452
v 0.116090 -0.721837 -0.400337
v 0.304566 -0.766281 -0.297531
v 0.215572 -0.749884 -0.359419
v -0.195762 -0.733486 -0.357979
v -0.196594 -0.749884 -0.359405
v -0.351914 -0.766281 -0.211067
v -0.211537 -0.816424 0.380465
v -0.303083 -0.816424 0.310212
v -0.373326 -0.816424 0.218657
v -0.417480 -0.816424 0.112040
v -0.427247 -0.800027 -0.002372
v -0.406187 -0.788377 -0.113770
v 0.009496 -0.711390 -0.416558
v -0.097667 -0.711390 -0.402442
v 0.123875 -0.816424 0.424624
v 0.318282 -0.800027 0.306467
v 0.009473 -0.816424 0.439686
v -0.104934 -0.816424 0.424629
v 0.387684 -0.800027 0.216005
v 0.431316 -0.800027 0.110657
v 0.446197 -0.800027 -0.002391
v 0.425147 -0.788377 -0.113789
v 0.376334 -0.777930 -0.214232
v 0.115738 -0.733486 -0.399010
v 0.218139 -0.766281 -0.363858
v -0.097106 -0.721837 -0.400327
v -0.096755 -0.733486 -0.399001
v -0.285592 -0.766281 -0.297512
v -0.357370 -0.777930 -0.214213
v 0.230482 -0.816424 0.380460
v 0.009492 -0.721837 -0.414372
v 0.309019 -0.777930 -0.301980
v 0.116166 -0.749884 -0.400603
v -0.097187 -0.749884 -0.400593
v -0.199165 -0.766281 -0.363849
v -0.212388 -0.832822 0.381929
v -0.304285 -0.832822 0.311410
v -0.374799 -0.832822 0.219503
v -0.419129 -0.832822 0.112477
v -0.432542 -0.816424 -0.002376
v -0.412361 -0.800027 -0.115424
v -0.363193 -0.788377 -0.217573
v 0.124317 -0.832822 0.426254
v 0.009473 -0.832822 0.441378
v 0.322028 -0.816424 0.310203
v 0.392276 -0.816424 0.218648
v -0.105372 -0.832822 0.426259
v 0.436435 -0.816424 0.112026
v 0.451497 -0.816424 -0.002391
v 0.431321 -0.800027 -0.115438
v 0.382157 -0.788377 -0.217592
v 0.009492 -0.733486 -0.412998
v 0.221290 -0.777930 -0.369310
v 0.117496 -0.766281 -0.405555
v -0.098518 -0.766281 -0.405546
v -0.202317 -0.777930 -0.369300
v -0.290050 -0.777930 -0.301966
v 0.231333 -0.832822 0.381924
v 0.313772 -0.788377 -0.306728
v 0.009492 -0.749884 -0.414643
v -0.100148 -0.777930 -0.411629
v -0.211623 -0.844471 0.380598
v -0.303202 -0.844471 0.310321
v -0.373478 -0.844471 0.218733
v -0.434244 -0.832822 -0.002376
v -0.417480 -0.816424 -0.116793
v -0.368730 -0.800027 -0.220767
v -0.294803 -0.788377 -0.306714
v 0.123922 -0.844471 0.424771
v 0.009473 -0.844471 0.439843
v -0.104972 -0.844471 0.424771
v 0.323230 -0.832822 0.311400
v 0.393749 -0.832822 0.219494
v 0.438079 -0.832822 0.112468
v 0.453198 -0.832822 -0.002386
v 0.436435 -0.816424 -0.116807
v 0.387694 -0.800027 -0.220782
v 0.224650 -0.788377 -0.375127
v 0.119127 -0.777930 -0.411634
v 0.009487 -0.766281 -0.419771
v 0.009487 -0.777930 -0.426069
v -0.205682 -0.788377 -0.375118
v -0.101893 -0.788377 -0.418117
v -0.417651 -0.844471 0.112078
v 0.230573 -0.844471 0.380593
v 0.318292 -0.800027 -0.311243
v 0.009487 -0.788377 -0.432785
v -0.210382 -0.854918 0.378445
v -0.301452 -0.854918 0.308563
v -0.371330 -0.854918 0.217488
v -0.419125 -0.832822 -0.117230
v -0.432718 -0.844471 -0.002376
v -0.373321 -0.816424 -0.223410
v -0.299328 -0.800027 -0.311229
v -0.208876 -0.800027 -0.380645
v 0.123281 -0.854918 0.422371
v 0.009473 -0.854918 0.437357
v -0.104331 -0.854918 0.422371
v 0.322151 -0.844471 0.310312
v 0.392428 -0.844471 0.218724
v 0.451673 -0.844471 -0.002386
v 0.438079 -0.832822 -0.117240
v 0.392280 -0.816424 -0.223424
v 0.227844 -0.800027 -0.380655
v 0.120866 -0.788377 -0.418122
v 0.009487 -0.800027 -0.439168
v -0.415256 -0.854918 0.111432
v -0.417647 -0.844471 -0.116836
v 0.229332 -0.854918 0.378440
v 0.436601 -0.844471 0.112069
v 0.436606 -0.844471 -0.116840
v 0.322037 -0.816424 -0.314979
v -0.103547 -0.800027 -0.424282
v -0.209574 -0.866567 0.377033
v -0.300307 -0.866567 0.307408
v -0.369927 -0.866567 0.216675
v -0.374794 -0.832822 -0.224256
v -0.373473 -0.844471 -0.223491
v -0.415256 -0.854918 -0.116194
v -0.430242 -0.854918 -0.002381
v -0.303073 -0.816424 -0.314970
v -0.211528 -0.816424 -0.385222
v 0.122862 -0.866567 0.420798
v 0.009477 -0.866567 0.435727
v -0.103913 -0.866567 0.420798
v 0.320402 -0.854918 0.308558
v 0.390279 -0.854918 0.217483
v 0.449192 -0.854918 -0.002386
v 0.392428 -0.844471 -0.223495
v 0.393754 -0.832822 -0.224265
v 0.230492 -0.816424 -0.385232
v 0.122515 -0.800027 -0.424286
v -0.104920 -0.816424 -0.429386
v 0.009482 -0.816424 -0.444453
v -0.413692 -0.866567 0.111009
v -0.371330 -0.854918 -0.222250
v 0.228524 -0.866567 0.377033
v 0.434210 -0.854918 0.111427
v 0.434210 -0.854918 -0.116199
v 0.390284 -0.854918 -0.222255
v 0.323240 -0.832822 -0.316172
v 0.123884 -0.816424 -0.429391
v -0.210344 -0.882965 0.378359
v -0.301395 -0.882965 0.308492
v -0.371263 -0.882965 0.217440
v -0.415185 -0.882965 0.111408
v -0.304280 -0.832822 -0.316163
v -0.303197 -0.844471 -0.315079
v -0.301448 -0.854918 -0.313320
v -0.413692 -0.866567 -0.115771
v -0.369927 -0.866567 -0.221437
v -0.428621 -0.866567 -0.002381
v -0.212378 -0.832822 -0.386686
v -0.105362 -0.832822 -0.431021
v 0.123266 -0.882965 0.422281
v 0.009477 -0.882965 0.437262
v -0.104312 -0.882965 0.422281
v 0.319257 -0.866567 0.307408
v 0.388877 -0.866567 0.216670
v 0.447576 -0.866567 -0.002386
v 0.432647 -0.866567 -0.115776
v 0.322156 -0.844471 -0.315084
v 0.320407 -0.854918 -0.313325
v 0.231343 -0.832822 -0.386691
v 0.009482 -0.832822 -0.446145
v 0.124326 -0.832822 -0.431021
v -0.300302 -0.866567 -0.312170
v 0.229299 -0.882965 0.378359
v 0.432647 -0.866567 0.111009
v 0.388882 -0.866567 -0.221437
v 0.319262 -0.866567 -0.312175
v -0.210344 -0.882965 -0.383126
v -0.276333 -0.882965 0.313743
v -0.302332 -0.882965 0.293843
v -0.415185 -0.882965 -0.116170
v -0.430166 -0.882965 -0.002381
v -0.211618 -0.844471 -0.385355
v -0.210377 -0.854918 -0.383207
v -0.209569 -0.866567 -0.381795
v -0.371263 -0.882965 -0.222203
v -0.104968 -0.844471 -0.429534
v 0.123266 -0.882965 -0.427043
v 0.009477 -0.882965 -0.442024
v -0.104312 -0.882965 -0.427043
v 0.320350 -0.882965 0.308492
v 0.390218 -0.882965 0.217440
v 0.434139 -0.882965 0.111408
v 0.449120 -0.882965 -0.002381
v 0.434139 -0.882965 -0.116170
v 0.230577 -0.844471 -0.385360
v 0.229337 -0.854918 -0.383207
v 0.123927 -0.844471 -0.429538
v -0.222540 -0.882965 -0.277260
v -0.265259 -0.882965 0.315184
v -0.286657 -0.882965 0.309480
v -0.295521 -0.882965 0.302698
v -0.306619 -0.882965 0.283534
v -0.301395 -0.882965 -0.313259
v 0.009482 -0.844471 -0.444605
v 0.229299 -0.882965 -0.383126
v 0.314480 -0.882965 0.302693
v 0.390218 -0.882965 -0.222203
v 0.228529 -0.866567 -0.381795
v -0.222540 -0.882965 0.272355
v -0.224018 -0.882965 -0.288330
v -0.254190 -0.882965 0.313715
v -0.272037 -0.930494 0.297622
v -0.278334 -0.930494 0.295022
v -0.283743 -0.930494 0.290882
v -0.308092 -0.882965 0.272465
v -0.287897 -0.930494 0.285483
v -0.104326 -0.854918 -0.427133
v -0.103908 -0.866567 -0.425565
v -0.302403 -0.882965 -0.298487
v 0.009482 -0.854918 -0.442119
v 0.241495 -0.882965 0.272360
v 0.122867 -0.866567 -0.425565
v 0.009477 -0.866567 -0.440494
v 0.321286 -0.882965 0.293843
v 0.305611 -0.882965 0.309480
v 0.320350 -0.882965 -0.313259
v 0.123285 -0.854918 -0.427138
v -0.223980 -0.882965 0.283430
v -0.224009 -0.882965 0.261286
v -0.240535 -0.930494 -0.283867
v -0.228310 -0.882965 -0.298634
v -0.243881 -0.882965 0.309428
v -0.265283 -0.930494 0.298501
v -0.290511 -0.930494 0.279195
v -0.308092 -0.882965 -0.277089
v -0.276467 -0.882965 -0.318468
v -0.295621 -0.882965 -0.307360
v -0.306657 -0.882965 -0.288163
v 0.242935 -0.882965 0.283430
v 0.241495 -0.882965 -0.277099
v 0.325573 -0.882965 0.283529
v 0.302394 -0.930494 0.290578
v 0.295288 -0.882965 0.313743
v 0.297075 -0.930494 0.294651
v 0.327047 -0.882965 -0.277251
v 0.325569 -0.882965 -0.288320
v -0.228244 -0.882965 0.293748
v -0.239223 -0.930494 0.272374
v -0.223976 -0.882965 -0.266186
v -0.240121 -0.930494 0.265625
v -0.239651 -0.930494 -0.277227
v -0.243115 -0.930494 -0.290050
v -0.235126 -0.882965 -0.307484
v -0.235031 -0.882965 0.302617
v -0.258529 -0.930494 0.297607
v -0.265349 -0.930494 0.246314
v -0.272099 -0.930494 0.247212
v -0.278391 -0.930494 0.249827
v -0.283791 -0.930494 0.253981
v -0.291410 -0.930494 0.272441
v -0.287930 -0.930494 0.259389
v -0.306647 -0.882965 0.261390
v -0.265402 -0.882965 -0.319951
v -0.286776 -0.882965 -0.314176
v -0.283501 -0.930494 -0.295288
v -0.287569 -0.930494 -0.289960
v 0.247198 -0.882965 0.293753
v 0.258605 -0.930494 0.272379
v 0.242930 -0.882965 -0.288173
v 0.242963 -0.882965 0.261291
v 0.306481 -0.930494 0.285269
v 0.284218 -0.882965 0.315184
v 0.290882 -0.930494 0.297208
v 0.327047 -0.882965 0.272460
v 0.321277 -0.882965 -0.298629
v 0.314461 -0.882965 -0.307474
v -0.231670 -0.882965 0.298225
v -0.242702 -0.930494 0.285426
v -0.240102 -0.930494 0.279133
v -0.228225 -0.882965 -0.255858
v -0.242735 -0.930494 0.259332
v -0.240511 -0.930494 -0.270582
v -0.243063 -0.930494 -0.264385
v -0.231670 -0.882965 -0.302992
v -0.243999 -0.882965 -0.314262
v -0.247203 -0.930494 -0.295359
v -0.252241 -0.930494 0.294989
v -0.258596 -0.930494 0.247198
v -0.281063 -0.930494 0.251885
v -0.290526 -0.930494 0.265687
v -0.290117 -0.930494 -0.283767
v -0.306609 -0.882965 -0.266020
v -0.254328 -0.882965 -0.318515
v -0.265364 -0.930494 -0.302840
v -0.272008 -0.930494 -0.301952
v -0.278192 -0.930494 -0.299375
v 0.250620 -0.882965 0.298225
v 0.262027 -0.930494 0.285217
v 0.259470 -0.930494 0.279024
v 0.259484 -0.930494 0.265734
v 0.247184 -0.882965 -0.298496
v 0.259465 -0.930494 -0.283772
v 0.242968 -0.882965 -0.266029
v 0.309052 -0.930494 0.279081
v 0.302441 -0.930494 0.254285
v 0.299760 -0.930494 0.252222
v 0.273149 -0.882965 0.313715
v 0.284237 -0.930494 0.298073
v 0.290939 -0.930494 0.247626
v 0.325602 -0.882965 0.261390
v 0.309048 -0.930494 -0.283862
v 0.305592 -0.882965 -0.314257
v -0.244788 -0.930494 0.288159
v -0.246842 -0.930494 0.290835
v -0.228296 -0.882965 0.250972
v -0.245126 -0.930494 -0.292664
v -0.247132 -0.930494 -0.259061
v -0.252298 -0.930494 0.249793
v -0.265368 -0.882965 0.229631
v -0.276438 -0.882965 0.231105
v -0.286752 -0.882965 0.235392
v -0.291134 -0.882965 0.238762
v -0.295602 -0.882965 0.242203
v -0.302389 -0.882965 0.251067
v -0.290982 -0.930494 -0.277122
v -0.290093 -0.930494 -0.270483
v -0.258724 -0.930494 -0.301980
v -0.287517 -0.930494 -0.264294
v -0.280806 -0.930494 -0.256984
v 0.262835 -0.882965 0.309428
v 0.253985 -0.882965 0.302622
v 0.264080 -0.930494 0.287902
v 0.250620 -0.882965 -0.302992
v 0.262018 -0.930494 -0.289965
v 0.258605 -0.930494 -0.277127
v 0.247250 -0.882965 0.250977
v 0.259489 -0.930494 -0.270487
v 0.306510 -0.930494 0.259603
v 0.297127 -0.930494 0.250197
v 0.277598 -0.930494 0.297194
v 0.284299 -0.930494 0.246742
v 0.325607 -0.882965 -0.266176
v 0.309067 -0.930494 0.265796
v 0.309936 -0.930494 -0.277217
v 0.306472 -0.930494 -0.290046
v 0.302384 -0.930494 -0.295355
v 0.295264 -0.882965 -0.318511
v -0.246889 -0.930494 0.253933
v -0.235007 -0.882965 -0.246989
v -0.252526 -0.930494 -0.299428
v -0.254294 -0.882965 0.231076
v -0.302318 -0.882965 -0.255711
v -0.271908 -0.930494 -0.252369
v -0.265264 -0.930494 -0.251509
v -0.278102 -0.930494 -0.254922
v -0.283425 -0.930494 -0.258990
v 0.266100 -0.930494 0.290535
v 0.262056 -0.930494 0.259551
v 0.253966 -0.882965 -0.307365
v 0.264080 -0.930494 -0.292664
v 0.266086 -0.930494 -0.295288
v 0.247260 -0.882965 -0.255720
v 0.262065 -0.930494 -0.264299
v 0.309936 -0.930494 0.272441
v 0.321339 -0.882965 0.251067
v 0.310088 -0.882965 0.238762
v 0.305702 -0.882965 0.235392
v 0.271409 -0.930494 0.294623
v 0.277655 -0.930494 0.247612
v 0.295388 -0.882965 0.231105
v 0.284318 -0.882965 0.229631
v 0.321353 -0.882965 -0.255853
v 0.306519 -0.930494 -0.264380
v 0.297061 -0.930494 -0.299423
v 0.284195 -0.882965 -0.319951
v -0.235107 -0.882965 0.242122
v -0.252436 -0.930494 -0.254974
v -0.243976 -0.882965 0.235335
v -0.265231 -0.882965 -0.234399
v -0.276305 -0.882965 -0.235834
v -0.286628 -0.882965 -0.240088
v -0.291134 -0.882965 -0.243529
v -0.258624 -0.930494 -0.252398
v 0.262816 -0.882965 -0.314181
v 0.254057 -0.882965 0.242127
v 0.266143 -0.930494 0.254237
v 0.314551 -0.882965 0.242198
v 0.271462 -0.930494 0.250169
v 0.273249 -0.882965 0.231076
v 0.309071 -0.930494 -0.270573
v 0.302451 -0.930494 -0.259057
v 0.299760 -0.930494 -0.256984
v 0.290868 -0.930494 -0.301975
v 0.273125 -0.882965 -0.318473
v -0.243852 -0.882965 -0.240173
v -0.254161 -0.882965 -0.235877
v -0.295502 -0.882965 -0.246865
v 0.271395 -0.930494 -0.299380
v 0.266153 -0.930494 -0.258995
v 0.254076 -0.882965 -0.246875
v 0.314570 -0.882965 -0.246980
v 0.310088 -0.882965 -0.243529
v 0.305721 -0.882965 -0.240169
v 0.295412 -0.882965 -0.235877
v 0.262926 -0.882965 0.235340
v 0.284347 -0.882965 -0.234399
v 0.273273 -0.882965 -0.235834
v 0.297142 -0.930494 -0.254969
v 0.290953 -0.930494 -0.252393
v 0.284223 -0.930494 -0.302840
v 0.277583 -0.930494 -0.301952
v 0.262945 -0.882965 -0.240093
v 0.284314 -0.930494 -0.251509
v 0.271476 -0.930494 -0.254922
v 0.277669 -0.930494 -0.252369
vt 0.898549 0.730124
vt 0.957654 0.730128
vt 0.928101 0.736377
vt 0.985194 0.711802
vt 0.871011 0.711795
vt 1.008844 0.682648
vt 0.847365 0.682638
vt 1.026992 0.644653
vt 0.829222 0.644641
vt 1.012373 0.608821
vt 1.038401 0.600407
vt 0.817817 0.600393
vt 0.84369 0.608486
vt 0.928195 0.632492
vt 0.996065 0.592632
vt 1.041474 0.562931
vt 1.005721 0.601371
vt 1.011699 0.607233
vt 1.012162 0.610534
vt 1.011124 0.611912
vt 0.814705 0.562378
vt 0.860006 0.592423
vt 0.850413 0.60107
vt 0.84437 0.6069
vt 0.843894 0.610199
vt 0.844928 0.611581
vt 0.846514 0.612261
vt 0.886976 0.614735
vt 0.930371 0.629168
vt 0.886745 0.624812
vt 0.9251 0.626077
vt 0.926021 0.629167
vt 1.041886 0.557905
vt 0.999914 0.593936
vt 1.002552 0.595808
vt 1.004543 0.598358
vt 1.010321 0.606194
vt 1.006054 0.60542
vt 1.009958 0.607092
vt 1.007616 0.607421
vt 1.008743 0.606943
vt 1.010936 0.607829
vt 1.006879 0.608399
vt 1.011414 0.608956
vt 1.00673 0.609614
vt 1.011265 0.610171
vt 1.007208 0.610741
vt 1.010528 0.611149
vt 1.008186 0.611478
vt 1.009401 0.611627
vt 0.849051 0.606342
vt 1.008609 0.605984
vt 1.00702 0.606658
vt 1.009535 0.612586
vt 0.969062 0.61487
vt 0.813929 0.55291
vt 1.042295 0.552924
vt 0.814293 0.55735
vt 0.856223 0.593688
vt 0.853589 0.595543
vt 0.851597 0.598074
vt 0.848456 0.607099
vt 0.846109 0.60676
vt 0.847328 0.606615
vt 0.845127 0.607495
vt 0.849191 0.608081
vt 0.853855 0.603779
vt 1.002205 0.604116
vt 0.850072 0.605045
vt 0.844643 0.608623
vt 0.849336 0.6093
vt 0.844788 0.609842
vt 0.848852 0.610428
vt 0.845523 0.610824
vt 0.84787 0.611163
vt 0.846651 0.611308
vt 0.891999 0.609728
vt 0.849609 0.611023
vt 0.850289 0.609437
vt 0.888859 0.612132
vt 0.848227 0.612057
vt 0.847465 0.605662
vt 0.850085 0.607724
vt 1.005982 0.608036
vt 0.845752 0.605866
vt 0.88592 0.617768
vt 0.885778 0.620977
vt 0.931292 0.626078
vt 0.889886 0.622407
vt 0.9251 0.622853
vt 0.887623 0.62414
vt 1.039267 0.517448
vt 0.859665 0.596397
vt 0.996398 0.596682
vt 0.858482 0.599393
vt 0.997576 0.599695
vt 0.856489 0.601925
vt 0.999567 0.602244
vt 1.005771 0.609748
vt 1.006445 0.611337
vt 0.964027 0.609819
vt 0.967186 0.612256
vt 1.007823 0.612375
vt 0.97011 0.617912
vt 0.970239 0.621128
vt 0.969249 0.624992
vt 0.892825 0.616772
vt 0.928198 0.616439
vt 0.926022 0.619762
vt 0.891769 0.619805
vt 0.963167 0.616899
vt 0.930372 0.619763
vt 0.964214 0.619942
vt 0.931293 0.622853
vt 0.817157 0.513546
vt 1.039267 0.515943
vt 0.892363 0.611172
vt 0.963037 0.613684
vt 0.96609 0.622556
vt 0.892967 0.613563
vt 0.817823 0.505427
vt 1.027003 0.461193
vt 1.038407 0.50544
vt 0.829232 0.461181
vt 1.017548 0.441405
vt 1.017544 0.462541
vt 0.928307 0.462528
vt 1.014573 0.456325
vt 0.929178 0.471248
vt 1.0097 0.453003
vt 1.015441 0.465006
vt 0.928311 0.441393
vt 0.838697 0.44138
vt 1.008175 0.451126
vt 0.928307 0.462527
vt 0.838693 0.462514
vt 0.841666 0.456297
vt 0.927432 0.472127
vt 0.840794 0.465858
vt 0.846529 0.453872
vt 0.997444 0.437924
vt 0.8588 0.438779
vt 0.935852 0.477567
vt 0.992494 0.42995
vt 1.00399 0.443982
vt 0.920576 0.485952
vt 0.852072 0.452341
vt 0.863555 0.438326
vt 0.935849 0.477566
vt 0.982906 0.423638
vt 0.992491 0.429949
vt 0.920572 0.485957
vt 0.863552 0.438332
vt 0.873159 0.432008
vt 0.949795 0.47703
vt 0.978123 0.411366
vt 0.996297 0.423099
vt 0.935652 0.47756
vt 0.935726 0.477144
vt 0.982716 0.423638
vt 0.905182 0.503529
vt 0.858252 0.449363
vt 0.876404 0.437646
vt 0.928304 0.476928
vt 0.880653 0.423188
vt 0.928303 0.476721
vt 0.972986 0.410351
vt 0.968983 0.467759
vt 0.966653 0.396272
vt 0.991231 0.400759
vt 0.925991 0.485689
vt 0.896401 0.420167
vt 0.926067 0.48548
vt 0.935651 0.477354
vt 0.905228 0.503387
vt 0.876372 0.437712
vt 0.88154 0.436695
vt 0.880949 0.521899
vt 0.858204 0.45488
vt 0.882787 0.450398
vn 0.5515867086263287 0 0.8341175593804351
vn 0.22842407451320157 0.19798306458317488 0.9532183109451065
vn 0.5406679024197252 0.19798296426783965 0.817606852437511
vn 0.23303697035851487 0 0.9724678763054976
vn 0.16351606309391148 0.712498274922856 0.682355263291947
vn 0.8036071462368256 0 0.5951601083045682
vn -0.11137099041686081 0.19798298296415878 0.9738579162024517
vn 0.3870341829812902 0.7124983368536183 0.5852782767067587
vn -0.07972501145931521 0.7124981024112782 0.6971301002023509
vn 0.7877001512660131 0.19798303801967623 0.5833791120292185
vn -0.11362101873514177 0 0.9935241638237032
vn 0.08801903235307365 0.9259263403418815 0.36730513501000617
vn -0.042915000605487745 0.92592601306389 0.37525900529452955
vn 0.9397233129457699 0.19798306593213352 0.2787880928417474
vn 0.7112992274059559 0.19798306329618548 -0.6744302156187465
vn 0.4465738813263561 0 -0.89474676222779
vn 0.7256631480102619 0 -0.6880501403385053
vn 0.4377338974956463 0.19798295363823834 -0.8770357946241134
vn 0.11362101873514177 0 -0.9935241638237032
vn -0.4377338974956464 0.19798295363823798 0.8770357946241135
vn -0.31334916478958574 0.7124983747012125 0.6278203301692291
vn 0.20833702442282995 0.9259261085440091 0.3150500369325306
vn 0.5638702203131601 0.7124982783845317 0.4176081631662232
vn 0.9587003409503325 0 0.2844181011499027
vn 0.6726950844938715 0.7124980894933282 0.19956902506686913
vn 0.8990714496194508 0.19798309900998676 -0.3904781952754609
vn 0.9172273457833093 0 -0.39836415017833343
vn 0.11137099041686079 0.1979829829641592 -0.9738579162024514
vn -0.4465738813263561 0 0.89474676222779
vn 0 1 0
vn -0.1686730218511697 0.9259261199514217 0.3379500437805863
vn 0.9784022211512143 0.1979830447507066 -0.059429013432919675
vn 0.998160368700046 0 -0.06062902239512211
vn 0.5091790149153812 0.712498020871205 -0.4827870141422801
vn 0.6435950278451394 0.712498030826228 -0.2795210120934767
vn 0.31334916478958574 0.7124983747012127 -0.6278203301692289
vn -0.23303697035851487 0 -0.9724678763054976
vn -0.7112992274059559 0.1979830632961852 0.6744302156187465
vn -0.5091790149153811 0.7124980208712046 0.4827870141422803
vn 0.30352603305747733 0.9259261008440058 0.22479502448276478
vn 0.7003831511227394 0.712498153736812 -0.042542009179353975
vn 0.07972501145931521 0.7124981024112784 -0.6971301002023507
vn -0.22842407451320157 0.19798306458317533 -0.9532183109451065
vn -0.7256631480102619 0 0.6880501403385053
vn 0.09472202099248607 0.9909762196221562 -0.09483602101775078
vn 0.23184504827964972 0.9634732006346437 -0.13404202791304862
vn 0.1160390338823585 0.9909762893562 -0.06708901958939256
vn 0.06694901822429515 0.9909762697551736 -0.11612003160921208
vn 0.18925300292405356 0.96347301488614 -0.18948100292757605
vn 0.13376303036862552 0.9634732187402403 -0.23200605267303592
vn 0.03461301018616043 0.9909762916314829 -0.1294910381075345
vn -0.00008100002606151959 0.990976318843709 -0.13403704312602324
vn 0.06915701838819663 0.96347325617842 -0.2587210687914832
vn 0.3621051205851894 0.9259263083441601 0.10742603577411146
vn -0.2740860401163321 0.9259261355222627 0.25988003803708487
vn 0.1686730218511697 0.9259261199514219 -0.33795004378058585
vn 0.2740860401163321 0.9259261355222629 -0.2598800380370844
vn 0.3464410451667346 0.925926120716237 -0.15046401961652195
vn 0.042915000605487745 0.9259260130638902 -0.3752590052945291
vn -0.5515867086263287 0 -0.8341175593804351
vn -0.9172273457833093 0 0.39836415017833343
vn -0.6435950278451394 0.7124980308262278 0.279521012093477
vn 0.25863802861390256 0.9634731065919261 -0.06946900768556494
vn 0.12944904145360264 0.9909763173413878 -0.03476901113411677
vn 0.4655519981592074 0.8430979966663906 -0.2691599989357412
vn -0.06946900768556515 0.9634731065919262 -0.25863802861390234
vn -0.03476901113411699 0.9909763173413878 -0.12944904145360242
vn -0.00016100001886316581 0.9634731128829254 -0.26780503137670864
vn -0.13404202791304884 0.9634732006346437 -0.2318450482796495
vn -0.06708901958939278 0.9909762893562 -0.11603903388235828
vn 0.3770100174223873 0.9259260427888952 -0.022900001058254668
vn -0.08801903235307362 0.9259263403418815 -0.36730513501000567
vn -0.16351606309391148 0.7124982749228562 -0.6823552632919467
vn -0.5406679024197252 0.19798296426784004 -0.817606852437511
vn -0.8990714496194508 0.1979830990099866 0.390478195275461
vn 0.2676169998487964 0.9628749994559757 -0.03539599998000104
vn 0.3800248952047293 0.8430977675082348 -0.3804828950784316
vn 0.519352105809433 0.8430981717673589 -0.13949502841981307
vn 0.6985812529636527 0.5906432138781484 -0.4038871462518029
vn 0.13400600107901633 0.9908220079780989 -0.01772400014271343
vn 0.26780503137670886 0.9634731128829253 -0.00016100001886295187
vn 0.13403704312602346 0.990976318843709 -0.00008100002606129955
vn 0.2685999133792279 0.8430977281094576 -0.46587584975972124
vn 0.13886998993859184 0.8430979389158705 -0.5195199623597409
vn -0.3464410451667346 0.925926120716237 0.15046401961652234
vn -0.18948100292757628 0.96347301488614 -0.18925300292405334
vn -0.8036071462368256 0 -0.5951601083045682
vn -0.998160368700046 0 0.06062902239512211
vn -0.7003831511227394 0.712498153736812 0.042542009179354294
vn 0.5363748879486158 0.8409928243124124 -0.07094398517944814
vn 0.6234407922561587 0.42561085817733524 -0.655878781447125
vn 0.7763849660696486 0.4143339818923625 -0.47492497924435395
vn 0.7793112992824826 0.5906432268274199 -0.20931908038576366
vn 0.12949103810753473 0.9909762916314829 0.03461301018616065
vn -0.13949502841981326 0.843098171767359 -0.5193521058094328
vn -0.2691599989357414 0.8430979966663906 -0.4655519981592072
vn -0.00032399997405084313 0.8430979324762894 -0.5377599569308066
vn -0.38048289507843175 0.8430977675082348 -0.38002489520472915
vn -0.094836021017751 0.9909762196221562 -0.09472202099248585
vn -0.3870341829812902 0.7124983368536185 -0.5852782767067585
vn -0.7877001512660131 0.1979830380196765 -0.5833791120292185
vn -0.9784022211512143 0.1979830447507066 0.05942901343291976
vn -0.9397233129457699 0.19798306593213363 -0.27878809284174727
vn -0.9587003409503325 0 -0.2844181011499027
vn 0.8023540165730235 0.5873380121317605 -0.10612300219202357
vn 0.5702441198236987 0.5906431241100809 -0.5709311199680559
vn 0.6674272538980522 0.4315141641536291 -0.6069072308754443
vn 0.5377599569308068 0.8430979324762893 -0.00032399997405065594
vn 0.25872106879148343 0.9634732561784198 0.06915701838819684
vn 0.40304601973837323 0.590643028925562 -0.6990670342354106
vn 0.20838001575165438 0.5906430446473003 -0.7795630589279533
vn -0.00048599993775944993 0.5906429243581377 -0.8069328966585312
vn -0.3770100174223873 0.9259260427888952 0.022900001058255078
vn -0.25872106879148343 0.9634732561784198 -0.06915701838819642
vn -0.1161200316092123 0.9909762697551736 -0.06694901822429493
vn -0.12949103810753473 0.9909762916314829 -0.034613010186160205
vn -0.4658758497597214 0.8430977281094576 -0.26859991337922773
vn -0.23200605267303612 0.9634732187402401 -0.13376303036862527
vn 0.2678050348475968 0.9634731253700217 0
vn 0.134016011078032 0.9908220819033384 0.01764400145848873
vn 0.13403704356573226 0.990976322094609 0
vn 0.13390202431600726 0.9634731749624089 0.23192604211672962
vn 0.03469101077230637 0.9909763077194973 0.12947004020323755
vn 0.067019015235535 0.9909762252801374 0.11608002638864975
vn -0.20833702442282995 0.9259261085440094 -0.31505003693253014
vn 0.0693130049871402 0.9634730693228533 0.25868001861228695
vn 0 0.9909763220946087 0.13403704356573246
vn -0.0693130049871402 0.9634730693228533 0.25868001861228695
vn -0.03469101077230637 0.9909763077194973 0.12947004020323755
vn 0.8069328966585313 0.5906429243581375 -0.0004859999377593188
vn 0.5195199623597411 0.8430979389158704 0.13886998993859204
vn 0.9139353879994702 0.38752616451923017 -0.1206050512013174
vn 0.4303390203700981 0.4338000205339247 -0.7915970374702467
vn 0.8099941872994326 0.4111770950787523 -0.4181420966893079
vn 0.8786836989309444 0.4004688627847741 -0.2598839109543015
vn 0.4830710250139014 0.446886023140206 -0.7529510389885588
vn 0.1161200316092123 0.9909762697551736 0.06694901822429537
vn 0.2097529847092177 0.4385829680277415 -0.8738699362957576
vn -0.024180012240578155 0.4397892226332354 -0.89777545447829
vn 0.2689298574767603 0.4566947579680552 -0.8480015505894012
vn -0.2093190803857638 0.5906432268274201 -0.7793112992824824
vn -0.2566189578136431 0.4373799280978075 -0.861884858312174
vn -0.3621051205851894 0.9259263083441601 -0.10742603577411104
vn -0.26765995627761585 0.9628748427139259 -0.03507399427064575
vn -0.1340270045983326 0.9908220339941138 -0.01756300060256878
vn -0.570931119968056 0.5906431241100809 -0.5702441198236986
vn -0.6418420332753383 0.42138502184607507 -0.6406820332151997
vn -0.403887146251803 0.5906432138781484 -0.6985812529636526
vn -0.6990670342354107 0.590643028925562 -0.4030460197383731
vn 0.2676380174106565 0.9628750626379134 0.035235002292142895
vn 0.12947004020323732 0.9909763077194973 -0.03469101077230615
vn 0.12947004020323732 0.9909763077194973 0.034691010772306595
vn 0.1893670053868286 0.9634730274074358 0.18936700538682882
vn -0.5638702203131601 0.712498278384532 -0.41760816316622285
vn 0 0.9634731253700216 0.26780503484759705
vn -0.13390202431600726 0.9634731749624089 0.23192604211672962
vn -0.067019015235535 0.9909762252801374 0.11608002638864975
vn -0.6726950844938715 0.7124980894933282 -0.1995690250668688
vn 0.925319205093786 0.37918908404594265 -0.00008500001883987457
vn 0.7795630589279534 0.5906430446473001 0.20838001575165452
vn 0.9188234013885499 0.3757891641637201 -0.1206070526872627
vn 0.9007462567685659 0.3867521102483457 -0.1976840563522204
vn 0.03837698883248976 0.46060586596601577 -0.8867747419530214
vn 0.23200605267303612 0.9634732187402401 0.13376303036862572
vn 0.08783795777261465 0.9409215476596019 0.32703384278113434
vn 0.0903849725650015 0.9835727014513053 0.1562539525714639
vn 0.046833017400014686 0.9835663654274304 0.17436706478313094
vn -0.19446189156574598 0.45850774433065117 -0.8671535164649281
vn -0.472806072156595 0.4314360658429732 -0.7683211172561837
vn -0.12944904145360264 0.9909763173413878 0.03476901113411721
vn -0.26780503137670886 0.9634731128829253 0.00016100001886337975
vn -0.13403704312602346 0.990976318843709 0.00008100002606173963
vn -0.5195199623597411 0.8430979389158704 -0.13886998993859165
vn -0.5364599017063388 0.8409928459078383 -0.07029798711954685
vn -0.6393671020589818 0.4345500693650606 -0.63433110125511
vn -0.7769783074208519 0.41427616391336813 -0.4740041875454819
vn 0.5377599851567492 0.84309797672881 0
vn 0.25868001861228673 0.9634730693228534 -0.06931300498713999
vn 0.25868001861228673 0.9634730693228534 0.06931300498714041
vn 0.11608002638864953 0.9909762252801374 0.06701901523553522
vn 0.26887997018121296 0.8430979065004472 0.46571394835232616
vn 0.0947790213130557 0.9909762228418392 0.09477902131305592
vn 0.11608002638864953 0.9909762252801374 -0.06701901523553477
vn -0.3035260330574774 0.9259261008440061 -0.22479502448276445
vn 0.1391830067372232 0.8430980408105831 0.5194360251435614
vn -0.1391830067372232 0.8430980408105831 0.5194360251435614
vn -0.26887997018121296 0.8430979065004472 0.46571394835232616
vn -0.1893670053868286 0.9634730274074358 0.18936700538682882
vn 0.9181531481173959 0.34111505502902617 0.20158203251941778
vn 0.8937840306129974 0.3624210124132823 0.2641990090490805
vn 0.9311196385580488 0.3647138584254019 0.0001419999448785531
vn 0.800304851286566 0.34625593565838164 0.4895089090389735
vn 0.4658758497597214 0.8430977281094574 0.26859991337922806
vn 0.09483602101775097 0.990976219622156 0.09472202099248628
vn 0.09035200615220383 0.9835720669728996 -0.1562770106411362
vn 0.06638997551016994 0.9580586465928288 -0.278775897165584
vn 0.046778990054179646 0.983571790879873 -0.17435096293072244
vn 0.16953597573525 0.9409328653294639 0.29309195805136334
vn 0.00007299999828574106 0.9409109779045877 0.3386539920473886
vn -0.4153821042440982 0.45049411305579173 -0.79026119832358
vn -0.11603903388235848 0.9909762893561997 0.06708901958939299
vn -0.25863802861390256 0.9634731065919261 0.06946900768556535
vn -0.08783900044951608 0.9409200048151581 -0.32703800167361674
vn -0.0903849725650015 0.9835727014513053 -0.15625395257146346
vn -0.046834977411987604 0.983564525637271 -0.17437691589986448
vn -0.5377599569308068 0.8430979324762893 0.0003239999740510303
vn -0.8105371741929681 0.4110730883439326 -0.4171910896587552
vn -0.7795630589279534 0.5906430446473001 -0.20838001575165424
vn -0.8790242516330345 0.4004001146201549 -0.25883607409546044
vn 0.5364170671650534 0.8409931053011738 0.07062100884249256
vn 0.2319260421167294 0.9634731749624089 0.13390202431600748
vn 0.38025391508246564 0.8430978117211039 0.3802539150824658
vn 0.465713948352326 0.8430979065004472 0.2688799701812131
vn 0.2319260421167294 0.9634731749624089 -0.13390202431600703
vn -0.0947790213130557 0.9909762228418392 0.09477902131305592
vn 0 0.8430979767288099 0.5377599851567494
vn -0.38025391508246564 0.8430978117211039 0.3802539150824658
vn 0.8438421058794071 0.3134210393258804 0.43554305464889714
vn 0.6990670342354107 0.5906430289255618 0.40304601973837334
vn 0.18948100292757628 0.96347301488614 0.18925300292405378
vn 0.06708901958939277 0.9909762893561997 0.1160390338823587
vn 0.13404202791304884 0.9634732006346437 0.23184504827964994
vn 0.16948097905732146 0.9409268837301427 -0.29314296377647253
vn 0.023768004055725024 0.9831781677675705 -0.18109603090186693
vn 0.16012606496828172 0.7867263192001074 0.5961722418862052
vn 0.12774404490069832 0.9835733457157642 0.12753404482688574
vn 0.02385299655832293 0.9832818581252207 0.18052097395317232
vn 0.00013499996307731265 0.7867067848345437 0.617326831160209
vn -0.09472202099248607 0.9909762196221562 0.09483602101775122
vn -0.23184504827964972 0.9634732006346437 0.13404202791304906
vn -0.16953597573524998 0.9409328653294639 -0.29309195805136284
vn -0.023857006282349793 0.9832782589301395 -0.18054004754224864
vn -0.09035200615220383 0.9835720669728996 0.15627701064113664
vn -0.08771799994280789 0.9409159993865228 0.3270819997867428
vn -0.04676998629178918 0.9835637117189937 0.1743989488839374
vn -0.8069328966585313 0.5906429243581375 0.00048599993775958107
vn -0.9010312653204086 0.386632113848869 -0.19661705789645714
vn -0.9286188422448516 0.36891893732750286 -0.03957099327762079
vn -0.9141055385354169 0.3874638043980531 -0.11951093966772577
vn -0.8024811299000385 0.5873380950741872 -0.10515701702208308
vn 0.5194360251435611 0.8430980408105833 -0.139183006737223
vn 0.806932991955685 0.59064299411188 0
vn 0.5194360251435611 0.8430980408105833 0.1391830067372234
vn 0.40346621190434306 0.590643310211559 0.6988243670292928
vn 0.20885005086355646 0.5906431438458393 0.779437189824936
vn 0.5705878616504338 0.5906428567877298 0.570587861650434
vn 0.067019015235535 0.9909762252801374 -0.11608002638864931
vn 0.1893670053868286 0.9634730274074358 -0.18936700538682838
vn 0.09477902131305571 0.9909762228418394 -0.09477902131305549
vn -0.2319260421167294 0.9634731749624089 0.13390202431600748
vn -0.11608002638864953 0.9909762252801374 0.06701901523553522
vn 0 0.5906429941118799 0.8069329919556852
vn -0.20885005086355646 0.5906431438458393 0.779437189824936
vn -0.40346621190434306 0.590643310211559 0.6988243670292928
vn -0.5705878616504338 0.5906428567877298 0.570587861650434
vn -0.465713948352326 0.8430979065004472 0.2688799701812131
vn 0.6798957525394077 0.2842888965278154 0.6759597539719872
vn 0.6634759979744078 0.3467829989412714 0.6629789979759253
vn 0.38048289507843186 0.8430977675082347 0.3800248952047296
vn 0.4484991202197568 0.2615260701018108 0.8546652290921908
vn 0.4960680900867175 0.3244130589139033 0.8054021462622513
vn 0.2115299267953221 0.2502059134106288 0.9448026730298337
vn 0.27134894136177146 0.3161789316740562 0.9090658035518103
vn 0.03473700871921607 0.9909672487392519 0.12952703251213138
vn 0.570931119968056 0.5906431241100807 0.5702441198236988
vn -0.1294890312987328 0.9909762395284003 0.03462200836846957
vn -0.26780503207099354 0.9634731153807298 -0.00014400001724450916
vn -0.134037043218308 0.9909763195259965 -0.00007200002321514719
vn -0.12945104394229376 0.9909763363879653 -0.03476101179966199
vn 0.1277459633871179 0.9835727181012143 -0.12753696344701854
vn 0.1599069550224174 0.7867067787202622 -0.5962568322887772
vn 0.007881999006060283 0.9834588759833849 -0.1809599771804957
vn 0.30906595888557636 0.7867598953389116 0.5343099289218237
vn 0.23960393514401562 0.9409397453064643 0.23921193525012238
vn 0.00003700001017474519 0.9835582704716767 0.18059104966128156
vn -0.1599069550224174 0.786706778720262 0.5962568322887777
vn -0.18925300292405356 0.96347301488614 0.1894810029275765
vn -0.519352105809433 0.8430981717673589 0.13949502841981345
vn -0.16012606496828177 0.7867263192001078 -0.5961722418862049
vn -0.12774404490069835 0.9835733457157644 -0.12753404482688532
vn -0.00007899998016413446 0.9409167637480622 -0.3386379149724323
vn -0.16948097905732148 0.9409268837301427 0.29314296377647303
vn -0.023778996540940966 0.9832768569656759 0.1805579737347754
vn -0.9249959862466972 0.3791389943627719 0.025219999625016518
vn 0.8024174903843593 0.5873383589422567 0.10564006456020225
vn 0.7794371898249357 0.5906431438458394 0.20885005086355654
vn 0.7794371898249357 0.5906431438458394 -0.20885005086355626
vn 0.4719018399759896 0.4331408531200123 0.7679177395956831
vn 0.2558560210517063 0.4390230361225972 0.8612760708653675
vn 0.6988243670292927 0.590643310211559 0.4034662119043432
vn 0.034660998410637286 0.990967954559661 -0.12954199405991654
vn 0.13390202431600728 0.9634731749624091 -0.23192604211672924
vn 0.465713948352326 0.8430979065004475 -0.2688799701812128
vn -0.25868001861228673 0.9634730693228534 0.06931300498714041
vn -0.12947004020323732 0.9909763077194973 0.034691010772306595
vn -0.6988243670292927 0.590643310211559 0.4034662119043432
vn -0.430447245136978 0.4354522479872952 0.7906304502590307
vn -0.6232871613986731 0.42733011065607795 0.6549061695863373
vn 0.026444004234888616 0.31271705008023215 0.9494781520546657
vn 0.0694520092865677 0.9634641288267243 0.2586760345880925
vn 0.2691599989357414 0.8430979966663904 0.46555199815920756
vn 0.403887146251803 0.5906432138781482 0.6985812529636528
vn -0.11611603112095836 0.9909762655975304 0.06695601794528673
vn -0.2587170323274713 0.9634731203888642 0.06917400864350064
vn -0.25864206644554333 0.9634732475177542 -0.06945201784232964
vn -0.11604402883270916 0.9909762462214573 -0.06708101666718605
vn 0.23961702182875227 0.9409330857175967 -0.23922502179304142
vn 0.3089711233856344 0.7867263141741027 -0.5344142134148847
vn -0.00013499996307731265 0.7867067848345439 -0.6173268311602086
vn -0.000006999999106499171 0.9909588735110445 -0.1341659828746523
vn 0.06929798370617489 0.9634647734634448 -0.25871493916913935
vn 0.41771499073320184 0.5513899877676889 0.7221379839797301
vn 0.21641608702990736 0.5513062217031552 0.8057453240236985
vn 0.15637600687014547 0.9835740432118513 0.09015900396100093
vn 0.00006899999103007075 0.9909588711763461 0.1341659825585578
vn -0.21611805525577474 0.5512581409423918 0.8058582060370174
vn -0.2678050348475968 0.9634731253700217 0
vn -0.12947004020323732 0.9909763077194973 -0.03469101077230615
vn -0.13403704356573226 0.990976322094609 0
vn -0.134016011078032 0.9908220819033384 0.01764400145848873
vn -0.03459201250280088 0.9909703581724271 0.1295420468211679
vn -0.1337630303686255 0.9634732187402401 0.23200605267303634
vn -0.06694901822429514 0.9909762697551734 0.1161200316092125
vn -0.4655519981592074 0.8430979966663904 0.26915999893574155
vn -0.30906595888557636 0.7867598953389118 -0.5343099289218233
vn -0.23960393514401562 0.9409397453064643 -0.23921193525012194
vn -0.1277459633871179 0.9835727181012143 0.12753696344701898
vn -0.8934940149280513 0.3623450060538791 0.2652820044321992
vn -0.7793112992824826 0.5906432268274199 0.20931908038576394
vn -0.9179574313602318 0.34098516023339714 0.20269009524673318
vn 0.8927692864227523 0.36471711701038795 -0.26447008484862855
vn 0.9243535278745396 0.3815368051251666 -0.0004709997594307266
vn 0.4142508647085894 0.4532688519655898 0.7892677422307225
vn 0.640967260479533 0.42287017184812953 0.6405792603218556
vn 0.7759705480026221 0.41615029389189157 0.4740133347556826
vn 0.6988243670292927 0.5906433102115592 -0.40346621190434295
vn -0.5194360251435611 0.8430980408105833 0.1391830067372234
vn -0.2676380174106565 0.9628750626379134 0.035235002292142895
vn 0.19363294319023278 0.46119186469139967 0.865914745950176
vn 0.02360301036146419 0.441403193771189 0.8969983937725144
vn -0.03885501144387107 0.46325613644169156 0.8853722607665171
vn -0.21010907161327297 0.44019915003684335 0.8729712975422784
vn -0.26902595141378305 0.45936991703757063 0.8465248471172032
vn -0.48277899406133556 0.44964399446892905 0.7514949907558602
vn -0.7759705480026221 0.41615029389189157 0.4740133347556826
vn -0.7794371898249357 0.5906431438458394 0.20885005086355654
vn 0.13949502841981326 0.8430981717673588 0.5193521058094333
vn 0.20931908038576386 0.5906432268274198 0.7793112992824828
vn -0.041895988369633354 0.24735493133403305 0.9680187312770696
vn 0.00032399997405084313 0.8430979324762892 0.537759956930807
vn 0.00048599993775945004 0.5906429243581374 0.8069328966585316
vn -0.29213101163411775 0.25327001008647815 0.9222330367279316
vn -0.22056907933749895 0.3143911130847743 0.9233133321107871
vn -0.09482903007024278 0.9909763142381435 0.09472803003821595
vn -0.23199707156855565 0.9634732972209598 0.13377804126906076
vn -0.5377599628547696 0.8430979417638548 -0.0002879999801065029
vn -0.2318540306309336 0.9634731272873338 -0.13402701770671235
vn -0.09472803003821573 0.9909763142381435 -0.09482903007024256
vn 0.15639906338808404 0.9835733986394286 -0.0901260365278194
vn 0.41758395574111407 0.551305941568189 -0.7222779234472113
vn 0.21611805525577468 0.5512581409423921 -0.8058582060370171
vn -0.0000029999997095490423 0.963455906721094 -0.2678669740659242
vn 0.43678909288364726 0.7867991673136474 0.43607609273202724
vn 0.00018299997179256955 0.5512579150296626 0.8343348713964674
vn 0.2932999868711596 0.9409459578809074 0.16910299243052768
vn -0.06708101666718626 0.9909762462214571 0.11604402883270935
vn -0.1894680393167064 0.963473199931308 0.18926503927458185
vn 0.0001559999829990448 0.9634558950021005 0.2678669708077254
vn -0.41758395574111407 0.5513059415681888 0.7222779234472115
vn -0.25868001861228673 0.9634730693228534 -0.06931300498713999
vn -0.11608002638864953 0.9909762252801374 -0.06701901523553477
vn -0.0691460234432372 0.9634673266535361 0.25874608772515933
vn -0.38002489520472943 0.8430977675082347 0.380482895078432
vn -0.6985812529636527 0.5906432138781482 0.4038871462518031
vn -0.41771499073320195 0.5513899877676892 -0.7221379839797301
vn -0.21641608702990736 0.5513062217031557 -0.8057453240236983
vn -0.15637600687014547 0.9835740432118513 -0.09015900396100049
vn -0.06930097919103276 0.963466710700376 -0.25870692231821324
vn -0.03466798864878367 0.9909696755303207 -0.12952695758944835
vn -0.067019015235535 0.9909762252801374 -0.11608002638864931
vn -0.1893670053868286 0.9634730274074358 -0.18936700538682838
vn -0.13390202431600728 0.9634731749624091 -0.23192604211672924
vn -0.09477902131305571 0.9909762228418394 -0.09477902131305549
vn 0.12902703064772972 0.9909762353861177 -0.03630600862374888
vn 0.2677840426566625 0.9634731534764682 -0.003345000532841688
vn 0.13402703541122069 0.9909762618253771 -0.001674000442286658
vn -0.23961702182875222 0.9409330857175965 0.2392250217930418
vn -0.3089711233856344 0.7867263141741024 0.5344142134148852
vn -0.7997371795450156 0.3461860777205139 0.49048511011637197
vn -0.8433555935579415 0.31329784901099406 0.4365727896005616
vn 0.9166860827373395 0.34488903112865077 -0.2018370182172045
vn 0.7992408933820713 0.3487089534825776 -0.48950593470040216
vn 0.9131614486153271 0.38955019137709634 0.11994505892626325
vn 0.6379706113091868 0.43750073344772794 0.6337086139058571
vn 0.8780282193903045 0.4024091005487673 0.25910106474081396
vn 0.8994971113743899 0.39007304829826267 0.19684502437305723
vn 0.26887997018121296 0.8430979065004475 -0.4657139483523258
vn 0.38025391508246564 0.8430978117211041 -0.3802539150824655
vn -0.5364170671650534 0.8409931053011738 0.07062100884249256
vn -0.6667627199630503 0.4344108175496669 0.6055697456637883
vn -0.13886998993859181 0.8430979389158701 0.5195199623597412
vn -0.20838001575165438 0.5906430446472999 0.7795630589279535
vn -0.451363130615933 0.32103709290204824 0.8325902409358314
vn -0.5198170690163767 0.2673030354899599 0.8113811077274826
vn -0.5195109381935276 0.8430978996962274 0.13890398347452482
vn -0.18926503927458163 0.963473199931308 -0.18946803931670617
vn -0.5193618714140666 0.8430977912620807 -0.13946096547163067
vn 0.29335194606534293 0.9409398270021128 -0.16904696891961862
vn 0.43682496012967725 0.7867599281900645 -0.436110960194846
vn -0.06695601794528652 0.9909762655975306 -0.11611603112095817
vn -0.13377804126906057 0.96347329722096 -0.23199707156855548
vn -0.0001829999717925695 0.5512579150296629 -0.834334871396467
vn 0.1391830067372232 0.8430980408105834 -0.5194360251435609
vn 0.47432292056182684 0.32025594636449917 0.8200328626633678
vn 0.5903387235104961 0.5514867417071088 0.5893747239619925
vn 0.24573594705152696 0.3201289310221466 0.9149488028569178
vn 0.1743869773389369 0.9835698721880541 0.0466849939334257
vn -0.03476101179966221 0.9909763363879653 0.12945104394229398
vn -0.13402701770671255 0.9634731272873336 0.23185403063093377
vn -0.24540104686755532 0.3200560611254324 0.9150641747621756
vn -0.47416878027355724 0.3201288516545652 0.8201716199383006
vn -0.2319260421167294 0.9634731749624089 -0.13390202431600703
vn -0.5377599851567492 0.84309797672881 0
vn -0.2685999133792279 0.8430977281094574 0.46587584975972157
vn -0.43678909288364726 0.7867991673136476 -0.4360760927320269
vn -0.2932999868711597 0.9409459578809076 -0.1691029924305273
vn -0.38025391508246564 0.8430978117211041 -0.3802539150824655
vn -0.26887997018121296 0.8430979065004475 -0.4657139483523258
vn 0.11523402940190874 0.9909762528471276 -0.06846301746830669
vn 0.25779401615260017 0.9634730603683334 -0.07253900454507634
vn 0.12989304018832834 0.9909763066036572 0.03307201023233294
vn -0.15639906338808404 0.9835733986394286 0.09012603652781985
vn -0.7079185823440878 0.28798683009429993 0.6449146195149975
vn -0.6490609462671673 0.33198897251612786 0.6844729433355675
vn 0.8423824901938859 0.31747518474314984 -0.4354322533839803
vn 0.9297238047422163 0.36825692265979404 -0.0006969998536181154
vn 0.9175250851889968 0.37917903520544793 0.1198790111303472
vn 0.8090021723595491 0.4142640882598018 0.4170140888456952
vn 0.5705878616504338 0.59064285678773 -0.5705878616504337
vn 0.6488353843241282 0.3346411982177452 -0.6833944047944441
vn -0.806932991955685 0.59064299411188 0
vn -0.8024174903843593 0.5873383589422567 0.10564006456020225
vn -0.8090021723595491 0.4142640882598018 0.4170140888456952
vn -0.4030460197383732 0.5906430289255615 0.6990670342354107
vn -0.46585800217369344 0.8430980039338952 0.26863000125342773
vn -0.4655698558121068 0.8430977388909846 -0.26912991664993924
vn -0.8069329166591658 0.5906429389978098 -0.00043199995538248376
vn 0.17437797991898174 0.9835738867336048 -0.04663399462972254
vn -0.03462200836846935 0.9909762395284003 -0.12948903129873257
vn 0.47416878027355736 0.3201288516545656 -0.8201716199383006
vn 0.5903839598668804 0.5513899625176145 -0.5894199599324111
vn 0.24540104686755532 0.32005606112543283 -0.9150641747621754
vn 0 0.8430979767288102 -0.5377599851567489
vn 0.6703662828875921 0.32040113520594315 0.6692922824343752
vn 0.5346662615919484 0.7868323849672804 0.308264150821972
vn 0.000203999923504837 0.3200558799865886 0.9473986447478387
vn 0.327042947707472 0.9409448495476352 0.08755398600055674
vn -0.00007200002321536723 0.9909763195259965 0.13403704321830823
vn -0.035378992859352455 0.9628748056601089 0.2676199459854691
vn -0.017715000593824547 0.9908220332133459 0.13400700449204908
vn -0.06945201784232986 0.9634732475177543 0.2586420664455436
vn -0.38045704395173185 0.8430980973976486 0.380050043904714
vn -0.43682496012967725 0.7867599281900642 0.43611096019484635
vn -0.6704009868380175 0.3202559937124139 0.6693269868591034
vn -0.465713948352326 0.8430979065004475 -0.2688799701812128
vn -0.5194360251435611 0.8430980408105833 -0.139183006737223
vn -0.5702441198236987 0.5906431241100807 0.5709311199680561
vn -0.47432292056182696 0.32025594636449956 -0.8200328626633678
vn -0.590338723510496 0.5514867417071089 -0.5893747239619922
vn -0.24573594705152696 0.32012893102214707 -0.9149488028569176
vn -0.1743280661435674 0.9835743731878593 -0.046810017760660086
vn 0.09358703176484778 0.9909763363522903 -0.09595503256858269
vn 0.23023504518650997 0.9634731890936753 -0.13678902684655878
vn 0.5377179991350807 0.8430979986438769 -0.0067169999891955184
vn 0.2595250496623289 0.9634731843688009 0.06607701264439943
vn 0.1169080262379051 0.9909762224068005 0.06556401471466482
vn -0.2933519460653429 0.9409398270021125 0.169046968919619
vn 0.7073131300830307 0.29240805377720885 -0.643588118363267
vn 0.40346621190434306 0.5906433102115592 -0.6988243670292926
vn 0.2088500508635564 0.5906431438458396 -0.7794371898249356
vn -0.8780282193903045 0.4024091005487673 0.25910106474081396
vn -0.7795491186964965 0.5906430899330956 0.20843203173648897
vn -0.6990402672036494 0.590643225769577 0.40309215407938537
vn -0.7793252780777264 0.5906432107524622 -0.2092670746703769
vn 0.27878894010262084 0.9580697941601639 -0.06617398578261972
vn 0.5347709451683335 0.7867989193271507 -0.3081679684026152
vn 0.00007200002321536723 0.9909763195259965 -0.13403704321830778
vn 0.06945201784232985 0.9634732475177543 -0.2586420664455431
vn 0.03476101179966221 0.9909763363879653 -0.12945104394229354
vn -0.017572000179726422 0.9908220101341276 -0.13402600137081774
vn 0.0001440000172447231 0.9634731153807299 -0.2678050320709933
vn -0.06917400864350043 0.9634731203888643 -0.25871703232747106
vn -0.3800500439047138 0.8430980973976488 -0.3804570439517317
vn 0.6704009868380175 0.32025599371241426 -0.6693269868591032
vn -0.000203999923504837 0.320055879986589 -0.9473986447478385
vn -0.1391830067372232 0.8430980408105834 -0.5194360251435609
vn 0 0.5906429941118803 -0.8069329919556849
vn 0.24540405228567022 0.3236110689484196 0.91381219469639
vn 0.4737048491577151 0.32370889692106847 0.819033739194309
vn 0.82061092649419 0.32052797128886845 0.47313795761890604
vn 0.7226259912562255 0.551569993326003 0.416631994958753
vn 0.00019400006330785703 0.3235551055854311 0.9462093087755882
vn 0.18049494830309556 0.9832887183689439 0.023766993192718425
vn 0.13377804126906054 0.9634732972209598 0.23199707156855587
vn 0.03462200836846935 0.9909762395284003 0.12948903129873301
vn 0.06695601794528651 0.9909762655975304 0.11611603112095858
vn -0.00014400001724472312 0.9634731153807299 0.2678050320709938
vn -0.2691299166499394 0.8430977388909844 0.46556985581210697
vn -0.2450839858090249 0.323554981265358 0.9139179470818677
vn -0.4735538636551015 0.32361090682644633 0.8191597641487834
vn -0.5903839598668804 0.5513899625176143 0.5894199599324114
vn -0.6695451043854376 0.3237090504678633 0.6685221042259468
vn -0.6703662828875923 0.32040113520594354 -0.6692922824343751
vn -0.5346662615919484 0.7868323849672806 -0.30826415082197167
vn -0.28010001425134906 0.9576800487262833 -0.06627900337224243
vn 0.0655640147146646 0.9909762224068005 -0.11690802623790487
vn 0.18698702169171116 0.9634731117691501 -0.1917170222404218
vn 0.13099503090474432 0.9634732273055211 -0.23358005510691363
vn 0.03307201023233273 0.9909763066036574 -0.12989304018832815
vn -0.5705878616504338 0.59064285678773 -0.5705878616504337
vn -0.6988243670292927 0.5906433102115592 -0.40346621190434295
vn 0.4623189999211746 0.8430979998562519 -0.27467599995316755
vn 0.5176570406741271 0.8430980662451685 -0.14566001144501717
vn 0.23358005510691385 0.9634732273055211 0.13099503090474454
vn 0.09595503256858291 0.9909763363522903 0.093587031764848
vn -0.1165640037331954 0.9926930317929803 0.031199000999210642
vn 0.5196069890887729 0.2719149942900573 -0.8099819829911883
vn 0.2209190958255564 0.3171911375843821 -0.9222714000431457
vn 0.4514280935564507 0.32378506710300525 -0.8314901723226142
vn -0.02583400491563034 0.31552006003637423 -0.9485671804910089
vn -0.7794371898249357 0.5906431438458394 -0.20885005086355626
vn -0.8994971113743899 0.39007304829826267 0.19684502437305723
vn -0.9131614486153271 0.38955019137709634 0.11994505892626325
vn -0.7663207413261786 0.4373038523867976 0.47065684112839823
vn -0.8595098958213904 0.442954946310763 0.2550169690901602
vn -0.6986080543538046 0.5906430459538029 -0.4038410314200449
vn -0.8592432474010846 0.44293812753475054 -0.2559430736934437
vn -0.8918055089562247 0.4522882581223395 -0.010875006206400337
vn 0.18111397522813774 0.9831768655259934 -0.023684996760484574
vn 0.13402701770671258 0.9634731272873338 -0.23185403063093338
vn 0.06708101666718627 0.9909762462214573 -0.11604402883270894
vn -0.035092000285333054 0.9628750078291368 -0.2676570021763188
vn -0.26863000125342756 0.8430980039338954 -0.4658580021736933
vn -0.5702821338959876 0.5906431386765283 -0.5708931340394436
vn 0.4735538636551016 0.3236109068264467 -0.8191597641487834
vn 0.6695451043854376 0.32370905046786363 -0.6685221042259466
vn 0.7227649134868519 0.5514869339883968 -0.4165009501458804
vn 0.820749558072545 0.32040121785832404 -0.4729833216072472
vn 0.24508398580902496 0.3235549812653585 -0.9139179470818677
vn -0.2088500508635564 0.5906431438458396 -0.7794371898249356
vn 0.6695180142640815 0.32382100689900656 0.6684950142422866
vn 0.8195982502299409 0.32391809889480194 0.472584144283742
vn 0.8057229249594017 0.5516179486253406 0.21570397991051873
vn 0.5961479912330476 0.7868519884285546 0.15959799765295202
vn 0.1809559672223629 0.983459821860038 -0.007855998576995753
vn 0.2318540306309336 0.9634731272873338 0.1340270177067128
vn 0.09472803003821573 0.9909763142381435 0.094829030070243
vn 0.11604402883270913 0.9909762462214571 0.06708101666718648
vn 0.06917400864350044 0.9634731203888643 0.25871703232747156
vn 0.18926503927458163 0.963473199931308 0.1894680393167066
vn -0.0709080141052363 0.8409931672929003 0.5363791066981519
vn -0.13946096547163087 0.8430977912620806 0.5193618714140669
vn -0.5708931340394438 0.5906431386765281 0.5702821338959877
vn -0.5347709451683335 0.7867989193271505 0.3081679684026155
vn -0.820749558072545 0.3204012178583238 0.4729833216072473
vn -0.8197238296179605 0.3238209326928546 0.4724329018034143
vn -0.24540405228567028 0.3236110689484201 -0.91381219469639
vn -0.4737048491577151 0.3237088969210688 -0.8190337391943088
vn -0.82061092649419 0.3205279712888687 -0.4731379576189059
vn -0.7226259912562255 0.5515699933260032 -0.4166319949587528
vn -0.00019400006330785703 0.32355510558543155 -0.946209308775588
vn -0.15760900078284393 0.9870920049028861 -0.028439000141256297
vn 0.015968001343036713 0.9908220833360672 -0.1342260112894816
vn 0.06607701264439922 0.963473184368801 -0.2595250496623287
vn -0.40346621190434306 0.5906433102115592 -0.6988243670292926
vn -0.7992408933820713 0.3487089534825776 -0.48950593470040216
vn -0.6785631144773392 0.28864604869618027 -0.6754521139524962
vn -0.6625169645271863 0.3489139813182738 -0.6628199645109628
vn 0.3754748697280778 0.8430977074851934 -0.3849738664323776
vn 0.6937304145324894 0.5906433529337254 -0.41216324628451184
vn 0.8068700255818145 0.5906430187263373 -0.010079000319554578
vn 0.521134018912996 0.8430980305977142 0.13268400481536816
vn 0.19171702224042203 0.9634731117691501 0.18698702169171139
vn -0.29829501402061165 0.9515430447249029 0.0747390035129203
vn 0.2923090622650523 0.25800105495706877 -0.9208641961542241
vn 0.042428983189746264 0.2521229001095573 -0.9667646169703514
vn -0.8927692864227523 0.36471711701038795 -0.26447008484862855
vn -0.9243535278745396 0.3815368051251666 -0.0004709997594307266
vn -0.9175250851889968 0.37917903520544793 0.1198790111303472
vn -0.9297238047422163 0.36825692265979404 -0.0006969998536181154
vn -0.6211931083078231 0.42847107470586626 0.6561491144025607
vn -0.7860707856188742 0.4599198745683692 0.4129968873654394
vn -0.765827177605299 0.4372741014095606 -0.47148710934400256
vn -0.6390161841945247 0.42655512295325243 -0.6400851845026606
vn -0.8624561567307217 0.4675360849634704 -0.1938540352283215
vn 0.5962330794787691 0.7868321048859068 -0.15937802124533054
vn 0.09482903007024278 0.9909763142381435 -0.0947280300382155
vn 0.2319970715685557 0.96347329722096 -0.13377804126906034
vn 0.11611603112095836 0.9909762655975304 -0.06695601794528629
vn 0.1894680393167064 0.963473199931308 -0.1892650392745814
vn 0.13946096547163087 0.8430977912620808 -0.5193618714140664
vn 0.2691299166499394 0.8430977388909846 -0.46556985581210664
vn 0.0002879999801066901 0.8430979417638549 -0.5377599628547693
vn -0.1389039834745246 0.8430978996962273 -0.5195109381935272
vn -0.6303329401054517 0.4447559577390687 -0.6362959395388444
vn 0.8197238296179605 0.32382093269285483 -0.4724329018034142
vn 0.8058352993835832 0.5515702049191249 -0.21540608002757392
vn 0.2328080350697394 0.44060806637232275 0.8669861306010668
vn 0.0001769999752855837 0.440580938481908 0.8977128746528091
vn 0.44940816626981694 0.4406551630314239 0.7770812875007025
vn 0.9149914268559547 0.32060079917796647 0.2449608465582886
vn 0.9138796874509157 0.32397388920013886 0.24467291632126537
vn 0.3385590515566227 0.9409451432894897 0.00007700001172596411
vn -0.232516050467498 0.44058109562791675 0.8670781881989078
vn 0.26788192746441486 0.9634517391218723 0.00013899996236257372
vn 0.12954295538968874 0.9909656587441877 0.034722988042551056
vn 0.13419695633211623 0.9909546775419139 0.00006299997949993554
vn 0.25868690700698865 0.9634626536535439 0.06943197504052886
vn 0.26863000125342756 0.8430980039338952 0.4658580021736936
vn 0.1389039834745246 0.8430978996962271 0.5195109381935277
vn -0.0002879999801066901 0.8430979417638547 0.5377599628547698
vn -0.403841031420045 0.5906430459538027 0.6986080543538047
vn -0.48225876187852573 0.42907678813781 0.7637536228868131
vn -0.4329651084501964 0.41678910439838984 0.7992672002024717
vn -0.6567737618519067 0.44693283794084143 0.6073707797655731
vn -0.4492672271778714 0.440608222799332 0.7771893929960195
vn -0.6352189982992011 0.4406549988201461 0.6342869983016968
vn -0.7227649134868519 0.5514869339883965 0.4165009501458806
vn -0.7777159899748519 0.4407099943190277 0.4482549942217691
vn -0.6695180142640815 0.3238210068990069 -0.6684950142422864
vn -0.8195982502299409 0.32391809889480216 -0.4725841442837419
vn -0.8057229249594019 0.5516179486253407 -0.21570397991051857
vn -0.5961479912330476 0.7868519884285546 -0.15959799765295168
vn -0.15239903994790838 0.988136259017227 -0.019007004982249626
vn -0.07253900454507654 0.9634730603683335 -0.25779401615259995
vn -0.001674000442286878 0.9909762618253771 -0.13402703541122046
vn -0.0363060086237491 0.9909762353861177 -0.1290270306477295
vn -0.136789026846559 0.9634731890936753 -0.23023504518650975
vn -0.06846301746830691 0.9909762528471276 -0.11523402940190852
vn 0.03188999475267719 0.9628748415642538 -0.2680579558925411
vn 0.26304198676057106 0.8430979575651948 -0.4690359763924817
vn -0.4473980388151371 0.2661160230875621 -0.853825074075732
vn -0.2705238956421811 0.3189378769659107 -0.9083476495940616
vn -0.4950879191954696 0.3270839466158159 -0.8049248686262105
vn -0.8423824901938859 0.31747518474314984 -0.4354322533839803
vn 0.6121299602565453 0.42974697209803425 -0.6637879569025725
vn 0.5634161770803238 0.5906431856377059 -0.5776701815603223
vn 0.7767679661973891 0.5906429742969902 -0.21856899048853332
vn 0.46903597639248185 0.8430979575651946 0.2630419867605712
vn 0.06846301746830691 0.9909762528471276 0.11523402940190897
vn -0.10980500393134862 0.9936600355760109 0.024137000864177277
vn 0.07253900454507657 0.9634730603683335 0.25779401615260045
vn 0.019315999639408922 0.9908219815033354 0.13378599750248324
vn 0.0363060086237491 0.9909762353861177 0.12902703064772994
vn -0.21068889088562112 0.2549248679761023 -0.9437285112492647
vn -0.9166860827373395 0.34488903112865077 -0.2018370182172045
vn -0.8622541354372856 0.4670560733621379 0.19589903077054893
vn -0.785644653460469 0.4598767971532183 -0.41385481745302555
vn -0.8783530290677763 0.46750001547121195 -0.09969800329935581
vn -0.8827236779078709 0.46937282873316133 0.022091991938976145
vn 0.25875006800922995 0.9634652532348319 -0.06916001817784846
vn 0.129558030573302 0.9909682338501979 -0.0345930081633107
vn 0.46585800217369344 0.8430980039338954 -0.2686300012534274
vn 0.38045704395173185 0.8430980973976488 -0.38005004390471364
vn -0.07033300267395533 0.8409930319732944 -0.5364550203952154
vn -0.4030921540793853 0.5906432257695773 -0.6990402672036494
vn -0.20843203173648883 0.5906430899330958 -0.7795491186964963
vn -0.47218400359756996 0.4208590032065249 -0.7745450059012584
vn 0.4492672271778714 0.4406082227993323 -0.7771893929960193
vn 0.6352189982992011 0.4406549988201464 -0.6342869983016965
vn 0.7777159899748519 0.4407099943190279 -0.4482549942217689
vn 0.9151062017127642 0.32052807065256805 -0.24462705392204656
vn 0.9139848499853941 0.323917946834542 -0.2443539598935769
vn 0.232516050467498 0.4405810956279171 -0.8670781881989076
vn 0.6351993272785977 0.440710227070494 0.6342683267989114
vn 0.7776080359530971 0.4407570203786216 0.44839602073181484
vn 0.8670733120658106 0.4407841586413327 0.23214908355209535
vn 0.8340968928927908 0.5516179291661947 0.000182999976500914
vn 0.9472142821723352 0.3206010955061188 0.00020300006047318923
vn 0.6171418962297589 0.7868518676936236 0.00013499997730040294
vn 0.5193618714140666 0.8430977912620807 0.13946096547163106
vn 0.4655698558121068 0.8430977388909844 0.26912991664993957
vn 0.3800500439047138 0.8430980973976486 0.380457043951732
vn -0.10607000289226384 0.5873380160152394 0.8023610218783795
vn -0.20926707467037697 0.5906432107524618 0.7793252780777263
vn -0.23504693952137254 0.40339989620340455 0.8843197724605725
vn -0.23667696511156947 0.40581894017843706 0.8827768698703127
vn -0.805835299383583 0.5515702049191248 0.2154060800275741
vn -0.9151062017127642 0.32052807065256794 0.24462705392204673
vn -0.9139848499853941 0.3239179468345419 0.24435395989357706
vn -0.867165200001704 0.4407571016555685 0.2318570534751693
vn -0.2328080350697394 0.4406080663723231 -0.8669861306010666
vn -0.0001769999752855837 0.44058093848190844 -0.8977128746528089
vn -0.44940816626981694 0.4406551630314242 -0.7770812875007023
vn -0.9149914268559547 0.3206007991779666 -0.24496084655828843
vn -0.9138796874509157 0.323973889200139 -0.2446729163212652
vn -0.307524935462055 0.9515398003074996 -0.0006499998635892066
vn -0.16362396183356998 0.9864227699100108 -0.014046996723439849
vn -0.2231730502793317 0.9747782196107343 -0.0011010002480474604
vn -0.2595250496623289 0.9634731843688009 -0.06607701264439901
vn -0.1169080262379051 0.9909762224068005 -0.06556401471466437
vn -0.003345000532841902 0.9634731534764683 -0.2677840426566623
vn -0.19171702224042203 0.9634731117691501 -0.18698702169171094
vn -0.09595503256858291 0.9909763363522903 -0.09358703176484756
vn 0.13268400481536796 0.8430980305977143 -0.5211340189129958
vn 0.7595386591506471 0.4386098031701669 -0.48033578444528213
vn 0.4222138143382714 0.41808581615349233 -0.8043256463107439
vn 0.8554341375136149 0.4443430714294875 -0.2660670427710786
vn 0.8909363528527395 0.4541271798557428 0.0009590003798093994
vn 0.7819851144521316 0.590643086447119 0.19909802914018887
vn 0.7038093208083264 0.5906432692253043 0.39470617991382795
vn 0.13678902684655897 0.9634731890936751 0.23023504518651014
vn -0.15700699644701022 0.9873629776564697 0.021520999512990763
vn -0.5962330794787691 0.7868321048859068 0.15937802124533088
vn 0.003345000532841902 0.9634731534764681 0.2677840426566627
vn -0.03307201023233272 0.9909763066036572 0.12989304018832856
vn 0.001674000442286878 0.9909762618253771 0.1340270354112209
vn -0.13099503090474432 0.9634732273055211 0.23358005510691407
vn -0.0655640147146646 0.9909762224068005 0.11690802623790532
vn 0.03857499267202506 0.962874817085577 0.2671779492450116
vn 0.5195109381935276 0.8430978996962274 -0.13890398347452443
vn 0.20926707467037697 0.5906432107524623 -0.7793252780777261
vn 0.0004319999553826149 0.5906429389978101 -0.8069329166591657
vn 0.403841031420045 0.5906430459538029 -0.6986080543538045
vn 0.5708931340394438 0.5906431386765283 -0.5702821338959875
vn -0.1052100215143995 0.5873381201047847 -0.8024741640979585
vn -0.2577420501425609 0.4075470792864582 -0.8760561704328022
vn -0.41412107476583976 0.42233407624862357 -0.8063111455722336
vn 0.867165200001704 0.4407571016555686 -0.23185705347516908
vn 0.23242802437833082 0.4434890465155727 0.8656180907907911
vn 0.000171999946461499 0.443460861963737 0.8962937210102488
vn -0.23214393407832853 0.44346087407087675 0.8657087541655857
vn 0.44868289525700944 0.4435388964578525 0.7758588188792713
vn 0.8976131510678572 0.44078407418374554 0.00017600002962081735
vn -0.4485461703594377 0.4434891684387702 0.7759662947147706
vn 0.5377599628547696 0.8430979417638548 0.00028799998010687727
vn -0.0004319999553826149 0.5906429389978096 0.8069329166591659
vn -0.12014592863922674 0.3994807627280717 0.908834460197024
vn -0.000020999999716395004 0.387874994761748 0.9217119875522797
vn 0.20843203173648883 0.5906430899330953 0.7795491186964966
vn 0.20003999127455582 0.35507098451233643 0.9131859601681992
vn 0.26305506913272264 0.3708550974633282 0.8906562340707238
vn -0.6342009017156741 0.4435389312632246 0.6332949018560803
vn -0.7764757852439099 0.44359587731115624 0.4475578762153549
vn -0.8657864342690607 0.4436452225276193 0.23150111611844257
vn -0.6351993272785977 0.44071022707049434 -0.6342683267989112
vn -0.7776080359530971 0.4407570203786218 -0.4483960207318146
vn -0.8670733120658106 0.4407841586413328 -0.23214908355209513
vn -0.8340968928927908 0.5516179291661947 -0.00018299997650066902
vn -0.9472142821723352 0.3206010955061188 -0.00020300006047304687
vn -0.6171418962297589 0.7868518676936236 -0.0001349999773000535
vn -0.23358005510691385 0.9634732273055211 -0.1309950309047441
vn -0.14566001144501736 0.8430980662451686 -0.5176570406741269
vn -0.27467599995316777 0.843097999856252 -0.4623189999211745
vn -0.46903597639248185 0.8430979575651948 -0.2630419867605709
vn -0.38497386643237774 0.8430977074851934 -0.37547486972807764
vn 0.06391498364294339 0.8409927847739951 -0.5372578625055224
vn 0.39470617991382784 0.5906432692253045 -0.7038093208083263
vn 0.19909802914018873 0.5906430864471193 -0.7819851144521315
vn 0.6478402194513766 0.44901715210144305 -0.6153752084540794
vn 0.4715720288804866 0.431183026406943 -0.7692210471094059
vn 0.7794837260890771 0.46207883762529417 -0.422951851374534
vn 0.8583416249562923 0.46935379492059764 -0.20725990943987482
vn 0.8616513272767775 0.4447181689151105 0.24450509286916464
vn 0.8634415193425296 0.4703442829025291 0.18233210966905924
vn 0.3849738664323778 0.8430977074851934 0.3754748697280781
vn -0.16215104506802447 0.9866892742389748 0.01230100341892313
vn -0.11523402940190874 0.9909762528471276 0.06846301746830713
vn -0.25779401615260017 0.9634730603683334 0.07253900454507675
vn -0.06607701264439923 0.963473184368801 0.2595250496623292
vn -0.18698702169171116 0.9634731117691501 0.19171702224042225
vn -0.09358703176484778 0.9909763363522903 0.09595503256858313
vn 0.14566001144501736 0.8430980662451684 0.5176570406741273
vn 0.2746759999531677 0.8430979998562517 0.46231899992117476
vn 0.6990402672036494 0.5906432257695772 -0.40309215407938515
vn -0.19507102797991738 0.39893705722134165 -0.8959891285157618
vn 0.44854617035943783 0.4434891684387706 -0.7759662947147706
vn 0.6342009017156741 0.4435389312632249 -0.6332949018560801
vn 0.7764757852439099 0.44359587731115646 -0.4475578762153547
vn 0.8657864342690608 0.4436452225276195 -0.2315011161184424
vn 0.9460659684638376 0.32397398920065124 0.00019399999353327628
vn 0.2321439340783286 0.4434608740708772 -0.8657087541655857
vn 0.6341809436841005 0.44359596060823664 0.6332749437645543
vn 0.7763687968976792 0.4436448839400734 0.44769488288057174
vn 0.8656957970302857 0.44367389597689594 0.23178494565605576
vn 0.8961881885562222 0.44367409334815167 0.00017200003618856593
vn 0.7793252780777262 0.5906432107524621 0.2092670746703771
vn 0.8069329166591658 0.5906429389978098 0.00043199995538274603
vn 0.40309215407938526 0.590643225769577 0.6990402672036495
vn 0.5702821338959876 0.5906431386765281 0.5708931340394439
vn 0.6986080543538046 0.5906430459538027 0.4038410314200451
vn 0.00020700004798820568 0.37784408759447125 0.9258692146415075
vn 0.4325077328500036 0.32823679725574223 0.8397604812994254
vn 0.4875282354320732 0.3551061714841849 0.7976313851838663
vn -0.9460659684638376 0.32397398920065124 -0.0001939999935331324
vn -0.8976131510678572 0.44078407418374554 -0.0001760000296206216
vn -0.23242802437833082 0.443489046515573 -0.8656180907907909
vn -0.000171999946461499 0.44346086196373746 -0.8962937210102486
vn -0.44868289525700944 0.4435388964578528 -0.7758588188792711
vn -0.5377179991350807 0.8430979986438769 0.006716999989195893
vn -0.521134018912996 0.8430980305977142 -0.13268400481536777
vn -0.006716999989195706 0.843097998643877 -0.5377179991350804
vn -0.7038093208083264 0.5906432692253045 -0.3947061799138277
vn -0.5776701815603225 0.5906431856377059 -0.5634161770803237
vn -0.41216324628451195 0.5906433529337254 -0.6937304145324893
vn -0.66914861652509 0.3559507960121324 -0.6523336261614049
vn 0.09561004318611016 0.5873382652948812 -0.8036743630117549
vn 0.2015450414327269 0.40413208307966375 -0.892220183418629
vn 0.2609409665204933 0.40928994748687536 -0.8742948878253501
vn 0.8776698009581155 0.4698618934426175 0.09447497857454176
vn 0.8812014837008797 0.47193725905138784 -0.027553015124143352
vn 0.7710291231233374 0.4392960701498771 0.4610130736178007
vn 0.7894087716453894 0.46305686605017043 0.40300388342187454
vn 0.6466672578363104 0.42843217082258106 0.6310842516231232
vn 0.5776701815603225 0.5906431856377057 0.5634161770803239
vn 0.41216324628451195 0.5906433529337252 0.6937304145324895
vn -0.23023504518650992 0.9634731890936751 0.1367890268465592
vn 0.006716999989195706 0.8430979986438768 0.5377179991350809
vn 0.07731501591440854 0.840993173108791 0.5354931102251101
vn -0.26304198676057106 0.8430979575651946 0.469035976392482
vn -0.3754748697280779 0.8430977074851934 0.38497386643237796
vn 0.6721287664853677 0.299750895858913 0.6770467647767301
vn 0.7795491186964965 0.5906430899330956 -0.2084320317364887
vn -0.1191740146116289 0.3994450489749621 -0.9089781114475405
vn 0.24278297201477259 0.35129795950641324 0.9042378957698602
vn 0.00017399999073728473 0.3512439813018781 0.9362839501578615
vn -0.24249596866370293 0.3512439546108539 0.9043358831381074
vn -0.4685440204191489 0.3512980153095677 0.8105900353255148
vn 0.4686769416640191 0.35139095626254596 0.8104728991208499
vn -0.6624730644168965 0.3513910341682115 0.6615540643275358
vn 0.6610341702480504 0.3543180912539274 0.6614321703505547
vn 0.802534002889925 0.33371900120172204 0.49454100178084226
vn -0.8110880714937667 0.3514980309829709 0.46753104121075917
vn -0.9043780156502615 0.3515910060842823 0.24183500418495482
vn -0.8961881885562222 0.44367409334815167 -0.00017200003618836888
vn -0.6341809436841005 0.44359596060823697 -0.6332749437645541
vn -0.7763687968976792 0.4436448839400736 -0.4476948828805715
vn -0.8656957970302857 0.44367389597689605 -0.23178494565605554
vn -0.21856899048853345 0.5906429742969904 -0.776767966197389
vn -0.01007900031955471 0.5906430187263375 -0.8068700255818144
vn -0.8082063104478633 0.3358901290219733 -0.48371518580447087
vn -0.6799660678415779 0.3031020302410974 -0.6676640666141824
vn -0.4974138499747827 0.3569028923543566 -0.7906957615178919
vn 0.10825495389882578 0.40029282953233286 -0.9099706124822722
vn 0.028445993875108818 0.3843459172439915 -0.9227508013165483
vn -0.03586001726527565 0.38860718710002734 -0.9207054432857114
vn 0.6370970454014484 0.4484640319588933 0.6268870446738533
vn 0.48152198854025835 0.42333298992509816 0.7674149817362912
vn -0.46231899992117464 0.8430979998562518 0.27467599995316794
vn -0.5176570406741271 0.8430980662451685 0.14566001144501756
vn -0.13268400481536796 0.843098030597714 0.5211340189129963
vn 0.21856899048853345 0.59064297429699 0.7767679661973892
vn 0.8503466537112768 0.2773658870476193 0.4471898178898096
vn 0.8508430701290413 0.2773040228562305 -0.4462830367839882
vn 0.9164746572797836 0.3154208820468062 -0.24613790795551574
vn 0.8030763037841477 0.3336771262219057 -0.4936881867501809
vn 0.9463092266084392 0.3221880771529382 0.02633800630704468
vn 0.6450819079245631 0.3456159506686838 -0.6814829027288855
vn 0.44455517368662884 0.3602361407433872 -0.8201223204198027
vn -0.023100992347439488 0.39238087001777666 -0.9195126953972176
vn 0.04179201234298013 0.37279711010303335 -0.9269712737745173
vn 0.2812939638922652 0.34550095565046385 -0.895266885080864
vn 0.21642210605324236 0.3762441843707949 -0.9008894414625105
vn 0.242495968663703 0.3512439546108544 -0.9043358831381074
vn 0.6624730644168965 0.3513910341682118 -0.6615540643275356
vn 0.8110880714937667 0.3514980309829711 -0.46753104121075906
vn 0.9043780156502615 0.3515910060842824 -0.24183500418495466
vn 0.9361333604160939 0.3516451353851614 0.0001740000669909868
vn 0.6624447116031014 0.3514978469745667 0.6615257120031902
vn 0.8109706973672829 0.3515908687956293 0.46766482547991284
vn 0.9042805878167942 0.3516448397155713 0.2421208896380551
vn 0.9059683914581549 0.32560814069140065 0.27055611690407677
vn 0.9405202583026382 0.2662320731174541 0.21105005796237383
vn -0.24278297201477259 0.3512979595064137 -0.90423789576986
vn -0.4686769416640191 0.3513909562625463 -0.8104728991208496
vn -0.8068700255818145 0.5906430187263373 0.010079000319554842
vn -0.7819851144521316 0.590643086447119 -0.1990980291401886
vn -0.27434107948293207 0.3724721079137524 -0.8865672568589624
vn -0.21143208816455625 0.357725149166947 -0.9095763792820595
vn -0.4426278732232067 0.3311929051402387 -0.8333017613269935
vn -0.8550119878271943 0.28117899599685475 -0.43576699379598527
vn -0.9184451974703308 0.3181970684139681 -0.23496605051888103
vn 0.4233731355816696 0.42660213661572977 0.7992282559460965
vn 0.26866205775684104 0.4102940882048272 0.8714811873506101
vn 0.010079000319554712 0.5906430187263372 0.8068700255818149
vn -0.19909802914018873 0.5906430864471188 0.7819851144521317
vn 0.11565406677954485 0.5873383391336597 0.8010354625240175
vn -0.39470617991382784 0.5906432692253043 0.7038093208083265
vn -0.5634161770803238 0.5906431856377057 0.5776701815603226
vn -0.6937304145324894 0.5906433529337252 0.41216324628451206
vn 0.9637685586466794 0.26344815270723915 -0.04177602421539585
vn 0.9298771320490713 0.26793603804879573 -0.25206903579557005
vn 0.7020169586136444 0.2955369825770611 -0.6479429618014956
vn 0.5069617887896235 0.31900986709413703 -0.8007636663859107
vn 0.4685440204191489 0.35129801530956806 -0.8105900353255145
vn -0.00017399999073728476 0.35124398130187867 -0.9362839501578615
vn 0.25368400614904674 0.20687900501454007 0.9449050229035533
vn 0.00017599995838340677 0.20678795110334022 0.9783857686528853
vn -0.25339511618510824 0.20678809481515462 0.9450024332964726
vn -0.48959904799490744 0.2068790202801443 0.8470500830354767
vn -0.6922498305535302 0.20703694932222622 0.6913218307806827
vn 0.4897349519856531 0.20703697970178478 0.8469329169654306
vn -0.8475560373344205 0.2072180091278498 0.48857902152166216
vn -0.9450519832154045 0.20737599631689863 0.25272899551140676
vn -0.9361333604160939 0.3516451353851614 -0.0001740000669908306
vn -0.6624447116031014 0.35149784697456704 -0.66152571200319
vn -0.8109706973672829 0.3515908687956295 -0.4676648254799127
vn -0.9042805878167942 0.3516448397155714 -0.24212088963805492
vn -0.9316548820981505 0.27215396555864574 -0.24073096953525697
vn 0.2060119881072373 0.40366297669714235 0.8914119485401271
vn 0.13090293691285013 0.4010578067148486 0.9066515630498111
vn -0.7955763010763611 0.33685812747994004 0.5035721905708889
vn -0.7767679661973891 0.5906429742969902 0.2185689904885336
vn -0.029771008086327884 0.3779181026491839 0.9253602513440723
vn -0.20441899500911026 0.37941499073658286 0.9023619779688326
vn 0.03494501272636441 0.39536914398654927 0.9178573342676396
vn -0.43323015725391095 0.36350813194620546 0.8247262993592064
vn -0.635284222576631 0.34889012223629223 0.6889772413883862
vn -0.6920591688503467 0.3010350734472986 0.6560731600703894
vn 0.48959904799490733 0.20687902028014463 -0.8470500830354765
vn 0.6922498305535301 0.20703694932222652 -0.6913218307806825
vn 0.8475560373344205 0.20721800912785002 -0.48857902152166205
vn 0.9450519832154045 0.20737599631689874 -0.25272899551140665
vn 0.9782422041122137 0.20746604328820942 0.00017600003672280958
vn 0.25339511618510824 0.20678809481515506 -0.9450024332964726
vn 0.6922227375514134 0.20721792143561926 0.6912947379032541
vn 0.84743899350777 0.20737599841129237 0.4887149962559545
vn 0.9449549047934356 0.20746597909728492 0.25301797450780783
vn -0.2536840061490467 0.20687900501454048 -0.944905022903553
vn -0.00017599995838340677 0.20678795110334067 -0.9783857686528853
vn -0.4897349519856531 0.20703697970178517 -0.8469329169654306
vn -0.9449795265304116 0.32495483718564405 0.03765698113246394
vn -0.962946927372138 0.2680059797863198 -0.030099997729782946
vn -0.8434420252218691 0.2825980084506696 0.4568850136624613
vn -0.9016614694857821 0.32858817109245503 0.2811341463836363
vn -0.2689919655641888 0.3509059550777241 0.8969438851750452
vn -0.49533188950905205 0.3245479276048867 0.8058008202544631
vn 0.25903698367315847 0.04310799728294591 0.9649049391830086
vn 0.0001739999707352954 0.04298199277094499 0.9990758319674482
vn -0.2587480232909456 0.04298200386898206 0.9649880868624416
vn -0.4999467768333077 0.04310798075742055 0.8649826138882821
vn -0.7069011198246983 0.04332700734423149 0.7059841196692602
vn -0.8655269167627131 0.043578995809029845 0.49896295201498464
vn 0.5000918774932579 0.043326989386253505 0.8648877881297619
vn -0.9651217796448682 0.04379699000033803 0.25811194106827556
vn -0.9782422041122137 0.20746604328820942 -0.00017600003672271742
vn -0.6922227375514132 0.20721792143561954 -0.691294737903254
vn -0.84743899350777 0.2073759984112926 -0.4887149962559544
vn -0.9449549047934356 0.20746597909728504 -0.2530179745078077
vn -0.9365322875060911 0.2711640832446746 0.22221006821627934
vn 0.4999467768333077 0.043107980757420936 -0.8649826138882821
vn 0.7069011198246983 0.04332700734423181 -0.7059841196692602
vn 0.8655269167627131 0.04357899580903007 -0.49896295201498464
vn 0.9651217796448682 0.04379699000033814 -0.25811194106827556
vn 0.999034904377379 0.04392299579591066 0.0001739999833456022
vn 0.25874802329094554 0.04298200386898248 -0.9649880868624414
vn 0.7068933692578651 0.04357902276424917 0.7059763687788542
vn 0.8654317759769558 0.04379698866284427 0.4991088708021918
vn 0.9650387209827376 0.04392298730074611 0.25840092528971403
vn -0.25903698367315847 0.04310799728294634 -0.9649049391830086
vn -0.0001739999707352954 0.042981992770945436 -0.9990758319674482
vn -0.5000918774932579 0.04332698938625389 -0.8648877881297619
vn 0.2157289668542176 -0.09748498502187213 0.9715748507219079
vn 0.00016899998116174213 -0.08417599061698725 0.996450888926622
vn -0.25806413129841826 -0.08416804282319626 0.9624544896796448
vn -0.49863202401187495 -0.08402100404607374 0.8627320415452938
vn -0.7050668620575599 -0.08376798361125648 0.7041758622318791
vn -0.8633178012724665 -0.08347598078462455 0.49770888543215597
vn 0.4987882059187678 -0.08376803458263518 0.8626663561415266
vn -0.999034904377379 0.04392299579591066 -0.00017399998334558268
vn -0.706893369257865 0.04357902276424948 -0.7059763687788541
vn -0.8654317759769558 0.04379698866284449 -0.4991088708021918
vn -0.9650387209827376 0.04392298730074622 -0.25840092528971403
vn 0.49863202401187495 -0.08402100404607335 -0.8627320415452938
vn 0.7050668620575599 -0.08376798361125617 -0.7041758622318791
vn 0.8633178012724665 -0.08347598078462433 -0.49770888543215597
vn 0.9626941463579209 -0.08322301265235392 -0.25747603914395645
vn 0.25806390464411455 -0.0841669688998897 -0.9624546443682622
vn -0.9626941463579209 -0.08322301265235403 0.25747603914395645
vn 0.7050841865367445 -0.08347602208437772 0.7041931863010218
vn 0.8632517249727921 -0.08322297348562271 0.4978658413827064
vn 0.9965431159283656 -0.08307700966439063 0.00016900001965983947
vn -0.258349911150639 -0.08402097110426857 -0.9623906690233195
vn -0.00016899994078631812 -0.08416697050983434 -0.9964516508663211
vn -0.4987882059187678 -0.08376803458263479 -0.8626663561415266
vn 0.25824603520965417 -0.08785501197828514 0.9620761311709117
vn 0.00016600002310388482 -0.12368001721378621 0.9923221381114048
vn 0.12996199884567752 -0.12360799890211398 0.9837839912620306
vn -0.12954297049438956 -0.12266097206188177 0.9839577758869147
vn -0.49845484162870973 -0.08788197207774898 0.8624497259786355
vn -0.7048203460217662 -0.08763204302173537 0.7039523455956335
vn -0.8630220387565946 -0.08734400392244474 0.4975580223443362
vn 0.7048382320750746 -0.08734402875889981 0.7039702317892768
vn 0.9626304630494299 -0.08307703996214282 0.2577611239895745
vn -0.9965431159283656 -0.08307700966439063 -0.0001690000196598764
vn -0.7050841865367445 -0.08347602208437742 -0.7041931863010218
vn -0.8632517249727921 -0.08322297348562249 -0.4978658413827064
vn -0.9626304630494299 -0.0830770399621427 -0.2577611239895745
vn 0.49845484162870973 -0.08788197207774859 -0.8624497259786355
vn 0.7048203460217662 -0.08763204302173506 -0.7039523455956335
vn 0.8630220387565946 -0.08734400392244451 -0.4975580223443362
vn 0.9623714349530107 -0.08709403936298732 -0.2574021163353581
vn 0.2579729381689246 -0.08802597890189168 -0.9621337693953248
vn 0.4986078397332558 -0.08763197183259147 0.8623867228043739
vn 0.12994901527869138 -0.12354901452621467 0.9837931156689903
vn 0.03272198779317926 0.9771966354602832 -0.20979992173488785
vn 0.16334600227018276 0.9638020133949206 -0.2107220029286142
vn 0.16465194900030158 0.9650747010753958 -0.20376593688503888
vn -0.26439807877398214 0.943581281127818 -0.19936905939942806
vn -0.16135800103478887 0.9642270061835878 -0.21030900134871142
vn -0.05182600762951445 0.9760601436897286 -0.21123603109690317
vn 0.16238506563776184 0.9631273893062823 -0.21451508670926778
vn -0.15759998774439504 0.9627219251348952 -0.21983798290451959
vn -0.3127210501188686 0.9259171483939755 -0.2118560339535335
vn -0.1300289919190885 -0.08731699457351115 0.9876579386200242
vn -0.3110690022333199 0.9226520066241801 -0.22792400163638019
vn -0.2579740971151411 -0.08802703313804715 0.9621333621980588
vn -0.9623714349530107 -0.08709403936298743 0.2574021163353581
vn 0.862959069020332 -0.08709400696586617 0.49771103980742826
vn 0.9962126658877616 -0.0869499708385063 0.00016399994499727836
vn -0.2582520161908524 -0.08788200550967443 -0.9620720603161478
vn -0.00016400002677333458 -0.08802601437042386 -0.9961181626182957
vn -0.4986078397332558 -0.08763197183259108 -0.8623867228043739
vn 0.2590870849079039 0.034536011318126 0.9652363163268148
vn 0.13034203245881973 -0.08718602171176354 0.9876282459471174
vn 0.2644261602510278 0.9432875716635704 -0.20071712164123606
vn 0.3420658691630797 0.9164276494751972 -0.20772892054567632
vn 0.4564808155575943 0.8703486483330887 -0.18471192536660727
vn 0.3108479204265174 0.9227677637820947 -0.2277569416968494
vn 0.5464601577062385 0.8142022349755421 -0.1961020565942771
vn -0.5683109328910075 0.7984599057138677 -0.19870697653568792
vn -0.4570371662121076 0.8703423165200588 -0.18336106668348115
vn -0.5000791086176942 0.03452600749908397 0.8652911879421317
vn -0.7071008840616273 0.034737994304254546 0.7062588841996841
vn -0.8657925960152084 0.03498198367716524 0.49917876707974734
vn 0.5002138833338791 0.034737991897972054 0.8652047982061454
vn 0.9623100861267566 -0.0869500077820261 0.25768002306236315
vn -0.9962126658877616 -0.0869499708385063 -0.00016399994499731696
vn -0.7048382320750746 -0.0873440287588995 -0.7039702317892768
vn -0.862959069020332 -0.08709400696586594 -0.49771103980742826
vn -0.9623100861267566 -0.086950007782026 -0.25768002306236315
vn 0.5000791086176942 0.03452600749908436 -0.8652911879421317
vn 0.7071008840616273 0.034737994304254866 -0.7062588841996841
vn 0.8657925960152084 0.034981983677165464 -0.49917876707974734
vn 0.965440059915212 0.0351940021841399 -0.2582380160262518
vn 0.25881992924148806 0.034402990594602306 -0.9653127360941525
vn 0.1306749450552481 -0.051771978231492884 0.9900725837052584
vn 0.5653521773459177 0.7928172486996746 -0.22763507140708425
vn -0.13035095184556475 -0.05186098084144243 0.9901106342319119
vn -0.5654590125028643 0.7926560175264173 -0.2279310050397823
vn -0.5706530895280583 0.8035491260664216 -0.16930402656160273
vn -0.25881992924148806 0.034402990594601876 0.9653127360941525
vn -0.965440059915212 0.03519400218413979 0.2582380160262518
vn 0.7070948658789656 0.034981993364650944 0.7062528660386753
vn 0.8657066972390468 0.03519398769171431 0.499312825376854
vn 0.9993761826295181 0.03531600645377121 0.0001590000290562323
vn -0.25908599141894256 0.03452599885648189 -0.9652369680308696
vn -0.00016000000460216022 0.034403000989550965 -0.9994080287464733
vn -0.5002138833338791 0.03473799189797244 -0.8652047982061454
vn 0.2539269739351593 0.20114097935348274 0.9460779028879465
vn 0.13076901486968012 0.03416200388454438 0.9908241126661208
vn 0.5703909274545493 0.803700897780906 -0.16946697844625883
vn 0.7482878966356326 0.6399219116047128 -0.17482897585008836
vn -0.7483989500196746 0.6397619572747787 -0.1749389883170498
vn -0.49013801168930166 0.20112700479667783 0.8481230202268862
vn -0.693030708565748 0.20128091535706516 0.692238708898801
vn -0.8485490030288957 0.20145800071910422 0.48926400174642787
vn -0.9461968451861233 0.20161196701285744 0.25310895858707494
vn 0.4902518330923211 0.2012809314733145 0.8480207112888539
vn 0.9653644588665523 0.035315980203685766 0.2585038550960924
vn -0.9993761826295181 0.03531600645377121 -0.00015900002905621662
vn -0.7070948658789656 0.03498199336465126 -0.7062528660386753
vn -0.8657066972390468 0.03519398769171453 -0.499312825376854
vn -0.9653644588665523 0.03531598020368588 -0.2585038550960924
vn 0.49013801168930166 0.20112700479667822 -0.8481230202268862
vn 0.693030708565748 0.2012809153570655 -0.692238708898801
vn 0.8485490030288957 0.20145800071910444 -0.48926400174642776
vn 0.9461968451861233 0.20161196701285755 -0.25310895858707483
vn 0.9794473240457933 0.20170006673157045 0.0001500000496268944
vn 0.25368001022330466 0.20103800810183212 -0.946166038130492
vn 0.12820602352991006 0.19943403660253078 0.9714881782991849
vn 0.6740780396654493 0.7227680425305639 -0.15239800896770855
vn 0.6883400872495208 0.664957084285643 0.28986203674103017
vn 0.7643747650931477 0.5993968157939983 -0.2376019269804245
vn -0.25368001022330466 0.20103800810183167 0.946166038130492
vn -0.13045001621252472 0.03407600423501697 0.9908691231467087
vn -0.7644201742369857 0.5991781365727854 -0.23800705424978696
vn -0.6742449304415252 0.722638925448959 -0.15227198429086136
vn 0.6930049677205224 0.20145799061628833 0.6922129677574129
vn 0.8484467720915313 0.20161194584330872 0.48937786854406873
vn 0.9461122069294269 0.20170004411493073 0.2533550554126837
vn -0.25392603273538444 0.20112702592869466 -0.9460811219659477
vn -0.00015000006346256527 0.20103808505591486 -0.9795834144456671
vn -0.4902518330923211 0.20128093147331488 -0.8480207112888539
vn 0.24226301980124762 0.3556390290679792 0.9026790737800259
vn 0.4438808873008765 0.5290978656647144 0.7232048163819366
vn 0.7982736692030437 0.5468037734097579 -0.252516895359419
vn -0.12790601556833744 0.19935902426538363 0.971543118253321
vn -0.7983101100430646 0.5466090753473333 -0.25282303485039354
vn -0.7507659814440684 0.6463799840240725 -0.1361739966343234
vn -0.46763988223613384 0.3556259104441606 0.8092237962164341
vn -0.6612190957795765 0.3557220515274098 0.6604930956744134
vn -0.8095999010442295 0.35583395650712973 0.4668299429403134
vn -0.9027669764206296 0.35592999070346465 0.241506993692079
vn -0.9794473240457933 0.20170006673157045 -0.00015000004962680485
vn 0.46774104361825763 0.3557220331721481 0.8091230754531579
vn -0.6930049677205224 0.20145799061628866 -0.6922129677574129
vn -0.8484467720915313 0.20161194584330894 -0.4893778685440686
vn -0.9461122069294269 0.20170004411493084 -0.2533550554126836
vn 0.46763988223613384 0.3556259104441609 -0.8092237962164339
vn 0.6612190957795765 0.35572205152741015 -0.6604930956744132
vn 0.8095999010442295 0.35583395650712996 -0.46682994294031327
vn 0.9027669764206296 0.35592999070346476 -0.24150699369207884
vn 0.9344912429462614 0.35598609254820845 0.00013700003561694193
vn 0.24203791835663033 0.35556988006043305 -0.9027666954819493
vn 0.5971400317075395 0.6302210334641075 0.49623102634937216
vn 0.7903732452105711 0.5419471681372382 -0.28566308862598705
vn 0.8483746455046075 0.4737538020408309 -0.23625790127906582
vn -0.12539395690480037 0.27765990457427664 0.9524606726598009
vn -0.7903739009108303 0.5417199320845765 -0.2860919641326526
vn -0.8484228662499637 0.47366092532949255 -0.2362709627529488
vn -0.8183301487720255 0.5624101022458847 -0.11845102153433833
vn -0.24203791835663027 0.3555698800604325 0.9027666954819493
vn 0.6611889657352052 0.3558339815596159 0.6604629657728288
vn 0.8094992612003591 0.35593011484763265 0.46693115066423174
vn 0.9026849468399822 0.3559859790356303 0.241730985764221
vn -0.24226304640536983 0.35562606812000225 -0.9026841729087184
vn -0.00013799995401538698 0.3555698815163129 -0.9346496885542133
vn -0.46774026239932043 0.35572219955789786 -0.8091234539131255
vn 0.2341420247023361 0.42896804525677446 0.8724470920444818
vn 0.44476400758834117 0.45847000782218594 0.7694090131272721
vn 0.8050506196337984 0.4864427701680066 -0.3395098395901263
vn 0.8669880204743559 0.4875680115141625 -0.1030010024324201
vn -0.8049803914841966 0.4862472364754605 -0.3399561653300721
vn -0.8670787425396479 0.487503855246233 -0.10253996955296507
vn -0.12212902086385198 0.3528870602852894 0.9276611584765436
vn -0.6287470489759388 0.45846903571221753 0.6280790489239055
vn -0.7698503440442709 0.45853920492006994 0.4439281983904464
vn -0.8584522793404171 0.4586001492285128 0.2296640747327022
vn -0.9344912429462614 0.35598609254820845 -0.00013700003561678385
vn -0.6611889657352052 0.3558339815596162 -0.6604629657728286
vn -0.8094992612003591 0.3559301148476329 -0.46693115066423163
vn -0.9026849468399822 0.3559859790356304 -0.24173098576422083
vn 0.44467090157099515 0.458407898530277 -0.7694998296693076
vn 0.6287470489759388 0.45846903571221786 -0.6280790489239053
vn 0.7698503440442709 0.45853920492007016 -0.44392819839044617
vn 0.8584522793404171 0.4586001492285129 -0.22966407473270198
vn 0.8886241732812865 0.4586360894338169 0.0001270000247650456
vn 0.2301500904630425 0.45837318016865614 -0.8584433374206628
vn 0.3411211532306331 0.45532620453121087 0.8223833694122255
vn 0.8182226533215899 0.5625207616616914 -0.11866794972075623
vn 0.9086077826187943 0.40859790224439374 -0.08648497930877379
vn -0.9086822325408999 0.4085801045597479 -0.08578402195299177
vn -0.8816947326781328 0.38514888322634266 -0.27253391737018146
vn -0.23392906372626243 0.42891511684378514 0.8725302376921023
vn -0.44467103990411383 0.45840904113694136 0.7694990690536954
vn -0.34095904799288757 0.4552710640832764 0.8224811157712164
vn 0.6287214145881539 0.4585393023675643 0.6280534141476647
vn 0.7697600176721507 0.4586000105285391 0.4440220101938575
vn 0.8583778077143794 0.4586358972607547 0.22987094850649972
vn -0.23035799507160595 0.45840799019259054 -0.858368981635625
vn -0.00012699998978551823 0.4583729631335226 -0.8887599285179304
vn -0.4447642114992205 0.45846921801637774 -0.769409365878092
vn 0.3405580256569616 0.45813803451520446 0.8210540618565735
vn 0.3352298560025491 0.4841857920187638 0.8081986528395556
vn 0.881664487471989 0.3852922130279309 -0.27242915062598266
vn 0.8563682647411516 0.3684721139109608 -0.36174811183227545
vn -0.34040296659744995 0.4580599550521819 0.821161919422259
vn -0.3350730878499763 0.4841381269320768 0.8082922119192925
vn -0.856274495554451 0.36822321310298656 -0.3622232096305854
vn -0.6277091146893705 0.4612760842802222 0.6270611145709739
vn -0.7685828112902698 0.4613488867252523 0.4432128911781739
vn -0.8570426349847624 0.4614118034842932 0.22929690234224087
vn -0.8886241732812865 0.4586360894338169 -0.00012700002476484192
vn 0.44402416148251433 0.46128416775962583 0.7681532793616515
vn -0.6287214145881539 0.4585393023675646 -0.6280534141476645
vn -0.7697600176721507 0.4586000105285393 -0.4440220101938573
vn -0.8583778077143797 0.45863589726075493 -0.22987094850649956
vn 0.44393518454322867 0.461213191725672 -0.7682473193593246
vn 0.7685828112902698 0.46134888672525254 -0.4432128911781737
vn 0.8570426349847624 0.46141180348429334 -0.22929690234224065
vn 0.8871671961872882 0.46144810204418313 0.00012300002720020848
vn 0.2297710083252931 0.4611770167098273 -0.8570420310532043
vn 0.3572819620655897 0.31289896677795376 0.8800249065633606
vn 0.8870929102820889 0.29361997030415865 -0.35616496397854586
vn -0.4439349119350865 0.46121090850798674 0.7682488475998024
vn -0.35967511193127194 0.3287021022924387 0.8732632717604458
vn -0.8868173027483935 0.2938101003031128 -0.35669412177093524
vn 0.627681848053935 0.4613488883189812 0.6270348482105575
vn 0.7684929713344443 0.4614119827888719 0.4433029834643559
vn 0.8569696955131509 0.4614478360446135 0.22949691845826772
vn -0.2299710046947431 0.4612130094154332 -0.856969017494594
vn -0.00012300001676970044 0.46117706287642407 -0.88730812097471
vn -0.44402489748243346 0.461275893499481 -0.7681578226458219
vn 0.6277091146893705 0.46127608428022254 -0.6270611145709737
vn 0.46584228309500353 0.36280822048061784 0.8070694904607174
vn 0.3567378764137136 0.21200092655557753 0.9098316848029697
vn 0.44569906616002 0.20907103103471503 0.8704261292069346
vn 0.9382696421698292 0.23538291023144828 -0.2534659033350932
vn 0.37433701885067683 0.09517000479252342 0.92239604644956
vn -0.4446289947727192 0.33528399605823356 0.8305959902350983
vn -0.36404110554608904 0.20978106082162185 0.9074502630961856
vn -0.938258033810598 0.2352060084757663 -0.2536730091412338
vn -0.47293304714646134 0.06531600651132016 0.8786740875945848
vn -0.3819118821718004 0.07212997774631823 0.9213797157341311
vn -0.6592630809960781 0.3627830445709832 0.6586050809152373
vn -0.8072189431382889 0.36290097443671177 0.46551096720871044
vn -0.9001263389984446 0.3630021367109864 0.24083609070177894
vn -0.8871671961872882 0.46144810204418313 -0.00012300002720000357
vn -0.627681848053935 0.4613488883189815 -0.6270348482105573
vn -0.7684929713344443 0.46141198278887213 -0.4433029834643557
vn -0.8569696955131509 0.4614478360446136 -0.2294969184582675
vn 0.4662512389859926 0.3626811858991805 -0.8068904135871182
vn 0.6592630809960781 0.36278304457098354 -0.6586050809152371
vn 0.8072189431382889 0.362900974436712 -0.4655109672087103
vn 0.9001263389984446 0.3630021367109865 -0.24083609070177878
vn 0.9317653166502472 0.3630611233823501 0.0001240000421401381
vn 0.2413229453815046 0.3626229179277457 -0.9001487962697958
vn 0.9119816710637741 0.21683892178990136 -0.3482388743961807
vn 0.9671323250140602 0.19307606488505677 -0.1654590556040968
vn 0.9293919060435948 0.14585298525506624 -0.3390539657235106
vn 0.4766869726205312 0.013852999204325114 0.8789639495149492
vn 0.9977637527397052 0.0654029837921943 -0.01378199658462182
vn 0.9853356644952339 0.03574998782720275 -0.16683994319134268
vn 0.9487945194916765 0.0052159973584058215 -0.31585084004022523
vn -0.48069404162089535 0.2066650178940911 0.852187073786621
vn -0.9118134650205049 0.21671387284956556 -0.3487567953772986
vn -0.4973199273999989 -0.10869798413199788 0.8607308743483643
vn 0.6592300906342553 0.3629010498934541 0.6585730905439278
vn 0.8071221069888851 0.36300204811810255 0.46560006171808593
vn 0.9000486356756868 0.36306085303916846 0.24103790243197457
vn -0.24152598532995362 0.362680977971121 -0.9000709453305924
vn -0.00012499998975937628 0.3626229702921146 -0.9319359236511525
vn -0.46633897051665224 0.36278297706377277 -0.8067939489920677
vn 0.9624985414436666 0.26541387355075624 -0.05614297325220257
vn 0.38051884144829606 -0.08712796369618131 0.9206596163865359
vn 0.6921233679543362 0.20699711004610968 0.6914603676018644
vn 0.9792128318637855 0.19847096592144647 -0.04185099281395493
vn 1 0.000022999999984900506 -0.000027999999981617992
vn 0.9781051185649317 -0.04285600519496236 -0.20365102468637508
vn -0.6921507606747269 0.20681392848985677 0.6914877609039726
vn -0.9657183924265087 0.17372907059603837 -0.19288907838184316
vn -0.9626221170351228 0.26503903222331504 -0.05579400678340781
vn -0.9977726489866371 0.06527197703751832 -0.013758995159627616
vn -0.9852996643419617 0.03554598789069259 -0.16709594307610315
vn -0.9293284817412413 0.14519907526766282 -0.339508175992766
vn -0.9486247118790032 0.004939998499599254 -0.31636490391208416
vn -0.7071367478559412 0.028953989675863108 0.7064837480887816
vn -0.3806699101230835 -0.10786997453168648 0.9183977831644722
vn -0.7032489313681819 -0.10847198941394802 0.7026199314295676
vn -0.8475028651440836 0.2069969670623346 0.4887649222269987
vn -0.9450621334007274 0.2071540292409326 0.2528730356944224
vn -0.9317653166502472 0.3630611233823501 -0.00012400004213997687
vn -0.6592300906342553 0.36290104989345445 -0.6585730905439275
vn -0.8071221069888851 0.36300204811810277 -0.4656000617180858
vn -0.9000486356756868 0.3630608530391686 -0.2410379024319744
vn 0.4895040849421827 0.20665703586057876 -0.8471591470049981
vn 0.6921507606747267 0.20681392848985705 -0.6914877609039725
vn 0.8475028651440836 0.20699696706233484 -0.4887649222269986
vn 0.9450621334007274 0.2071540292409327 -0.25287303569442227
vn 0.9782890619149386 0.20724501311633012 0.0001260000079744608
vn 0.2533580419168247 0.20656503417515512 -0.9450611563556559
vn 0.9624909972997316 0.26546699925523237 -0.05602099984283304
vn 0.49743506656527275 -0.10845401451299201 0.8606951151756459
vn 0.7071318323694691 0.029192993079597305 0.7064788325242672
vn 0.951143910721832 -0.06351599403813495 -0.3021439716395596
vn 0.9488110465666983 -0.1320050064786738 -0.28693601408253305
vn 0.9723923734211082 -0.048041018448859524 -0.22835308769285464
vn 0.9512591843450108 -0.06355301231597116 -0.30177305848075753
vn 0.9782093668310268 -0.042783016043740935 -0.20316507618742577
vn 0.991068889229723 0.13048998541533088 -0.02747399692927272
vn 0.4654098756003782 0.367015901900149 0.8054147847203083
vn 0.36724391234145926 0.2839989322114507 0.8857067885880148
vn 0.35669700669680804 0.36423900683840515 0.8602890161514964
vn 0.33753510385096025 0.47254914539134424 0.8141052504794645
vn -0.9792828112290567 0.19814796180411087 -0.041743991953241
vn -1 -0.00002199999998410501 0.0000309999999776025
vn -0.9780262228878005 -0.04305800981272775 -0.20398704648773527
vn -0.4970969731850987 -0.11253899392930941 0.8603659535892806
vn -0.7029369458590955 -0.11231699134923348 0.7023279459060012
vn 0.8474112757959766 0.2071540674197522 0.48885715910201044
vn 0.9449870470438189 0.20724501031717493 0.2530790125989063
vn -0.25356395461953635 0.20665696301450356 -0.9449858308754285
vn -0.00012599998421283296 0.2065649741184434 -0.9784328774072603
vn -0.4895958848382486 0.2068139513536419 -0.8470678007544294
vn 0.3806668806088003 -0.11148096503545026 0.9179677120914058
vn 0.8658200469789642 0.02940000159522932 0.49949102710213417
vn 0.9657465275037982 -0.23684988412003824 -0.10599894813949735
vn 0.9821980844351529 -0.1844470158560806 0.0355840030589967
vn 0.9780500546509936 -0.16696100932936406 -0.12466800696613682
vn 0.9913036525912523 -0.12985595449114465 0.021318992528621777
vn 0.9418012636337556 -0.19985705594499417 -0.27031007566655857
vn 0.9294514909931039 -0.27000614263375255 -0.25142913282024026
vn 0.3525708819136307 0.19380293508969057 0.9154966933732017
vn 0.3736719213600051 0.04952598957715733 0.926237805071422
vn 0.4681799570217842 0.04922599548112747 0.8822609190097748
vn 0.4283079461940318 0.31316796065843383 0.8476308935167995
vn 0.3684511083830413 0.1873210551020885 0.9105792678546711
vn 0.941786719561385 -0.19996094045703972 -0.2702839195167585
vn 0.3584399098968205 0.32259591890713823 0.8760437797836466
vn 0.4901240233328449 0.2010640095718533 0.8481460403768415
vn 0.37533708228684654 0.1993310437002463 0.9052011984513539
vn 0.38202306263478736 -0.07313801199138051 0.9212541510446973
vn 0.4972099252879992 -0.11230798312432315 0.8603308707245422
vn 0.3369648858319355 0.475279838969039 0.8127507246295355
vn 0.4400659878387766 0.47574498685278727 0.7615829789536548
vn -0.8658870416547959 0.029193001404373045 0.49938702402376245
vn -0.38050208438072225 -0.11167702476566746 0.9180122035797857
vn -0.9910966854487572 0.13027595865341363 -0.027486991276262526
vn -0.36712302473418035 0.283883019126051 0.8857940596786053
vn -0.46534999810369876 0.3669069985048538 0.8054989967175917
vn -0.3565839772946943 0.36414197681344235 0.8603769452159301
vn -0.44001301833732287 0.47566901982326876 0.7616610317418434
vn -0.33743396471436343 0.4724789505926423 0.8141879148599672
vn -0.9509619871467979 -0.06386799913676006 -0.30264199590949087
vn -0.8611629725999476 -0.10820499655718768 0.49667898419691664
vn -0.9655956444788535 0.02939998917526402 0.25838090486713977
vn -0.9782890619149386 0.20724501311633012 -0.00012600000797436875
vn -0.6921233679543362 0.20699711004611002 -0.6914603676018644
vn -0.8474112757959766 0.20715406741975242 -0.48885715910201033
vn -0.9449870470438189 0.20724501031717504 -0.2530790125989062
vn 0.5000862036829019 0.028747011708531087 -0.865498352513656
vn 0.7071367478559412 0.02895398967586342 -0.7064837480887816
vn 0.8658870416547959 0.029193001404373267 -0.49938702402376245
vn 0.9655956444788535 0.029399989175264138 -0.25838090486713977
vn 0.9995642114913167 0.029519006245735318 0.00012400002623636888
vn 0.2588320132836475 0.02862700146918091 -0.9654980495508094
vn 0.7032700054415517 -0.10820500083723636 0.7026400054366772
vn 0.9625743613153492 -0.2651940995442041 0.055881020975699504
vn 0.9227644644934496 -0.3791651908609989 -0.0688440346541338
vn 0.8871517063346472 -0.4122358635415008 -0.20742093133943101
vn 0.9626784946155833 -0.26511686081964975 0.05443497142287224
vn 0.9744456753966083 -0.2203899265846014 0.0434039855414403
vn 0.3769039259998212 -0.17664296531845372 0.9092528214800463
vn 0.4958099144237119 -0.13295697705176088 0.8581928518767847
vn 0.3795830936243713 -0.13195303254628563 0.9156992258576996
vn 0.4736276507648601 0.20652084771932738 0.8561693686930466
vn 0.4393150195870802 0.4784800213332713 0.7603020338984471
vn 0.38296391563267573 0.02009099557393387 0.9235447965421801
vn 0.5002571250137708 0.020372005090944147 0.8656372163219017
vn 0.6929153594592902 0.20123210439189768 0.6923683591755264
vn 0.6579764278358228 0.36712923871833875 0.6574824275146092
vn -0.3818631713185588 -0.07332703289733764 0.9213054133331714
vn -0.5001619824250585 0.020167999291326576 0.8656969695807075
vn -0.49005086511033263 0.20090594469934026 0.8482257665203765
vn -0.375207098733885 0.19919405241692564 0.9052852382213155
vn -0.43926502027515607 0.47839402208123327 0.7603850350970931
vn -0.33686718030534313 0.47519225434268286 0.8128424350671206
vn -0.9780262684379286 -0.04301901180738672 -0.20399505599032672
vn -0.9509619938753293 -0.0638109995890252 -0.30265399805075693
vn -0.35772303698391356 0.32248903334117524 0.8763760906058997
vn -0.4276169446283131 0.3131349594524697 0.8479918901943854
vn -0.3670950222529339 0.18745601136339612 0.9110990552299154
vn -0.9486083908110854 -0.1324250545569486 -0.2874121184090749
vn -0.9509619200959035 -0.06390699463024689 -0.3026339745713327
vn -0.9780263246593156 -0.04308401430189167 -0.20398106771224062
vn -0.7072541033153333 0.020363002974617354 0.7066661032294386
vn -0.8607867681634701 -0.11205296982066576 0.4964778662831377
vn 0.9655368521285252 0.02951899547918089 0.25858696039753937
vn -0.2590380598152624 0.028747006638058528 -0.9654392229324931
vn -0.00012400001930649453 0.028627004457153597 -0.9995901556337005
vn -0.5001902035832065 0.028954011784618358 -0.8654313522405845
vn 0.8611250334435137 -0.1079740041933866 0.49679501929402853
vn 0.9086478788259071 -0.40859994551054496 0.0860529885242753
vn 0.8484117277532043 -0.5287438303314195 -0.025049991961709484
vn 0.9384761418900955 -0.33792805109202173 0.07118401076245369
vn 0.9625821390425934 -0.2651090382943405 0.05615000811072881
vn 0.37937608501477577 -0.13574103041834684 0.9152312050950989
vn 0.6920468214038459 0.20675694664234487 0.6916088215168803
vn 0.6559817508398108 0.3740958579079453 0.6555457510054159
vn 0.6210956495229665 0.4785557299565811 0.6206646497661747
vn 0.7029580202543297 -0.11205300322858339 0.7023490202367827
vn 0.7072507576230851 0.02059399294237789 0.7066627578245944
vn 0.6221533142612283 0.4758232403471821 0.6217053140349352
vn -0.3828138995484975 0.019916994773721303 0.9236107576417981
vn -0.6580102229273211 0.36700812433870333 0.6575162227599589
vn -0.6221859365731245 0.4757379515023241 0.6217379366187946
vn -0.6211290540984796 0.4784690416732198 0.6206980540609408
vn -0.9656600905765067 -0.23720202224895773 -0.10599900994244267
vn -0.9625357519194362 -0.2653209316171205 0.055943985581194774
vn -0.9226801843884264 -0.37933607580652895 -0.06903201379535909
vn -0.9292031604794394 -0.270443046707276 -0.2518770435008064
vn -0.8869245392414145 -0.41248825078880774 -0.20789012639515642
vn -0.9910517472456634 -0.1303869667465686 0.028559992716160318
vn -0.9685591476345765 -0.1789090272705684 -0.17287202635036641
vn -0.9415800122551347 -0.20026300260652308 -0.27078000352433723
vn -0.941594867130616 -0.20015397175607483 -0.2708089617858794
vn -0.3513120165213262 0.19387600911750402 0.915965043075547
vn -0.9603630717746575 -0.10797400806965379 0.25699101920673856
vn -0.9995642114913167 0.029519006245735318 -0.00012400002623635576
vn -0.7071318323694691 0.029192993079597617 -0.7064788325242672
vn -0.8658200469789642 0.02940000159522954 -0.49949102710213417
vn -0.9655368521285252 0.029518995479181007 -0.25858696039753937
vn 0.4973189044324733 -0.10870297911103947 -0.8607308345972448
vn 0.7032489313681821 -0.10847198941394774 -0.7026199314295678
vn 0.8611629725999476 -0.10820499655718746 -0.49667898419691664
vn 0.9603630717746575 -0.10797400806965368 -0.25699101920673856
vn 0.2573969777574272 -0.1088369905950149 -0.9601569170294838
vn 0.7963478714435827 -0.6046309023929298 -0.015859997439681306
vn 0.7949099317116753 -0.6063169479131321 -0.022314998082985676
vn 0.8051303902930899 -0.5819672821130731 -0.11436405543884716
vn 0.8670040342414581 -0.48766401925980324 0.10241000404458069
vn 0.818204764405336 -0.5627038379745176 0.1179209660457239
vn 0.3752301678348632 0.1990770890442155 0.9053014049278295
vn 0.5002178263108951 0.0060169979107360366 0.8658786993435891
vn 0.3829009235565185 0.00586199882969288 0.9237708155756414
vn 0.3664180588881502 0.2901270466271916 0.8840611420801298
vn 0.49002101184993324 0.20081300485616035 0.8482650205131692
vn 0.354902092557768 0.37524409786292284 0.8562922233193285
vn 0.49553895162276446 -0.13677698664707916 0.8577489162618372
vn 0.7010547908157974 -0.1327209603980623 0.7006477909372401
vn 0.7072420301652876 0.014826000632358435 0.7068160301471179
vn 0.8056428111355949 0.3672339139104653 0.4648428910282884
vn 0.8484237353372265 0.20138593717837144 0.4895108472988283
vn 0.7617859745163551 0.4758969840800563 0.43954998529595446
vn -0.6929410714623235 0.20105502073460416 0.6923940714059118
vn -0.6560179383313646 0.3739689648452359 0.6555819383723506
vn -0.8484049280679913 -0.5287629551688348 -0.024875997890888728
vn -0.8049109858130415 -0.5821929897385575 -0.11475899797731541
vn -0.9741835359487574 -0.22084889479887487 0.04682097769687936
vn -0.962535995328813 -0.26535099871225165 0.05579699972921712
vn -0.9384499796778659 -0.33797899268106496 0.07128699845627999
vn -0.9086450753189562 -0.40857603386748165 0.0861960071449165
vn -0.49572780429017155 -0.13316094742900064 0.8582086611852948
vn -0.37679114951961235 -0.1768240701679605 0.9092643608175376
vn -0.3794680991470584 -0.13211703451941137 0.9157232392592835
vn -0.37304202882178783 0.04961200383309778 0.9264870715817836
vn -0.4677239391500549 0.049133993607765915 0.8825078851874966
vn -0.47303828889852584 0.20634912602353683 0.8565365231122821
vn -0.8660495962079342 0.02059399039813648 0.49953376709443353
vn -0.9599490484260708 -0.11182500564118032 0.25689101295925276
vn 0.9941682525262244 -0.10784002739217924 0.00011900003022688007
vn -0.25759991291411377 -0.10870296325117566 -0.9601176754164328
vn -0.00011899995297539288 -0.10883695699145218 -0.9940596071825131
vn -0.4974349516846429 -0.10847198946422446 -0.8606929164017618
vn 0.9603235589230106 -0.10783995046906827 0.2571948818702893
vn 0.8607511136591794 -0.11182501476610289 0.4965910655731165
vn 0.8084438124653105 -0.5873978637413333 0.03717999137535826
vn 0.8103462756612119 -0.5848311989461565 0.036213012318835856
vn 0.22989488905850067 0.46038677782890414 0.857433586224087
vn 0.4630671159328031 0.3780870946573296 0.8016352006962116
vn 0.20272499089734403 0.4985769776131462 0.8428069621567041
vn 0.11154997429994862 0.5204348800967614 0.8465838049551565
vn 0.11155402511968243 0.5204171171872792 0.8465941906356781
vn 0.11374203620420961 0.49180315654146123 0.863245274771878
vn 0.8660382124439627 0.01502100368473516 0.49975212259195934
vn 0.8473970562997912 0.20691501374712348 0.48898303248730035
vn 0.8032179134576923 0.3742059596813681 0.46347695006291056
vn 0.760495846226995 0.4786309032203624 0.4388149112711952
vn 0.865990342533888 0.02079400822486353 0.49962819762297644
vn -0.8485028999606655 0.20123197627455006 0.48943694229489854
vn -0.8057254891601217 0.36712922288605443 0.4647822821717331
vn -0.7618631934698495 0.47582312083196604 0.4394961116069754
vn -0.7605718716363947 0.47855591923292784 0.43876492594855293
vn -0.8032972415479019 0.37409611248903435 0.46342813935077704
vn -0.7962167019164281 -0.6047947735799991 -0.016193993937374793
vn -0.7949129567110288 -0.6063149669816037 -0.022260998787721826
vn -0.8183730030995878 -0.5621640021291961 0.11932000045192438
vn -0.9625362706373237 -0.2653810746174726 0.05564901564689152
vn -0.38280691329998606 0.005699998709035734 0.9238107907707368
vn -0.4899820974417694 0.20065803990446687 0.8483241687045475
vn -0.37515321766602344 0.19894411542850327 0.9053625252964691
vn -0.3663500302654595 0.2900120239589091 0.884127073040835
vn -0.4630408573896889 0.37797388358916423 0.8017037530861051
vn -0.3548398475022857 0.37514683877505334 0.8563606319662522
vn -0.4954608944997888 -0.136984970831314 0.8577608173540064
vn -0.6920741399900029 0.20657404178497496 0.691636139901406
vn -0.9941682525262244 -0.10784002739217924 -0.00011900003022692797
vn -0.9603235589230106 -0.10783995046906816 -0.2571948818702893
vn -0.7032700054415517 -0.10820500083723605 -0.7026400054366772
vn -0.8611250334435137 -0.10797400419338637 -0.49679501929402853
vn 0.4970970652044748 -0.1125450147625866 -0.8603651128545292
vn 0.7029369458590955 -0.11231699134923318 -0.7023279459060012
vn 0.8607867681634701 -0.11205296982066554 -0.4964778662831377
vn 0.9599490484260708 -0.11182500564118021 -0.25689101295925276
vn 0.25728195194938397 -0.11267597895635426 -0.9597448207556748
vn 0.7449307584387349 -0.6644187845466302 0.06021498047388055
vn 0.07522498189417652 0.3612679130467975 0.9294227762981885
vn 0.22500293103087463 0.49504084825737954 0.8392307427544164
vn 0.43532595315871225 0.4924659470104205 0.7536369189082951
vn 0.11394606539150073 0.48914128070896773 0.8647294962519706
vn 0.7072780344274665 0.006230000303251346 0.7069080344094564
vn 0.700678997022815 -0.1365439994198247 0.7002889970244721
vn 0.6928461774029401 0.20098905146315257 0.6925081773163954
vn 0.8984362200427799 0.36729508995700616 0.2406380589364791
vn 0.8495327783798645 0.47593887584041383 0.22754394063993744
vn 0.9461451553707664 0.20147503308512446 0.2534110416137709
vn 0.8480966390170714 0.4786747962573817 0.22716190331105532
vn -0.8474672702056599 0.2067570659222265 0.48892815588938915
vn -0.8103192012399626 -0.5848611452482365 0.03633500902367331
vn -0.22493501365321833 0.4949830300447282 0.839283050943224
vn -0.05855303457423041 0.34387920305281994 0.9371865533872681
vn -0.11365503173328488 0.49176013730289164 0.8632812410341992
vn -0.7447512117912627 -0.6646411890096913 0.059981017057313936
vn -0.8082232531674873 -0.5877161840959525 0.03694401157232539
vn -0.8670750124104446 -0.48737500697579844 0.10318200147684387
vn -0.11145994332636716 0.5203927353977944 0.8466215695214034
vn -0.3792679087769764 -0.13591796730847094 0.9152497798604883
vn -0.5001578113242541 0.0058259978022445055 0.8659146733489046
vn -0.22981694220805574 0.46032288424284884 0.8574887843677513
vn -0.7006552749003994 -0.13678205366610746 0.700266274747776
vn -0.7010319477405239 -0.13296199008814955 0.7006249477708644
vn -0.7072448814838026 0.01459999755341276 0.7068178815553569
vn -0.9657957450236794 0.020793994510250956 0.258468931762531
vn -0.9462090900194985 0.20138601915926257 0.25324302409278276
vn -0.9937426457755283 -0.11169396018613652 -0.00011499995900772172
vn 0.9937426457755283 -0.11169396018613652 0.00011499995900767212
vn -0.2574790851850383 -0.11254503723468744 -0.9597073175120207
vn -0.00011599997414036065 -0.11267597488137285 -0.9936317784916795
vn -0.4972090976841949 -0.11231702206636571 -0.8603301690247832
vn 0.9599115982175657 -0.11169395324916538 0.25708789239280005
vn 0.02688801149122604 0.22286509524665596 0.9744784164663406
vn 0.17780991058999812 0.3602588188473207 0.9157495395241595
vn 0.6547289471015043 0.37821796944206937 0.6544319471255003
vn 0.858493489008516 -0.1325109211270056 0.4954087051234136
vn 0.965836193952966 0.015134003039112366 0.2587110519526771
vn 0.9450249762089966 0.2070059947886241 0.253132993627377
vn 0.8957439807052271 0.3742689919380589 0.2399279948318312
vn 0.965743396353726 0.020910008581741055 0.2586551061554399
vn -0.8985012983469566 0.3672341219399268 0.24048807985396006
vn -0.8495927371691819 0.47589685277609645 0.22740792964886647
vn -0.8481561002855591 0.4786310565931 0.22703202684415502
vn -0.8958053002426337 0.374206125420817 0.239797080371602
vn -0.945080807304186 0.20691495781138927 0.2529989484151642
vn -0.2197760604109529 0.3849571058150988 0.8963852463939286
vn -0.15167803311124242 0.23316905090069256 0.9605342096841606
vn -0.01607100773990365 0.28315513636938683 0.9589394618315893
vn -0.22532596360918383 0.4923309204870856 0.8407368642184853
vn -0.11384798459272559 0.4891139338072374 0.8647578829705942
vn -0.6928719974845283 0.2008109992709555 0.6925339974857554
vn -0.6547668085599633 0.37808688945534935 0.6544698086467999
vn -0.4353071206630152 0.4923811364833922 0.7537032089193985
vn -0.7072789737277693 0.006012999776643963 0.7069089737415132
vn -0.8660809096274931 0.014825998452958922 0.4996839478597317
vn -0.9599115982175659 -0.11169395324916528 -0.2570878923928001
vn -0.8607511136591794 -0.11182501476610267 -0.4965910655731165
vn -0.7029580202543297 -0.11205300322858308 -0.7023490202367827
vn 0.5001620429396635 0.020162001730938354 -0.8656970743213955
vn 0.7072541033153333 0.020363002974617666 -0.7066661032294386
vn 0.8660495962079342 0.020593990398136704 -0.49953376709443353
vn 0.9657957450236794 0.020793994510251074 -0.258468931762531
vn 0.2588749492669868 0.020045996071486518 -0.9657028107464101
vn 0.1903339446653623 0.20603394010099726 0.9598557209469459
vn 0.5654908633598937 -0.8171658025474338 0.11162497302794923
vn 0.4345638596217727 0.4951198400602259 0.7523367569708159
vn 0.8484127192102214 0.20114293342994682 0.48962983795262544
vn 0.8580396251148472 -0.13633694043317682 0.495156783661592
vn 0.8017309668380027 0.3783309843510957 0.4627019808612585
vn 0.9301045642991297 0.3672948279433492 0.0000939999559664705
vn 0.8794782236381485 0.4759391210241948 0.00008500002161433893
vn 0.8779921253715774 0.47867506835169327 0.0000820000117091758
vn 0.9794936657591078 0.2014749312490084 0.0001039999645112589
vn 0.9273201513154781 0.37426906107135904 0.00008300001354361142
vn -0.9658738651418027 0.015020997902723298 0.2585769638967111
vn -0.46160397253341046 0.3848299771016548 0.7992669524416196
vn -0.07019399907035069 0.11524399847370828 0.99085398687713
vn -0.5653289103823722 -0.8173018704388658 0.1114489823327742
vn -0.4345480195976815 0.49503302232549456 0.7524030339326253
vn -0.6155489401831113 0.4924659521438846 0.6152859402086688
vn -0.8585077091852846 -0.13272095504151418 0.49532783221044946
vn -0.8580516932976285 -0.13654395119367066 0.4950788230388095
vn -0.9997813557312677 0.020910007439970162 -0.00011100003949481543
vn -0.9794936657591078 0.2014749312490084 -0.00010399996451116942
vn -0.965743396353726 0.020910008581741173 -0.2586551061554399
vn 0.9997813557312677 0.020910007439970162 0.00011100003949482473
vn -0.5002560339301169 0.02036300138113099 -0.8656380587123362
vn -0.00011100000583649145 0.02004600105403903 -0.9997990525704352
vn 0.08927596609759222 0.09631996342264511 0.9913386235407162
vn 0.1794040051205492 0.04803600137104336 0.9826020280454274
vn 0.4616199479511998 0.3849479565961579 0.7992009098881048
vn 0.6155091556665937 0.4925641245729307 0.6152471556003322
vn 0.8661031554023048 0.0064190011517421125 0.49982408968194497
vn 0.7537070812628176 0.4926500531162998 0.4349960469001889
vn 0.9574434693843824 -0.1323900649039143 0.25646612573190775
vn 0.999885471075153 0.015134007130071323 0.00008100003816147932
vn 0.9783396837395191 0.20700593308275536 0.00008299997316927148
vn -0.9301045642991297 0.3672948279433492 -0.00009399995596630738
vn -0.8794782236381485 0.4759391210241948 -0.00008500002161412757
vn -0.8779921253715774 0.47867506835169327 -0.00008200001170896321
vn -0.9783396837395191 0.20700593308275536 -0.00008299997316917954
vn -0.48936813818069863 0.20615805821193126 0.8473592392650492
vn -0.22705994918285377 0.00004299999037617199 0.9738807820406359
vn -0.8484721353291953 0.2009890320572506 0.4895900780883998
vn -0.8017988002502952 0.3782179057757194 0.4626768847347102
vn -0.7537738501286678 0.49256390206451406 0.43497791351422005
vn -0.6144758141333839 0.4951198502361703 0.614227814208399
vn -0.8661398403405604 0.006229998851596271 0.49976290787646277
vn -0.865990342533888 0.020794008224863752 -0.49962819762297644
vn -0.7072507576230851 0.0205939929423782 -0.7066627578245944
vn -0.25906087542205897 0.020161990304444162 -0.9656505356351851
vn 0.4900509417008481 0.20090097609971652 -0.8482268990902687
vn 0.6929410714623235 0.2010550207346045 -0.6923940714059118
vn 0.8485028999606655 0.20123197627455028 -0.4894369422948984
vn 0.9462090900194985 0.20138601915926269 -0.25324302409278265
vn 0.25364697137822373 0.20081197734017717 -0.9462228932272686
vn 0.18560308188986102 -0.09587404230054783 0.9779364314749392
vn 0.3110950051338454 -0.9361310154485023 0.16394700270553525
vn 0.4893911449530294 0.20631706110916234 0.8473072509643955
vn 0.6144349640650795 0.4952199710373084 0.6141879640795253
vn 0.9461829623031254 0.2012319919827163 0.2534629899017813
vn 0.8941178385491565 0.3783959316730528 0.23951995674988544
vn 0.9569413226486108 -0.13621904592850673 0.2563350864276184
vn 0.8405612814628327 0.4926991649808356 0.22517607540044673
vn 0.9911977059944491 -0.13238996073095904 0.00007699997716051026
vn 0.8985012983469564 0.3672341219399268 -0.24048807985395984
vn 0.8495927371691819 0.47589685277609656 -0.22740792964886625
vn 0.8481561002855591 0.4786310565931001 -0.2270320268441548
vn 0.8958053002426337 0.3742061254208171 -0.23979708037160183
vn -0.9273201513154781 0.37426906107135904 -0.00008300001354344521
vn -0.999885471075153 0.015134007130071323 -0.0000810000381614726
vn -0.6527389086576817 0.3849479461315429 0.6524929086921063
vn -0.6920150122147571 0.2063170036417013 0.6917720122104679
vn -0.5001037166920749 0.00009499994618249595 0.8659655094319768
vn -0.20372109532988283 -0.06073202841913444 0.9771434572475478
vn -0.3109240533537948 -0.936202160649964 0.16386502811883139
vn -0.7524622484374917 0.4952201635048874 0.43423214336871363
vn -0.9574623573949133 -0.13251104946280626 0.2563330956822414
vn -0.9569585959176196 -0.13633694243078393 0.25620789181444703
vn -0.9461451553707664 0.20147503308512457 -0.2534110416137708
vn -0.2538159204365896 0.20090093702379422 -0.9461587034086237
vn -0.00010399997883288645 0.20081195912874633 -0.9796298006159669
vn -0.4901248386131901 0.2010549337972457 -0.8481477207245091
vn 0.2742349824098832 -0.3650739765832434 0.8896719429342191
vn 0.5001409729171169 0.0002779999849459699 0.8659439531087032
vn 0.6526992336790951 0.38508413786765494 0.6524522335906643
vn 0.7523959659281256 0.49530697757027164 0.43424798033529793
vn 0.9659233142974918 0.006528002124117524 0.25874608419223766
vn 0.8391018452708927 0.49535690865693743 0.22478795854944156
vn 0.9906787511028925 -0.13621896577648757 0.00007399998140829076
vn 0.9574623573949133 -0.13251104946280615 -0.2563330956822415
vn 0.945080807304186 0.20691495781138938 -0.25299894841516407
vn -0.8984362200427799 0.36729508995700627 -0.24063805893647894
vn -0.8495327783798645 0.47593887584041394 -0.22754394063993721
vn -0.8480966390170714 0.4786747962573818 -0.2271619033110551
vn -0.9450249762089966 0.20700599478862422 -0.2531329936273769
vn -0.8957439807052271 0.374268991938059 -0.23992799483183103
vn -0.7072222444694453 0.0002780000960976818 0.7069912443895942
vn -0.4938649844407839 -0.1573839950416175 0.8551769730576498
vn -0.12817400112036897 0.12408100108459182 0.9839590086007858
vn -0.26145093456119234 -0.9499547622349024 0.17096595720876476
vn -0.9462294180016689 0.20114308885598478 0.253360111923121
vn -0.8941686836382579 0.37833086614448236 0.2394329152873328
vn -0.8406104384631679 0.4926496709047105 0.22510084963020666
vn -0.8391502195057824 0.4953071295629512 0.2247170587817208
vn -0.7993259178964434 0.38508396044571785 0.4612899526181438
vn -0.9659556909517025 0.006418997946302858 0.25862791725446804
vn -0.8484237353372265 0.20138593717837167 -0.4895108472988282
vn -0.6929153594592902 0.201232104391898 -0.6923683591755264
vn 0.4653510896708369 0.3669030707003942 -0.8055001552158673
vn 0.6580102229273211 0.36700812433870367 -0.6575162227599587
vn 0.8057254891601217 0.36712922288605465 -0.464782282171733
vn 0.24086605340964456 0.3668420813435723 -0.8985601992467604
vn 0.12987904305971543 0.03596601192406545 0.9908773285125513
vn 0.17298403370793158 -0.4392860855999542 0.8815351717772826
vn 0.4939148584613088 -0.1571959549531478 0.8551827549345888
vn 0.16170294386248812 -0.9696056633873932 0.1836219362529932
vn 0.6919878705394613 0.2064989613671452 0.691744870584923
vn 0.7992598585150325 0.38520193181156 0.4613059183396337
vn 0.979543622946305 0.20123192254021346 0.00006399997536466692
vn 0.9256438376939211 0.37839593365054924 0.0000559999901808226
vn 0.8701998489763942 0.4926989144918645 0.00004999999132258667
vn 0.9999786899441555 0.006527997975912941 0.00006999997829563654
vn 0.8686893742405843 0.4953572134051347 0.00004700002024821657
vn 0.9569585959176193 -0.1363369424307838 -0.2562078918144471
vn 0.9658738651418027 0.015020997902723413 -0.2585769638967111
vn 0.7618631934698495 0.47582312083196626 -0.43949611160697516
vn 0.7605718716363947 0.47855591923292806 -0.4387649259485527
vn 0.8032972415479019 0.37409611248903457 -0.4634281393507769
vn -0.965836193952966 0.01513400303911248 -0.2587110519526771
vn -0.9911977059944491 -0.13238996073095904 -0.00007699997716056905
vn -0.8474456120640633 0.206498905470811 0.4890747761158018
vn -0.6984231115350369 -0.15719602510349998 0.6982081115007024
vn -0.49355298729742697 -0.16116899585199382 0.8546519780038223
vn -0.12931999623045146 0.0034329998999312666 0.9915969710959402
vn -0.1279880496971294 0.10682904148119049 0.9860053828610346
vn -0.16228800712493055 -0.9690650425448636 0.18594500816354367
vn -0.8914207099433366 0.3852018746603379 0.23872292232267717
vn -0.9906787511028925 -0.13621896577648757 -0.00007399998140835125
vn -0.24101602546454953 0.3669030387651428 -0.8984950949305042
vn -0.00009400002247122506 0.3668420876956294 -0.9302832223893474
vn -0.46541205917784517 0.36700804666562675 -0.8054171024099991
vn 0.2555340944242093 -0.1611590595510234 0.9532733522507743
vn 0.6984469111233347 -0.15697998002445596 0.6982329111505658
vn 0.7072221865489712 0.0004910001295144012 0.7069911864880387
vn 0.8473937625225919 0.2066569420855366 0.48909786293303315
vn 0.8913721828561084 0.3852700790343121 0.23879404898621634
vn 0.9228039088615835 0.3852699619497773 0.00004699999535824874
vn 0.9659556909517025 0.006418997946302973 -0.25862791725446804
vn 0.8585077091852846 -0.13272095504151396 -0.49532783221044957
vn 0.8580516932976285 -0.13654395119367044 -0.4950788230388096
vn 0.8474672702056599 0.20675706592222673 -0.48892815588938904
vn -0.8056428111355949 0.3672339139104655 -0.4648428910282883
vn -0.7617859745163551 0.47589698408005654 -0.43954998529595424
vn -0.760495846226995 0.4786309032203626 -0.438814911271195
vn -0.8473970562997912 0.2069150137471237 -0.48898303248730024
vn -0.9574434693843822 -0.13239006490391417 -0.2564661257319078
vn -0.8032179134576922 0.37420595968136827 -0.4634769500629104
vn -0.8661071746531276 0.0004910000990115419 0.4998581007978957
vn -0.2554681082054561 -0.1612810683118208 0.9532704037649145
vn -0.12779894745381218 -0.20346991634071623 0.9707046008822663
vn -0.16213406228883817 -0.969239372363423 0.18516907113845238
vn -0.9999786899441555 0.006527997975912941 -0.00006999997829563364
vn -0.979543622946305 0.20123192254021346 -0.00006399997536457755
vn -0.9256438376939211 0.37839593365054924 -0.00005599999018065456
vn -0.8701998489763942 0.4926989144918645 -0.00004999999132236786
vn -0.8686893742405843 0.4953572134051347 -0.00004700002024799659
vn -0.9451072195394542 0.20665704800447454 0.25311105879530127
vn -0.6579764278358228 0.3671292387183391 -0.657482427514609
vn 0.44001399164193433 0.47566499096474374 -0.7616629855322116
vn 0.6221859365731245 0.47573795150232434 -0.6217379366187944
vn 0.2277520933665343 0.4756221949804077 -0.849654348314172
vn 0.17611387146465865 -0.7846544273260602 0.5943915661879314
vn 0.1743480385426893 -0.7899811746391828 0.5878201299479408
vn 0.1614809536141183 -0.9679407219561638 0.19239194473484442
vn 0.16420809341604045 -0.9669925501106145 0.19483611083995678
vn 0.49360096946905335 -0.1609849900425154 0.8546589471363544
vn 0.00003600000985147604 -0.20509405612440654 0.9787422678348157
vn 0.8660851326556718 0.0006750001033876378 0.4998960765675883
vn 0.9450680512146566 0.2067480112039851 0.2531830137203677
vn 0.9462294180016687 0.20114308885598486 -0.25336011192312086
vn 0.8941686836382579 0.37833086614448247 -0.23943291528733263
vn 0.8406104384631679 0.4926496709047106 -0.22510084963020643
vn 0.8391502195057824 0.4953071295629513 -0.22471705878172057
vn 0.8660809096274931 0.014825998452959144 -0.4996839478597317
vn 0.8661398403405604 0.0062299988515964935 -0.49976290787646277
vn 0.6211290540984796 0.47846904167322 -0.6206980540609406
vn 0.6560179383313647 0.3739689648452363 -0.6555819383723506
vn -0.8660382124439627 0.015021003684735383 -0.49975212259195934
vn -0.858493489008516 -0.13251092112700538 -0.49540870512341373
vn -0.9569413226486108 -0.13621904592850662 -0.2563350864276185
vn -0.9659564488785352 0.0006749996148823972 0.25870385239785265
vn -0.8553638452664051 -0.15697997160263977 0.4936699106961085
vn -0.6979838795499793 -0.16098497221906738 0.697783879584493
vn -0.500063982389247 -0.0084769997014657 0.8659469695039461
vn -0.16272500673282866 -0.9688500400866557 0.18668200772406135
vn -0.05264199339382506 -0.9782498772369849 0.20063897482131482
vn 0.05338397601298345 -0.978279560429744 0.20029791000016012
vn -0.1575039644468704 -0.9695747811393638 0.18739595769939615
vn -0.15954193438288877 -0.9681936017970605 0.19273692073030801
vn -0.9228039088615835 0.3852699619497773 -0.00004699999535807764
vn -0.9659233142974918 0.006528002124117639 -0.25874608419223766
vn -0.22788798887849665 0.4756649767863606 -0.8495939585376916
vn -0.4400680605832939 0.4757380654939126 -0.7615861048460428
vn -0.00008499998229412304 0.4756219009258283 -0.8796498167650038
vn 0.25890091598420684 -0.008476997249134524 0.9658666865671355
vn 0.00003599999986716001 -0.16127199940490655 0.9869099963583022
vn 0.6980079286185719 -0.1607719835587345 0.6978089286389225
vn 0.9659367905564312 0.000780999830656158 0.25877694388953065
vn 0.9783942167847873 0.20674804580958306 0.00004600001019236129
vn 0.8914207099433366 0.385201874660338 -0.238722922322677
vn 0.7010319477405239 -0.1329619900881492 -0.7006249477708644
vn 0.7006552749003995 -0.13678205366610716 -0.7002662747477763
vn 0.7072789737277693 0.006012999776644277 -0.7069089737415132
vn 0.6920741399900028 0.20657404178497524 -0.6916361399014059
vn -0.6221533142612283 0.4758232403471823 -0.621705314034935
vn -0.6210956495229665 0.4785557299565813 -0.6206646497661745
vn -0.6920468214038459 0.2067569466423452 -0.6916088215168803
vn -0.6559817508398108 0.37409585790794564 -0.6555457510054157
vn -0.8580396251148472 -0.1363369404331766 -0.4951567836615921
vn -0.7071739185487734 -0.00829999904401877 0.7069909185698512
vn -0.25884307712864796 -0.008579002556324593 0.9658812878080366
vn -0.9461829623031254 0.2012319919827164 -0.2534629899017812
vn -0.8941178385491565 0.3783959316730529 -0.23951995674988527
vn -0.8405612814628327 0.4926991649808357 -0.2251760754004465
vn -0.8391018452708927 0.49535690865693754 -0.22478795854944134
vn -0.9783942167847873 0.20674804580958306 -0.00004600001019226947
vn 0.4392660374628057 0.4783930407997525 -0.760385064849443
vn 0.22736603739250794 0.4783500786692214 -0.8482251394986937
vn 0.5000949010347295 -0.008299998357488781 0.8659308286383675
vn 0.00003500000696788957 -0.008579001707929499 0.9999631990751933
vn 0.8553695695080006 -0.15679192108946832 0.49371975151979847
vn 0.7071751068845753 -0.00809500122350302 0.706992106856916
vn 0.9999996940516404 0.0007809997610543311 0.00004399998653827235
vn 0.8484721353291953 0.20098903205725083 -0.4895900780883997
vn 0.8017988002502952 0.3782179057757196 -0.46267688473470997
vn 0.7537738501286678 0.4925639020645143 -0.4349779135142198
vn 0.7524622484374917 0.4952201635048876 -0.4342321433687134
vn 0.7072448814838026 0.014599997553413072 -0.7068178815553569
vn 0.4639381135502591 0.37385909150314567 -0.8031131965643883
vn -0.7072420301652876 0.014826000632358748 -0.7068160301471179
vn -0.7010547908157974 -0.13272096039806197 -0.7006477909372401
vn -0.700678997022815 -0.13654399941982437 -0.7002889970244721
vn -0.8661031554023048 0.0064190011517423345 -0.49982408968194497
vn -0.9540075867006298 -0.1567919320739084 0.25551088930644666
vn -0.85483005609395 -0.16077201054985976 0.49337403237520494
vn -0.4899268712320474 0.20039694732947666 0.8484177770095366
vn -0.6928186875627446 0.200550909558479 0.6926626876330952
vn -0.8913721828561084 0.3852700790343122 -0.23879404898621617
vn -0.22749601637732506 0.4783930344392767 -0.8481660610590527
vn -0.00008200001960682203 0.47835011437711383 -0.8781692099768693
vn -0.43931580070487153 0.4784687829431645 -0.7603086550868171
vn 0.2536469661458685 0.20039697325311773 0.9463108736963693
vn 0.000029999999294205027 0.20030799528745383 0.9797329769503125
vn 0.8548373908514055 -0.16058807342457757 0.4934212256035845
vn 0.9540060029664819 -0.15668400048720899 0.25558300079473534
vn 0.9876487902540363 -0.15668396672518617 0.000040999991292838984
vn 0.9451072195394542 0.20665704800447465 -0.25311105879530116
vn 0.7993259178964431 0.385083960445718 -0.4612899526181435
vn 0.4957291086982858 -0.1331720292005673 -0.8582061881784626
vn 0.5001578171510882 0.00582399787084888 -0.8659146834368031
vn 0.6928719974845283 0.20081099927095583 -0.6925339974857554
vn 0.48942794398889045 0.20641597637734438 -0.8472619030376588
vn -0.46398729040532805 0.3739692340638643 -0.8030335026111977
vn -0.5002080813368419 0.014600002374048373 -0.8657821407813824
vn -0.48948324101034907 0.2065741017123617 -0.847191417137671
vn -0.7072780344274665 0.00623000030325166 -0.7069080344094564
vn -0.9999996940516404 0.0007809997610543311 -0.000043999986538271996
vn -0.8660615958728031 -0.008094996222661237 0.49987176674664147
vn -0.2536019429101515 0.2003079549074793 0.9463417869633464
vn -0.8484540697679568 0.2007290165058472 0.4897280402700936
vn -0.8484127192102214 0.20114293342994705 -0.4896298379526253
vn -0.8017309668380027 0.3783309843510959 -0.4627019808612583
vn -0.7537070812628176 0.4926500531163 -0.43499604690018867
vn -0.7523959659281255 0.49530697757027176 -0.43424798033529766
vn -0.9450680512146566 0.2067480112039852 -0.2531830137203676
vn 0.240137100664293 0.373796156693513 -0.8958853755507487
vn 0.4899372184642793 0.2005510894262519 0.8483753782927864
vn 0.8660455861602031 -0.007918005359094024 0.4999023383457648
vn 0.9540075867006298 -0.1567919320739083 -0.2555108893064468
vn 0.9659564488785352 0.0006749996148825121 -0.25870385239785265
vn 0.6547668085599633 0.3780868894553497 -0.6544698086467997
vn 0.6155489401831113 0.49246595214388483 -0.6152859402086686
vn 0.6144758141333839 0.4951198502361705 -0.6142278142083988
vn 0.5001391365452549 0.014405003932775676 -0.8658252363828762
vn 0.495461115872266 -0.13698803203705212 -0.8577602006022571
vn -0.4958092561378548 -0.13296206868895352 -0.8581924433470507
vn -0.4955390377727124 -0.13678201042627733 -0.8577480653822777
vn -0.5002178383461281 0.006012998056797965 -0.8658787201766169
vn -0.9876487902540363 -0.15668396672518617 -0.00004099999129290856
vn -0.9534163315982577 -0.16058805585253558 0.2553600888142542
vn -0.46070987300349814 0.3888378928152941 0.7978417800717523
vn -0.797824007969863 0.3890980038868944 0.4605210046003747
vn -0.7992598585150325 0.3852019318115602 -0.46130591833963347
vn -0.24026895396231043 0.37385892836527174 -0.8958238283521085
vn -0.00008299999536752138 0.3737959791373258 -0.9275109482328328
vn 0.2385150851159122 0.3888381387598307 0.8898963175662321
vn 0.692792900910185 0.20072897128983752 0.6926369009324975
vn -0.2384819634831676 0.38876794047107976 0.8899358637312512
vn 0.8484119108840902 0.2008829788995542 0.4897379485586632
vn 0.9534161508299702 -0.16048102538802003 0.2554280404085914
vn 0.98703893074639 -0.1604809887401728 0.00003799999733377065
vn 0.9534163315982577 -0.16058805585253547 -0.2553600888142543
vn 0.8474456120640635 0.20649890547081126 -0.4890747761158018
vn 0.6527389086576817 0.3849479461315432 -0.6524929086921061
vn 0.2588710407021675 0.014292002247124756 -0.9658061518532303
vn 0.2565839007951895 -0.13329294846402404 -0.9572866298776409
vn 0.2564459465835971 -0.13710697144130612 -0.9567848007065306
vn 0.4899821957604208 0.20065708016763648 -0.8483243389272733
vn 0.25333002543864247 0.2063250207185409 -0.9451210949062298
vn -0.2534640736849318 0.20641606000753135 -0.9450652747413836
vn -0.2590051393611198 0.014405007750803984 -0.9657685196444468
vn -0.25671694564057757 -0.1331719718010375 -0.9572677973000012
vn -0.49002196853324026 0.20081098710492304 -0.8482649455286683
vn -0.6928461774029399 0.20098905146315285 -0.6925081773163951
vn -0.9659367905564312 0.0007809998306562729 -0.25877694388953065
vn -0.9540060029664816 -0.15668400048720882 -0.2555830007947354
vn -0.9659199132971006 -0.007917999289264637 0.2587199767767785
vn -0.9462566234074445 0.20088292005233 0.2534648991256794
vn -0.6514887463849269 0.38895884858398944 0.651362746433977
vn -0.8897748785479619 0.3892189468725904 0.23834696746623713
vn -0.6547289471015043 0.3782179694420697 -0.6544319471255001
vn -0.6155091556665937 0.4925641245729309 -0.6152471556003319
vn -0.6144349640650795 0.49521997103730864 -0.614187964079525
vn -0.8473937625225919 0.2066569420855368 -0.48909786293303303
vn 0.46070483817699326 0.3889588633778341 0.7977857197770174
vn 0.00002399999300045106 0.3887678866166397 0.9213357312943159
vn 0.9462256650550984 0.20097192885996917 0.2535099102625779
vn 0.9659051873059373 -0.00781600151565968 0.25877805018159744
vn 0.8553638452664051 -0.15697997160263955 -0.4936699106961086
vn 0.85483005609395 -0.16077201054985954 -0.49337403237520505
vn 0.8661071746531276 0.000491000099011764 -0.4998581007978957
vn 0.4630408573896889 0.37797388358916456 -0.8017037530861049
vn 0.43530793117042127 0.49238092214621204 -0.753702880826771
vn 0.4345480195976815 0.4950330223254949 -0.7524030339326251
vn 0.25888294504200426 0.005714998786768965 -0.9658917949518184
vn -0.2565738799947798 -0.1369879359277434 -0.9567675524988715
vn -0.25899994061442844 0.005823998664627362 -0.9658597785399686
vn -0.25372402853761167 0.20065702256890008 -0.9462351064277995
vn -0.9534161508299702 -0.16048102538801992 -0.2554280404085915
vn -0.98703893074639 -0.1604809887401728 -0.00003799999733384192
vn -0.4305589315544826 0.5085609191545856 0.7456438814657472
vn -0.6088487744319212 0.5086568115513332 0.608745774470081
vn -0.7456008432948504 0.5087678930707368 0.43038890954388137
vn -0.831528067027817 0.5088640410185142 0.22275201795559546
vn -0.6526992336790951 0.3850841378676553 -0.6524522335906641
vn -0.00008300004175720701 0.20632510380187657 -0.978483492273701
vn 0.2229018624026113 0.5085606860653309 0.8316734866076994
vn 0.00002000000063094003 0.5085050160418078 0.8610590271638296
vn 0.6514471653197225 0.38909809874260415 0.6513211652877472
vn 0.7977679210046255 0.3892189614593456 0.46051595439948223
vn -0.22287703678028606 0.5085050839160582 0.831714137253637
vn 0.8897360692744082 0.38928803030977255 0.23837901856007201
vn 0.9999694539652358 -0.00781600354830228 0.000035000015889274085
vn 0.9659199132971006 -0.007917999289264522 -0.2587199767767785
vn 0.8660615958728031 -0.008094996222661015 -0.49987176674664147
vn 0.6920150122147571 0.20631700364170164 -0.6917720122104679
vn 0.46160397253341046 0.3848299771016551 -0.7992669524416194
vn -0.00008099998873172787 0.014291998011776203 -0.9998978608997188
vn -0.0000769999749862927 -0.1332929566993233 -0.9910766780453247
vn -0.0000740000176097493 -0.1371070326272957 -0.9905562357222004
vn 0.25362207957787103 0.2005680629313486 -0.9462812969104707
vn -0.46306674472202447 0.37808679156950536 -0.801635558076876
vn -0.2397670177589443 0.3779740279955926 -0.8942300662333879
vn -0.8660851326556718 0.0006750001033878598 -0.4998960765675883
vn -0.8553695695080006 -0.1567919210894681 -0.4937197515197986
vn -0.8548373908514055 -0.16058807342457734 -0.4934212256035846
vn -0.9999694539652358 -0.00781600354830228 -0.000035000015889277555
vn -0.9795969862400911 0.20097199717704686 -0.000029999999578560384
vn -0.921116076924249 0.38928803251022354 -0.00002400000200420181
vn -0.43532595315871225 0.49246594701042085 -0.7536369189082949
vn -0.4345638596217727 0.49511984006022625 -0.7523367569708157
vn -0.4616199479511998 0.3849479565961582 -0.7992009098881045
vn -0.6919878705394613 0.20649896136714554 -0.691744870584923
vn 0.4305478888803402 0.5086568687212741 0.7455848075727874
vn 0.9795969862400911 0.20097199717704686 0.000029999999578649634
vn 0.921116076924249 0.38928803251022354 0.000024000002004374687
vn 0.6984231115350369 -0.15719602510349964 -0.6982081115007024
vn 0.6979838795499793 -0.16098497221906705 -0.697783879584493
vn 0.7071739185487734 -0.008299999044018458 -0.7069909185698512
vn 0.7072222444694453 0.0002780000960979958 -0.7069912443895942
vn 0.23968006401555764 0.3779081009345436 -0.8942812388513721
vn 0.22532596360918383 0.49233092048708593 -0.840736864218485
vn 0.22493398680357327 0.49498197096039875 -0.8392839507608906
vn -0.00006999997667667665 0.005714998095817466 -0.9999836668149975
vn -0.00006399998626816441 0.20056795696614396 -0.9796797897999268
vn -0.00005600000783302965 0.3779080528600818 -0.9258431295027796
vn -0.9659051873059373 -0.007816001515659565 -0.25877805018159744
vn -0.8660455861602031 -0.007918005359093802 -0.4999023383457648
vn -0.4297899607829573 0.5111369533602884 0.7443249320825862
vn -0.6077620248848168 0.5112350209325184 0.6076710248810908
vn -0.7442719181981944 0.5113469437986273 0.4296319527797992
vn -0.8300477802975873 0.5114448646274667 0.22236194114380398
vn -0.8608143049189882 0.5089191802701474 -0.000020000007084320762
vn -0.4893911449530294 0.20631706110916273 -0.8473072509643955
vn 0.222500075341987 0.5111371730789984 0.830200281118731
vn 0.000017000002169387415 0.5110800652194422 0.8595331096858867
vn -0.22247997387184218 0.5110799399785195 0.830240902496099
vn 0.6088028650789503 0.5087678872483995 0.6086988651019987
vn 0.7455420721725766 0.508864049260841 0.43037704166286683
vn 0.8314880046226575 0.5089190028293352 0.22277600123852329
vn 0.8608143049189882 0.5089191802701474 0.00002000000708454677
vn 0.9462566234074448 0.20088292005233016 -0.2534648991256793
vn 0.8484540697679568 0.20072901650584743 -0.4897280402700935
vn 0.4893681381806985 0.2061580582119316 -0.847359239265049
vn 0.2389389529082432 0.3847619241684343 -0.8915528242865456
vn -0.22540202899414108 0.4923810633364576 -0.8406871081401116
vn -0.00005000000243687518 0.4923310239949841 -0.8704080424215128
vn -0.7072221865489712 0.0004910001295147152 -0.7069911864880387
vn -0.6984469111233347 -0.15697998002445562 -0.6982329111505658
vn -0.6980079286185719 -0.16077198355873418 -0.6978089286389225
vn -0.7071751068845753 -0.008095001223502707 -0.706992106856916
vn -0.9462256650550984 0.20097192885996928 -0.2535099102625778
vn -0.22500496553610458 0.4950329241760605 -0.8392348714548241
vn -0.23901008472717797 0.38483013641922914 -0.8915043160312038
vn -0.25338097049872865 0.2061579759969254 -0.9451438899564307
vn -0.5001409729171169 0.0002779999849463545 -0.8659439531087032
vn 0.4297758895138732 0.5112348685725236 0.744265808665287
vn 0.8897748785479619 0.3892189468725905 -0.23834696746623696
vn 0.5001037166920749 0.00009499994618288052 -0.8659655094319768
vn 0.49355298729742697 -0.16116899585199343 -0.8546519780038223
vn 0.6928186875627446 0.20055090955847935 -0.6926626876330952
vn -0.00004700000926036573 0.49498209752583744 -0.8689031711991396
vn -0.8484119108840902 0.20088297889955442 -0.4897379485586631
vn -0.8897360692744082 0.38928803030977266 -0.23837901856007185
vn -0.23772991108510733 0.3955218520683286 0.8871566681888301
vn -0.6494282652362992 0.39571916161767423 0.6493452652024008
vn -0.7953085248856129 0.39586376351244373 0.4591037257331232
vn -0.8869777671661493 0.3959888960519384 0.2376199376241806
vn -0.8592827648233621 0.5115008600076046 -0.000016999995347166834
vn -0.2589349360074752 0.00009499997652216069 -0.965894761291213
vn 0.4592368618739721 0.39571888097846275 0.7953037607941381
vn 0.000015999992691293008 0.3955218193278493 0.9184565804541814
vn 0.6077149389216131 0.5113469486070774 0.6076239389307593
vn 0.7442130952283974 0.5114450654437475 0.42961705497315755
vn 0.8300078725983663 0.5115009214874278 0.22238196586559406
vn 0.8592827648233621 0.5115008600076046 0.000016999995347393988
vn 0.8315280670278172 0.5088640410185143 -0.2227520179555953
vn 0.4938649844407839 -0.15738399504161713 -0.8551769730576498
vn 0.500063982389247 -0.008476999701465315 -0.8659469695039461
vn 0.797824007969863 0.38909800388689464 -0.4605210046003745
vn 0.25330900488139124 0.20606700397101446 -0.9451830182141495
vn -0.000046999992124940486 0.3847619355314119 -0.9230158453445545
vn -0.4939148584613089 -0.15719595495314745 -0.8551827549345891
vn -0.49360096946905346 -0.16098499004251504 -0.8546589471363545
vn -0.6927929009101849 0.2007289712898378 -0.6926369009324974
vn -0.45925010941635164 0.39559409425030406 0.7953581894941114
vn -0.8314880046226575 0.5089190028293352 -0.22277600123852306
vn -0.00004599999475487389 0.20606697650331757 -0.9785378884227128
vn -0.000043999999954240006 -0.000011999999987297957 -0.9999999989600001
vn 0.23774792644793538 0.3955938776151408 0.8871197255518132
vn 0.2588611458862876 -0.00001200000676262524 -0.9659145443601301
vn 0.25562797293296136 -0.15749198332404077 -0.9538608990009211
vn 0.2554669336171814 -0.16127495809286865 -0.9532717522933207
vn 0.6514887463849269 0.38895884858398977 -0.6513627464339767
vn 0.4899268712320474 0.20039694732947705 -0.8484177770095366
vn -0.5000949010347295 -0.008299998357488396 -0.8659308286383675
vn -0.4899372184642792 0.20055108942625224 -0.8483753782927863
vn -0.7977679210046255 0.3892189614593458 -0.460515954399482
vn -0.4893211375141833 0.20588305785942665 0.8474532381602408
vn -0.6919711380738588 0.20604104111281515 0.6918981380592926
vn -0.8474357544402717 0.2062239402429098 0.48920785824323787
vn -0.9451408374806841 0.20638196451210827 0.2532099564599188
vn -0.9182241698012431 0.39606107324100664 -0.00001600000295868888
vn -0.8300078725983665 0.5115009214874279 -0.2223819658655939
vn -0.00004100001061603162 -0.15749204077902543 -0.987520255696184
vn -0.255701036215196 -0.1573840222904578 -0.9538591350960327
vn 0.2533108996712985 0.20588291845607137 0.9452226256262215
vn 0.6493841056700631 0.39586406441639116 0.6493011056565572
vn 0.000013999996649269201 0.20579195074617176 0.9785957657848746
vn -0.25329305292280274 0.20579204299798798 0.9452471974990249
vn 0.7952540633272766 0.39598903153320175 0.4590900365580299
vn 0.8869405798018 0.3960608123616798 0.23763888741587097
vn 0.9182241698012431 0.39606107324100664 0.000016000002958864764
vn 0.8300477802975873 0.5114448646274667 -0.22236194114380375
vn 0.7456008432948504 0.508767893070737 -0.43038890954388115
vn 0.25884307712864796 -0.008579002556324163 -0.9658812878080366
vn 0.46070987300349814 0.3888378928152944 -0.7978417800717521
vn -0.2555351044848759 -0.1611690658998685 -0.9532713897798817
vn -0.25890091598420684 -0.008476997249134094 -0.9658666865671355
vn -0.6514471653197225 0.3890980987426045 -0.651321165287747
vn -0.7455420721725766 0.5088640492608412 -0.4303770416628666
vn 0.48931668515074817 0.20604086742366445 0.8474174547319564
vn -0.00003800001897436421 -0.16127508052869946 -0.9869094927887055
vn 0.6088487744319212 0.5086568115513335 -0.6087457744700808
vn 0.2536019429101514 0.2003079549074797 -0.9463417869633461
vn -0.25364696614586846 0.20039697325311814 -0.9463108736963691
vn -0.46070483817699326 0.3889588633778344 -0.7977857197770172
vn -0.49997689216549557 -0.014169996943829753 0.8659228132386537
vn -0.7070680004677254 -0.013998000009259833 0.7070070004676852
vn -0.8659644031402961 -0.013799006423977259 0.4999152327300917
vn -0.9658441677236835 -0.01362700236639736 0.2587650449358478
vn -0.9784522855960763 0.20647306026650122 -0.000014000004086352943
vn -0.8869405798018002 0.39606081236168 -0.23763888741587086
vn -0.7442130952283974 0.5114450654437477 -0.42961705497315733
vn 0.258822956223983 -0.014169997603357872 0.9658208366459066
vn 0.000011000001961163026 -0.014270002544163529 0.9998981782693624
vn 0.691943889997191 0.20622396721523792 0.6918708900087963
vn 0.8474000571431537 0.2063820139170619 0.48920303298867385
vn -0.2588038610299986 -0.01426999233743735 0.9658244813808845
vn 0.9451158678605245 0.20647297113239646 0.2532289645953013
vn 0.9784522855960763 0.20647306026650122 0.000014000004086444636
vn 0.8869777671661493 0.3959888960519385 -0.23761993762418043
vn 0.7442719181981944 0.5113469437986276 -0.429631952779799
vn -0.00003500000696788957 -0.008579001707929055 -0.9999631990751933
vn 0.4305589315544827 0.5085609191545859 -0.7456438814657471
vn 0.2384819634831676 0.3887679404710802 -0.889935863731251
vn -0.2385150851159122 0.38883813875983114 -0.8898963175662319
vn -0.43054788888034023 0.5086568687212745 -0.7455848075727874
vn -0.6088028650789503 0.5087678872483997 -0.6086988651019984
vn 0.4999880853207241 -0.013998002388696513 0.8659191477652185
vn 0.6077620248848168 0.5112350209325186 -0.6076710248810906
vn -0.00002999999929420502 0.20030799528745422 -0.9797329769503123
vn -0.2229018624026113 0.5085606860653313 -0.8316734866076991
vn -0.4917351329784747 -0.18130004902843516 0.8516612303122226
vn -0.6954341170735618 -0.18113403049319224 0.6953861170654811
vn -0.8517470371438374 -0.1809430078907439 0.4917180214433316
vn -0.9999084922705705 -0.013528006660049004 -0.000011000005415477503
vn -0.9451158678605245 0.20647297113239657 -0.2532289645953012
vn -0.7952540633272766 0.395989031533202 -0.45909003655802966
vn -0.6077149389216131 0.5113469486070776 -0.607623938930759
vn 0.25455396987863055 -0.18129997854677504 0.949911887596933
vn 0.000009000001183513733 -0.181396023853851 0.9834101293199156
vn -0.2545339775789937 -0.18139598402146354 0.9498989163267326
vn 0.7070699563801486 -0.013798999148726126 0.7070089563839118
vn 0.8659609332664551 -0.01362699894986273 0.49992596147420704
vn 0.9658404486136759 -0.013528006283489878 0.25878412020007613
vn 0.9999084922705705 -0.013528006660049004 0.000011000005415471495
vn 0.9451408374806841 0.20638196451210838 -0.2532099564599187
vn 0.7953085248856129 0.39586376351244396 -0.45910372573312297
vn 0.4297899607829573 0.5111369533602886 -0.744324932082586
vn 0.22287703678028606 0.5085050839160586 -0.8317141372536367
vn -0.000023999993000451067 0.3887678866166402 -0.9213357312943159
vn -0.00002000000063094003 0.5085050160418082 -0.8610590271638294
vn -0.4297758895138732 0.5112348685725239 -0.7442658086652868
vn -0.222500075341987 0.5111371730789989 -0.8302002811187308
vn -0.9500177368384732 -0.18077694992352641 0.25453092949316053
vn 0.49175815022992486 -0.18113405533564741 0.851683260185443
vn 0.6494282652362992 0.39571916161767456 -0.6493452652024005
vn -0.000017000002169387415 0.5110800652194426 -0.8595331096858865
vn -0.4913798623151361 -0.18504894814919964 0.8510597615326626
vn -0.694933750674146 -0.18488593366728387 0.694898750686703
vn -0.85113816187628 -0.18469803512735333 0.49137609345384525
vn -0.9658404486136759 -0.013528006283489763 -0.25878412020007613
vn -0.9835417592260561 -0.1806809557687654 -0.000008999997796813928
vn -0.8474000571431537 0.20638201391706212 -0.48920303298867374
vn -0.6493841056700631 0.3958640644163915 -0.649301105656557
vn -0.4592368618739721 0.3957188809784631 -0.7953037607941379
vn 0.25436601609144904 -0.1850490117063861 0.9492390600498141
vn 0.000006999997180954702 -0.18514292543907113 0.9827116042414796
vn -0.2543509412099661 -0.18514295720652488 0.9492247805985825
vn 0.6954589830130667 -0.18094299558037705 0.6954109830142391
vn 0.851769015259016 -0.18077700323852974 0.4917410088092942
vn 0.9835417592260561 -0.1806809557687654 0.00000899999779673369
vn 0.9658441677236835 -0.013627002366397245 -0.2587650449358478
vn 0.847435754440272 0.20622394024291008 -0.48920785824323787
vn 0.45925010941635164 0.3955940942503044 -0.7953581894941112
vn 0.22247997387184218 0.51107993997852 -0.8302409024960988
vn -0.000015999992691293008 0.39552181932784974 -0.9184565804541812
vn -0.949341405850595 -0.18453588450742248 0.25435684080967635
vn -0.9500306502353552 -0.18068093348024872 -0.2545509062841739
vn 0.4914009880378258 -0.18488599549932042 0.8510829792820872
vn 0.9500306502353552 -0.18068093348024883 0.25455090628417376
vn 0.9500177368384732 -0.1807769499235263 -0.25453092949316064
vn 0.6919711380738587 0.20604104111281546 -0.6918981380592925
vn -0.23774792644793538 0.39559387761514125 -0.887119725551813
vn -0.4998790172643219 -0.02272600078488809 0.8657970299020326
vn -0.7069358000994385 -0.022560993620417608 0.7069178001045284
vn -0.8658149785186978 -0.02236999944498925 0.4998639875981247
vn -0.8659609332664551 -0.013626998949862508 -0.49992596147420704
vn -0.851769015259016 -0.18077700323852952 -0.49174100880929433
vn -0.9493556295216327 -0.1844419280230271 -0.25437190073342014
vn -0.9828433862270585 -0.184442072480031 -0.000007000002750825575
vn -0.6919438899971908 0.20622396721523822 -0.6918708900087961
vn -0.48931668515074817 0.20604086742366484 -0.8474174547319564
vn 0.2587609999388031 -0.022725999994625518 0.9656739997716182
vn 0.0000029999985645940305 -0.022822989079910073 0.9997395216557453
vn -0.2587550799187182 -0.022823007049081027 0.9656732982564524
vn 0.6949587468053785 -0.18469793270892226 0.6949237468181301
vn 0.8511611724342059 -0.1845360373846061 0.49139709955067423
vn 0.9828433862270585 -0.184442072480031 0.000007000002750743667
vn 0.8517470371438374 -0.1809430078907437 -0.4917180214433317
vn 0.8659644031402961 -0.013799006423977037 -0.4999152327300917
vn 0.4893211375141833 0.20588305785942704 -0.8474532381602408
vn 0.23772896760063442 0.39552194609550445 -0.8871568790920586
vn -0.25331089967129844 0.2058829184560718 -0.9452226256262213
vn -0.000013999996649269201 0.2057919507461722 -0.9785957657848746
vn -0.9656901300586725 -0.022205002990558956 0.2587460348477889
vn -0.8511611724342059 -0.1845360373846059 -0.49139709955067434
vn 0.49988376990905237 -0.02256098961542723 0.8657986014825192
vn 0.9493556295216327 -0.18444192802302722 0.25437190073342003
vn 0.949341405850595 -0.18453588450742237 -0.25435684080967647
vn 0.85113816187628 -0.1846980351273531 -0.49137609345384536
vn 0.7070680004677254 -0.01399800000925952 -0.7070070004676852
vn 0.25329305292280274 0.20579204299798842 -0.9452471974990249
vn -0.49782684534837207 0.0932129710430686 0.8622527321382124
vn -0.7040213696162443 0.0933760490230921 0.7040133696120442
vn -0.862228961686857 0.0935649958424394 0.4978019778801696
vn -0.9616745903065166 0.09372896006950317 0.257675890224683
vn -0.7070699563801486 -0.013798999148725814 -0.7070089563839118
vn -0.6954589830130667 -0.18094299558037671 -0.6954109830142391
vn -0.6949587468053785 -0.18469793270892193 -0.6949237468181301
vn -0.9656907310141271 -0.022109993841427842 -0.2587519279266012
vn -0.8658164992659952 -0.022204987158026844 -0.4998687109072631
vn -0.9997555442890322 -0.022109989921771416 -0.0000029999986325383447
vn -0.4999880853207241 -0.013998002388696128 -0.8659191477652185
vn -0.258822956223983 -0.014169997603357442 -0.9658208366459066
vn 0.2576960867474752 0.09321303137802818 0.9617193237407452
vn 0.0000010000000795250094 0.09311800740520962 0.9956550791794733
vn -0.25769588921900916 0.09311795996948205 0.961728586562106
vn 0.70693883497858 -0.022369994778150517 0.7069208349827818
vn 0.8658164992659952 -0.022204987158027066 0.4998687109072631
vn 0.9997555442890322 -0.022109989921771416 0.000002999998632528526
vn 0.9656901300586725 -0.022205002990558838 -0.2587460348477889
vn 0.6954341170735618 -0.1811340304931919 -0.6953861170654811
vn 0.694933750674146 -0.18488593366728354 -0.694898750686703
vn 0.49997689216549557 -0.014169996943829368 -0.8659228132386537
vn -0.000011000001961163026 -0.014270002544163085 -0.9998981782693624
vn 0.2588038610299986 -0.014269992337436919 -0.9658244813808845
vn -0.70693883497858 -0.022369994778150205 -0.7069208349827818
vn 0.49782001919170893 0.0933760035997849 0.8622390332406089
vn 0.9656907310141271 -0.02210999384142796 0.2587519279266012
vn 0.8658149785186978 -0.022369999444989026 -0.4998639875981247
vn 0.7069358000994385 -0.022560993620417295 -0.7069178001045284
vn 0 -1 0
vn -0.9955888943426363 0.0938229900429888 -9.999998938536837e-7
vn -0.491758150229925 -0.18113405533564708 -0.8516832601854433
vn -0.4914009880378258 -0.18488599549932003 -0.8510829792820872
vn -0.49988376990905237 -0.02256098961542685 -0.8657986014825192
vn -0.9616653613314025 0.09382303525260484 -0.25767609681794645
vn -0.8622151320521376 0.09372901435502155 -0.4977950762395619
vn -0.25455396987863055 -0.1812999785467746 -0.949911887596933
vn 0.7040088277617974 0.09356497710900352 0.7040008277637546
vn 0.8622151320521376 0.09372901435502133 0.4977950762395619
vn 0.9616653613314025 0.09382303525260473 0.25767609681794645
vn 0.9955888943426363 0.0938229900429888 9.999998938953497e-7
vn 0.9616745903065166 0.09372896006950328 -0.257675890224683
vn 0.4917351329784747 -0.18130004902843477 -0.8516612303122226
vn 0.4913798623151362 -0.18504894814919928 -0.8510597615326628
vn 0.25453397757899376 -0.18139598402146315 -0.9498989163267328
vn -0.4978200191917088 0.09337600359978526 -0.8622390332406087
vn -0.7040088277617974 0.09356497710900383 -0.7040008277637546
vn -0.000009000001183513733 -0.18139602385385056 -0.9834101293199156
vn 0.862228961686857 0.09356499584243962 -0.4978019778801696
vn 0.4998790172643219 -0.02272600078488771 -0.8657970299020326
vn -0.2576960867474752 0.0932130313780286 -0.9617193237407452
vn -0.25436601609144904 -0.18504901170638566 -0.9492390600498141
vn -0.2587609999388031 -0.022725999994625087 -0.9656739997716182
vn -0.000006999998476950997 -0.18514195971709427 -0.9827117861830669
vn 0.25875508582415985 -0.02282200756962733 -0.9656733202955456
vn 0.49782684534837207 0.09321297104306898 -0.8622527321382124
vn 0.25769588921900916 0.09311795996948247 -0.961728586562106
vn -0.0000029999986330614345 -0.022821989601242463 -0.9997395444722794
vn -0.0000010000000795250094 0.09311800740521006 -0.9956550791794733
vn 0.7040213696162442 0.09337604902309238 -0.7040133696120441
vn 0.25435098830112657 -0.1851419914843941 -0.9492249563403992
vn -0.5406679024197252 -0.19798296426783965 -0.817606852437511
vn -0.22842407451320157 -0.19798306458317488 -0.9532183109451065
vn -0.16351606309391148 -0.712498274922856 -0.682355263291947
vn 0.11137099041686081 -0.19798298296415878 -0.9738579162024517
vn -0.3870341829812902 -0.7124983368536183 -0.5852782767067587
vn 0.07972501145931521 -0.7124981024112782 -0.6971301002023509
vn -0.7877001512660131 -0.19798303801967623 -0.5833791120292185
vn -0.08801903235307365 -0.9259263403418815 -0.36730513501000617
vn 0.042915000605487745 -0.92592601306389 -0.37525900529452955
vn -0.9397233129457699 -0.19798306593213352 -0.2787880928417474
vn -0.7112992274059559 -0.19798306329618548 0.6744302156187465
vn -0.4377338974956463 -0.19798295363823834 0.8770357946241134
vn 0.4377338974956464 -0.19798295363823798 -0.8770357946241135
vn 0.31334916478958574 -0.7124983747012125 -0.6278203301692291
vn -0.20833702442282995 -0.9259261085440091 -0.3150500369325306
vn -0.5638702203131601 -0.7124982783845317 -0.4176081631662232
vn -0.6726950844938715 -0.7124980894933282 -0.19956902506686913
vn -0.8990714496194508 -0.19798309900998676 0.3904781952754609
vn -0.11137099041686079 -0.1979829829641592 0.9738579162024514
vn 0.1686730218511697 -0.9259261199514217 -0.3379500437805863
vn -0.9784022211512143 -0.1979830447507066 0.059429013432919675
vn -0.5091790149153812 -0.712498020871205 0.4827870141422801
vn -0.6435950278451394 -0.712498030826228 0.2795210120934767
vn -0.31334916478958574 -0.7124983747012127 0.6278203301692289
vn 0.7112992274059559 -0.1979830632961852 -0.6744302156187465
vn 0.5091790149153811 -0.7124980208712046 -0.4827870141422803
vn -0.30352603305747733 -0.9259261008440058 -0.22479502448276478
vn -0.7003831511227394 -0.712498153736812 0.042542009179353975
vn -0.07972501145931521 -0.7124981024112784 0.6971301002023507
vn 0.22842407451320157 -0.19798306458317533 0.9532183109451065
vn -0.1160390338823585 -0.9909762893562 0.06708901958939256
vn -0.23184504827964972 -0.9634732006346437 0.13404202791304862
vn -0.09472202099248607 -0.9909762196221562 0.09483602101775078
vn -0.18925300292405356 -0.96347301488614 0.18948100292757605
vn -0.06694901822429515 -0.9909762697551736 0.11612003160921208
vn -0.13376303036862552 -0.9634732187402403 0.23200605267303592
vn -0.03461301018616043 -0.9909762916314829 0.1294910381075345
vn -0.06915701838819663 -0.96347325617842 0.2587210687914832
vn 0.00008100002606151959 -0.990976318843709 0.13403704312602324
vn -0.3621051205851894 -0.9259263083441601 -0.10742603577411146
vn 0.2740860401163321 -0.9259261355222627 -0.25988003803708487
vn -0.1686730218511697 -0.9259261199514219 0.33795004378058585
vn -0.2740860401163321 -0.9259261355222629 0.2598800380370844
vn -0.3464410451667346 -0.925926120716237 0.15046401961652195
vn -0.042915000605487745 -0.9259260130638902 0.3752590052945291
vn 0.6435950278451394 -0.7124980308262278 -0.279521012093477
vn -0.12944904145360264 -0.9909763173413878 0.03476901113411677
vn -0.25863802861390256 -0.9634731065919261 0.06946900768556494
vn -0.4655519981592074 -0.8430979966663906 0.2691599989357412
vn 0.03476901113411699 -0.9909763173413878 0.12944904145360242
vn 0.06946900768556515 -0.9634731065919262 0.25863802861390234
vn 0.00016100001886316581 -0.9634731128829254 0.26780503137670864
vn 0.06708901958939278 -0.9909762893562 0.11603903388235828
vn 0.13404202791304884 -0.9634732006346437 0.2318450482796495
vn -0.3770100174223873 -0.9259260427888952 0.022900001058254668
vn 0.08801903235307362 -0.9259263403418815 0.36730513501000567
vn 0.16351606309391148 -0.7124982749228562 0.6823552632919467
vn 0.5406679024197252 -0.19798296426784004 0.817606852437511
vn 0.8990714496194508 -0.1979830990099866 -0.390478195275461
vn -0.2676169998487964 -0.9628749994559757 0.03539599998000104
vn -0.3800248952047293 -0.8430977675082348 0.3804828950784316
vn -0.519352105809433 -0.8430981717673589 0.13949502841981307
vn -0.2685999133792279 -0.8430977281094576 0.46587584975972124
vn -0.13886998993859184 -0.8430979389158705 0.5195199623597409
vn 0.3464410451667346 -0.925926120716237 -0.15046401961652234
vn 0.18948100292757628 -0.96347301488614 0.18925300292405334
vn 0.7003831511227394 -0.712498153736812 -0.042542009179354294
vn -0.13400600107901633 -0.9908220079780989 0.01772400014271343
vn -0.5363748879486158 -0.8409928243124124 0.07094398517944814
vn -0.7793112992824826 -0.5906432268274199 0.20931908038576366
vn -0.6985812529636527 -0.5906432138781484 0.4038871462518029
vn -0.13403704312602346 -0.990976318843709 0.00008100002606129955
vn -0.26780503137670886 -0.9634731128829253 0.00016100001886295187
vn -0.12949103810753473 -0.9909762916314829 -0.03461301018616065
vn 0.13949502841981326 -0.843098171767359 0.5193521058094328
vn 0.2691599989357414 -0.8430979966663906 0.4655519981592072
vn 0.00032399997405084313 -0.8430979324762894 0.5377599569308066
vn 0.38048289507843175 -0.8430977675082348 0.38002489520472915
vn 0.3870341829812902 -0.7124983368536185 0.5852782767067585
vn 0.7877001512660131 -0.1979830380196765 0.5833791120292185
vn 0.9784022211512143 -0.1979830447507066 -0.05942901343291976
vn 0.9397233129457699 -0.19798306593213363 0.27878809284174727
vn -0.5377599569308068 -0.8430979324762893 0.00032399997405065594
vn -0.5702441198236987 -0.5906431241100809 0.5709311199680559
vn -0.6234407922561587 -0.42561085817733524 0.655878781447125
vn -0.7763849660696486 -0.4143339818923625 0.47492497924435395
vn -0.6674272538980522 -0.4315141641536291 0.6069072308754443
vn -0.25872106879148343 -0.9634732561784198 -0.06915701838819684
vn -0.40304601973837323 -0.590643028925562 0.6990670342354106
vn -0.20838001575165438 -0.5906430446473003 0.7795630589279533
vn -0.2097529847092177 -0.4385829680277415 0.8738699362957576
vn 0.00048599993775944993 -0.5906429243581377 0.8069328966585312
vn 0.3770100174223873 -0.9259260427888952 -0.022900001058255078
vn 0.12949103810753473 -0.9909762916314829 0.034613010186160205
vn 0.1161200316092123 -0.9909762697551736 0.06694901822429493
vn 0.25872106879148343 -0.9634732561784198 0.06915701838819642
vn 0.570931119968056 -0.5906431241100809 0.5702441198236986
vn 0.4658758497597214 -0.8430977281094576 0.26859991337922773
vn 0.23200605267303612 -0.9634732187402401 0.13376303036862527
vn 0.094836021017751 -0.9909762196221562 0.09472202099248585
vn -0.067019015235535 -0.9909762252801374 -0.11608002638864975
vn -0.03469101077230637 -0.9909763077194973 -0.12947004020323755
vn -0.13390202431600726 -0.9634731749624089 -0.23192604211672962
vn 0.20833702442282995 -0.9259261085440094 0.31505003693253014
vn 0 -0.9909763220946087 -0.13403704356573246
vn -0.0693130049871402 -0.9634730693228533 -0.25868001861228695
vn 0.03469101077230637 -0.9909763077194973 -0.12947004020323755
vn 0.0693130049871402 -0.9634730693228533 -0.25868001861228695
vn -0.8069328966585313 -0.5906429243581375 0.0004859999377593188
vn -0.8023540165730235 -0.5873380121317605 0.10612300219202357
vn -0.5195199623597411 -0.8430979389158704 -0.13886998993859204
vn -0.4303390203700981 -0.4338000205339247 0.7915970374702467
vn -0.8099941872994326 -0.4111770950787523 0.4181420966893079
vn -0.4830710250139014 -0.446886023140206 0.7529510389885588
vn -0.1161200316092123 -0.9909762697551736 -0.06694901822429537
vn -0.2689298574767603 -0.4566947579680552 0.8480015505894012
vn 0.024180012240578155 -0.4397892226332354 0.89777545447829
vn 0.2093190803857638 -0.5906432268274201 0.7793112992824824
vn 0.2566189578136431 -0.4373799280978075 0.861884858312174
vn 0.403887146251803 -0.5906432138781484 0.6985812529636526
vn 0.3621051205851894 -0.9259263083441601 0.10742603577411104
vn 0.1340270045983326 -0.9908220339941138 0.01756300060256878
vn 0.26765995627761585 -0.9628748427139259 0.03507399427064575
vn 0.6990670342354107 -0.590643028925562 0.4030460197383731
vn 0.6418420332753383 -0.42138502184607507 0.6406820332151997
vn -0.13403704356573226 -0.990976322094609 0
vn -0.134016011078032 -0.9908220819033384 -0.01764400145848873
vn -0.2678050348475968 -0.9634731253700217 0
vn -0.2676380174106565 -0.9628750626379134 -0.035235002292142895
vn -0.12947004020323732 -0.9909763077194973 0.03469101077230615
vn -0.12947004020323732 -0.9909763077194973 -0.034691010772306595
vn -0.1893670053868286 -0.9634730274074358 -0.18936700538682882
vn 0.5638702203131601 -0.712498278384532 0.41760816316622285
vn 0 -0.9634731253700216 -0.26780503484759705
vn 0.13390202431600726 -0.9634731749624089 -0.23192604211672962
vn 0.067019015235535 -0.9909762252801374 -0.11608002638864975
vn 0.6726950844938715 -0.7124980894933282 0.1995690250668688
vn -0.7795630589279534 -0.5906430446473001 -0.20838001575165452
vn -0.925319205093786 -0.37918908404594265 0.00008500001883987457
vn -0.9139353879994702 -0.38752616451923017 0.1206050512013174
vn -0.9188234013885499 -0.3757891641637201 0.1206070526872627
vn -0.8786836989309444 -0.4004688627847741 0.2598839109543015
vn -0.9007462567685659 -0.3867521102483457 0.1976840563522204
vn -0.23200605267303612 -0.9634732187402401 -0.13376303036862572
vn -0.046833017400014686 -0.9835663654274304 -0.17436706478313094
vn -0.0903849725650015 -0.9835727014513053 -0.1562539525714639
vn -0.08783795777261465 -0.9409215476596019 -0.32703384278113434
vn -0.03837698883248976 -0.46060586596601577 0.8867747419530214
vn 0.19446189156574598 -0.45850774433065117 0.8671535164649281
vn 0.472806072156595 -0.4314360658429732 0.7683211172561837
vn 0.13403704312602346 -0.990976318843709 -0.00008100002606173963
vn 0.26780503137670886 -0.9634731128829253 -0.00016100001886337975
vn 0.12944904145360264 -0.9909763173413878 -0.03476901113411721
vn 0.5195199623597411 -0.8430979389158704 0.13886998993859165
vn 0.5364599017063388 -0.8409928459078383 0.07029798711954685
vn 0.7769783074208519 -0.41427616391336813 0.4740041875454819
vn 0.6393671020589818 -0.4345500693650606 0.63433110125511
vn 0.7795630589279534 -0.5906430446473001 0.20838001575165424
vn -0.5377599851567492 -0.84309797672881 0
vn -0.25868001861228673 -0.9634730693228534 0.06931300498713999
vn -0.25868001861228673 -0.9634730693228534 -0.06931300498714041
vn -0.11608002638864953 -0.9909762252801374 -0.06701901523553522
vn -0.26887997018121296 -0.8430979065004472 -0.46571394835232616
vn -0.38025391508246564 -0.8430978117211039 -0.3802539150824658
vn 0.3035260330574774 -0.9259261008440061 0.22479502448276445
vn -0.1391830067372232 -0.8430980408105831 -0.5194360251435614
vn 0.1391830067372232 -0.8430980408105831 -0.5194360251435614
vn 0.26887997018121296 -0.8430979065004472 -0.46571394835232616
vn 0.1893670053868286 -0.9634730274074358 -0.18936700538682882
vn -0.8937840306129974 -0.3624210124132823 -0.2641990090490805
vn -0.9181531481173959 -0.34111505502902617 -0.20158203251941778
vn -0.9311196385580488 -0.3647138584254019 -0.0001419999448785531
vn -0.4658758497597214 -0.8430977281094574 -0.26859991337922806
vn -0.09483602101775097 -0.990976219622156 -0.09472202099248628
vn -0.046778990054179646 -0.983571790879873 0.17435096293072244
vn -0.06638997551016994 -0.9580586465928288 0.278775897165584
vn -0.09035200615220383 -0.9835720669728996 0.1562770106411362
vn -0.16953597573525 -0.9409328653294639 -0.29309195805136334
vn -0.00007299999828574106 -0.9409109779045877 -0.3386539920473886
vn 0.4153821042440982 -0.45049411305579173 0.79026119832358
vn 0.25863802861390256 -0.9634731065919261 -0.06946900768556535
vn 0.11603903388235848 -0.9909762893561997 -0.06708901958939299
vn 0.046834977411987604 -0.983564525637271 0.17437691589986448
vn 0.0903849725650015 -0.9835727014513053 0.15625395257146346
vn 0.08783900044951608 -0.9409200048151581 0.32703800167361674
vn 0.5377599569308068 -0.8430979324762893 -0.0003239999740510303
vn 0.8105371741929681 -0.4110730883439326 0.4171910896587552
vn 0.8790242516330345 -0.4004001146201549 0.25883607409546044
vn -0.5364170671650534 -0.8409931053011738 -0.07062100884249256
vn -0.11608002638864953 -0.9909762252801374 0.06701901523553477
vn -0.2319260421167294 -0.9634731749624089 -0.13390202431600748
vn -0.0947790213130557 -0.9909762228418392 -0.09477902131305592
vn -0.465713948352326 -0.8430979065004472 -0.2688799701812131
vn -0.2319260421167294 -0.9634731749624089 0.13390202431600703
vn 0.0947790213130557 -0.9909762228418392 -0.09477902131305592
vn 0 -0.8430979767288099 -0.5377599851567494
vn 0.38025391508246564 -0.8430978117211039 -0.3802539150824658
vn -0.8438421058794071 -0.3134210393258804 -0.43554305464889714
vn -0.800304851286566 -0.34625593565838164 -0.4895089090389735
vn -0.6990670342354107 -0.5906430289255618 -0.40304601973837334
vn 0.25866197319382644 0 0.9659678998928879
vn -0.00016199999787423606 0 0.9999999868780003
vn -0.18948100292757628 -0.96347301488614 -0.18925300292405378
vn -0.06708901958939277 -0.9909762893561997 -0.1160390338823587
vn -0.13404202791304884 -0.9634732006346437 -0.23184504827964994
vn -0.16948097905732146 -0.9409268837301427 0.29314296377647253
vn -0.023768004055725024 -0.9831781677675705 0.18109603090186693
vn -0.16012606496828172 -0.7867263192001074 -0.5961722418862052
vn -0.12774404490069832 -0.9835733457157642 -0.12753404482688574
vn -0.02385299655832293 -0.9832818581252207 -0.18052097395317232
vn -0.00013499996307731265 -0.7867067848345437 -0.617326831160209
vn 0.23184504827964972 -0.9634732006346437 -0.13404202791304906
vn 0.16953597573524998 -0.9409328653294639 0.29309195805136284
vn 0.023857006282349793 -0.9832782589301395 0.18054004754224864
vn 0.04676998629178918 -0.9835637117189937 -0.1743989488839374
vn 0.08771799994280789 -0.9409159993865228 -0.3270819997867428
vn 0.09035200615220383 -0.9835720669728996 -0.15627701064113664
vn 0.8024811299000385 -0.5873380950741872 0.10515701702208308
vn 0.8069328966585313 -0.5906429243581375 -0.00048599993775958107
vn 0.9010312653204086 -0.386632113848869 0.19661705789645714
vn 0.9141055385354169 -0.3874638043980531 0.11951093966772577
vn -0.806932991955685 -0.59064299411188 0
vn -0.5194360251435611 -0.8430980408105833 0.139183006737223
vn -0.5194360251435611 -0.8430980408105833 -0.1391830067372234
vn -0.40346621190434306 -0.590643310211559 -0.6988243670292928
vn -0.5705878616504338 -0.5906428567877298 -0.570587861650434
vn -0.6988243670292927 -0.590643310211559 -0.4034662119043432
vn -0.09477902131305571 -0.9909762228418394 0.09477902131305549
vn 0.2319260421167294 -0.9634731749624089 -0.13390202431600748
vn 0.11608002638864953 -0.9909762252801374 -0.06701901523553522
vn -0.20885005086355646 -0.5906431438458393 -0.779437189824936
vn 0.40346621190434306 -0.590643310211559 -0.6988243670292928
vn 0.5705878616504338 -0.5906428567877298 -0.570587861650434
vn 0.465713948352326 -0.8430979065004472 -0.2688799701812131
vn -0.6798957525394077 -0.2842888965278154 -0.6759597539719872
vn -0.6634759979744078 -0.3467829989412714 -0.6629789979759253
vn -0.38048289507843186 -0.8430977675082347 -0.3800248952047296
vn -0.4960680900867175 -0.3244130589139033 -0.8054021462622513
vn -0.4484991202197568 -0.2615260701018108 -0.8546652290921908
vn -0.2595309441767166 0 0.9657347922772286
vn 0.4993617577396956 0 0.8663935796779207
vn -0.03473700871921607 -0.9909672487392519 -0.12952703251213138
vn -0.2691599989357414 -0.8430979966663904 -0.46555199815920756
vn -0.570931119968056 -0.5906431241100807 -0.5702441198236988
vn 0.134037043218308 -0.9909763195259965 0.00007200002321514719
vn 0.26780503207099354 -0.9634731153807298 0.00014400001724450916
vn 0.1294890312987328 -0.9909762395284003 -0.03462200836846957
vn 0.12945104394229376 -0.9909763363879653 0.03476101179966199
vn -0.1277459633871179 -0.9835727181012143 0.12753696344701854
vn -0.1599069550224174 -0.7867067787202622 0.5962568322887772
vn -0.007881999006060283 -0.9834588759833849 0.1809599771804957
vn -0.30906595888557636 -0.7867598953389116 -0.5343099289218237
vn -0.23960393514401562 -0.9409397453064643 -0.23921193525012238
vn -0.00003700001017474519 -0.9835582704716767 -0.18059104966128156
vn 0.1599069550224174 -0.786706778720262 -0.5962568322887777
vn 0.18925300292405356 -0.96347301488614 -0.1894810029275765
vn 0.09472202099248607 -0.9909762196221562 -0.09483602101775122
vn 0.519352105809433 -0.8430981717673589 -0.13949502841981345
vn 0.16012606496828177 -0.7867263192001078 0.5961722418862049
vn 0.12774404490069835 -0.9835733457157644 0.12753404482688532
vn 0.00007899998016413446 -0.9409167637480622 0.3386379149724323
vn 0.16948097905732148 -0.9409268837301427 -0.29314296377647303
vn 0.023778996540940966 -0.9832768569656759 -0.1805579737347754
vn 0.9286188422448516 -0.36891893732750286 0.03957099327762079
vn 0.9249959862466972 -0.3791389943627719 -0.025219999625016518
vn -0.8024174903843593 -0.5873383589422567 -0.10564006456020225
vn -0.7794371898249357 -0.5906431438458394 0.20885005086355626
vn -0.4719018399759896 -0.4331408531200123 -0.7679177395956831
vn -0.640967260479533 -0.42287017184812953 -0.6405792603218556
vn -0.7794371898249357 -0.5906431438458394 -0.20885005086355654
vn -0.067019015235535 -0.9909762252801374 0.11608002638864931
vn -0.13390202431600728 -0.9634731749624091 0.23192604211672924
vn -0.034660998410637286 -0.990967954559661 0.12954199405991654
vn -0.1893670053868286 -0.9634730274074358 0.18936700538682838
vn -0.465713948352326 -0.8430979065004475 0.2688799701812128
vn 0.25868001861228673 -0.9634730693228534 -0.06931300498714041
vn 0.12947004020323732 -0.9909763077194973 -0.034691010772306595
vn 0 -0.5906429941118799 -0.8069329919556852
vn -0.2558560210517063 -0.4390230361225972 -0.8612760708653675
vn -0.02360301036146419 -0.441403193771189 -0.8969983937725144
vn 0.20885005086355646 -0.5906431438458393 -0.779437189824936
vn 0.6988243670292927 -0.590643310211559 -0.4034662119043432
vn 0.430447245136978 -0.4354522479872952 -0.7906304502590307
vn 0.6232871613986731 -0.42733011065607795 -0.6549061695863373
vn -0.27134894136177146 -0.3161789316740562 -0.9090658035518103
vn -0.2115299267953221 -0.2502059134106288 -0.9448026730298337
vn -0.026444004234888616 -0.31271705008023215 -0.9494781520546657
vn -0.1298840252431576 0 -0.9915291927052046
vn 0.0006479998639511469 0 -0.999999790048066
vn -0.25819308908979893 0 -0.9660933333515281
vn -0.1312570487519615 0 0.991348368210149
vn -0.5006378876836547 0 0.8656568057929471
vn 0.13093499416645332 0 0.9913909558305597
vn -0.0694520092865677 -0.9634641288267243 -0.2586760345880925
vn -0.403887146251803 -0.5906432138781482 -0.6985812529636528
vn 0.2587170323274713 -0.9634731203888642 -0.06917400864350064
vn 0.11611603112095836 -0.9909762655975304 -0.06695601794528673
vn 0.11604402883270916 -0.9909762462214573 0.06708101666718605
vn 0.25864206644554333 -0.9634732475177542 0.06945201784232964
vn -0.23961702182875227 -0.9409330857175967 0.23922502179304142
vn -0.3089711233856344 -0.7867263141741027 0.5344142134148847
vn 0.00013499996307731265 -0.7867067848345439 0.6173268311602086
vn -0.06929798370617489 -0.9634647734634448 0.25871493916913935
vn 0.000006999999106499171 -0.9909588735110445 0.1341659828746523
vn -0.41771499073320184 -0.5513899877676889 -0.7221379839797301
vn -0.21641608702990736 -0.5513062217031552 -0.8057453240236985
vn -0.15637600687014547 -0.9835740432118513 -0.09015900396100093
vn -0.00006899999103007075 -0.9909588711763461 -0.1341659825585578
vn 0.21611805525577474 -0.5512581409423918 -0.8058582060370174
vn 0.13403704356573226 -0.990976322094609 0
vn 0.12947004020323732 -0.9909763077194973 0.03469101077230615
vn 0.2678050348475968 -0.9634731253700217 0
vn 0.134016011078032 -0.9908220819033384 -0.01764400145848873
vn 0.06694901822429514 -0.9909762697551734 -0.1161200316092125
vn 0.1337630303686255 -0.9634732187402401 -0.23200605267303634
vn 0.03459201250280088 -0.9909703581724271 -0.1295420468211679
vn 0.4655519981592074 -0.8430979966663904 -0.26915999893574155
vn 0.30906595888557636 -0.7867598953389118 0.5343099289218233
vn 0.23960393514401562 -0.9409397453064643 0.23921193525012194
vn 0.1277459633871179 -0.9835727181012143 -0.12753696344701898
vn 0.8934940149280513 -0.3623450060538791 -0.2652820044321992
vn 0.7793112992824826 -0.5906432268274199 -0.20931908038576394
vn 0.9179574313602318 -0.34098516023339714 -0.20269009524673318
vn -0.8927692864227523 -0.36471711701038795 0.26447008484862855
vn -0.4142508647085894 -0.4532688519655898 -0.7892677422307225
vn -0.7759705480026221 -0.41615029389189157 -0.4740133347556826
vn -0.8780282193903045 -0.4024091005487673 -0.25910106474081396
vn -0.6988243670292927 -0.5906433102115592 0.40346621190434295
vn 0.5194360251435611 -0.8430980408105833 -0.1391830067372234
vn 0.2676380174106565 -0.9628750626379134 -0.035235002292142895
vn -0.19363294319023278 -0.46119186469139967 -0.865914745950176
vn 0.21010907161327297 -0.44019915003684335 -0.8729712975422784
vn 0.03885501144387107 -0.46325613644169156 -0.8853722607665171
vn 0.26902595141378305 -0.45936991703757063 -0.8465248471172032
vn 0.48277899406133556 -0.44964399446892905 -0.7514949907558602
vn 0.7759705480026221 -0.41615029389189157 -0.4740133347556826
vn 0.7794371898249357 -0.5906431438458394 -0.20885005086355654
vn -0.20931908038576386 -0.5906432268274198 -0.7793112992824828
vn -0.13949502841981326 -0.8430981717673588 -0.5193521058094333
vn 0.041895988369633354 -0.24735493133403305 -0.9680187312770696
vn -0.00048599993775945004 -0.5906429243581374 -0.8069328966585316
vn -0.00032399997405084313 -0.8430979324762892 -0.537759956930807
vn 0.22056907933749895 -0.3143911130847743 -0.9233133321107871
vn 0.29213101163411775 -0.25327001008647815 -0.9222330367279316
vn 0.1311680200802514 0 -0.9913601517653545
vn 0.07024199823056897 -0.8446289787233738 -0.5307239866307978
vn 0.1380590637395374 -0.8467083909109601 -0.5138332372281254
vn 0.26634487626618714 -0.8467076066514887 -0.46059378602544915
vn 0.00018599999754470703 -0.846468988826186 -0.5324379929715525
vn -0.06984698841622716 -0.8442838599797546 -0.5313249118824275
vn -0.13750894926154475 -0.8465856876243308 -0.5141828102753193
vn -0.26571286245191233 -0.8467075616960171 -0.4609587613815324
vn 0.7065855895516161 0 0.7076275889463292
vn 0.23199707156855565 -0.9634732972209598 -0.13377804126906076
vn 0.09482903007024278 -0.9909763142381435 -0.09472803003821595
vn 0.5377599628547696 -0.8430979417638548 0.0002879999801065029
vn 0.09472803003821573 -0.9909763142381435 0.09482903007024256
vn 0.2318540306309336 -0.9634731272873338 0.13402701770671235
vn -0.15639906338808404 -0.9835733986394286 0.0901260365278194
vn -0.41758395574111407 -0.551305941568189 0.7222779234472113
vn -0.21611805525577468 -0.5512581409423921 0.8058582060370171
vn 0.0000029999997095490423 -0.963455906721094 0.2678669740659242
vn -0.43678909288364726 -0.7867991673136474 -0.43607609273202724
vn -0.00018299997179256955 -0.5512579150296626 -0.8343348713964674
vn -0.2932999868711596 -0.9409459578809074 -0.16910299243052768
vn -0.0001559999829990448 -0.9634558950021005 -0.2678669708077254
vn 0.41758395574111407 -0.5513059415681888 -0.7222779234472115
vn 0.11608002638864953 -0.9909762252801374 0.06701901523553477
vn 0.25868001861228673 -0.9634730693228534 0.06931300498713999
vn 0.0691460234432372 -0.9634673266535361 -0.25874608772515933
vn 0.38002489520472943 -0.8430977675082347 -0.380482895078432
vn 0.41771499073320195 -0.5513899877676892 0.7221379839797301
vn 0.21641608702990736 -0.5513062217031557 0.8057453240236983
vn 0.15637600687014547 -0.9835740432118513 0.09015900396100049
vn 0.03466798864878367 -0.9909696755303207 0.12952695758944835
vn 0.06930097919103276 -0.963466710700376 0.25870692231821324
vn 0.13390202431600728 -0.9634731749624091 0.23192604211672924
vn 0.1893670053868286 -0.9634730274074358 0.18936700538682838
vn 0.067019015235535 -0.9909762252801374 0.11608002638864931
vn 0.09477902131305571 -0.9909762228418394 0.09477902131305549
vn -0.13402703541122069 -0.9909762618253771 0.001674000442286658
vn -0.2677840426566625 -0.9634731534764682 0.003345000532841688
vn -0.12902703064772972 -0.9909762353861177 0.03630600862374888
vn 0.23961702182875222 -0.9409330857175965 -0.2392250217930418
vn 0.3089711233856344 -0.7867263141741024 -0.5344142134148852
vn 0.7997371795450156 -0.3461860777205139 -0.49048511011637197
vn 0.8433555935579415 -0.31329784901099406 -0.4365727896005616
vn -0.9166860827373395 -0.34488903112865077 0.2018370182172045
vn -0.9243535278745396 -0.3815368051251666 0.0004709997594307266
vn -0.7992408933820713 -0.3487089534825776 0.48950593470040216
vn -0.9131614486153271 -0.38955019137709634 -0.11994505892626325
vn -0.6379706113091868 -0.43750073344772794 -0.6337086139058571
vn -0.8994971113743899 -0.39007304829826267 -0.19684502437305723
vn -0.26887997018121296 -0.8430979065004475 0.4657139483523258
vn -0.38025391508246564 -0.8430978117211041 0.3802539150824655
vn 0.5364170671650534 -0.8409931053011738 -0.07062100884249256
vn 0.6667627199630503 -0.4344108175496669 -0.6055697456637883
vn 0.13886998993859181 -0.8430979389158701 -0.5195199623597412
vn 0.20838001575165438 -0.5906430446472999 -0.7795630589279535
vn 0.451363130615933 -0.32103709290204824 -0.8325902409358314
vn 0.5198170690163767 -0.2673030354899599 -0.8113811077274826
vn 0.25944497112520326 0 -0.9657578925164643
vn -0.49943902384272015 0 -0.8663490413586379
vn -0.7076275889463292 0 0.7065855895516161
vn 0.1894680393167064 -0.963473199931308 -0.18926503927458185
vn 0.5195109381935276 -0.8430978996962274 -0.13890398347452482
vn 0.5193618714140666 -0.8430977912620807 0.13946096547163067
vn -0.29335194606534293 -0.9409398270021128 0.16904696891961862
vn -0.43682496012967725 -0.7867599281900645 0.436110960194846
vn 0.06695601794528652 -0.9909762655975306 0.11611603112095817
vn 0.18926503927458163 -0.963473199931308 0.18946803931670617
vn 0.0001829999717925695 -0.5512579150296629 0.834334871396467
vn -0.1391830067372232 -0.8430980408105834 0.5194360251435609
vn -0.47432292056182684 -0.32025594636449917 -0.8200328626633678
vn -0.5903387235104961 -0.5514867417071088 -0.5893747239619925
vn -0.24573594705152696 -0.3201289310221466 -0.9149488028569178
vn -0.1743869773389369 -0.9835698721880541 -0.0466849939334257
vn 0.06708101666718626 -0.9909762462214571 -0.11604402883270935
vn 0.13402701770671255 -0.9634731272873336 -0.23185403063093377
vn 0.03476101179966221 -0.9909763363879653 -0.12945104394229398
vn 0.24540104686755532 -0.3200560611254324 -0.9150641747621756
vn 0.47416878027355724 -0.3201288516545652 -0.8201716199383006
vn 0.2319260421167294 -0.9634731749624089 0.13390202431600703
vn 0.5377599851567492 -0.84309797672881 0
vn 0.2685999133792279 -0.8430977281094574 -0.46587584975972157
vn 0.6985812529636527 -0.5906432138781482 -0.4038871462518031
vn 0.43678909288364726 -0.7867991673136476 0.4360760927320269
vn 0.2932999868711597 -0.9409459578809076 0.1691029924305273
vn 0.38025391508246564 -0.8430978117211041 0.3802539150824655
vn -0.25779401615260017 -0.9634730603683334 0.07253900454507634
vn -0.11523402940190874 -0.9909762528471276 0.06846301746830669
vn -0.12989304018832834 -0.9909763066036572 -0.03307201023233294
vn 0.15639906338808404 -0.9835733986394286 -0.09012603652781985
vn 0.7079185823440878 -0.28798683009429993 -0.6449146195149975
vn 0.6490609462671673 -0.33198897251612786 -0.6844729433355675
vn -0.9297238047422163 -0.36825692265979404 0.0006969998536181154
vn -0.8423824901938859 -0.31747518474314984 0.4354322533839803
vn -0.9175250851889968 -0.37917903520544793 -0.1198790111303472
vn -0.8090021723595491 -0.4142640882598018 -0.4170140888456952
vn -0.5705878616504338 -0.59064285678773 0.5705878616504337
vn -0.6488353843241282 -0.3346411982177452 0.6833944047944441
vn 0.8024174903843593 -0.5873383589422567 -0.10564006456020225
vn 0.8090021723595491 -0.4142640882598018 -0.4170140888456952
vn 0.806932991955685 -0.59064299411188 0
vn 0.4030460197383732 -0.5906430289255615 -0.6990670342354107
vn -0.7066486330989386 0 -0.7075646326233398
vn 0.37647989515789343 -0.8467077642088547 -0.37596389530158925
vn 0.5005611160996581 0 -0.8657012007898941
vn -0.3759638953015891 -0.8467077642088547 -0.3764798951578936
vn 0.8656568057929471 0 0.5006378876836547
vn 0.46585800217369344 -0.8430980039338952 -0.26863000125342773
vn 0.4655698558121068 -0.8430977388909846 0.26912991664993924
vn -0.17437797991898174 -0.9835738867336048 0.04663399462972254
vn 0.03462200836846935 -0.9909762395284003 0.12948903129873257
vn 0.13377804126906057 -0.96347329722096 0.23199707156855548
vn 0.3800500439047138 -0.8430980973976488 0.3804570439517317
vn -0.47416878027355736 -0.3201288516545656 0.8201716199383006
vn -0.5903839598668804 -0.5513899625176145 0.5894199599324111
vn -0.24540104686755532 -0.32005606112543283 0.9150641747621754
vn 0 -0.8430979767288102 0.5377599851567489
vn -0.6703662828875921 -0.32040113520594315 -0.6692922824343752
vn -0.5346662615919484 -0.7868323849672804 -0.308264150821972
vn -0.000203999923504837 -0.3200558799865886 -0.9473986447478387
vn -0.327042947707472 -0.9409448495476352 -0.08755398600055674
vn 0.06945201784232986 -0.9634732475177543 -0.2586420664455436
vn 0.017715000593824547 -0.9908220332133459 -0.13400700449204908
vn 0.38045704395173185 -0.8430980973976486 -0.380050043904714
vn 0.43682496012967725 -0.7867599281900642 -0.43611096019484635
vn 0.6704009868380175 -0.3202559937124139 -0.6693269868591034
vn 0.465713948352326 -0.8430979065004475 0.2688799701812128
vn 0.5194360251435611 -0.8430980408105833 0.139183006737223
vn 0.5702441198236987 -0.5906431241100807 -0.5709311199680561
vn 0.47432292056182696 -0.32025594636449956 0.8200328626633678
vn 0.590338723510496 -0.5514867417071089 0.5893747239619922
vn 0.24573594705152696 -0.32012893102214707 0.9149488028569176
vn 0.1743280661435674 -0.9835743731878593 0.046810017760660086
vn 0.26887997018121296 -0.8430979065004475 0.4657139483523258
vn 0.5705878616504338 -0.59064285678773 0.5705878616504337
vn -0.23023504518650997 -0.9634731890936753 0.13678902684655878
vn -0.09358703176484778 -0.9909763363522903 0.09595503256858269
vn -0.5377179991350807 -0.8430979986438769 0.0067169999891955184
vn -0.2595250496623289 -0.9634731843688009 -0.06607701264439943
vn -0.1169080262379051 -0.9909762224068005 -0.06556401471466482
vn 0.2933519460653429 -0.9409398270021125 -0.169046968919619
vn -0.7073131300830307 -0.29240805377720885 0.643588118363267
vn 0.000736999799842305 0 -0.9999997284156106
vn 0.2595309441767166 0 -0.9657347922772286
vn -0.40346621190434306 -0.5906433102115592 0.6988243670292926
vn -0.2088500508635564 -0.5906431438458396 0.7794371898249356
vn -0.2581070840261296 0 -0.9661163145168021
vn 0.8780282193903045 -0.4024091005487673 -0.25910106474081396
vn -0.8663935796779207 0 0.4993617577396956
vn 0.7075646326233398 0 -0.7066486330989386
vn -0.460593786025449 -0.8467076066514887 -0.2663448762661873
vn 0.7795491186964965 -0.5906430899330956 -0.20843203173648897
vn 0.7793252780777264 -0.5906432107524622 0.2092670746703769
vn 0.8069329166591658 -0.5906429389978098 0.00043199995538248376
vn -0.27878894010262084 -0.9580697941601639 0.06617398578261972
vn -0.5347709451683335 -0.7867989193271507 0.3081679684026152
vn -0.03476101179966221 -0.9909763363879653 0.12945104394229354
vn -0.06945201784232985 -0.9634732475177543 0.2586420664455431
vn -0.00007200002321536723 -0.9909763195259965 0.13403704321830778
vn -0.0001440000172447231 -0.9634731153807299 0.2678050320709933
vn 0.017572000179726422 -0.9908220101341276 0.13402600137081774
vn 0.06917400864350043 -0.9634731203888643 0.25871703232747106
vn -0.6704009868380175 -0.32025599371241426 0.6693269868591032
vn 0.000203999923504837 -0.320055879986589 0.9473986447478385
vn 0.1391830067372232 -0.8430980408105834 0.5194360251435609
vn 0 -0.5906429941118803 0.8069329919556849
vn -0.24540405228567022 -0.3236110689484196 -0.91381219469639
vn -0.4737048491577151 -0.32370889692106847 -0.819033739194309
vn -0.82061092649419 -0.32052797128886845 -0.47313795761890604
vn -0.7226259912562255 -0.551569993326003 -0.416631994958753
vn -0.00019400006330785703 -0.3235551055854311 -0.9462093087755882
vn -0.18049494830309556 -0.9832887183689439 -0.023766993192718425
vn -0.06695601794528651 -0.9909762655975304 -0.11611603112095858
vn -0.03462200836846935 -0.9909762395284003 -0.12948903129873301
vn -0.13377804126906054 -0.9634732972209598 -0.23199707156855587
vn 0.00014400001724472312 -0.9634731153807299 -0.2678050320709938
vn 0.00007200002321536723 -0.9909763195259965 -0.13403704321830823
vn 0.035378992859352455 -0.9628748056601089 -0.2676199459854691
vn 0.2691299166499394 -0.8430977388909844 -0.46556985581210697
vn 0.2450839858090249 -0.323554981265358 -0.9139179470818677
vn 0.4735538636551015 -0.32361090682644633 -0.8191597641487834
vn 0.5903839598668804 -0.5513899625176143 -0.5894199599324114
vn 0.6695451043854376 -0.3237090504678633 -0.6685221042259468
vn 0.6703662828875923 -0.32040113520594354 0.6692922824343751
vn 0.5346662615919484 -0.7868323849672806 0.30826415082197167
vn 0.28010001425134906 -0.9576800487262833 0.06627900337224243
vn -0.18698702169171116 -0.9634731117691501 0.1917170222404218
vn -0.0655640147146646 -0.9909762224068005 0.11690802623790487
vn -0.13099503090474432 -0.9634732273055211 0.23358005510691363
vn -0.03307201023233273 -0.9909763066036574 0.12989304018832815
vn 0.6988243670292927 -0.5906433102115592 0.40346621190434295
vn -0.4623189999211746 -0.8430979998562519 0.27467599995316755
vn -0.5176570406741271 -0.8430980662451685 0.14566001144501717
vn -0.23358005510691385 -0.9634732273055211 -0.13099503090474454
vn -0.09595503256858291 -0.9909763363522903 -0.093587031764848
vn 0.1165640037331954 -0.9926930317929803 -0.031199000999210642
vn -0.5196069890887729 -0.2719149942900573 0.8099819829911883
vn -0.2209190958255564 -0.3171911375843821 0.9222714000431457
vn 0.02583400491563034 -0.31552006003637423 0.9485671804910089
vn -0.4514280935564507 -0.32378506710300525 0.8314901723226142
vn 0.7794371898249357 -0.5906431438458394 0.20885005086355626
vn 0.8994971113743899 -0.39007304829826267 -0.19684502437305723
vn -0.8657012007898941 0 -0.5005611160996581
vn 0.46095876138153224 -0.8467075616960171 -0.2657128624519125
vn 0.9657323344215766 0 0.2595400898756342
vn 0.6990402672036494 -0.590643225769577 -0.40309215407938537
vn 0.8595098958213904 -0.442954946310763 -0.2550169690901602
vn 0.7663207413261786 -0.4373038523867976 -0.47065684112839823
vn 0.6986080543538046 -0.5906430459538029 0.4038410314200449
vn 0.8592432474010846 -0.44293812753475054 0.2559430736934437
vn 0.8918055089562247 -0.4522882581223395 0.010875006206400337
vn -0.18111397522813774 -0.9831768655259934 0.023684996760484574
vn -0.06708101666718627 -0.9909762462214573 0.11604402883270894
vn -0.13402701770671258 -0.9634731272873338 0.23185403063093338
vn 0.035092000285333054 -0.9628750078291368 0.2676570021763188
vn 0.26863000125342756 -0.8430980039338954 0.4658580021736933
vn -0.4735538636551016 -0.3236109068264467 0.8191597641487834
vn -0.6695451043854376 -0.32370905046786363 0.6685221042259466
vn -0.7227649134868519 -0.5514869339883968 0.4165009501458804
vn -0.820749558072545 -0.32040121785832404 0.4729833216072472
vn -0.24508398580902496 -0.3235549812653585 0.9139179470818677
vn 0.2088500508635564 -0.5906431438458396 0.7794371898249356
vn -0.6695180142640815 -0.32382100689900656 -0.6684950142422866
vn -0.8195982502299409 -0.32391809889480194 -0.472584144283742
vn -0.8057229249594017 -0.5516179486253406 -0.21570397991051873
vn -0.5961479912330476 -0.7868519884285546 -0.15959799765295202
vn -0.1809559672223629 -0.983459821860038 0.007855998576995753
vn -0.11604402883270913 -0.9909762462214571 -0.06708101666718648
vn -0.09472803003821573 -0.9909763142381435 -0.094829030070243
vn -0.2318540306309336 -0.9634731272873338 -0.1340270177067128
vn -0.18926503927458163 -0.963473199931308 -0.1894680393167066
vn -0.06917400864350044 -0.9634731203888643 -0.25871703232747156
vn 0.0709080141052363 -0.8409931672929003 -0.5363791066981519
vn 0.13946096547163087 -0.8430977912620806 -0.5193618714140669
vn 0.403841031420045 -0.5906430459538027 -0.6986080543538047
vn 0.5708931340394438 -0.5906431386765281 -0.5702821338959877
vn 0.5347709451683335 -0.7867989193271505 -0.3081679684026155
vn 0.820749558072545 -0.3204012178583238 -0.4729833216072473
vn 0.8197238296179605 -0.3238209326928546 -0.4724329018034143
vn 0.24540405228567028 -0.3236110689484201 0.91381219469639
vn 0.4737048491577151 -0.3237088969210688 0.8190337391943088
vn 0.82061092649419 -0.3205279712888687 0.4731379576189059
vn 0.7226259912562255 -0.5515699933260032 0.4166319949587528
vn 0.00019400006330785703 -0.32355510558543155 0.946209308775588
vn 0.15760900078284393 -0.9870920049028861 0.028439000141256297
vn -0.06607701264439922 -0.963473184368801 0.2595250496623287
vn -0.015968001343036713 -0.9908220833360672 0.1342260112894816
vn 0.40346621190434306 -0.5906433102115592 0.6988243670292926
vn 0.6625169645271863 -0.3489139813182738 0.6628199645109628
vn 0.6785631144773392 -0.28864604869618027 0.6754521139524962
vn 0.7992408933820713 -0.3487089534825776 0.48950593470040216
vn -0.3754748697280778 -0.8430977074851934 0.3849738664323776
vn -0.8068700255818145 -0.5906430187263373 0.010079000319554578
vn -0.521134018912996 -0.8430980305977142 -0.13268400481536816
vn 0.29829501402061165 -0.9515430447249029 -0.0747390035129203
vn 0.5006378876836547 0 -0.8656568057929471
vn 0.023358006753921915 -0.8464622447529008 0.531936153808297
vn -0.07023197301192981 -0.8446286754341791 0.530725796057772
vn -0.13805599599679033 -0.8467029754481542 0.513842985100095
vn -0.2923090622650523 -0.25800105495706877 0.9208641961542241
vn -0.042428983189746264 -0.2521229001095573 0.9667646169703514
vn 0.8927692864227523 -0.36471711701038795 0.26447008484862855
vn 0.9243535278745396 -0.3815368051251666 0.0004709997594307266
vn -0.4993617577396956 0 -0.8663935796779207
vn 0.9131614486153271 -0.38955019137709634 -0.11994505892626325
vn 0.9175250851889968 -0.37917903520544793 -0.1198790111303472
vn 0.9297238047422163 -0.36825692265979404 0.0006969998536181154
vn 0.9166860827373395 -0.34488903112865077 0.2018370182172045
vn -0.9660168851434973 -0.000007999999048881562 0.2584789692676278
vn 0.8663490413586379 0 -0.49943902384272015
vn -0.513813031826094 -0.8467180524465644 -0.13807500855250454
vn 0.6211931083078231 -0.42847107470586626 -0.6561491144025607
vn 0.7860707856188742 -0.4599198745683692 -0.4129968873654394
vn 0.765827177605299 -0.4372741014095606 0.47148710934400256
vn 0.6390161841945247 -0.42655512295325243 0.6400851845026606
vn 0.8624561567307217 -0.4675360849634704 0.1938540352283215
vn -0.5962330794787691 -0.7868321048859068 0.15937802124533054
vn -0.11611603112095836 -0.9909762655975304 0.06695601794528629
vn -0.2319970715685557 -0.96347329722096 0.13377804126906034
vn -0.09482903007024278 -0.9909763142381435 0.0947280300382155
vn -0.1894680393167064 -0.963473199931308 0.1892650392745814
vn -0.13946096547163087 -0.8430977912620808 0.5193618714140664
vn -0.2691299166499394 -0.8430977388909846 0.46556985581210664
vn -0.0002879999801066901 -0.8430979417638549 0.5377599628547693
vn 0.1389039834745246 -0.8430978996962273 0.5195109381935272
vn 0.6303329401054517 -0.4447559577390687 0.6362959395388444
vn 0.5702821338959876 -0.5906431386765283 0.5708931340394436
vn -0.8197238296179605 -0.32382093269285483 0.4724329018034142
vn -0.8058352993835832 -0.5515702049191249 0.21540608002757392
vn -0.2328080350697394 -0.44060806637232275 -0.8669861306010668
vn -0.0001769999752855837 -0.440580938481908 -0.8977128746528091
vn -0.44940816626981694 -0.4406551630314239 -0.7770812875007025
vn -0.9149914268559547 -0.32060079917796647 -0.2449608465582886
vn -0.9138796874509157 -0.32397388920013886 -0.24467291632126537
vn -0.3385590515566227 -0.9409451432894897 -0.00007700001172596411
vn 0.232516050467498 -0.44058109562791675 -0.8670781881989078
vn -0.13419695633211623 -0.9909546775419139 -0.00006299997949993554
vn -0.12954295538968874 -0.9909656587441877 -0.034722988042551056
vn -0.26788192746441486 -0.9634517391218723 -0.00013899996236257372
vn -0.25868690700698865 -0.9634626536535439 -0.06943197504052886
vn -0.26863000125342756 -0.8430980039338952 -0.4658580021736936
vn -0.3800500439047138 -0.8430980973976486 -0.380457043951732
vn -0.1389039834745246 -0.8430978996962271 -0.5195109381935277
vn 0.20926707467037697 -0.5906432107524618 -0.7793252780777263
vn 0.4329651084501964 -0.41678910439838984 -0.7992672002024717
vn 0.48225876187852573 -0.42907678813781 -0.7637536228868131
vn 0.6567737618519067 -0.44693283794084143 -0.6073707797655731
vn 0.4492672271778714 -0.440608222799332 -0.7771893929960195
vn 0.6352189982992011 -0.4406549988201461 -0.6342869983016968
vn 0.7227649134868519 -0.5514869339883965 -0.4165009501458806
vn 0.7777159899748519 -0.4407099943190277 -0.4482549942217691
vn 0.6695180142640815 -0.3238210068990069 0.6684950142422864
vn 0.8195982502299409 -0.32391809889480216 0.4725841442837419
vn 0.8057229249594019 -0.5516179486253407 0.21570397991051857
vn 0.5961479912330476 -0.7868519884285546 0.15959799765295168
vn 0.15239903994790838 -0.988136259017227 0.019007004982249626
vn 0.0363060086237491 -0.9909762353861177 0.1290270306477295
vn 0.001674000442286878 -0.9909762618253771 0.13402703541122046
vn 0.07253900454507654 -0.9634730603683335 0.25779401615259995
vn 0.06846301746830691 -0.9909762528471276 0.11523402940190852
vn 0.136789026846559 -0.9634731890936753 0.23023504518650975
vn -0.03188999475267719 -0.9628748415642538 0.2680579558925411
vn -0.26304198676057106 -0.8430979575651948 0.4690359763924817
vn 0.4950879191954696 -0.3270839466158159 0.8049248686262105
vn 0.2705238956421811 -0.3189378769659107 0.9083476495940616
vn 0.4473980388151371 -0.2661160230875621 0.853825074075732
vn 0.8423824901938859 -0.31747518474314984 0.4354322533839803
vn -0.5634161770803238 -0.5906431856377059 0.5776701815603223
vn -0.6937304145324894 -0.5906433529337254 0.41216324628451184
vn -0.6121299602565453 -0.42974697209803425 0.6637879569025725
vn -0.7767679661973891 -0.5906429742969902 0.21856899048853332
vn -0.46903597639248185 -0.8430979575651946 -0.2630419867605712
vn -0.19171702224042203 -0.9634731117691501 -0.18698702169171139
vn -0.06846301746830691 -0.9909762528471276 -0.11523402940190897
vn 0.10980500393134862 -0.9936600355760109 -0.024137000864177277
vn -0.2594339598555813 0 0.9657608505596262
vn 0.00043099995996851006 0 0.9999999071195129
vn -0.1311469912539386 0 0.9913629338869996
vn -0.26634487626618714 -0.8467076066514889 0.4605937860254488
vn 0.00022200014904107107 -0.8467145684466733 0.5320473571930392
vn 0.21068889088562112 -0.2549248679761023 0.9437285112492647
vn 0.990892742001786 -0.00039099989819559527 0.13465296494047943
vn -0.9657581430765966 -0.0000010000001480919245 -0.25944403843650743
vn 0.5141689994123049 -0.8466029990323328 -0.13745399984289028
vn -0.5219339838197858 -0.846540973756807 -0.10465799675555003
vn 0.8622541354372856 -0.4670560733621379 -0.19589903077054893
vn 0.785644653460469 -0.4598767971532183 0.41385481745302555
vn 0.8783530290677763 -0.46750001547121195 0.09969800329935581
vn 0.8827236779078709 -0.46937282873316133 -0.022091991938976145
vn -0.129558030573302 -0.9909682338501979 0.0345930081633107
vn -0.25875006800922995 -0.9634652532348319 0.06916001817784846
vn -0.46585800217369344 -0.8430980039338954 0.2686300012534274
vn -0.38045704395173185 -0.8430980973976488 0.38005004390471364
vn 0.07033300267395533 -0.8409930319732944 0.5364550203952154
vn 0.4030921540793853 -0.5906432257695773 0.6990402672036494
vn 0.47218400359756996 -0.4208590032065249 0.7745450059012584
vn -0.4492672271778714 -0.4406082227993323 0.7771893929960193
vn -0.6352189982992011 -0.4406549988201464 0.6342869983016965
vn -0.7777159899748519 -0.4407099943190279 0.4482549942217689
vn -0.9151062017127642 -0.32052807065256805 0.24462705392204656
vn -0.9139848499853941 -0.323917946834542 0.2443539598935769
vn -0.232516050467498 -0.4405810956279171 0.8670781881989076
vn -0.6351993272785977 -0.440710227070494 -0.6342683267989114
vn -0.7776080359530971 -0.4407570203786216 -0.44839602073181484
vn -0.8670733120658106 -0.4407841586413327 -0.23214908355209535
vn -0.8340968928927908 -0.5516179291661947 -0.000182999976500914
vn -0.9472142821723352 -0.3206010955061188 -0.00020300006047318923
vn -0.6171418962297589 -0.7868518676936236 -0.00013499997730040294
vn -0.5193618714140666 -0.8430977912620807 -0.13946096547163106
vn -0.4655698558121068 -0.8430977388909844 -0.26912991664993957
vn 0.0002879999801066901 -0.8430979417638547 -0.5377599628547698
vn 0.0004319999553826149 -0.5906429389978096 -0.8069329166591659
vn 0.10607000289226384 -0.5873380160152394 -0.8023610218783795
vn -0.20843203173648883 -0.5906430899330953 -0.7795491186964966
vn 0.12014592863922674 -0.3994807627280717 -0.908834460197024
vn 0.23667696511156947 -0.40581894017843706 -0.8827768698703127
vn 0.23504693952137254 -0.40339989620340455 -0.8843197724605725
vn 0.805835299383583 -0.5515702049191248 -0.2154060800275741
vn 0.9151062017127642 -0.32052807065256794 -0.24462705392204673
vn 0.9139848499853941 -0.3239179468345419 -0.24435395989357706
vn 0.867165200001704 -0.4407571016555685 -0.2318570534751693
vn 0.2328080350697394 -0.4406080663723231 0.8669861306010666
vn 0.0001769999752855837 -0.44058093848190844 0.8977128746528089
vn 0.44940816626981694 -0.4406551630314242 0.7770812875007023
vn 0.9149914268559547 -0.3206007991779666 0.24496084655828843
vn 0.9138796874509157 -0.323973889200139 0.2446729163212652
vn 0.307524935462055 -0.9515398003074996 0.0006499998635892066
vn 0.16362396183356998 -0.9864227699100108 0.014046996723439849
vn 0.2231730502793317 -0.9747782196107343 0.0011010002480474604
vn 0.1169080262379051 -0.9909762224068005 0.06556401471466437
vn 0.2595250496623289 -0.9634731843688009 0.06607701264439901
vn 0.003345000532841902 -0.9634731534764683 0.2677840426566623
vn 0.19171702224042203 -0.9634731117691501 0.18698702169171094
vn -0.13268400481536796 -0.8430980305977143 0.5211340189129958
vn -0.7595386591506471 -0.4386098031701669 0.48033578444528213
vn -0.4222138143382714 -0.41808581615349233 0.8043256463107439
vn -0.8554341375136149 -0.4443430714294875 0.2660670427710786
vn -0.8909363528527395 -0.4541271798557428 -0.0009590003798093994
vn -0.7819851144521316 -0.590643086447119 -0.19909802914018887
vn -0.7038093208083264 -0.5906432692253043 -0.39470617991382795
vn -0.13678902684655897 -0.9634731890936751 -0.23023504518651014
vn 0.15700699644701022 -0.9873629776564697 -0.021520999512990763
vn 0.5962330794787691 -0.7868321048859068 -0.15937802124533088
vn -0.001674000442286878 -0.9909762618253771 -0.1340270354112209
vn 0.03307201023233272 -0.9909763066036572 -0.12989304018832856
vn -0.003345000532841902 -0.9634731534764681 -0.2677840426566627
vn 0.0655640147146646 -0.9909762224068005 -0.11690802623790532
vn 0.13099503090474432 -0.9634732273055211 -0.23358005510691407
vn -0.0363060086237491 -0.9909762353861177 -0.12902703064772994
vn -0.019315999639408922 -0.9908219815033354 -0.13378599750248324
vn -0.07253900454507657 -0.9634730603683335 -0.25779401615260045
vn -0.03857499267202506 -0.962874817085577 -0.2671779492450116
vn 0.7076275889463292 0 -0.7065855895516161
vn 0.07007604562596756 -0.8445985499115383 0.5307943455960644
vn 0.1373380304947457 -0.8466921880008245 0.514053114141137
vn 0.13087498411007653 0 0.9913988796312952
vn -0.7065855895516161 0 -0.7076275889463292
vn 0.49943902384272015 0 0.8663490413586379
vn 0.2581279317632449 0 0.9661107446062429
vn 0.9977044820230783 -0.00018600008986263217 0.06771803271675648
vn -0.5292161553088234 -0.8454862481244629 -0.07129702092350435
vn -0.9914405492823057 -0.000015999992726289946 0.13055894064674406
vn 0.9660938988857196 -0.00000299999968595372 -0.25819097297695964
vn -0.5195109381935276 -0.8430978996962274 0.13890398347452443
vn -0.20926707467037697 -0.5906432107524623 0.7793252780777261
vn -0.0004319999553826149 -0.5906429389978101 0.8069329166591657
vn -0.403841031420045 -0.5906430459538029 0.6986080543538045
vn -0.5708931340394438 -0.5906431386765283 0.5702821338959875
vn 0.1052100215143995 -0.5873381201047847 0.8024741640979585
vn 0.20843203173648883 -0.5906430899330958 0.7795491186964963
vn 0.2577420501425609 -0.4075470792864582 0.8760561704328022
vn 0.41412107476583976 -0.42233407624862357 0.8063111455722336
vn -0.867165200001704 -0.4407571016555686 0.23185705347516908
vn -0.23242802437833082 -0.4434890465155727 -0.8656180907907911
vn -0.000171999946461499 -0.443460861963737 -0.8962937210102488
vn 0.23214393407832853 -0.44346087407087675 -0.8657087541655857
vn -0.44868289525700944 -0.4435388964578525 -0.7758588188792713
vn -0.8976131510678572 -0.44078407418374554 -0.00017600002962081735
vn 0.4485461703594377 -0.4434891684387702 -0.7759662947147706
vn -0.5377599628547696 -0.8430979417638548 -0.00028799998010687727
vn -0.40309215407938526 -0.590643225769577 -0.6990402672036495
vn -0.5702821338959876 -0.5906431386765281 -0.5708931340394439
vn -0.6986080543538046 -0.5906430459538027 -0.4038410314200451
vn 0.000020999999716395004 -0.387874994761748 -0.9217119875522797
vn -0.26305506913272264 -0.3708550974633282 -0.8906562340707238
vn -0.20003999127455582 -0.35507098451233643 -0.9131859601681992
vn 0.6342009017156741 -0.4435389312632246 -0.6332949018560803
vn 0.7764757852439099 -0.44359587731115624 -0.4475578762153549
vn 0.8657864342690607 -0.4436452225276193 -0.23150111611844257
vn 0.6351993272785977 -0.44071022707049434 0.6342683267989112
vn 0.7776080359530971 -0.4407570203786218 0.4483960207318146
vn 0.8670733120658106 -0.4407841586413328 0.23214908355209513
vn 0.8340968928927908 -0.5516179291661947 0.00018299997650066902
vn 0.9472142821723352 -0.3206010955061188 0.00020300006047304687
vn 0.6171418962297589 -0.7868518676936236 0.0001349999773000535
vn 0.23358005510691385 -0.9634732273055211 0.1309950309047441
vn 0.14566001144501736 -0.8430980662451686 0.5176570406741269
vn 0.27467599995316777 -0.843097999856252 0.4623189999211745
vn 0.09595503256858291 -0.9909763363522903 0.09358703176484756
vn 0.38497386643237774 -0.8430977074851934 0.37547486972807764
vn -0.06391498364294339 -0.8409927847739951 0.5372578625055224
vn -0.39470617991382784 -0.5906432692253045 0.7038093208083263
vn -0.19909802914018873 -0.5906430864471193 0.7819851144521315
vn -0.6478402194513766 -0.44901715210144305 0.6153752084540794
vn -0.4715720288804866 -0.431183026406943 0.7692210471094059
vn -0.7794837260890771 -0.46207883762529417 0.422951851374534
vn -0.8583416249562923 -0.46935379492059764 0.20725990943987482
vn -0.8616513272767775 -0.4447181689151105 -0.24450509286916464
vn -0.8634415193425296 -0.4703442829025291 -0.18233210966905924
vn -0.3849738664323778 -0.8430977074851934 -0.3754748697280781
vn -0.5776701815603225 -0.5906431856377057 -0.5634161770803239
vn 0.16215104506802447 -0.9866892742389748 -0.01230100341892313
vn 0.25779401615260017 -0.9634730603683334 -0.07253900454507675
vn 0.11523402940190874 -0.9909762528471276 -0.06846301746830713
vn 0.06607701264439923 -0.963473184368801 -0.2595250496623292
vn 0.18698702169171116 -0.9634731117691501 -0.19171702224042225
vn -0.14566001144501736 -0.8430980662451684 -0.5176570406741273
vn -0.2746759999531677 -0.8430979998562517 -0.46231899992117476
vn -0.5005611160996581 0 0.8657012007898941
vn -0.3764798951578934 -0.8467077642088547 0.37596389530158886
vn 0.26571286245191233 -0.8467075616960174 0.4609587613815321
vn 0.7066486330989386 0 0.7075646326233398
vn 0.9909619094389682 -0.0003909999642677177 0.13414298774107536
vn 0.9999999945560001 0.000021999999880232024 -0.000101999999444712
vn 0.9914803886921159 0 0.1302560510645502
vn -0.5294199474047779 -0.8453669160170278 -0.07119899292673659
vn -0.5310769333641882 -0.8444208940479837 -0.0700759912073559
vn -0.532066808388411 -0.8463586952034372 -0.024121991313021392
vn -0.9919829513486934 -0.0006699999671401594 -0.12636999380224703
vn -0.999999938016006 -0.00000799999950412797 -0.0003519999781816341
vn 0.5311866958622389 -0.8443785165402419 -0.069753960061475
vn -0.7795491186964965 -0.5906430899330956 0.2084320317364887
vn -0.6990402672036494 -0.5906432257695772 0.40309215407938515
vn 0.19507102797991738 -0.39893705722134165 0.8959891285157618
vn -0.44854617035943783 -0.4434891684387706 0.7759662947147706
vn -0.6342009017156741 -0.4435389312632249 0.6332949018560801
vn -0.7764757852439099 -0.44359587731115646 0.4475578762153547
vn -0.8657864342690608 -0.4436452225276195 0.2315011161184424
vn -0.9460659684638376 -0.32397398920065124 -0.00019399999353327628
vn -0.2321439340783286 -0.4434608740708772 0.8657087541655857
vn -0.6341809436841005 -0.44359596060823664 -0.6332749437645543
vn -0.7763687968976792 -0.4436448839400734 -0.44769488288057174
vn -0.8656957970302857 -0.44367389597689594 -0.23178494565605576
vn -0.8961881885562222 -0.44367409334815167 -0.00017200003618856593
vn -0.7793252780777262 -0.5906432107524621 -0.2092670746703771
vn -0.8069329166591658 -0.5906429389978098 -0.00043199995538274603
vn -0.00020700004798820568 -0.37784408759447125 -0.9258692146415075
vn -0.4875282354320732 -0.3551061714841849 -0.7976313851838663
vn 0.9460659684638376 -0.32397398920065124 0.0001939999935331324
vn 0.8976131510678572 -0.44078407418374554 0.0001760000296206216
vn 0.23242802437833082 -0.443489046515573 0.8656180907907909
vn 0.000171999946461499 -0.44346086196373746 0.8962937210102486
vn 0.44868289525700944 -0.4435388964578528 0.7758588188792711
vn 0.5377179991350807 -0.8430979986438769 -0.006716999989195893
vn 0.521134018912996 -0.8430980305977142 0.13268400481536777
vn 0.006716999989195706 -0.843097998643877 0.5377179991350804
vn 0.46903597639248185 -0.8430979575651948 0.2630419867605709
vn 0.7038093208083264 -0.5906432692253045 0.3947061799138277
vn 0.5776701815603225 -0.5906431856377059 0.5634161770803237
vn -0.09561004318611016 -0.5873382652948812 0.8036743630117549
vn -0.2015450414327269 -0.40413208307966375 0.892220183418629
vn -0.2609409665204933 -0.40928994748687536 0.8742948878253501
vn -0.8812014837008797 -0.47193725905138784 0.027553015124143352
vn -0.8776698009581155 -0.4698618934426175 -0.09447497857454176
vn -0.7710291231233374 -0.4392960701498771 -0.4610130736178007
vn -0.7894087716453894 -0.46305686605017043 -0.40300388342187454
vn -0.6466672578363104 -0.42843217082258106 -0.6310842516231232
vn -0.41216324628451195 -0.5906433529337252 -0.6937304145324895
vn 0.23023504518650992 -0.9634731890936751 -0.1367890268465592
vn 0.09358703176484778 -0.9909763363522903 -0.09595503256858313
vn -0.006716999989195706 -0.8430979986438768 -0.5377179991350809
vn -0.07731501591440854 -0.840993173108791 -0.5354931102251101
vn 0.26304198676057106 -0.8430979575651946 -0.469035976392482
vn 0.3754748697280779 -0.8430977074851934 -0.38497386643237796
vn 0.8663935796779207 0 -0.4993617577396956
vn -0.7075646326233398 0 0.7066486330989386
vn 0.3759638953015891 -0.846707764208855 0.37647989515789326
vn -0.8656568057929471 0 -0.5006378876836547
vn 0.28579008486194885 -0.05313001577632275 -0.9568182841157499
vn 0.6096480148982735 -0.0033860000827452023 -0.7926650193707516
vn 0.640706841648683 -0.08028198015823061 -0.7635768112812508
vn 0.8428640803413865 -0.2613430249110875 -0.47040404483868054
vn 0.37577210650585485 -0.16360404637062848 -0.9121562585343094
vn 0.5076980039252671 -0.155977001205936 -0.8472980065508846
vn 0.7499690741828198 -0.48669304814100184 -0.4479690443106364
vn 0.06681899401255069 -0.12580698872681345 -0.9898019113068242
vn 0.9454284271069456 -0.3257208026257936 -0.008428994892355232
vn 0.9067019341421608 -0.25652798136721894 -0.33479097568262584
vn 0.6873811375521968 -0.2471370494547233 -0.6829571366669077
vn 0.9870416027804859 -0.16046393542378937 -0.0004469998201119227
vn 0.9713249678166047 -0.22788099244950522 -0.06780899775325065
vn 0.9916744329066431 -0.0005910002579958714 -0.12876905621298482
vn -0.9979124097059969 -0.00033700013835980187 -0.06458102651458544
vn -0.6721287664853677 -0.299750895858913 -0.6770467647767301
vn -0.4325077328500036 -0.32823679725574223 -0.8397604812994254
vn -0.9454284271069456 -0.3257208026257936 -0.008428994892355232
vn -0.7499710442850416 -0.48669002873856027 -0.44796902645212394
vn -0.8428643006177208 -0.2613420932108102 -0.4704041677753213
vn 0.5312740512435098 -0.8443200814380529 -0.06979600673210455
vn 0.5311871404528038 -0.8443792232648729 -0.06974201844069894
vn 0.9915298534687547 -0.000004999999261056326 -0.129878980806096
vn 0.9810530602665818 -0.0002970000182448171 -0.1937390119014847
vn -0.6450819079245631 -0.3456159506686838 0.6814829027288855
vn -0.8030763037841477 -0.3336771262219057 0.4936881867501809
vn 0.1191740146116289 -0.3994450489749621 0.9089781114475405
vn -0.24278297201477259 -0.35129795950641324 -0.9042378957698602
vn -0.00017399999073728473 -0.3512439813018781 -0.9362839501578615
vn 0.24249596866370293 -0.3512439546108539 -0.9043358831381074
vn 0.4685440204191489 -0.3512980153095677 -0.8105900353255148
vn -0.4686769416640191 -0.35139095626254596 -0.8104728991208499
vn 0.6624730644168965 -0.3513910341682115 -0.6615540643275358
vn -0.6610341702480504 -0.3543180912539274 -0.6614321703505547
vn -0.802534002889925 -0.33371900120172204 -0.49454100178084226
vn -0.9059683914581549 -0.32560814069140065 -0.27055611690407677
vn 0.8110880714937667 -0.3514980309829709 -0.46753104121075917
vn 0.9043780156502615 -0.3515910060842823 -0.24183500418495482
vn 0.8961881885562222 -0.44367409334815167 0.00017200003618836888
vn 0.6341809436841005 -0.44359596060823697 0.6332749437645541
vn 0.7763687968976792 -0.4436448839400736 0.4476948828805715
vn 0.8656957970302857 -0.44367389597689605 0.23178494565605554
vn 0.21856899048853345 -0.5906429742969904 0.776767966197389
vn 0.01007900031955471 -0.5906430187263375 0.8068700255818144
vn 0.27434107948293207 -0.3724721079137524 0.8865672568589624
vn 0.03586001726527565 -0.38860718710002734 0.9207054432857114
vn 0.41216324628451195 -0.5906433529337254 0.6937304145324893
vn 0.66914861652509 -0.3559507960121324 0.6523336261614049
vn 0.7819851144521316 -0.590643086447119 0.1990980291401886
vn 0.8082063104478633 -0.3358901290219733 0.48371518580447087
vn 0.4974138499747827 -0.3569028923543566 0.7906957615178919
vn 0.6799660678415779 -0.3031020302410974 0.6676640666141824
vn -0.10825495389882578 -0.40029282953233286 0.9099706124822722
vn -0.028445993875108818 -0.3843459172439915 0.9227508013165483
vn -0.6370970454014484 -0.4484640319588933 -0.6268870446738533
vn -0.48152198854025835 -0.42333298992509816 -0.7674149817362912
vn 0.46231899992117464 -0.8430979998562518 -0.27467599995316794
vn 0.5176570406741271 -0.8430980662451685 -0.14566001144501756
vn 0.13268400481536796 -0.843098030597714 -0.5211340189129963
vn -0.21856899048853345 -0.59064297429699 -0.7767679661973892
vn -0.46095876138153224 -0.8467075616960174 0.26571286245191217
vn 0.460593786025449 -0.8467076066514889 0.26634487626618697
vn 0.8657012007898941 0 0.5005611160996581
vn 0.3272339167888432 -0.19673894997194716 -0.9242357649793519
vn -0.13444704008613045 -0.08754202610114022 -0.9870462942933252
vn 0.9801277263733702 -0.198338944628832 -0.003361999061415768
vn -0.5309198880199818 -0.8445528218694713 0.06967498530436249
vn 0.9785145586773129 -0.20206490886611977 0.04097598151930377
vn 0.9749775897704657 -0.2184659080787408 0.04112598269591737
vn -0.5308847107724957 -0.8444695399305865 -0.07094096135116215
vn -0.8503466537112768 -0.2773658870476193 -0.4471898178898096
vn -0.991348368210149 0 -0.1312570487519615
vn -0.9713249678166047 -0.22788099244950522 -0.06780899775325065
vn -0.9870416027804859 -0.16046393542378937 -0.0004469998201119227
vn -0.6096480190255908 -0.0033840001056060086 -0.7926650247370941
vn -0.640706841648683 -0.08028198015823061 -0.7635768112812508
vn -0.37577210650585485 -0.16360404637062848 -0.9121562585343094
vn -0.6873811375521968 -0.2471370494547233 -0.6829571366669077
vn -0.9067019341421608 -0.25652798136721894 -0.33479097568262584
vn -0.06681899401255069 -0.12580698872681345 -0.9898019113068242
vn -0.28579008486194885 -0.05313001577632275 -0.9568182841157499
vn 0.13444704008613045 -0.08754202610114022 -0.9870462942933252
vn 0.15969398450728883 -0.08657499160092737 -0.9833629045990524
vn 0.9999997887455669 -0.0000029999993662368453 0.0006499998626846185
vn 0.9916762405955603 -0.0006130001487230205 -0.1287550312379057
vn 0.9660337496948916 0 -0.2584159330428899
vn -0.9164746572797836 -0.3154208820468062 0.24613790795551574
vn -0.8508430701290413 -0.2773040228562305 0.4462830367839882
vn -0.9463092266084392 -0.3221880771529382 -0.02633800630704468
vn -0.44455517368662884 -0.3602361407433872 0.8201223204198027
vn 0.023100992347439488 -0.39238087001777666 0.9195126953972176
vn -0.04179201234298013 -0.37279711010303335 0.9269712737745173
vn -0.21642210605324236 -0.3762441843707949 0.9008894414625105
vn -0.2812939638922652 -0.34550095565046385 0.895266885080864
vn -0.242495968663703 -0.3512439546108544 0.9043358831381074
vn -0.6624730644168965 -0.3513910341682118 0.6615540643275356
vn -0.8110880714937667 -0.3514980309829711 0.46753104121075906
vn -0.9043780156502615 -0.3515910060842824 0.24183500418495466
vn -0.9361333604160939 -0.3516451353851614 -0.0001740000669909868
vn -0.6624447116031014 -0.3514978469745667 -0.6615257120031902
vn -0.8109706973672829 -0.3515908687956293 -0.46766482547991284
vn -0.9042805878167942 -0.3516448397155713 -0.2421208896380551
vn -0.9405202583026382 -0.2662320731174541 -0.21105005796237383
vn 0.24278297201477259 -0.3512979595064137 0.90423789576986
vn 0.4686769416640191 -0.3513909562625463 0.8104728991208496
vn 0.8068700255818145 -0.5906430187263373 -0.010079000319554842
vn 0.21143208816455625 -0.357725149166947 0.9095763792820595
vn 0.4426278732232067 -0.3311929051402387 0.8333017613269935
vn 0.9184451974703308 -0.3181970684139681 0.23496605051888103
vn 0.8550119878271943 -0.28117899599685475 0.43576699379598527
vn -0.4233731355816696 -0.42660213661572977 -0.7992282559460965
vn -0.010079000319554712 -0.5906430187263372 -0.8068700255818149
vn 0.19909802914018873 -0.5906430864471188 -0.7819851144521317
vn -0.11565406677954485 -0.5873383391336597 -0.8010354625240175
vn 0.5634161770803238 -0.5906431856377057 -0.5776701815603226
vn 0.6937304145324894 -0.5906433529337252 -0.41216324628451206
vn -0.26866205775684104 -0.4102940882048272 -0.8714811873506101
vn -0.13090293691285013 -0.4010578067148486 -0.9066515630498111
vn -0.8663490413586379 0 0.49943902384272015
vn -0.9657347922772286 0 -0.2595309441767166
vn 0.1363429773416397 -0.15983997343675627 -0.9776818375224909
vn -0.10649404078477609 -0.20044707676663462 -0.9738993729811317
vn -0.15969398450728883 -0.08657499160092737 -0.9833629045990524
vn 0.1656270554735618 -0.18344106144001648 -0.9689773245401142
vn 0.1564230207250349 -0.16867802234874282 -0.97318012894005
vn 0.163115987674304 -0.2136059838590778 -0.9632059272163102
vn 0.08219103042634429 -0.25355309386296376 -0.9638233567983165
vn 0.9374299714168232 -0.33610098975194486 -0.09089099722864272
vn 0.8030971458175588 -0.4955420899750898 -0.3308670600752068
vn 0.8740098887083949 -0.3468349558359471 -0.34031195666655
vn 0.8567550797099261 -0.507365047203724 -0.09247400860350485
vn 0.5996359200730345 -0.7446829007393609 -0.29305996093730796
vn 0.6260331025457956 -0.7769351272639267 -0.0667410109323455
vn 0.3237608822486742 -0.3728498643950881 -0.8695756837366858
vn 0.12383092642946801 -0.4480647337954112 -0.8853834739752414
vn 0.6929888413128498 -0.3116529286347597 -0.6501068511323743
vn 0.39469502463962713 -0.23293601454149687 -0.8887950554848109
vn 0.3916359128263593 -0.28587493636753364 -0.8745838053277244
vn 0.6514438138460481 -0.41986988001967956 -0.6319258194234314
vn 0.4759548522077121 -0.618678807889433 -0.6250628059070904
vn 0.11672099646673878 -0.7312259778650587 -0.6720749796556187
vn 0.20614503106296633 -0.9064011365810654 -0.3687020555578736
vn -0.5232628606190137 -0.8458877746817494 0.10329497248542495
vn -0.5318488669319619 -0.8440207888268689 0.0690339827277685
vn -0.5317732395540605 -0.8440623802345727 0.06910803113189634
vn -0.5139991267288133 -0.8466972087570327 0.13750903390347508
vn 0.9003696980300097 -0.23346992169782027 0.36718687685123347
vn 0.905355741993568 -0.25791592649964556 0.33735790386043285
vn 0.657772788709601 -0.23165692558694279 0.7167077697784504
vn 0.7044518147119381 -0.253651933283336 0.6628788256466512
vn 0.2918520340432284 -0.18500202157965479 0.938401109460273
vn 0.3839609257317892 -0.20844395968141852 0.8995138260102058
vn 0.02132299914517164 -0.13537499457288446 0.9905649602887467
vn 0.13613302210378447 -0.1603830260412339 0.9776221587355451
vn -0.9918114646272584 -0.0006689996388787469 -0.12770893106363154
vn -0.6785618075649879 -0.10380997056027493 -0.727170793779846
vn -0.8580381394869816 -0.08441501372292773 -0.5066010823556117
vn -0.6772744723987707 -0.09190606410445595 -0.7299675091521503
vn -0.44338600455601296 -0.09296200095523086 -0.8914970091605776
vn -0.9298771320490713 -0.26793603804879573 0.25206903579557005
vn -0.9637685586466794 -0.26344815270723915 0.04177602421539585
vn -0.9749775897704657 -0.2184659080787408 0.04112598269591737
vn -0.9785145586773129 -0.20206490886611977 0.04097598151930377
vn -0.9801277263733702 -0.198338944628832 -0.003361999061415768
vn 0.10649404078477609 -0.20044707676663462 -0.9738993729811317
vn -0.1363429773416397 -0.15983997343675627 -0.9776818375224909
vn -0.3272339167888432 -0.19673894997194716 -0.9242357649793519
vn 0.8580381394869816 -0.08441501372292773 -0.5066010823556117
vn 0.6785618075649879 -0.10380997056027493 -0.727170793779846
vn 0.6772744723987707 -0.09190606410445595 -0.7299675091521503
vn 0.9039711421322978 -0.10528401655391241 -0.41442906516110145
vn 0.973671580798449 -0.06984696992830156 -0.21699090657740622
vn 0.44338600455601296 -0.09296200095523086 -0.8914970091605776
vn 0.3731949481622923 -0.10122798593918045 -0.9222138719021965
vn 0.5312747245771601 -0.8443215622877736 -0.06977296382837944
vn 0.9657581430770795 0 0.25944403843663716
vn 0.9968832511333648 -0.07869301982423 0.005585001406965336
vn 0.9873254217247898 -0.09846304205736504 -0.12447305316724461
vn -0.7020169586136444 -0.2955369825770611 0.6479429618014956
vn -0.5069617887896235 -0.31900986709413703 0.8007636663859107
vn -0.4685440204191489 -0.35129801530956806 0.8105900353255145
vn 0.00017399999073728476 -0.35124398130187867 0.9362839501578615
vn -0.25368400614904674 -0.20687900501454007 -0.9449050229035533
vn -0.00017599995838340677 -0.20678795110334022 -0.9783857686528853
vn 0.25339511618510824 -0.20678809481515462 -0.9450024332964726
vn 0.48959904799490744 -0.2068790202801443 -0.8470500830354767
vn 0.6922498305535302 -0.20703694932222622 -0.6913218307806827
vn -0.4897349519856531 -0.20703697970178478 -0.8469329169654306
vn 0.8475560373344205 -0.2072180091278498 -0.48857902152166216
vn 0.9450519832154045 -0.20737599631689863 -0.25272899551140676
vn 0.9361333604160939 -0.3516451353851614 0.0001740000669908306
vn 0.6624447116031014 -0.35149784697456704 0.66152571200319
vn 0.8109706973672829 -0.3515908687956295 0.4676648254799127
vn 0.9042805878167942 -0.3516448397155714 0.24212088963805492
vn 0.9316548820981505 -0.27215396555864574 0.24073096953525697
vn -0.2060119881072373 -0.40366297669714235 -0.8914119485401271
vn -0.03494501272636441 -0.39536914398654927 -0.9178573342676396
vn 0.7767679661973891 -0.5906429742969902 -0.2185689904885336
vn 0.7955763010763611 -0.33685812747994004 -0.5035721905708889
vn 0.39470617991382784 -0.5906432692253043 -0.7038093208083265
vn 0.20441899500911026 -0.37941499073658286 -0.9023619779688326
vn 0.029771008086327884 -0.3779181026491839 -0.9253602513440723
vn 0.6920591688503467 -0.3010350734472986 -0.6560731600703894
vn 0.635284222576631 -0.34889012223629223 -0.6889772413883862
vn 0.5138420363147596 -0.8467030598390474 0.13805900975704452
vn -0.3731949481622923 -0.10122798593918045 -0.9222138719021965
vn -0.14881706150171414 -0.08822303645998571 -0.9849214070390466
vn -0.1806430739471607 -0.09652903951465285 -0.9788004006769202
vn -0.7089969731931794 -0.2589229902102512 -0.6559589751985196
vn -0.9070891356093823 -0.18508202766967255 -0.3780660565206907
vn -0.6729250284075308 -0.15234400643120224 -0.7238530305574564
vn -0.31950715171896554 -0.10982105214886825 -0.9411984469310122
vn -0.4172019401724117 -0.15678397751686549 -0.8951878716282781
vn -0.18757997718605557 -0.47075794274524535 -0.8620908951503565
vn 0.2670201043759095 -0.9565363739020112 -0.11721104581681067
vn 0.21864091135020203 -0.9570556119537459 0.1903699228129121
vn -0.28208906517457033 -0.9507132196551843 -0.12872502974095634
vn -0.2726500016570304 -0.8646630052549893 -0.42192400256424334
vn -0.24756299038254936 -0.7108619723840791 -0.6583219744251794
vn 0.34305004326581723 -0.9393171184676217 -0.00013700001727878883
vn 0.9482454224917904 -0.31751714147011145 -0.003672001636064436
vn 0.862312824508148 -0.5063758969459325 -0.00020899995746590842
vn -0.9764225769796565 -0.21460990702349708 0.023270989918194818
vn -0.9660960276762364 0 0.2581830073962978
vn -0.9905961385660836 0.02633000368308064 0.134261018780634
vn -0.9901456764199507 -0.00529799826861183 0.13994095426723363
vn 0.08700002912809311 -0.1814170607394401 0.9795503279588922
vn 0.3760691633342065 -0.24119010475358865 0.8946503885641939
vn 0.6710276774206327 -0.31846884690425975 0.6695516781301816
vn 0.15213398529959796 -0.1745199831364841 0.9728299059973963
vn 0.3008970595907128 -0.2797500554026858 0.9117021805567086
vn 0.5891182093196282 -0.4183161486319374 0.6913402456401463
vn 0.2214869759441901 -0.3381539632729312 0.9146559006587706
vn 0.3887349790965545 -0.5584639699697178 0.7328049605948799
vn 0.04635001590575229 -0.14647205026423643 0.9881283390921077
vn 0.08260903224222897 -0.17962007010554765 0.9802613825951121
vn 0.7778281068409204 -0.49674006823122707 0.38501005288421436
vn 0.5729328227658369 -0.7263907752943173 0.3796108825690997
vn 0.9253729766037954 -0.3655139907587099 0.10042099746105587
vn 0.8306842540129001 -0.545645166851497 0.11061203382378235
vn 0.5851528819190862 -0.8043498376862409 0.10304097920684752
vn 0.657658320782789 -0.7533093674380331 0.0032450015827984154
vn 0.1801769634822773 -0.8099158358487049 0.5581868868683676
vn 0.8442403738377406 -0.36323016084180165 0.3941091745153251
vn -0.9385552760056832 -0.3443041012512434 -0.02384700701280969
vn -0.9039711421322978 -0.10528401655391241 -0.41442906516110145
vn -0.6260331025457956 -0.7769351272639267 -0.0667410109323455
vn -0.862312824508148 -0.5063758969459325 -0.00020899995746590842
vn -0.8567550797099261 -0.507365047203724 -0.09247400860350485
vn -0.9482454224917904 -0.31751714147011145 -0.003672001636064436
vn -0.9374299714168232 -0.33610098975194486 -0.09089099722864272
vn -0.8740098887083949 -0.3468349558359471 -0.34031195666655
vn -0.8030971458175588 -0.4955420899750898 -0.3308670600752068
vn -0.1564230207250349 -0.16867802234874282 -0.97318012894005
vn -0.1656270554735618 -0.18344106144001648 -0.9689773245401142
vn -0.163115987674304 -0.2136059838590778 -0.9632059272163102
vn -0.08219103042634429 -0.25355309386296376 -0.9638233567983165
vn -0.12383092642946801 -0.4480647337954112 -0.8853834739752414
vn -0.4759548522077121 -0.618678807889433 -0.6250628059070904
vn -0.6514438138460481 -0.41986988001967956 -0.6319258194234314
vn -0.5996359200730345 -0.7446829007393609 -0.29305996093730796
vn -0.3916359128263593 -0.28587493636753364 -0.8745838053277244
vn -0.3237608822486742 -0.3728498643950881 -0.8695756837366858
vn -0.6929888413128498 -0.3116529286347597 -0.6501068511323743
vn -0.39469502463962713 -0.23293601454149687 -0.8887950554848109
vn -0.13978895026177232 -0.7033267497497052 -0.6969867520055364
vn 0.9934571827469622 -0.11417502100255411 0.0026250004828701702
vn 0.9777435024952694 -0.18902209714481288 -0.09104004678854194
vn 0.14881706150171414 -0.08822303645998571 -0.9849214070390466
vn 0.31950715171896554 -0.10982105214886825 -0.9411984469310122
vn 0.1806430739471607 -0.09652903951465285 -0.9788004006769202
vn 0.4172019401724117 -0.15678397751686549 -0.8951878716282781
vn 0.9070891356093823 -0.18508202766967255 -0.3780660565206907
vn 0.6729250284075308 -0.15234400643120224 -0.7238530305574564
vn 0.8788287472097807 -0.33048790493698543 -0.3441479010077634
vn 0.9331283540807532 -0.35123913327964623 -0.07682802915282383
vn 0.7089969731931794 -0.2589229902102512 -0.6559589751985196
vn 0.9913601517648588 -0.0000010000001531166603 0.1311680200801858
vn -0.48959904799490733 -0.20687902028014463 0.8470500830354765
vn -0.6922498305535301 -0.20703694932222652 0.6913218307806825
vn -0.8475560373344205 -0.20721800912785002 0.48857902152166205
vn -0.9450519832154045 -0.20737599631689874 0.25272899551140665
vn -0.9782422041122137 -0.20746604328820942 -0.00017600003672280958
vn -0.25339511618510824 -0.20678809481515506 0.9450024332964726
vn -0.6922227375514134 -0.20721792143561926 -0.6912947379032541
vn -0.84743899350777 -0.20737599841129237 -0.4887149962559545
vn -0.9449549047934356 -0.20746597909728492 -0.25301797450780783
vn 0.2536840061490467 -0.20687900501454048 0.944905022903553
vn 0.00017599995838340677 -0.20678795110334067 0.9783857686528853
vn 0.4897349519856531 -0.20703697970178517 0.8469329169654306
vn 0.962946927372138 -0.2680059797863198 0.030099997729782946
vn 0.9449795265304116 -0.32495483718564405 -0.03765698113246394
vn 0.9016614694857821 -0.32858817109245503 -0.2811341463836363
vn 0.8434420252218691 -0.2825980084506696 -0.4568850136624613
vn 0.43323015725391095 -0.36350813194620546 -0.8247262993592064
vn 0.2689919655641888 -0.3509059550777241 -0.8969438851750452
vn 0.49533188950905205 -0.3245479276048867 -0.8058008202544631
vn -0.8788287472097807 -0.33048790493698543 -0.3441479010077634
vn -0.98961666920386 -0.09751396740430408 -0.1055929647037624
vn -0.9733831178625887 -0.06993200846775269 -0.21825402642739955
vn -0.9777435024952694 -0.18902209714481288 -0.09104004678854194
vn -0.9934571827469622 -0.11417502100255411 0.0026250004828701702
vn -0.23438890751835895 -0.1174279536670484 -0.9650246192351363
vn -0.7129983336373099 -0.638958298991341 -0.28873113510757986
vn -0.42909779894756067 -0.25696087960177877 -0.8659365942681017
vn -0.5988129878926004 -0.5140299896068277 -0.6141629875822389
vn -0.9331283540807532 -0.35123913327964623 -0.07682802915282383
vn -0.7486971921988295 -0.6609121696634458 -0.051455013209069735
vn -0.43977388417390884 -0.8981057634600785 0.002228999412933814
vn -0.9889030911917027 -0.14506501337717082 0.03204400295493784
vn -0.9900511058112225 -0.005543000592405479 0.14059901502645022
vn -0.9913583073181488 -0.000491000152208627 0.13118104066573535
vn -0.9696727727499398 -0.1472349654943857 0.1950809542813206
vn -0.9803388877286561 -0.08640999010406933 0.1773949796841959
vn -0.5189079962680138 -0.555651996003751 0.6496039953280479
vn -0.7145307799438461 -0.30071190738886616 0.6316788054600131
vn -0.4338380186242326 -0.17750300762002694 0.8833330379206047
vn -0.7444571594072784 -0.5315981138287241 0.4039640864990211
vn -0.8284215927542584 -0.10328994922344827 0.55049872937902
vn -0.434499096192462 -0.046479010289849985 0.8994721991314737
vn -0.26979804553597836 -0.08857801495002167 0.9588341618301257
vn -0.543296768026727 -0.1210869482990931 0.8307626452864414
vn -0.06859203233617793 -0.11716005523248516 0.9907414670628829
vn -0.054612014630069164 -0.1582150423843918 0.9858932641119676
vn 0.03855198801229975 -0.21943693176631632 0.9748646968668444
vn 0.07881999838229838 -0.35984199261460326 0.9296779809192892
vn 0.10585103551509245 -0.5810621949577299 0.8069462707462546
vn -0.16999203946493147 -0.848225196921864 0.5016141164534925
vn -0.1668750337770956 -0.611534123780329 0.773420156547603
vn -0.11633694587046757 -0.3714498271709362 0.9211355714118381
vn 0.530724098465782 -0.8446291567049068 0.07023901303151535
vn -0.9253729766037954 -0.3655139907587099 0.10042099746105587
vn -0.8306842540129001 -0.545645166851497 0.11061203382378235
vn -0.317663893878676 -0.948201683236213 -0.001793999400682519
vn -0.2227469850360808 -0.9661099350977029 -0.1304429912369708
vn -0.6234880008551138 -0.7818280010722771 0.002773000003802996
vn -0.20593504121615216 -0.8805941762434567 -0.42678408541721574
vn 0.18757997718605557 -0.47075794274524535 -0.8620908951503565
vn 0.19731106691233766 -0.7439342522837702 -0.6384592165149647
vn 0.27357801809663934 -0.8908020589247765 -0.36280402399876166
vn -0.21712897791516136 -0.9652519018213382 0.1454089852100164
vn 0.3820879976608572 -0.919499994370821 -0.09234999943463351
vn 0.36495405960503186 -0.9107621487475078 0.19318603155153144
vn 0.9814147566116239 -0.19188095241400938 0.0026029993544627044
vn 0.23438890751835895 -0.1174279536670484 -0.9650246192351363
vn 0.42909779894756067 -0.25696087960177877 -0.8659365942681017
vn 0.5988129878926004 -0.5140299896068277 -0.6141629875822389
vn 0.7129983336373099 -0.638958298991341 -0.28873113510757986
vn 0.7789276155101296 -0.624053691958125 -0.06187696945663835
vn 0.9696727727499398 -0.1472349654943857 0.1950809542813206
vn 0.9803388877286561 -0.08640999010406933 0.1773949796841959
vn -0.25903698367315847 -0.04310799728294591 -0.9649049391830086
vn -0.0001739999707352954 -0.04298199277094499 -0.9990758319674482
vn 0.2587480232909456 -0.04298200386898206 -0.9649880868624416
vn 0.4999467768333077 -0.04310798075742055 -0.8649826138882821
vn 0.7069011198246983 -0.04332700734423149 -0.7059841196692602
vn 0.8655269167627131 -0.043578995809029845 -0.49896295201498464
vn -0.5000918774932579 -0.043326989386253505 -0.8648877881297619
vn 0.9651217796448682 -0.04379699000033803 -0.25811194106827556
vn 0.9782422041122137 -0.20746604328820942 0.00017600003672271742
vn 0.6922227375514132 -0.20721792143561954 0.691294737903254
vn 0.84743899350777 -0.2073759984112926 0.4887149962559544
vn 0.9449549047934356 -0.20746597909728504 0.2530179745078077
vn 0.9365322875060911 -0.2711640832446746 -0.22221006821627934
vn -0.9814147566116239 -0.19188095241400938 0.0026029993544627044
vn -0.9378809867772849 -0.34695599510844094 -0.0008899999874524123
vn -0.36495405960503186 -0.9107621487475078 0.19318603155153144
vn -0.7575584385972969 -0.6527573779215001 -0.003608002088895051
vn -0.9877248273941137 -0.09244098384584706 0.12591397799640833
vn -0.9944095933084365 -0.1046159572143838 0.014319994143438609
vn -0.973785894445023 -0.07571899179232679 0.21449397674960485
vn -0.29729605483537047 -0.13916302566820518 0.9445891742266554
vn -0.09658897445555194 -0.0984769739562415 0.9904407380626296
vn -0.021328002645333657 -0.13537301679045188 0.9905651228607903
vn -0.2918520340432284 -0.18500202157965479 0.938401109460273
vn -0.13613302210378447 -0.1603830260412339 0.9776221587355451
vn -0.657772788709601 -0.23165692558694279 0.7167077697784504
vn -0.3839609257317892 -0.20844395968141852 0.8995138260102058
vn -0.9003696980300097 -0.23346992169782027 0.36718687685123347
vn -0.7044518147119381 -0.253651933283336 0.6628788256466512
vn -0.905355741993568 -0.25791592649964556 0.33735790386043285
vn -0.5864093214869773 -0.7944164355226447 0.15819808672888164
vn -0.03855198801229975 -0.21943693176631632 0.9748646968668444
vn -0.08260903224222897 -0.17962007010554765 0.9802613825951121
vn -0.2214869759441901 -0.3381539632729312 0.9146559006587706
vn -0.07881999838229838 -0.35984199261460326 0.9296779809192892
vn -0.40201018824734486 -0.5331272496448901 0.7444213485865443
vn -0.13983996720515424 -0.6030548585734005 0.7853468158228423
vn -0.7778281068409204 -0.49674006823122707 0.38501005288421436
vn -0.5575643006139404 -0.6985173766095872 0.4485482418373167
vn -0.5891182093196282 -0.4183161486319374 0.6913402456401463
vn -0.04635301625058235 -0.14647105135026983 0.988128346421061
vn -0.08700303798840578 -0.18141507921182778 0.9795504277041353
vn -0.3008970595907128 -0.2797500554026858 0.9117021805567086
vn -0.15213398529959796 -0.1745199831364841 0.9728299059973963
vn -0.3760691633342065 -0.24119010475358865 0.8946503885641939
vn -0.6710276774206327 -0.31846884690425975 0.6695516781301816
vn 0.054612014630069164 -0.1582150423843918 0.9858932641119676
vn -0.8442403738377406 -0.36323016084180165 0.3941091745153251
vn -0.1992479922721668 -0.8460149671873103 0.4945289808196937
vn 0.7297352955756926 -0.6837222769383458 -0.003201001296549984
vn 0.9378809867772849 -0.34695599510844094 -0.0008899999874524123
vn 0.40251393419541737 -0.9154138503444944 -0.00012399997972819225
vn 0.9944095933084365 -0.1046159572143838 0.014319994143438609
vn 0.7480981297987773 -0.24198104198492448 0.6178951072078999
vn 0.4348418754028185 -0.18219594779458287 0.8818827473102041
vn 0.4583450613297817 -0.048681006513860064 0.8874401187457078
vn 0.8284215927542584 -0.10328994922344827 0.55049872937902
vn 0.7453371600485016 -0.531314114090686 0.40271308647579834
vn 0.20733092186466148 -0.07868097034805928 0.9751016325203427
vn 0.26979804553597836 -0.08857801495002167 0.9588341618301257
vn 0.543296768026727 -0.1210869482990931 0.8307626452864414
vn 0.9877248273941137 -0.09244098384584706 0.12591397799640833
vn 0.973785894445023 -0.07571899179232679 0.21449397674960485
vn 0.29729605483537047 -0.13916302566820518 0.9445891742266554
vn -0.4999467768333077 -0.043107980757420936 0.8649826138882821
vn -0.7069011198246983 -0.04332700734423181 0.7059841196692602
vn -0.8655269167627131 -0.04357899580903007 0.49896295201498464
vn -0.9651217796448682 -0.04379699000033814 0.25811194106827556
vn -0.999034904377379 -0.04392299579591066 -0.0001739999833456022
vn -0.25874802329094554 -0.04298200386898248 0.9649880868624414
vn -0.7068933692578651 -0.04357902276424917 -0.7059763687788542
vn -0.8654317759769558 -0.04379698866284427 -0.4991088708021918
vn -0.9650387209827376 -0.04392298730074611 -0.25840092528971403
vn 0.25903698367315847 -0.04310799728294634 0.9649049391830086
vn 0.0001739999707352954 -0.042981992770945436 0.9990758319674482
vn 0.5000918774932579 -0.04332698938625389 0.8648877881297619
vn -0.9196638297421911 -0.3613019331119987 0.15388097151194133
vn -0.7303910254019046 -0.6540990227485831 0.19668100684027034
vn -0.9821482750560647 -0.18132805078192502 0.050049014016503565
vn -0.20732508849103146 -0.07807703332504187 0.975151416216654
vn -0.9796377573104499 -0.08306997942074432 0.18278195471870082
vn -0.7741374029645567 -0.2652581380757831 0.574760299182068
vn -0.9007217907911754 -0.13105396956036022 0.4141559038048477
vn -0.9338246685740113 -0.15800794392101566 0.3209438860930232
vn -0.6719077358422132 -0.1859119269094841 0.7169217181451496
vn -0.9916340502679146 -0.10733200544087418 0.07170600363492081
vn -0.9609158077284535 -0.16676196663226797 0.2209779557840833
vn -0.8710265575974491 -0.31066884220838387 0.38052280672890054
vn -0.4696820123195245 -0.4377290114814134 0.7666760201095288
vn -0.6089239838629057 -0.5993549841164939 0.5196009862300544
vn -0.4064131237263981 -0.2709190824772636 0.8726002656501021
vn 0.09658602146614907 -0.09847502188597779 0.9904412201245951
vn 0.11633694587046757 -0.3714498271709362 0.9211355714118381
vn 0.1668750337770956 -0.611534123780329 0.773420156547603
vn 0.16999203946493147 -0.848225196921864 0.5016141164534925
vn 0.9821482750560647 -0.18132805078192502 0.050049014016503565
vn 0.9196638297421911 -0.3613019331119987 0.15388097151194133
vn 0.9609158077284535 -0.16676196663226797 0.2209779557840833
vn 0.9338246685740113 -0.15800794392101566 0.3209438860930232
vn 0.9796377573104499 -0.08306997942074432 0.18278195471870082
vn 0.9007217907911754 -0.13105396956036022 0.4141559038048477
vn 0.9916340502679146 -0.10733200544087418 0.07170600363492081
vn 0.7741374029645567 -0.2652581380757831 0.574760299182068
vn 0.6719077358422132 -0.1859119269094841 0.7169217181451496
vn 0.4064131237263981 -0.2709190824772636 0.8726002656501021
vn 0.4696820123195245 -0.4377290114814134 0.7666760201095288
vn -0.2157289668542176 0.09748498502187213 -0.9715748507219079
vn -0.00016899998116174213 0.08417599061698725 -0.996450888926622
vn 0.25806413129841826 0.08416804282319626 -0.9624544896796448
vn 0.49863202401187495 0.08402100404607374 -0.8627320415452938
vn 0.7050668620575599 0.08376798361125648 -0.7041758622318791
vn 0.8633178012724665 0.08347598078462455 -0.49770888543215597
vn -0.4987882059187678 0.08376803458263518 -0.8626663561415266
vn 0.999034904377379 -0.04392299579591066 0.00017399998334558268
vn 0.706893369257865 -0.04357902276424948 0.7059763687788541
vn 0.8654317759769558 -0.04379698866284449 0.4991088708021918
vn 0.9650387209827376 -0.04392298730074622 0.25840092528971403
vn -0.28798209199632596 -0.03382301080481348 0.9570383057273713
vn 0.6089239838629057 -0.5993549841164939 0.5196009862300544
vn 0.8710265575974491 -0.31066884220838387 0.38052280672890054
vn 0.7303910254019046 -0.6540990227485831 0.19668100684027034
vn -0.49863202401187495 0.08402100404607335 0.8627320415452938
vn -0.7050668620575599 0.08376798361125617 0.7041758622318791
vn -0.8633178012724665 0.08347598078462433 0.49770888543215597
vn -0.9626941463579209 0.08322301265235392 0.25747603914395645
vn -0.25806390464411455 0.0841669688998897 0.9624546443682622
vn 0.9626941463579209 0.08322301265235403 -0.25747603914395645
vn -0.7050841865367445 0.08347602208437772 -0.7041931863010218
vn -0.8632517249727921 0.08322297348562271 -0.4978658413827064
vn -0.9965431159283656 0.08307700966439063 -0.00016900001965983947
vn 0.258349911150639 0.08402097110426857 0.9623906690233195
vn 0.00016899994078631812 0.08416697050983434 0.9964516508663211
vn 0.4987882059187678 0.08376803458263479 0.8626663561415266
vn -0.25824603520965417 0.08785501197828514 -0.9620761311709117
vn -0.12996199884567752 0.12360799890211398 -0.9837839912620306
vn -0.00016600002310388482 0.12368001721378621 -0.9923221381114048
vn 0.12954297049438956 0.12266097206188177 -0.9839577758869147
vn 0.49845484162870973 0.08788197207774898 -0.8624497259786355
vn 0.7048203460217662 0.08763204302173537 -0.7039523455956335
vn 0.8630220387565946 0.08734400392244474 -0.4975580223443362
vn -0.7048382320750746 0.08734402875889981 -0.7039702317892768
vn -0.9626304630494299 0.08307703996214282 -0.2577611239895745
vn 0.9965431159283656 0.08307700966439063 0.0001690000196598764
vn 0.7050841865367445 0.08347602208437742 0.7041931863010218
vn 0.8632517249727921 0.08322297348562249 0.4978658413827064
vn 0.9626304630494299 0.0830770399621427 0.2577611239895745
vn -0.49845484162870973 0.08788197207774859 0.8624497259786355
vn -0.7048203460217662 0.08763204302173506 0.7039523455956335
vn -0.8630220387565946 0.08734400392244451 0.4975580223443362
vn -0.9623714349530107 0.08709403936298732 0.2574021163353581
vn -0.2579729381689246 0.08802597890189168 0.9621337693953248
vn -0.4986078397332558 0.08763197183259147 -0.8623867228043739
vn -0.12994901527869138 0.12354901452621467 -0.9837931156689903
vn -0.16465194900030158 -0.9650747010753958 0.20376593688503888
vn -0.16334600227018276 -0.9638020133949206 0.2107220029286142
vn -0.03272198779317926 -0.9771966354602832 0.20979992173488785
vn 0.000284000068733705 -0.20619804990405788 -0.9785102368190762
vn -0.10424601361797041 -0.20508302679061258 -0.973177127129056
vn 0.16135800103478887 -0.9642270061835878 0.21030900134871142
vn 0.26439807877398214 -0.943581281127818 0.19936905939942806
vn -0.16238506563776184 -0.9631273893062823 0.21451508670926778
vn 0.05182600762951445 -0.9760601436897286 0.21123603109690317
vn 0.15759998774439504 -0.9627219251348952 0.21983798290451959
vn 0.10481202435553978 -0.2050550476493644 -0.9731222261278439
vn 0.3127210501188686 -0.9259171483939755 0.2118560339535335
vn 0.1300289919190885 0.08731699457351115 -0.9876579386200242
vn 0.3110690022333199 -0.9226520066241801 0.22792400163638019
vn 0.2579740971151411 0.08802703313804715 -0.9621333621980588
vn 0.9623714349530107 0.08709403936298743 -0.2574021163353581
vn -0.862959069020332 0.08709400696586617 -0.49771103980742826
vn -0.9962126658877616 0.0869499708385063 -0.00016399994499727836
vn 0.2582520161908524 0.08788200550967443 0.9620720603161478
vn 0.00016400002677333458 0.08802601437042386 0.9961181626182957
vn 0.4986078397332558 0.08763197183259108 0.8623867228043739
vn -0.2590870849079039 -0.034536011318126 -0.9652363163268148
vn -0.13034203245881973 0.08718602171176354 -0.9876282459471174
vn -0.2644261602510278 -0.9432875716635704 0.20071712164123606
vn -0.3420658691630797 -0.9164276494751972 0.20772892054567632
vn -0.4564808155575943 -0.8703486483330887 0.18471192536660727
vn -0.3108479204265174 -0.9227677637820947 0.2277569416968494
vn -0.5464601577062385 -0.8142022349755421 0.1961020565942771
vn 0.4570371662121076 -0.8703423165200588 0.18336106668348115
vn 0.5683109328910075 -0.7984599057138677 0.19870697653568792
vn 0.5000791086176942 -0.03452600749908397 -0.8652911879421317
vn 0.7071008840616273 -0.034737994304254546 -0.7062588841996841
vn 0.8657925960152084 -0.03498198367716524 -0.49917876707974734
vn -0.5002138833338791 -0.034737991897972054 -0.8652047982061454
vn -0.9623100861267566 0.0869500077820261 -0.25768002306236315
vn 0.9962126658877616 0.0869499708385063 0.00016399994499731696
vn 0.7048382320750746 0.0873440287588995 0.7039702317892768
vn 0.862959069020332 0.08709400696586594 0.49771103980742826
vn 0.9623100861267566 0.086950007782026 0.25768002306236315
vn -0.5000791086176942 -0.03452600749908436 0.8652911879421317
vn -0.7071008840616273 -0.034737994304254866 0.7062588841996841
vn -0.8657925960152084 -0.034981983677165464 0.49917876707974734
vn -0.965440059915212 -0.0351940021841399 0.2582380160262518
vn -0.25881992924148806 -0.034402990594602306 0.9653127360941525
vn -0.1306749450552481 0.051771978231492884 -0.9900725837052584
vn -0.5653521773459177 -0.7928172486996746 0.22763507140708425
vn 0.2620109343784527 0.939614764670223 -0.22016894485792385
vn 0.3109510091192603 0.9227320270609626 -0.22776100667954693
vn 0.05440102154691609 0.9758623865152595 -0.21150208377080998
vn -0.060872996067269786 -0.07713099501691345 -0.9951609357071324
vn 0.0002759999785084345 -0.11950199069461913 -0.9928339226900111
vn 0.0002719999779450187 -0.06997199432635584 -0.997548919114248
vn 0.05480501962124183 -0.9758393493690906 0.21150407572249103
vn -0.05440102154691609 -0.9758623865152595 0.21150208377080998
vn -0.2620109343784527 -0.939614764670223 0.22016894485792385
vn -0.05480501962124183 0.9758393493690906 -0.21150407572249103
vn -0.3109510091192603 -0.9227320270609626 0.22776100667954693
vn 0.13035095184556475 0.05186098084144243 -0.9901106342319119
vn 0.5654590125028643 -0.7926560175264173 0.2279310050397823
vn 0.5706530895280583 -0.8035491260664216 0.16930402656160273
vn 0.31075695863545477 -0.9227598771723637 0.22791296966273436
vn 0.26216507160069896 -0.9395452566020587 0.2202820601619023
vn -0.26216507160069896 0.9395452566020587 -0.2202820601619023
vn -0.31075695863545477 0.9227598771723637 -0.22791296966273436
vn 0.25881992924148806 -0.034402990594601876 -0.9653127360941525
vn 0.965440059915212 -0.03519400218413979 -0.2582380160262518
vn -0.7070948658789656 -0.034981993364650944 -0.7062528660386753
vn -0.8657066972390468 -0.03519398769171431 -0.499312825376854
vn -0.9993761826295181 -0.03531600645377121 -0.0001590000290562323
vn 0.25908599141894256 -0.03452599885648189 0.9652369680308696
vn 0.00016000000460216022 -0.034403000989550965 0.9994080287464733
vn 0.5002138833338791 -0.03473799189797244 0.8652047982061454
vn -0.2539269739351593 -0.20114097935348274 -0.9460779028879465
vn -0.13076901486968012 -0.03416200388454438 -0.9908241126661208
vn -0.5703909274545493 -0.803700897780906 0.16946697844625883
vn -0.7482878966356326 -0.6399219116047128 0.17482897585008836
vn 0.06141599322296048 -0.07711399149074119 -0.995128890191016
vn -0.02745900177777821 -0.09640800624174352 -0.9949630644168959
vn 0.7483989500196746 -0.6397619572747787 0.1749389883170498
vn 0.028003987546377472 -0.09640095712963608 -0.9949485575375203
vn 0.49013801168930166 -0.20112700479667783 -0.8481230202268862
vn 0.693030708565748 -0.20128091535706516 -0.692238708898801
vn 0.8485490030288957 -0.20145800071910422 -0.48926400174642787
vn 0.9461968451861233 -0.20161196701285744 -0.25310895858707494
vn -0.4902518330923211 -0.2012809314733145 -0.8480207112888539
vn -0.9653644588665523 -0.035315980203685766 -0.2585038550960924
vn 0.9993761826295181 -0.03531600645377121 0.00015900002905621662
vn 0.7070948658789656 -0.03498199336465126 0.7062528660386753
vn 0.8657066972390468 -0.03519398769171453 0.499312825376854
vn 0.9653644588665523 -0.03531598020368588 0.2585038550960924
vn -0.49013801168930166 -0.20112700479667822 0.8481230202268862
vn -0.693030708565748 -0.2012809153570655 0.692238708898801
vn -0.8485490030288957 -0.20145800071910444 0.48926400174642776
vn -0.9461968451861233 -0.20161196701285755 0.25310895858707483
vn -0.9794473240457933 -0.20170006673157045 -0.0001500000496268944
vn -0.25368001022330466 -0.20103800810183212 0.946166038130492
vn -0.12820602352991006 -0.19943403660253078 -0.9714881782991849
vn -0.6740780396654493 -0.7227680425305639 0.15239800896770855
vn -0.6883400872495208 -0.664957084285643 -0.28986203674103017
vn -0.7643747650931477 -0.5993968157939983 0.2376019269804245
vn -0.007658997046270065 -0.1211749532682822 -0.9926016171982972
vn 0.13045001621252472 -0.03407600423501697 -0.9908691231467087
vn 0.25368001022330466 -0.20103800810183167 -0.946166038130492
vn 0.7644201742369857 -0.5991781365727854 0.23800705424978696
vn 0.6742449304415252 -0.722638925448959 0.15227198429086136
vn 0.00821000268144889 -0.12117403957635638 -0.9925973241897835
vn -0.6930049677205224 -0.20145799061628833 -0.6922129677574129
vn -0.8484467720915313 -0.20161194584330872 -0.48937786854406873
vn -0.9461122069294269 -0.20170004411493073 -0.2533550554126837
vn 0.25392603273538444 -0.20112702592869466 0.9460811219659477
vn 0.00015000006346256527 -0.20103808505591486 0.9795834144456671
vn 0.4902518330923211 -0.20128093147331488 0.8480207112888539
vn -0.24226301980124762 -0.3556390290679792 -0.9026790737800259
vn -0.4438808873008765 -0.5290978656647144 -0.7232048163819366
vn -0.7982736692030437 -0.5468037734097579 0.252516895359419
vn -0.7432690098104078 -0.6340960083694334 0.21324500281462067
vn 0.7432690098104078 0.6340960083694334 -0.21324500281462067
vn -0.0005409997302508392 -0.1452999275516577 -0.9893875066791447
vn 0.12790601556833744 -0.19935902426538363 -0.971543118253321
vn 0.74333715805208 -0.6338851347798411 0.21363404542394357
vn -0.74333715805208 0.6338851347798411 -0.21363404542394357
vn 0.7983101100430646 -0.5466090753473333 0.25282303485039354
vn 0.7507659814440684 -0.6463799840240725 0.1361739966343234
vn 0.0010969998794512386 -0.1453009840329482 -0.9893868912767753
vn 0.46763988223613384 -0.3556259104441606 -0.8092237962164341
vn 0.6612190957795765 -0.3557220515274098 -0.6604930956744134
vn 0.8095999010442295 -0.35583395650712973 -0.4668299429403134
vn 0.9027669764206296 -0.35592999070346465 -0.241506993692079
vn 0.9794473240457933 -0.20170006673157045 0.00015000004962680485
vn -0.46774104361825763 -0.3557220331721481 -0.8091230754531579
vn 0.6930049677205224 -0.20145799061628866 0.6922129677574129
vn 0.8484467720915313 -0.20161194584330894 0.4893778685440686
vn 0.9461122069294269 -0.20170004411493084 0.2533550554126836
vn -0.46763988223613384 -0.3556259104441609 0.8092237962164339
vn -0.6612190957795765 -0.35572205152741015 0.6604930956744132
vn -0.8095999010442295 -0.35583395650712996 0.46682994294031327
vn -0.9027669764206296 -0.35592999070346476 0.24150699369207884
vn -0.9344912429462614 -0.35598609254820845 -0.00013700003561694193
vn -0.24203791835663033 -0.35556988006043305 0.9027666954819493
vn -0.7903732452105711 -0.5419471681372382 0.28566308862598705
vn -0.8483746455046075 -0.4737538020408309 0.23625790127906582
vn -0.20763509116978546 -0.20172108857302598 -0.9571814202855319
vn -0.10389303576923556 -0.1884170648699338 -0.9765783362252367
vn -0.8555851377894308 -0.4803850773645818 0.1928840310633969
vn -0.8636557563454725 -0.4534198720812038 0.22024793786366045
vn 0.8555851377894308 0.4803850773645818 -0.1928840310633969
vn 0.8636557563454725 0.4534198720812038 -0.22024793786366045
vn 0.12539395690480037 -0.27765990457427664 -0.9524606726598009
vn 0.20818588288069265 -0.2016608865514651 -0.9570744615778146
vn 0.7903739009108303 -0.5417199320845765 0.2860919641326526
vn 0.8484228662499637 -0.47366092532949255 0.2362709627529488
vn 0.8183301487720255 -0.5624101022458847 0.11845102153433833
vn 0.8556211920514708 -0.48014110777176494 0.19333104339480076
vn -0.8556211920514708 0.48014110777176494 -0.19333104339480076
vn 0.8636689287015418 -0.45317296258921397 0.22070398178022482
vn -0.8636689287015418 0.45317296258921397 -0.22070398178022482
vn 0.1894520021686571 -0.19278100220676395 -0.9627790110209314
vn 0.24203791835663027 -0.3555698800604325 -0.9027666954819493
vn -0.6611889657352052 -0.3558339815596159 -0.6604629657728288
vn -0.8094992612003591 -0.35593011484763265 -0.46693115066423174
vn -0.9026849468399822 -0.3559859790356303 -0.241730985764221
vn 0.24226304640536983 -0.35562606812000225 0.9026841729087184
vn 0.00013799995401538698 -0.3555698815163129 0.9346496885542133
vn 0.46774026239932043 -0.35572219955789786 0.8091234539131255
vn -0.44476400758834117 -0.45847000782218594 -0.7694090131272721
vn -0.2341420247023361 -0.42896804525677446 -0.8724470920444818
vn -0.5971400317075395 -0.6302210334641075 -0.49623102634937216
vn -0.8050506196337984 -0.4864427701680066 0.3395098395901263
vn -0.8669880204743559 -0.4875680115141625 0.1030010024324201
vn -0.308748167155068 -0.19615010619491144 -0.9306985038765836
vn 0.8851547901076953 0.39689590588606954 -0.24284694241492552
vn 0.8716580036478889 0.38521500161212485 -0.3030210012681428
vn -0.8851547901076953 -0.39689590588606954 0.24284694241492552
vn 0.8049803914841966 -0.4862472364754605 0.3399561653300721
vn 0.8670787425396479 -0.487503855246233 0.10253996955296507
vn 0.12212902086385198 -0.3528870602852894 -0.9276611584765436
vn 0.8851384052810699 -0.3966431816122452 0.24331911140927695
vn -0.8851384052810699 0.3966431816122452 -0.24331911140927695
vn 0.8716036517656477 -0.38496484619387084 0.3034948787438047
vn -0.8716036517656477 0.38496484619387084 -0.3034948787438047
vn 0.6287470489759388 -0.45846903571221753 -0.6280790489239055
vn 0.7698503440442709 -0.45853920492006994 -0.4439281983904464
vn 0.8584522793404171 -0.4586001492285128 -0.2296640747327022
vn 0.9344912429462614 -0.35598609254820845 0.00013700003561678385
vn 0.6611889657352052 -0.3558339815596162 0.6604629657728286
vn 0.8094992612003591 -0.3559301148476329 0.46693115066423163
vn 0.9026849468399822 -0.3559859790356304 0.24173098576422083
vn -0.44467090157099515 -0.458407898530277 0.7694998296693076
vn -0.6287470489759388 -0.45846903571221786 0.6280790489239053
vn -0.7698503440442709 -0.45853920492007016 0.44392819839044617
vn -0.8584522793404171 -0.4586001492285129 0.22966407473270198
vn -0.8886241732812865 -0.4586360894338169 -0.0001270000247650456
vn -0.2301500904630425 -0.45837318016865614 0.8584433374206628
vn -0.3411211532306331 -0.45532620453121087 -0.8223833694122255
vn -0.8182226533215899 -0.5625207616616914 0.11866794972075623
vn -0.9086077826187943 -0.40859790224439374 0.08648497930877379
vn -0.8716580036478889 -0.38521500161212485 0.3030210012681428
vn -0.8863768401822816 -0.32587594124310676 0.3288479407072418
vn 0.8863768401822816 0.32587594124310676 -0.3288479407072418
vn 0.3092789596616758 -0.19605697442887848 -0.9305418786322224
vn 0.9086822325408999 -0.4085801045597479 0.08578402195299177
vn 0.23392906372626243 -0.42891511684378514 -0.8725302376921023
vn 0.34095904799288757 -0.4552710640832764 -0.8224811157712164
vn 0.44467103990411383 -0.45840904113694136 -0.7694990690536954
vn 0.886167144210422 -0.3259290530400688 0.3293600535984126
vn -0.886167144210422 0.3259290530400688 -0.3293600535984126
vn -0.6287214145881539 -0.4585393023675643 -0.6280534141476647
vn -0.7697600176721507 -0.4586000105285391 -0.4440220101938575
vn -0.8583778077143794 -0.4586358972607547 -0.22987094850649972
vn 0.23035799507160595 -0.45840799019259054 0.858368981635625
vn 0.00012699998978551823 -0.4583729631335226 0.8887599285179304
vn 0.4447642114992205 -0.45846921801637774 0.769409365878092
vn -0.3352298560025491 -0.4841857920187638 -0.8081986528395556
vn -0.881664487471989 -0.3852922130279309 0.27242915062598266
vn -0.3405580256569616 -0.45813803451520446 -0.8210540618565735
vn -0.8563682647411516 -0.3684721139109608 0.36174811183227545
vn -0.8865158693399817 -0.29518995649313634 0.3563039474857902
vn 0.8865158693399817 0.29518995649313634 -0.3563039474857902
vn -0.30874697512888843 -0.19614998419913846 -0.9306989250275512
vn 0.8816947326781328 -0.38514888322634266 0.27253391737018146
vn 0.856274495554451 -0.36822321310298656 0.3622232096305854
vn 0.3097480160441733 -0.1947990100901018 -0.9306500482053471
vn 0.3350730878499763 -0.4841381269320768 -0.8082922119192925
vn 0.3129369789473219 -0.19665398677020163 -0.9291919374890791
vn 0.29924202505478775 -0.19173401605341034 -0.9347150782613601
vn 0.8862319442338566 -0.2954009814118939 0.35683497754615967
vn -0.8862319442338566 0.2954009814118939 -0.35683497754615967
vn 0.3102789644552196 -0.1947429776907324 -0.9304848934059828
vn 0.6277091146893705 -0.4612760842802222 -0.6270611145709739
vn 0.7685828112902698 -0.4613488867252523 -0.4432128911781739
vn 0.8570426349847624 -0.4614118034842932 -0.22929690234224087
vn 0.8886241732812865 -0.4586360894338169 0.00012700002476484192
vn -0.44402416148251433 -0.46128416775962583 -0.7681532793616515
vn 0.6287214145881539 -0.4585393023675646 0.6280534141476645
vn 0.7697600176721507 -0.4586000105285393 0.4440220101938573
vn 0.8583778077143797 -0.45863589726075493 0.22987094850649956
vn -0.44393518454322867 -0.461213191725672 0.7682473193593246
vn -0.7685828112902698 -0.46134888672525254 0.4432128911781737
vn -0.8570426349847624 -0.46141180348429334 0.22929690234224065
vn -0.8871671961872882 -0.46144810204418313 -0.00012300002720020848
vn -0.2297710083252931 -0.4611770167098273 0.8570420310532043
vn -0.3572819620655897 -0.31289896677795376 -0.8800249065633606
vn -0.8870929102820889 -0.29361997030415865 0.35616496397854586
vn -0.9293973717413646 -0.1458270583280644 0.33905013561363945
vn 0.9293973717413646 0.1458270583280644 -0.33905013561363945
vn 0.34040296659744995 -0.4580599550521819 -0.821161919422259
vn 0.35967511193127194 -0.3287021022924387 -0.8732632717604458
vn 0.4439349119350865 -0.46121090850798674 -0.7682488475998024
vn 0.8868173027483935 -0.2938101003031128 0.35669412177093524
vn 0.9118134650205049 -0.21671387284956556 0.3487567953772986
vn 0.3179359647509184 -0.1988039779589022 -0.9270348972210372
vn 0.3106200932879254 -0.19550005871415024 -0.9302122793688354
vn -0.627681848053935 -0.4613488883189812 -0.6270348482105575
vn -0.7684929713344443 -0.4614119827888719 -0.4433029834643559
vn -0.8569696955131509 -0.4614478360446135 -0.22949691845826772
vn 0.2299710046947431 -0.4612130094154332 0.856969017494594
vn 0.00012300001676970044 -0.46117706287642407 0.88730812097471
vn 0.44402489748243346 -0.461275893499481 0.7681578226458219
vn -0.6277091146893705 -0.46127608428022254 0.6270611145709737
vn -0.46584228309500353 -0.36280822048061784 -0.8070694904607174
vn -0.44569906616002 -0.20907103103471503 -0.8704261292069346
vn -0.3567378764137136 -0.21200092655557753 -0.9098316848029697
vn -0.9382696421698292 -0.23538291023144828 0.2534659033350932
vn -0.9119816710637741 -0.21683892178990136 0.3482388743961807
vn -0.9487943998993713 -0.005220002200134892 0.31585113312543744
vn 0.9487943998993713 0.005220002200134892 -0.31585113312543744
vn 0.4446289947727192 -0.33528399605823356 -0.8305959902350983
vn 0.36404110554608904 -0.20978106082162185 -0.9074502630961856
vn 0.938258033810598 -0.2352060084757663 0.2536730091412338
vn 0.9293286180896949 -0.14519894033007222 0.3395078604782548
vn -0.9293286180896949 0.14519894033007222 -0.3395078604782548
vn 0.3102198939325791 -0.19678593271683464 -0.9300746819977548
vn 0.309140045693839 -0.19673402907916043 -0.9304451375286408
vn 0.30952610732556535 -0.19726506839999736 -0.930204322540498
vn 0.30928698178578085 -0.19606298845365466 -0.9305379451996914
vn 0.3819118821718004 -0.07212997774631823 -0.9213797157341311
vn 0.47293304714646134 -0.06531600651132016 -0.8786740875945848
vn 0.6592630809960781 -0.3627830445709832 -0.6586050809152373
vn 0.8072189431382889 -0.36290097443671177 -0.46551096720871044
vn 0.9001263389984446 -0.3630021367109864 -0.24083609070177894
vn 0.8871671961872882 -0.46144810204418313 0.00012300002720000357
vn 0.627681848053935 -0.4613488883189815 0.6270348482105573
vn 0.7684929713344443 -0.46141198278887213 0.4433029834643557
vn 0.8569696955131509 -0.4614478360446136 0.2294969184582675
vn -0.4662512389859926 -0.3626811858991805 0.8068904135871182
vn -0.6592630809960781 -0.36278304457098354 0.6586050809152371
vn -0.8072189431382889 -0.362900974436712 0.4655109672087103
vn -0.9001263389984446 -0.3630021367109865 0.24083609070177878
vn -0.9317653166502472 -0.3630611233823501 -0.0001240000421401381
vn -0.2413229453815046 -0.3626229179277457 0.9001487962697958
vn -0.37433701885067683 -0.09517000479252342 -0.92239604644956
vn -0.9293919060435948 -0.14585298525506624 0.3390539657235106
vn -0.9671323250140602 -0.19307606488505677 0.1654590556040968
vn -0.4766869726205312 -0.013852999204325114 -0.8789639495149492
vn -0.9488056974496314 0.1320849578814157 0.2869169085093854
vn 0.9488056974496314 -0.1320849578814157 -0.2869169085093854
vn -0.9853356644952339 -0.03574998782720275 0.16683994319134268
vn -0.9977637527397052 -0.0654029837921943 0.01378199658462182
vn -0.9487945194916765 -0.0052159973584058215 0.31585084004022523
vn 0.48069404162089535 -0.2066650178940911 -0.852187073786621
vn 0.30926289903263837 -0.19606893598791422 -0.9305446961981435
vn 0.9486239599367652 -0.0049509997909045 0.31636698663887336
vn -0.9486239599367652 0.0049509997909045 -0.31636698663887336
vn 0.4973199273999989 0.10869798413199788 -0.8607308743483643
vn -0.6592300906342553 -0.3629010498934541 -0.6585730905439278
vn -0.8071221069888851 -0.36300204811810255 -0.46560006171808593
vn -0.9000486356756868 -0.36306085303916846 -0.24103790243197457
vn 0.24152598532995362 -0.362680977971121 0.9000709453305924
vn 0.00012499998975937628 -0.3626229702921146 0.9319359236511525
vn 0.46633897051665224 -0.36278297706377277 0.8067939489920677
vn -0.9624985414436666 -0.26541387355075624 0.05614297325220257
vn -0.38051884144829606 0.08712796369618131 -0.9206596163865359
vn -0.6921233679543362 -0.20699711004610968 -0.6914603676018644
vn -0.9294333316102539 0.27009009636478737 0.2514060896985663
vn 0.9294333316102539 -0.27009009636478737 -0.2514060896985663
vn -0.9792128318637855 -0.19847096592144647 0.04185099281395493
vn -1 -0.000022999999984900506 0.000027999999981617992
vn -0.9781051185649317 0.04285600519496236 0.20365102468637508
vn 0.6921507606747269 -0.20681392848985677 -0.6914877609039726
vn 0.9657183924265087 -0.17372907059603837 0.19288907838184316
vn 0.9626221170351228 -0.26503903222331504 0.05579400678340781
vn 0.9852996643419617 -0.03554598789069259 0.16709594307610315
vn 0.9977726489866371 -0.06527197703751832 0.013758995159627616
vn 0.9293284817412413 -0.14519907526766282 0.339508175992766
vn 0.9486247118790032 -0.004939998499599254 0.31636490391208416
vn 0.9486132770567772 0.1323510386551117 0.2874300839482798
vn -0.9486132770567772 -0.1323510386551117 -0.2874300839482798
vn 0.7071367478559412 -0.028953989675863108 -0.7064837480887816
vn 0.3806699101230835 0.10786997453168648 -0.9183977831644722
vn 0.7032489313681819 0.10847198941394802 -0.7026199314295676
vn 0.8475028651440836 -0.2069969670623346 -0.4887649222269987
vn 0.9450621334007274 -0.2071540292409326 -0.2528730356944224
vn 0.9317653166502472 -0.3630611233823501 0.00012400004213997687
vn 0.6592300906342553 -0.36290104989345445 0.6585730905439275
vn 0.8071221069888851 -0.36300204811810277 0.4656000617180858
vn 0.9000486356756868 -0.3630608530391686 0.2410379024319744
vn -0.4895040849421827 -0.20665703586057876 0.8471591470049981
vn -0.6921507606747267 -0.20681392848985705 0.6914877609039725
vn -0.8475028651440836 -0.20699696706233484 0.4887649222269986
vn -0.9450621334007274 -0.2071540292409327 0.25287303569442227
vn -0.9782890619149386 -0.20724501311633012 -0.0001260000079744608
vn -0.2533580419168247 -0.20656503417515512 0.9450611563556559
vn -0.9624909972997316 -0.26546699925523237 0.05602099984283304
vn -0.49743506656527275 0.10845401451299201 -0.8606951151756459
vn -0.7071318323694691 -0.029192993079597305 -0.7064788325242672
vn -0.10389098163243969 -0.22170396080351898 -0.9695638285845238
vn -0.8871370060728965 0.41227400282222165 0.20740800141981158
vn -0.88643020389271 0.43072509907346035 0.16946203897890016
vn 0.8871370060728965 -0.41227400282222165 -0.20740800141981158
vn 0.88643020389271 -0.43072509907346035 -0.16946203897890016
vn -0.9723923734211082 0.048041018448859524 0.22835308769285464
vn -0.9488110465666983 0.1320050064786738 0.28693601408253305
vn -0.951143910721832 0.06351599403813495 0.3021439716395596
vn -0.9512591843450108 0.06355301231597116 0.30177305848075753
vn -0.9782093668310268 0.042783016043740935 0.20316507618742577
vn -0.991068889229723 -0.13048998541533088 0.02747399692927272
vn -0.35669700669680804 -0.36423900683840515 -0.8602890161514964
vn -0.36724391234145926 -0.2839989322114507 -0.8857067885880148
vn -0.4654098756003782 -0.367015901900149 -0.8054147847203083
vn -0.33753510385096025 -0.47254914539134424 -0.8141052504794645
vn 0.9792828112290567 -0.19814796180411087 0.041743991953241
vn 1 0.00002199999998410501 -0.0000309999999776025
vn 0.9780262228878005 0.04305800981272775 0.20398704648773527
vn 0.9292222828079156 0.27035308228170274 0.2519030766664612
vn -0.9292222828079156 -0.27035308228170274 -0.2519030766664612
vn 0.4970969731850987 0.11253899392930941 -0.8603659535892806
vn 0.7029369458590955 0.11231699134923348 -0.7023279459060012
vn -0.8474112757959766 -0.2071540674197522 -0.48885715910201044
vn -0.9449870470438189 -0.20724501031717493 -0.2530790125989063
vn 0.25356395461953635 -0.20665696301450356 0.9449858308754285
vn 0.00012599998421283296 -0.2065649741184434 0.9784328774072603
vn 0.4895958848382486 -0.2068139513536419 0.8470678007544294
vn 0.0002840001272938556 -0.20619709242116574 -0.9785104385856007
vn -0.3806668806088003 0.11148096503545026 -0.9179677120914058
vn -0.8658200469789642 -0.02940000159522932 -0.49949102710213417
vn -0.884721024342657 0.46198301271123177 0.06197100170510125
vn -0.8736650392681865 0.47068902115582456 0.12313100553430797
vn 0.8736650392681865 -0.47068902115582456 -0.12313100553430797
vn 0.884721024342657 -0.46198301271123177 -0.06197100170510125
vn -0.2076340193057082 -0.20171901875573417 -0.9571820889983161
vn -0.9780500546509936 0.16696100932936406 0.12466800696613682
vn -0.9821980844351529 0.1844470158560806 -0.0355840030589967
vn -0.9657465275037982 0.23684988412003824 0.10599894813949735
vn -0.9418012636337556 0.19985705594499417 0.27031007566655857
vn -0.9294514909931039 0.27000614263375255 0.25142913282024026
vn -0.4681799570217842 -0.04922599548112747 -0.8822609190097748
vn -0.3736719213600051 -0.04952598957715733 -0.926237805071422
vn -0.3525708819136307 -0.19380293508969057 -0.9154966933732017
vn -0.3684511083830413 -0.1873210551020885 -0.9105792678546711
vn -0.4283079461940318 -0.31316796065843383 -0.8476308935167995
vn -0.3584399098968205 -0.32259591890713823 -0.8760437797836466
vn -0.941786719561385 0.19996094045703972 0.2702839195167585
vn -0.37533708228684654 -0.1993310437002463 -0.9052011984513539
vn -0.4901240233328449 -0.2010640095718533 -0.8481460403768415
vn -0.4972099252879992 0.11230798312432315 -0.8603308707245422
vn -0.38202306263478736 0.07313801199138051 -0.9212541510446973
vn -0.4400659878387766 -0.47574498685278727 -0.7615829789536548
vn -0.3369648858319355 -0.475279838969039 -0.8127507246295355
vn 0.8658870416547959 -0.029193001404373045 -0.49938702402376245
vn 0.9910966854487572 -0.13027595865341363 0.027486991276262526
vn 0.3565839772946943 -0.36414197681344235 -0.8603769452159301
vn 0.46534999810369876 -0.3669069985048538 -0.8054989967175917
vn 0.36712302473418035 -0.283883019126051 -0.8857940596786053
vn 0.33743396471436343 -0.4724789505926423 -0.8141879148599672
vn 0.44001301833732287 -0.47566901982326876 -0.7616610317418434
vn 0.9509619871467979 0.06386799913676006 0.30264199590949087
vn 0.10445797513169283 -0.2216739472260895 -0.9695097691888369
vn -0.886909680287743 -0.4125268512927599 -0.20787692506474753
vn 0.886909680287743 0.4125268512927599 0.20787692506474753
vn 0.38050208438072225 0.11167702476566746 -0.9180122035797857
vn 0.8611629725999476 0.10820499655718768 -0.49667898419691664
vn 0.0002820000684092769 -0.20619805002076602 -0.9785102373729133
vn 0.00028300012692586836 -0.20619709247962267 -0.9785104388630087
vn 0.9655956444788535 -0.02939998917526402 -0.25838090486713977
vn 0.9782890619149386 -0.20724501311633012 0.00012600000797436875
vn 0.6921233679543362 -0.20699711004611002 0.6914603676018644
vn 0.8474112757959766 -0.20715406741975242 0.48885715910201033
vn 0.9449870470438189 -0.20724501031717504 0.2530790125989062
vn -0.5000862036829019 -0.028747011708531087 0.865498352513656
vn -0.7071367478559412 -0.02895398967586342 0.7064837480887816
vn -0.8658870416547959 -0.029193001404373267 0.49938702402376245
vn -0.9655956444788535 -0.029399989175264138 0.25838090486713977
vn -0.9995642114913167 -0.029519006245735318 -0.00012400002623636888
vn -0.2588320132836475 -0.02862700146918091 0.9654980495508094
vn -0.7032700054415517 0.10820500083723636 -0.7026400054366772
vn -0.8636993887624104 0.5036572267027163 0.018782008454028182
vn 0.8636993887624104 -0.5036572267027163 -0.018782008454028182
vn -0.9227644644934496 0.3791651908609989 0.0688440346541338
vn -0.9625743613153492 0.2651940995442041 -0.055881020975699504
vn -0.8871517063346472 0.4122358635415008 0.20742093133943101
vn -0.9744456753966083 0.2203899265846014 -0.0434039855414403
vn -0.9626784946155833 0.26511686081964975 -0.05443497142287224
vn -0.3795830936243713 0.13195303254628563 -0.9156992258576996
vn -0.4958099144237119 0.13295697705176088 -0.8581928518767847
vn -0.3769039259998212 0.17664296531845372 -0.9092528214800463
vn -0.9913036525912523 0.12985595449114465 -0.021318992528621777
vn -0.4736276507648601 -0.20652084771932738 -0.8561693686930466
vn -0.4393150195870802 -0.4784800213332713 -0.7603020338984471
vn -0.38296391563267573 -0.02009099557393387 -0.9235447965421801
vn -0.5002571250137708 -0.020372005090944147 -0.8656372163219017
vn -0.6929153594592902 -0.20123210439189768 -0.6923683591755264
vn -0.6579764278358228 -0.36712923871833875 -0.6574824275146092
vn 0.3818631713185588 0.07332703289733764 -0.9213054133331714
vn 0.5001619824250585 -0.020167999291326576 -0.8656969695807075
vn 0.375207098733885 -0.19919405241692564 -0.9052852382213155
vn 0.49005086511033263 -0.20090594469934026 -0.8482257665203765
vn 0.43926502027515607 -0.47839402208123327 -0.7603850350970931
vn 0.33686718030534313 -0.47519225434268286 -0.8128424350671206
vn 0.9509619938753293 0.0638109995890252 0.30265399805075693
vn 0.9780262684379286 0.04301901180738672 0.20399505599032672
vn -0.8862250679867589 -0.4309730330620975 -0.16990401303418698
vn -0.873479589421889 -0.4709267786413906 -0.12353694193159773
vn -0.8845752246799241 -0.4622141174012452 -0.06232801583116231
vn 0.873479589421889 0.4709267786413906 0.12353694193159773
vn 0.8862250679867589 0.4309730330620975 0.16990401303418698
vn 0.20817506573399366 -0.20166806367932263 -0.9570753022090165
vn 0.8845752246799241 0.4622141174012452 0.06232801583116231
vn 0.3670950222529339 -0.18745601136339612 -0.9110990552299154
vn 0.4276169446283131 -0.3131349594524697 -0.8479918901943854
vn 0.35772303698391356 -0.32248903334117524 -0.8763760906058997
vn 0.9780263246593156 0.04308401430189167 0.20398106771224062
vn 0.9509619200959035 0.06390699463024689 0.3026339745713327
vn 0.9486083908110854 0.1324250545569486 0.2874121184090749
vn 0.7072541033153333 -0.020363002974617354 -0.7066661032294386
vn 0.8607867681634701 0.11205296982066576 -0.4964778662831377
vn 0.00028300006857191545 -0.20619804996251503 -0.978510237096484
vn -0.9655368521285252 -0.02951899547918089 -0.25858696039753937
vn 0.2590380598152624 -0.028747006638058528 0.9654392229324931
vn 0.00012400001930649453 -0.028627004457153597 0.9995901556337005
vn 0.5001902035832065 -0.028954011784618358 0.8654313522405845
vn -0.8611250334435137 0.1079740041933866 -0.49679501929402853
vn -0.8521888172178751 0.5228928878470696 -0.018900995946010756
vn 0.8521888172178751 -0.5228928878470696 0.018900995946010756
vn -0.10424601906222031 -0.205078037500163 -0.9731781779534316
vn -0.0005310002006806782 -0.26630610064495025 -0.9638883642819164
vn -0.8051303902930899 0.5819672821130731 0.11436405543884716
vn -0.8484117277532043 0.5287438303314195 0.025049991961709484
vn -0.9384761418900955 0.33792805109202173 -0.07118401076245369
vn -0.9086478788259071 0.40859994551054496 -0.0860529885242753
vn -0.9625821390425934 0.2651090382943405 -0.05615000811072881
vn -0.37937608501477577 0.13574103041834684 -0.9152312050950989
vn -0.6920468214038459 -0.20675694664234487 -0.6916088215168803
vn -0.6559817508398108 -0.3740958579079453 -0.6555457510054159
vn -0.6210956495229665 -0.4785557299565811 -0.6206646497661747
vn -0.7029580202543297 0.11205300322858339 -0.7023490202367827
vn -0.7072507576230851 -0.02059399294237789 -0.7066627578245944
vn -0.6221533142612283 -0.4758232403471821 -0.6217053140349352
vn 0.3828138995484975 -0.019916994773721303 -0.9236107576417981
vn 0.6580102229273211 -0.36700812433870333 -0.6575162227599589
vn 0.6221859365731245 -0.4757379515023241 -0.6217379366187946
vn 0.6211290540984796 -0.4784690416732198 -0.6206980540609408
vn 0.863564802584791 0.5038758848114665 0.019102995632960293
vn -0.863564802584791 -0.5038758848114665 -0.019102995632960293
vn 0.9226801843884264 0.37933607580652895 0.06903201379535909
vn 0.9625357519194362 0.2653209316171205 -0.055943985581194774
vn 0.9656600905765067 0.23720202224895773 0.10599900994244267
vn 0.9292031604794394 0.270443046707276 0.2518770435008064
vn 0.8869245392414145 0.41248825078880774 0.20789012639515642
vn 0.9685591476345765 0.1789090272705684 0.17287202635036641
vn 0.9415800122551347 0.20026300260652308 0.27078000352433723
vn 0.3513120165213262 -0.19387600911750402 -0.915965043075547
vn 0.941594867130616 0.20015397175607483 0.2708089617858794
vn 0.9603630717746575 0.10797400806965379 -0.25699101920673856
vn 0.9995642114913167 -0.029519006245735318 0.00012400002623635576
vn 0.7071318323694691 -0.029192993079597617 0.7064788325242672
vn 0.8658200469789642 -0.02940000159522954 0.49949102710213417
vn 0.9655368521285252 -0.029518995479181007 0.25858696039753937
vn -0.4973189044324733 0.10870297911103947 0.8607308345972448
vn -0.7032489313681821 0.10847198941394774 0.7026199314295678
vn -0.8611629725999476 0.10820499655718746 0.49667898419691664
vn -0.9603630717746575 0.10797400806965368 0.25699101920673856
vn -0.2573969777574272 0.1088369905950149 0.9601569170294838
vn 0.00028600013287612163 -0.2308241072412512 -0.9729954520552517
vn -0.8097089480195212 0.5856839624011407 -0.03668399764501569
vn 0.8097089480195212 -0.5856839624011407 0.03668399764501569
vn -0.0013500002948880214 -0.277273060566286 -0.9607902098707128
vn -0.7949099317116753 0.6063169479131321 0.022314998082985676
vn -0.7963478714435827 0.6046309023929298 0.015859997439681306
vn -0.8670040342414581 0.48766401925980324 -0.10241000404458069
vn -0.818204764405336 0.5627038379745176 -0.1179209660457239
vn -0.3829009235565185 -0.00586199882969288 -0.9237708155756414
vn -0.5002178263108951 -0.0060169979107360366 -0.8658786993435891
vn -0.3752301678348632 -0.1990770890442155 -0.9053014049278295
vn -0.49002101184993324 -0.20081300485616035 -0.8482650205131692
vn -0.3664180588881502 -0.2901270466271916 -0.8840611420801298
vn -0.49553895162276446 0.13677698664707916 -0.8577489162618372
vn -0.7010547908157974 0.1327209603980623 -0.7006477909372401
vn -0.7072420301652876 -0.014826000632358435 -0.7068160301471179
vn -0.8056428111355949 -0.3672339139104653 -0.4648428910282884
vn -0.8484237353372265 -0.20138593717837144 -0.4895108472988283
vn -0.7617859745163551 -0.4758969840800563 -0.43954998529595446
vn 0.6929410714623235 -0.20105502073460416 -0.6923940714059118
vn 0.6560179383313646 -0.3739689648452359 -0.6555819383723506
vn 0.8520661603976355 0.5231030984718136 -0.018612003503626122
vn -0.8520661603976355 -0.5231030984718136 0.018612003503626122
vn 0.1048060472796431 -0.20505709250445348 -0.9731224389907148
vn 0.8484049280679913 0.5287629551688348 0.024875997890888728
vn 0.8049109858130415 0.5821929897385575 0.11475899797731541
vn 0.962535995328813 0.26535099871225165 -0.05579699972921712
vn 0.9741835359487574 0.22084889479887487 -0.04682097769687936
vn 0.9384499796778659 0.33797899268106496 -0.07128699845627999
vn 0.9086450753189562 0.40857603386748165 -0.0861960071449165
vn 0.9910517472456634 0.1303869667465686 -0.028559992716160318
vn 0.3794680991470584 0.13211703451941137 -0.9157232392592835
vn 0.37679114951961235 0.1768240701679605 -0.9092643608175376
vn 0.49572780429017155 0.13316094742900064 -0.8582086611852948
vn 0.37304202882178783 -0.04961200383309778 -0.9264870715817836
vn 0.4677239391500549 -0.049133993607765915 -0.8825078851874966
vn 0.47303828889852584 -0.20634912602353683 -0.8565365231122821
vn 0.8660495962079342 -0.02059399039813648 -0.49953376709443353
vn 0.9599490484260708 0.11182500564118032 -0.25689101295925276
vn 0.000285999854599427 -0.23082388265055265 -0.972995505335049
vn -0.9941682525262244 0.10784002739217924 -0.00011900003022688007
vn 0.25759991291411377 0.10870296325117566 0.9601176754164328
vn 0.00011899995297539288 0.10883695699145218 0.9940596071825131
vn 0.4974349516846429 0.10847198946422446 0.8606929164017618
vn -0.9603235589230106 0.10783995046906827 -0.2571948818702893
vn 0.00028600006686024543 -0.23082505396159472 -0.9729952274639319
vn -0.8607511136591794 0.11182501476610289 -0.4965910655731165
vn -0.7433790985772786 0.6661070883304684 -0.0607360080540202
vn 0.7433790985772786 -0.6661070883304684 0.0607360080540202
vn -0.8103462756612119 0.5848311989461565 -0.036213012318835856
vn -0.8084438124653105 0.5873978637413333 -0.03717999137535826
vn -0.0005329996871170165 -0.2663058436723904 -0.963888434175486
vn -0.0008270000929229761 -0.27889203133672846 -0.9603221079032386
vn -0.0013529997404060534 -0.27727094680127606 -0.9607908156574076
vn -0.354902092557768 -0.37524409786292284 -0.8562922233193285
vn -0.4630671159328031 -0.3780870946573296 -0.8016352006962116
vn -0.22989488905850067 -0.46038677782890414 -0.857433586224087
vn -0.20272499089734403 -0.4985769776131462 -0.8428069621567041
vn -0.11394606539150073 -0.48914128070896773 -0.8647294962519706
vn -0.11154997429994862 -0.5204348800967614 -0.8465838049551565
vn -0.11374203620420961 -0.49180315654146123 -0.863245274771878
vn -0.8660382124439627 -0.01502100368473516 -0.49975212259195934
vn -0.8473970562997912 -0.20691501374712348 -0.48898303248730035
vn -0.8032179134576923 -0.3742059596813681 -0.46347695006291056
vn -0.760495846226995 -0.4786309032203624 -0.4388149112711952
vn -0.865990342533888 -0.02079400822486353 -0.49962819762297644
vn 0.8485028999606655 -0.20123197627455006 -0.48943694229489854
vn 0.8057254891601217 -0.36712922288605443 -0.4647822821717331
vn 0.7618631934698495 -0.47582312083196604 -0.4394961116069754
vn 0.7605718716363947 -0.47855591923292784 -0.43876492594855293
vn 0.8032972415479019 -0.37409611248903435 -0.46342813935077704
vn 0.0011080001898929668 -0.2663050456402945 -0.9638881651945416
vn 0.0019279991292502378 -0.2772718747746222 -0.9607895660748632
vn 0.7949129567110288 0.6063149669816037 0.022260998787721826
vn 0.7962167019164281 0.6047947735799991 0.016193993937374793
vn 0.8670750124104446 0.48737500697579844 -0.10318200147684387
vn 0.8183730030995878 0.5621640021291961 -0.11932000045192438
vn 0.9625362706373237 0.2653810746174726 -0.05564901564689152
vn 0.37515321766602344 -0.19894411542850327 -0.9053625252964691
vn 0.4899820974417694 -0.20065803990446687 -0.8483241687045475
vn 0.38280691329998606 -0.005699998709035734 -0.9238107907707368
vn 0.3663500302654595 -0.2900120239589091 -0.884127073040835
vn 0.3548398475022857 -0.37514683877505334 -0.8563606319662522
vn 0.4630408573896889 -0.37797388358916423 -0.8017037530861051
vn 0.4954608944997888 0.136984970831314 -0.8577608173540064
vn 0.6920741399900029 -0.20657404178497496 -0.691636139901406
vn 0.9941682525262244 0.10784002739217924 0.00011900003022692797
vn 0.9603235589230106 0.10783995046906816 0.2571948818702893
vn 0.7032700054415517 0.10820500083723605 0.7026400054366772
vn 0.8611250334435137 0.10797400419338637 0.49679501929402853
vn -0.4970970652044748 0.1125450147625866 0.8603651128545292
vn -0.7029369458590955 0.11231699134923318 0.7023279459060012
vn -0.8607867681634701 0.11205296982066554 0.4964778662831377
vn -0.9599490484260708 0.11182500564118021 0.25689101295925276
vn -0.25728195194938397 0.11267597895635426 0.9597448207556748
vn -0.007643999541738419 -0.2896769826337204 -0.9570939426217414
vn -0.7449307584387349 0.6644187845466302 -0.06021498047388055
vn -0.22500293103087463 -0.49504084825737954 -0.8392307427544164
vn -0.07522498189417652 -0.3612679130467975 -0.9294227762981885
vn -0.43532595315871225 -0.4924659470104205 -0.7536369189082951
vn -0.11155402511968243 -0.5204171171872792 -0.8465941906356781
vn -0.7072780344274665 -0.006230000303251346 -0.7069080344094564
vn -0.700678997022815 0.1365439994198247 -0.7002889970244721
vn -0.8984362200427799 -0.36729508995700616 -0.2406380589364791
vn -0.8495327783798645 -0.47593887584041383 -0.22754394063993744
vn -0.9461451553707664 -0.20147503308512446 -0.2534110416137709
vn -0.8480966390170714 -0.4786747962573817 -0.22716190331105532
vn 0.8474672702056599 -0.2067570659222265 -0.48892815588938915
vn 0.8103192012399626 0.5848611452482365 -0.03633500902367331
vn 0.11365503173328488 -0.49176013730289164 -0.8632812410341992
vn 0.05855303457423041 -0.34387920305281994 -0.9371865533872681
vn 0.22493501365321833 -0.4949830300447282 -0.839283050943224
vn 0.8082232531674873 0.5877161840959525 -0.03694401157232539
vn 0.7447512117912627 0.6646411890096913 -0.059981017057313936
vn 0.0011059998974649661 -0.2663059753113065 -0.9638879106398838
vn 0.008223997911511884 -0.2896749264369167 -0.9570897569466087
vn 0.0019249999237488298 -0.27727398901690004 -0.9607889619421893
vn 0.3792679087769764 0.13591796730847094 -0.9152497798604883
vn 0.5001578113242541 -0.0058259978022445055 -0.8659146733489046
vn 0.22981694220805574 -0.46032288424284884 -0.8574887843677513
vn 0.7006552749003994 0.13678205366610746 -0.700266274747776
vn 0.7010319477405239 0.13296199008814955 -0.7006249477708644
vn 0.7072448814838026 -0.01459999755341276 -0.7068178815553569
vn 0.9657957450236794 -0.020793994510250956 -0.258468931762531
vn 0.9462090900194985 -0.20138601915926257 -0.25324302409278276
vn 0.9937426457755283 0.11169396018613652 0.00011499995900772172
vn -0.9937426457755283 0.11169396018613652 -0.00011499995900767212
vn 0.2574790851850383 0.11254503723468744 0.9597073175120207
vn 0.00011599997414036065 0.11267597488137285 0.9936317784916795
vn 0.4972090976841949 0.11231702206636571 0.8603301690247832
vn -0.9599115982175657 0.11169395324916538 -0.25708789239280005
vn -0.5654908633598937 0.8171658025474338 -0.11162497302794923
vn -0.013937005170553221 -0.30202111204819193 -0.9531993536317832
vn -0.007660003235455829 -0.289665122349649 -0.9570974042617583
vn -0.17780991058999812 -0.3602588188473207 -0.9157495395241595
vn -0.02688801149122604 -0.22286509524665596 -0.9744784164663406
vn -0.6928461774029401 -0.20098905146315257 -0.6925081773163954
vn -0.6547289471015043 -0.37821796944206937 -0.6544319471255003
vn -0.858493489008516 0.1325109211270056 -0.4954087051234136
vn -0.965836193952966 -0.015134003039112366 -0.2587110519526771
vn -0.9450249762089966 -0.2070059947886241 -0.253132993627377
vn -0.8957439807052271 -0.3742689919380589 -0.2399279948318312
vn -0.965743396353726 -0.020910008581741055 -0.2586551061554399
vn 0.8985012983469566 -0.3672341219399268 -0.24048807985396006
vn 0.8495927371691819 -0.47589685277609645 -0.22740792964886647
vn 0.8481561002855591 -0.4786310565931 -0.22703202684415502
vn 0.8958053002426337 -0.374206125420817 -0.239797080371602
vn 0.945080807304186 -0.20691495781138927 -0.2529989484151642
vn 0.2197760604109529 -0.3849571058150988 -0.8963852463939286
vn 0.11145994332636716 -0.5203927353977944 -0.8466215695214034
vn 0.01607100773990365 -0.28315513636938683 -0.9589394618315893
vn 0.15167803311124242 -0.23316905090069256 -0.9605342096841606
vn 0.008209004196144388 -0.289686148077023 -0.9570864892278047
vn 0.11384798459272559 -0.4891139338072374 -0.8647578829705942
vn 0.22532596360918383 -0.4923309204870856 -0.8407368642184853
vn 0.6928719974845283 -0.2008109992709555 -0.6925339974857554
vn 0.6547668085599633 -0.37808688945534935 -0.6544698086467999
vn 0.4353071206630152 -0.4923811364833922 -0.7537032089193985
vn 0.7072789737277693 -0.006012999776643963 -0.7069089737415132
vn 0.8660809096274931 -0.014825998452958922 -0.4996839478597317
vn 0.9599115982175659 0.11169395324916528 0.2570878923928001
vn 0.8607511136591794 0.11182501476610267 0.4965910655731165
vn 0.7029580202543297 0.11205300322858308 0.7023490202367827
vn -0.5001620429396635 -0.020162001730938354 0.8656970743213955
vn -0.7072541033153333 -0.020363002974617666 0.7066661032294386
vn -0.8660495962079342 -0.020593990398136704 0.49953376709443353
vn -0.9657957450236794 -0.020793994510251074 0.258468931762531
vn -0.2588749492669868 -0.020045996071486518 0.9657028107464101
vn -0.027440008784837894 -0.3132951003005023 -0.9492593039025671
vn -0.013960999452826557 -0.30199598816387124 -0.9532069626409604
vn -0.1903339446653623 -0.20603394010099726 -0.9598557209469459
vn -0.4345638596217727 -0.4951198400602259 -0.7523367569708159
vn -0.8484127192102214 -0.20114293342994682 -0.48962983795262544
vn -0.8580396251148472 0.13633694043317682 -0.495156783661592
vn -0.8017309668380027 -0.3783309843510957 -0.4627019808612585
vn -0.9301045642991297 -0.3672948279433492 -0.0000939999559664705
vn -0.8794782236381485 -0.4759391210241948 -0.00008500002161433893
vn -0.8779921253715774 -0.47867506835169327 -0.0000820000117091758
vn -0.9794936657591078 -0.2014749312490084 -0.0001039999645112589
vn -0.9273201513154781 -0.37426906107135904 -0.00008300001354361142
vn 0.9658738651418027 -0.015020997902723298 -0.2585769638967111
vn 0.46160397253341046 -0.3848299771016548 -0.7992669524416196
vn 0.07019399907035069 -0.11524399847370828 -0.99085398687713
vn 0.5653289103823722 0.8173018704388658 -0.1114489823327742
vn 0.7432379063170975 0.6662869160165384 -0.06049099237529223
vn -0.7432379063170975 -0.6662869160165384 0.06049099237529223
vn 0.014518999575217635 -0.30201699116388875 -0.953191972112463
vn 0.01449500570635873 -0.3020421189072094 -0.9531843752473158
vn 0.4345480195976815 -0.49503302232549456 -0.7524030339326253
vn 0.6155489401831113 -0.4924659521438846 -0.6152859402086688
vn 0.8585077091852846 0.13272095504151418 -0.49532783221044946
vn 0.8580516932976285 0.13654395119367066 -0.4950788230388095
vn 0.9997813557312677 -0.020910007439970162 0.00011100003949481543
vn 0.9794936657591078 -0.2014749312490084 0.00010399996451116942
vn 0.965743396353726 -0.020910008581741173 0.2586551061554399
vn -0.9997813557312677 -0.020910007439970162 -0.00011100003949482473
vn 0.5002560339301169 -0.02036300138113099 0.8656380587123362
vn 0.00011100000583649145 -0.02004600105403903 0.9997990525704352
vn -0.22827101553487036 0.9254730629826086 0.30231102057362624
vn 0.22827101553487036 -0.9254730629826086 -0.30231102057362624
vn -0.04093399556754439 -0.3244669648657453 -0.9450108976713905
vn -0.02282898869414019 -0.3094288467580315 -0.9506485291995129
vn -0.1794040051205492 -0.04803600137104336 -0.9826020280454274
vn -0.08927596609759222 -0.09631996342264511 -0.9913386235407162
vn -0.4616199479511998 -0.3849479565961579 -0.7992009098881048
vn -0.6155091556665937 -0.4925641245729307 -0.6152471556003322
vn -0.8661031554023048 -0.0064190011517421125 -0.49982408968194497
vn -0.7537070812628176 -0.4926500531162998 -0.4349960469001889
vn -0.9574434693843824 0.1323900649039143 -0.25646612573190775
vn -0.999885471075153 -0.015134007130071323 -0.00008100003816147932
vn -0.9783396837395191 -0.20700593308275536 -0.00008299997316927148
vn 0.9301045642991297 -0.3672948279433492 0.00009399995596630738
vn 0.8794782236381485 -0.4759391210241948 0.00008500002161412757
vn 0.8779921253715774 -0.47867506835169327 0.00008200001170896321
vn 0.9783396837395191 -0.20700593308275536 0.00008299997316917954
vn 0.02802299855789449 -0.31328698387778203 -0.9492449511504322
vn 0.48936813818069863 -0.20615805821193126 -0.8473592392650492
vn 0.22705994918285377 -0.00004299999037617199 -0.9738807820406359
vn 0.018734992840189667 -0.30564988319209857 -0.951959636196795
vn 0.8484721353291953 -0.2009890320572506 -0.4895900780883998
vn 0.8017988002502952 -0.3782179057757194 -0.4626768847347102
vn 0.7537738501286678 -0.49256390206451406 -0.43497791351422005
vn 0.6144758141333839 -0.4951198502361703 -0.614227814208399
vn 0.8661398403405604 -0.006229998851596271 -0.49976290787646277
vn 0.865990342533888 -0.020794008224863752 0.49962819762297644
vn 0.7072507576230851 -0.0205939929423782 0.7066627578245944
vn 0.25906087542205897 -0.020161990304444162 0.9656505356351851
vn -0.4900509417008481 -0.20090097609971652 0.8482268990902687
vn -0.6929410714623235 -0.2010550207346045 0.6923940714059118
vn -0.8485028999606655 -0.20123197627455028 0.4894369422948984
vn -0.9462090900194985 -0.20138601915926269 0.25324302409278265
vn -0.25364697137822373 -0.20081197734017717 0.9462228932272686
vn -0.25926193105422457 0.9543367462123086 -0.14840696053399363
vn 0.25926193105422457 -0.9543367462123086 0.14840696053399363
vn -0.0608539895551134 -0.3310189431844097 -0.9416598383749317
vn -0.007006997430601081 -0.3232558814651607 -0.9462856530061046
vn 0.11766705034491724 -0.98215342022327 -0.14672806277893585
vn -0.04401999333482326 -0.9249198599555821 -0.37760494282589613
vn -0.18560308188986102 0.09587404230054783 -0.9779364314749392
vn -0.3110950051338454 0.9361310154485023 -0.16394700270553525
vn -0.4893911449530294 -0.20631706110916234 -0.8473072509643955
vn -0.6144349640650795 -0.4952199710373084 -0.6141879640795253
vn -0.9461829623031254 -0.2012319919827163 -0.2534629899017813
vn -0.8941178385491565 -0.3783959316730528 -0.23951995674988544
vn -0.9569413226486108 0.13621904592850673 -0.2563350864276184
vn -0.8405612814628327 -0.4926991649808356 -0.22517607540044673
vn -0.9911977059944491 0.13238996073095904 -0.00007699997716051026
vn -0.8985012983469564 -0.3672341219399268 0.24048807985395984
vn -0.8495927371691819 -0.47589685277609656 0.22740792964886625
vn -0.8481561002855591 -0.4786310565931001 0.2270320268441548
vn -0.8958053002426337 -0.3742061254208171 0.23979708037160183
vn 0.9273201513154781 -0.37426906107135904 0.00008300001354344521
vn 0.999885471075153 -0.015134007130071323 0.0000810000381614726
vn -0.2301160268561527 -0.9279571082990965 -0.29315903421371364
vn 0.2301160268561527 0.9279571082990965 0.29315903421371364
vn 0.04151802072849979 -0.32445516198914665 -0.9449894718002865
vn 0.6527389086576817 -0.3849479461315429 -0.6524929086921063
vn 0.6920150122147571 -0.2063170036417013 -0.6917720122104679
vn 0.5001037166920749 -0.00009499994618249595 -0.8659655094319768
vn 0.20372109532988283 0.06073202841913444 -0.9771434572475478
vn 0.3109240533537948 0.936202160649964 -0.16386502811883139
vn 0.029146994258348737 -0.3195269370565544 -0.947128813425587
vn 0.008171996694060267 -0.30644087603090064 -0.9518546149320527
vn 0.7524622484374917 -0.4952201635048874 -0.43423214336871363
vn 0.9574623573949133 0.13251104946280626 -0.2563330956822414
vn 0.9569585959176196 0.13633694243078393 -0.25620789181444703
vn 0.9461451553707664 -0.20147503308512457 0.2534110416137708
vn 0.2538159204365896 -0.20090093702379422 0.9461587034086237
vn 0.00010399997883288645 -0.20081195912874633 0.9796298006159669
vn 0.4901248386131901 -0.2010549337972457 0.8481477207245091
vn -0.052131987740929926 0.981432769211695 -0.18458595659378654
vn -0.11766705034491724 0.98215342022327 0.14672806277893585
vn 0.052131987740929926 -0.981432769211695 0.18458595659378654
vn 0.000287000019851505 -0.3385230234152996 -0.9409580650851307
vn -0.06086101189945492 -0.3309910647148826 -0.9416691841137644
vn 0.00022399992275845592 -0.3387408831925092 -0.9408796755579287
vn 0.04401999333482326 0.9249198599555821 0.37760494282589613
vn -0.2742349824098832 0.3650739765832434 -0.8896719429342191
vn -0.5001409729171169 -0.0002779999849459699 -0.8659439531087032
vn -0.6526992336790951 -0.38508413786765494 -0.6524522335906643
vn -0.7523959659281256 -0.49530697757027164 -0.43424798033529793
vn -0.9659233142974918 -0.006528002124117524 -0.25874608419223766
vn -0.8391018452708927 -0.49535690865693743 -0.22478795854944156
vn -0.9906787511028925 0.13621896577648757 -0.00007399998140829076
vn -0.9574623573949133 0.13251104946280615 0.2563330956822415
vn -0.945080807304186 -0.20691495781138938 0.25299894841516407
vn 0.8984362200427799 -0.36729508995700627 0.24063805893647894
vn 0.8495327783798645 -0.47593887584041394 0.22754394063993721
vn 0.8480966390170714 -0.4786747962573818 0.2271619033110551
vn 0.9450249762089966 -0.20700599478862422 0.2531329936273769
vn 0.8957439807052271 -0.374268991938059 0.23992799483183103
vn -0.09515799351398381 -0.9587789346491505 -0.26774598175030084
vn 0.06143297391768425 -0.3310008594684842 -0.9416286002170675
vn 0.7072222444694453 -0.0002780000960976818 -0.7069912443895942
vn 0.4938649844407839 0.1573839950416175 -0.8551769730576498
vn 0.12817400112036897 -0.12408100108459182 -0.9839590086007858
vn 0.26145093456119234 0.9499547622349024 -0.17096595720876476
vn 0.061343992649119126 -0.3313889602894973 -0.9414978871798442
vn 0.9462294180016689 -0.20114308885598478 -0.253360111923121
vn 0.8941686836382579 -0.37833086614448236 -0.2394329152873328
vn 0.8406104384631679 -0.4926496709047105 -0.22510084963020666
vn 0.8391502195057824 -0.4953071295629512 -0.2247170587817208
vn 0.7993259178964434 -0.38508396044571785 -0.4612899526181438
vn 0.9659556909517025 -0.006418997946302858 -0.25862791725446804
vn 0.8484237353372265 -0.20138593717837167 0.4895108472988282
vn 0.6929153594592902 -0.201232104391898 0.6923683591755264
vn -0.4653510896708369 -0.3669030707003942 0.8055001552158673
vn -0.6580102229273211 -0.36700812433870367 0.6575162227599587
vn -0.8057254891601217 -0.36712922288605465 0.464782282171733
vn -0.24086605340964456 -0.3668420813435723 0.8985601992467604
vn 0.09515799351398381 0.9587789346491505 0.26774598175030084
vn 0.1605380322297791 0.9680531943473469 -0.19261503866959145
vn -0.1605380322297791 -0.9680531943473469 0.19261503866959145
vn 0.08131904033348149 -0.33739716734583103 -0.9378434651615647
vn -0.12987904305971543 -0.03596601192406545 -0.9908773285125513
vn -0.17298403370793158 0.4392860855999542 -0.8815351717772826
vn -0.4939148584613088 0.1571959549531478 -0.8551827549345888
vn -0.16170294386248812 0.9696056633873932 -0.1836219362529932
vn -0.6919878705394613 -0.2064989613671452 -0.691744870584923
vn -0.7992598585150325 -0.38520193181156 -0.4613059183396337
vn -0.979543622946305 -0.20123192254021346 -0.00006399997536466692
vn -0.9256438376939211 -0.37839593365054924 -0.0000559999901808226
vn -0.8701998489763942 -0.4926989144918645 -0.00004999999132258667
vn -0.9999786899441555 -0.006527997975912941 -0.00006999997829563654
vn -0.8686893742405843 -0.4953572134051347 -0.00004700002024821657
vn -0.9658738651418027 -0.015020997902723413 0.2585769638967111
vn -0.9569585959176193 0.1363369424307838 0.2562078918144471
vn -0.7618631934698495 -0.47582312083196626 0.43949611160697516
vn -0.7605718716363947 -0.47855591923292806 0.4387649259485527
vn -0.8032972415479019 -0.37409611248903457 0.4634281393507769
vn 0.965836193952966 -0.01513400303911248 0.2587110519526771
vn 0.9911977059944491 0.13238996073095904 0.00007699997716056905
vn 0.8474456120640633 -0.206498905470811 -0.4890747761158018
vn 0.6984231115350369 0.15719602510349998 -0.6982081115007024
vn 0.49355298729742697 0.16116899585199382 -0.8546519780038223
vn 0.12931999623045146 -0.0034329998999312666 -0.9915969710959402
vn 0.1279880496971294 -0.10682904148119049 -0.9860053828610346
vn 0.11819898833015537 -0.005277999478900278 -0.9929759019629976
vn 0.16228800712493055 0.9690650425448636 -0.18594500816354367
vn 0.8914207099433366 -0.3852018746603379 -0.23872292232267717
vn 0.9906787511028925 0.13621896577648757 0.00007399998140835125
vn 0.24101602546454953 -0.3669030387651428 0.8984950949305042
vn 0.00009400002247122506 -0.3668420876956294 0.9302832223893474
vn 0.46541205917784517 -0.36700804666562675 0.8054171024099991
vn -0.16420809341604045 0.9669925501106145 -0.19483611083995678
vn -0.1743480385426893 0.7899811746391828 -0.5878201299479408
vn -0.2555340944242093 0.1611590595510234 -0.9532733522507743
vn -0.6984469111233347 0.15697998002445596 -0.6982329111505658
vn -0.7072221865489712 -0.0004910001295144012 -0.7069911864880387
vn -0.8473937625225919 -0.2066569420855366 -0.48909786293303315
vn -0.8913721828561084 -0.3852700790343121 -0.23879404898621634
vn -0.9228039088615835 -0.3852699619497773 -0.00004699999535824874
vn -0.9659556909517025 -0.006418997946302973 0.25862791725446804
vn -0.8585077091852846 0.13272095504151396 0.49532783221044957
vn -0.8580516932976285 0.13654395119367044 0.4950788230388096
vn -0.8474672702056599 -0.20675706592222673 0.48892815588938904
vn 0.8056428111355949 -0.3672339139104655 0.4648428910282883
vn 0.7617859745163551 -0.47589698408005654 0.43954998529595424
vn 0.760495846226995 -0.4786309032203626 0.438814911271195
vn 0.8473970562997912 -0.2069150137471237 0.48898303248730024
vn 0.9574434693843822 0.13239006490391417 0.2564661257319078
vn 0.8032179134576922 -0.37420595968136827 0.4634769500629104
vn 0.8661071746531276 -0.0004910000990115419 -0.4998581007978957
vn 0.2554681082054561 0.1612810683118208 -0.9532704037649145
vn 0.12779894745381218 0.20346991634071623 -0.9707046008822663
vn 0.16213406228883817 0.969239372363423 -0.18516907113845238
vn -0.1637090590009192 -0.9656143480084394 0.2019610727869855
vn 0.06961097740111312 -0.10730096516522995 -0.9917866780209703
vn 0.1637090590009192 0.9656143480084394 -0.2019610727869855
vn 0.9999786899441555 -0.006527997975912941 0.00006999997829563364
vn 0.979543622946305 -0.20123192254021346 0.00006399997536457755
vn 0.9256438376939211 -0.37839593365054924 0.00005599999018065456
vn 0.8701998489763942 -0.4926989144918645 0.00004999999132236786
vn 0.8686893742405843 -0.4953572134051347 0.00004700002024799659
vn 0.9451072195394542 -0.20665704800447454 -0.25311105879530127
vn 0.6579764278358228 -0.3671292387183391 0.657482427514609
vn -0.44001399164193433 -0.47566499096474374 0.7616629855322116
vn -0.6221859365731245 -0.47573795150232434 0.6217379366187944
vn -0.2277520933665343 -0.4756221949804077 0.849654348314172
vn -0.17611387146465865 0.7846544273260602 -0.5943915661879314
vn -0.49360096946905335 0.1609849900425154 -0.8546589471363544
vn -0.00003600000985147604 0.20509405612440654 -0.9787422678348157
vn -0.8660851326556718 -0.0006750001033876378 -0.4998960765675883
vn -0.9450680512146566 -0.2067480112039851 -0.2531830137203677
vn -0.9462294180016687 -0.20114308885598486 0.25336011192312086
vn -0.8941686836382579 -0.37833086614448247 0.23943291528733263
vn -0.8406104384631679 -0.4926496709047106 0.22510084963020643
vn -0.8391502195057824 -0.4953071295629513 0.22471705878172057
vn -0.8660809096274931 -0.014825998452959144 0.4996839478597317
vn -0.8661398403405604 -0.0062299988515964935 0.49976290787646277
vn -0.6211290540984796 -0.47846904167322 0.6206980540609406
vn -0.6560179383313647 -0.3739689648452363 0.6555819383723506
vn 0.8660382124439627 -0.015021003684735383 0.49975212259195934
vn 0.858493489008516 0.13251092112700538 0.49540870512341373
vn 0.9569413226486108 0.13621904592850662 0.2563350864276185
vn 0.9659564488785352 -0.0006749996148823972 -0.25870385239785265
vn 0.8553638452664051 0.15697997160263977 -0.4936699106961085
vn 0.6979838795499793 0.16098497221906738 -0.697783879584493
vn 0.500063982389247 0.0084769997014657 -0.8659469695039461
vn 0.16272500673282866 0.9688500400866557 -0.18668200772406135
vn -0.1614809536141183 0.9679407219561638 -0.19239194473484442
vn -0.05338397601298345 0.978279560429744 -0.20029791000016012
vn 0.05264199339382506 0.9782498772369849 -0.20063897482131482
vn 0.15954193438288877 0.9681936017970605 -0.19273692073030801
vn 0.1575039644468704 0.9695747811393638 -0.18739595769939615
vn 0.02075900988358493 -0.20670309841353876 -0.9781834657235299
vn 0.13893294796621686 -0.005295998016519142 -0.9902876291130902
vn 0.9228039088615835 -0.3852699619497773 0.00004699999535807764
vn 0.9659233142974918 -0.006528002124117639 0.25874608419223766
vn 0.22788798887849665 -0.4756649767863606 0.8495939585376916
vn 0.4400680605832939 -0.4757380654939126 0.7615861048460428
vn 0.00008499998229412304 -0.4756219009258283 0.8796498167650038
vn -0.25890091598420684 0.008476997249134524 -0.9658666865671355
vn -0.00003599999986716001 0.16127199940490655 -0.9869099963583022
vn -0.6980079286185719 0.1607719835587345 -0.6978089286389225
vn -0.9659367905564312 -0.000780999830656158 -0.25877694388953065
vn -0.9783942167847873 -0.20674804580958306 -0.00004600001019236129
vn -0.8914207099433366 -0.385201874660338 0.238722922322677
vn -0.7010319477405239 0.1329619900881492 0.7006249477708644
vn -0.7006552749003995 0.13678205366610716 0.7002662747477763
vn -0.7072789737277693 -0.006012999776644277 0.7069089737415132
vn -0.6920741399900028 -0.20657404178497524 0.6916361399014059
vn 0.6221533142612283 -0.4758232403471823 0.621705314034935
vn 0.6210956495229665 -0.4785557299565813 0.6206646497661745
vn 0.6920468214038459 -0.2067569466423452 0.6916088215168803
vn 0.6559817508398108 -0.37409585790794564 0.6555457510054157
vn 0.8580396251148472 0.1363369404331766 0.4951567836615921
vn 0.7071739185487734 0.00829999904401877 -0.7069909185698512
vn 0.25884307712864796 0.008579002556324593 -0.9658812878080366
vn 0.9461829623031254 -0.2012319919827164 0.2534629899017812
vn 0.8941178385491565 -0.3783959316730529 0.23951995674988527
vn 0.8405612814628327 -0.4926991649808357 0.2251760754004465
vn 0.8391018452708927 -0.49535690865693754 0.22478795854944134
vn 0.9783942167847873 -0.20674804580958306 0.00004600001019226947
vn -0.4392660374628057 -0.4783930407997525 0.760385064849443
vn -0.22736603739250794 -0.4783500786692214 0.8482251394986937
vn -0.5000949010347295 0.008299998357488781 -0.8659308286383675
vn -0.00003500000696788957 0.008579001707929499 -0.9999631990751933
vn -0.8553695695080006 0.15679192108946832 -0.49371975151979847
vn -0.7071751068845753 0.00809500122350302 -0.706992106856916
vn -0.9999996940516404 -0.0007809997610543311 -0.00004399998653827235
vn -0.8484721353291953 -0.20098903205725083 0.4895900780883997
vn -0.8017988002502952 -0.3782179057757196 0.46267688473470997
vn -0.7537738501286678 -0.4925639020645143 0.4349779135142198
vn -0.7524622484374917 -0.4952201635048876 0.4342321433687134
vn -0.7072448814838026 -0.014599997553413072 0.7068178815553569
vn -0.4639381135502591 -0.37385909150314567 0.8031131965643883
vn 0.7072420301652876 -0.014826000632358748 0.7068160301471179
vn 0.7010547908157974 0.13272096039806197 0.7006477909372401
vn 0.700678997022815 0.13654399941982437 0.7002889970244721
vn 0.8661031554023048 -0.0064190011517423345 0.49982408968194497
vn 0.9540075867006298 0.1567919320739084 -0.25551088930644666
vn 0.85483005609395 0.16077201054985976 -0.49337403237520494
vn 0.4899268712320474 -0.20039694732947666 -0.8484177770095366
vn 0.6928186875627446 -0.200550909558479 -0.6926626876330952
vn 0.8913721828561084 -0.3852700790343122 0.23879404898621617
vn 0.22749601637732506 -0.4783930344392767 0.8481660610590527
vn 0.00008200001960682203 -0.47835011437711383 0.8781692099768693
vn 0.43931580070487153 -0.4784687829431645 0.7603086550868171
vn -0.2536469661458685 -0.20039697325311773 -0.9463108736963693
vn -0.000029999999294205027 -0.20030799528745383 -0.9797329769503125
vn -0.8548373908514055 0.16058807342457757 -0.4934212256035845
vn -0.9540060029664819 0.15668400048720899 -0.25558300079473534
vn -0.9876487902540363 0.15668396672518617 -0.000040999991292838984
vn -0.9451072195394542 -0.20665704800447465 0.25311105879530116
vn -0.7993259178964431 -0.385083960445718 0.4612899526181435
vn -0.4957291086982858 0.1331720292005673 0.8582061881784626
vn -0.5001578171510882 -0.00582399787084888 0.8659146834368031
vn -0.6928719974845283 -0.20081099927095583 0.6925339974857554
vn -0.48942794398889045 -0.20641597637734438 0.8472619030376588
vn 0.46398729040532805 -0.3739692340638643 0.8030335026111977
vn 0.5002080813368419 -0.014600002374048373 0.8657821407813824
vn 0.48948324101034907 -0.2065741017123617 0.847191417137671
vn 0.7072780344274665 -0.00623000030325166 0.7069080344094564
vn 0.9999996940516404 -0.0007809997610543311 0.000043999986538271996
vn 0.8660615958728031 0.008094996222661237 -0.49987176674664147
vn 0.2536019429101515 -0.2003079549074793 -0.9463417869633464
vn 0.8484540697679568 -0.2007290165058472 -0.4897280402700936
vn 0.8484127192102214 -0.20114293342994705 0.4896298379526253
vn 0.8017309668380027 -0.3783309843510959 0.4627019808612583
vn 0.7537070812628176 -0.4926500531163 0.43499604690018867
vn 0.7523959659281255 -0.49530697757027176 0.43424798033529766
vn 0.9450680512146566 -0.2067480112039852 0.2531830137203676
vn -0.240137100664293 -0.373796156693513 0.8958853755507487
vn -0.4899372184642793 -0.2005510894262519 -0.8483753782927864
vn -0.8660455861602031 0.007918005359094024 -0.4999023383457648
vn -0.9540075867006298 0.1567919320739083 0.2555108893064468
vn -0.9659564488785352 -0.0006749996148825121 0.25870385239785265
vn -0.6547668085599633 -0.3780868894553497 0.6544698086467997
vn -0.6155489401831113 -0.49246595214388483 0.6152859402086686
vn -0.6144758141333839 -0.4951198502361705 0.6142278142083988
vn -0.5001391365452549 -0.014405003932775676 0.8658252363828762
vn -0.495461115872266 0.13698803203705212 0.8577602006022571
vn 0.4958092561378548 0.13296206868895352 0.8581924433470507
vn 0.4955390377727124 0.13678201042627733 0.8577480653822777
vn 0.5002178383461281 -0.006012998056797965 0.8658787201766169
vn 0.9876487902540363 0.15668396672518617 0.00004099999129290856
vn 0.9534163315982577 0.16058805585253558 -0.2553600888142542
vn 0.46070987300349814 -0.3888378928152941 -0.7978417800717523
vn 0.797824007969863 -0.3890980038868944 -0.4605210046003747
vn 0.7992598585150325 -0.3852019318115602 0.46130591833963347
vn 0.24026895396231043 -0.37385892836527174 0.8958238283521085
vn 0.00008299999536752138 -0.3737959791373258 0.9275109482328328
vn -0.2385150851159122 -0.3888381387598307 -0.8898963175662321
vn -0.692792900910185 -0.20072897128983752 -0.6926369009324975
vn 0.2384819634831676 -0.38876794047107976 -0.8899358637312512
vn -0.8484119108840902 -0.2008829788995542 -0.4897379485586632
vn -0.9534161508299702 0.16048102538802003 -0.2554280404085914
vn -0.98703893074639 0.1604809887401728 -0.00003799999733377065
vn -0.9534163315982577 0.16058805585253547 0.2553600888142543
vn -0.8474456120640635 -0.20649890547081126 0.4890747761158018
vn -0.6527389086576817 -0.3849479461315432 0.6524929086921061
vn -0.2588710407021675 -0.014292002247124756 0.9658061518532303
vn -0.2565839007951895 0.13329294846402404 0.9572866298776409
vn -0.2564459465835971 0.13710697144130612 0.9567848007065306
vn -0.4899821957604208 -0.20065708016763648 0.8483243389272733
vn -0.25333002543864247 -0.2063250207185409 0.9451210949062298
vn 0.2534640736849318 -0.20641606000753135 0.9450652747413836
vn 0.2590051393611198 -0.014405007750803984 0.9657685196444468
vn 0.25671694564057757 0.1331719718010375 0.9572677973000012
vn 0.49002196853324026 -0.20081098710492304 0.8482649455286683
vn 0.6928461774029399 -0.20098905146315285 0.6925081773163951
vn 0.9659367905564312 -0.0007809998306562729 0.25877694388953065
vn 0.9540060029664816 0.15668400048720882 0.2555830007947354
vn 0.9659199132971006 0.007917999289264637 -0.2587199767767785
vn 0.9462566234074445 -0.20088292005233 -0.2534648991256794
vn 0.6514887463849269 -0.38895884858398944 -0.651362746433977
vn 0.8897748785479619 -0.3892189468725904 -0.23834696746623713
vn 0.6547289471015043 -0.3782179694420697 0.6544319471255001
vn 0.6155091556665937 -0.4925641245729309 0.6152471556003319
vn 0.6144349640650795 -0.49521997103730864 0.614187964079525
vn 0.8473937625225919 -0.2066569420855368 0.48909786293303303
vn -0.46070483817699326 -0.3889588633778341 -0.7977857197770174
vn -0.00002399999300045106 -0.3887678866166397 -0.9213357312943159
vn -0.9462256650550984 -0.20097192885996917 -0.2535099102625779
vn -0.9659051873059373 0.00781600151565968 -0.25877805018159744
vn -0.8553638452664051 0.15697997160263955 0.4936699106961086
vn -0.85483005609395 0.16077201054985954 0.49337403237520505
vn -0.8661071746531276 -0.000491000099011764 0.4998581007978957
vn -0.4630408573896889 -0.37797388358916456 0.8017037530861049
vn -0.43530793117042127 -0.49238092214621204 0.753702880826771
vn -0.4345480195976815 -0.4950330223254949 0.7524030339326251
vn -0.25888294504200426 -0.005714998786768965 0.9658917949518184
vn 0.2565738799947798 0.1369879359277434 0.9567675524988715
vn 0.25899994061442844 -0.005823998664627362 0.9658597785399686
vn 0.25372402853761167 -0.20065702256890008 0.9462351064277995
vn 0.9534161508299702 0.16048102538801992 0.2554280404085915
vn 0.98703893074639 0.1604809887401728 0.00003799999733384192
vn 0.4305589315544826 -0.5085609191545856 -0.7456438814657472
vn 0.6088487744319212 -0.5086568115513332 -0.608745774470081
vn 0.7456008432948504 -0.5087678930707368 -0.43038890954388137
vn 0.831528067027817 -0.5088640410185142 -0.22275201795559546
vn 0.6526992336790951 -0.3850841378676553 0.6524522335906641
vn 0.00008300004175720701 -0.20632510380187657 0.978483492273701
vn -0.2229018624026113 -0.5085606860653309 -0.8316734866076994
vn -0.00002000000063094003 -0.5085050160418078 -0.8610590271638296
vn -0.6514471653197225 -0.38909809874260415 -0.6513211652877472
vn -0.7977679210046255 -0.3892189614593456 -0.46051595439948223
vn 0.22287703678028606 -0.5085050839160582 -0.831714137253637
vn -0.8897360692744082 -0.38928803030977255 -0.23837901856007201
vn -0.9999694539652358 0.00781600354830228 -0.000035000015889274085
vn -0.9659199132971006 0.007917999289264522 0.2587199767767785
vn -0.8660615958728031 0.008094996222661015 0.49987176674664147
vn -0.6920150122147571 -0.20631700364170164 0.6917720122104679
vn -0.46160397253341046 -0.3848299771016551 0.7992669524416194
vn 0.00008099998873172787 -0.014291998011776203 0.9998978608997188
vn 0.0000769999749862927 0.1332929566993233 0.9910766780453247
vn 0.0000740000176097493 0.1371070326272957 0.9905562357222004
vn -0.25362207957787103 -0.2005680629313486 0.9462812969104707
vn 0.46306674472202447 -0.37808679156950536 0.801635558076876
vn 0.2397670177589443 -0.3779740279955926 0.8942300662333879
vn 0.8660851326556718 -0.0006750001033878598 0.4998960765675883
vn 0.8553695695080006 0.1567919210894681 0.4937197515197986
vn 0.8548373908514055 0.16058807342457734 0.4934212256035846
vn 0.9999694539652358 0.00781600354830228 0.000035000015889277555
vn 0.9795969862400911 -0.20097199717704686 0.000029999999578560384
vn 0.921116076924249 -0.38928803251022354 0.00002400000200420181
vn 0.43532595315871225 -0.49246594701042085 0.7536369189082949
vn 0.4345638596217727 -0.49511984006022625 0.7523367569708157
vn 0.4616199479511998 -0.3849479565961582 0.7992009098881045
vn 0.6919878705394613 -0.20649896136714554 0.691744870584923
vn -0.4305478888803402 -0.5086568687212741 -0.7455848075727874
vn -0.9795969862400911 -0.20097199717704686 -0.000029999999578649634
vn -0.921116076924249 -0.38928803251022354 -0.000024000002004374687
vn -0.6984231115350369 0.15719602510349964 0.6982081115007024
vn -0.6979838795499793 0.16098497221906705 0.697783879584493
vn -0.7071739185487734 0.008299999044018458 0.7069909185698512
vn -0.7072222444694453 -0.0002780000960979958 0.7069912443895942
vn -0.23968006401555764 -0.3779081009345436 0.8942812388513721
vn -0.22532596360918383 -0.49233092048708593 0.840736864218485
vn -0.22493398680357327 -0.49498197096039875 0.8392839507608906
vn 0.00006999997667667665 -0.005714998095817466 0.9999836668149975
vn 0.00006399998626816441 -0.20056795696614396 0.9796797897999268
vn 0.00005600000783302965 -0.3779080528600818 0.9258431295027796
vn 0.9659051873059373 0.007816001515659565 0.25877805018159744
vn 0.8660455861602031 0.007918005359093802 0.4999023383457648
vn 0.4297899607829573 -0.5111369533602884 -0.7443249320825862
vn 0.6077620248848168 -0.5112350209325184 -0.6076710248810908
vn 0.7442719181981944 -0.5113469437986273 -0.4296319527797992
vn 0.8300477802975873 -0.5114448646274667 -0.22236194114380398
vn 0.8608143049189882 -0.5089191802701474 0.000020000007084320762
vn 0.4893911449530294 -0.20631706110916273 0.8473072509643955
vn -0.222500075341987 -0.5111371730789984 -0.830200281118731
vn -0.000017000002169387415 -0.5110800652194422 -0.8595331096858867
vn 0.22247997387184218 -0.5110799399785195 -0.830240902496099
vn -0.6088028650789503 -0.5087678872483995 -0.6086988651019987
vn -0.7455420721725766 -0.508864049260841 -0.43037704166286683
vn -0.8314880046226575 -0.5089190028293352 -0.22277600123852329
vn -0.8608143049189882 -0.5089191802701474 -0.00002000000708454677
vn -0.9462566234074448 -0.20088292005233016 0.2534648991256793
vn -0.8484540697679568 -0.20072901650584743 0.4897280402700935
vn -0.4893681381806985 -0.2061580582119316 0.847359239265049
vn -0.2389389529082432 -0.3847619241684343 0.8915528242865456
vn 0.22540202899414108 -0.4923810633364576 0.8406871081401116
vn 0.00005000000243687518 -0.4923310239949841 0.8704080424215128
vn 0.7072221865489712 -0.0004910001295147152 0.7069911864880387
vn 0.6984469111233347 0.15697998002445562 0.6982329111505658
vn 0.6980079286185719 0.16077198355873418 0.6978089286389225
vn 0.7071751068845753 0.008095001223502707 0.706992106856916
vn 0.9462256650550984 -0.20097192885996928 0.2535099102625778
vn 0.22500496553610458 -0.4950329241760605 0.8392348714548241
vn 0.23901008472717797 -0.38483013641922914 0.8915043160312038
vn 0.25338097049872865 -0.2061579759969254 0.9451438899564307
vn 0.5001409729171169 -0.0002779999849463545 0.8659439531087032
vn -0.4297758895138732 -0.5112348685725236 -0.744265808665287
vn -0.5001037166920749 -0.00009499994618288052 0.8659655094319768
vn -0.49355298729742697 0.16116899585199343 0.8546519780038223
vn -0.6928186875627446 -0.20055090955847935 0.6926626876330952
vn 0.00004700000926036573 -0.49498209752583744 0.8689031711991396
vn 0.8484119108840902 -0.20088297889955442 0.4897379485586631
vn 0.8897360692744082 -0.38928803030977266 0.23837901856007185
vn 0.23772991108510733 -0.3955218520683286 -0.8871566681888301
vn 0.6494282652362992 -0.39571916161767423 -0.6493452652024008
vn 0.7953085248856129 -0.39586376351244373 -0.4591037257331232
vn 0.8869777671661493 -0.3959888960519384 -0.2376199376241806
vn 0.8592827648233621 -0.5115008600076046 0.000016999995347166834
vn 0.2589349360074752 -0.00009499997652216069 0.965894761291213
vn -0.4592368618739721 -0.39571888097846275 -0.7953037607941381
vn -0.000015999992691293008 -0.3955218193278493 -0.9184565804541814
vn -0.6077149389216131 -0.5113469486070774 -0.6076239389307593
vn -0.7442130952283974 -0.5114450654437475 -0.42961705497315755
vn -0.8300078725983663 -0.5115009214874278 -0.22238196586559406
vn -0.8592827648233621 -0.5115008600076046 -0.000016999995347393988
vn -0.8897748785479619 -0.3892189468725905 0.23834696746623696
vn -0.8315280670278172 -0.5088640410185143 0.2227520179555953
vn -0.4938649844407839 0.15738399504161713 0.8551769730576498
vn -0.500063982389247 0.008476999701465315 0.8659469695039461
vn -0.797824007969863 -0.38909800388689464 0.4605210046003745
vn -0.25330900488139124 -0.20606700397101446 0.9451830182141495
vn 0.000046999992124940486 -0.3847619355314119 0.9230158453445545
vn 0.4939148584613089 0.15719595495314745 0.8551827549345891
vn 0.49360096946905346 0.16098499004251504 0.8546589471363545
vn 0.6927929009101849 -0.2007289712898378 0.6926369009324974
vn 0.45925010941635164 -0.39559409425030406 -0.7953581894941114
vn 0.8314880046226575 -0.5089190028293352 0.22277600123852306
vn 0.00004599999475487389 -0.20606697650331757 0.9785378884227128
vn 0.000043999999954240006 0.000011999999987297957 0.9999999989600001
vn -0.23774792644793538 -0.3955938776151408 -0.8871197255518132
vn -0.2588611458862876 0.00001200000676262524 0.9659145443601301
vn -0.25562797293296136 0.15749198332404077 0.9538608990009211
vn -0.2554669336171814 0.16127495809286865 0.9532717522933207
vn -0.6514887463849269 -0.38895884858398977 0.6513627464339767
vn -0.4899268712320474 -0.20039694732947705 0.8484177770095366
vn 0.5000949010347295 0.008299998357488396 0.8659308286383675
vn 0.4899372184642792 -0.20055108942625224 0.8483753782927863
vn 0.7977679210046255 -0.3892189614593458 0.460515954399482
vn 0.4893211375141833 -0.20588305785942665 -0.8474532381602408
vn 0.6919711380738588 -0.20604104111281515 -0.6918981380592926
vn 0.8474357544402717 -0.2062239402429098 -0.48920785824323787
vn 0.9451408374806841 -0.20638196451210827 -0.2532099564599188
vn 0.9182241698012431 -0.39606107324100664 0.00001600000295868888
vn 0.8300078725983665 -0.5115009214874279 0.2223819658655939
vn 0.00004100001061603162 0.15749204077902543 0.987520255696184
vn 0.255701036215196 0.1573840222904578 0.9538591350960327
vn -0.2533108996712985 -0.20588291845607137 -0.9452226256262215
vn -0.6493841056700631 -0.39586406441639116 -0.6493011056565572
vn -0.000013999996649269201 -0.20579195074617176 -0.9785957657848746
vn 0.25329305292280274 -0.20579204299798798 -0.9452471974990249
vn -0.7952540633272766 -0.39598903153320175 -0.4590900365580299
vn -0.8869405798018 -0.3960608123616798 -0.23763888741587097
vn -0.9182241698012431 -0.39606107324100664 -0.000016000002958864764
vn -0.8300477802975873 -0.5114448646274667 0.22236194114380375
vn -0.7456008432948504 -0.508767893070737 0.43038890954388115
vn -0.25884307712864796 0.008579002556324163 0.9658812878080366
vn -0.46070987300349814 -0.3888378928152944 0.7978417800717521
vn 0.2555351044848759 0.1611690658998685 0.9532713897798817
vn 0.25890091598420684 0.008476997249134094 0.9658666865671355
vn 0.6514471653197225 -0.3890980987426045 0.651321165287747
vn 0.7455420721725766 -0.5088640492608412 0.4303770416628666
vn -0.48931668515074817 -0.20604086742366445 -0.8474174547319564
vn 0.00003800001897436421 0.16127508052869946 0.9869094927887055
vn -0.6088487744319212 -0.5086568115513335 0.6087457744700808
vn -0.2536019429101514 -0.2003079549074797 0.9463417869633461
vn 0.25364696614586846 -0.20039697325311814 0.9463108736963691
vn 0.46070483817699326 -0.3889588633778344 0.7977857197770172
vn 0.49997689216549557 0.014169996943829753 -0.8659228132386537
vn 0.7070680004677254 0.013998000009259833 -0.7070070004676852
vn 0.8659644031402961 0.013799006423977259 -0.4999152327300917
vn 0.9658441677236835 0.01362700236639736 -0.2587650449358478
vn 0.9784522855960763 -0.20647306026650122 0.000014000004086352943
vn 0.8869405798018002 -0.39606081236168 0.23763888741587086
vn 0.7442130952283974 -0.5114450654437477 0.42961705497315733
vn -0.258822956223983 0.014169997603357872 -0.9658208366459066
vn -0.000011000001961163026 0.014270002544163529 -0.9998981782693624
vn -0.691943889997191 -0.20622396721523792 -0.6918708900087963
vn -0.8474000571431537 -0.2063820139170619 -0.48920303298867385
vn 0.2588038610299986 0.01426999233743735 -0.9658244813808845
vn -0.9451158678605245 -0.20647297113239646 -0.2532289645953013
vn -0.9784522855960763 -0.20647306026650122 -0.000014000004086444636
vn -0.8869777671661493 -0.3959888960519385 0.23761993762418043
vn -0.7442719181981944 -0.5113469437986276 0.429631952779799
vn 0.00003500000696788957 0.008579001707929055 0.9999631990751933
vn -0.4305589315544827 -0.5085609191545859 0.7456438814657471
vn -0.2384819634831676 -0.3887679404710802 0.889935863731251
vn 0.2385150851159122 -0.38883813875983114 0.8898963175662319
vn 0.43054788888034023 -0.5086568687212745 0.7455848075727874
vn 0.6088028650789503 -0.5087678872483997 0.6086988651019984
vn -0.4999880853207241 0.013998002388696513 -0.8659191477652185
vn -0.6077620248848168 -0.5112350209325186 0.6076710248810906
vn 0.00002999999929420502 -0.20030799528745422 0.9797329769503123
vn 0.2229018624026113 -0.5085606860653313 0.8316734866076991
vn 0.4917351329784747 0.18130004902843516 -0.8516612303122226
vn 0.6954341170735618 0.18113403049319224 -0.6953861170654811
vn 0.8517470371438374 0.1809430078907439 -0.4917180214433316
vn 0.9999084922705705 0.013528006660049004 0.000011000005415477503
vn 0.9451158678605245 -0.20647297113239657 0.2532289645953012
vn 0.7952540633272766 -0.395989031533202 0.45909003655802966
vn 0.6077149389216131 -0.5113469486070776 0.607623938930759
vn -0.25455396987863055 0.18129997854677504 -0.949911887596933
vn -0.000009000001183513733 0.181396023853851 -0.9834101293199156
vn 0.2545339775789937 0.18139598402146354 -0.9498989163267326
vn -0.7070699563801486 0.013798999148726126 -0.7070089563839118
vn -0.8659609332664551 0.01362699894986273 -0.49992596147420704
vn -0.9658404486136759 0.013528006283489878 -0.25878412020007613
vn -0.9999084922705705 0.013528006660049004 -0.000011000005415471495
vn -0.9451408374806841 -0.20638196451210838 0.2532099564599187
vn -0.7953085248856129 -0.39586376351244396 0.45910372573312297
vn -0.4297899607829573 -0.5111369533602886 0.744324932082586
vn -0.22287703678028606 -0.5085050839160586 0.8317141372536367
vn 0.000023999993000451067 -0.3887678866166402 0.9213357312943159
vn 0.00002000000063094003 -0.5085050160418082 0.8610590271638294
vn 0.4297758895138732 -0.5112348685725239 0.7442658086652868
vn 0.222500075341987 -0.5111371730789989 0.8302002811187308
vn 0.9500177368384732 0.18077694992352641 -0.25453092949316053
vn -0.49175815022992486 0.18113405533564741 -0.851683260185443
vn -0.6494282652362992 -0.39571916161767456 0.6493452652024005
vn 0.000017000002169387415 -0.5110800652194426 0.8595331096858865
vn 0.4913798623151361 0.18504894814919964 -0.8510597615326626
vn 0.694933750674146 0.18488593366728387 -0.694898750686703
vn 0.85113816187628 0.18469803512735333 -0.49137609345384525
vn 0.9658404486136759 0.013528006283489763 0.25878412020007613
vn 0.9835417592260561 0.1806809557687654 0.000008999997796813928
vn 0.8474000571431537 -0.20638201391706212 0.48920303298867374
vn 0.6493841056700631 -0.3958640644163915 0.649301105656557
vn 0.4592368618739721 -0.3957188809784631 0.7953037607941379
vn -0.25436601609144904 0.1850490117063861 -0.9492390600498141
vn -0.000006999997180954702 0.18514292543907113 -0.9827116042414796
vn 0.2543509412099661 0.18514295720652488 -0.9492247805985825
vn -0.6954589830130667 0.18094299558037705 -0.6954109830142391
vn -0.851769015259016 0.18077700323852974 -0.4917410088092942
vn -0.9835417592260561 0.1806809557687654 -0.00000899999779673369
vn -0.9658441677236835 0.013627002366397245 0.2587650449358478
vn -0.847435754440272 -0.20622394024291008 0.48920785824323787
vn -0.45925010941635164 -0.3955940942503044 0.7953581894941112
vn -0.22247997387184218 -0.51107993997852 0.8302409024960988
vn 0.000015999992691293008 -0.39552181932784974 0.9184565804541812
vn 0.949341405850595 0.18453588450742248 -0.25435684080967635
vn 0.9500306502353552 0.18068093348024872 0.2545509062841739
vn -0.4914009880378258 0.18488599549932042 -0.8510829792820872
vn -0.9500306502353552 0.18068093348024883 -0.25455090628417376
vn -0.9500177368384732 0.1807769499235263 0.25453092949316064
vn -0.6919711380738587 -0.20604104111281546 0.6918981380592925
vn 0.23774792644793538 -0.39559387761514125 0.887119725551813
vn 0.4998790172643219 0.02272600078488809 -0.8657970299020326
vn 0.7069358000994385 0.022560993620417608 -0.7069178001045284
vn 0.8658149785186978 0.02236999944498925 -0.4998639875981247
vn 0.8659609332664551 0.013626998949862508 0.49992596147420704
vn 0.851769015259016 0.18077700323852952 0.49174100880929433
vn 0.9493556295216327 0.1844419280230271 0.25437190073342014
vn 0.9828433862270585 0.184442072480031 0.000007000002750825575
vn 0.6919438899971908 -0.20622396721523822 0.6918708900087961
vn 0.48931668515074817 -0.20604086742366484 0.8474174547319564
vn -0.2587609999388031 0.022725999994625518 -0.9656739997716182
vn -0.0000029999985645940305 0.022822989079910073 -0.9997395216557453
vn 0.2587550799187182 0.022823007049081027 -0.9656732982564524
vn -0.6949587468053785 0.18469793270892226 -0.6949237468181301
vn -0.8511611724342059 0.1845360373846061 -0.49139709955067423
vn -0.9828433862270585 0.184442072480031 -0.000007000002750743667
vn -0.8517470371438374 0.1809430078907437 0.4917180214433317
vn -0.8659644031402961 0.013799006423977037 0.4999152327300917
vn -0.4893211375141833 -0.20588305785942704 0.8474532381602408
vn -0.23772896760063442 -0.39552194609550445 0.8871568790920586
vn 0.25331089967129844 -0.2058829184560718 0.9452226256262213
vn 0.000013999996649269201 -0.2057919507461722 0.9785957657848746
vn 0.9656901300586725 0.022205002990558956 -0.2587460348477889
vn 0.8511611724342059 0.1845360373846059 0.49139709955067434
vn -0.49988376990905237 0.02256098961542723 -0.8657986014825192
vn -0.9493556295216327 0.18444192802302722 -0.25437190073342003
vn -0.949341405850595 0.18453588450742237 0.25435684080967647
vn -0.85113816187628 0.1846980351273531 0.49137609345384536
vn -0.7070680004677254 0.01399800000925952 0.7070070004676852
vn -0.25329305292280274 -0.20579204299798842 0.9452471974990249
vn 0.49782684534837207 -0.0932129710430686 -0.8622527321382124
vn 0.7040213696162443 -0.0933760490230921 -0.7040133696120442
vn 0.862228961686857 -0.0935649958424394 -0.4978019778801696
vn 0.9616745903065166 -0.09372896006950317 -0.257675890224683
vn 0.7070699563801486 0.013798999148725814 0.7070089563839118
vn 0.6954589830130667 0.18094299558037671 0.6954109830142391
vn 0.6949587468053785 0.18469793270892193 0.6949237468181301
vn 0.9656907310141271 0.022109993841427842 0.2587519279266012
vn 0.8658164992659952 0.022204987158026844 0.4998687109072631
vn 0.9997555442890322 0.022109989921771416 0.0000029999986325383447
vn 0.4999880853207241 0.013998002388696128 0.8659191477652185
vn 0.258822956223983 0.014169997603357442 0.9658208366459066
vn -0.2576960867474752 -0.09321303137802818 -0.9617193237407452
vn -0.0000010000000795250094 -0.09311800740520962 -0.9956550791794733
vn 0.25769588921900916 -0.09311795996948205 -0.961728586562106
vn -0.70693883497858 0.022369994778150517 -0.7069208349827818
vn -0.8658164992659952 0.022204987158027066 -0.4998687109072631
vn -0.9997555442890322 0.022109989921771416 -0.000002999998632528526
vn -0.9656901300586725 0.022205002990558838 0.2587460348477889
vn -0.6954341170735618 0.1811340304931919 0.6953861170654811
vn -0.694933750674146 0.18488593366728354 0.694898750686703
vn -0.49997689216549557 0.014169996943829368 0.8659228132386537
vn 0.000011000001961163026 0.014270002544163085 0.9998981782693624
vn -0.2588038610299986 0.014269992337436919 0.9658244813808845
vn 0.70693883497858 0.022369994778150205 0.7069208349827818
vn -0.49782001919170893 -0.0933760035997849 -0.8622390332406089
vn -0.9656907310141271 0.02210999384142796 -0.2587519279266012
vn -0.8658149785186978 0.022369999444989026 0.4998639875981247
vn -0.7069358000994385 0.022560993620417295 0.7069178001045284
vn 0.9955888943426363 -0.0938229900429888 9.999998938536837e-7
vn 0.491758150229925 0.18113405533564708 0.8516832601854433
vn 0.4914009880378258 0.18488599549932003 0.8510829792820872
vn 0.49988376990905237 0.02256098961542685 0.8657986014825192
vn 0.9616653613314025 -0.09382303525260484 0.25767609681794645
vn 0.8622151320521376 -0.09372901435502155 0.4977950762395619
vn 0.25455396987863055 0.1812999785467746 0.949911887596933
vn -0.7040088277617974 -0.09356497710900352 -0.7040008277637546
vn -0.8622151320521376 -0.09372901435502133 -0.4977950762395619
vn -0.9616653613314025 -0.09382303525260473 -0.25767609681794645
vn -0.9955888943426363 -0.0938229900429888 -9.999998938953497e-7
vn -0.9616745903065166 -0.09372896006950328 0.257675890224683
vn -0.4917351329784747 0.18130004902843477 0.8516612303122226
vn -0.4913798623151362 0.18504894814919928 0.8510597615326628
vn -0.25453397757899376 0.18139598402146315 0.9498989163267328
vn 0.4978200191917088 -0.09337600359978526 0.8622390332406087
vn 0.7040088277617974 -0.09356497710900383 0.7040008277637546
vn 0.000009000001183513733 0.18139602385385056 0.9834101293199156
vn -0.862228961686857 -0.09356499584243962 0.4978019778801696
vn -0.4998790172643219 0.02272600078488771 0.8657970299020326
vn 0.2576960867474752 -0.0932130313780286 0.9617193237407452
vn 0.24304606212586258 0.3311910846569234 -0.9117242330490519
vn -0.0012079999560807464 0.3311909879588897 -0.9435629656948817
vn 0.4707360402041547 0.3311910282860336 -0.8177530698418394
vn 0.8165459099652033 0.3311909634818929 -0.47282694786468504
vn 0.9110991275889642 0.3311910463795007 -0.24537903436251424
vn 0.25436601609144904 0.18504901170638566 0.9492390600498141
vn 0.2587609999388031 0.022725999994625087 0.9656739997716182
vn 0.000006999998476950997 0.18514195971709427 0.9827117861830669
vn -0.25769588921900916 -0.09311795996948247 0.961728586562106
vn -0.49782684534837207 -0.09321297104306898 0.8622527321382124
vn -0.25875508582415985 0.02282200756962733 0.9656733202955456
vn 0.0000010000000795250094 -0.09311800740521006 0.9956550791794733
vn 0.0000029999986330614345 0.022821989601242463 0.9997395444722794
vn -0.7040213696162442 -0.09337604902309238 0.7040133696120441
vn -0.25435098830112657 0.1851419914843941 0.9492249563403992
vn -0.9083368433727664 0.3387189415936817 0.24534395769460907
vn -0.9408857204261994 0.33871889935341987 0.0018889994387047543
vn -0.24537903436251432 0.33119104637950086 -0.911099127588964
vn 0.6663457943947056 0.3311908978089117 -0.6680537938676914
vn 0.9435629656948818 0.33119098795888946 -0.001207999956080673
vn -0.6645030018227317 0.3387190009291064 -0.6661120018271451
vn -0.8142629608457592 0.3387189837125288 -0.47142897733110234
vn -0.4694579611462523 0.338718971966603 -0.8154009325149753
vn -0.9435629656948818 0.33119098795888946 0.00120799995608082
vn -0.911724233049052 0.3311910846569232 -0.2430460621258625
vn -0.9110991275889642 0.3311910463795006 0.2453790343625144
vn -0.8138861773466313 0.3387190738072328 0.4720791028665199
vn -0.47282694786468515 0.33119096348189303 -0.8165459099652033
vn 0.6666426869276684 0.3387188409290322 0.6639706881825069
vn 0.8157756211228209 0.33871925789721513 0.46880635694413925
vn 0.9093148545905639 0.33871894583511897 0.24169396135048013
vn -0.9085324897404823 0.3387191825851004 -0.24461813186033865
vn -0.24242011999774665 0.338719167665691 -0.9091214500143199
vn -0.8177530698418395 0.33119102828603353 -0.47073604020415466
vn -0.9093148545905639 0.3387189458351191 -0.24169396135047996
vn -0.8165459099652034 0.33119096348189275 0.4728269478646852
vn -0.6680537938676915 0.3311908978089117 -0.6663457943947055
vn 0.911724233049052 0.3311910846569231 0.24304606212586266
vn 0.9408857204261994 0.33871889935341987 -0.0018889994387046038
vn 0.24534395769460898 0.33871894159368154 0.9083368433727665
vn 0.47207910286651983 0.33871907380723276 0.8138861773466314
vn 0.8154009325149754 0.33871897196660294 -0.46945796114625227
vn 0.90912145001432 0.3387191676656908 -0.24242011999774657
vn 0.9408869046063044 0.338718965658302 0.0011379998846216869
vn 0.9085324897404823 0.3387191825851003 0.24461813186033882
vn 0.9092600370246148 0.3387190137924691 0.24190000985004773
vn 0.9408860776546243 0.33871902795566805 -0.001676000138326088
vn 0.0011379998846216116 0.33871896565830223 -0.9408869046063043
vn -0.9083923516982471 0.3387191311403871 0.24513809490903152
vn -0.9408860776546243 0.33871902795566805 0.0016760001383262385
vn -0.7500151249754058 0.32866505476562713 -0.5739830956430982
vn -0.8157756211228209 0.33871925789721535 -0.46880635694413914
vn -0.7460340080004687 0.3361500036048725 0.5748360061645414
vn -0.6639706881825068 0.3387188409290322 0.6666426869276685
vn -0.4688063569441392 0.3387192578972151 0.815775621122821
vn 0.0012079999560807464 0.33119098795888924 0.943562965694882
vn -0.24304606212586258 0.33119108465692293 0.9117242330490521
vn 0.24537903436251432 0.3311910463795004 0.9110991275889643
vn 0.4728269478646851 0.33119096348189264 0.8165459099652034
vn 0.5759012111038264 0.3286651204763301 0.7485432743879443
vn 0.6680537938676915 0.33119089780891137 0.6663457943947058
vn 0.8177530698418395 0.3311910282860333 0.47073604020415477
vn 0.9083368433727664 0.3387189415936818 -0.2453439576946089
vn 0.001888999438704679 0.33871889935341964 0.9408857204261996
vn -0.24169396135048005 0.3387189458351188 0.909314854590564
vn 0.7478796797621029 0.33614985606251135 -0.572432754887495
vn 0.8156690103647063 0.33871900430410234 0.4689920059594816
vn 0.9083923516982471 0.3387191311403872 -0.24513809490903135
vn -0.9408869046063044 0.338718965658302 -0.0011379998846215364
vn 0.24461813186033873 0.3387191825851006 -0.9085324897404822
vn -0.90912145001432 0.3387191676656907 0.24242011999774674
vn -0.8139933613130115 0.3387191503496736 0.47189420946303257
vn -0.6641219409233674 0.33871896986942457 0.6664919407125454
vn -0.46899200595948143 0.3387190043041022 0.8156690103647062
vn -0.6666426869276684 0.33871884092903254 -0.6639706881825067
vn -0.6663457943947056 0.33119089780891137 0.6680537938676916
vn -0.4707360402041547 0.33119102828603325 0.8177530698418396
vn 0.8138861773466313 0.33871907380723304 -0.4720791028665198
vn 0.6661120018271453 0.3387190009291064 -0.6645030018227316
vn 0.4714289773311025 0.3387189837125289 -0.8142629608457593
vn 0.8142629608457594 0.3387189837125286 0.47142897733110256
vn 0.7482069037155044 0.3361499567418732 0.5720049263904069
vn 0.8139933613130115 0.3387191503496738 -0.47189420946303245
vn -0.8154009325149754 0.3387189719666027 0.4694579611462524
vn -0.6661120018271453 0.33871900092910606 0.6645030018227318
vn -0.5742399428203476 0.33614996652803664 0.7464929256683439
vn -0.4714289773311024 0.3387189837125285 0.8142629608457593
vn -0.24461813186033873 0.33871918258510014 0.9085324897404824
vn -0.0011379998846216116 0.3387189656583018 0.9408869046063045
vn -0.9092600370246148 0.3387190137924692 -0.24190000985004756
vn -0.24190000985004764 0.33871901379246894 0.9092600370246149
vn 0.4688063569441392 0.3387192578972154 -0.8157756211228208
vn 0.5718348984152548 0.33614994028397704 -0.7483368670602123
vn 0.6639706881825068 0.33871884092903254 -0.6666426869276683
vn 0.6664919407125452 0.33871896986942457 0.6641219409233675
vn 0.6645030018227317 0.33871900092910606 0.6661120018271454
vn 0.24242011999774665 0.33871916766569055 0.9091214500143201
vn -0.8156690103647063 0.33871900430410257 -0.4689920059594815
vn 0.0016760001383261632 0.33871902795566783 0.9408860776546244
vn -0.47207910286651983 0.3387190738072331 -0.8138861773466312
vn -0.001888999438704679 0.3387188993534201 -0.9408857204261993
vn 0.24169396135048005 0.33871894583511925 -0.9093148545905638
vn -0.24534395769460904 0.33871894159368204 -0.9083368433727665
vn 0.4718942094630325 0.33871915034967354 0.8139933613130116
vn 0.6641219409233674 0.3387189698694249 -0.6664919407125451
vn 0.4694579611462523 0.33871897196660267 0.8154009325149755
vn -0.6664919407125452 0.3387189698694249 -0.6641219409233673
vn 0.24513809490903143 0.33871913114038693 0.9083923516982472
vn -0.5746664169344288 0.3361502438851582 -0.746164541360479
vn -0.4718942094630325 0.33871915034967387 -0.8139933613130114
vn -0.2451380949090315 0.33871913114038743 -0.9083923516982472
vn 0.46899200595948154 0.3387190043041026 -0.8156690103647062
vn -0.0016760001383261632 0.3387190279556683 -0.9408860776546242
vn 0.24190000985004764 0.3387190137924694 -0.9092600370246147
vn 0.00016199999787423606 0 -0.9999999868780003
vn -0.25866197319382644 0 -0.9659678998928879
vn 0.1298840252431576 0 0.9915291927052046
vn -0.0006479998639511469 0 0.999999790048066
vn 0.25819308908979893 0 0.9660933333515281
vn 0.1312570487519615 0 -0.991348368210149
vn -0.13093499416645332 0 -0.9913909558305597
vn -0.1380590637395374 0.8467083909109601 0.5138332372281254
vn -0.07024199823056897 0.8446289787233738 0.5307239866307978
vn -0.26634487626618714 0.8467076066514887 0.46059378602544915
vn -0.00018599999754470703 0.846468988826186 0.5324379929715525
vn 0.06984698841622716 0.8442838599797546 0.5313249118824275
vn 0.13750894926154475 0.8465856876243308 0.5141828102753193
vn 0.26571286245191233 0.8467075616960171 0.4609587613815324
vn -0.1311680200802514 0 0.9913601517653545
vn -0.25944497112520326 0 0.9657578925164643
vn -0.37647989515789343 0.8467077642088547 0.37596389530158925
vn 0.3759638953015891 0.8467077642088547 0.3764798951578936
vn -0.000736999799842305 0 0.9999997284156106
vn 0.2581070840261296 0 0.9661163145168021
vn 0.460593786025449 0.8467076066514887 0.2663448762661873
vn -0.46095876138153224 0.8467075616960171 0.2657128624519125
vn -0.9657323344215766 0 -0.2595400898756342
vn 0.13805599599679033 0.8467029754481542 -0.513842985100095
vn 0.07023197301192981 0.8446286754341791 -0.530725796057772
vn -0.023358006753921915 0.8464622447529008 -0.531936153808297
vn 0.9660168851434973 0.000007999999048881562 -0.2584789692676278
vn 0.513813031826094 0.8467180524465644 0.13807500855250454
vn 0.1311469912539386 0 -0.9913629338869996
vn -0.00043099995996851006 0 -0.9999999071195129
vn 0.2594339598555813 0 -0.9657608505596262
vn 0.26634487626618714 0.8467076066514889 -0.4605937860254488
vn -0.00022200014904107107 0.8467145684466733 -0.5320473571930392
vn -0.990892742001786 0.00039099989819559527 -0.13465296494047943
vn 0.9657581430765966 0.0000010000001480919245 0.25944403843650743
vn -0.5141689994123049 0.8466029990323328 0.13745399984289028
vn 0.5219339838197858 0.846540973756807 0.10465799675555003
vn -0.07007604562596756 0.8445985499115383 -0.5307943455960644
vn -0.1373380304947457 0.8466921880008245 -0.514053114141137
vn -0.13087498411007653 0 -0.9913988796312952
vn -0.26571286245191233 0.8467075616960174 -0.4609587613815321
vn -0.2581279317632449 0 -0.9661107446062429
vn -0.9977044820230783 0.00018600008986263217 -0.06771803271675648
vn 0.5292161553088234 0.8454862481244629 0.07129702092350435
vn 0.9914405492823057 0.000015999992726289946 -0.13055894064674406
vn -0.9660938988857196 0.00000299999968595372 0.25819097297695964
vn 0.3764798951578934 0.8467077642088547 -0.37596389530158886
vn -0.9909619094389682 0.0003909999642677177 -0.13414298774107536
vn -0.9914803886921159 0 -0.1302560510645502
vn -0.9999999945560001 -0.000021999999880232024 0.000101999999444712
vn 0.5294199474047779 0.8453669160170278 0.07119899292673659
vn 0.532066808388411 0.8463586952034372 0.024121991313021392
vn 0.5310769333641882 0.8444208940479837 0.0700759912073559
vn 0.9919829513486934 0.0006699999671401594 0.12636999380224703
vn 0.999999938016006 0.00000799999950412797 0.0003519999781816341
vn -0.5311866958622389 0.8443785165402419 0.069753960061475
vn -0.3759638953015891 0.846707764208855 -0.37647989515789326
vn -0.640706841648683 0.08028198015823061 0.7635768112812508
vn -0.6096480148982735 0.0033860000827452023 0.7926650193707516
vn -0.28579008486194885 0.05313001577632275 0.9568182841157499
vn -0.8428640803413865 0.2613430249110875 0.47040404483868054
vn -0.37577210650585485 0.16360404637062848 0.9121562585343094
vn -0.5076980039252671 0.155977001205936 0.8472980065508846
vn -0.7499690741828198 0.48669304814100184 0.4479690443106364
vn -0.06681899401255069 0.12580698872681345 0.9898019113068242
vn -0.9454284271069456 0.3257208026257936 0.008428994892355232
vn -0.9067019341421608 0.25652798136721894 0.33479097568262584
vn -0.6873811375521968 0.2471370494547233 0.6829571366669077
vn -0.9713249678166047 0.22788099244950522 0.06780899775325065
vn -0.9870416027804859 0.16046393542378937 0.0004469998201119227
vn -0.9916744329066431 0.0005910002579958714 0.12876905621298482
vn 0.9979124097059969 0.00033700013835980187 0.06458102651458544
vn 0.8428643006177208 0.2613420932108102 0.4704041677753213
vn 0.7499710442850416 0.48669002873856027 0.44796902645212394
vn 0.9454284271069456 0.3257208026257936 0.008428994892355232
vn -0.5312740512435098 0.8443200814380529 0.06979600673210455
vn -0.5311871404528038 0.8443792232648729 0.06974201844069894
vn -0.9915298534687547 0.000004999999261056326 0.129878980806096
vn -0.9810530602665818 0.0002970000182448171 0.1937390119014847
vn 0.46095876138153224 0.8467075616960174 -0.26571286245191217
vn -0.460593786025449 0.8467076066514889 -0.26634487626618697
vn -0.3272339167888432 0.19673894997194716 0.9242357649793519
vn 0.13444704008613045 0.08754202610114022 0.9870462942933252
vn -0.9801277263733702 0.198338944628832 0.003361999061415768
vn 0.5232628606190137 0.8458877746817494 -0.10329497248542495
vn 0.5318488669319619 0.8440207888268689 -0.0690339827277685
vn 0.9918114646272584 0.0006689996388787469 0.12770893106363154
vn 0.991348368210149 0 0.1312570487519615
vn 0.9870416027804859 0.16046393542378937 0.0004469998201119227
vn 0.9713249678166047 0.22788099244950522 0.06780899775325065
vn 0.640706841648683 0.08028198015823061 0.7635768112812508
vn 0.6096480190255908 0.0033840001056060086 0.7926650247370941
vn 0.3272339167888432 0.19673894997194716 0.9242357649793519
vn 0.06681899401255069 0.12580698872681345 0.9898019113068242
vn 0.37577210650585485 0.16360404637062848 0.9121562585343094
vn 0.6873811375521968 0.2471370494547233 0.6829571366669077
vn 0.9067019341421608 0.25652798136721894 0.33479097568262584
vn 0.28579008486194885 0.05313001577632275 0.9568182841157499
vn -0.13444704008613045 0.08754202610114022 0.9870462942933252
vn -0.15969398450728883 0.08657499160092737 0.9833629045990524
vn -0.9999997887455669 0.0000029999993662368453 -0.0006499998626846185
vn -0.9916762405955603 0.0006130001487230205 0.1287550312379057
vn -0.9660337496948916 0 0.2584159330428899
vn 0.9657347922772286 0 0.2595309441767166
vn -0.1363429773416397 0.15983997343675627 0.9776818375224909
vn 0.10649404078477609 0.20044707676663462 0.9738993729811317
vn 0.15969398450728883 0.08657499160092737 0.9833629045990524
vn -0.1564230207250349 0.16867802234874282 0.97318012894005
vn -0.1656270554735618 0.18344106144001648 0.9689773245401142
vn -0.163115987674304 0.2136059838590778 0.9632059272163102
vn -0.08219103042634429 0.25355309386296376 0.9638233567983165
vn -0.8740098887083949 0.3468349558359471 0.34031195666655
vn -0.8030971458175588 0.4955420899750898 0.3308670600752068
vn -0.9374299714168232 0.33610098975194486 0.09089099722864272
vn -0.8567550797099261 0.507365047203724 0.09247400860350485
vn -0.5996359200730345 0.7446829007393609 0.29305996093730796
vn -0.6260331025457956 0.7769351272639267 0.0667410109323455
vn -0.3237608822486742 0.3728498643950881 0.8695756837366858
vn -0.12383092642946801 0.4480647337954112 0.8853834739752414
vn -0.6929888413128498 0.3116529286347597 0.6501068511323743
vn -0.39469502463962713 0.23293601454149687 0.8887950554848109
vn -0.3916359128263593 0.28587493636753364 0.8745838053277244
vn -0.6514438138460481 0.41986988001967956 0.6319258194234314
vn -0.4759548522077121 0.618678807889433 0.6250628059070904
vn -0.2670201043759095 0.9565363739020112 0.11721104581681067
vn -0.20614503106296633 0.9064011365810654 0.3687020555578736
vn 0.28208906517457033 0.9507132196551843 0.12872502974095634
vn -0.11672099646673878 0.7312259778650587 0.6720749796556187
vn -0.9749775897704657 0.2184659080787408 -0.04112598269591737
vn 0.5309198880199818 0.8445528218694713 -0.06967498530436249
vn 0.5139991267288133 0.8466972087570327 -0.13750903390347508
vn 0.5317732395540605 0.8440623802345727 -0.06910803113189634
vn -0.905355741993568 0.25791592649964556 -0.33735790386043285
vn -0.9003696980300097 0.23346992169782027 -0.36718687685123347
vn -0.9785145586773129 0.20206490886611977 -0.04097598151930377
vn -0.7044518147119381 0.253651933283336 -0.6628788256466512
vn -0.657772788709601 0.23165692558694279 -0.7167077697784504
vn -0.3839609257317892 0.20844395968141852 -0.8995138260102058
vn -0.2918520340432284 0.18500202157965479 -0.938401109460273
vn -0.13613302210378447 0.1603830260412339 -0.9776221587355451
vn -0.02132299914517164 0.13537499457288446 -0.9905649602887467
vn 0.5308847107724957 0.8444695399305865 0.07094096135116215
vn 0.6772744723987707 0.09190606410445595 0.7299675091521503
vn 0.8580381394869816 0.08441501372292773 0.5066010823556117
vn 0.6785618075649879 0.10380997056027493 0.727170793779846
vn 0.44338600455601296 0.09296200095523086 0.8914970091605776
vn 0.9785145586773129 0.20206490886611977 -0.04097598151930377
vn 0.9749775897704657 0.2184659080787408 -0.04112598269591737
vn 0.9801277263733702 0.198338944628832 0.003361999061415768
vn 0.1363429773416397 0.15983997343675627 0.9776818375224909
vn -0.10649404078477609 0.20044707676663462 0.9738993729811317
vn -0.8580381394869816 0.08441501372292773 0.5066010823556117
vn -0.6785618075649879 0.10380997056027493 0.727170793779846
vn -0.9039711421322978 0.10528401655391241 0.41442906516110145
vn -0.973671580798449 0.06984696992830156 0.21699090657740622
vn -0.3731949481622923 0.10122798593918045 0.9222138719021965
vn -0.44338600455601296 0.09296200095523086 0.8914970091605776
vn -0.6772744723987707 0.09190606410445595 0.7299675091521503
vn -0.5312747245771601 0.8443215622877736 0.06977296382837944
vn -0.9657581430770795 0 -0.25944403843663716
vn -0.9873254217247898 0.09846304205736504 0.12447305316724461
vn -0.9968832511333648 0.07869301982423 -0.005585001406965336
vn -0.5138420363147596 0.8467030598390474 -0.13805900975704452
vn 0.3731949481622923 0.10122798593918045 0.9222138719021965
vn 0.14881706150171414 0.08822303645998571 0.9849214070390466
vn 0.1806430739471607 0.09652903951465285 0.9788004006769202
vn 0.6729250284075308 0.15234400643120224 0.7238530305574564
vn 0.9070891356093823 0.18508202766967255 0.3780660565206907
vn 0.7089969731931794 0.2589229902102512 0.6559589751985196
vn 0.8788287472097807 0.33048790493698543 0.3441479010077634
vn 0.4172019401724117 0.15678397751686549 0.8951878716282781
vn 0.31950715171896554 0.10982105214886825 0.9411984469310122
vn -0.21864091135020203 0.9570556119537459 -0.1903699228129121
vn 0.18757997718605557 0.47075794274524535 0.8620908951503565
vn 0.2726500016570304 0.8646630052549893 0.42192400256424334
vn 0.24756299038254936 0.7108619723840791 0.6583219744251794
vn -0.34305004326581723 0.9393171184676217 0.00013700001727878883
vn -0.9482454224917904 0.31751714147011145 0.003672001636064436
vn -0.862312824508148 0.5063758969459325 0.00020899995746590842
vn -0.9253729766037954 0.3655139907587099 -0.10042099746105587
vn 0.9764225769796565 0.21460990702349708 -0.023270989918194818
vn 0.9901456764199507 0.00529799826861183 -0.13994095426723363
vn 0.9905961385660836 -0.02633000368308064 -0.134261018780634
vn 0.9660960276762364 0 -0.2581830073962978
vn -0.08700002912809311 0.1814170607394401 -0.9795503279588922
vn -0.6710276774206327 0.31846884690425975 -0.6695516781301816
vn -0.3760691633342065 0.24119010475358865 -0.8946503885641939
vn -0.15213398529959796 0.1745199831364841 -0.9728299059973963
vn -0.3008970595907128 0.2797500554026858 -0.9117021805567086
vn -0.5891182093196282 0.4183161486319374 -0.6913402456401463
vn -0.2214869759441901 0.3381539632729312 -0.9146559006587706
vn -0.3887349790965545 0.5584639699697178 -0.7328049605948799
vn -0.04635001590575229 0.14647205026423643 -0.9881283390921077
vn -0.08260903224222897 0.17962007010554765 -0.9802613825951121
vn -0.5729328227658369 0.7263907752943173 -0.3796108825690997
vn -0.7778281068409204 0.49674006823122707 -0.38501005288421436
vn -0.8306842540129001 0.545645166851497 -0.11061203382378235
vn -0.657658320782789 0.7533093674380331 -0.0032450015827984154
vn -0.5851528819190862 0.8043498376862409 -0.10304097920684752
vn -0.1801769634822773 0.8099158358487049 -0.5581868868683676
vn -0.8442403738377406 0.36323016084180165 -0.3941091745153251
vn 0.9385552760056832 0.3443041012512434 0.02384700701280969
vn 0.9039711421322978 0.10528401655391241 0.41442906516110145
vn 0.8567550797099261 0.507365047203724 0.09247400860350485
vn 0.862312824508148 0.5063758969459325 0.00020899995746590842
vn 0.6260331025457956 0.7769351272639267 0.0667410109323455
vn 0.9374299714168232 0.33610098975194486 0.09089099722864272
vn 0.9482454224917904 0.31751714147011145 0.003672001636064436
vn 0.8740098887083949 0.3468349558359471 0.34031195666655
vn 0.6929888413128498 0.3116529286347597 0.6501068511323743
vn 0.8030971458175588 0.4955420899750898 0.3308670600752068
vn 0.1564230207250349 0.16867802234874282 0.97318012894005
vn 0.1656270554735618 0.18344106144001648 0.9689773245401142
vn 0.163115987674304 0.2136059838590778 0.9632059272163102
vn 0.08219103042634429 0.25355309386296376 0.9638233567983165
vn 0.12383092642946801 0.4480647337954112 0.8853834739752414
vn 0.13978895026177232 0.7033267497497052 0.6969867520055364
vn -0.18757997718605557 0.47075794274524535 0.8620908951503565
vn 0.6514438138460481 0.41986988001967956 0.6319258194234314
vn 0.4759548522077121 0.618678807889433 0.6250628059070904
vn 0.3237608822486742 0.3728498643950881 0.8695756837366858
vn 0.3916359128263593 0.28587493636753364 0.8745838053277244
vn 0.39469502463962713 0.23293601454149687 0.8887950554848109
vn -0.9777435024952694 0.18902209714481288 0.09104004678854194
vn -0.9934571827469622 0.11417502100255411 -0.0026250004828701702
vn -0.1806430739471607 0.09652903951465285 0.9788004006769202
vn -0.31950715171896554 0.10982105214886825 0.9411984469310122
vn -0.14881706150171414 0.08822303645998571 0.9849214070390466
vn -0.4172019401724117 0.15678397751686549 0.8951878716282781
vn -0.9070891356093823 0.18508202766967255 0.3780660565206907
vn -0.6729250284075308 0.15234400643120224 0.7238530305574564
vn -0.8788287472097807 0.33048790493698543 0.3441479010077634
vn -0.9331283540807532 0.35123913327964623 0.07682802915282383
vn -0.7089969731931794 0.2589229902102512 0.6559589751985196
vn -0.9913601517648588 0.0000010000001531166603 -0.1311680200801858
vn 0.9733831178625887 0.06993200846775269 0.21825402642739955
vn 0.98961666920386 0.09751396740430408 0.1055929647037624
vn 0.9934571827469622 0.11417502100255411 -0.0026250004828701702
vn 0.9777435024952694 0.18902209714481288 0.09104004678854194
vn 0.23438890751835895 0.1174279536670484 0.9650246192351363
vn 0.7129983336373099 0.638958298991341 0.28873113510757986
vn 0.7486971921988295 0.6609121696634458 0.051455013209069735
vn 0.42909779894756067 0.25696087960177877 0.8659365942681017
vn 0.5988129878926004 0.5140299896068277 0.6141629875822389
vn 0.9331283540807532 0.35123913327964623 0.07682802915282383
vn 0.43977388417390884 0.8981057634600785 -0.002228999412933814
vn 0.9378809867772849 0.34695599510844094 0.0008899999874524123
vn 0.9900511058112225 0.005543000592405479 -0.14059901502645022
vn 0.9889030911917027 0.14506501337717082 -0.03204400295493784
vn 0.9913583073181488 0.000491000152208627 -0.13118104066573535
vn 0.9803388877286561 0.08640999010406933 -0.1773949796841959
vn 0.9696727727499398 0.1472349654943857 -0.1950809542813206
vn 0.4338380186242326 0.17750300762002694 -0.8833330379206047
vn 0.7145307799438461 0.30071190738886616 -0.6316788054600131
vn 0.5189079962680138 0.555651996003751 -0.6496039953280479
vn 0.7444571594072784 0.5315981138287241 -0.4039640864990211
vn 0.8284215927542584 0.10328994922344827 -0.55049872937902
vn 0.434499096192462 0.046479010289849985 -0.8994721991314737
vn 0.543296768026727 0.1210869482990931 -0.8307626452864414
vn 0.26979804553597836 0.08857801495002167 -0.9588341618301257
vn 0.06859203233617793 0.11716005523248516 -0.9907414670628829
vn 0.054612014630069164 0.1582150423843918 -0.9858932641119676
vn -0.03855198801229975 0.21943693176631632 -0.9748646968668444
vn -0.07881999838229838 0.35984199261460326 -0.9296779809192892
vn -0.10585103551509245 0.5810621949577299 -0.8069462707462546
vn 0.16999203946493147 0.848225196921864 -0.5016141164534925
vn 0.1668750337770956 0.611534123780329 -0.773420156547603
vn 0.11633694587046757 0.3714498271709362 -0.9211355714118381
vn -0.530724098465782 0.8446291567049068 -0.07023901303151535
vn 0.8306842540129001 0.545645166851497 -0.11061203382378235
vn 0.6234880008551138 0.7818280010722771 -0.002773000003802996
vn 0.9253729766037954 0.3655139907587099 -0.10042099746105587
vn 0.2227469850360808 0.9661099350977029 0.1304429912369708
vn 0.317663893878676 0.948201683236213 0.001793999400682519
vn 0.20593504121615216 0.8805941762434567 0.42678408541721574
vn 0.5996359200730345 0.7446829007393609 0.29305996093730796
vn -0.19731106691233766 0.7439342522837702 0.6384592165149647
vn -0.27357801809663934 0.8908020589247765 0.36280402399876166
vn 0.21712897791516136 0.9652519018213382 -0.1454089852100164
vn -0.3820879976608572 0.919499994370821 0.09234999943463351
vn -0.36495405960503186 0.9107621487475078 -0.19318603155153144
vn -0.9814147566116239 0.19188095241400938 -0.0026029993544627044
vn -0.23438890751835895 0.1174279536670484 0.9650246192351363
vn -0.42909779894756067 0.25696087960177877 0.8659365942681017
vn -0.5988129878926004 0.5140299896068277 0.6141629875822389
vn -0.7129983336373099 0.638958298991341 0.28873113510757986
vn -0.7789276155101296 0.624053691958125 0.06187696945663835
vn -0.9803388877286561 0.08640999010406933 -0.1773949796841959
vn -0.9696727727499398 0.1472349654943857 -0.1950809542813206
vn 0.9814147566116239 0.19188095241400938 -0.0026029993544627044
vn 0.36495405960503186 0.9107621487475078 -0.19318603155153144
vn 0.7575584385972969 0.6527573779215001 0.003608002088895051
vn 0.09658897445555194 0.0984769739562415 -0.9904407380626296
vn 0.20732508849103146 0.07807703332504187 -0.975151416216654
vn 0.9877248273941137 0.09244098384584706 -0.12591397799640833
vn 0.9944095933084365 0.1046159572143838 -0.014319994143438609
vn 0.973785894445023 0.07571899179232679 -0.21449397674960485
vn 0.29729605483537047 0.13916302566820518 -0.9445891742266554
vn 0.13613302210378447 0.1603830260412339 -0.9776221587355451
vn 0.2918520340432284 0.18500202157965479 -0.938401109460273
vn 0.021328002645333657 0.13537301679045188 -0.9905651228607903
vn 0.3839609257317892 0.20844395968141852 -0.8995138260102058
vn 0.657772788709601 0.23165692558694279 -0.7167077697784504
vn 0.7044518147119381 0.253651933283336 -0.6628788256466512
vn 0.9003696980300097 0.23346992169782027 -0.36718687685123347
vn 0.905355741993568 0.25791592649964556 -0.33735790386043285
vn 0.5864093214869773 0.7944164355226447 -0.15819808672888164
vn 0.2214869759441901 0.3381539632729312 -0.9146559006587706
vn 0.08260903224222897 0.17962007010554765 -0.9802613825951121
vn 0.03855198801229975 0.21943693176631632 -0.9748646968668444
vn 0.07881999838229838 0.35984199261460326 -0.9296779809192892
vn 0.40201018824734486 0.5331272496448901 -0.7444213485865443
vn 0.13983996720515424 0.6030548585734005 -0.7853468158228423
vn 0.5575643006139404 0.6985173766095872 -0.4485482418373167
vn 0.7778281068409204 0.49674006823122707 -0.38501005288421436
vn 0.5891182093196282 0.4183161486319374 -0.6913402456401463
vn 0.3008970595907128 0.2797500554026858 -0.9117021805567086
vn 0.08700303798840578 0.18141507921182778 -0.9795504277041353
vn 0.04635301625058235 0.14647105135026983 -0.988128346421061
vn 0.3760691633342065 0.24119010475358865 -0.8946503885641939
vn 0.15213398529959796 0.1745199831364841 -0.9728299059973963
vn 0.6710276774206327 0.31846884690425975 -0.6695516781301816
vn -0.054612014630069164 0.1582150423843918 -0.9858932641119676
vn 0.8442403738377406 0.36323016084180165 -0.3941091745153251
vn 0.1992479922721668 0.8460149671873103 -0.4945289808196937
vn -0.7297352955756926 0.6837222769383458 0.003201001296549984
vn -0.9378809867772849 0.34695599510844094 0.0008899999874524123
vn -0.40251393419541737 0.9154138503444944 0.00012399997972819225
vn -0.9944095933084365 0.1046159572143838 -0.014319994143438609
vn -0.4583450613297817 0.048681006513860064 -0.8874401187457078
vn -0.4348418754028185 0.18219594779458287 -0.8818827473102041
vn -0.7480981297987773 0.24198104198492448 -0.6178951072078999
vn -0.8284215927542584 0.10328994922344827 -0.55049872937902
vn -0.7453371600485016 0.531314114090686 -0.40271308647579834
vn -0.20733092186466148 0.07868097034805928 -0.9751016325203427
vn -0.543296768026727 0.1210869482990931 -0.8307626452864414
vn -0.26979804553597836 0.08857801495002167 -0.9588341618301257
vn -0.9877248273941137 0.09244098384584706 -0.12591397799640833
vn -0.973785894445023 0.07571899179232679 -0.21449397674960485
vn 0.9196638297421911 0.3613019331119987 -0.15388097151194133
vn 0.7303910254019046 0.6540990227485831 -0.19668100684027034
vn 0.9821482750560647 0.18132805078192502 -0.050049014016503565
vn 0.9796377573104499 0.08306997942074432 -0.18278195471870082
vn 0.9338246685740113 0.15800794392101566 -0.3209438860930232
vn 0.9007217907911754 0.13105396956036022 -0.4141559038048477
vn 0.7741374029645567 0.2652581380757831 -0.574760299182068
vn 0.6719077358422132 0.1859119269094841 -0.7169217181451496
vn 0.9916340502679146 0.10733200544087418 -0.07170600363492081
vn 0.9609158077284535 0.16676196663226797 -0.2209779557840833
vn 0.8710265575974491 0.31066884220838387 -0.38052280672890054
vn 0.4064131237263981 0.2709190824772636 -0.8726002656501021
vn 0.6089239838629057 0.5993549841164939 -0.5196009862300544
vn 0.4696820123195245 0.4377290114814134 -0.7666760201095288
vn -0.09658602146614907 0.09847502188597779 -0.9904412201245951
vn -0.11633694587046757 0.3714498271709362 -0.9211355714118381
vn -0.1668750337770956 0.611534123780329 -0.773420156547603
vn -0.16999203946493147 0.848225196921864 -0.5016141164534925
vn -0.9821482750560647 0.18132805078192502 -0.050049014016503565
vn -0.9196638297421911 0.3613019331119987 -0.15388097151194133
vn -0.29729605483537047 0.13916302566820518 -0.9445891742266554
vn -0.9609158077284535 0.16676196663226797 -0.2209779557840833
vn -0.9338246685740113 0.15800794392101566 -0.3209438860930232
vn -0.9796377573104499 0.08306997942074432 -0.18278195471870082
vn -0.9007217907911754 0.13105396956036022 -0.4141559038048477
vn -0.9916340502679146 0.10733200544087418 -0.07170600363492081
vn -0.6719077358422132 0.1859119269094841 -0.7169217181451496
vn -0.4064131237263981 0.2709190824772636 -0.8726002656501021
vn -0.7741374029645567 0.2652581380757831 -0.574760299182068
vn -0.4696820123195245 0.4377290114814134 -0.7666760201095288
vn 0.28798209199632596 0.03382301080481348 -0.9570383057273713
vn -0.6089239838629057 0.5993549841164939 -0.5196009862300544
vn -0.8710265575974491 0.31066884220838387 -0.38052280672890054
vn -0.7303910254019046 0.6540990227485831 -0.19668100684027034
vn -0.000284000068733705 0.20619804990405788 0.9785102368190762
vn 0.10424601361797041 0.20508302679061258 0.973177127129056
vn -0.10481202435553978 0.2050550476493644 0.9731222261278439
vn 0.20763509116978546 0.20172108857302598 0.9571814202855319
vn -0.20818588288069265 0.2016608865514651 0.9570744615778146
vn 0.308748167155068 0.19615010619491144 0.9306985038765836
vn -0.3092789596616758 0.19605697442887848 0.9305418786322224
vn -0.3097480160441733 0.1947990100901018 0.9306500482053471
vn -0.3102789644552196 0.1947429776907324 0.9304848934059828
vn -0.3106200932879254 0.19550005871415024 0.9302122793688354
vn -0.3102198939325791 0.19678593271683464 0.9300746819977548
vn -0.30952610732556535 0.19726506839999736 0.930204322540498
vn -0.309140045693839 0.19673402907916043 0.9304451375286408
vn -0.30926289903263837 0.19606893598791422 0.9305446961981435
vn 0.2076340193057082 0.20171901875573417 0.9571820889983161
vn -0.20817506573399366 0.20166806367932263 0.9570753022090165
vn 0.10424601906222031 0.205078037500163 0.9731781779534316
vn -0.1048060472796431 0.20505709250445348 0.9731224389907148
vn -0.11819898833015537 0.005277999478900278 0.9929759019629976
vn -0.06961097740111312 0.10730096516522995 0.9917866780209703
vn -0.13893294796621686 0.005295998016519142 0.9902876291130902
vn -0.02075900988358493 0.20670309841353876 0.9781834657235299
vn -0.0002719999779450187 0.06997199432635584 0.997548919114248
vn -0.0002759999785084345 0.11950199069461913 0.9928339226900111
vn 0.060872996067269786 0.07713099501691345 0.9951609357071324
vn -0.06141599322296048 0.07711399149074119 0.995128890191016
vn 0.02745900177777821 0.09640800624174352 0.9949630644168959
vn -0.028003987546377472 0.09640095712963608 0.9949485575375203
vn 0.007658997046270065 0.1211749532682822 0.9926016171982972
vn -0.00821000268144889 0.12117403957635638 0.9925973241897835
vn 0.0005409997302508392 0.1452999275516577 0.9893875066791447
vn -0.0010969998794512386 0.1453009840329482 0.9893868912767753
vn 0.10389303576923556 0.1884170648699338 0.9765783362252367
vn -0.1894520021686571 0.19278100220676395 0.9627790110209314
vn 0.30874697512888843 0.19614998419913846 0.9306989250275512
vn -0.29924202505478775 0.19173401605341034 0.9347150782613601
vn -0.3129369789473219 0.19665398677020163 0.9291919374890791
vn -0.3179359647509184 0.1988039779589022 0.9270348972210372
vn -0.30928698178578085 0.19606298845365466 0.9305379451996914
vn 0.10389098163243969 0.22170396080351898 0.9695638285845238
vn -0.10445797513169283 0.2216739472260895 0.9695097691888369
vn 0.0005310002006806782 0.26630610064495025 0.9638883642819164
vn -0.00028600013287612163 0.2308241072412512 0.9729954520552517
vn 0.0013500002948880214 0.277273060566286 0.9607902098707128
vn -0.0011080001898929668 0.2663050456402945 0.9638881651945416
vn -0.000285999854599427 0.23082388265055265 0.972995505335049
vn -0.0019279991292502378 0.2772718747746222 0.9607895660748632
vn 0.007643999541738419 0.2896769826337204 0.9570939426217414
vn -0.008223997911511884 0.2896749264369167 0.9570897569466087
vn 0.013937005170553221 0.30202111204819193 0.9531993536317832
vn 0.027440008784837894 0.3132951003005023 0.9492593039025671
vn -0.014518999575217635 0.30201699116388875 0.953191972112463
vn 0.04093399556754439 0.3244669648657453 0.9450108976713905
vn -0.02802299855789449 0.31328698387778203 0.9492449511504322
vn 0.0608539895551134 0.3310189431844097 0.9416598383749317
vn -0.04151802072849979 0.32445516198914665 0.9449894718002865
vn -0.000287000019851505 0.3385230234152996 0.9409580650851307
vn -0.06143297391768425 0.3310008594684842 0.9416286002170675
vn -0.08131904033348149 0.33739716734583103 0.9378434651615647
vn -0.00028600006686024543 0.23082505396159472 0.9729952274639319
vn 0.0008270000929229761 0.27889203133672846 0.9603221079032386
vn 0.0005329996871170165 0.2663058436723904 0.963888434175486
vn 0.0013529997404060534 0.27727094680127606 0.9607908156574076
vn -0.0011059998974649661 0.2663059753113065 0.9638879106398838
vn -0.0019249999237488298 0.27727398901690004 0.9607889619421893
vn 0.007660003235455829 0.289665122349649 0.9570974042617583
vn -0.008209004196144388 0.289686148077023 0.9570864892278047
vn 0.013960999452826557 0.30199598816387124 0.9532069626409604
vn -0.01449500570635873 0.3020421189072094 0.9531843752473158
vn 0.02282898869414019 0.3094288467580315 0.9506485291995129
vn -0.018734992840189667 0.30564988319209857 0.951959636196795
vn 0.007006997430601081 0.3232558814651607 0.9462856530061046
vn -0.008171996694060267 0.30644087603090064 0.9518546149320527
vn -0.029146994258348737 0.3195269370565544 0.947128813425587
vn 0.06086101189945492 0.3309910647148826 0.9416691841137644
vn -0.00022399992275845592 0.3387408831925092 0.9408796755579287
vn -0.061343992649119126 0.3313889602894973 0.9414978871798442
vn -0.0002840001272938556 0.20619709242116574 0.9785104385856007
vn -0.0002820000684092769 0.20619805002076602 0.9785102373729133
vn -0.00028300012692586836 0.20619709247962267 0.9785104388630087
vn -0.00028300006857191545 0.20619804996251503 0.978510237096484
vn -0.24304606212586258 -0.3311910846569234 0.9117242330490519
vn 0.0012079999560807464 -0.3311909879588897 0.9435629656948817
vn -0.4707360402041547 -0.3311910282860336 0.8177530698418394
vn -0.8165459099652033 -0.3311909634818929 0.47282694786468504
vn -0.6663457943947056 -0.3311908978089117 0.6680537938676914
vn -0.9110991275889642 -0.3311910463795007 0.24537903436251424
vn 0.9408857204261994 -0.33871889935341987 -0.0018889994387047543
vn 0.9083368433727664 -0.3387189415936817 -0.24534395769460907
vn 0.24537903436251432 -0.33119104637950086 0.911099127588964
vn -0.9435629656948818 -0.33119098795888946 0.001207999956080673
vn 0.6645030018227317 -0.3387190009291064 0.6661120018271451
vn 0.8142629608457592 -0.3387189837125288 0.47142897733110234
vn 0.4694579611462523 -0.338718971966603 0.8154009325149753
vn 0.911724233049052 -0.3311910846569232 0.2430460621258625
vn 0.9435629656948818 -0.33119098795888946 -0.00120799995608082
vn 0.9110991275889642 -0.3311910463795006 -0.2453790343625144
vn 0.8138861773466313 -0.3387190738072328 -0.4720791028665199
vn 0.47282694786468515 -0.33119096348189303 0.8165459099652033
vn -0.6666426869276684 -0.3387188409290322 -0.6639706881825069
vn -0.8157756211228209 -0.33871925789721513 -0.46880635694413925
vn -0.9093148545905639 -0.33871894583511897 -0.24169396135048013
vn -0.9408869046063044 -0.338718965658302 -0.0011379998846216869
vn -0.90912145001432 -0.3387191676656908 0.24242011999774657
vn 0.9085324897404823 -0.3387191825851004 0.24461813186033865
vn 0.24242011999774665 -0.338719167665691 0.9091214500143199
vn 0.8177530698418395 -0.33119102828603353 0.47073604020415466
vn 0.9093148545905639 -0.3387189458351191 0.24169396135047996
vn 0.8165459099652034 -0.33119096348189275 -0.4728269478646852
vn 0.7460340080004687 -0.3361500036048725 -0.5748360061645414
vn 0.6639706881825068 -0.3387188409290322 -0.6666426869276685
vn 0.6680537938676915 -0.3311908978089117 0.6663457943947055
vn -0.911724233049052 -0.3311910846569231 -0.24304606212586266
vn -0.9408857204261994 -0.33871889935341987 0.0018889994387046038
vn -0.001888999438704679 -0.33871889935341964 -0.9408857204261996
vn -0.24534395769460898 -0.33871894159368154 -0.9083368433727665
vn -0.47207910286651983 -0.33871907380723276 -0.8138861773466314
vn -0.8154009325149754 -0.33871897196660294 0.46945796114625227
vn -0.9085324897404823 -0.3387191825851003 -0.24461813186033882
vn -0.9092600370246148 -0.3387190137924691 -0.24190000985004773
vn -0.9408860776546243 -0.33871902795566805 0.001676000138326088
vn -0.0011379998846216116 -0.33871896565830223 0.9408869046063043
vn 0.9408860776546243 -0.33871902795566805 -0.0016760001383262385
vn 0.9083923516982471 -0.3387191311403871 -0.24513809490903152
vn 0.7500151249754058 -0.32866505476562713 0.5739830956430982
vn 0.8157756211228209 -0.33871925789721535 0.46880635694413914
vn 0.4688063569441392 -0.3387192578972151 -0.815775621122821
vn -0.0012079999560807464 -0.33119098795888924 -0.943562965694882
vn 0.24304606212586258 -0.33119108465692293 -0.9117242330490521
vn -0.24537903436251432 -0.3311910463795004 -0.9110991275889643
vn -0.4728269478646851 -0.33119096348189264 -0.8165459099652034
vn -0.5759012111038264 -0.3286651204763301 -0.7485432743879443
vn -0.6680537938676915 -0.33119089780891137 -0.6663457943947058
vn -0.8177530698418395 -0.3311910282860333 -0.47073604020415477
vn -0.9083368433727664 -0.3387189415936818 0.2453439576946089
vn 0.24169396135048005 -0.3387189458351188 -0.909314854590564
vn -0.7478796797621029 -0.33614985606251135 0.572432754887495
vn -0.8156690103647063 -0.33871900430410234 -0.4689920059594816
vn -0.9083923516982471 -0.3387191311403872 0.24513809490903135
vn 0.9408869046063044 -0.338718965658302 0.0011379998846215364
vn -0.24461813186033873 -0.3387191825851006 0.9085324897404822
vn 0.90912145001432 -0.3387191676656907 -0.24242011999774674
vn 0.8139933613130115 -0.3387191503496736 -0.47189420946303257
vn 0.6641219409233674 -0.33871896986942457 -0.6664919407125454
vn 0.46899200595948143 -0.3387190043041022 -0.8156690103647062
vn 0.6666426869276684 -0.33871884092903254 0.6639706881825067
vn 0.6663457943947056 -0.33119089780891137 -0.6680537938676916
vn 0.4707360402041547 -0.33119102828603325 -0.8177530698418396
vn -0.8138861773466313 -0.33871907380723304 0.4720791028665198
vn -0.6661120018271453 -0.3387190009291064 0.6645030018227316
vn -0.4714289773311025 -0.3387189837125289 0.8142629608457593
vn -0.8142629608457594 -0.3387189837125286 -0.47142897733110256
vn -0.7482069037155044 -0.3361499567418732 -0.5720049263904069
vn -0.6664919407125452 -0.33871896986942457 -0.6641219409233675
vn -0.8139933613130115 -0.3387191503496738 0.47189420946303245
vn 0.6661120018271453 -0.33871900092910606 -0.6645030018227318
vn 0.8154009325149754 -0.3387189719666027 -0.4694579611462524
vn 0.5742399428203476 -0.33614996652803664 -0.7464929256683439
vn 0.4714289773311024 -0.3387189837125285 -0.8142629608457593
vn 0.24461813186033873 -0.33871918258510014 -0.9085324897404824
vn 0.0011379998846216116 -0.3387189656583018 -0.9408869046063045
vn 0.9092600370246148 -0.3387190137924692 0.24190000985004756
vn 0.24190000985004764 -0.33871901379246894 -0.9092600370246149
vn -0.6639706881825068 -0.33871884092903254 0.6666426869276683
vn -0.4688063569441392 -0.3387192578972154 0.8157756211228208
vn -0.5718348984152548 -0.33614994028397704 0.7483368670602123
vn -0.6645030018227317 -0.33871900092910606 -0.6661120018271454
vn -0.24242011999774665 -0.33871916766569055 -0.9091214500143201
vn 0.8156690103647063 -0.33871900430410257 0.4689920059594815
vn -0.0016760001383261632 -0.33871902795566783 -0.9408860776546244
vn 0.47207910286651983 -0.3387190738072331 0.8138861773466312
vn 0.001888999438704679 -0.3387188993534201 0.9408857204261993
vn -0.24169396135048005 -0.33871894583511925 0.9093148545905638
vn 0.24534395769460904 -0.33871894159368204 0.9083368433727665
vn -0.4718942094630325 -0.33871915034967354 -0.8139933613130116
vn -0.6641219409233674 -0.3387189698694249 0.6664919407125451
vn -0.4694579611462523 -0.33871897196660267 -0.8154009325149755
vn 0.6664919407125452 -0.3387189698694249 0.6641219409233673
vn -0.24513809490903143 -0.33871913114038693 -0.9083923516982472
vn 0.5746664169344288 -0.3361502438851582 0.746164541360479
vn 0.4718942094630325 -0.33871915034967387 0.8139933613130114
vn 0.2451380949090315 -0.33871913114038743 0.9083923516982472
vn -0.46899200595948154 -0.3387190043041026 0.8156690103647062
vn 0.0016760001383261632 -0.3387190279556683 0.9408860776546242
vn -0.24190000985004764 -0.3387190137924694 0.9092600370246147
usemtl material_0_0
f 1//1 2//2 3//3
f 2//2 1//1 4//4
f 5//5 3//3 2//2
f 3//3 6//6 1//1
f 4//4 8//7 2//2
f 3//3 5//5 9//8
f 2//2 10//9 5//5
f 6//6 3//3 11//10
f 8//7 4//4 14//11
f 10//9 2//2 8//7
f 15//12 9//8 5//5
f 9//8 11//10 3//3
f 16//13 5//5 10//9
f 17//14 6//6 11//10
f 19//15 7//16 12//17
f 20//18 13//19 7//16
f 14//11 21//20 8//7
f 8//7 22//21 10//9
f 9//8 15//12 23//22
f 5//5 16//13 15//12
f 11//10 9//8 24//23
f 22//21 16//13 10//9
f 6//6 17//14 25//24
f 11//10 26//25 17//14
f 27//26 12//17 18//27
f 7//16 19//15 20//18
f 12//17 27//26 19//15
f 13//19 20//18 28//28
f 21//20 14//11 30//29
f 22//21 8//7 21//20
f 31//30 23//30 15//30
f 23//22 24//23 9//8
f 32//30 15//30 16//30
f 26//25 11//10 24//23
f 16//13 22//21 33//31
f 34//32 25//24 17//14
f 26//25 34//32 17//14
f 35//33 27//26 18//27
f 36//34 20//18 19//15
f 37//35 19//15 27//26
f 38//36 28//28 20//18
f 28//28 29//37 13//19
f 30//29 39//38 21//20
f 21//20 40//39 22//21
f 41//30 23//30 31//30
f 31//30 15//30 42//30
f 24//23 23//22 43//40
f 42//30 15//30 32//30
f 32//30 16//30 44//30
f 43//40 26//25 24//23
f 40//39 33//31 22//21
f 45//30 16//30 33//30
f 25//24 34//32 35//33
f 34//32 26//25 46//41
f 27//26 35//33 34//32
f 20//18 36//34 38//36
f 19//15 37//35 36//34
f 27//26 46//41 37//35
f 28//28 38//36 47//42
f 29//37 28//28 48//43
f 39//38 30//29 50//44
f 40//39 21//20 39//38
f 51//30 23//30 41//30
f 31//45 52//46 41//47
f 42//48 53//49 31//45
f 53//49 42//48 54//50
f 23//30 55//30 43//30
f 32//51 54//50 42//48
f 44//30 16//30 45//30
f 44//52 56//53 32//51
f 26//25 43//40 57//54
f 33//31 40//39 58//55
f 45//30 33//30 59//30
f 57//54 46//41 26//25
f 46//41 27//26 34//32
f 36//34 60//56 38//36
f 37//35 61//57 36//34
f 46//41 62//58 37//35
f 38//36 63//59 47//42
f 47//42 48//43 28//28
f 48//43 49//60 29//37
f 64//61 39//38 50//44
f 39//38 65//62 40//39
f 66//30 23//30 51//30
f 41//47 67//63 51//64
f 53//49 68//65 52//46
f 52//46 31//45 53//49
f 67//63 41//47 52//46
f 55//30 23//30 66//30
f 55//30 57//30 43//30
f 54//50 32//51 56//53
f 69//66 44//52 45//67
f 56//53 44//52 70//68
f 65//62 58//55 40//39
f 71//30 33//30 58//30
f 59//30 33//30 71//30
f 72//69 45//67 59//70
f 46//41 57//54 73//71
f 60//56 36//34 61//57
f 63//59 38//36 60//56
f 61//57 37//35 62//58
f 62//58 46//41 73//71
f 74//72 47//42 63//59
f 48//43 47//42 75//73
f 49//60 48//43 76//74
f 39//38 64//61 78//75
f 65//62 39//38 78//75
f 79//76 51//64 67//63
f 68//65 53//49 80//77
f 81//78 52//46 68//65
f 80//77 82//79 68//65
f 52//46 81//78 67//63
f 66//80 83//81 55//82
f 55//30 73//30 57//30
f 56//53 84//83 54//50
f 44//52 69//66 70//68
f 45//67 72//69 69//66
f 70//68 85//84 56//53
f 58//55 65//62 86//85
f 71//30 58//30 87//30
f 59//70 88//86 72//69
f 89//30 60//30 61//30
f 60//30 90//30 63//30
f 62//30 89//30 61//30
f 73//30 89//30 62//30
f 47//42 74//72 75//73
f 63//30 91//30 74//30
f 75//73 76//74 48//43
f 76//74 77//87 49//60
f 92//88 78//75 64//61
f 78//75 94//89 65//62
f 51//64 79//76 66//80
f 67//63 95//90 79//76
f 54//50 80//77 53//49
f 82//79 97//91 98//92
f 96//93 68//65 82//79
f 83//81 66//80 79//76
f 83//81 99//94 55//82
f 55//30 100//30 73//30
f 84//83 56//53 85//84
f 80//77 54//50 84//83
f 101//95 70//68 69//66
f 102//96 69//66 72//69
f 85//84 70//68 103//97
f 94//89 86//85 65//62
f 104//30 58//30 86//30
f 87//30 58//30 105//30
f 72//69 106//98 102//96
f 88//86 59//70 71//99
f 60//30 89//30 107//30
f 60//30 108//30 90//30
f 63//30 90//30 109//30
f 73//30 110//30 89//30
f 74//72 111//100 75//73
f 63//30 109//30 91//30
f 74//30 91//30 112//30
f 76//74 75//73 111//100
f 77//87 76//74 113//101
f 78//75 92//88 114//102
f 77//87 115//103 93//104
f 94//89 78//75 114//102
f 95//90 67//63 81//78
f 68//65 96//93 81//78
f 81//78 117//105 95//90
f 82//79 80//77 118//106
f 97//91 82//79 118//106
f 119//107 98//92 97//91
f 79//76 116//108 83//81
f 99//94 83//81 120//109
f 99//30 100//30 55//30
f 100//30 110//30 73//30
f 85//84 121//110 84//83
f 121//110 85//84 122//111
f 84//83 118//106 80//77
f 70//68 101//95 103//97
f 69//66 102//96 101//95
f 122//111 103//97 124//112
f 103//97 122//111 85//84
f 86//85 94//89 125//113
f 104//30 126//30 58//30
f 104//30 86//30 125//30
f 105//30 58//30 127//30
f 128//114 87//115 105//116
f 106//98 72//69 88//86
f 88//86 130//117 106//98
f 71//99 131//118 88//86
f 132//119 107//120 89//121
f 60//30 107//30 133//30
f 60//30 134//30 108//30
f 135//122 109//123 90//124
f 89//30 110//30 136//30
f 111//100 74//72 137//125
f 138//126 91//127 109//123
f 91//127 139//128 112//129
f 74//30 112//30 140//30
f 111//100 113//101 76//74
f 115//103 77//87 113//101
f 93//104 114//102 92//88
f 114//102 93//104 115//103
f 115//103 94//89 114//102
f 116//108 79//76 95//90
f 95//90 141//130 116//108
f 141//130 95//90 117//105
f 141//130 142//131 116//108
f 143//132 141//130 117//105
f 98//92 96//93 82//79
f 118//106 144//133 97//91
f 145//134 146//135 98//92
f 147//136 97//91 144//133
f 119//107 97//91 147//136
f 116//108 120//109 83//81
f 120//109 148//137 99//94
f 148//30 100//30 99//30
f 149//30 110//30 100//30
f 123//138 121//110 122//111
f 118//106 84//83 121//110
f 122//111 150//139 123//138
f 151//140 144//133 123//138
f 121//110 123//138 144//133
f 103//97 152//141 124//112
f 152//141 103//97 101//95
f 124//112 153//142 150//139
f 150//139 122//111 124//112
f 94//89 155//143 125//113
f 104//30 156//30 126//30
f 127//30 58//30 126//30
f 104//30 125//30 157//30
f 158//144 105//116 127//145
f 87//115 128//114 131//118
f 105//116 158//144 128//114
f 129//146 102//96 106//98
f 160//147 154//148 129//146
f 130//117 88//86 131//118
f 106//98 159//149 129//146
f 131//118 71//99 87//115
f 107//120 132//119 161//150
f 136//151 132//119 89//121
f 161//150 133//152 107//120
f 60//30 133//30 134//30
f 109//123 135//122 138//126
f 90//124 162//153 135//122
f 136//30 110//30 163//30
f 74//30 140//30 137//30
f 137//125 164//154 111//100
f 91//127 138//126 165//155
f 139//128 91//127 165//155
f 166//156 112//129 139//128
f 112//129 166//156 140//157
f 113//101 111//100 164//154
f 113//101 167//158 115//103
f 94//89 115//103 167//158
f 168//159 169//160 141//130
f 141//130 143//132 168//159
f 117//105 81//78 96//93
f 142//131 141//130 169//160
f 120//109 116//108 142//131
f 170//161 168//159 143//132
f 96//93 98//92 146//135
f 144//133 118//106 121//110
f 145//134 98//92 119//107
f 172//162 146//135 145//134
f 172//162 143//132 146//135
f 147//136 144//133 151//140
f 151//140 123//138 173//163
f 148//137 120//109 174//164
f 175//30 100//30 148//30
f 149//30 176//30 110//30
f 177//165 149//166 100//167
f 173//163 123//138 150//139
f 101//95 154//148 152//141
f 178//168 150//139 153//142
f 153//142 124//112 152//141
f 152//141 179//169 153//142
f 154//148 101//95 102//96
f 102//96 129//146 154//148
f 155//143 94//89 167//158
f 155//30 157//30 125//30
f 104//30 180//30 156//30
f 156//170 181//171 126//172
f 181//171 127//145 126//172
f 104//30 157//30 182//30
f 127//145 181//171 158//144
f 183//173 131//118 128//114
f 184//174 128//114 158//144
f 185//175 160//147 186//176
f 159//149 160//147 129//146
f 160//147 159//149 186//176
f 159//149 106//98 130//117
f 154//148 160//147 179//169
f 131//118 183//173 130//117
f 188//177 161//150 132//119
f 132//119 136//151 189//178
f 133//152 161//150 190//179
f 190//179 134//180 133//152
f 191//181 138//126 135//122
f 162//153 90//124 108//182
f 163//30 110//30 193//30
f 163//183 189//178 136//151
f 137//30 140//30 194//30
f 164//154 137//125 195//184
f 196//185 165//155 138//126
f 165//155 197//186 139//128
f 139//128 198//187 166//156
f 199//188 140//157 166//156
f 167//158 113//101 164//154
f 200//189 201//190 168//159
f 169//160 168//159 201//190
f 202//191 168//159 170//161
f 170//161 143//132 172//162
f 146//135 117//105 96//93
f 203//192 169//160 201//190
f 169//160 204//193 142//131
f 142//131 174//164 120//109
f 117//105 146//135 143//132
f 174//164 175//194 148//137
f 207//30 100//30 175//30
f 149//30 208//30 176//30
f 176//195 209//196 110//197
f 149//166 177//165 210//198
f 100//167 211//199 177//165
f 173//163 150//139 178//168
f 179//169 152//141 154//148
f 212//200 153//142 179//169
f 178//168 153//142 212//200
f 167//158 195//184 155//143
f 195//30 157//30 155//30
f 104//30 213//30 180//30
f 180//201 214//202 156//170
f 181//171 156//170 214//202
f 215//203 182//204 157//205
f 104//30 182//30 216//30
f 217//206 158//144 181//171
f 128//114 184//174 183//173
f 185//175 179//169 160//147
f 218//207 185//175 186//176
f 187//208 186//176 159//149
f 186//176 187//208 219//209
f 130//117 187//208 159//149
f 187//208 130//117 183//173
f 161//150 188//177 220//210
f 220//210 190//179 161//150
f 189//178 188//177 132//119
f 134//180 190//179 221//211
f 138//126 191//181 196//185
f 135//122 192//212 191//181
f 108//182 221//211 162//153
f 192//212 135//122 162//153
f 162//153 222//213 192//212
f 193//30 110//30 223//30
f 189//178 163//183 224//214
f 140//157 199//188 194//215
f 137//30 194//30 225//30
f 137//30 225//30 195//30
f 195//184 167//158 164//154
f 165//155 196//185 226//216
f 197//186 165//155 226//216
f 198//187 139//128 197//186
f 227//217 166//156 198//187
f 166//156 227//217 199//188
f 205//218 201//190 200//189
f 203//192 201//190 205//218
f 200//189 168//159 202//191
f 174//164 142//131 204//193
f 204//193 169//160 228//219
f 175//194 174//164 233//220
f 204//193 233//220 174//164
f 100//30 207//30 234//30
f 233//220 207//221 175//194
f 207//221 233//220 235//222
f 149//30 236//30 208//30
f 237//30 176//30 208//30
f 209//196 176//195 238//223
f 239//224 110//197 209//196
f 240//225 210//198 177//165
f 210//198 241//226 149//166
f 211//199 100//167 234//227
f 242//228 177//165 211//199
f 212//200 179//169 185//175
f 243//30 157//30 195//30
f 104//30 244//30 213//30
f 213//229 245//230 180//201
f 214//202 180//201 245//230
f 214//202 217//206 181//171
f 182//204 215//203 246//231
f 247//232 215//203 157//205
f 216//30 182//30 248//30
f 216//233 249//234 104//235
f 158//144 217//206 184//174
f 251//236 184//174 217//206
f 252//237 218//207 219//209
f 253//238 252//237 254//239
f 218//207 186//176 219//209
f 250//240 183//173 184//174
f 252//237 219//209 254//239
f 183//173 250//240 187//208
f 250//240 219//209 187//208
f 219//209 250//240 254//239
f 256//241 255//242 188//177
f 257//243 221//211 190//179
f 190//179 220//210 257//243
f 188//177 189//178 256//241
f 258//244 196//185 191//181
f 196//185 258//244 259//245
f 260//246 191//181 192//212
f 191//181 260//246 258//244
f 221//211 108//182 134//180
f 222//213 162//153 221//211
f 223//30 110//30 239//30
f 223//247 262//248 193//249
f 193//249 224//214 163//183
f 224//214 256//241 189//178
f 263//250 194//215 199//188
f 194//215 263//250 225//251
f 195//30 225//30 264//30
f 259//245 226//216 196//185
f 226//216 259//245 265//252
f 226//216 266//253 197//186
f 197//186 267//254 198//187
f 198//187 268//255 227//217
f 269//256 199//188 227//217
f 229//257 203//192 205//218
f 169//160 203//192 228//219
f 270//258 228//219 203//192
f 228//219 271//259 204//193
f 272//260 273//261 229//257
f 274//262 275//263 272//260
f 233//220 204//193 271//259
f 235//222 234//264 207//221
f 271//259 235//222 233//220
f 271//259 228//219 281//265
f 149//30 282//30 236//30
f 236//266 283//267 208//268
f 284//30 176//30 237//30
f 283//267 237//269 208//268
f 285//270 238//223 176//195
f 238//223 286//271 209//196
f 287//272 239//224 209//196
f 210//198 240//225 288//273
f 177//165 242//228 240//225
f 241//226 210//198 289//274
f 241//30 290//30 149//30
f 211//199 234//227 291//275
f 211//199 292//276 242//228
f 293//30 157//30 243//30
f 195//30 294//30 243//30
f 244//30 104//30 295//30
f 245//230 213//229 296//277
f 245//230 297//278 214//202
f 217//206 214//202 297//278
f 298//279 246//231 215//203
f 246//231 248//280 182//204
f 247//232 299//281 215//203
f 157//30 300//30 247//30
f 216//30 248//30 301//30
f 249//234 216//233 302//282
f 249//234 295//283 104//235
f 184//174 251//236 250//240
f 297//278 251//236 217//206
f 253//238 254//239 303//284
f 251//236 254//239 250//240
f 254//239 251//236 303//284
f 255//242 220//210 188//177
f 220//210 255//242 304//285
f 304//285 257//243 220//210
f 257//243 304//285 305//286
f 255//242 256//241 306//287
f 221//211 257//243 222//213
f 307//288 259//245 258//244
f 259//245 307//288 308//289
f 192//212 261//290 260//246
f 261//290 192//212 222//213
f 222//213 305//286 261//290
f 239//291 310//292 223//247
f 224//214 193//249 262//248
f 256//241 224//214 311//293
f 199//188 269//256 263//250
f 312//294 225//251 263//250
f 225//251 312//294 264//295
f 195//30 264//30 294//30
f 266//253 226//216 265//252
f 267//254 197//186 266//253
f 268//255 198//187 267//254
f 314//296 227//217 268//255
f 315//297 268//255 267//254
f 268//255 315//297 316//298
f 227//217 314//296 269//256
f 270//258 203//192 229//257
f 228//219 270//258 281//265
f 229//257 273//261 270//258
f 272//260 275//263 273//261
f 274//262 317//299 275//263
f 234//264 235//222 325//300
f 235//222 271//259 280//301
f 281//265 280//301 271//259
f 280//301 281//265 326//302
f 149//30 290//30 282//30
f 282//303 327//304 236//266
f 283//267 236//266 327//304
f 328//30 176//30 284//30
f 329//305 284//306 237//269
f 237//269 283//267 329//305
f 238//223 285//270 330//307
f 328//30 285//30 176//30
f 286//271 238//223 331//308
f 332//309 209//196 286//271
f 287//310 333//311 239//291
f 299//281 287//272 209//196
f 240//225 334//312 288//273
f 288//273 289//274 210//198
f 242//228 335//313 240//225
f 289//274 336//314 241//226
f 241//30 337//30 290//30
f 325//300 291//315 234//264
f 291//275 249//234 211//199
f 292//276 211//199 249//234
f 338//316 242//228 292//276
f 339//30 157//30 293//30
f 340//317 293//318 243//319
f 294//320 340//317 243//319
f 295//321 341//322 244//323
f 244//323 296//277 213//229
f 296//277 342//324 245//230
f 297//278 245//230 342//324
f 246//231 298//279 343//325
f 215//203 332//309 298//279
f 248//280 246//231 344//326
f 299//281 247//232 287//272
f 332//309 215//203 299//281
f 300//30 157//30 345//30
f 301//30 248//30 346//30
f 301//30 347//30 216//30
f 347//327 302//282 216//233
f 302//282 292//276 249//234
f 249//234 291//275 295//283
f 251//236 348//328 303//284
f 348//328 251//236 349//329
f 251//236 297//278 349//329
f 350//330 253//238 303//284
f 350//330 303//284 348//328
f 305//286 222//213 257//243
f 311//293 306//287 256//241
f 352//331 255//242 306//287
f 255//242 352//331 353//332
f 354//333 308//289 307//288
f 258//244 309//334 307//288
f 308//289 265//252 259//245
f 261//290 309//334 260//246
f 309//334 258//244 260//246
f 305//286 355//335 261//290
f 310//292 239//291 333//311
f 262//248 223//247 310//292
f 262//248 311//293 224//214
f 306//287 311//293 357//336
f 358//337 263//250 269//256
f 263//250 358//337 312//294
f 359//338 264//295 312//294
f 264//295 359//338 294//320
f 360//339 313//340 308//289
f 265//252 308//289 313//340
f 313//340 266//253 265//252
f 361//341 362//342 313//340
f 266//253 313//340 362//342
f 363//343 315//297 362//342
f 362//342 267//254 266//253
f 267//254 362//342 315//297
f 364//344 316//298 315//297
f 316//298 314//296 268//255
f 314//296 316//298 365//345
f 366//346 269//256 314//296
f 270//258 326//302 281//265
f 326//302 270//258 273//261
f 367//347 326//302 368//348
f 273//261 368//348 326//302
f 368//348 273//261 275//263
f 320//349 317//299 274//262
f 369//350 368//348 370//351
f 275//263 370//351 368//348
f 370//351 275//263 317//299
f 372//352 373//353 320//349
f 280//301 325//300 235//222
f 326//302 367//347 280//301
f 290//354 382//355 282//303
f 327//304 282//303 382//355
f 327//304 383//356 283//267
f 384//357 328//358 284//306
f 284//306 329//305 384//357
f 383//356 329//305 283//267
f 385//359 330//307 285//270
f 330//307 331//308 238//223
f 386//30 285//30 328//30
f 387//360 286//271 331//308
f 209//196 332//309 299//281
f 388//361 332//309 286//271
f 333//311 287//310 389//362
f 334//312 240//225 335//313
f 334//312 390//363 288//273
f 289//274 288//273 390//363
f 335//313 242//228 391//364
f 336//314 289//274 392//365
f 336//30 393//30 241//30
f 241//30 394//30 337//30
f 337//366 395//367 290//354
f 291//315 325//300 396//368
f 242//228 338//316 391//364
f 292//276 397//369 338//316
f 345//30 157//30 339//30
f 398//370 339//371 293//318
f 293//318 340//317 398//370
f 340//317 294//320 359//338
f 341//322 295//321 399//372
f 296//277 244//323 341//322
f 342//324 296//277 400//373
f 349//329 342//324 401//374
f 298//279 402//375 343//325
f 343//325 344//326 246//231
f 332//309 403//376 298//279
f 344//326 404//377 248//280
f 405//378 287//310 247//379
f 300//380 406//381 407//382
f 406//381 300//380 345//383
f 346//30 248//30 408//30
f 346//384 409//385 301//386
f 347//30 301//30 410//30
f 302//282 347//327 411//387
f 292//276 302//282 412//388
f 291//315 399//372 295//321
f 342//324 349//329 297//278
f 349//329 413//389 348//328
f 413//389 414//390 348//328
f 414//390 350//330 348//328
f 353//332 352//331 415//391
f 306//287 416//392 352//331
f 417//393 255//242 353//332
f 255//242 417//393 304//285
f 418//394 307//288 309//334
f 354//333 307//288 418//394
f 309//334 355//335 418//394
f 309//334 261//290 355//335
f 356//395 417//393 419//396
f 356//395 304//285 417//393
f 304//285 356//395 305//286
f 333//311 420//397 310//292
f 310//292 421//398 262//248
f 311//293 262//248 421//398
f 421//398 357//336 311//293
f 312//294 422//399 359//338
f 361//341 313//340 360//339
f 360//339 308//289 354//333
f 363//343 362//342 361//341
f 423//400 316//298 364//344
f 316//298 423//400 365//345
f 364//344 315//297 363//343
f 269//256 366//346 358//337
f 368//348 369//350 367//347
f 320//349 373//353 317//299
f 396//368 367//347 369//350
f 370//351 424//401 369//350
f 317//299 425//402 370//351
f 372//352 426//403 373//353
f 375//404 426//403 372//352
f 325//300 280//301 367//347
f 382//355 431//405 327//304
f 383//356 327//304 431//405
f 328//358 384//357 432//406
f 433//407 384//357 329//305
f 329//305 383//356 433//407
f 330//307 385//359 434//408
f 435//30 385//30 285//30
f 331//308 330//307 436//409
f 437//30 285//30 386//30
f 386//410 432//406 438//411
f 286//271 387//360 388//361
f 436//409 387//360 331//308
f 332//309 388//361 439//412
f 287//310 405//378 389//362
f 389//362 440//413 333//311
f 335//313 441//414 334//312
f 390//363 334//312 442//415
f 390//363 392//365 289//274
f 391//364 443//416 335//313
f 392//365 444//417 336//314
f 336//30 445//30 393//30
f 241//30 393//30 446//30
f 241//30 446//30 394//30
f 394//418 447//419 337//366
f 395//367 337//366 447//419
f 382//355 290//354 395//367
f 367//347 396//368 325//300
f 399//372 291//315 396//368
f 448//420 391//364 338//316
f 397//369 292//276 412//388
f 449//421 338//316 397//369
f 450//422 345//383 339//371
f 339//371 398//370 450//422
f 451//423 398//370 340//317
f 359//338 451//423 340//317
f 399//372 452//424 341//322
f 400//373 341//322 452//424
f 341//322 400//373 296//277
f 402//375 298//279 403//376
f 402//375 453//425 343//325
f 344//326 343//325 453//425
f 403//376 332//309 439//412
f 404//377 344//326 454//426
f 455//30 248//30 404//30
f 247//379 407//382 405//378
f 407//382 456//427 457//428
f 407//382 247//379 300//380
f 456//427 407//382 406//381
f 408//30 248//30 458//30
f 408//429 459//430 346//384
f 409//385 346//384 459//430
f 409//385 410//431 301//386
f 347//30 410//30 460//30
f 461//432 411//387 347//327
f 411//387 412//388 302//282
f 413//389 349//329 401//374
f 462//433 414//390 413//389
f 463//434 462//433 413//389
f 352//331 465//435 415//391
f 353//332 415//391 466//436
f 353//332 466//436 467//437
f 352//331 416//392 465//435
f 416//392 306//287 357//336
f 417//393 353//332 467//437
f 355//335 305//286 356//395
f 355//335 469//438 418//394
f 417//393 467//437 419//396
f 356//395 419//396 469//438
f 420//397 333//311 440//413
f 421//398 310//292 420//397
f 357//336 421//398 470//439
f 357//336 471//440 416//392
f 473//441 422//399 472//442
f 422//399 312//294 358//337
f 358//337 472//442 422//399
f 451//423 359//338 422//399
f 365//345 423//400 476//443
f 472//442 358//337 366//346
f 369//350 399//372 396//368
f 424//401 370//351 425//402
f 399//372 369//350 424//401
f 425//402 317//299 373//353
f 373//353 477//444 425//402
f 477//444 373//353 426//403
f 375//404 463//434 426//403
f 431//405 382//355 482//445
f 432//406 386//410 328//358
f 384//357 433//407 483//446
f 484//447 433//407 383//356
f 485//448 434//408 385//359
f 434//408 436//409 330//307
f 486//30 385//30 435//30
f 435//30 285//30 487//30
f 487//30 285//30 437//30
f 438//411 437//449 386//410
f 489//450 388//361 387//360
f 387//360 436//409 490//451
f 491//452 439//412 388//361
f 405//378 492//453 389//362
f 440//413 389//362 492//453
f 441//414 335//313 443//416
f 493//454 334//312 441//414
f 334//312 493//454 442//415
f 442//415 494//455 390//363
f 392//365 390//363 494//455
f 443//416 391//364 495//456
f 444//417 392//365 496//457
f 444//30 497//30 336//30
f 336//30 498//30 445//30
f 393//458 499//459 446//460
f 446//460 500//461 394//418
f 447//419 394//418 500//461
f 447//419 501//462 395//367
f 395//367 482//445 382//355
f 391//364 448//420 495//456
f 338//316 449//421 448//420
f 502//463 397//369 412//388
f 397//369 503//464 449//421
f 504//465 406//381 450//422
f 345//383 450//422 406//381
f 505//466 450//422 398//370
f 398//370 451//423 505//466
f 452//424 399//372 424//401
f 452//424 506//467 400//373
f 403//376 507//468 402//375
f 453//425 402//375 508//469
f 453//425 454//426 344//326
f 439//412 509//470 403//376
f 454//426 510//471 404//377
f 458//30 248//30 455//30
f 455//30 404//30 511//30
f 457//428 405//378 407//382
f 406//381 504//465 456//427
f 458//472 513//473 408//429
f 459//430 408//429 513//473
f 459//430 514//474 409//385
f 410//431 409//385 515//475
f 515//475 460//476 410//431
f 347//30 460//30 516//30
f 411//387 461//432 517//477
f 347//30 518//30 461//30
f 412//388 411//387 502//463
f 401//374 463//434 413//389
f 462//433 463//434 375//404
f 463//434 401//374 506//467
f 401//374 400//373 506//467
f 416//392 471//440 519//478
f 465//435 416//392 519//478
f 355//335 356//395 469//438
f 440//413 521//479 420//397
f 521//479 440//413 522//480
f 420//397 470//439 421//398
f 471//440 357//336 470//439
f 422//399 473//441 451//423
f 473//441 505//466 451//423
f 365//345 476//443 523//481
f 477//444 424//401 425//402
f 424//401 477//444 452//424
f 426//403 506//467 477//444
f 506//467 426//403 463//434
f 529//482 482//445 530//483
f 483//446 432//406 384//357
f 433//407 484//447 531//484
f 431//405 484//447 383//356
f 434//408 485//448 532//485
f 533//30 485//30 385//30
f 436//409 434//408 534//486
f 535//30 385//30 486//30
f 435//487 536//488 486//489
f 487//490 537//491 435//487
f 538//492 487//490 437//449
f 437//449 438//411 538//492
f 432//406 483//446 488//493
f 488//493 438//411 432//406
f 388//361 489//450 491//452
f 387//360 539//494 489//450
f 534//486 490//451 436//409
f 539//494 387//360 490//451
f 439//412 491//452 540//495
f 492//453 405//378 541//496
f 492//453 522//480 440//413
f 522//480 492//453 542//497
f 543//498 441//414 443//416
f 544//499 493//454 441//414
f 545//500 442//415 493//454
f 494//455 442//415 546//501
f 494//455 496//457 392//365
f 547//502 443//416 495//456
f 496//457 548//503 444//417
f 444//30 549//30 497//30
f 336//30 497//30 498//30
f 550//504 445//505 498//506
f 499//459 393//458 551//507
f 500//461 446//460 499//459
f 500//461 552//508 447//419
f 501//462 447//419 552//508
f 482//445 395//367 501//462
f 553//509 495//456 448//420
f 554//510 448//420 449//421
f 397//369 502//463 555//511
f 503//464 397//369 555//511
f 556//512 449//421 503//464
f 450//422 505//466 504//465
f 506//467 452//424 477//444
f 507//468 403//376 509//470
f 557//513 402//375 507//468
f 402//375 557//513 508//469
f 508//469 558//514 453//425
f 454//426 453//425 558//514
f 509//470 439//412 540//495
f 510//471 454//426 559//515
f 560//30 404//30 510//30
f 455//516 561//517 458//472
f 561//517 455//516 562//518
f 511//30 404//30 563//30
f 511//519 562//518 455//516
f 405//378 457//428 541//496
f 512//520 457//428 456//427
f 456//427 564//521 512//520
f 513//473 458//472 561//517
f 561//517 565//522 513//473
f 513//473 566//523 459//430
f 514//474 459//430 566//523
f 514//474 515//475 409//385
f 460//476 515//475 567//524
f 567//524 516//525 460//476
f 347//30 516//30 518//30
f 568//526 517//477 461//432
f 517//477 502//463 411//387
f 461//30 518//30 569//30
f 400//373 401//374 342//324
f 519//478 471//440 571//527
f 573//528 521//479 522//480
f 521//479 573//528 574//529
f 470//439 420//397 521//479
f 522//480 575//530 573//528
f 470//439 574//529 471//440
f 505//466 473//441 576//531
f 523//481 524//532 578//533
f 523//481 476//443 524//532
f 501//462 530//483 482//445
f 529//482 587//534 588//535
f 587//534 529//482 530//483
f 484//447 431//405 529//482
f 482//445 529//482 431//405
f 483//446 531//484 589//536
f 531//484 483//446 433//407
f 484//447 590//537 531//484
f 590//537 484//447 591//538
f 485//448 592//539 532//485
f 532//485 534//486 434//408
f 593//30 485//30 533//30
f 533//30 385//30 535//30
f 486//489 594//540 535//541
f 536//488 435//487 537//491
f 594//540 486//489 536//488
f 537//491 487//490 595//542
f 487//490 538//492 595//542
f 596//543 538//492 438//411
f 488//493 589//536 597//544
f 438//411 488//493 596//543
f 598//545 491//452 489//450
f 599//546 489//450 539//494
f 490//451 534//486 600//547
f 490//451 601//548 539//494
f 602//549 540//495 491//452
f 541//496 542//497 492//453
f 542//497 541//496 603//550
f 441//414 543//498 544//499
f 443//416 547//502 543//498
f 493//454 544//499 604//551
f 442//415 545//500 546//501
f 493//454 605//552 545//500
f 606//553 494//455 546//501
f 496//457 494//455 607//554
f 495//456 553//509 547//502
f 496//457 608//555 548//503
f 549//30 444//30 548//30
f 609//556 497//557 549//558
f 445//505 550//504 611//559
f 498//506 610//560 550//504
f 393//458 611//559 551//507
f 551//507 612//561 499//459
f 499//459 613//562 500//461
f 552//508 500//461 613//562
f 552//508 614//563 501//462
f 448//420 554//510 553//509
f 449//421 556//512 554//510
f 616//564 555//511 502//463
f 555//511 617//565 503//464
f 503//464 618//566 556//512
f 576//531 504//465 505//466
f 619//567 507//468 509//470
f 620//568 557//513 507//468
f 621//569 508//469 557//513
f 558//514 508//469 622//570
f 558//514 559//515 454//426
f 623//571 509//470 540//495
f 559//515 624//572 510//471
f 625//30 404//30 560//30
f 560//30 510//30 626//30
f 563//30 404//30 625//30
f 563//573 627//574 511//519
f 562//518 511//519 627//574
f 541//496 628//575 603//550
f 457//428 512//520 628//575
f 629//576 630//577 631//578
f 564//521 631//578 512//520
f 631//578 564//521 629//576
f 564//521 456//427 504//465
f 504//465 576//531 564//521
f 565//522 561//517 632//579
f 632//579 633//580 565//522
f 566//523 513//473 565//522
f 566//523 634//581 514//474
f 515//475 514//474 635//582
f 635//582 567//524 515//475
f 516//525 567//524 636//583
f 517//477 568//526 637//584
f 461//30 638//30 568//526
f 502//463 517//477 616//564
f 461//30 569//30 639//30
f 571//527 471//440 574//529
f 641//585 574//529 573//528
f 574//529 470//439 521//479
f 575//530 522//480 542//497
f 644//586 573//528 575//530
f 473//441 645//587 576//531
f 645//587 473//441 646//588
f 578//533 579//589 646//588
f 646//588 579//589 580//590
f 578//533 524//532 579//589
f 366//346 365//345 523//481
f 523//481 472//442 366//346
f 365//345 366//346 314//296
f 530//483 501//462 614//563
f 591//538 529//482 588//535
f 530//483 653//591 587//534
f 587//534 654//592 588//535
f 531//484 655//593 589//536
f 655//593 531//484 590//537
f 656//594 589//536 655//593
f 589//536 488//493 483//446
f 591//538 657//595 590//537
f 529//482 591//538 484//447
f 485//30 593//30 592//30
f 592//539 608//555 532//485
f 534//486 532//485 658//596
f 533//597 659//598 593//599
f 535//541 660//600 533//597
f 660//600 535//541 594//540
f 537//491 661//601 536//488
f 536//488 662//602 594//540
f 595//542 663//603 537//491
f 664//604 595//542 538//492
f 538//492 596//543 664//604
f 665//605 656//594 655//593
f 589//536 656//594 597//544
f 597//544 596//543 488//493
f 491//452 598//545 602//549
f 489//450 599//546 598//545
f 539//494 666//606 599//546
f 534//486 667//607 600//547
f 601//548 490//451 600//547
f 666//606 539//494 601//548
f 540//495 602//549 623//571
f 668//608 544//499 543//498
f 669//609 543//498 547//502
f 670//610 604//551 544//499
f 605//552 493//454 604//551
f 671//611 546//501 545//500
f 672//612 545//500 605//552
f 494//455 606//553 607//554
f 546//501 671//611 606//553
f 607//554 673//613 496//457
f 674//614 547//502 553//509
f 608//555 496//457 673//613
f 675//615 548//616 608//617
f 676//618 549//558 548//616
f 497//557 609//556 610//560
f 549//558 676//618 609//556
f 610//560 498//506 497//557
f 677//619 611//559 550//504
f 611//559 393//458 445//505
f 679//620 551//507 611//559
f 612//561 551//507 680//621
f 613//562 499//459 612//561
f 613//562 615//622 552//508
f 614//563 552//508 615//622
f 682//623 653//591 683//624
f 683//624 614//563 615//622
f 614//563 683//624 653//591
f 653//591 684//625 587//534
f 653//591 530//483 614//563
f 685//626 553//509 554//510
f 686//627 554//510 556//512
f 555//511 616//564 687//628
f 617//565 555//511 687//628
f 618//566 503//464 617//565
f 688//629 556//512 618//566
f 507//468 619//567 620//568
f 509//470 623//571 619//567
f 557//513 620//568 689//630
f 508//469 621//569 622//570
f 557//513 690//631 621//569
f 691//632 558//514 622//570
f 559//515 558//514 692//633
f 559//515 693//634 624//572
f 694//30 510//30 624//30
f 695//635 625//636 560//637
f 626//30 510//30 696//30
f 697//638 560//637 626//639
f 625//636 698//640 563//573
f 627//574 563//573 698//640
f 627//574 699//641 562//518
f 700//642 701//643 702//644
f 702//644 603//550 628//575
f 603//550 702//644 701//643
f 628//575 541//496 457//428
f 631//578 628//575 512//520
f 628//575 631//578 702//644
f 645//587 649//645 629//576
f 630//577 702//644 631//578
f 649//645 630//577 629//576
f 576//531 629//576 564//521
f 629//576 576//531 645//587
f 562//518 632//579 561//517
f 704//646 633//580 703//647
f 633//580 632//579 703//647
f 705//648 565//522 633//580
f 565//522 705//648 566//523
f 634//581 566//523 705//648
f 634//581 635//582 514//474
f 567//524 635//582 706//649
f 636//583 518//650 516//525
f 707//651 637//584 568//526
f 637//584 616//564 517//477
f 461//30 708//30 638//30
f 568//526 638//30 709//30
f 710//652 639//653 569//654
f 461//30 639//30 708//30
f 641//585 573//528 644//586
f 644//586 575//530 713//655
f 571//527 574//529 641//585
f 542//497 701//643 575//530
f 713//655 575//530 701//643
f 646//588 648//656 645//587
f 472//442 646//588 473//441
f 646//588 472//442 578//533
f 472//442 523//481 578//533
f 646//588 580//590 648//656
f 645//587 648//656 649//645
f 588//535 724//657 591//538
f 587//534 684//625 654//592
f 725//658 655//593 590//537
f 726//659 657//595 591//538
f 727//660 726//659 591//538
f 724//657 727//660 591//538
f 593//599 728//661 592//662
f 592//662 675//615 608//617
f 608//555 673//613 532//485
f 673//613 658//596 532//485
f 667//607 534//486 658//596
f 660//600 729//663 659//598
f 659//598 533//597 660//600
f 728//661 593//599 659//598
f 594//540 730//664 660//600
f 661//601 537//491 663//603
f 662//602 536//488 661//601
f 730//664 594//540 662//602
f 663//603 595//542 731//665
f 595//542 664//604 731//665
f 664//604 732//666 733//667
f 665//605 734//668 656//594
f 725//658 665//605 655//593
f 656//594 732//666 597//544
f 596//543 597//544 732//666
f 735//669 602//549 598//545
f 736//670 598//545 599//546
f 737//671 599//546 666//606
f 738//672 600//547 667//607
f 600//547 738//672 601//548
f 601//548 739//673 666//606
f 740//674 623//571 602//549
f 544//499 668//608 670//610
f 543//498 669//609 668//608
f 547//502 674//614 669//609
f 604//551 670//610 741//675
f 604//551 742//676 605//552
f 545//500 672//612 671//611
f 605//552 743//677 672//612
f 744//678 607//554 606//553
f 745//679 606//553 671//611
f 673//613 607//554 746//680
f 553//509 685//626 674//614
f 548//616 675//615 676//618
f 747//681 609//556 676//618
f 748//682 610//560 609//556
f 611//559 677//619 679//620
f 550//504 678//683 677//619
f 678//683 550//504 610//560
f 610//560 748//682 678//683
f 551//507 679//620 680//621
f 680//621 749//684 612//561
f 681//685 612//561 749//684
f 612//561 681//685 613//562
f 615//622 613//562 681//685
f 684//625 653//591 682//623
f 754//686 683//624 753//687
f 682//623 683//624 754//686
f 615//622 753//687 683//624
f 554//510 686//627 685//626
f 556//512 688//629 686//627
f 616//564 755//688 687//628
f 687//628 756//689 617//565
f 617//565 757//690 618//566
f 618//566 758//691 688//629
f 759//692 620//568 619//567
f 760//693 619//567 623//571
f 761//694 689//630 620//568
f 690//631 557//513 689//630
f 762//695 622//570 621//569
f 763//696 621//569 690//631
f 558//514 691//632 692//633
f 622//570 762//695 691//632
f 692//633 764//697 559//515
f 693//634 559//515 765//698
f 766//699 624//572 693//634
f 696//30 510//30 694//30
f 767//700 694//701 624//572
f 625//636 695//635 768//702
f 560//637 697//638 695//635
f 769//703 626//639 696//704
f 626//639 769//703 697//638
f 698//640 625//636 768//702
f 698//640 770//705 627//574
f 699//641 627//574 770//705
f 632//579 562//518 699//641
f 700//642 702//644 630//577
f 701//643 542//497 603//550
f 633//580 704//646 771//706
f 703//647 772//707 704//646
f 773//708 634//581 705//648
f 634//581 773//708 774//709
f 635//582 634//581 775//710
f 775//710 706//649 635//582
f 706//649 775//710 776//711
f 706//649 636//583 567//524
f 518//650 636//583 777//712
f 637//584 707//651 778//713
f 568//526 779//30 707//651
f 616//564 637//584 780//714
f 781//715 638//716 708//717
f 638//716 782//718 709//719
f 568//526 709//30 783//30
f 639//653 710//652 784//720
f 569//654 777//712 710//652
f 784//720 708//717 639//653
f 713//655 701//643 700//642
f 588//535 654//592 724//657
f 657//595 725//658 590//537
f 675//615 592//662 728//661
f 658//596 673//613 746//680
f 658//596 744//678 667//607
f 729//663 660//600 730//664
f 797//721 659//598 729//663
f 659//598 797//721 728//661
f 663//603 798//722 661//601
f 798//722 663//603 799//723
f 661//601 800//724 662//602
f 800//724 661//601 798//722
f 662//602 801//725 730//664
f 731//665 799//723 663//603
f 731//665 733//667 802//726
f 733//667 731//665 664//604
f 734//668 733//667 732//666
f 733//667 734//668 803//727
f 732//666 664//604 596//543
f 804//728 803//727 734//668
f 804//728 734//668 665//605
f 732//666 656//594 734//668
f 602//549 735//669 740//674
f 598//545 736//670 735//669
f 599//546 737//671 736//670
f 666//606 805//729 737//671
f 667//607 745//679 738//672
f 739//673 601//548 738//672
f 805//729 666//606 739//673
f 623//571 740//674 760//693
f 806//730 670//610 668//608
f 807//731 668//608 669//609
f 808//732 669//609 674//614
f 809//733 741//675 670//610
f 742//676 604//551 741//675
f 743//677 605//552 742//676
f 672//612 745//679 671//611
f 810//734 672//612 743//677
f 607//554 744//678 746//680
f 606//553 745//679 744//678
f 811//735 674//614 685//626
f 812//736 676//618 675//615
f 609//556 747//681 748//682
f 676//618 812//736 747//681
f 749//684 680//621 750//737
f 754//686 752//738 816//739
f 752//738 754//686 753//687
f 816//739 749//684 750//737
f 749//684 816//739 752//738
f 680//621 751//740 750//737
f 752//738 681//685 749//684
f 817//741 816//739 818//742
f 818//742 750//737 751//740
f 750//737 818//742 816//739
f 751//740 680//621 679//620
f 753//687 615//622 681//685
f 681//685 752//738 753//687
f 819//743 685//626 686//627
f 820//744 686//627 688//629
f 755//688 616//564 780//714
f 756//689 687//628 755//688
f 757//690 617//565 756//689
f 758//691 618//566 757//690
f 821//745 688//629 758//691
f 620//568 759//692 761//694
f 619//567 760//693 759//692
f 689//630 761//694 822//746
f 689//630 823//747 690//631
f 621//569 763//696 762//695
f 690//631 824//748 763//696
f 825//749 692//633 691//632
f 826//750 691//632 762//695
f 764//697 692//633 827//751
f 764//697 765//698 559//515
f 765//698 766//699 693//634
f 624//572 766//699 767//700
f 694//701 767//700 828//752
f 829//753 768//702 695//635
f 830//754 695//635 697//638
f 696//704 828//752 769//703
f 769//703 831//755 832//756
f 697//638 832//756 830//754
f 832//756 697//638 769//703
f 768//702 833//757 698//640
f 770//705 698//640 833//757
f 770//705 834//758 699//641
f 834//758 770//705 835//759
f 699//641 703//647 632//579
f 836//760 771//706 704//646
f 771//706 705//648 633//580
f 772//707 703//647 834//758
f 703//647 699//641 834//758
f 837//761 704//646 772//707
f 838//762 773//708 771//706
f 705//648 771//706 773//708
f 774//709 773//708 839//763
f 774//709 775//710 634//581
f 775//710 774//709 840//764
f 840//764 774//709 841//765
f 636//583 706//649 842//766
f 776//711 842//766 706//649
f 777//712 569//654 518//650
f 707//651 844//767 778//713
f 637//584 778//713 844//767
f 568//526 783//30 779//30
f 779//768 845//769 707//651
f 764//697 780//714 637//584
f 638//716 781//715 846//770
f 708//717 784//720 781//715
f 782//718 638//716 846//770
f 847//771 709//719 782//718
f 709//719 847//771 783//772
f 848//773 784//720 710//652
f 849//774 710//652 777//712
f 728//661 812//736 675//615
f 744//678 658//596 746//680
f 745//679 667//607 744//678
f 730//664 866//775 729//663
f 812//736 728//661 797//721
f 801//725 662//602 800//724
f 866//775 730//664 801//725
f 799//723 731//665 802//726
f 803//727 802//726 733//667
f 868//776 803//727 804//728
f 869//777 740//674 735//669
f 870//778 735//669 736//670
f 871//779 736//670 737//671
f 872//780 737//671 805//729
f 873//781 738//672 745//679
f 738//672 873//781 739//673
f 739//673 810//734 805//729
f 874//782 760//693 740//674
f 670//610 806//730 809//733
f 668//608 807//731 806//730
f 669//609 808//732 807//731
f 674//614 811//735 808//732
f 741//675 809//733 875//783
f 741//675 876//784 742//676
f 742//676 877//785 743//677
f 745//679 672//612 873//781
f 672//612 810//734 873//781
f 743//677 878//786 810//734
f 685//626 819//743 811//735
f 879//787 748//682 747//681
f 880//788 747//681 812//736
f 813//789 679//620 677//619
f 814//790 677//619 678//683
f 677//619 814//790 813//789
f 815//791 678//683 748//682
f 678//683 815//791 814//790
f 748//682 879//787 815//791
f 679//620 813//789 751//740
f 754//686 816//739 861//792
f 817//741 818//742 792//793
f 751//740 881//794 818//742
f 686//627 820//744 819//743
f 688//629 821//745 820//744
f 827//751 755//688 780//714
f 825//749 756//689 755//688
f 756//689 882//795 757//690
f 882//795 758//691 757//690
f 883//796 821//745 758//691
f 884//797 761//694 759//692
f 885//798 759//692 760//693
f 886//799 822//746 761//694
f 823//747 689//630 822//746
f 824//748 690//631 823//747
f 882//795 762//695 763//696
f 883//796 763//696 824//748
f 692//633 825//749 827//751
f 691//632 826//750 825//749
f 762//695 882//795 826//750
f 780//714 764//697 827//751
f 764//697 637//584 844//767
f 764//697 844//767 765//698
f 707//651 766//699 844//767
f 844//767 766//699 765//698
f 887//800 767//700 766//699
f 888//801 828//752 767//700
f 828//752 696//704 694//701
f 768//702 829//753 889//802
f 695//635 830//754 829//753
f 831//755 769//703 828//752
f 890//803 832//756 831//755
f 830//754 891//804 892//805
f 832//756 890//803 891//804
f 890//803 893//806 891//804
f 891//804 830//754 832//756
f 833//757 768//702 889//802
f 833//757 835//759 770//705
f 835//759 833//757 894//807
f 836//760 704//646 837//761
f 834//758 895//808 772//707
f 896//809 772//707 895//808
f 837//761 772//707 896//809
f 838//762 771//706 836//760
f 839//763 773//708 838//762
f 841//765 774//709 897//810
f 897//810 774//709 898//811
f 898//811 774//709 839//763
f 899//812 775//710 840//764
f 840//764 841//765 900//813
f 776//711 901//814 843//815
f 842//766 776//711 843//815
f 842//766 777//712 636//583
f 775//710 899//812 776//711
f 901//814 776//711 899//812
f 901//814 902//816 843//815
f 843//815 849//774 842//766
f 777//712 842//766 849//774
f 783//772 903//817 779//768
f 845//769 779//768 903//817
f 766//699 707//651 845//769
f 904//818 846//770 781//715
f 905//819 781//715 784//720
f 846//770 906//820 782//718
f 782//718 907//821 847//771
f 903//817 783//772 847//771
f 784//720 848//773 905//819
f 710//652 849//774 848//773
f 792//793 881//794 860//822
f 861//792 816//739 817//741
f 867//823 729//663 866//775
f 880//788 797//721 867//823
f 729//663 867//823 797//721
f 797//721 880//788 812//736
f 868//776 934//824 803//727
f 934//824 799//723 802//726
f 802//726 803//727 934//824
f 740//674 869//777 874//782
f 735//669 870//778 869//777
f 736//670 871//779 870//778
f 737//671 872//780 871//779
f 805//729 878//786 872//780
f 810//734 739//673 873//781
f 878//786 805//729 810//734
f 760//693 874//782 885//798
f 937//825 809//733 806//730
f 938//826 806//730 807//731
f 939//827 807//731 808//732
f 940//828 808//732 811//735
f 941//829 875//783 809//733
f 876//784 741//675 875//783
f 877//785 742//676 876//784
f 878//786 743//677 877//785
f 942//830 811//735 819//743
f 747//681 880//788 879//787
f 860//822 881//794 943//831
f 943//831 813//789 814//790
f 813//789 943//831 881//794
f 881//794 751//740 813//789
f 815//791 943//831 814//790
f 879//787 944//832 815//791
f 792//793 818//742 881//794
f 946//833 819//743 820//744
f 947//834 820//744 821//745
f 755//688 827//751 825//749
f 756//689 825//749 826//750
f 882//795 756//689 826//750
f 758//691 882//795 883//796
f 821//745 883//796 948//835
f 761//694 884//797 886//799
f 759//692 885//798 884//797
f 822//746 886//799 949//836
f 822//746 950//837 823//747
f 823//747 951//838 824//748
f 763//696 883//796 882//795
f 824//748 948//835 883//796
f 767//700 887//800 888//801
f 845//769 887//800 766//699
f 828//752 888//801 831//755
f 889//802 952//839 953//840
f 952//839 889//802 829//753
f 829//753 892//805 952//839
f 893//806 890//803 957//841
f 958//842 959//843 893//806
f 893//806 892//805 891//804
f 892//805 893//806 959//843
f 892//805 829//753 830//754
f 958//842 893//806 957//841
f 889//802 894//807 833//757
f 960//844 835//759 894//807
f 835//759 960//844 895//808
f 960//844 961//845 895//808
f 894//807 955//846 960//844
f 895//808 834//758 835//759
f 896//809 895//808 961//845
f 899//812 840//764 900//813
f 849//774 843//815 902//816
f 901//814 899//812 963//847
f 902//816 901//814 964//848
f 963//847 964//848 901//814
f 847//771 965//849 903//817
f 903//817 966//850 845//769
f 846//770 904//818 967//851
f 781//715 905//819 904//818
f 906//820 846//770 967//851
f 907//821 782//718 906//820
f 965//849 847//771 907//821
f 902//816 848//773 849//774
f 848//773 902//816 968//852
f 944//832 924//853 860//822
f 994//854 995//855 933//856
f 933//856 867//823 866//775
f 867//823 933//856 995//855
f 995//855 880//788 867//823
f 880//788 995//855 996//857
f 932//858 866//775 801//725
f 801//725 997//859 932//858
f 866//775 932//858 933//856
f 934//824 868//776 998//860
f 799//723 934//824 998//860
f 935//861 998//860 868//776
f 936//862 999//863 935//861
f 869//777 1002//864 874//782
f 1003//865 869//777 870//778
f 1004//866 870//778 871//779
f 1005//867 871//779 872//780
f 1006//868 872//780 878//786
f 1002//864 885//798 874//782
f 809//733 937//825 941//829
f 806//730 938//826 937//825
f 807//731 939//827 938//826
f 808//732 940//828 939//827
f 811//735 942//830 940//828
f 875//783 941//829 1007//869
f 875//783 1008//870 876//784
f 876//784 1009//871 877//785
f 877//785 1006//868 878//786
f 819//743 946//833 942//830
f 945//872 996//857 979//873
f 945//872 880//788 996//857
f 880//788 945//872 879//787
f 943//831 944//832 860//822
f 943//831 815//791 944//832
f 944//832 945//872 924//853
f 944//832 879//787 945//872
f 820//744 947//834 946//833
f 948//835 947//834 821//745
f 1010//874 886//799 884//797
f 885//798 1010//874 884//797
f 1011//875 949//836 886//799
f 950//837 822//746 949//836
f 951//838 823//747 950//837
f 948//835 824//748 951//838
f 1012//876 888//801 887//800
f 887//800 845//769 966//850
f 956//877 831//755 888//801
f 954//878 953//840 952//839
f 952//839 959//843 954//878
f 1013//879 955//846 954//878
f 953//840 954//878 955//846
f 961//845 960//844 955//846
f 955//846 894//807 953//840
f 894//807 889//802 953//840
f 1014//880 954//878 959//843
f 959//843 952//839 892//805
f 1015//881 957//841 1016//882
f 956//877 957//841 890//803
f 957//841 956//877 1016//882
f 831//755 956//877 890//803
f 1015//881 958//842 957//841
f 899//812 900//813 963//847
f 964//848 968//852 902//816
f 1017//883 1018//884 964//848
f 966//850 903//817 965//849
f 1019//885 967//851 904//818
f 967//851 1019//885 1020//886
f 1021//887 904//818 905//819
f 904//818 1021//887 1019//885
f 967//851 1022//888 906//820
f 906//820 1023//889 907//821
f 1024//890 907//821 1023//889
f 907//821 1024//890 965//849
f 968//852 905//819 848//773
f 905//819 968//852 1021//887
f 1018//884 1021//887 968//852
f 968//852 964//848 1018//884
f 978//891 995//855 1065//892
f 945//872 979//873 924//853
f 979//873 996//857 978//891
f 1078//893 933//856 932//858
f 994//854 933//856 1078//893
f 996//857 995//855 978//891
f 997//859 801//725 800//724
f 1000//894 932//858 997//859
f 998//860 798//722 799//723
f 935//861 999//863 998//860
f 936//862 997//859 999//863
f 1000//894 997//859 936//862
f 1002//864 869//777 1079//895
f 869//777 1003//865 1079//895
f 870//778 1004//866 1003//865
f 871//779 1005//867 1004//866
f 872//780 1006//868 1005//867
f 885//798 1002//864 1080//896
f 1081//897 941//829 937//825
f 1082//898 937//825 938//826
f 1083//899 938//826 939//827
f 1084//900 939//827 940//828
f 1085//901 940//828 942//830
f 1086//902 1007//869 941//829
f 1008//870 875//783 1007//869
f 1009//871 876//784 1008//870
f 1006//868 877//785 1009//871
f 1087//903 942//830 946//833
f 1088//904 946//833 947//834
f 947//834 948//835 1089//905
f 886//799 1010//874 1011//875
f 1010//874 885//798 1080//896
f 949//836 1011//875 1090//906
f 949//836 1091//907 950//837
f 950//837 1092//908 951//838
f 951//838 1089//905 948//835
f 888//801 1012//876 956//877
f 966//850 1012//876 887//800
f 1013//879 954//878 1014//880
f 961//845 955//846 1013//879
f 1014//880 959//843 958//842
f 1093//909 1015//881 1016//882
f 1012//876 1016//882 956//877
f 1094//910 1018//884 1017//883
f 1094//910 1025//911 1018//884
f 1017//883 964//848 963//847
f 1096//912 1097//913 1024//890
f 1097//913 965//849 1024//890
f 965//849 1097//913 966//850
f 1022//888 967//851 1020//886
f 1098//914 1099//915 1095//916
f 1095//916 1020//886 1019//885
f 1020//886 1095//916 1099//915
f 1021//887 1018//884 1025//911
f 1025//911 1019//885 1021//887
f 1019//885 1025//911 1095//916
f 1023//889 906//820 1022//888
f 1023//889 1100//917 1101//918
f 1101//918 1102//919 1096//912
f 1024//890 1101//918 1096//912
f 1101//918 1024//890 1023//889
f 1065//892 995//855 994//854
f 1078//893 932//858 1000//894
f 800//724 999//863 997//859
f 798//722 998//860 999//863
f 999//863 800//724 798//722
f 1177//920 1002//864 1079//895
f 1178//921 1079//895 1003//865
f 1179//922 1003//865 1004//866
f 1180//923 1004//866 1005//867
f 1181//924 1005//867 1006//868
f 1182//925 1080//896 1002//864
f 941//829 1081//897 1086//902
f 937//825 1082//898 1081//897
f 938//826 1083//899 1082//898
f 939//827 1084//900 1083//899
f 940//828 1085//901 1084//900
f 942//830 1087//903 1085//901
f 1007//869 1086//902 1183//926
f 1007//869 1184//927 1008//870
f 1008//870 1185//928 1009//871
f 1009//871 1181//924 1006//868
f 946//833 1088//904 1087//903
f 1089//905 1088//904 947//834
f 1186//929 1011//875 1010//874
f 1187//930 1010//874 1080//896
f 1188//931 1090//906 1011//875
f 1091//907 949//836 1090//906
f 1092//908 950//837 1091//907
f 1089//905 951//838 1092//908
f 1189//932 1190//933 1016//882
f 1016//882 1012//876 1189//932
f 1012//876 966//850 1097//913
f 1190//933 1093//909 1016//882
f 1025//911 1094//910 1095//916
f 1096//912 1176//934 1191//935
f 1097//913 1096//912 1191//935
f 1192//936 1100//917 1099//915
f 1099//915 1022//888 1020//886
f 1022//888 1099//915 1100//917
f 1098//914 1095//916 1094//910
f 1193//937 1101//918 1100//917
f 1100//917 1023//889 1022//888
f 1102//919 1101//918 1193//937
f 1096//912 1102//919 1176//934
f 1002//864 1177//920 1182//925
f 1079//895 1178//921 1177//920
f 1003//865 1179//922 1178//921
f 1004//866 1180//923 1179//922
f 1005//867 1181//924 1180//923
f 1080//896 1182//925 1187//930
f 1244//938 1086//902 1081//897
f 1245//939 1081//897 1082//898
f 1246//940 1082//898 1083//899
f 1247//941 1083//899 1084//900
f 1248//942 1084//900 1085//901
f 1249//943 1085//901 1087//903
f 1250//944 1183//926 1086//902
f 1184//927 1007//869 1183//926
f 1185//928 1008//870 1184//927
f 1181//924 1009//871 1185//928
f 1251//945 1087//903 1088//904
f 1088//904 1089//905 1252//946
f 1011//875 1186//929 1188//931
f 1010//874 1187//930 1186//929
f 1090//906 1188//931 1253//947
f 1090//906 1254//948 1091//907
f 1091//907 1255//949 1092//908
f 1092//908 1252//946 1089//905
f 1191//935 1243//950 1189//932
f 1243//950 1190//933 1189//932
f 1012//876 1191//935 1189//932
f 1191//935 1012//876 1097//913
f 1192//936 1099//915 1098//914
f 1193//937 1100//917 1192//936
f 1191//935 1176//934 1243//950
f 1305//951 1182//925 1177//920
f 1306//952 1177//920 1178//921
f 1307//953 1178//921 1179//922
f 1308//954 1179//922 1180//923
f 1309//955 1180//923 1181//924
f 1310//956 1187//930 1182//925
f 1086//902 1244//938 1250//944
f 1081//897 1245//939 1244//938
f 1082//898 1246//940 1245//939
f 1083//899 1247//941 1246//940
f 1084//900 1248//942 1247//941
f 1085//901 1249//943 1248//942
f 1087//903 1251//945 1249//943
f 1183//926 1250//944 1311//957
f 1183//926 1312//958 1184//927
f 1184//927 1313//959 1185//928
f 1252//946 1251//945 1088//904
f 1314//960 1188//931 1186//929
f 1315//961 1186//929 1187//930
f 1316//962 1253//947 1188//931
f 1254//948 1090//906 1253//947
f 1255//949 1091//907 1254//948
f 1252//946 1092//908 1255//949
f 1182//925 1305//951 1310//956
f 1177//920 1306//952 1305//951
f 1178//921 1307//953 1306//952
f 1179//922 1308//954 1307//953
f 1180//923 1309//955 1308//954
f 1185//928 1309//955 1181//924
f 1187//930 1310//956 1315//961
f 1346//963 1250//944 1244//938
f 1347//964 1244//938 1245//939
f 1348//965 1245//939 1246//940
f 1349//966 1246//940 1247//941
f 1350//967 1247//941 1248//942
f 1249//943 1350//967 1248//942
f 1251//945 1351//968 1249//943
f 1352//969 1311//957 1250//944
f 1312//958 1183//926 1311//957
f 1313//959 1184//927 1312//958
f 1309//955 1185//928 1313//959
f 1251//945 1252//946 1353//970
f 1188//931 1314//960 1316//962
f 1186//929 1315//961 1314//960
f 1253//947 1316//962 1354//971
f 1253//947 1355//972 1254//948
f 1254//948 1356//973 1255//949
f 1255//949 1353//970 1252//946
f 1361//974 1310//956 1305//951
f 1362//975 1305//951 1306//952
f 1307//953 1362//975 1306//952
f 1308//954 1363//976 1307//953
f 1309//955 1364//977 1308//954
f 1365//978 1315//961 1310//956
f 1250//944 1346//963 1352//969
f 1244//938 1347//964 1346//963
f 1245//939 1348//965 1347//964
f 1246//940 1349//966 1348//965
f 1247//941 1350//967 1349//966
f 1350//967 1249//943 1351//968
f 1351//968 1251//945 1366//979
f 1311//957 1352//969 1367//980
f 1367//980 1312//958 1311//957
f 1368//981 1313//959 1312//958
f 1313//959 1369//982 1309//955
f 1353//970 1366//979 1251//945
f 1370//983 1316//962 1314//960
f 1371//984 1314//960 1315//961
f 1372//985 1354//971 1316//962
f 1355//972 1253//947 1354//971
f 1356//973 1254//948 1355//972
f 1353//970 1255//949 1356//973
f 1310//956 1361//974 1365//978
f 1305//951 1362//975 1361//974
f 1362//975 1307//953 1363//976
f 1363//976 1308//954 1364//977
f 1364//977 1309//955 1369//982
f 1315//961 1365//978 1371//984
f 1373//986 1352//969 1346//963
f 1346//963 1374//987 1375//988
f 1374//987 1346//963 1347//964
f 1348//965 1376//989 1374//987
f 1348//965 1374//987 1347//964
f 1377//990 1348//965 1349//966
f 1350//967 1377//990 1349//966
f 1351//968 1378//991 1350//967
f 1366//979 1379//992 1351//968
f 1352//969 1380//993 1367//980
f 1312//958 1367//980 1368//981
f 1313//959 1368//981 1381//994
f 1369//982 1313//959 1381//994
f 1366//979 1353//970 1382//995
f 1316//962 1370//983 1372//985
f 1314//960 1371//984 1370//983
f 1354//971 1372//985 1383//996
f 1383//996 1355//972 1354//971
f 1384//997 1356//973 1355//972
f 1385//998 1353//970 1356//973
f 1386//999 1365//978 1361//974
f 1387//1000 1361//974 1362//975
f 1363//976 1387//1000 1362//975
f 1364//977 1388//1001 1363//976
f 1369//982 1389//1002 1364//977
f 1390//1003 1371//984 1365//978
f 1352//969 1373//986 1391//1004
f 1392//1005 1373//986 1346//963
f 1374//1006 1393//1007 1375//1008
f 1346//963 1375//988 1392//1005
f 1376//1009 1398//1010 1374//1006
f 1394//1011 1396//1012 1374//1006
f 1399//1013 1394//1011 1398//1010
f 1398//1010 1394//1011 1374//1006
f 1401//1014 1399//1013 1398//1010
f 1348//965 1402//1015 1376//989
f 1376//1009 1401//1014 1398//1010
f 1399//1013 1401//1014 1400//1016
f 1348//965 1377//990 1403//1017
f 1377//990 1350//967 1378//991
f 1378//991 1351//968 1379//992
f 1379//992 1366//979 1404//1018
f 1380//993 1352//969 1391//1004
f 1380//993 1368//981 1367//980
f 1405//1019 1381//994 1368//981
f 1381//994 1406//1020 1369//982
f 1382//995 1404//1018 1366//979
f 1407//1021 1372//985 1370//983
f 1408//1022 1370//983 1371//984
f 1409//1023 1383//996 1372//985
f 1355//972 1383//996 1384//997
f 1356//973 1384//997 1385//998
f 1353//970 1385//998 1382//995
f 1365//978 1386//999 1390//1003
f 1361//974 1387//1000 1386//999
f 1387//1000 1363//976 1388//1001
f 1388//1001 1364//977 1389//1002
f 1389//1002 1369//982 1406//1020
f 1371//984 1390//1003 1408//1022
f 1410//1024 1391//1004 1373//986
f 1373//986 1392//1005 1411//1025
f 1374//1006 1396//1012 1393//1007
f 1375//1008 1393//1007 1392//1026
f 1393//1007 1412//1027 1392//1026
f 1392//1026 1412//1027 1411//1028
f 1412//1027 1396//1012 1395//1029
f 1396//1012 1412//1027 1393//1007
f 1395//1029 1413//1030 1412//1027
f 1402//1015 1348//965 1403//1017
f 1415//1031 1376//1009 1402//1032
f 1376//1009 1415//1031 1401//1014
f 1415//1031 1400//1016 1401//1014
f 1417//1033 1403//1017 1377//990
f 1418//1034 1377//990 1378//991
f 1379//992 1418//1034 1378//991
f 1404//1018 1419//1035 1379//992
f 1420//1036 1380//993 1391//1004
f 1368//981 1380//993 1405//1019
f 1381//994 1405//1019 1421//1037
f 1406//1020 1381//994 1421//1037
f 1404//1018 1382//995 1422//1038
f 1372//985 1407//1021 1409//1023
f 1370//983 1408//1022 1407//1021
f 1383//996 1409//1023 1423//1039
f 1423//1039 1384//997 1383//996
f 1424//1040 1385//998 1384//997
f 1425//1041 1382//995 1385//998
f 1426//1042 1390//1003 1386//999
f 1427//1043 1386//999 1387//1000
f 1388//1001 1427//1043 1387//1000
f 1389//1002 1428//1044 1388//1001
f 1406//1020 1429//1045 1389//1002
f 1430//1046 1408//1022 1390//1003
f 1391//1004 1410//1024 1420//1036
f 1431//1047 1410//1024 1373//986
f 1412//1027 1413//1030 1411//1028
f 1431//1047 1373//986 1411//1025
f 1413//1030 1395//1029 1432//1048
f 1403//1017 1436//1049 1402//1015
f 1400//1016 1415//1031 1437//1050
f 1415//1031 1402//1032 1436//1051
f 1403//1017 1417//1033 1439//1052
f 1377//990 1418//1034 1417//1033
f 1418//1034 1379//992 1419//1035
f 1419//1035 1404//1018 1440//1053
f 1380//993 1420//1036 1441//1054
f 1441//1054 1405//1019 1380//993
f 1442//1055 1421//1037 1405//1019
f 1421//1037 1443//1056 1406//1020
f 1422//1038 1440//1053 1404//1018
f 1444//1057 1409//1023 1407//1021
f 1445//1058 1407//1021 1408//1022
f 1446//1059 1423//1039 1409//1023
f 1384//997 1423//1039 1424//1040
f 1385//998 1424//1040 1425//1041
f 1382//995 1425//1041 1422//1038
f 1390//1003 1426//1042 1430//1046
f 1386//999 1427//1043 1426//1042
f 1427//1043 1388//1001 1428//1044
f 1428//1044 1389//1002 1429//1045
f 1429//1045 1406//1020 1443//1056
f 1408//1022 1430//1046 1445//1058
f 1447//1060 1420//1036 1410//1024
f 1448//1061 1447//1060 1410//1024
f 1410//1024 1431//1047 1448//1061
f 1411//1028 1413//1030 1431//1062
f 1432//1048 1449//1063 1413//1030
f 1439//1052 1436//1049 1403//1017
f 1453//1064 1437//1050 1415//1031
f 1436//1051 1453//1064 1415//1031
f 1455//1065 1439//1052 1417//1033
f 1456//1066 1417//1033 1418//1034
f 1457//1067 1418//1034 1419//1035
f 1458//1068 1419//1035 1440//1053
f 1459//1069 1441//1054 1420//1036
f 1405//1019 1441//1054 1442//1055
f 1421//1037 1442//1055 1460//1070
f 1443//1056 1421//1037 1460//1070
f 1440//1053 1422//1038 1461//1071
f 1409//1023 1444//1057 1446//1059
f 1407//1021 1445//1058 1444//1057
f 1423//1039 1446//1059 1462//1072
f 1462//1072 1424//1040 1423//1039
f 1463//1073 1425//1041 1424//1040
f 1464//1074 1422//1038 1425//1041
f 1465//1075 1430//1046 1426//1042
f 1466//1076 1426//1042 1427//1043
f 1467//1077 1427//1043 1428//1044
f 1468//1078 1428//1044 1429//1045
f 1469//1079 1429//1045 1443//1056
f 1470//1080 1445//1058 1430//1046
f 1420//1036 1447//1060 1459//1069
f 1447//1060 1448//1061 1471//1081
f 1413//1030 1448//1082 1431//1062
f 1413//1030 1471//1082 1448//1082
f 1472//1083 1413//1030 1449//1063
f 1449//1063 1432//1048 1473//1084
f 1475//1085 1476//1086 1439//1052
f 1436//1049 1439//1052 1476//1086
f 1437//1050 1453//1064 1477//1087
f 1453//1064 1436//1051 1476//1088
f 1453//1064 1476//1088 1478//1088
f 1439//1052 1455//1065 1475//1085
f 1417//1033 1456//1066 1455//1065
f 1418//1034 1457//1067 1456//1066
f 1419//1035 1458//1068 1457//1067
f 1461//1071 1458//1068 1440//1053
f 1441//1054 1459//1069 1480//1089
f 1441//1054 1481//1090 1442//1055
f 1442//1055 1482//1091 1460//1070
f 1460//1070 1469//1079 1443//1056
f 1422//1038 1464//1074 1461//1071
f 1483//1092 1446//1059 1444//1057
f 1484//1093 1444//1057 1445//1058
f 1485//1094 1462//1072 1446//1059
f 1424//1040 1462//1072 1463//1073
f 1425//1041 1463//1073 1464//1074
f 1430//1046 1465//1075 1470//1080
f 1426//1042 1466//1076 1465//1075
f 1427//1043 1467//1077 1466//1076
f 1428//1044 1468//1078 1467//1077
f 1429//1045 1469//1079 1468//1078
f 1445//1058 1470//1080 1484//1093
f 1486//1095 1459//1069 1447//1060
f 1472//1083 1447//1060 1471//1081
f 1413//1030 1472//1083 1471//1082
f 1449//1063 1487//1096 1472//1083
f 1488//1097 1449//1063 1473//1084
f 1476//1086 1475//1085 1478//1098
f 1492//1099 1477//1087 1453//1064
f 1453//1064 1478//1088 1493//1100
f 1495//1101 1475//1085 1455//1065
f 1496//1102 1455//1065 1456//1066
f 1497//1103 1456//1066 1457//1067
f 1498//1104 1457//1067 1458//1068
f 1458//1068 1461//1071 1499//1105
f 1500//1106 1480//1089 1459//1069
f 1481//1090 1441//1054 1480//1089
f 1482//1091 1442//1055 1481//1090
f 1469//1079 1460//1070 1482//1091
f 1464//1074 1499//1105 1461//1071
f 1446//1059 1483//1092 1485//1094
f 1444//1057 1484//1093 1483//1092
f 1462//1072 1485//1094 1501//1107
f 1462//1072 1502//1108 1463//1073
f 1463//1073 1503//1109 1464//1074
f 1504//1110 1470//1080 1465//1075
f 1505//1111 1465//1075 1466//1076
f 1506//1112 1466//1076 1467//1077
f 1507//1113 1467//1077 1468//1078
f 1508//1114 1468//1078 1469//1079
f 1509//1115 1484//1093 1470//1080
f 1459//1069 1486//1095 1500//1106
f 1447//1060 1487//1096 1486//1095
f 1487//1096 1447//1060 1472//1083
f 1487//1096 1449//1063 1510//1116
f 1511//1117 1488//1097 1473//1084
f 1512//1118 1449//1063 1488//1097
f 1475//1085 1493//1119 1478//1098
f 1515//1120 1477//1087 1492//1099
f 1453//1064 1516//1121 1492//1099
f 1517//1122 1453//1064 1493//1100
f 1475//1085 1495//1101 1520//1123
f 1455//1065 1496//1102 1495//1101
f 1456//1066 1497//1103 1496//1102
f 1457//1067 1498//1104 1497//1103
f 1499//1105 1498//1104 1458//1068
f 1480//1089 1500//1106 1521//1124
f 1480//1089 1522//1125 1481//1090
f 1481//1090 1523//1126 1482//1091
f 1482//1091 1508//1114 1469//1079
f 1499//1105 1464//1074 1503//1109
f 1524//1127 1485//1094 1483//1092
f 1525//1128 1483//1092 1484//1093
f 1526//1129 1501//1107 1485//1094
f 1502//1108 1462//1072 1501//1107
f 1503//1109 1463//1073 1502//1108
f 1470//1080 1504//1110 1509//1115
f 1465//1075 1505//1111 1504//1110
f 1466//1076 1506//1112 1505//1111
f 1467//1077 1507//1113 1506//1112
f 1468//1078 1508//1114 1507//1113
f 1484//1093 1509//1115 1525//1128
f 1527//1130 1528//1131 1500//1106
f 1527//1130 1500//1106 1486//1095
f 1486//1095 1510//1116 1527//1130
f 1510//1116 1486//1095 1487//1096
f 1511//1117 1529//1132 1488//1097
f 1530//1133 1449//1063 1512//1118
f 1529//1132 1512//1118 1488//1097
f 1520//1123 1493//1119 1475//1085
f 1515//1120 1492//1099 1533//1134
f 1453//1064 1534//1135 1516//1121
f 1453//1064 1517//1122 1536//1122
f 1453//1064 1536//1122 1537//1122
f 1493//1119 1520//1123 1517//1136
f 1538//1137 1495//1101 1496//1102
f 1539//1138 1496//1102 1497//1103
f 1540//1139 1497//1103 1498//1104
f 1498//1104 1499//1105 1541//1140
f 1528//1131 1521//1124 1500//1106
f 1522//1125 1480//1089 1521//1124
f 1523//1126 1481//1090 1522//1125
f 1508//1114 1482//1091 1523//1126
f 1503//1109 1541//1140 1499//1105
f 1485//1094 1524//1127 1526//1129
f 1483//1092 1525//1128 1524//1127
f 1501//1107 1526//1129 1542//1141
f 1501//1107 1543//1142 1502//1108
f 1502//1108 1544//1143 1503//1109
f 1545//1144 1509//1115 1504//1110
f 1546//1145 1504//1110 1505//1111
f 1547//1146 1505//1111 1506//1112
f 1548//1147 1506//1112 1507//1113
f 1549//1148 1507//1113 1508//1114
f 1550//1149 1525//1128 1509//1115
f 1528//1131 1527//1130 1551//1150
f 1510//1116 1449//1063 1527//1151
f 1512//1118 1552//1152 1530//1133
f 1533//1134 1492//1099 1516//1121
f 1453//1064 1537//1122 1534//1135
f 1556//1153 1516//1121 1534//1135
f 1557//1154 1533//1134 1516//1121
f 1520//1123 1536//1155 1517//1136
f 1495//1101 1536//1155 1520//1123
f 1536//1155 1559//1156 1537//1157
f 1495//1101 1538//1137 1559//1156
f 1496//1102 1539//1138 1538//1137
f 1497//1103 1540//1139 1539//1138
f 1541//1140 1540//1139 1498//1104
f 1521//1124 1528//1131 1562//1158
f 1521//1124 1563//1159 1522//1125
f 1522//1125 1564//1160 1523//1126
f 1523//1126 1549//1148 1508//1114
f 1541//1140 1503//1109 1544//1143
f 1565//1161 1526//1129 1524//1127
f 1566//1162 1524//1127 1525//1128
f 1567//1163 1542//1141 1526//1129
f 1543//1142 1501//1107 1542//1141
f 1544//1143 1502//1108 1543//1142
f 1509//1115 1545//1144 1550//1149
f 1504//1110 1546//1145 1545//1144
f 1505//1111 1547//1146 1546//1145
f 1506//1112 1548//1147 1547//1146
f 1507//1113 1549//1148 1548//1147
f 1525//1128 1550//1149 1566//1162
f 1552//1164 1528//1131 1530//1165
f 1527//1151 1449//1063 1551//1151
f 1551//1151 1449//1063 1530//1133
f 1530//1165 1528//1131 1551//1150
f 1552//1152 1512//1118 1568//1166
f 1529//1132 1568//1166 1512//1118
f 1568//1166 1529//1132 1553//1167
f 1516//1121 1556//1153 1557//1154
f 1559//1156 1556//1168 1534//1169
f 1533//1134 1557//1154 1558//1170
f 1559//1156 1536//1155 1495//1101
f 1559//1156 1534//1169 1537//1157
f 1577//1171 1559//1156 1538//1137
f 1578//1172 1538//1137 1539//1138
f 1579//1173 1539//1138 1540//1139
f 1540//1139 1541//1140 1580//1174
f 1581//1175 1562//1158 1528//1131
f 1563//1159 1521//1124 1562//1158
f 1564//1160 1522//1125 1563//1159
f 1549//1148 1523//1126 1564//1160
f 1544//1143 1580//1174 1541//1140
f 1526//1129 1565//1161 1567//1163
f 1524//1127 1566//1162 1565//1161
f 1542//1141 1567//1163 1582//1176
f 1542//1141 1583//1177 1543//1142
f 1543//1142 1584//1178 1544//1143
f 1585//1179 1550//1149 1545//1144
f 1546//1145 1585//1179 1545//1144
f 1586//1180 1546//1145 1547//1146
f 1587//1181 1547//1146 1548//1147
f 1588//1182 1548//1147 1549//1148
f 1589//1183 1566//1162 1550//1149
f 1528//1131 1552//1164 1581//1175
f 1568//1184 1581//1175 1552//1164
f 1553//1167 1590//1185 1568//1166
f 1590//1185 1553//1167 1569//1185
f 1596//1186 1557//1187 1556//1168
f 1556//1168 1559//1156 1596//1186
f 1597//1188 1558//1170 1557//1154
f 1558//1170 1597//1188 1573//1188
f 1559//1156 1577//1171 1596//1186
f 1538//1137 1578//1172 1577//1171
f 1539//1138 1579//1173 1578//1172
f 1580//1174 1579//1173 1540//1139
f 1562//1158 1581//1175 1602//1189
f 1562//1158 1603//1190 1563//1159
f 1563//1159 1604//1191 1564//1160
f 1564//1160 1588//1182 1549//1148
f 1580//1174 1544//1143 1584//1178
f 1605//1192 1567//1163 1565//1161
f 1606//1193 1565//1161 1566//1162
f 1607//1194 1582//1176 1567//1163
f 1583//1177 1542//1141 1582//1176
f 1584//1178 1543//1142 1583//1177
f 1550//1149 1585//1179 1589//1183
f 1585//1179 1546//1145 1608//1195
f 1546//1145 1586//1180 1608//1195
f 1547//1146 1587//1181 1586//1180
f 1548//1147 1588//1182 1587//1181
f 1566//1162 1589//1183 1606//1193
f 1581//1175 1568//1184 1609//1196
f 1568//1184 1590//1197 1610//1198
f 1569//1185 1611//1199 1590//1185
f 1590//1197 1611//1200 1610//1198
f 1557//1187 1596//1186 1615//1201
f 1557//1187 1615//1201 1597//1202
f 1616//1203 1573//1188 1597//1188
f 1597//1202 1620//1204 1616//1205
f 1622//1206 1596//1186 1577//1171
f 1623//1207 1577//1171 1578//1172
f 1624//1208 1578//1172 1579//1173
f 1579//1173 1580//1174 1625//1209
f 1609//1196 1602//1189 1581//1175
f 1603//1190 1562//1158 1602//1189
f 1604//1191 1563//1159 1603//1190
f 1588//1182 1564//1160 1604//1191
f 1584//1178 1625//1209 1580//1174
f 1567//1163 1605//1192 1607//1194
f 1565//1161 1606//1193 1605//1192
f 1582//1176 1607//1194 1626//1210
f 1582//1176 1627//1211 1583//1177
f 1583//1177 1628//1212 1584//1178
f 1629//1213 1589//1183 1585//1179
f 1630//1214 1585//1179 1608//1195
f 1631//1215 1608//1195 1586//1180
f 1632//1216 1586//1180 1587//1181
f 1633//1217 1587//1181 1588//1182
f 1634//1218 1606//1193 1589//1183
f 1568//1184 1610//1198 1609//1196
f 1611//1199 1569//1185 1592//1219
f 1592//1219 1636//1220 1611//1199
f 1636//1220 1592//1219 1595//1221
f 1610//1198 1611//1200 1637//1222
f 1642//1223 1636//1220 1643//1224
f 1595//1221 1643//1224 1636//1220
f 1643//1224 1595//1221 1614//1225
f 1596//1186 1622//1206 1615//1201
f 1615//1201 1644//1226 1597//1202
f 1573//1188 1616//1203 1600//1227
f 1597//1202 1644//1226 1620//1204
f 1648//1228 1616//1205 1620//1204
f 1577//1171 1623//1207 1622//1206
f 1578//1172 1624//1208 1623//1207
f 1625//1209 1624//1208 1579//1173
f 1602//1189 1609//1196 1650//1229
f 1602//1189 1651//1230 1603//1190
f 1603//1190 1652//1231 1604//1191
f 1604//1191 1633//1217 1588//1182
f 1625//1209 1584//1178 1628//1212
f 1653//1232 1607//1194 1605//1192
f 1654//1233 1605//1192 1606//1193
f 1655//1234 1626//1210 1607//1194
f 1627//1211 1582//1176 1626//1210
f 1628//1212 1583//1177 1627//1211
f 1589//1183 1629//1213 1634//1218
f 1585//1179 1630//1214 1629//1213
f 1608//1195 1631//1215 1630//1214
f 1586//1180 1632//1216 1631//1215
f 1587//1181 1633//1217 1632//1216
f 1606//1193 1634//1218 1654//1233
f 1610//1198 1650//1229 1609//1196
f 1636//1220 1658//1235 1611//1199
f 1611//1200 1658//1236 1637//1222
f 1637//1222 1659//1237 1610//1198
f 1642//1223 1665//1238 1636//1220
f 1643//1224 1666//1239 1642//1223
f 1666//1239 1643//1224 1667//1239
f 1614//1225 1668//1240 1643//1224
f 1669//1241 1615//1201 1622//1206
f 1615//1201 1669//1241 1644//1226
f 1670//1242 1600//1227 1616//1203
f 1671//1243 1670//1242 1616//1203
f 1670//1242 1672//1244 1673//1245
f 1673//1245 1617//1246 1670//1242
f 1617//1246 1673//1245 1645//1247
f 1644//1226 1677//1248 1620//1204
f 1616//1205 1648//1228 1671//1249
f 1620//1204 1678//1250 1648//1228
f 1682//1251 1622//1206 1623//1207
f 1683//1252 1623//1207 1624//1208
f 1624//1208 1625//1209 1684//1253
f 1651//1230 1602//1189 1650//1229
f 1652//1231 1603//1190 1651//1230
f 1633//1217 1604//1191 1652//1231
f 1628//1212 1684//1253 1625//1209
f 1607//1194 1653//1232 1655//1234
f 1605//1192 1654//1233 1653//1232
f 1626//1210 1655//1234 1685//1254
f 1626//1210 1686//1255 1627//1211
f 1627//1211 1687//1256 1628//1212
f 1688//1257 1634//1218 1629//1213
f 1689//1258 1629//1213 1630//1214
f 1690//1259 1630//1214 1631//1215
f 1691//1260 1631//1215 1632//1216
f 1692//1261 1632//1216 1633//1217
f 1693//1262 1654//1233 1634//1218
f 1650//1229 1610//1198 1659//1237
f 1636//1220 1700//1263 1658//1235
f 1637//1222 1658//1236 1701//1264
f 1659//1237 1637//1222 1702//1265
f 1640//1266 1707//1267 1708//1268
f 1707//1267 1640//1266 1663//1267
f 1640//1266 1708//1268 1664//1269
f 1708//1268 1709//1270 1664//1269
f 1710//1239 1643//1224 1668//1240
f 1668//1240 1614//1225 1664//1269
f 1711//1271 1665//1238 1642//1223
f 1700//1263 1636//1220 1665//1238
f 1712//1272 1642//1273 1666//1274
f 1667//1239 1643//1224 1710//1239
f 1667//1275 1712//1272 1666//1274
f 1622//1206 1682//1251 1669//1241
f 1677//1248 1644//1226 1669//1241
f 1600//1227 1670//1242 1617//1246
f 1713//1243 1670//1242 1671//1243
f 1714//1276 1672//1244 1670//1242
f 1715//1277 1673//1245 1672//1244
f 1673//1245 1715//1277 1716//1277
f 1717//1278 1645//1247 1673//1245
f 1678//1250 1620//1204 1677//1248
f 1722//1279 1671//1249 1648//1228
f 1723//1280 1648//1228 1678//1250
f 1623//1207 1683//1252 1682//1251
f 1684//1253 1683//1252 1624//1208
f 1650//1229 1737//1281 1651//1230
f 1651//1230 1738//1282 1652//1231
f 1652//1231 1692//1261 1633//1217
f 1684//1253 1628//1212 1687//1256
f 1739//1283 1655//1234 1653//1232
f 1740//1284 1653//1232 1654//1233
f 1741//1285 1685//1254 1655//1234
f 1686//1255 1626//1210 1685//1254
f 1687//1256 1627//1211 1686//1255
f 1634//1218 1688//1257 1693//1262
f 1629//1213 1689//1258 1688//1257
f 1630//1214 1690//1259 1689//1258
f 1631//1215 1691//1260 1690//1259
f 1632//1216 1692//1261 1691//1260
f 1654//1233 1693//1262 1740//1284
f 1737//1281 1650//1229 1659//1237
f 1700//1286 1701//1264 1658//1236
f 1701//1264 1702//1265 1637//1222
f 1772//1287 1659//1237 1702//1265
f 1775//1288 1776//1289 1777//1290
f 1776//1289 1778//1291 1777//1290
f 1662//1292 1775//1288 1777//1290
f 1775//1288 1662//1292 1705//1293
f 1779//1294 1777//1295 1780//1296
f 1781//1297 1707//1298 1779//1294
f 1663//1267 1779//1299 1707//1267
f 1708//1300 1707//1298 1781//1297
f 1710//1239 1709//1270 1708//1268
f 1709//1270 1668//1240 1664//1269
f 1710//1239 1668//1240 1709//1270
f 1665//1238 1711//1271 1782//1271
f 1642//1273 1783//1301 1711//1302
f 1665//1303 1784//1304 1700//1286
f 1642//1273 1712//1272 1783//1301
f 1710//1305 1785//1306 1667//1275
f 1712//1272 1667//1275 1785//1306
f 1786//1307 1669//1241 1682//1251
f 1669//1241 1786//1307 1677//1248
f 1670//1242 1713//1243 1714//1276
f 1671//1249 1722//1279 1713//1308
f 1714//1276 1787//1309 1672//1244
f 1672//1310 1788//1311 1715//1312
f 1715//1312 1789//1313 1716//1314
f 1673//1245 1716//1277 1790//1277
f 1673//1245 1790//1277 1717//1278
f 1645//1247 1717//1278 1676//1315
f 1786//1307 1678//1250 1677//1248
f 1648//1228 1723//1280 1722//1279
f 1796//1316 1723//1280 1678//1250
f 1836//1317 1682//1251 1683//1252
f 1683//1252 1684//1253 1837//1318
f 1738//1282 1651//1230 1737//1281
f 1692//1261 1652//1231 1738//1282
f 1687//1256 1837//1318 1684//1253
f 1655//1234 1739//1283 1741//1285
f 1653//1232 1740//1284 1739//1283
f 1685//1254 1741//1285 1838//1319
f 1685//1254 1839//1320 1686//1255
f 1686//1255 1840//1321 1687//1256
f 1841//1322 1693//1262 1688//1257
f 1842//1323 1688//1257 1689//1258
f 1843//1324 1689//1258 1690//1259
f 1844//1325 1690//1259 1691//1260
f 1845//1326 1691//1260 1692//1261
f 1846//1327 1740//1284 1693//1262
f 1659//1237 1772//1287 1737//1281
f 1701//1264 1700//1286 1784//1304
f 1702//1265 1701//1264 1868//1328
f 1868//1328 1772//1287 1702//1265
f 1871//1329 1775//1288 1872//1330
f 1705//1293 1872//1330 1775//1288
f 1872//1330 1705//1293 1774//1331
f 1776//1289 1873//1332 1874//1333
f 1871//1329 1776//1289 1775//1288
f 1874//1334 1875//1335 1778//1336
f 1776//1289 1874//1333 1778//1291
f 1778//1336 1780//1296 1777//1295
f 1777//1290 1706//1299 1662//1292
f 1876//1337 1779//1294 1780//1296
f 1781//1297 1779//1294 1876//1337
f 1779//1299 1663//1267 1706//1299
f 1877//1338 1708//1300 1781//1297
f 1708//1300 1877//1338 1710//1305
f 1783//1301 1782//1339 1711//1302
f 1878//1340 1665//1303 1782//1339
f 1665//1303 1878//1340 1784//1304
f 1712//1272 1879//1341 1783//1301
f 1785//1306 1710//1305 1877//1338
f 1785//1306 1880//1342 1712//1272
f 1682//1251 1836//1317 1786//1307
f 1722//1279 1714//1343 1713//1308
f 1881//1344 1714//1343 1722//1279
f 1787//1309 1714//1276 1882//1309
f 1883//1345 1672//1310 1787//1346
f 1788//1311 1672//1310 1883//1345
f 1789//1313 1715//1312 1788//1311
f 1884//1347 1716//1314 1789//1313
f 1716//1314 1884//1347 1790//1348
f 1717//1278 1790//1277 1885//1349
f 1885//1349 1676//1315 1717//1278
f 1676//1315 1885//1349 1721//1350
f 1889//1351 1890//1352 1891//1353
f 1891//1354 1720//1355 1889//1356
f 1720//1355 1891//1354 1795//1354
f 1885//1349 1790//1277 1889//1356
f 1889//1356 1721//1350 1885//1349
f 1721//1350 1889//1356 1720//1355
f 1678//1250 1786//1307 1796//1316
f 1892//1357 1722//1279 1723//1280
f 1723//1280 1796//1316 1893//1358
f 1837//1318 1836//1317 1683//1252
f 1737//1281 1924//1359 1738//1282
f 1738//1282 1845//1326 1692//1261
f 1837//1318 1687//1256 1840//1321
f 1925//1360 1741//1285 1739//1283
f 1926//1361 1739//1283 1740//1284
f 1927//1362 1838//1319 1741//1285
f 1839//1320 1685//1254 1838//1319
f 1840//1321 1686//1255 1839//1320
f 1693//1262 1841//1322 1846//1327
f 1688//1257 1842//1323 1841//1322
f 1689//1258 1843//1324 1842//1323
f 1690//1259 1844//1325 1843//1324
f 1691//1260 1845//1326 1844//1325
f 1740//1284 1846//1327 1926//1361
f 1924//1359 1737//1281 1772//1287
f 1784//1304 1868//1328 1701//1264
f 1772//1287 1868//1328 1945//1363
f 1949//1364 1872//1330 1950//1365
f 1776//1289 1871//1329 1873//1332
f 1871//1329 1872//1330 1951//1366
f 1872//1330 1952//1364 1951//1366
f 1774//1331 1950//1365 1872//1330
f 1874//1333 1873//1332 1953//1367
f 1953//1368 1875//1335 1874//1334
f 1780//1296 1778//1336 1875//1335
f 1706//1299 1777//1290 1779//1299
f 1780//1296 1954//1369 1876//1337
f 1876//1337 1955//1370 1781//1297
f 1781//1297 1956//1371 1877//1338
f 1782//1339 1783//1301 1878//1340
f 1878//1340 1957//1372 1784//1304
f 1879//1341 1712//1272 1880//1342
f 1958//1373 1783//1301 1879//1341
f 1877//1338 1959//1374 1785//1306
f 1880//1342 1785//1306 1959//1374
f 1836//1317 1796//1316 1786//1307
f 1714//1343 1881//1344 1882//1375
f 1722//1279 1892//1357 1881//1344
f 1882//1375 1883//1345 1787//1346
f 1883//1345 1960//1376 1788//1311
f 1788//1311 1961//1377 1789//1313
f 1789//1313 1962//1378 1884//1347
f 1884//1347 1889//1351 1790//1348
f 1965//1379 1966//1380 1967//1381
f 1967//1381 1792//1382 1965//1379
f 1792//1382 1967//1381 1887//1383
f 1968//1384 1965//1379 1969//1385
f 1794//1386 1965//1379 1792//1382
f 1888//1387 1969//1385 1794//1386
f 1890//1352 1970//1388 1891//1353
f 1970//1387 1795//1354 1891//1354
f 1889//1351 1884//1347 1890//1352
f 1893//1358 1892//1357 1723//1280
f 1971//1389 1893//1358 1796//1316
f 1836//1317 1837//1318 1975//1390
f 1845//1326 1738//1282 1924//1359
f 1840//1321 1975//1390 1837//1318
f 1741//1285 1925//1360 1927//1362
f 1739//1283 1926//1361 1925//1360
f 1838//1319 1927//1362 1976//1391
f 1838//1319 1977//1392 1839//1320
f 1839//1320 1978//1393 1840//1321
f 1979//1394 1846//1327 1841//1322
f 1980//1395 1841//1322 1842//1323
f 1843//1324 1980//1395 1842//1323
f 1844//1325 1981//1396 1843//1324
f 1845//1326 1982//1397 1844//1325
f 1983//1398 1926//1361 1846//1327
f 1945//1363 1924//1359 1772//1287
f 1868//1328 1784//1304 1957//1372
f 1957//1372 1945//1363 1868//1328
f 1947//1399 1989//1400 1870//1401
f 1952//1364 1872//1330 1949//1364
f 1949//1364 1950//1365 1990//1364
f 1950//1365 1774//1331 1870//1401
f 1991//1364 1950//1365 1992//1402
f 1950//1365 1993//1403 1992//1402
f 1871//1404 1994//1405 1873//1406
f 1951//1407 1995//1408 1871//1404
f 1952//1409 1995//1408 1951//1407
f 1873//1406 1996//1410 1953//1368
f 1875//1335 1953//1368 1996//1410
f 1997//1411 1780//1296 1875//1335
f 1954//1369 1780//1296 1998//1412
f 1955//1370 1876//1337 1954//1369
f 1956//1371 1781//1297 1955//1370
f 1959//1374 1877//1338 1956//1371
f 1783//1301 1958//1373 1878//1340
f 1957//1372 1878//1340 1958//1373
f 1999//1413 1879//1341 1880//1342
f 2000//1414 1958//1373 1879//1341
f 2001//1415 1880//1342 1959//1374
f 1796//1316 1836//1317 1971//1389
f 1883//1345 1882//1375 1881//1344
f 2002//1416 1881//1344 1892//1357
f 1960//1376 1883//1345 2002//1416
f 1961//1377 1788//1311 1960//1376
f 1962//1378 1789//1313 1961//1377
f 2003//1417 1884//1347 1962//1378
f 2007//1418 1887//1383 1967//1381
f 1887//1383 2007//1418 1964//1419
f 1966//1380 2008//1420 2009//1421
f 2008//1420 1966//1380 1965//1379
f 1967//1381 1966//1380 2010//1422
f 2011//1423 1967//1381 2010//1422
f 1965//1379 1968//1384 2008//1420
f 2012//1424 2008//1425 1968//1426
f 1969//1427 2012//1424 1968//1426
f 1965//1379 1794//1386 1969//1385
f 1970//1388 2013//1428 1969//1427
f 1969//1385 1888//1387 1970//1387
f 1890//1352 2014//1429 1970//1388
f 1795//1354 1970//1387 1888//1387
f 1884//1347 2003//1417 1890//1352
f 1892//1357 1893//1358 2015//1430
f 1893//1358 1971//1389 2016//1431
f 1975//1390 1971//1389 1836//1317
f 1924//1359 2018//1432 1845//1326
f 1975//1390 1840//1321 1978//1393
f 2019//1433 1927//1362 1925//1360
f 2020//1434 1925//1360 1926//1361
f 2021//1435 1976//1391 1927//1362
f 1977//1392 1838//1319 1976//1391
f 1978//1393 1839//1320 1977//1392
f 1846//1327 1979//1394 1983//1398
f 1841//1322 1980//1395 1979//1394
f 1980//1395 1843//1324 1981//1396
f 1981//1396 1844//1325 1982//1397
f 1982//1397 1845//1326 2018//1432
f 1926//1361 1983//1398 2020//1434
f 1924//1359 1945//1363 2022//1436
f 1945//1363 1957//1372 2023//1437
f 1987//1438 2026//1439 1947//1399
f 2026//1439 1989//1400 1947//1399
f 1993//1403 1989//1400 2026//1439
f 1993//1403 1950//1365 1989//1400
f 1989//1400 1950//1365 1870//1401
f 1949//1440 2028//1441 1952//1409
f 1990//1364 1950//1365 1991//1364
f 2029//1442 2028//1441 1949//1440
f 1992//1443 2029//1442 1991//1444
f 1993//1445 2029//1442 1992//1443
f 1994//1405 1871//1404 1995//1408
f 1996//1410 1873//1406 1994//1405
f 1995//1408 1952//1409 2028//1441
f 1996//1410 1997//1411 1875//1335
f 1780//1296 1997//1411 1998//1412
f 2030//1446 1954//1369 1998//1412
f 2031//1447 1955//1370 1954//1369
f 2032//1448 1956//1371 1955//1370
f 2033//1449 1959//1374 1956//1371
f 1958//1373 2023//1437 1957//1372
f 1879//1341 1999//1413 2000//1414
f 1880//1342 2001//1415 1999//1413
f 1958//1373 2000//1414 2034//1450
f 1959//1374 2033//1449 2001//1415
f 1881//1344 2002//1416 1883//1345
f 1892//1357 2035//1451 2002//1416
f 2002//1416 2036//1452 1960//1376
f 1960//1376 2037//1453 1961//1377
f 1961//1377 2038//1454 1962//1378
f 1962//1378 2039//1455 2003//1417
f 2005//1456 1964//1419 2042//1457
f 2042//1457 1964//1419 2007//1418
f 2007//1418 2043//1458 2042//1457
f 1967//1381 2045//1423 2007//1418
f 2008//1420 2046//1459 2009//1421
f 2009//1460 2047//1461 1966//1462
f 2047//1461 2010//1463 1966//1462
f 1967//1381 2011//1423 2045//1423
f 2010//1463 2048//1464 2011//1465
f 2049//1466 2008//1425 2012//1424
f 2012//1424 1969//1427 2013//1428
f 2014//1429 2013//1428 1970//1388
f 1890//1352 2050//1467 2014//1429
f 2050//1467 1890//1352 2003//1417
f 2016//1431 2015//1430 1893//1358
f 2035//1451 1892//1357 2015//1430
f 2051//1468 2016//1431 1971//1389
f 1971//1389 1975//1390 2051//1468
f 2018//1432 1924//1359 2022//1436
f 2052//1469 1975//1390 1978//1393
f 1927//1362 2019//1433 2021//1435
f 1925//1360 2020//1434 2019//1433
f 1976//1391 2021//1435 2053//1470
f 2053//1470 1977//1392 1976//1391
f 2054//1471 1978//1393 1977//1392
f 2055//1472 1983//1398 1979//1394
f 2056//1473 1979//1394 1980//1395
f 1981//1396 2056//1473 1980//1395
f 1982//1397 2057//1474 1981//1396
f 2018//1432 2058//1475 1982//1397
f 2059//1476 2020//1434 1983//1398
f 2023//1437 2022//1436 1945//1363
f 1987//1438 2063//1477 2026//1439
f 2026//1478 2064//1479 1993//1445
f 2028//1441 2029//1442 2065//1480
f 1949//1440 1990//1481 2029//1442
f 1990//1481 1991//1444 2029//1442
f 2029//1442 1993//1445 2064//1479
f 1995//1408 2066//1482 1994//1405
f 1994//1405 2067//1483 1996//1410
f 2028//1441 2068//1484 1995//1408
f 1997//1411 1996//1410 2067//1483
f 1997//1411 2030//1446 1998//1412
f 1954//1369 2030//1446 2031//1447
f 1955//1370 2031//1447 2032//1448
f 1956//1371 2032//1448 2033//1449
f 2023//1437 1958//1373 2034//1450
f 2069//1485 2000//1414 1999//1413
f 2070//1486 1999//1413 2001//1415
f 2071//1487 2034//1450 2000//1414
f 2072//1488 2001//1415 2033//1449
f 2036//1452 2002//1416 2035//1451
f 2037//1453 1960//1376 2036//1452
f 2038//1454 1961//1377 2037//1453
f 2039//1455 1962//1378 2038//1454
f 2073//1489 2003//1417 2039//1455
f 2042//1457 2043//1458 2075//1490
f 2076//1491 2075//1492 2043//1493
f 2077//1494 2040//1495 2075//1490
f 2040//1495 2005//1456 2075//1490
f 2075//1490 2005//1456 2042//1457
f 2043//1458 2007//1418 2044//1496
f 2007//1418 2079//1423 2044//1496
f 2044//1497 2076//1491 2043//1493
f 2007//1418 2045//1423 2079//1423
f 2008//1425 2049//1466 2046//1498
f 2049//1466 2009//1460 2046//1498
f 2047//1461 2009//1460 2080//1499
f 2048//1464 2010//1463 2047//1461
f 2048//1464 2045//1500 2011//1465
f 2012//1424 2081//1501 2049//1466
f 2013//1428 2082//1502 2012//1424
f 2014//1429 2083//1503 2013//1428
f 2083//1503 2014//1429 2050//1467
f 2003//1417 2073//1489 2050//1467
f 2015//1430 2016//1431 2084//1504
f 2015//1430 2085//1505 2035//1451
f 2016//1431 2051//1468 2086//1506
f 1975//1390 2052//1469 2051//1468
f 2022//1436 2087//1507 2018//1432
f 1978//1393 2054//1471 2052//1469
f 2088//1508 2021//1435 2019//1433
f 2089//1509 2019//1433 2020//1434
f 2090//1510 2053//1470 2021//1435
f 1977//1392 2053//1470 2054//1471
f 1983//1398 2055//1472 2059//1476
f 1979//1394 2056//1473 2055//1472
f 2056//1473 1981//1396 2057//1474
f 2057//1474 1982//1397 2058//1475
f 2058//1475 2018//1432 2087//1507
f 2020//1434 2059//1476 2089//1509
f 2022//1436 2023//1437 2091//1511
f 2026//1478 2063//1512 2094//1513
f 2063//1477 1987//1438 2062//1477
f 2064//1479 2026//1478 2094//1513
f 2064//1479 2065//1480 2029//1442
f 2066//1482 1995//1408 2068//1484
f 2067//1483 1994//1405 2066//1482
f 2068//1484 2028//1441 2095//1514
f 2067//1483 2096//1515 1997//1411
f 2030//1446 1997//1411 2096//1515
f 2097//1516 2031//1447 2030//1446
f 2098//1517 2032//1448 2031//1447
f 2099//1518 2033//1449 2032//1448
f 2034//1450 2091//1511 2023//1437
f 2000//1414 2069//1485 2071//1487
f 1999//1413 2070//1486 2069//1485
f 2001//1415 2072//1488 2070//1486
f 2034//1450 2071//1487 2100//1519
f 2033//1449 2099//1518 2072//1488
f 2035//1451 2101//1520 2036//1452
f 2036//1452 2102//1521 2037//1453
f 2037//1453 2103//1522 2038//1454
f 2038//1454 2104//1523 2039//1455
f 2039//1455 2105//1524 2073//1489
f 2075//1492 2076//1491 2107//1525
f 2075//1492 2108//1526 2077//1527
f 2040//1495 2077//1494 2106//1494
f 2076//1491 2044//1497 2110//1528
f 2045//1500 2110//1528 2079//1529
f 2009//1460 2049//1466 2080//1499
f 2080//1499 2111//1530 2047//1461
f 2047//1461 2112//1531 2048//1464
f 2113//1532 2045//1500 2048//1464
f 2081//1501 2012//1424 2082//1502
f 2114//1533 2049//1466 2081//1501
f 2082//1502 2013//1428 2083//1503
f 2050//1467 2115//1534 2083//1503
f 2115//1534 2050//1467 2073//1489
f 2086//1506 2084//1504 2016//1431
f 2085//1505 2015//1430 2084//1504
f 2101//1520 2035//1451 2085//1505
f 2051//1468 2116//1535 2086//1506
f 2116//1535 2051//1468 2052//1469
f 2087//1507 2022//1436 2091//1511
f 2117//1536 2052//1469 2054//1471
f 2021//1435 2088//1508 2090//1510
f 2019//1433 2089//1509 2088//1508
f 2053//1470 2090//1510 2118//1537
f 2118//1537 2054//1471 2053//1470
f 2119//1538 2059//1476 2055//1472
f 2056//1473 2119//1538 2055//1472
f 2057//1474 2120//1539 2056//1473
f 2058//1475 2121//1540 2057//1474
f 2087//1507 2122//1541 2058//1475
f 2123//1542 2089//1509 2059//1476
f 2094//1513 2063//1512 2127//1543
f 2126//1544 2063//1477 2062//1477
f 2094//1513 2128//1545 2064//1479
f 2065//1480 2064//1479 2128//1545
f 2129//1546 2066//1482 2068//1484
f 2066//1482 2130//1547 2067//1483
f 2065//1480 2095//1514 2028//1441
f 2131//1548 2068//1484 2095//1514
f 2096//1515 2067//1483 2130//1547
f 2096//1515 2097//1516 2030//1446
f 2031//1447 2097//1516 2098//1517
f 2032//1448 2098//1517 2099//1518
f 2091//1511 2034//1450 2100//1519
f 2132//1549 2071//1487 2069//1485
f 2133//1550 2069//1485 2070//1486
f 2134//1551 2070//1486 2072//1488
f 2135//1552 2100//1519 2071//1487
f 2136//1553 2072//1488 2099//1518
f 2102//1521 2036//1452 2101//1520
f 2103//1522 2037//1453 2102//1521
f 2104//1523 2038//1454 2103//1522
f 2105//1524 2039//1455 2104//1523
f 2137//1554 2073//1489 2105//1524
f 2076//1491 2139//1555 2107//1525
f 2075//1492 2107//1525 2108//1526
f 2077//1527 2108//1526 2140//1556
f 2077//1494 2141//1557 2106//1494
f 2110//1528 2044//1497 2079//1529
f 2110//1528 2143//1558 2076//1491
f 2045//1500 2113//1532 2110//1528
f 2049//1466 2114//1533 2080//1499
f 2111//1530 2080//1499 2114//1533
f 2112//1531 2047//1461 2111//1530
f 2144//1559 2048//1464 2112//1531
f 2048//1464 2144//1559 2113//1532
f 2145//1560 2081//1501 2082//1502
f 2146//1561 2114//1533 2081//1501
f 2115//1534 2082//1502 2083//1503
f 2073//1489 2137//1554 2115//1534
f 2084//1504 2086//1506 2147//1562
f 2147//1562 2085//1505 2084//1504
f 2148//1563 2101//1520 2085//1505
f 2149//1564 2086//1506 2116//1535
f 2052//1469 2117//1536 2116//1535
f 2091//1511 2150//1565 2087//1507
f 2054//1471 2118//1537 2117//1536
f 2088//1508 2151//1566 2090//1510
f 2152//1567 2088//1508 2089//1509
f 2151//1566 2118//1537 2090//1510
f 2059//1476 2119//1538 2123//1542
f 2119//1538 2056//1473 2120//1539
f 2120//1539 2057//1474 2121//1540
f 2121//1540 2058//1475 2122//1541
f 2122//1541 2087//1507 2150//1565
f 2089//1509 2123//1542 2152//1567
f 2063//1512 2155//1568 2156//1569
f 2063//1477 2126//1544 2155//1544
f 2063//1512 2156//1569 2127//1543
f 2127//1543 2157//1570 2094//1513
f 2128//1545 2094//1513 2157//1570
f 2128//1545 2158//1571 2065//1480
f 2066//1482 2129//1546 2159//1572
f 2068//1484 2131//1548 2129//1546
f 2130//1547 2066//1482 2159//1572
f 2095//1514 2065//1480 2158//1571
f 2095//1514 2160//1573 2131//1548
f 2130//1547 2161//1574 2096//1515
f 2097//1516 2096//1515 2161//1574
f 2162//1575 2098//1517 2097//1516
f 2163//1576 2099//1518 2098//1517
f 2150//1565 2091//1511 2100//1519
f 2071//1487 2132//1549 2135//1552
f 2069//1485 2133//1550 2132//1549
f 2070//1486 2134//1551 2133//1550
f 2072//1488 2136//1553 2134//1551
f 2100//1519 2135//1552 2150//1565
f 2099//1518 2163//1576 2136//1553
f 2164//1577 2102//1521 2101//1520
f 2165//1578 2103//1522 2102//1521
f 2166//1579 2104//1523 2103//1522
f 2167//1580 2137//1554 2105//1524
f 2139//1555 2076//1491 2143//1558
f 2170//1581 2107//1525 2139//1555
f 2107//1525 2170//1581 2108//1526
f 2108//1526 2171//1582 2140//1556
f 2141//1557 2077//1494 2140//1557
f 2143//1558 2110//1528 2113//1532
f 2114//1533 2172//1583 2111//1530
f 2111//1530 2173//1584 2112//1531
f 2112//1531 2174//1585 2144//1559
f 2175//1586 2113//1532 2144//1559
f 2081//1501 2145//1560 2146//1561
f 2082//1502 2115//1534 2145//1560
f 2114//1533 2146//1561 2176//1587
f 2137//1554 2145//1560 2115//1534
f 2086//1506 2149//1564 2147//1562
f 2085//1505 2147//1562 2148//1563
f 2101//1520 2148//1563 2164//1577
f 2116//1535 2177//1588 2149//1564
f 2177//1588 2116//1535 2117//1536
f 2178//1589 2117//1536 2118//1537
f 2151//1566 2088//1508 2179//1590
f 2088//1508 2152//1567 2179//1590
f 2118//1537 2151//1566 2178//1589
f 2180//1591 2123//1542 2119//1538
f 2181//1592 2119//1538 2120//1539
f 2182//1593 2120//1539 2121//1540
f 2183//1594 2121//1540 2122//1541
f 2135//1552 2122//1541 2150//1565
f 2184//1595 2152//1567 2123//1542
f 2155//1568 2190//1596 2156//1569
f 2191//1597 2155//1544 2126//1544
f 2156//1569 2192//1598 2127//1543
f 2157//1570 2127//1543 2192//1598
f 2157//1570 2193//1599 2128//1545
f 2158//1571 2128//1545 2193//1599
f 2194//1600 2159//1572 2129//1546
f 2195//1601 2129//1546 2131//1548
f 2159//1572 2196//1602 2130//1547
f 2160//1573 2095//1514 2158//1571
f 2197//1603 2131//1548 2160//1573
f 2161//1574 2130//1547 2196//1602
f 2198//1604 2097//1516 2161//1574
f 2098//1517 2162//1575 2163//1576
f 2097//1516 2198//1604 2162//1575
f 2133//1550 2199//1605 2132//1549
f 2134//1551 2200//1606 2133//1550
f 2136//1553 2201//1607 2134//1551
f 2163//1576 2202//1608 2136//1553
f 2102//1521 2164//1577 2165//1578
f 2103//1522 2165//1578 2166//1579
f 2104//1523 2166//1579 2203//1609
f 2137//1554 2167//1580 2204//1610
f 2105//1524 2203//1609 2167//1580
f 2143//1558 2207//1611 2139//1555
f 2139//1555 2208//1612 2170//1581
f 2209//1613 2108//1526 2170//1581
f 2108//1526 2209//1613 2171//1582
f 2140//1556 2171//1582 2210//1614
f 2140//1557 2211//1615 2141//1557
f 2113//1532 2175//1586 2143//1558
f 2172//1583 2114//1533 2176//1587
f 2173//1584 2111//1530 2172//1583
f 2174//1585 2112//1531 2173//1584
f 2213//1616 2144//1559 2174//1585
f 2144//1559 2213//1616 2175//1586
f 2214//1617 2146//1561 2145//1560
f 2215//1618 2176//1587 2146//1561
f 2145//1560 2137//1554 2214//1617
f 2149//1564 2148//1563 2147//1562
f 2216//1619 2164//1577 2148//1563
f 2177//1588 2216//1619 2149//1564
f 2117//1536 2178//1589 2177//1588
f 2217//1620 2151//1566 2179//1590
f 2218//1621 2179//1590 2152//1567
f 2219//1622 2178//1589 2151//1566
f 2123//1542 2180//1591 2184//1595
f 2119//1538 2181//1592 2180//1591
f 2120//1539 2182//1593 2181//1592
f 2121//1540 2183//1594 2182//1593
f 2122//1541 2135//1552 2183//1594
f 2152//1567 2184//1595 2218//1621
f 2155//1568 2222//1623 2190//1596
f 2190//1596 2223//1624 2156//1569
f 2155//1544 2191//1597 2222//1623
f 2192//1598 2156//1569 2223//1624
f 2192//1598 2224//1625 2157//1570
f 2193//1599 2157//1570 2224//1625
f 2225//1626 2158//1571 2193//1599
f 2159//1572 2194//1600 2226//1627
f 2129//1546 2195//1601 2194//1600
f 2131//1548 2197//1603 2195//1601
f 2196//1602 2159//1572 2226//1627
f 2158//1571 2225//1626 2160//1573
f 2160//1573 2227//1628 2197//1603
f 2228//1629 2161//1574 2196//1602
f 2161//1574 2228//1629 2198//1604
f 2229//1630 2162//1575 2198//1604
f 2199//1605 2133//1550 2200//1606
f 2183//1594 2132//1549 2199//1605
f 2200//1606 2134//1551 2201//1607
f 2201//1607 2136//1553 2202//1608
f 2202//1608 2163//1576 2230//1631
f 2231//1632 2165//1578 2164//1577
f 2232//1633 2166//1579 2165//1578
f 2233//1634 2203//1609 2166//1579
f 2203//1609 2105//1524 2104//1523
f 2234//1635 2204//1610 2167//1580
f 2204//1610 2214//1617 2137//1554
f 2235//1636 2167//1580 2203//1609
f 2207//1611 2143//1558 2175//1586
f 2208//1612 2139//1555 2207//1611
f 2170//1581 2239//1637 2209//1613
f 2240//1638 2171//1582 2209//1613
f 2171//1582 2240//1638 2210//1614
f 2140//1556 2210//1614 2241//1639
f 2211//1615 2140//1557 2241//1640
f 2176//1587 2242//1641 2172//1583
f 2172//1583 2243//1642 2173//1584
f 2173//1584 2244//1643 2174//1585
f 2174//1585 2245//1644 2213//1616
f 2246//1645 2175//1586 2213//1616
f 2146//1561 2214//1617 2215//1618
f 2176//1587 2215//1618 2247//1646
f 2148//1563 2149//1564 2216//1619
f 2164//1577 2216//1619 2231//1632
f 2216//1619 2177//1588 2248//1647
f 2178//1589 2248//1647 2177//1588
f 2151//1566 2217//1620 2219//1622
f 2179//1590 2218//1621 2217//1620
f 2178//1589 2219//1622 2249//1648
f 2250//1649 2184//1595 2180//1591
f 2251//1650 2180//1591 2181//1592
f 2252//1651 2181//1592 2182//1593
f 2199//1605 2182//1593 2183//1594
f 2132//1549 2183//1594 2135//1552
f 2253//1652 2218//1621 2184//1595
f 2222//1623 2256//1653 2190//1596
f 2257//1654 2190//1596 2256//1653
f 2223//1624 2190//1596 2258//1655
f 2254//1656 2222//1623 2191//1597
f 2222//1623 2257//1654 2256//1653
f 2223//1624 2259//1657 2192//1598
f 2224//1625 2192//1598 2259//1657
f 2260//1658 2193//1599 2224//1625
f 2193//1599 2260//1658 2225//1626
f 2261//1659 2226//1627 2194//1600
f 2262//1660 2194//1600 2195//1601
f 2263//1661 2195//1601 2197//1603
f 2264//1662 2196//1602 2226//1627
f 2227//1628 2160//1573 2225//1626
f 2265//1663 2197//1603 2227//1628
f 2196//1602 2264//1662 2228//1629
f 2266//1664 2198//1604 2228//1629
f 2162//1575 2229//1630 2267//1665
f 2198//1604 2266//1664 2229//1630
f 2200//1606 2252//1651 2199//1605
f 2201//1607 2268//1666 2200//1606
f 2202//1608 2269//1667 2201//1607
f 2162//1575 2230//1631 2163//1576
f 2230//1631 2270//1668 2202//1608
f 2165//1578 2231//1632 2232//1633
f 2166//1579 2232//1633 2233//1634
f 2203//1609 2233//1634 2235//1636
f 2204//1610 2234//1635 2271//1669
f 2167//1580 2235//1636 2234//1635
f 2214//1617 2204//1610 2272//1670
f 2175//1586 2246//1645 2207//1611
f 2207//1611 2273//1671 2208//1612
f 2239//1637 2170//1581 2208//1612
f 2274//1672 2209//1613 2239//1637
f 2209//1613 2274//1672 2240//1638
f 2275//1673 2210//1614 2240//1638
f 2210//1614 2276//1674 2277//1674
f 2278//1675 2210//1614 2277//1674
f 2210//1614 2278//1675 2241//1639
f 2211//1615 2241//1640 2279//1676
f 2241//1639 2278//1675 2276//1674
f 2242//1641 2176//1587 2247//1646
f 2243//1642 2172//1583 2242//1641
f 2244//1643 2173//1584 2243//1642
f 2245//1644 2174//1585 2244//1643
f 2280//1677 2213//1616 2245//1644
f 2213//1616 2280//1677 2246//1645
f 2272//1670 2215//1618 2214//1617
f 2281//1678 2247//1646 2215//1618
f 2248//1647 2231//1632 2216//1619
f 2248//1647 2178//1589 2249//1648
f 2282//1679 2219//1622 2217//1620
f 2283//1680 2217//1620 2218//1621
f 2284//1681 2249//1648 2219//1622
f 2184//1595 2250//1649 2253//1652
f 2180//1591 2251//1650 2250//1649
f 2181//1592 2252//1651 2251//1650
f 2182//1593 2199//1605 2252//1651
f 2218//1621 2253//1652 2283//1680
f 2257//1654 2222//1623 2254//1656
f 2288//1682 2258//1655 2190//1596
f 2289//1683 2223//1624 2258//1655
f 2259//1657 2223//1624 2290//1684
f 2291//1685 2224//1625 2259//1657
f 2224//1625 2291//1685 2260//1658
f 2292//1686 2225//1626 2260//1658
f 2226//1627 2261//1659 2264//1662
f 2194//1600 2262//1660 2261//1659
f 2195//1601 2263//1661 2262//1660
f 2197//1603 2265//1663 2263//1661
f 2225//1626 2292//1686 2227//1628
f 2227//1628 2293//1687 2265//1663
f 2294//1688 2228//1629 2264//1662
f 2295//1689 2267//1665 2229//1630
f 2296//1690 2229//1630 2266//1664
f 2252//1651 2200//1606 2268//1666
f 2268//1666 2201//1607 2269//1667
f 2269//1667 2202//1608 2270//1668
f 2230//1631 2162//1575 2267//1665
f 2270//1668 2230//1631 2297//1691
f 2298//1692 2232//1633 2231//1632
f 2299//1693 2233//1634 2232//1633
f 2300//1694 2235//1636 2233//1634
f 2301//1695 2271//1669 2234//1635
f 2302//1696 2204//1610 2271//1669
f 2303//1697 2234//1635 2235//1636
f 2204//1610 2302//1696 2272//1670
f 2273//1671 2207//1611 2246//1645
f 2304//1698 2208//1612 2273//1671
f 2208//1612 2304//1698 2239//1637
f 2304//1698 2274//1672 2239//1637
f 2274//1672 2275//1673 2240//1638
f 2210//1614 2275//1673 2305//1699
f 2210//1614 2306//1700 2276//1674
f 2278//1675 2277//1674 2276//1674
f 2241//1640 2276//1701 2279//1676
f 2308//1702 2242//1641 2247//1646
f 2309//1703 2243//1642 2242//1641
f 2310//1704 2244//1643 2243//1642
f 2311//1705 2245//1644 2244//1643
f 2312//1706 2280//1677 2245//1644
f 2313//1707 2246//1645 2280//1677
f 2215//1618 2272//1670 2281//1678
f 2247//1646 2281//1678 2308//1702
f 2231//1632 2248//1647 2298//1692
f 2249//1648 2298//1692 2248//1647
f 2219//1622 2282//1679 2284//1681
f 2217//1620 2283//1680 2282//1679
f 2249//1648 2284//1681 2314//1708
f 2315//1709 2253//1652 2250//1649
f 2316//1710 2250//1649 2251//1650
f 2268//1666 2251//1650 2252//1651
f 2317//1711 2283//1680 2253//1652
f 2318//1712 2287//1713 2285//1714
f 2287//1713 2286//1715 2257//1654
f 2318//1712 2286//1715 2287//1713
f 2190//1596 2257//1654 2287//1713
f 2258//1655 2288//1682 2319//1716
f 2320//1717 2288//1682 2190//1596
f 2223//1624 2289//1683 2290//1684
f 2319//1716 2289//1683 2258//1655
f 2321//1718 2259//1657 2290//1684
f 2259//1657 2321//1718 2291//1685
f 2322//1719 2260//1658 2291//1685
f 2260//1658 2322//1719 2292//1686
f 2261//1659 2294//1688 2264//1662
f 2262//1660 2323//1720 2261//1659
f 2263//1661 2324//1721 2262//1660
f 2265//1663 2325//1722 2263//1661
f 2293//1687 2227//1628 2292//1686
f 2293//1687 2326//1723 2265//1663
f 2228//1629 2294//1688 2266//1664
f 2267//1665 2295//1689 2327//1724
f 2229//1630 2296//1690 2295//1689
f 2266//1664 2328//1725 2296//1690
f 2269//1667 2316//1710 2268//1666
f 2270//1668 2329//1726 2269//1667
f 2267//1665 2297//1691 2230//1631
f 2297//1691 2330//1727 2270//1668
f 2232//1633 2298//1692 2299//1693
f 2233//1634 2299//1693 2300//1694
f 2235//1636 2300//1694 2303//1697
f 2271//1669 2301//1695 2331//1728
f 2234//1635 2303//1697 2301//1695
f 2271//1669 2332//1729 2302//1696
f 2333//1730 2272//1670 2302//1696
f 2246//1645 2313//1707 2273//1671
f 2273//1671 2334//1731 2304//1698
f 2274//1672 2304//1698 2335//1732
f 2275//1673 2274//1672 2336//1733
f 2337//1734 2305//1699 2275//1673
f 2305//1699 2320//1717 2210//1614
f 2210//1614 2320//1717 2338//1700
f 2210//1614 2338//1700 2306//1700
f 2276//1701 2306//1735 2279//1676
f 2339//1736 2340//1737 2285//1714
f 2340//1737 2318//1712 2285//1714
f 2341//1738 2338//1739 2339//1736
f 2338//1739 2340//1737 2339//1736
f 2320//1717 2190//1596 2318//1712
f 2242//1641 2308//1702 2309//1703
f 2243//1642 2309//1703 2310//1704
f 2244//1643 2310//1704 2311//1705
f 2245//1644 2311//1705 2312//1706
f 2280//1677 2312//1706 2342//1740
f 2342//1740 2313//1707 2280//1677
f 2272//1670 2333//1730 2281//1678
f 2281//1678 2343//1741 2308//1702
f 2298//1692 2249//1648 2314//1708
f 2344//1742 2284//1681 2282//1679
f 2283//1680 2344//1742 2282//1679
f 2345//1743 2314//1708 2284//1681
f 2253//1652 2315//1709 2317//1711
f 2250//1649 2316//1710 2315//1709
f 2251//1650 2268//1666 2316//1710
f 2283//1680 2317//1711 2346//1744
f 2190//1596 2287//1713 2318//1712
f 2347//1745 2319//1716 2288//1682
f 2288//1682 2320//1717 2348//1746
f 2289//1683 2321//1718 2290//1684
f 2289//1683 2319//1716 2349//1747
f 2350//1748 2291//1685 2321//1718
f 2291//1685 2350//1748 2322//1719
f 2351//1749 2292//1686 2322//1719
f 2294//1688 2261//1659 2323//1720
f 2323//1720 2262//1660 2324//1721
f 2324//1721 2263//1661 2325//1722
f 2325//1722 2265//1663 2326//1723
f 2292//1686 2351//1749 2293//1687
f 2326//1723 2293//1687 2352//1750
f 2328//1725 2266//1664 2294//1688
f 2353//1751 2327//1724 2295//1689
f 2297//1691 2267//1665 2327//1724
f 2354//1752 2295//1689 2296//1690
f 2355//1753 2296//1690 2328//1725
f 2316//1710 2269//1667 2329//1726
f 2329//1726 2270//1668 2330//1727
f 2330//1727 2297//1691 2356//1754
f 2314//1708 2299//1693 2298//1692
f 2357//1755 2300//1694 2299//1693
f 2358//1756 2303//1697 2300//1694
f 2359//1757 2331//1728 2301//1695
f 2332//1729 2271//1669 2331//1728
f 2360//1758 2301//1695 2303//1697
f 2361//1759 2302//1696 2332//1729
f 2302//1696 2361//1759 2333//1730
f 2334//1731 2273//1671 2313//1707
f 2334//1731 2335//1732 2304//1698
f 2335//1732 2336//1733 2274//1672
f 2362//1760 2275//1673 2336//1733
f 2305//1699 2337//1734 2363//1761
f 2275//1673 2362//1760 2337//1734
f 2320//1717 2305//1699 2348//1746
f 2341//1738 2306//1735 2338//1739
f 2306//1735 2341//1738 2279//1676
f 2343//1741 2309//1703 2308//1702
f 2364//1762 2310//1704 2309//1703
f 2365//1763 2311//1705 2310//1704
f 2366//1764 2312//1706 2311//1705
f 2367//1765 2342//1740 2312//1706
f 2313//1707 2342//1740 2368//1766
f 2343//1741 2281//1678 2333//1730
f 2284//1681 2344//1742 2345//1743
f 2344//1742 2283//1680 2346//1744
f 2314//1708 2345//1743 2357//1755
f 2369//1767 2317//1711 2315//1709
f 2329//1726 2315//1709 2316//1710
f 2370//1768 2346//1744 2317//1711
f 2319//1716 2347//1745 2371//1769
f 2288//1682 2372//1770 2347//1745
f 2372//1770 2288//1682 2348//1746
f 2321//1718 2289//1683 2373//1771
f 2319//1716 2374//1772 2349//1747
f 2349//1747 2373//1771 2289//1683
f 2373//1771 2350//1748 2321//1718
f 2375//1773 2322//1719 2350//1748
f 2322//1719 2375//1773 2351//1749
f 2323//1720 2328//1725 2294//1688
f 2324//1721 2376//1774 2323//1720
f 2325//1722 2377//1775 2324//1721
f 2326//1723 2378//1776 2325//1722
f 2351//1749 2352//1750 2293//1687
f 2352//1750 2379//1777 2326//1723
f 2327//1724 2353//1751 2380//1778
f 2295//1689 2354//1752 2353//1751
f 2327//1724 2356//1754 2297//1691
f 2296//1690 2355//1753 2354//1752
f 2376//1774 2355//1753 2328//1725
f 2330//1727 2369//1767 2329//1726
f 2356//1754 2381//1779 2330//1727
f 2299//1693 2314//1708 2357//1755
f 2300//1694 2357//1755 2358//1756
f 2303//1697 2358//1756 2360//1758
f 2331//1728 2359//1757 2382//1780
f 2301//1695 2360//1758 2359//1757
f 2331//1728 2383//1781 2332//1729
f 2332//1729 2384//1782 2361//1759
f 2385//1783 2333//1730 2361//1759
f 2368//1766 2334//1731 2313//1707
f 2335//1732 2334//1731 2386//1784
f 2336//1733 2335//1732 2387//1785
f 2387//1785 2362//1760 2336//1733
f 2388//1786 2363//1761 2337//1734
f 2372//1770 2305//1699 2363//1761
f 2389//1787 2337//1734 2362//1760
f 2305//1699 2372//1770 2348//1746
f 2309//1703 2343//1741 2364//1762
f 2310//1704 2364//1762 2365//1763
f 2311//1705 2365//1763 2366//1764
f 2312//1706 2366//1764 2367//1765
f 2342//1740 2367//1765 2390//1788
f 2390//1788 2368//1766 2342//1740
f 2333//1730 2385//1783 2343//1741
f 2391//1789 2345//1743 2344//1742
f 2392//1790 2344//1742 2346//1744
f 2393//1791 2357//1755 2345//1743
f 2317//1711 2369//1767 2370//1768
f 2315//1709 2329//1726 2369//1767
f 2346//1744 2370//1768 2392//1790
f 2394//1792 2371//1769 2347//1745
f 2374//1772 2319//1716 2371//1769
f 2395//1793 2347//1745 2372//1770
f 2374//1772 2396//1794 2349//1747
f 2373//1771 2349//1747 2396//1794
f 2350//1748 2373//1771 2397//1795
f 2350//1748 2398//1796 2375//1773
f 2375//1773 2399//1797 2351//1749
f 2328//1725 2323//1720 2376//1774
f 2376//1774 2324//1721 2377//1775
f 2377//1775 2325//1722 2378//1776
f 2378//1776 2326//1723 2379//1777
f 2352//1750 2351//1749 2399//1797
f 2379//1777 2352//1750 2400//1798
f 2401//1799 2380//1778 2353//1751
f 2356//1754 2327//1724 2380//1778
f 2354//1752 2401//1799 2353//1751
f 2402//1800 2354//1752 2355//1753
f 2355//1753 2376//1774 2403//1801
f 2369//1767 2330//1727 2381//1779
f 2381//1779 2356//1754 2404//1802
f 2357//1755 2393//1791 2358//1756
f 2358//1756 2405//1803 2360//1758
f 2359//1757 2406//1804 2382//1780
f 2383//1781 2331//1728 2382//1780
f 2360//1758 2407//1805 2359//1757
f 2384//1782 2332//1729 2383//1781
f 2408//1806 2361//1759 2384//1782
f 2361//1759 2408//1806 2385//1783
f 2334//1731 2368//1766 2409//1807
f 2409//1807 2386//1784 2334//1731
f 2386//1784 2387//1785 2335//1732
f 2362//1760 2387//1785 2410//1808
f 2363//1761 2388//1786 2411//1809
f 2337//1734 2389//1787 2388//1786
f 2411//1809 2372//1770 2363//1761
f 2362//1760 2412//1810 2389//1787
f 2385//1783 2364//1762 2343//1741
f 2413//1811 2365//1763 2364//1762
f 2414//1812 2366//1764 2365//1763
f 2415//1813 2367//1765 2366//1764
f 2416//1814 2390//1788 2367//1765
f 2368//1766 2390//1788 2417//1815
f 2345//1743 2391//1789 2393//1791
f 2344//1742 2392//1790 2391//1789
f 2381//1779 2370//1768 2369//1767
f 2418//1816 2392//1790 2370//1768
f 2371//1769 2394//1792 2419//1817
f 2347//1745 2395//1793 2394//1792
f 2419//1817 2374//1772 2371//1769
f 2372//1770 2411//1809 2395//1793
f 2396//1794 2374//1772 2420//1818
f 2396//1794 2397//1795 2373//1771
f 2398//1796 2350//1748 2397//1795
f 2421//1819 2375//1773 2398//1796
f 2399//1797 2375//1773 2422//1820
f 2377//1775 2403//1801 2376//1774
f 2378//1776 2423//1821 2377//1775
f 2379//1777 2424//1822 2378//1776
f 2399//1797 2400//1798 2352//1750
f 2400//1798 2425//1823 2379//1777
f 2380//1778 2401//1799 2426//1824
f 2380//1778 2404//1802 2356//1754
f 2401//1799 2354//1752 2427//1825
f 2354//1752 2402//1800 2427//1825
f 2403//1801 2402//1800 2355//1753
f 2404//1802 2418//1816 2381//1779
f 2405//1803 2358//1756 2393//1791
f 2407//1805 2360//1758 2405//1803
f 2406//1804 2359//1757 2407//1805
f 2428//1826 2382//1780 2406//1804
f 2382//1780 2428//1826 2383//1781
f 2383//1781 2429//1827 2384//1782
f 2384//1782 2430//1828 2408//1806
f 2408//1806 2413//1811 2385//1783
f 2417//1815 2409//1807 2368//1766
f 2386//1784 2409//1807 2431//1829
f 2387//1785 2386//1784 2432//1830
f 2432//1830 2410//1808 2387//1785
f 2412//1810 2362//1760 2410//1808
f 2433//1831 2411//1809 2388//1786
f 2389//1787 2433//1831 2388//1786
f 2434//1832 2389//1787 2412//1810
f 2364//1762 2385//1783 2413//1811
f 2365//1763 2413//1811 2414//1812
f 2366//1764 2414//1812 2415//1813
f 2367//1765 2415//1813 2416//1814
f 2390//1788 2416//1814 2435//1833
f 2435//1833 2417//1815 2390//1788
f 2436//1834 2393//1791 2391//1789
f 2392//1790 2436//1834 2391//1789
f 2370//1768 2381//1779 2418//1816
f 2392//1790 2418//1816 2437//1835
f 2438//1836 2419//1817 2394//1792
f 2395//1793 2438//1836 2394//1792
f 2374//1772 2419//1817 2439//1837
f 2440//1838 2395//1793 2411//1809
f 2374//1772 2441//1839 2420//1818
f 2420//1818 2442//1840 2396//1794
f 2397//1795 2396//1794 2442//1840
f 2397//1795 2443//1841 2398//1796
f 2375//1773 2421//1819 2422//1820
f 2398//1796 2444//1842 2421//1819
f 2422//1820 2445//1843 2399//1797
f 2403//1801 2377//1775 2423//1821
f 2423//1821 2378//1776 2424//1822
f 2424//1822 2379//1777 2425//1823
f 2400//1798 2399//1797 2445//1843
f 2425//1823 2400//1798 2446//1844
f 2401//1799 2447//1845 2426//1824
f 2404//1802 2380//1778 2426//1824
f 2427//1825 2448//1846 2401//1799
f 2402//1800 2449//1847 2427//1825
f 2402//1800 2403//1801 2450//1848
f 2418//1816 2404//1802 2451//1849
f 2393//1791 2436//1834 2405//1803
f 2405//1803 2452//1850 2407//1805
f 2407//1805 2453//1851 2406//1804
f 2406//1804 2454//1852 2428//1826
f 2429//1827 2383//1781 2428//1826
f 2430//1828 2384//1782 2429//1827
f 2455//1853 2408//1806 2430//1828
f 2413//1811 2408//1806 2456//1854
f 2409//1807 2417//1815 2457//1855
f 2409//1807 2458//1856 2431//1829
f 2431//1829 2432//1830 2386//1784
f 2410//1808 2432//1830 2459//1857
f 2410//1808 2460//1858 2412//1810
f 2411//1809 2433//1831 2440//1838
f 2433//1831 2389//1787 2461//1859
f 2389//1787 2434//1832 2461//1859
f 2412//1810 2462//1860 2434//1832
f 2456//1854 2414//1812 2413//1811
f 2463//1861 2415//1813 2414//1812
f 2464//1862 2416//1814 2415//1813
f 2465//1863 2435//1833 2416//1814
f 2417//1815 2435//1833 2466//1864
f 2436//1834 2392//1790 2437//1835
f 2451//1849 2437//1835 2418//1816
f 2419//1817 2438//1836 2467//1865
f 2438//1836 2395//1793 2468//1866
f 2467//1865 2439//1837 2419//1817
f 2441//1839 2374//1772 2439//1837
f 2395//1793 2440//1838 2468//1866
f 2469//1867 2420//1818 2441//1839
f 2442//1840 2420//1818 2470//1868
f 2443//1841 2397//1795 2442//1840
f 2444//1842 2398//1796 2443//1841
f 2471//1869 2422//1820 2421//1819
f 2472//1870 2421//1819 2444//1842
f 2445//1843 2422//1820 2473//1871
f 2423//1821 2450//1848 2403//1801
f 2424//1822 2474//1872 2423//1821
f 2425//1823 2475//1873 2424//1822
f 2445//1843 2446//1844 2400//1798
f 2446//1844 2476//1874 2425//1823
f 2447//1845 2401//1799 2448//1846
f 2451//1849 2426//1824 2447//1845
f 2426//1824 2451//1849 2404//1802
f 2448//1846 2427//1825 2449//1847
f 2449//1847 2402//1800 2477//1875
f 2450//1848 2477//1875 2402//1800
f 2452//1850 2405//1803 2436//1834
f 2453//1851 2407//1805 2452//1850
f 2454//1852 2406//1804 2453//1851
f 2478//1876 2428//1826 2454//1852
f 2428//1826 2478//1876 2429//1827
f 2429//1827 2479//1877 2430//1828
f 2408//1806 2455//1853 2456//1854
f 2430//1828 2480//1878 2455//1853
f 2466//1864 2457//1855 2417//1815
f 2458//1856 2409//1807 2457//1855
f 2481//1879 2431//1829 2458//1856
f 2432//1830 2431//1829 2482//1880
f 2482//1880 2459//1857 2432//1830
f 2460//1858 2410//1808 2459//1857
f 2462//1860 2412//1810 2460//1858
f 2483//1881 2440//1838 2433//1831
f 2484//1882 2433//1831 2461//1859
f 2485//1883 2461//1859 2434//1832
f 2486//1884 2434//1832 2462//1860
f 2414//1812 2456//1854 2463//1861
f 2415//1813 2463//1861 2464//1862
f 2416//1814 2464//1862 2465//1863
f 2435//1833 2465//1863 2487//1885
f 2487//1885 2466//1864 2435//1833
f 2488//1886 2436//1834 2437//1835
f 2437//1835 2451//1849 2488//1886
f 2489//1887 2467//1865 2438//1836
f 2490//1888 2438//1836 2468//1866
f 2439//1837 2467//1865 2491//1889
f 2439//1837 2492//1890 2441//1839
f 2493//1891 2468//1866 2440//1838
f 2420//1818 2469//1867 2470//1868
f 2441//1839 2494//1892 2469//1867
f 2495//1893 2442//1840 2470//1868
f 2442//1840 2495//1893 2443//1841
f 2443//1841 2496//1894 2444//1842
f 2422//1820 2471//1869 2473//1871
f 2421//1819 2472//1870 2471//1869
f 2444//1842 2497//1895 2472//1870
f 2473//1871 2498//1896 2445//1843
f 2450//1848 2423//1821 2474//1872
f 2474//1872 2424//1822 2475//1873
f 2475//1873 2425//1823 2476//1874
f 2446//1844 2445//1843 2498//1896
f 2476//1874 2446//1844 2499//1897
f 2448//1846 2500//1898 2447//1845
f 2447//1845 2488//1886 2451//1849
f 2449//1847 2501//1899 2448//1846
f 2477//1875 2502//1900 2449//1847
f 2477//1875 2450//1848 2503//1901
f 2436//1834 2488//1886 2452//1850
f 2452//1850 2500//1898 2453//1851
f 2453//1851 2501//1899 2454//1852
f 2454//1852 2502//1900 2478//1876
f 2479//1877 2429//1827 2478//1876
f 2480//1878 2430//1828 2479//1877
f 2504//1902 2456//1854 2455//1853
f 2505//1903 2455//1853 2480//1878
f 2457//1855 2466//1864 2506//1904
f 2457//1855 2507//1905 2458//1856
f 2431//1829 2481//1879 2482//1880
f 2458//1856 2508//1906 2481//1879
f 2459//1857 2482//1880 2509//1907
f 2509//1907 2460//1858 2459//1857
f 2510//1908 2462//1860 2460//1858
f 2440//1838 2483//1881 2493//1891
f 2433//1831 2484//1882 2483//1881
f 2461//1859 2485//1883 2484//1882
f 2434//1832 2486//1884 2485//1883
f 2511//1909 2486//1884 2462//1860
f 2456//1854 2504//1902 2463//1861
f 2463//1861 2512//1910 2464//1862
f 2464//1862 2513//1911 2465//1863
f 2465//1863 2514//1912 2487//1885
f 2466//1864 2487//1885 2515//1913
f 2467//1865 2489//1887 2516//1914
f 2438//1836 2490//1888 2489//1887
f 2468//1866 2493//1891 2490//1888
f 2516//1914 2491//1889 2467//1865
f 2492//1890 2439//1837 2491//1889
f 2494//1892 2441//1839 2492//1890
f 2517//1915 2470//1868 2469//1867
f 2518//1916 2469//1867 2494//1892
f 2470//1868 2517//1915 2495//1893
f 2496//1894 2443//1841 2495//1893
f 2497//1895 2444//1842 2496//1894
f 2519//1917 2473//1871 2471//1869
f 2520//1918 2471//1869 2472//1870
f 2521//1919 2472//1870 2497//1895
f 2498//1896 2473//1871 2522//1920
f 2474//1872 2503//1901 2450//1848
f 2475//1873 2523//1921 2474//1872
f 2476//1874 2524//1922 2475//1873
f 2498//1896 2499//1897 2446//1844
f 2499//1897 2525//1923 2476//1874
f 2500//1898 2448//1846 2501//1899
f 2488//1886 2447//1845 2500//1898
f 2501//1899 2449//1847 2502//1900
f 2502//1900 2477//1875 2526//1924
f 2503//1901 2526//1924 2477//1875
f 2500//1898 2452//1850 2488//1886
f 2501//1899 2453//1851 2500//1898
f 2502//1900 2454//1852 2501//1899
f 2502//1900 2479//1877 2478//1876
f 2479//1877 2527//1925 2480//1878
f 2455//1853 2505//1903 2504//1902
f 2480//1878 2528//1926 2505//1903
f 2515//1913 2506//1904 2466//1864
f 2507//1905 2457//1855 2506//1904
f 2508//1906 2458//1856 2507//1905
f 2529//1927 2482//1880 2481//1879
f 2530//1928 2481//1879 2508//1906
f 2482//1880 2529//1927 2509//1907
f 2460//1858 2509//1907 2510//1908
f 2462//1860 2510//1908 2511//1909
f 2531//1929 2493//1891 2483//1881
f 2532//1930 2483//1881 2484//1882
f 2533//1931 2484//1882 2485//1883
f 2534//1932 2485//1883 2486//1884
f 2486//1884 2511//1909 2535//1933
f 2512//1910 2463//1861 2504//1902
f 2513//1911 2464//1862 2512//1910
f 2514//1912 2465//1863 2513//1911
f 2536//1934 2487//1885 2514//1912
f 2487//1885 2536//1934 2515//1913
f 2537//1935 2516//1914 2489//1887
f 2538//1936 2489//1887 2490//1888
f 2539//1937 2490//1888 2493//1891
f 2491//1889 2516//1914 2540//1938
f 2491//1889 2541//1939 2492//1890
f 2492//1890 2542//1940 2494//1892
f 2469//1867 2518//1916 2517//1915
f 2494//1892 2543//1941 2518//1916
f 2517//1915 2496//1894 2495//1893
f 2544//1942 2497//1895 2496//1894
f 2473//1871 2519//1917 2522//1920
f 2471//1869 2520//1918 2519//1917
f 2472//1870 2521//1919 2520//1918
f 2545//1943 2521//1919 2497//1895
f 2522//1920 2546//1944 2498//1896
f 2503//1901 2474//1872 2523//1921
f 2523//1921 2475//1873 2524//1922
f 2524//1922 2476//1874 2525//1923
f 2499//1897 2498//1896 2546//1944
f 2525//1923 2499//1897 2547//1945
f 2479//1877 2502//1900 2526//1924
f 2526//1924 2503//1901 2527//1925
f 2527//1925 2479//1877 2526//1924
f 2528//1926 2480//1878 2527//1925
f 2548//1946 2504//1902 2505//1903
f 2549//1947 2505//1903 2528//1926
f 2506//1904 2515//1913 2550//1948
f 2506//1904 2551//1949 2507//1905
f 2507//1905 2552//1950 2508//1906
f 2481//1879 2530//1928 2529//1927
f 2508//1906 2553//1951 2530//1928
f 2529//1927 2510//1908 2509//1907
f 2554//1952 2511//1909 2510//1908
f 2493//1891 2531//1929 2539//1937
f 2483//1881 2532//1930 2531//1929
f 2484//1882 2533//1931 2532//1930
f 2485//1883 2534//1932 2533//1931
f 2535//1933 2534//1932 2486//1884
f 2504//1902 2548//1946 2512//1910
f 2512//1910 2555//1953 2513//1911
f 2513//1911 2556//1954 2514//1912
f 2514//1912 2557//1955 2536//1934
f 2558//1956 2515//1913 2536//1934
f 2516//1914 2537//1935 2559//1957
f 2489//1887 2538//1936 2537//1935
f 2490//1888 2539//1937 2538//1936
f 2559//1957 2540//1938 2516//1914
f 2541//1939 2491//1889 2540//1938
f 2542//1940 2492//1890 2541//1939
f 2543//1941 2494//1892 2542//1940
f 2518//1916 2544//1942 2517//1915
f 2543//1941 2560//1958 2518//1916
f 2496//1894 2517//1915 2544//1942
f 2497//1895 2544//1942 2545//1943
f 2519//1917 2561//1959 2522//1920
f 2562//1960 2519//1917 2520//1918
f 2521//1919 2562//1960 2520//1918
f 2521//1919 2545//1943 2563//1961
f 2546//1944 2522//1920 2561//1959
f 2523//1921 2527//1925 2503//1901
f 2524//1922 2528//1926 2523//1921
f 2525//1923 2549//1947 2524//1922
f 2546//1944 2547//1945 2499//1897
f 2547//1945 2564//1962 2525//1923
f 2527//1925 2523//1921 2528//1926
f 2505//1903 2549//1947 2548//1946
f 2528//1926 2524//1922 2549//1947
f 2515//1913 2558//1956 2550//1948
f 2551//1949 2506//1904 2550//1948
f 2552//1950 2507//1905 2551//1949
f 2553//1951 2508//1906 2552//1950
f 2530//1928 2554//1952 2529//1927
f 2553//1951 2565//1963 2530//1928
f 2510//1908 2529//1927 2554//1952
f 2511//1909 2554//1952 2566//1964
f 2531//1929 2567//1965 2539//1937
f 2568//1966 2531//1929 2532//1930
f 2569//1967 2532//1930 2533//1931
f 2570//1968 2533//1931 2534//1932
f 2534//1932 2535//1933 2571//1969
f 2555//1953 2512//1910 2548//1946
f 2556//1954 2513//1911 2555//1953
f 2557//1955 2514//1912 2556//1954
f 2572//1970 2536//1934 2557//1955
f 2536//1934 2572//1970 2558//1956
f 2537//1935 2573//1971 2559//1957
f 2574//1972 2537//1935 2538//1936
f 2567//1965 2538//1936 2539//1937
f 2540//1938 2559//1957 2575//1973
f 2540//1938 2576//1974 2541//1939
f 2541//1939 2577//1975 2542//1940
f 2542//1940 2578//1976 2543//1941
f 2544//1942 2518//1916 2560//1958
f 2560//1958 2543//1941 2579//1977
f 2560//1958 2545//1943 2544//1942
f 2561//1959 2519//1917 2580//1978
f 2519//1917 2562//1960 2580//1978
f 2562//1960 2521//1919 2581//1979
f 2582//1980 2563//1961 2545//1943
f 2563//1961 2581//1979 2521//1919
f 2561//1959 2583//1981 2546//1944
f 2549//1947 2525//1923 2564//1962
f 2547//1945 2546//1944 2583//1981
f 2564//1962 2547//1945 2584//1982
f 2564//1962 2548//1946 2549//1947
f 2585//1983 2550//1948 2558//1956
f 2550//1948 2585//1983 2551//1949
f 2551//1949 2586//1984 2552//1950
f 2586//1984 2553//1951 2552//1950
f 2554//1952 2530//1928 2565//1963
f 2565//1963 2553//1951 2587//1985
f 2565//1963 2566//1964 2554//1952
f 2566//1964 2535//1933 2511//1909
f 2567//1965 2531//1929 2588//1986
f 2531//1929 2568//1966 2588//1986
f 2532//1930 2569//1967 2568//1966
f 2533//1931 2570//1968 2569//1967
f 2571//1969 2570//1968 2534//1932
f 2589//1987 2571//1969 2535//1933
f 2548//1946 2564//1962 2555//1953
f 2555//1953 2584//1982 2556//1954
f 2556//1954 2590//1988 2557//1955
f 2557//1955 2591//1989 2572//1970
f 2572//1970 2585//1983 2558//1956
f 2573//1971 2537//1935 2592//1990
f 2573//1971 2575//1973 2559//1957
f 2537//1935 2574//1972 2592//1990
f 2538//1936 2567//1965 2574//1972
f 2576//1974 2540//1938 2575//1973
f 2577//1975 2541//1939 2576//1974
f 2578//1976 2542//1940 2577//1975
f 2578//1976 2579//1977 2543//1941
f 2579//1977 2582//1980 2560//1958
f 2545//1943 2560//1958 2582//1980
f 2580//1978 2593//1991 2561//1959
f 2562//1960 2594//1992 2580//1978
f 2581//1979 2595//1993 2562//1960
f 2563//1961 2582//1980 2596//1994
f 2581//1979 2563//1961 2597//1995
f 2583//1981 2561//1959 2593//1991
f 2583//1981 2584//1982 2547//1945
f 2584//1982 2555//1953 2564//1962
f 2586//1984 2551//1949 2585//1983
f 2553//1951 2586//1984 2598//1996
f 2553//1951 2599//1997 2587//1985
f 2587//1985 2600//1998 2565//1963
f 2566//1964 2565//1963 2600//1998
f 2535//1933 2566//1964 2589//1987
f 2601//1999 2567//1965 2588//1986
f 2602//2000 2588//1986 2568//1966
f 2603//2001 2568//1966 2569//1967
f 2604//2002 2569//1967 2570//1968
f 2570//1968 2571//1969 2605//2003
f 2571//1969 2589//1987 2606//2004
f 2590//1988 2556//1954 2584//1982
f 2591//1989 2557//1955 2590//1988
f 2607//2005 2572//1970 2591//1989
f 2585//1983 2572//1970 2608//2006
f 2609//2007 2573//1971 2592//1990
f 2575//1973 2573//1971 2610//2008
f 2611//2009 2592//1990 2574//1972
f 2612//2010 2574//1972 2567//1965
f 2575//1973 2613//2011 2576//1974
f 2576//1974 2614//2012 2577//1975
f 2577//1975 2615//2013 2578//1976
f 2579//1977 2578//1976 2616//2014
f 2582//1980 2579//1977 2617//2015
f 2593//1991 2580//1978 2594//1992
f 2594//1992 2562//1960 2595//1993
f 2595//1993 2581//1979 2618//2016
f 2617//2015 2596//1994 2582//1980
f 2619//2017 2563//1961 2596//1994
f 2563//1961 2619//2017 2597//1995
f 2597//1995 2618//2016 2581//1979
f 2593//1991 2590//1988 2583//1981
f 2584//1982 2583//1981 2590//1988
f 2585//1983 2620//2018 2586//1984
f 2586//1984 2621//2019 2598//1996
f 2599//1997 2553//1951 2598//1996
f 2599//1997 2622//2020 2587//1985
f 2600//1998 2587//1985 2622//2020
f 2600//1998 2589//1987 2566//1964
f 2567//1965 2601//1999 2612//2010
f 2588//1986 2602//2000 2601//1999
f 2568//1966 2603//2001 2602//2000
f 2569//1967 2604//2002 2603//2001
f 2605//2003 2604//2002 2570//1968
f 2606//2004 2605//2003 2571//1969
f 2623//2021 2606//2004 2589//1987
f 2590//1988 2593//1991 2591//1989
f 2572//1970 2607//2005 2608//2006
f 2591//1989 2594//1992 2607//2005
f 2620//2018 2585//1983 2608//2006
f 2573//1971 2609//2007 2624//2022
f 2592//1990 2611//2009 2609//2007
f 2624//2022 2610//2008 2573//1971
f 2613//2011 2575//1973 2610//2008
f 2574//1972 2612//2010 2611//2009
f 2614//2012 2576//1974 2613//2011
f 2615//2013 2577//1975 2614//2012
f 2615//2013 2616//2014 2578//1976
f 2616//2014 2617//2015 2579//1977
f 2594//1992 2591//1989 2593//1991
f 2595//1993 2607//2005 2594//1992
f 2618//2016 2625//2023 2595//1993
f 2596//1994 2617//2015 2626//2024
f 2626//2024 2619//2017 2596//1994
f 2619//2017 2627//2025 2597//1995
f 2618//2016 2597//1995 2627//2025
f 2621//2019 2586//1984 2620//2018
f 2628//2026 2598//1996 2621//2019
f 2598//1996 2628//2026 2599//1997
f 2622//2020 2599//1997 2629//2027
f 2622//2020 2623//2021 2600//1998
f 2589//1987 2600//1998 2623//2021
f 2630//2028 2612//2010 2601//1999
f 2631//2029 2601//1999 2602//2000
f 2632//2030 2602//2000 2603//2001
f 2633//2031 2603//2001 2604//2002
f 2604//2002 2605//2003 2634//2032
f 2605//2003 2606//2004 2635//2033
f 2606//2004 2623//2021 2636//2034
f 2625//2023 2608//2006 2607//2005
f 2608//2006 2625//2023 2620//2018
f 2637//2035 2624//2022 2609//2007
f 2638//2036 2609//2007 2611//2009
f 2610//2008 2624//2022 2639//2037
f 2610//2008 2640//2038 2613//2011
f 2641//2039 2611//2009 2612//2010
f 2613//2011 2642//2040 2614//2012
f 2614//2012 2643//2041 2615//2013
f 2616//2014 2615//2013 2644//2042
f 2617//2015 2616//2014 2645//2043
f 2607//2005 2595//1993 2625//2023
f 2625//2023 2618//2016 2646//2044
f 2645//2043 2626//2024 2617//2015
f 2619//2017 2626//2024 2647//2045
f 2627//2025 2619//2017 2648//2046
f 2627//2025 2646//2044 2618//2016
f 2620//2018 2646//2044 2621//2019
f 2649//2047 2599//1997 2628//2026
f 2599//1997 2649//2047 2629//2027
f 2650//2048 2622//2020 2629//2027
f 2623//2021 2622//2020 2651//2049
f 2612//2010 2630//2028 2641//2039
f 2601//1999 2631//2029 2630//2028
f 2602//2000 2632//2030 2631//2029
f 2603//2001 2633//2031 2632//2030
f 2634//2032 2633//2031 2604//2002
f 2635//2033 2634//2032 2605//2003
f 2636//2034 2635//2033 2606//2004
f 2651//2049 2636//2034 2623//2021
f 2646//2044 2620//2018 2625//2023
f 2624//2022 2637//2035 2652//2050
f 2609//2007 2638//2036 2637//2035
f 2611//2009 2641//2039 2638//2036
f 2652//2050 2639//2037 2624//2022
f 2640//2038 2610//2008 2639//2037
f 2642//2040 2613//2011 2640//2038
f 2643//2041 2614//2012 2642//2040
f 2643//2041 2644//2042 2615//2013
f 2644//2042 2645//2043 2616//2014
f 2626//2024 2645//2043 2653//2051
f 2653//2051 2647//2045 2626//2024
f 2647//2045 2648//2046 2619//2017
f 2648//2046 2654//2052 2627//2025
f 2646//2044 2627//2025 2654//2052
f 2654//2052 2621//2019 2646//2044
f 2654//2052 2649//2047 2628//2026
f 2655//2053 2629//2027 2649//2047
f 2622//2020 2650//2048 2651//2049
f 2629//2027 2655//2053 2650//2048
f 2656//2054 2641//2039 2630//2028
f 2631//2029 2656//2054 2630//2028
f 2632//2030 2657//2055 2631//2029
f 2633//2031 2658//2056 2632//2030
f 2633//2031 2634//2032 2659//2057
f 2634//2032 2635//2033 2660//2058
f 2635//2033 2636//2034 2661//2059
f 2636//2034 2651//2049 2662//2060
f 2663//2061 2652//2050 2637//2035
f 2664//2062 2637//2035 2638//2036
f 2665//2063 2638//2036 2641//2039
f 2639//2037 2652//2050 2666//2064
f 2639//2037 2667//2065 2640//2038
f 2640//2038 2668//2066 2642//2040
f 2642//2040 2669//2067 2643//2041
f 2644//2042 2643//2041 2670//2068
f 2645//2043 2644//2042 2671//2069
f 2671//2069 2653//2051 2645//2043
f 2647//2045 2653//2051 2672//2070
f 2648//2046 2647//2045 2673//2071
f 2654//2052 2648//2046 2674//2072
f 2621//2019 2654//2052 2628//2026
f 2649//2047 2654//2052 2674//2072
f 2649//2047 2675//2073 2655//2053
f 2676//2074 2651//2049 2650//2048
f 2677//2075 2650//2048 2655//2053
f 2641//2039 2656//2054 2665//2063
f 2656//2054 2631//2029 2657//2055
f 2657//2055 2632//2030 2658//2056
f 2658//2056 2633//2031 2678//2076
f 2660//2058 2659//2057 2634//2032
f 2659//2057 2678//2076 2633//2031
f 2661//2059 2660//2058 2635//2033
f 2662//2060 2661//2059 2636//2034
f 2651//2049 2676//2074 2662//2060
f 2652//2050 2663//2061 2679//2077
f 2637//2035 2664//2062 2663//2061
f 2638//2036 2665//2063 2664//2062
f 2679//2077 2666//2064 2652//2050
f 2667//2065 2639//2037 2666//2064
f 2668//2066 2640//2038 2667//2065
f 2669//2067 2642//2040 2668//2066
f 2669//2067 2670//2068 2643//2041
f 2670//2068 2671//2069 2644//2042
f 2653//2051 2671//2069 2680//2078
f 2680//2078 2672//2070 2653//2051
f 2672//2070 2673//2071 2647//2045
f 2673//2071 2674//2072 2648//2046
f 2675//2073 2649//2047 2674//2072
f 2681//2079 2655//2053 2675//2073
f 2650//2048 2677//2075 2676//2074
f 2655//2053 2681//2079 2677//2075
f 2682//2080 2665//2063 2656//2054
f 2683//2081 2656//2054 2657//2055
f 2658//2056 2683//2081 2657//2055
f 2678//2076 2684//2082 2658//2056
f 2659//2057 2660//2058 2685//2083
f 2678//2076 2659//2057 2686//2084
f 2660//2058 2661//2059 2687//2085
f 2661//2059 2662//2060 2688//2086
f 2689//2087 2662//2060 2676//2074
f 2690//2088 2679//2077 2663//2061
f 2691//2089 2663//2061 2664//2062
f 2692//2090 2664//2062 2665//2063
f 2666//2064 2679//2077 2693//2091
f 2693//2091 2667//2065 2666//2064
f 2694//2092 2668//2066 2667//2065
f 2668//2066 2695//2093 2669//2067
f 2670//2068 2669//2067 2696//2094
f 2671//2069 2670//2068 2697//2095
f 2697//2095 2680//2078 2671//2069
f 2672//2070 2680//2078 2698//2096
f 2673//2071 2672//2070 2699//2097
f 2674//2072 2673//2071 2675//2073
f 2675//2073 2699//2097 2681//2079
f 2677//2075 2689//2087 2676//2074
f 2700//2098 2677//2075 2681//2079
f 2665//2063 2682//2080 2692//2090
f 2656//2054 2683//2081 2682//2080
f 2683//2081 2658//2056 2684//2082
f 2684//2082 2678//2076 2701//2099
f 2687//2085 2685//2083 2660//2058
f 2702//2100 2659//2057 2685//2083
f 2659//2057 2702//2100 2686//2084
f 2686//2084 2701//2099 2678//2076
f 2688//2086 2687//2085 2661//2059
f 2662//2060 2689//2087 2688//2086
f 2679//2077 2690//2088 2703//2101
f 2663//2061 2691//2089 2690//2088
f 2664//2062 2692//2090 2691//2089
f 2703//2101 2693//2091 2679//2077
f 2667//2065 2693//2091 2694//2092
f 2668//2066 2694//2092 2704//2102
f 2695//2093 2668//2066 2704//2102
f 2669//2067 2705//2103 2696//2094
f 2696//2094 2697//2095 2670//2068
f 2680//2078 2697//2095 2706//2104
f 2706//2104 2698//2096 2680//2078
f 2698//2096 2699//2097 2672//2070
f 2699//2097 2675//2073 2673//2071
f 2699//2097 2700//2098 2681//2079
f 2689//2087 2677//2075 2707//2105
f 2677//2075 2700//2098 2707//2105
f 2708//2106 2692//2090 2682//2080
f 2709//2107 2682//2080 2683//2081
f 2684//2082 2709//2107 2683//2081
f 2701//2099 2710//2108 2684//2082
f 2685//2083 2687//2085 2711//2109
f 2685//2083 2712//2110 2702//2100
f 2713//2111 2686//2084 2702//2100
f 2701//2099 2686//2084 2714//2112
f 2687//2085 2688//2086 2715//2113
f 2716//2114 2688//2086 2689//2087
f 2717//2115 2703//2101 2690//2088
f 2718//2116 2690//2088 2691//2089
f 2719//2117 2691//2089 2692//2090
f 2693//2091 2703//2101 2720//2118
f 2720//2118 2694//2092 2693//2091
f 2721//2119 2704//2102 2694//2092
f 2704//2102 2722//2120 2695//2093
f 2705//2103 2669//2067 2695//2093
f 2723//2121 2696//2094 2705//2103
f 2697//2095 2696//2094 2724//2122
f 2724//2122 2706//2104 2697//2095
f 2698//2096 2706//2104 2725//2123
f 2699//2097 2698//2096 2726//2124
f 2700//2098 2699//2097 2726//2124
f 2727//2125 2689//2087 2707//2105
f 2728//2126 2707//2105 2700//2098
f 2692//2090 2708//2106 2719//2117
f 2682//2080 2709//2107 2708//2106
f 2709//2107 2684//2082 2710//2108
f 2710//2108 2701//2099 2729//2127
f 2715//2113 2711//2109 2687//2085
f 2712//2110 2685//2083 2711//2109
f 2730//2128 2702//2100 2712//2110
f 2686//2084 2713//2111 2714//2112
f 2702//2100 2730//2128 2713//2111
f 2714//2112 2729//2127 2701//2099
f 2688//2086 2716//2114 2715//2113
f 2689//2087 2727//2125 2716//2114
f 2703//2101 2717//2115 2731//2129
f 2690//2088 2718//2116 2717//2115
f 2691//2089 2719//2117 2718//2116
f 2731//2129 2720//2118 2703//2101
f 2694//2092 2720//2118 2721//2119
f 2704//2102 2721//2119 2732//2130
f 2722//2120 2704//2102 2732//2130
f 2733//2131 2695//2093 2722//2120
f 2695//2093 2733//2131 2705//2103
f 2696//2094 2723//2121 2724//2122
f 2705//2103 2734//2132 2723//2121
f 2706//2104 2724//2122 2735//2133
f 2735//2133 2725//2123 2706//2104
f 2725//2123 2726//2124 2698//2096
f 2736//2134 2700//2098 2726//2124
f 2707//2105 2728//2126 2727//2125
f 2700//2098 2736//2134 2728//2126
f 2737//2135 2719//2117 2708//2106
f 2738//2136 2708//2106 2709//2107
f 2739//2137 2709//2107 2710//2108
f 2740//2138 2710//2108 2729//2127
f 2711//2109 2715//2113 2741//2139
f 2711//2109 2742//2140 2712//2110
f 2712//2110 2743//2141 2730//2128
f 2744//2142 2714//2112 2713//2111
f 2745//2143 2713//2111 2730//2128
f 2729//2127 2714//2112 2746//2144
f 2747//2145 2715//2113 2716//2114
f 2748//2146 2716//2114 2727//2125
f 2749//2147 2731//2129 2717//2115
f 2750//2148 2717//2115 2718//2116
f 2751//2149 2718//2116 2719//2117
f 2720//2118 2731//2129 2752//2150
f 2752//2150 2721//2119 2720//2118
f 2753//2151 2732//2130 2721//2119
f 2732//2130 2754//2152 2722//2120
f 2722//2120 2755//2153 2733//2131
f 2734//2132 2705//2103 2733//2131
f 2756//2154 2724//2122 2723//2121
f 2757//2155 2723//2121 2734//2132
f 2724//2122 2756//2154 2735//2133
f 2725//2123 2735//2133 2758//2156
f 2726//2124 2725//2123 2736//2134
f 2759//2157 2727//2125 2728//2126
f 2760//2158 2728//2126 2736//2134
f 2719//2117 2737//2135 2751//2149
f 2708//2106 2738//2136 2737//2135
f 2709//2107 2739//2137 2738//2136
f 2710//2108 2740//2138 2739//2137
f 2746//2144 2740//2138 2729//2127
f 2715//2113 2747//2145 2741//2139
f 2742//2140 2711//2109 2741//2139
f 2743//2141 2712//2110 2742//2140
f 2761//2159 2730//2128 2743//2141
f 2714//2112 2744//2142 2746//2144
f 2713//2111 2745//2143 2744//2142
f 2730//2128 2761//2159 2745//2143
f 2716//2114 2748//2146 2747//2145
f 2727//2125 2759//2157 2748//2146
f 2731//2129 2749//2147 2762//2160
f 2717//2115 2750//2148 2749//2147
f 2718//2116 2751//2149 2750//2148
f 2762//2160 2752//2150 2731//2129
f 2721//2119 2752//2150 2753//2151
f 2732//2130 2753//2151 2763//2161
f 2754//2152 2732//2130 2763//2161
f 2755//2153 2722//2120 2754//2152
f 2764//2162 2733//2131 2755//2153
f 2733//2131 2764//2162 2734//2132
f 2723//2121 2757//2155 2756//2154
f 2734//2132 2765//2163 2757//2155
f 2756//2154 2758//2156 2735//2133
f 2758//2156 2736//2134 2725//2123
f 2728//2126 2760//2158 2759//2157
f 2736//2134 2758//2156 2760//2158
f 2766//2164 2751//2164 2737//2164
f 2767//2164 2737//2164 2738//2164
f 2768//2164 2738//2164 2739//2164
f 2769//2164 2739//2164 2740//2164
f 2740//2138 2746//2144 2770//2165
f 2771//2166 2741//2139 2747//2145
f 2741//2139 2771//2166 2742//2140
f 2742//2140 2772//2167 2743//2141
f 2743//2141 2773//2168 2761//2159
f 2744//2142 2770//2165 2746//2144
f 2745//2143 2769//2169 2744//2142
f 2761//2159 2774//2170 2745//2143
f 2775//2171 2747//2145 2748//2146
f 2759//2157 2775//2171 2748//2146
f 2776//2164 2762//2164 2749//2164
f 2777//2164 2749//2164 2750//2164
f 2778//2164 2750//2164 2751//2164
f 2752//2150 2762//2160 2779//2172
f 2752//2150 2780//2173 2753//2151
f 2753//2151 2781//2174 2763//2161
f 2763//2161 2782//2175 2754//2152
f 2782//2175 2755//2153 2754//2152
f 2783//2176 2764//2162 2755//2153
f 2765//2163 2734//2132 2764//2162
f 2757//2155 2784//2177 2756//2154
f 2765//2163 2785//2178 2757//2155
f 2758//2156 2756//2154 2784//2177
f 2786//2179 2759//2157 2760//2158
f 2758//2156 2786//2179 2760//2158
f 2778//2164 2751//2164 2766//2164
f 2766//2164 2737//2164 2787//2164
f 2788//2164 2737//2164 2767//2164
f 2767//2164 2738//2164 2789//2164
f 2790//2164 2738//2164 2768//2164
f 2768//2164 2739//2164 2791//2164
f 2774//2164 2739//2164 2769//2164
f 2769//2164 2740//2164 2770//2164
f 2747//2145 2775//2171 2771//2166
f 2772//2167 2742//2140 2771//2166
f 2773//2168 2743//2141 2772//2167
f 2766//2180 2761//2159 2773//2168
f 2770//2165 2744//2142 2769//2169
f 2769//2169 2745//2143 2774//2170
f 2774//2170 2761//2159 2792//2181
f 2775//2171 2759//2157 2793//2182
f 2794//2164 2762//2164 2776//2164
f 2776//2164 2749//2164 2777//2164
f 2777//2164 2750//2164 2778//2164
f 2795//2164 2779//2164 2762//2164
f 2780//2173 2752//2150 2779//2172
f 2781//2174 2753//2151 2780//2173
f 2782//2175 2763//2161 2781//2174
f 2755//2153 2782//2175 2783//2176
f 2764//2162 2783//2176 2796//2183
f 2796//2183 2765//2163 2764//2162
f 2784//2177 2757//2155 2785//2178
f 2785//2178 2765//2163 2797//2184
f 2786//2179 2758//2156 2784//2177
f 2759//2157 2786//2179 2793//2182
f 2773//2168 2778//2185 2766//2180
f 2787//2164 2737//2164 2798//2164
f 2766//2164 2787//2164 2799//2164
f 2800//2164 2737//2164 2788//2164
f 2789//2164 2738//2164 2790//2164
f 2791//2164 2739//2164 2804//2164
f 2804//2164 2739//2164 2774//2164
f 2806//2186 2771//2166 2775//2171
f 2771//2166 2806//2186 2772//2167
f 2772//2167 2807//2187 2773//2168
f 2761//2159 2766//2180 2792//2181
f 2792//2164 2808//2164 2774//2164
f 2809//2188 2775//2171 2793//2182
f 2810//2164 2762//2164 2794//2164
f 2811//2189 2794//2190 2776//2191
f 2812//2192 2776//2191 2777//2193
f 2807//2187 2777//2193 2778//2185
f 2813//2164 2779//2164 2795//2164
f 2795//2164 2762//2164 2814//2164
f 2796//2164 2781//2164 2780//2164
f 2781//2164 2783//2164 2782//2164
f 2783//2164 2781//2164 2796//2164
f 2765//2163 2796//2183 2815//2194
f 2785//2178 2786//2179 2784//2177
f 2815//2194 2797//2184 2765//2163
f 2797//2184 2816//2195 2785//2178
f 2816//2195 2793//2182 2786//2179
f 2778//2185 2773//2168 2807//2187
f 2737//2164 2817//2164 2798//2164
f 2818//2164 2787//2164 2798//2164
f 2766//2164 2799//2164 2820//2164
f 2821//2164 2737//2164 2800//2164
f 2774//2164 2824//2164 2804//2164
f 2775//2171 2809//2188 2806//2186
f 2807//2187 2772//2167 2806//2186
f 2766//2164 2825//2164 2792//2164
f 2792//2164 2826//2164 2808//2164
f 2774//2164 2808//2164 2827//2164
f 2793//2182 2816//2195 2809//2188
f 2828//2164 2762//2164 2810//2164
f 2794//2164 2829//2164 2810//2164
f 2794//2190 2811//2189 2797//2184
f 2776//2191 2812//2192 2811//2189
f 2777//2193 2807//2187 2812//2192
f 2830//2164 2779//2164 2813//2164
f 2814//2164 2762//2164 2832//2164
f 2796//2164 2780//2164 2834//2164
f 2796//2164 2835//2164 2815//2164
f 2786//2179 2785//2178 2816//2195
f 2797//2184 2815//2194 2794//2190
f 2816//2195 2797//2184 2811//2189
f 2817//2164 2737//2164 2836//2164
f 2787//2164 2818//2164 2838//2164
f 2766//2164 2820//2164 2842//2164
f 2843//2164 2737//2164 2821//2164
f 2774//2164 2827//2164 2824//2164
f 2824//2164 2851//2164 2804//2164
f 2812//2192 2806//2186 2809//2188
f 2806//2186 2812//2192 2807//2187
f 2766//2164 2852//2164 2825//2164
f 2792//2164 2825//2164 2853//2164
f 2792//2164 2853//2164 2826//2164
f 2811//2189 2809//2188 2816//2195
f 2856//2164 2762//2164 2828//2164
f 2794//2164 2858//2164 2829//2164
f 2829//2164 2859//2164 2810//2164
f 2809//2188 2811//2189 2812//2192
f 2830//2164 2780//2164 2779//2164
f 2832//2164 2762//2164 2861//2164
f 2834//2164 2780//2164 2863//2164
f 2796//2164 2834//2164 2835//2164
f 2815//2164 2835//2164 2864//2164
f 2815//2164 2865//2164 2794//2164
f 2836//2164 2737//2164 2866//2164
f 2866//2164 2737//2164 2843//2164
f 2838//2164 2818//2164 2869//2164
f 2842//2164 2820//2164 2873//2164
f 2766//2164 2842//2164 2874//2164
f 2881//2164 2851//2164 2824//2164
f 2766//2164 2882//2164 2852//2164
f 2886//2164 2762//2164 2856//2164
f 2794//2164 2890//2164 2858//2164
f 2892//2164 2859//2164 2829//2164
f 2780//2164 2830//2164 2863//2164
f 2861//2164 2762//2164 2896//2164
f 2899//2164 2834//2164 2863//2164
f 2815//2164 2864//2164 2865//2164
f 2794//2164 2865//2164 2901//2164
f 2869//2164 2818//2164 2904//2164
f 2766//2164 2874//2164 2882//2164
f 2881//2164 2913//2164 2851//2164
f 2919//2164 2762//2164 2920//2164
f 2920//2164 2762//2164 2886//2164
f 2892//2164 2925//2164 2859//2164
f 2896//2164 2762//2164 2919//2164
f 2834//2164 2899//2164 2931//2164
f 2794//2164 2901//2164 2936//2164
f 2869//2164 2904//2164 2938//2164
f 2941//2164 2913//2164 2881//2164
f 2794//2164 2922//2164 2890//2164
f 2951//2164 2925//2164 2892//2164
f 2931//2164 2899//2164 2961//2164
f 2794//2164 2936//2164 2964//2164
f 2938//2164 2904//2164 2965//2164
f 2968//2164 2940//2164 2908//2164
f 2969//2164 2908//2164 2909//2164
f 2970//2164 2909//2164 2910//2164
f 2941//2164 2912//2164 2913//2164
f 2794//2164 2948//2164 2922//2164
f 2794//2164 2973//2164 2948//2164
f 2951//2164 2974//2164 2925//2164
f 2961//2164 2899//2164 2954//2164
f 2794//2164 2964//2164 2983//2164
f 2938//2164 2965//2164 2984//2164
f 2985//2164 2967//2164 2940//2164
f 2985//2164 2940//2164 2968//2164
f 2968//2164 2908//2164 2969//2164
f 2969//2164 2909//2164 2970//2164
f 2970//2164 2910//2164 2971//2164
f 2971//2164 2910//2164 2911//2164
f 2971//2164 2911//2164 2912//2164
f 2971//2164 2912//2164 2986//2164
f 2986//2164 2912//2164 2941//2164
f 2794//2164 2983//2164 2973//2164
f 2989//2164 2974//2164 2951//2164
f 2990//2164 2954//2164 2976//2164
f 2993//2164 2956//2164 2959//2164
f 2995//2164 2959//2164 2960//2164
f 2996//2164 2960//2164 2978//2164
f 2961//2164 2954//2164 2990//2164
f 2984//2164 2965//2164 2967//2164
f 2984//2164 2967//2164 2985//2164
f 2989//2164 2994//2164 2974//2164
f 2990//2164 2976//2164 2991//2164
f 2991//2164 2976//2164 2955//2164
f 2991//2164 2955//2164 2992//2164
f 2992//2164 2955//2164 2956//2164
f 2992//2164 2956//2164 2993//2164
f 2993//2164 2959//2164 2995//2164
f 3001//2164 2978//2164 2994//2164
f 2995//2164 2960//2164 2996//2164
f 2996//2164 2978//2164 3001//2164
f 3001//2164 2994//2164 2989//2164
usemtl material_1_0
f 3//2196 2//2197 1//60
f 4//37 1//60 2//2197
f 2//2197 3//2196 5//2198
f 1//60 6//87 3//2196
f 1//30 7//30 4//30
f 4//2164 7//2164 1//2164
f 2//2197 8//2199 4//37
f 9//2200 5//2198 3//2196
f 5//2198 10//2201 2//2197
f 11//2202 3//2196 6//87
f 6//30 12//30 1//30
f 1//2164 12//2164 6//2164
f 1//30 12//30 7//30
f 7//2164 12//2164 1//2164
f 4//30 7//30 13//30
f 13//2164 7//2164 4//2164
f 14//19 4//37 8//2199
f 8//2199 2//2197 10//2201
f 5//2198 9//2200 15//2203
f 3//2196 11//2202 9//2200
f 10//2201 5//2198 16//2204
f 11//2202 6//87 17//2205
f 6//30 18//30 12//30
f 12//2164 18//2164 6//2164
f 12//44 7//29 19//2206
f 7//29 13//11 20//2207
f 4//30 13//30 14//30
f 14//2164 13//2164 4//2164
f 8//2199 21//2208 14//19
f 10//2201 22//2209 8//2199
f 23//2210 15//2203 9//2200
f 15//2203 16//2204 5//2198
f 24//2211 9//2200 11//2202
f 10//2201 16//2204 22//2209
f 25//104 17//2205 6//87
f 17//2205 26//2212 11//2202
f 25//30 18//30 6//30
f 6//2164 18//2164 25//2164
f 18//61 12//44 27//2213
f 20//2207 19//2206 7//29
f 19//2206 27//2213 12//44
f 28//2214 20//2207 13//11
f 14//30 13//30 29//30
f 29//2164 13//2164 14//2164
f 30//16 14//19 21//2208
f 21//2208 8//2199 22//2209
f 15//2164 23//2164 31//2164
f 9//2200 24//2211 23//2210
f 16//2164 15//2164 32//2164
f 24//2211 11//2202 26//2212
f 33//2215 22//2209 16//2204
f 17//2205 25//104 34//2216
f 17//2205 34//2216 26//2212
f 18//30 25//30 35//30
f 35//2164 25//2164 18//2164
f 18//61 27//2213 35//88
f 19//2206 20//2207 36//2217
f 27//2213 19//2206 37//2218
f 20//2207 28//2214 38//2219
f 13//11 29//4 28//2214
f 14//30 29//30 30//30
f 30//2164 29//2164 14//2164
f 21//2208 39//2220 30//16
f 22//2209 40//2221 21//2208
f 31//2164 23//2164 41//2164
f 42//2164 15//2164 31//2164
f 43//2222 23//2210 24//2211
f 32//2164 15//2164 42//2164
f 44//2164 16//2164 32//2164
f 24//2211 26//2212 43//2222
f 22//2209 33//2215 40//2221
f 33//2164 16//2164 45//2164
f 35//88 34//2216 25//104
f 46//2223 26//2212 34//2216
f 34//2216 35//88 27//2213
f 38//2219 36//2217 20//2207
f 36//2217 37//2218 19//2206
f 37//2218 46//2223 27//2213
f 47//2224 38//2219 28//2214
f 48//2225 28//2214 29//4
f 30//30 29//30 49//30
f 49//2164 29//2164 30//2164
f 50//17 30//16 39//2220
f 39//2220 21//2208 40//2221
f 41//2164 23//2164 51//2164
f 41//2226 52//2227 31//2228
f 31//2228 53//2229 42//2230
f 54//2231 42//2230 53//2229
f 43//2164 55//2164 23//2164
f 42//2230 54//2231 32//2232
f 45//2164 16//2164 44//2164
f 32//2232 56//2233 44//2234
f 57//2235 43//2222 26//2212
f 58//2236 40//2221 33//2215
f 59//2164 33//2164 45//2164
f 26//2212 46//2223 57//2235
f 34//2216 27//2213 46//2223
f 38//2219 60//2237 36//2217
f 36//2217 61//2238 37//2218
f 37//2218 62//2239 46//2223
f 47//2224 63//2240 38//2219
f 28//2214 48//2225 47//2224
f 29//4 49//1 48//2225
f 30//30 49//30 50//30
f 50//2164 49//2164 30//2164
f 50//17 39//2220 64//27
f 40//2221 65//2241 39//2220
f 51//2164 23//2164 66//2164
f 51//2242 67//2243 41//2226
f 52//2227 68//2244 53//2229
f 53//2229 31//2228 52//2227
f 52//2227 41//2226 67//2243
f 66//2164 23//2164 55//2164
f 43//2164 57//2164 55//2164
f 56//2233 32//2232 54//2231
f 45//2245 44//2234 69//2246
f 70//2247 44//2234 56//2233
f 40//2221 58//2236 65//2241
f 58//2164 33//2164 71//2164
f 71//2164 33//2164 59//2164
f 59//2248 45//2245 72//2249
f 73//2250 57//2235 46//2223
f 61//2238 36//2217 60//2237
f 60//2237 38//2219 63//2240
f 62//2239 37//2218 61//2238
f 73//2250 46//2223 62//2239
f 63//2240 47//2224 74//2251
f 75//2252 47//2224 48//2225
f 76//2253 48//2225 49//1
f 50//30 49//30 77//30
f 77//2164 49//2164 50//2164
f 78//2254 64//27 39//2220
f 50//30 77//30 64//30
f 64//2164 77//2164 50//2164
f 78//2254 39//2220 65//2241
f 67//2243 51//2242 79//2255
f 80//2256 53//2229 68//2244
f 68//2244 52//2227 81//2257
f 67//2243 81//2257 52//2227
f 57//2164 73//2164 55//2164
f 54//2231 84//2258 56//2233
f 70//2247 69//2246 44//2234
f 69//2246 72//2249 45//2245
f 56//2233 85//2259 70//2247
f 86//2260 65//2241 58//2236
f 87//2164 58//2164 71//2164
f 72//2249 88//2261 59//2248
f 63//2164 90//2164 60//2164
f 61//2164 89//2164 62//2164
f 62//2164 89//2164 73//2164
f 75//2252 74//2251 47//2224
f 74//2164 91//2164 63//2164
f 48//2225 76//2253 75//2252
f 49//1 77//6 76//2253
f 64//27 78//2254 92//33
f 64//30 77//30 93//30
f 93//2164 77//2164 64//2164
f 65//2241 94//2262 78//2254
f 66//2263 79//2255 51//2242
f 79//2255 95//2264 67//2243
f 81//2257 96//2265 68//2244
f 68//2244 82//2266 80//2256
f 81//2257 67//2243 95//2264
f 55//2267 83//2268 66//2263
f 79//2255 66//2263 83//2268
f 55//2267 99//2269 83//2268
f 73//2164 100//2164 55//2164
f 85//2259 56//2233 84//2258
f 84//2258 54//2231 80//2256
f 69//2246 70//2247 101//2270
f 72//2249 69//2246 102//2271
f 103//2272 70//2247 85//2259
f 65//2241 86//2260 94//2262
f 86//2164 58//2164 104//2164
f 105//2164 58//2164 87//2164
f 88//2261 72//2249 106//2273
f 61//2164 60//2164 89//2164
f 90//2164 108//2164 60//2164
f 109//2164 90//2164 63//2164
f 89//2164 110//2164 73//2164
f 75//2252 111//2274 74//2251
f 91//2164 109//2164 63//2164
f 112//2164 91//2164 74//2164
f 111//2274 75//2252 76//2253
f 113//2275 76//2253 77//6
f 114//2276 92//33 78//2254
f 64//30 93//30 92//30
f 92//2164 93//2164 64//2164
f 93//24 115//2277 77//6
f 114//2276 78//2254 94//2262
f 95//2264 79//2255 116//2278
f 53//2229 80//2256 54//2231
f 82//2266 68//2244 96//2265
f 118//2279 80//2256 82//2266
f 118//2279 82//2266 97//2280
f 98//2281 97//2280 82//2266
f 97//2280 98//2281 119//2282
f 83//2268 116//2278 79//2255
f 120//2283 83//2268 99//2269
f 55//2164 100//2164 99//2164
f 73//2164 110//2164 100//2164
f 84//2258 121//2284 85//2259
f 122//2285 85//2259 121//2284
f 122//2285 121//2284 123//2286
f 103//2272 101//2270 70//2247
f 101//2270 102//2271 69//2246
f 102//2271 106//2273 72//2249
f 85//2259 122//2285 103//2272
f 124//2287 103//2272 122//2285
f 125//2288 94//2262 86//2260
f 58//2164 126//2164 104//2164
f 125//2164 86//2164 104//2164
f 127//2164 58//2164 105//2164
f 105//2289 87//2290 128//2291
f 106//2273 102//2271 129//2292
f 106//2273 130//2293 88//2261
f 88//2261 131//2294 71//2295
f 71//2295 59//2248 88//2261
f 107//2164 89//2164 60//2164
f 133//2164 107//2164 60//2164
f 108//2164 134//2164 60//2164
f 90//2296 109//2297 135//2298
f 136//2164 110//2164 89//2164
f 137//2299 74//2251 111//2274
f 109//2297 91//2300 138//2301
f 112//2302 139//2303 91//2300
f 140//2164 112//2164 74//2164
f 76//2253 113//2275 111//2274
f 113//2275 77//6 115//2277
f 92//33 114//2276 93//24
f 115//2277 93//24 114//2276
f 114//2276 94//2262 115//2277
f 116//2278 141//2304 95//2264
f 117//2305 95//2264 141//2304
f 95//2264 117//2305 81//2257
f 116//2278 142//2306 141//2304
f 82//2266 96//2265 98//2281
f 80//2256 118//2279 84//2258
f 97//2280 144//2307 118//2279
f 119//2282 98//2281 145//2308
f 144//2307 97//2280 147//2309
f 147//2309 97//2280 119//2282
f 83//2268 120//2283 116//2278
f 99//2269 148//2310 120//2283
f 99//2164 100//2164 148//2164
f 100//2164 110//2164 149//2164
f 121//2284 84//2258 118//2279
f 123//2286 144//2307 151//2311
f 144//2307 123//2286 121//2284
f 123//2286 150//2312 122//2285
f 124//2287 152//2313 103//2272
f 101//2270 103//2272 152//2313
f 152//2313 124//2287 153//2314
f 102//2271 101//2270 154//2315
f 150//2312 153//2314 124//2287
f 124//2287 122//2285 150//2312
f 125//2288 155//2316 94//2262
f 126//2164 156//2164 104//2164
f 126//2164 58//2164 127//2164
f 157//2164 125//2164 104//2164
f 127//2317 105//2289 158//2318
f 131//2294 128//2291 87//2290
f 128//2291 158//2318 105//2289
f 129//2292 159//2319 106//2273
f 129//2292 154//2315 160//2320
f 131//2294 88//2261 130//2293
f 130//2293 106//2273 159//2319
f 87//2290 71//2295 131//2294
f 89//2321 107//2322 132//2323
f 161//2324 132//2323 107//2322
f 89//2321 132//2323 136//2325
f 107//2322 133//2326 161//2324
f 134//2164 133//2164 60//2164
f 138//2301 135//2298 109//2297
f 135//2298 162//2327 90//2296
f 163//2164 110//2164 136//2164
f 137//2164 140//2164 74//2164
f 111//2274 164//2328 137//2299
f 165//2329 138//2301 91//2300
f 165//2329 91//2300 139//2303
f 139//2303 112//2302 166//2330
f 140//2331 166//2330 112//2302
f 164//2328 111//2274 113//2275
f 115//2277 167//2332 113//2275
f 167//2332 115//2277 94//2262
f 141//2304 169//2333 168//2334
f 117//2305 141//2304 143//2335
f 168//2334 143//2335 141//2304
f 143//2335 168//2334 170//2336
f 96//2265 81//2257 117//2305
f 169//2333 141//2304 142//2306
f 142//2306 116//2278 120//2283
f 143//2335 146//2337 117//2305
f 98//2281 146//2337 145//2308
f 121//2284 118//2279 144//2307
f 119//2164 171//2164 145//2164
f 145//2164 171//2164 172//2164
f 119//30 171//30 147//30
f 145//30 171//30 119//30
f 145//2308 146//2337 172//2338
f 146//2337 143//2335 172//2338
f 172//2338 143//2335 170//2336
f 151//2311 144//2307 147//2309
f 151//2164 171//2164 147//2164
f 147//2164 171//2164 119//2164
f 174//2339 120//2283 148//2310
f 148//2164 100//2164 175//2164
f 110//2164 176//2164 149//2164
f 100//2340 149//2341 177//2342
f 150//2312 123//2286 173//2343
f 173//2343 123//2286 151//2311
f 152//2313 154//2315 101//2270
f 153//2314 150//2312 178//2344
f 153//2314 179//2345 152//2313
f 154//2315 129//2292 102//2271
f 167//2332 94//2262 155//2316
f 125//2164 157//2164 155//2164
f 156//2164 180//2164 104//2164
f 126//2346 181//2347 156//2348
f 126//2346 127//2317 181//2347
f 182//2164 157//2164 104//2164
f 158//2318 181//2347 127//2317
f 128//2291 131//2294 183//2349
f 158//2318 128//2291 184//2350
f 186//2351 160//2320 185//2352
f 129//2292 160//2320 159//2319
f 186//2351 159//2319 160//2320
f 179//2345 160//2320 154//2315
f 130//2293 183//2349 131//2294
f 159//2319 187//2353 130//2293
f 132//2323 161//2324 188//2354
f 189//2355 136//2325 132//2323
f 190//2356 161//2324 133//2326
f 133//2326 134//2357 190//2356
f 135//2298 138//2301 191//2358
f 162//2327 135//2298 192//2359
f 193//2164 110//2164 163//2164
f 194//2164 140//2164 137//2164
f 195//2360 137//2299 164//2328
f 138//2301 165//2329 196//2361
f 139//2303 197//2362 165//2329
f 166//2330 198//2363 139//2303
f 166//2330 140//2331 199//2364
f 164//2328 113//2275 167//2332
f 168//2334 201//2365 200//2366
f 201//2365 168//2334 169//2333
f 170//2336 168//2334 202//2367
f 96//2265 117//2305 146//2337
f 142//2306 204//2368 169//2333
f 120//2283 174//2339 142//2306
f 146//2337 98//2281 96//2265
f 147//30 171//30 151//30
f 172//30 171//30 145//30
f 172//2164 171//2164 202//2164
f 202//30 200//30 171//30
f 202//30 171//30 172//30
f 171//2164 205//2164 200//2164
f 171//2164 200//2164 202//2164
f 172//2164 202//2164 170//2164
f 170//30 202//30 172//30
f 171//2164 151//2164 206//2164
f 206//30 151//30 171//30
f 148//2310 175//2369 174//2339
f 175//2164 100//2164 207//2164
f 176//2164 208//2164 149//2164
f 110//2370 209//2371 176//2372
f 210//2373 177//2342 149//2341
f 177//2342 211//2374 100//2340
f 178//2344 150//2312 173//2343
f 206//2164 151//2164 173//2164
f 173//30 151//30 206//30
f 154//2315 152//2313 179//2345
f 179//2345 153//2314 212//2375
f 212//2375 153//2314 178//2344
f 155//2316 195//2360 167//2332
f 155//2164 157//2164 195//2164
f 180//2164 213//2164 104//2164
f 156//2348 214//2376 180//2377
f 214//2376 156//2348 181//2347
f 157//2378 182//2379 215//2380
f 216//2164 182//2164 104//2164
f 181//2347 158//2318 217//2381
f 183//2349 184//2350 128//2291
f 184//2350 217//2381 158//2318
f 160//2320 179//2345 185//2352
f 186//2351 185//2352 218//2382
f 183//2349 130//2293 187//2353
f 159//2319 186//2351 187//2353
f 219//2383 187//2353 186//2351
f 220//2384 188//2354 161//2324
f 161//2324 190//2356 220//2384
f 132//2323 188//2354 189//2355
f 136//2325 189//2355 163//2385
f 221//2386 190//2356 134//2357
f 196//2361 191//2358 138//2301
f 191//2358 192//2359 135//2298
f 108//2387 90//2296 162//2327
f 162//2327 221//2386 108//2387
f 192//2359 222//2388 162//2327
f 223//2164 110//2164 193//2164
f 224//2389 163//2385 189//2355
f 194//2390 199//2364 140//2331
f 225//2164 194//2164 137//2164
f 195//2164 225//2164 137//2164
f 164//2328 167//2332 195//2360
f 226//2391 196//2361 165//2329
f 226//2391 165//2329 197//2362
f 197//2362 139//2303 198//2363
f 198//2363 166//2330 227//2392
f 199//2364 227//2392 166//2330
f 200//2366 201//2365 205//2393
f 205//2393 201//2365 203//2394
f 202//2367 168//2334 200//2366
f 201//2365 169//2333 203//2394
f 204//2368 142//2306 174//2339
f 228//2395 203//2394 169//2333
f 228//2395 169//2333 204//2368
f 200//30 205//30 171//30
f 205//30 229//30 171//30
f 171//2164 229//2164 205//2164
f 229//30 230//30 171//30
f 206//2164 173//2164 231//2164
f 231//2164 173//2164 178//2164
f 231//30 173//30 206//30
f 178//30 173//30 231//30
f 171//2396 232//2396 206//2397
f 233//2398 174//2339 175//2369
f 174//2339 233//2398 204//2368
f 234//2164 207//2164 100//2164
f 175//2369 207//2399 233//2398
f 235//2400 233//2398 207//2399
f 208//2164 236//2164 149//2164
f 208//2164 176//2164 237//2164
f 238//2401 176//2372 209//2371
f 209//2371 110//2370 239//2402
f 177//2342 210//2373 240//2403
f 149//2341 241//2404 210//2373
f 234//2405 100//2340 211//2374
f 211//2374 177//2342 242//2406
f 195//2164 157//2164 243//2164
f 213//2164 244//2164 104//2164
f 245//2407 180//2377 214//2376
f 181//2347 217//2381 214//2376
f 246//2408 215//2380 182//2379
f 157//2378 215//2380 247//2409
f 248//2164 182//2164 216//2164
f 104//2410 249//2411 216//2412
f 184//2350 183//2349 250//2413
f 217//2381 184//2350 251//2414
f 185//2352 179//2345 212//2375
f 219//2383 218//2382 252//2415
f 231//2164 185//2164 218//2164
f 231//2164 218//2164 252//2164
f 219//2383 186//2351 218//2382
f 187//2353 250//2413 183//2349
f 254//2416 219//2383 252//2415
f 187//2353 219//2383 250//2413
f 254//2416 250//2413 219//2383
f 188//2354 220//2384 255//2417
f 188//2354 255//2417 256//2418
f 190//2356 221//2386 257//2419
f 257//2419 220//2384 190//2356
f 256//2418 189//2355 188//2354
f 191//2358 196//2361 258//2420
f 192//2359 191//2358 260//2421
f 134//2357 108//2387 221//2386
f 221//2386 162//2327 222//2388
f 222//2388 192//2359 261//2422
f 239//2164 110//2164 223//2164
f 163//2385 224//2389 193//2423
f 189//2355 256//2418 224//2389
f 199//2364 194//2390 263//2424
f 225//2425 263//2424 194//2390
f 264//2164 225//2164 195//2164
f 196//2361 226//2391 259//2426
f 267//2427 198//2363 268//2428
f 227//2392 268//2428 198//2363
f 227//2392 199//2364 269//2429
f 205//2393 203//2394 229//2430
f 203//2394 228//2395 270//2431
f 204//2368 271//2432 228//2395
f 171//2164 230//2164 229//2164
f 229//2430 273//2433 272//2434
f 229//2164 230//2164 272//2164
f 272//2164 230//2164 274//2164
f 272//30 230//30 229//30
f 274//30 230//30 272//30
f 171//2164 276//2164 230//2164
f 230//30 276//30 171//30
f 231//2164 178//2164 212//2164
f 212//30 178//30 231//30
f 231//2435 206//2397 277//2435
f 278//2397 206//2397 232//2396
f 171//2396 279//2436 232//2396
f 271//2432 204//2368 233//2398
f 207//2399 234//2437 235//2400
f 233//2398 235//2400 271//2432
f 271//2432 280//2438 281//2439
f 236//2164 282//2164 149//2164
f 208//2440 283//2441 236//2442
f 237//2164 176//2164 284//2164
f 208//2440 237//2443 283//2441
f 176//2372 238//2401 285//2444
f 209//2371 286//2445 238//2401
f 209//2371 239//2402 287//2446
f 288//2447 240//2403 210//2373
f 240//2403 242//2406 177//2342
f 289//2448 210//2373 241//2404
f 149//2164 290//2164 241//2164
f 291//2449 234//2405 211//2374
f 242//2406 292//2450 211//2374
f 231//2164 212//2164 185//2164
f 185//30 212//30 231//30
f 218//30 185//30 231//30
f 243//2164 157//2164 293//2164
f 243//2164 294//2164 195//2164
f 295//2164 104//2164 244//2164
f 296//2451 213//2452 245//2407
f 180//2377 245//2407 213//2452
f 214//2376 297//2453 245//2407
f 297//2453 214//2376 217//2381
f 215//2380 246//2408 298//2454
f 182//2379 248//2455 246//2408
f 215//2380 299//2456 247//2409
f 247//2164 300//2164 157//2164
f 301//2164 248//2164 216//2164
f 302//2457 216//2412 249//2411
f 104//2410 295//2458 249//2411
f 250//2413 251//2414 184//2350
f 217//2381 251//2414 297//2453
f 254//2416 252//2415 253//2459
f 303//2460 254//2416 253//2459
f 231//2164 252//2164 253//2164
f 252//30 218//30 231//30
f 253//30 252//30 231//30
f 304//2461 255//2417 220//2384
f 306//2462 256//2418 255//2417
f 222//2388 257//2419 221//2386
f 220//2384 257//2419 304//2461
f 258//2420 259//2426 307//2463
f 259//2426 258//2420 196//2361
f 260//2421 258//2420 309//2464
f 260//2421 261//2422 192//2359
f 258//2420 260//2421 191//2358
f 261//2422 305//2465 222//2388
f 223//2466 310//2467 239//2468
f 262//2469 193//2423 224//2389
f 193//2423 262//2469 223//2466
f 311//2470 224//2389 256//2418
f 263//2424 269//2429 199//2364
f 263//2424 225//2425 312//2471
f 264//2472 312//2471 225//2425
f 294//2164 264//2164 195//2164
f 259//2426 265//2473 308//2474
f 313//2475 308//2474 265//2473
f 265//2473 259//2426 226//2391
f 265//2473 226//2391 266//2476
f 197//2362 266//2476 226//2391
f 266//2476 197//2362 267//2427
f 198//2363 267//2427 197//2362
f 268//2428 227//2392 314//2477
f 267//2427 268//2428 315//2478
f 316//2479 315//2478 268//2428
f 269//2429 314//2477 227//2392
f 229//2430 203//2394 270//2431
f 281//2439 270//2431 228//2395
f 281//2439 228//2395 271//2432
f 270//2431 273//2433 229//2430
f 273//2433 275//2480 272//2434
f 272//2434 275//2480 274//2481
f 275//2480 317//2482 274//2481
f 274//2164 230//2164 318//2164
f 318//30 230//30 274//30
f 230//2483 318//2484 319//2483
f 274//2164 318//2164 320//2164
f 320//30 318//30 274//30
f 279//2164 276//2164 171//2164
f 171//30 276//30 279//30
f 230//2483 319//2483 276//2485
f 321//2486 277//2435 206//2397
f 277//2435 322//2487 231//2435
f 278//2397 321//2486 206//2397
f 323//2488 278//2397 232//2396
f 324//2436 232//2396 279//2436
f 325//2489 235//2400 234//2437
f 280//2438 271//2432 235//2400
f 326//2490 281//2439 280//2438
f 282//2164 290//2164 149//2164
f 236//2442 327//2491 282//2492
f 327//2491 236//2442 283//2441
f 284//2164 176//2164 328//2164
f 237//2443 284//2493 329//2494
f 329//2494 283//2441 237//2443
f 330//2495 285//2444 238//2401
f 176//2164 285//2164 328//2164
f 331//2496 238//2401 286//2445
f 286//2445 209//2371 332//2497
f 239//2468 333//2498 287//2499
f 209//2371 287//2446 299//2456
f 288//2447 334//2500 240//2403
f 210//2373 289//2448 288//2447
f 240//2403 335//2501 242//2406
f 241//2404 336//2502 289//2448
f 290//2164 337//2164 241//2164
f 234//2437 291//2503 325//2489
f 211//2374 249//2411 291//2449
f 249//2411 211//2374 292//2450
f 292//2450 242//2406 338//2504
f 293//2164 157//2164 339//2164
f 243//2505 293//2506 340//2507
f 243//2505 340//2507 294//2508
f 244//2509 341//2510 295//2511
f 213//2452 296//2451 244//2509
f 245//2407 342//2512 296//2451
f 342//2512 245//2407 297//2453
f 343//2513 298//2454 246//2408
f 298//2454 332//2497 215//2380
f 344//2514 246//2408 248//2455
f 287//2446 247//2409 299//2456
f 299//2456 215//2380 332//2497
f 345//2164 157//2164 300//2164
f 346//2164 248//2164 301//2164
f 216//2164 347//2164 301//2164
f 216//2412 302//2457 347//2515
f 249//2411 292//2450 302//2457
f 295//2458 291//2449 249//2411
f 303//2460 348//2516 251//2414
f 250//2413 254//2416 251//2414
f 303//2460 251//2414 254//2416
f 349//2517 297//2453 251//2414
f 349//2517 251//2414 348//2516
f 303//2460 253//2459 350//2518
f 348//2516 303//2460 350//2518
f 253//2164 351//2164 231//2164
f 231//30 351//30 253//30
f 257//2419 222//2388 305//2465
f 305//2465 304//2461 257//2419
f 256//2418 306//2462 311//2470
f 306//2462 255//2417 352//2519
f 307//2463 308//2474 354//2520
f 308//2474 307//2463 259//2426
f 307//2463 309//2464 258//2420
f 260//2421 309//2464 261//2422
f 355//2521 261//2422 309//2464
f 356//2522 305//2465 355//2521
f 261//2422 355//2521 305//2465
f 333//2498 239//2468 310//2467
f 310//2467 223//2466 262//2469
f 224//2389 311//2470 262//2469
f 357//2523 311//2470 306//2462
f 269//2429 263//2424 358//2524
f 312//2471 358//2524 263//2424
f 312//2471 264//2472 359//2525
f 294//2508 359//2525 264//2472
f 308//2474 313//2475 360//2526
f 265//2473 266//2476 313//2475
f 313//2475 362//2527 361//2528
f 362//2527 313//2475 266//2476
f 362//2527 315//2478 363//2529
f 266//2476 267//2427 362//2527
f 315//2478 362//2527 267//2427
f 268//2428 314//2477 316//2479
f 315//2478 316//2479 364//2530
f 365//2531 316//2479 314//2477
f 314//2477 269//2429 366//2532
f 281//2439 326//2490 270//2431
f 368//2533 326//2490 367//2534
f 326//2490 368//2533 273//2433
f 275//2480 273//2433 368//2533
f 274//2481 317//2482 320//2535
f 370//2536 368//2533 369//2537
f 368//2533 370//2536 275//2480
f 317//2482 275//2480 370//2536
f 371//2484 319//2483 318//2484
f 320//2535 373//2538 372//2539
f 320//2164 318//2164 372//2164
f 372//2164 318//2164 374//2164
f 372//2164 374//2164 375//2164
f 372//30 318//30 320//30
f 374//30 318//30 372//30
f 375//30 374//30 372//30
f 374//2540 376//2540 318//2484
f 279//2164 377//2164 276//2164
f 276//30 377//30 279//30
f 378//2485 276//2485 319//2483
f 321//2541 376//2541 277//2542
f 379//2487 231//2435 322//2487
f 277//2542 380//2542 322//2543
f 278//2544 371//2544 321//2541
f 278//2544 323//2545 371//2544
f 323//2545 232//2546 319//2545
f 232//2546 324//2547 378//2546
f 279//2436 381//2548 324//2436
f 235//2400 325//2489 280//2438
f 273//2433 270//2431 326//2490
f 280//2438 367//2534 326//2490
f 282//2492 382//2549 290//2550
f 382//2549 282//2492 327//2491
f 283//2441 383//2551 327//2491
f 284//2493 328//2552 384//2553
f 384//2553 329//2494 284//2493
f 283//2441 329//2494 383//2551
f 285//2444 330//2495 385//2554
f 238//2401 331//2496 330//2495
f 328//2164 285//2164 386//2164
f 331//2496 286//2445 387//2555
f 299//2456 332//2497 209//2371
f 286//2445 332//2497 388//2556
f 389//2557 287//2499 333//2498
f 335//2501 240//2403 334//2500
f 288//2447 390//2558 334//2500
f 390//2558 288//2447 289//2448
f 391//2559 242//2406 335//2501
f 392//2560 289//2448 336//2502
f 241//2164 393//2164 336//2164
f 337//2164 394//2164 241//2164
f 396//2561 325//2489 291//2503
f 391//2559 338//2504 242//2406
f 338//2504 397//2562 292//2450
f 339//2164 157//2164 345//2164
f 293//2506 339//2563 398//2564
f 398//2564 340//2507 293//2506
f 359//2525 294//2508 340//2507
f 399//2565 295//2511 341//2510
f 341//2510 244//2509 296//2451
f 400//2566 296//2451 342//2512
f 297//2453 349//2517 342//2512
f 343//2513 402//2567 298//2454
f 246//2408 344//2514 343//2513
f 298//2454 403//2568 332//2497
f 248//2455 404//2569 344//2514
f 247//2570 287//2499 405//2571
f 407//2572 406//2573 300//2574
f 345//2575 300//2574 406//2573
f 408//2164 248//2164 346//2164
f 301//2576 409//2577 346//2578
f 410//2164 301//2164 347//2164
f 411//2579 347//2515 302//2457
f 412//2580 302//2457 292//2450
f 295//2511 399//2565 291//2503
f 348//2516 413//2581 349//2517
f 350//2164 351//2164 253//2164
f 253//30 351//30 350//30
f 348//2516 350//2518 414//2582
f 348//2516 414//2582 413//2581
f 414//2164 351//2164 350//2164
f 350//30 351//30 414//30
f 231//2164 351//2164 379//2164
f 379//30 351//30 231//30
f 415//2583 352//2519 353//2584
f 353//2584 352//2519 255//2417
f 352//2519 416//2585 306//2462
f 353//2584 255//2417 417//2586
f 304//2461 417//2586 255//2417
f 354//2520 308//2474 360//2526
f 309//2464 307//2463 418//2587
f 418//2587 307//2463 354//2520
f 418//2587 355//2521 309//2464
f 419//2588 417//2586 356//2522
f 417//2586 304//2461 356//2522
f 305//2465 356//2522 304//2461
f 310//2467 420//2589 333//2498
f 262//2469 421//2590 310//2467
f 421//2590 262//2469 311//2470
f 311//2470 357//2523 421//2590
f 357//2523 306//2462 416//2585
f 358//2524 366//2532 269//2429
f 358//2524 312//2471 422//2591
f 359//2525 422//2591 312//2471
f 360//2526 313//2475 361//2528
f 361//2528 362//2527 363//2529
f 363//2529 315//2478 364//2530
f 364//2530 316//2479 423//2592
f 365//2531 423//2592 316//2479
f 367//2534 369//2537 368//2533
f 317//2482 373//2538 320//2535
f 369//2537 367//2534 396//2561
f 369//2537 424//2593 370//2536
f 370//2536 425//2594 317//2482
f 319//2545 371//2544 323//2545
f 371//2484 318//2484 376//2540
f 373//2538 426//2595 372//2539
f 372//2539 426//2595 375//2596
f 375//2164 374//2164 351//2164
f 351//30 374//30 375//30
f 374//2540 351//2597 376//2540
f 381//2164 377//2164 279//2164
f 279//30 377//30 381//30
f 377//2598 276//2485 427//2598
f 378//2485 427//2598 276//2485
f 378//2546 319//2545 232//2546
f 380//2542 277//2542 376//2541
f 322//2487 428//2599 379//2487
f 429//2543 322//2543 380//2542
f 376//2541 321//2541 371//2544
f 427//2547 378//2546 324//2547
f 430//2548 324//2436 381//2548
f 367//2534 280//2438 325//2489
f 395//2600 290//2550 382//2549
f 327//2491 431//2601 382//2549
f 431//2601 327//2491 383//2551
f 329//2494 384//2553 433//2602
f 433//2602 383//2551 329//2494
f 434//2603 385//2554 330//2495
f 285//2164 385//2164 435//2164
f 436//2604 330//2495 331//2496
f 386//2164 285//2164 437//2164
f 328//2552 386//2605 432//2606
f 388//2556 387//2555 286//2445
f 331//2496 387//2555 436//2604
f 439//2607 388//2556 332//2497
f 389//2557 405//2571 287//2499
f 333//2498 440//2608 389//2557
f 334//2500 441//2609 335//2501
f 442//2610 334//2500 390//2558
f 289//2448 392//2560 390//2558
f 335//2501 443//2611 391//2559
f 336//2502 444//2612 392//2560
f 393//2164 445//2164 336//2164
f 446//2164 393//2164 241//2164
f 394//2164 446//2164 241//2164
f 337//2613 447//2614 394//2615
f 447//2614 337//2613 395//2600
f 290//2550 395//2600 337//2613
f 325//2489 396//2561 367//2534
f 396//2561 291//2503 399//2565
f 338//2504 391//2559 448//2616
f 412//2580 292//2450 397//2562
f 397//2562 338//2504 449//2617
f 339//2563 345//2575 450//2618
f 450//2618 398//2564 339//2563
f 340//2507 398//2564 451//2619
f 340//2507 451//2619 359//2525
f 341//2510 452//2620 399//2565
f 296//2451 400//2566 341//2510
f 401//2621 342//2512 349//2517
f 403//2568 298//2454 402//2567
f 343//2513 453//2622 402//2567
f 453//2622 343//2513 344//2514
f 439//2607 332//2497 403//2568
f 454//2623 344//2514 404//2569
f 404//2164 248//2164 455//2164
f 406//2573 407//2572 456//2624
f 300//2574 247//2570 407//2572
f 458//2164 248//2164 408//2164
f 346//2578 459//2625 408//2626
f 459//2625 346//2578 409//2577
f 301//2576 410//2627 409//2577
f 460//2164 410//2164 347//2164
f 347//2515 411//2579 461//2628
f 302//2457 412//2580 411//2579
f 401//2621 349//2517 413//2581
f 413//2581 414//2582 462//2629
f 462//2164 351//2164 414//2164
f 414//30 351//30 462//30
f 413//2581 462//2629 463//2630
f 375//2164 351//2164 462//2164
f 462//30 351//30 375//30
f 379//2164 351//2164 464//2164
f 464//30 351//30 379//30
f 466//2631 415//2583 353//2584
f 465//2632 416//2585 352//2519
f 467//2633 353//2584 417//2586
f 354//2164 468//2164 360//2164
f 360//30 468//30 354//30
f 418//2164 468//2164 354//2164
f 354//30 468//30 418//30
f 467//2633 466//2631 353//2584
f 419//2588 467//2633 417//2586
f 469//2634 419//2588 356//2522
f 440//2608 333//2498 420//2589
f 420//2589 310//2467 421//2590
f 470//2635 421//2590 357//2523
f 416//2585 471//2636 357//2523
f 366//2532 358//2524 472//2637
f 422//2591 472//2637 358//2524
f 422//2591 359//2525 451//2619
f 360//2164 468//2164 474//2164
f 360//2164 474//2164 361//2164
f 361//2164 474//2164 363//2164
f 363//2164 474//2164 475//2164
f 474//30 468//30 360//30
f 361//30 474//30 360//30
f 363//30 474//30 361//30
f 475//30 474//30 363//30
f 363//2164 475//2164 364//2164
f 364//2164 475//2164 423//2164
f 364//30 475//30 363//30
f 476//2638 423//2592 365//2531
f 423//2164 475//2164 476//2164
f 423//30 475//30 364//30
f 476//30 475//30 423//30
f 472//2637 422//2591 473//2639
f 373//2538 317//2482 425//2594
f 396//2561 399//2565 369//2537
f 425//2594 370//2536 424//2593
f 424//2593 369//2537 399//2565
f 426//2595 373//2538 477//2640
f 426//2595 463//2630 375//2596
f 380//2597 376//2540 351//2597
f 381//2164 478//2164 377//2164
f 377//30 478//30 381//30
f 427//2598 479//2641 377//2598
f 480//2599 379//2487 428//2599
f 322//2543 429//2543 428//2642
f 429//2643 380//2597 464//2643
f 324//2547 430//2644 427//2547
f 430//2548 381//2548 481//2645
f 482//2646 382//2549 431//2601
f 432//2606 384//2553 328//2552
f 483//2647 433//2602 384//2553
f 385//2554 434//2603 485//2648
f 330//2495 436//2604 434//2603
f 435//2164 385//2164 486//2164
f 487//2164 285//2164 435//2164
f 437//2164 285//2164 487//2164
f 386//2605 437//2649 438//2650
f 432//2606 438//2650 488//2651
f 438//2650 432//2606 386//2605
f 387//2555 388//2556 489//2652
f 490//2653 436//2604 387//2555
f 388//2556 439//2607 491//2654
f 389//2557 492//2655 405//2571
f 492//2655 389//2557 440//2608
f 443//2611 335//2501 441//2609
f 441//2609 334//2500 493//2656
f 442//2610 493//2656 334//2500
f 390//2558 494//2657 442//2610
f 494//2657 390//2558 392//2560
f 495//2658 391//2559 443//2611
f 496//2659 392//2560 444//2612
f 336//2164 497//2164 444//2164
f 445//2164 498//2164 336//2164
f 394//2615 500//2660 446//2661
f 500//2660 394//2615 447//2614
f 395//2600 501//2662 447//2614
f 382//2549 482//2646 395//2600
f 495//2658 448//2616 391//2559
f 448//2616 449//2617 338//2504
f 412//2580 397//2562 502//2663
f 449//2617 503//2664 397//2562
f 450//2618 406//2573 504//2665
f 406//2573 450//2618 345//2575
f 398//2564 450//2618 505//2666
f 505//2666 451//2619 398//2564
f 424//2593 399//2565 452//2620
f 452//2620 341//2510 400//2566
f 477//2640 452//2620 506//2667
f 400//2566 506//2667 452//2620
f 402//2567 507//2668 403//2568
f 508//2669 402//2567 453//2622
f 344//2514 454//2623 453//2622
f 403//2568 509//2670 439//2607
f 404//2569 510//2671 454//2623
f 455//2164 248//2164 458//2164
f 511//2164 404//2164 455//2164
f 405//2571 407//2572 247//2570
f 407//2572 405//2571 457//2672
f 456//2624 457//2672 512//2673
f 457//2672 456//2624 407//2572
f 456//2624 504//2665 406//2573
f 408//2626 513//2674 458//2675
f 513//2674 408//2626 459//2625
f 409//2577 514//2676 459//2625
f 515//2677 409//2577 410//2627
f 410//2627 460//2678 515//2677
f 516//2164 460//2164 347//2164
f 517//2679 461//2628 411//2579
f 461//2164 518//2164 347//2164
f 502//2663 411//2579 412//2580
f 413//2581 463//2630 401//2621
f 506//2667 401//2621 463//2630
f 506//2667 400//2566 401//2621
f 375//2596 463//2630 462//2629
f 351//2597 464//2643 380//2597
f 379//2164 464//2164 480//2164
f 480//30 464//30 379//30
f 415//2583 465//2632 352//2519
f 415//30 468//30 465//30
f 466//30 468//30 415//30
f 466//2164 419//2164 467//2164
f 415//2164 468//2164 466//2164
f 519//2680 471//2636 416//2585
f 519//2680 416//2585 465//2632
f 469//2634 356//2522 355//2521
f 474//2681 520//2681 468//2682
f 469//2164 468//2164 418//2164
f 469//30 468//30 419//30
f 418//30 468//30 469//30
f 418//2587 469//2634 355//2521
f 468//2164 419//2164 466//2164
f 466//30 419//30 468//30
f 467//30 419//30 466//30
f 420//2589 521//2683 440//2608
f 522//2684 440//2608 521//2683
f 421//2590 470//2635 420//2589
f 470//2635 357//2523 471//2636
f 451//2619 473//2639 422//2591
f 451//2619 505//2666 473//2639
f 474//2681 475//2685 520//2681
f 523//2686 476//2638 365//2531
f 476//2164 475//2164 524//2164
f 425//2594 424//2593 477//2640
f 425//2594 477//2640 373//2538
f 452//2620 477//2640 424//2593
f 477//2640 506//2667 426//2595
f 463//2630 426//2595 506//2667
f 525//2164 478//2164 381//2164
f 381//30 478//30 525//30
f 478//2641 377//2598 479//2641
f 479//2644 427//2547 430//2644
f 480//2599 428//2599 526//2687
f 527//2642 428//2642 429//2543
f 464//2643 528//2688 429//2643
f 525//2645 481//2645 381//2548
f 430//2644 481//2689 479//2644
f 431//2601 529//2690 482//2646
f 384//2553 432//2606 483//2647
f 433//2602 483//2647 531//2691
f 531//2691 484//2692 433//2602
f 383//2551 433//2602 484//2692
f 383//2551 484//2692 431//2601
f 532//2693 485//2648 434//2603
f 385//2164 485//2164 533//2164
f 534//2694 434//2603 436//2604
f 486//2164 385//2164 535//2164
f 486//2695 536//2696 435//2697
f 435//2697 537//2698 487//2699
f 437//2649 487//2699 538//2700
f 538//2700 438//2650 437//2649
f 488//2651 483//2647 432//2606
f 491//2654 489//2652 388//2556
f 489//2652 539//2701 387//2555
f 436//2604 490//2653 534//2694
f 490//2653 387//2555 539//2701
f 540//2702 491//2654 439//2607
f 541//2703 405//2571 492//2655
f 440//2608 522//2684 492//2655
f 542//2704 492//2655 522//2684
f 443//2611 441//2609 543//2705
f 441//2609 493//2656 544//2706
f 493//2656 442//2610 545//2707
f 546//2708 442//2610 494//2657
f 392//2560 496//2659 494//2657
f 495//2658 443//2611 547//2709
f 444//2612 548//2710 496//2659
f 497//2164 549//2164 444//2164
f 498//2164 497//2164 336//2164
f 498//2711 445//2712 550//2713
f 551//2714 393//2715 499//2716
f 446//2661 499//2716 393//2715
f 499//2716 446//2661 500//2660
f 447//2614 552//2717 500//2660
f 552//2717 447//2614 501//2662
f 501//2662 395//2600 482//2646
f 448//2616 495//2658 553//2718
f 449//2617 448//2616 554//2719
f 555//2720 502//2663 397//2562
f 555//2720 397//2562 503//2664
f 503//2664 449//2617 556//2721
f 504//2665 505//2666 450//2618
f 509//2670 403//2568 507//2668
f 507//2668 402//2567 557//2722
f 508//2669 557//2722 402//2567
f 453//2622 558//2723 508//2669
f 558//2723 453//2622 454//2623
f 540//2702 439//2607 509//2670
f 559//2724 454//2623 510//2671
f 510//2164 404//2164 560//2164
f 458//2675 561//2725 455//2726
f 562//2727 455//2726 561//2725
f 563//2164 404//2164 511//2164
f 455//2726 562//2727 511//2728
f 541//2703 457//2672 405//2571
f 512//2673 564//2729 456//2624
f 504//2665 456//2624 564//2729
f 561//2725 458//2675 513//2674
f 513//2674 565//2730 561//2725
f 459//2625 566//2731 513//2674
f 566//2731 459//2625 514//2676
f 409//2577 515//2677 514//2676
f 567//2732 515//2677 460//2678
f 460//2678 516//2733 567//2732
f 518//2164 516//2164 347//2164
f 461//2628 517//2679 568//2734
f 411//2579 502//2663 517//2679
f 569//2164 518//2164 461//2164
f 342//2512 401//2621 400//2566
f 480//2164 464//2164 528//2164
f 528//30 464//30 480//30
f 465//2164 468//2164 415//2164
f 570//2164 468//2164 519//2164
f 519//2164 468//2164 465//2164
f 519//30 468//30 570//30
f 465//30 468//30 519//30
f 419//2164 468//2164 469//2164
f 571//2735 471//2636 519//2680
f 572//2682 468//2682 520//2681
f 522//2684 521//2683 573//2736
f 521//2683 420//2589 470//2635
f 573//2736 575//2737 522//2684
f 471//2636 574//2738 470//2635
f 576//2739 473//2639 505//2666
f 577//2685 520//2681 475//2685
f 524//2740 476//2638 523//2686
f 523//2686 365//2531 366//2532
f 524//2164 475//2164 579//2164
f 579//2164 475//2164 580//2164
f 581//2164 580//2164 475//2164
f 524//30 475//30 476//30
f 579//30 475//30 524//30
f 580//30 475//30 579//30
f 475//30 580//30 581//30
f 582//2164 478//2164 525//2164
f 525//30 478//30 582//30
f 478//2641 479//2641 583//2741
f 584//2687 526//2687 428//2599
f 480//2164 528//2164 526//2164
f 526//30 528//30 480//30
f 428//2642 527//2642 584//2742
f 527//2688 429//2643 528//2688
f 481//2645 525//2645 585//2743
f 586//2689 479//2644 481//2689
f 482//2646 530//2744 501//2662
f 530//2744 482//2646 529//2690
f 588//2745 587//2746 529//2690
f 530//2744 529//2690 587//2746
f 529//2690 431//2601 484//2692
f 589//2747 531//2691 483//2647
f 531//2691 590//2748 484//2692
f 591//2749 484//2692 590//2748
f 532//2693 592//2750 485//2648
f 434//2603 534//2694 532//2693
f 533//2164 485//2164 593//2164
f 535//2164 385//2164 533//2164
f 535//2751 594//2752 486//2695
f 537//2698 435//2697 536//2696
f 536//2696 486//2695 594//2752
f 595//2753 487//2699 537//2698
f 595//2753 538//2700 487//2699
f 438//2650 538//2700 596//2754
f 483//2647 488//2651 589//2747
f 596//2754 488//2651 438//2650
f 489//2652 491//2654 598//2755
f 539//2701 489//2652 599//2756
f 600//2757 534//2694 490//2653
f 539//2701 601//2758 490//2653
f 491//2654 540//2702 602//2759
f 492//2655 542//2704 541//2703
f 603//2760 541//2703 542//2704
f 544//2706 543//2705 441//2609
f 543//2705 547//2709 443//2611
f 604//2761 544//2706 493//2656
f 546//2708 545//2707 442//2610
f 545//2707 605//2762 493//2656
f 546//2708 494//2657 606//2763
f 607//2764 494//2657 496//2659
f 547//2709 553//2718 495//2658
f 548//2710 608//2765 496//2659
f 548//2164 444//2164 549//2164
f 549//2766 497//2767 609//2768
f 497//2767 498//2711 610//2769
f 611//2770 550//2713 445//2712
f 550//2713 610//2769 498//2711
f 551//2714 611//2770 393//2715
f 499//2716 612//2771 551//2714
f 500//2660 613//2772 499//2716
f 613//2772 500//2660 552//2717
f 615//2773 552//2717 614//2774
f 501//2662 614//2774 552//2717
f 614//2774 501//2662 530//2744
f 553//2718 554//2719 448//2616
f 554//2719 556//2721 449//2617
f 502//2663 555//2720 616//2775
f 503//2664 617//2776 555//2720
f 556//2721 618//2777 503//2664
f 505//2666 504//2665 576//2739
f 509//2670 507//2668 619//2778
f 507//2668 557//2722 620//2779
f 557//2722 508//2669 621//2780
f 622//2781 508//2669 558//2723
f 454//2623 559//2724 558//2723
f 540//2702 509//2670 623//2782
f 510//2671 624//2783 559//2724
f 560//2164 404//2164 625//2164
f 626//2164 510//2164 560//2164
f 625//2164 404//2164 563//2164
f 511//2728 627//2784 563//2785
f 627//2784 511//2728 562//2727
f 457//2672 541//2703 628//2786
f 628//2786 512//2673 457//2672
f 631//2787 630//2788 629//2789
f 512//2673 631//2787 564//2729
f 629//2789 564//2729 631//2787
f 564//2729 576//2739 504//2665
f 632//2790 561//2725 565//2730
f 565//2730 513//2674 566//2731
f 514//2676 634//2791 566//2731
f 635//2792 514//2676 515//2677
f 515//2677 567//2732 635//2792
f 637//2793 568//2734 517//2679
f 568//2734 638//2164 461//2164
f 616//2775 517//2679 502//2663
f 639//2164 569//2164 461//2164
f 640//2164 468//2164 570//2164
f 570//30 468//30 640//30
f 570//2164 519//2164 571//2164
f 570//2164 571//2164 641//2164
f 571//30 519//30 570//30
f 641//30 571//30 570//30
f 574//2738 471//2636 571//2735
f 572//2682 642//2794 468//2682
f 520//2795 643//2796 572//2797
f 573//2736 574//2738 641//2798
f 574//2738 573//2736 521//2683
f 521//2683 470//2635 574//2738
f 542//2704 522//2684 575//2737
f 575//2737 573//2736 644//2799
f 576//2739 645//2800 473//2639
f 646//2801 473//2639 645//2800
f 475//2685 647//2802 577//2685
f 578//2803 524//2740 523//2686
f 646//2801 579//2804 578//2803
f 580//2805 579//2804 646//2801
f 579//2804 524//2740 578//2803
f 578//2803 523//2686 472//2637
f 366//2532 472//2637 523//2686
f 314//2477 366//2532 365//2531
f 648//2806 580//2805 646//2801
f 581//2164 648//2164 580//2164
f 648//30 649//30 581//30
f 580//30 648//30 581//30
f 581//2164 475//2164 647//2164
f 647//30 475//30 581//30
f 582//2164 583//2164 478//2164
f 478//30 583//30 582//30
f 582//2743 585//2743 525//2645
f 586//2741 583//2741 479//2641
f 526//2687 584//2687 650//2807
f 526//2164 528//2164 651//2164
f 651//30 528//30 526//30
f 652//2742 584//2742 527//2642
f 527//2688 528//2688 652//2808
f 481//2689 585//2809 586//2689
f 588//2745 529//2690 591//2749
f 587//2746 653//2810 530//2744
f 588//2745 654//2811 587//2746
f 484//2692 591//2749 529//2690
f 589//2747 655//2812 531//2691
f 590//2748 531//2691 655//2812
f 655//2812 589//2747 656//2813
f 590//2748 657//2814 591//2749
f 592//2164 593//2164 485//2164
f 532//2693 608//2765 592//2750
f 658//2815 532//2693 534//2694
f 593//2816 659//2817 533//2818
f 533//2818 660//2819 535//2751
f 594//2752 535//2751 660//2819
f 536//2696 661//2820 537//2698
f 594//2752 662//2821 536//2696
f 537//2698 663//2822 595//2753
f 538//2700 595//2753 664//2823
f 664//2823 596//2754 538//2700
f 655//2812 656//2813 665//2824
f 597//2825 656//2813 589//2747
f 597//2825 589//2747 488//2651
f 488//2651 596//2754 597//2825
f 602//2759 598//2755 491//2654
f 598//2755 599//2756 489//2652
f 599//2756 666//2826 539//2701
f 600//2757 667//2827 534//2694
f 600//2757 490//2653 601//2758
f 601//2758 539//2701 666//2826
f 623//2782 602//2759 540//2702
f 603//2760 628//2786 541//2703
f 543//2705 544//2706 668//2828
f 547//2709 543//2705 669//2829
f 544//2706 604//2761 670//2830
f 604//2761 493//2656 605//2762
f 545//2707 546//2708 671//2831
f 605//2762 545//2707 672//2832
f 607//2764 606//2763 494//2657
f 606//2763 671//2831 546//2708
f 496//2659 673//2833 607//2764
f 553//2718 547//2709 674//2834
f 673//2833 496//2659 608//2765
f 608//2835 548//2836 675//2837
f 548//2836 549//2766 676//2838
f 609//2768 676//2838 549//2766
f 610//2769 609//2768 497//2767
f 550//2713 611//2770 677//2839
f 445//2712 393//2715 611//2770
f 610//2769 550//2713 678//2840
f 611//2770 551//2714 679//2841
f 612//2771 499//2716 613//2772
f 681//2842 613//2772 615//2773
f 552//2717 615//2773 613//2772
f 683//2843 653//2810 682//2844
f 615//2773 614//2774 683//2843
f 653//2810 683//2843 614//2774
f 587//2746 684//2845 653//2810
f 614//2774 530//2744 653//2810
f 554//2719 553//2718 685//2846
f 556//2721 554//2719 686//2847
f 687//2848 616//2775 555//2720
f 687//2848 555//2720 617//2776
f 617//2776 503//2664 618//2777
f 618//2777 556//2721 688//2849
f 620//2779 619//2778 507//2668
f 619//2778 623//2782 509//2670
f 689//2850 620//2779 557//2722
f 622//2781 621//2780 508//2669
f 621//2780 690//2851 557//2722
f 622//2781 558//2723 691//2852
f 692//2853 558//2723 559//2724
f 624//2783 693//2854 559//2724
f 624//2164 510//2164 694//2164
f 560//2855 625//2856 695//2857
f 696//2164 510//2164 626//2164
f 626//2858 560//2855 697//2859
f 563//2785 698//2860 625//2856
f 698//2860 563//2785 627//2784
f 562//2727 699//2861 627//2784
f 702//2862 701//2863 700//2864
f 628//2786 603//2760 702//2862
f 701//2863 702//2862 603//2760
f 512//2673 628//2786 631//2787
f 702//2862 631//2787 628//2786
f 629//2789 649//2865 645//2800
f 629//2789 630//2788 649//2865
f 631//2787 702//2862 630//2788
f 564//2729 629//2789 576//2739
f 645//2800 576//2739 629//2789
f 703//2866 632//2790 633//2867
f 703//2866 633//2867 704//2868
f 565//2730 633//2867 632//2790
f 633//2867 565//2730 705//2869
f 566//2731 705//2869 565//2730
f 705//2869 566//2731 634//2791
f 514//2676 635//2792 634//2791
f 706//2870 635//2792 567//2732
f 636//2871 567//2732 516//2733
f 516//2733 518//2872 636//2871
f 568//2734 637//2793 707//2873
f 517//2679 616//2775 637//2793
f 638//2164 708//2164 461//2164
f 709//2164 638//2164 568//2734
f 708//2164 639//2164 461//2164
f 640//2164 711//2164 468//2164
f 468//30 711//30 640//30
f 640//2874 712//2875 570//2876
f 641//2798 574//2738 571//2735
f 644//2799 573//2736 641//2798
f 570//2164 641//2164 714//2164
f 714//2164 641//2164 644//2164
f 714//2164 644//2164 715//2164
f 715//2164 644//2164 713//2164
f 714//30 641//30 570//30
f 644//30 641//30 714//30
f 715//30 644//30 714//30
f 713//30 644//30 715//30
f 711//2794 468//2682 642//2794
f 572//2797 716//2797 642//2877
f 716//2797 572//2797 643//2796
f 712//2878 643//2796 520//2795
f 575//2737 701//2863 542//2704
f 713//2879 575//2737 644//2799
f 701//2863 575//2737 713//2879
f 645//2800 648//2806 646//2801
f 473//2639 646//2801 472//2637
f 578//2803 472//2637 646//2801
f 717//2802 577//2685 647//2802
f 581//2164 649//2164 648//2164
f 649//2865 648//2806 645//2800
f 581//2164 630//2164 649//2164
f 630//30 700//30 581//30
f 649//30 630//30 581//30
f 581//2164 647//2164 718//2164
f 718//30 647//30 581//30
f 719//2164 583//2164 582//2164
f 582//30 583//30 719//30
f 585//2743 582//2743 720//2880
f 583//2741 586//2741 721//2881
f 722//2807 650//2807 584//2687
f 526//2164 651//2164 650//2164
f 650//30 651//30 526//30
f 651//2808 652//2808 528//2688
f 584//2742 652//2742 722//2882
f 723//2883 586//2689 585//2809
f 591//2749 724//2884 588//2745
f 724//2884 654//2811 588//2745
f 590//2748 655//2812 725//2885
f 591//2749 657//2814 726//2886
f 591//2749 726//2886 727//2887
f 591//2749 727//2887 724//2884
f 590//2748 725//2885 657//2814
f 592//2888 728//2889 593//2816
f 608//2835 675//2837 592//2888
f 532//2693 673//2833 608//2765
f 532//2693 658//2815 673//2833
f 658//2815 534//2694 667//2827
f 659//2817 729//2890 660//2819
f 660//2819 533//2818 659//2817
f 659//2817 593//2816 728//2889
f 663//2822 537//2698 661//2820
f 661//2820 536//2696 662//2821
f 662//2821 594//2752 730//2891
f 731//2892 664//2823 595//2753
f 596//2754 664//2823 732//2893
f 656//2813 734//2894 665//2824
f 655//2812 665//2824 725//2885
f 597//2825 732//2893 656//2813
f 732//2893 597//2825 596//2754
f 598//2755 602//2759 735//2895
f 599//2756 598//2755 736//2896
f 666//2826 599//2756 737//2897
f 667//2827 600//2757 738//2898
f 601//2758 738//2898 600//2757
f 666//2826 739//2899 601//2758
f 602//2759 623//2782 740//2900
f 670//2830 668//2828 544//2706
f 668//2828 669//2829 543//2705
f 669//2829 674//2834 547//2709
f 741//2901 670//2830 604//2761
f 605//2762 742//2902 604//2761
f 671//2831 672//2832 545//2707
f 672//2832 743//2903 605//2762
f 606//2763 607//2764 744//2904
f 671//2831 606//2763 745//2905
f 746//2906 607//2764 673//2833
f 674//2834 685//2846 553//2718
f 676//2838 675//2837 548//2836
f 676//2838 609//2768 747//2907
f 609//2768 610//2769 748//2908
f 679//2841 677//2839 611//2770
f 677//2839 678//2840 550//2713
f 678//2840 748//2908 610//2769
f 680//2909 679//2841 551//2714
f 750//2910 680//2909 749//2911
f 612//2771 749//2911 680//2909
f 680//2909 551//2714 612//2771
f 750//2910 751//2912 680//2909
f 749//2911 612//2771 681//2842
f 613//2772 681//2842 612//2771
f 749//2911 681//2842 752//2913
f 681//2842 615//2773 753//2914
f 683//2843 753//2914 615//2773
f 682//2844 653//2810 684//2845
f 753//2914 683//2843 754//2915
f 754//2915 683//2843 682//2844
f 654//2811 684//2845 587//2746
f 685//2846 686//2847 554//2719
f 686//2847 688//2849 556//2721
f 687//2848 755//2916 616//2775
f 617//2776 756//2917 687//2848
f 618//2777 757//2918 617//2776
f 688//2849 758//2919 618//2777
f 619//2778 620//2779 759//2920
f 623//2782 619//2778 760//2921
f 620//2779 689//2850 761//2922
f 689//2850 557//2722 690//2851
f 621//2780 622//2781 762//2923
f 690//2851 621//2780 763//2924
f 692//2853 691//2852 558//2723
f 691//2852 762//2923 622//2781
f 559//2724 764//2925 692//2853
f 765//2926 559//2724 693//2854
f 693//2854 624//2783 766//2927
f 694//2164 510//2164 696//2164
f 624//2783 694//2928 767//2929
f 768//2930 695//2857 625//2856
f 695//2857 697//2859 560//2855
f 697//2859 769//2931 626//2858
f 768//2930 625//2856 698//2860
f 770//2932 627//2784 699//2861
f 699//2861 562//2727 632//2790
f 700//2864 701//2863 713//2879
f 630//2788 702//2862 700//2864
f 603//2760 542//2704 701//2863
f 581//2164 700//2164 630//2164
f 561//2725 632//2790 562//2727
f 771//2933 704//2868 633//2867
f 704//2868 772//2934 703//2866
f 632//2790 703//2866 699//2861
f 633//2867 705//2869 771//2933
f 705//2869 634//2791 773//2935
f 774//2936 773//2935 634//2791
f 775//2937 634//2791 635//2792
f 635//2792 706//2870 775//2937
f 776//2938 775//2937 706//2870
f 567//2732 636//2871 706//2870
f 777//2939 636//2871 518//2872
f 778//2940 707//2873 637//2793
f 707//2873 779//2164 568//2734
f 780//2941 637//2793 616//2775
f 708//2942 638//2943 781//2944
f 709//2945 782//2946 638//2943
f 783//2164 709//2164 568//2734
f 569//2947 639//2948 710//2949
f 784//2950 710//2949 639//2948
f 710//2949 777//2939 569//2947
f 639//2948 708//2942 784//2950
f 785//2164 711//2164 640//2164
f 640//30 711//30 785//30
f 714//2875 570//2876 712//2875
f 643//2876 712//2875 640//2874
f 716//2874 643//2876 640//2874
f 715//2164 713//2164 700//2164
f 715//2164 700//2164 581//2164
f 700//30 713//30 715//30
f 642//2794 786//2951 711//2794
f 787//2877 642//2877 716//2797
f 712//2878 520//2795 788//2952
f 520//2795 577//2953 788//2952
f 715//2954 714//2875 788//2954
f 647//2802 790//2955 717//2802
f 581//30 700//30 715//30
f 718//2164 647//2164 790//2164
f 790//30 647//30 718//30
f 718//2956 581//2957 791//2956
f 724//2164 583//2164 727//2164
f 727//2164 583//2164 719//2164
f 724//30 583//30 654//30
f 727//30 583//30 724//30
f 719//30 583//30 727//30
f 719//2958 720//2880 582//2743
f 720//2959 723//2883 585//2809
f 723//2881 721//2881 586//2741
f 792//2164 721//2164 583//2164
f 583//30 721//30 792//30
f 722//2807 793//2960 650//2807
f 650//2164 651//2164 794//2164
f 794//30 651//30 650//30
f 652//2808 651//2808 795//2961
f 795//2882 722//2882 652//2742
f 684//2164 583//2164 654//2164
f 654//30 583//30 684//30
f 654//2164 583//2164 724//2164
f 796//2164 725//2164 657//2164
f 657//30 725//30 796//30
f 726//30 657//30 796//30
f 796//2164 657//2164 726//2164
f 796//2164 726//2164 727//2164
f 796//2164 727//2164 719//2164
f 727//30 726//30 796//30
f 719//30 727//30 796//30
f 728//2889 592//2888 675//2837
f 746//2906 673//2833 658//2815
f 667//2827 744//2904 658//2815
f 730//2891 660//2819 729//2890
f 729//2890 659//2817 797//2962
f 728//2889 797//2962 659//2817
f 660//2819 730//2891 594//2752
f 661//2820 798//2963 663//2822
f 799//2964 663//2822 798//2963
f 662//2821 800//2965 661//2820
f 798//2963 661//2820 800//2965
f 730//2891 801//2966 662//2821
f 800//2965 662//2821 801//2966
f 731//2892 595//2753 663//2822
f 802//2967 733//2968 731//2892
f 664//2823 731//2892 733//2968
f 732//2893 733//2968 734//2894
f 803//2969 734//2894 733//2968
f 733//2968 732//2893 664//2823
f 734//2894 803//2969 804//2970
f 665//2824 734//2894 804//2970
f 734//2894 656//2813 732//2893
f 796//2164 804//2164 665//2164
f 796//2164 665//2164 725//2164
f 725//30 665//30 796//30
f 740//2900 735//2895 602//2759
f 735//2895 736//2896 598//2755
f 736//2896 737//2897 599//2756
f 737//2897 805//2971 666//2826
f 738//2898 745//2905 667//2827
f 738//2898 601//2758 739//2899
f 739//2899 666//2826 805//2971
f 760//2921 740//2900 623//2782
f 668//2828 670//2830 806//2972
f 669//2829 668//2828 807//2973
f 674//2834 669//2829 808//2974
f 670//2830 741//2901 809//2975
f 741//2901 604//2761 742//2902
f 742//2902 605//2762 743//2903
f 671//2831 745//2905 672//2832
f 743//2903 672//2832 810//2976
f 746//2906 744//2904 607//2764
f 744//2904 745//2905 606//2763
f 685//2846 674//2834 811//2977
f 675//2837 676//2838 812//2978
f 748//2908 747//2907 609//2768
f 747//2907 812//2978 676//2838
f 677//2839 679//2841 813//2979
f 678//2840 677//2839 814//2980
f 748//2908 678//2840 815//2981
f 679//2841 680//2909 751//2912
f 816//2982 752//2913 754//2915
f 750//2910 749//2911 816//2982
f 752//2913 816//2982 749//2911
f 753//2914 754//2915 752//2913
f 753//2914 752//2913 681//2842
f 818//2983 816//2982 817//2984
f 751//2912 750//2910 818//2983
f 816//2982 818//2983 750//2910
f 754//2164 583//2164 682//2164
f 682//2164 583//2164 684//2164
f 682//30 583//30 754//30
f 684//30 583//30 682//30
f 686//2847 685//2846 819//2985
f 688//2849 686//2847 820//2986
f 780//2941 616//2775 755//2916
f 755//2916 687//2848 756//2917
f 756//2917 617//2776 757//2918
f 757//2918 618//2777 758//2919
f 758//2919 688//2849 821//2987
f 761//2922 759//2920 620//2779
f 759//2920 760//2921 619//2778
f 822//2988 761//2922 689//2850
f 690//2851 823//2989 689//2850
f 762//2923 763//2924 621//2780
f 763//2924 824//2990 690//2851
f 691//2852 692//2853 825//2991
f 762//2923 691//2852 826//2992
f 827//2993 692//2853 764//2925
f 559//2724 765//2926 764//2925
f 693//2854 766//2927 765//2926
f 767//2929 766//2927 624//2783
f 828//2994 767//2929 694//2928
f 695//2857 768//2930 829//2995
f 697//2859 695//2857 830//2996
f 696//2997 626//2858 769//2931
f 769//2931 828//2994 696//2997
f 830//2996 832//2998 697//2859
f 769//2931 697//2859 832//2998
f 698//2860 833//2999 768//2930
f 627//2784 770//2932 698//2860
f 833//2999 698//2860 770//2932
f 699//2861 834//3000 770//2932
f 835//3001 770//2932 834//3000
f 704//2868 771//2933 836//3002
f 834//3000 703//2866 772//2934
f 772//2934 704//2868 837//3003
f 834//3000 699//2861 703//2866
f 773//2935 771//2933 705//2869
f 771//2933 773//2935 838//3004
f 839//3005 773//2935 774//2936
f 634//2791 775//2937 774//2936
f 840//3006 774//2936 775//2937
f 841//3007 774//2936 840//3006
f 706//2870 842//3008 776//2938
f 842//3008 706//2870 636//2871
f 843//3009 776//2938 842//3008
f 636//2871 777//2939 842//3008
f 518//2872 569//2947 777//2939
f 778//2940 844//3010 707//2873
f 844//3010 778//2940 637//2793
f 779//2164 783//2164 568//2734
f 707//2873 845//3011 779//3012
f 637//2793 780//2941 764//2925
f 846//3013 781//2944 638//2943
f 781//2944 784//2950 708//2942
f 846//3013 638//2943 782//2946
f 782//2946 709//2945 847//3014
f 710//2949 784//2950 848//3015
f 777//2939 710//2949 849//3016
f 785//2164 850//2164 711//2164
f 711//30 850//30 785//30
f 640//2874 785//3017 716//2874
f 850//2951 711//2794 786//2951
f 642//2877 787//2877 786//3018
f 787//3017 716//2874 785//3017
f 712//2875 788//2954 714//2875
f 789//2953 788//2952 577//2953
f 715//2954 788//2954 581//2957
f 577//2953 717//3019 789//2953
f 791//3019 789//2953 717//3019
f 851//2955 717//2802 790//2955
f 718//2164 790//2164 852//2164
f 852//30 790//30 718//30
f 789//2957 791//2956 581//2957
f 791//2956 853//3020 718//2956
f 719//2958 854//3021 720//2880
f 856//3022 855//3023 719//2958
f 854//3021 719//2958 855//3023
f 857//3024 723//2883 720//2959
f 858//3025 856//3026 723//2883
f 858//3025 723//2883 857//3024
f 723//2881 859//3027 721//2881
f 860//2164 721//2164 792//2164
f 792//30 721//30 860//30
f 792//2164 583//2164 817//2164
f 817//2164 583//2164 861//2164
f 817//30 583//30 792//30
f 861//30 583//30 817//30
f 650//2807 862//2960 794//3028
f 863//2960 862//2960 650//2807
f 793//2960 863//2960 650//2807
f 722//2882 795//2882 793//3029
f 794//2164 651//2164 841//2164
f 841//2164 651//2164 864//2164
f 841//30 651//30 794//30
f 864//30 651//30 841//30
f 864//2961 795//2961 651//2808
f 796//2164 719//2164 865//2164
f 865//30 719//30 796//30
f 675//2837 812//2978 728//2889
f 746//2906 658//2815 744//2904
f 744//2904 667//2827 745//2905
f 797//2962 867//3030 729//2890
f 866//3031 729//2890 867//3030
f 797//2962 728//2889 812//2978
f 663//2822 799//2964 731//2892
f 801//2966 730//2891 866//3031
f 802//2967 731//2892 799//2964
f 733//2968 802//2967 803//2969
f 804//2970 803//2969 868//3032
f 796//2164 868//2164 804//2164
f 804//30 868//30 796//30
f 665//30 804//30 796//30
f 735//2895 740//2900 869//3033
f 736//2896 735//2895 870//3034
f 737//2897 736//2896 871//3035
f 805//2971 737//2897 872//3036
f 745//2905 738//2898 873//3037
f 739//2899 873//3037 738//2898
f 805//2971 810//2976 739//2899
f 740//2900 760//2921 874//3038
f 809//2975 806//2972 670//2830
f 806//2972 807//2973 668//2828
f 807//2973 808//2974 669//2829
f 808//2974 811//2977 674//2834
f 875//3039 809//2975 741//2901
f 742//2902 876//3040 741//2901
f 743//2903 877//3041 742//2902
f 873//3037 672//2832 745//2905
f 873//3037 810//2976 672//2832
f 810//2976 878//3042 743//2903
f 811//2977 819//2985 685//2846
f 747//2907 748//2908 879//3043
f 812//2978 747//2907 880//3044
f 813//2979 814//2980 677//2839
f 814//2980 815//2981 678//2840
f 815//2981 879//3043 748//2908
f 751//2912 813//2979 679//2841
f 861//3045 816//2982 754//2915
f 817//2984 816//2982 861//3045
f 818//2983 881//3046 751//2912
f 754//30 583//30 861//30
f 819//2985 820//2986 686//2847
f 820//2986 821//2987 688//2849
f 780//2941 755//2916 827//2993
f 755//2916 756//2917 825//2991
f 757//2918 882//3047 756//2917
f 757//2918 758//2919 882//3047
f 758//2919 821//2987 883//3048
f 759//2920 761//2922 884//3049
f 760//2921 759//2920 885//3050
f 761//2922 822//2988 886//3051
f 822//2988 689//2850 823//2989
f 823//2989 690//2851 824//2990
f 763//2924 762//2923 882//3047
f 824//2990 763//2924 883//3048
f 827//2993 825//2991 692//2853
f 825//2991 826//2992 691//2852
f 826//2992 882//3047 762//2923
f 827//2993 764//2925 780//2941
f 844//3010 637//2793 764//2925
f 765//2926 844//3010 764//2925
f 844//3010 766//2927 707//2873
f 765//2926 766//2927 844//3010
f 766//2927 767//2929 887//3052
f 767//2929 828//2994 888//3053
f 694//2928 696//2997 828//2994
f 889//3054 829//2995 768//2930
f 829//2995 830//2996 695//2857
f 828//2994 769//2931 831//3055
f 832//2998 831//3055 769//2931
f 831//3055 832//2998 890//3056
f 832//2998 830//2996 891//3057
f 891//3057 890//3056 832//2998
f 889//3054 768//2930 833//2999
f 770//2932 835//3001 833//2999
f 894//3058 833//2999 835//3001
f 836//3002 771//2933 838//3004
f 837//3003 704//2868 836//3002
f 772//2934 895//3059 834//3000
f 895//3059 772//2934 896//3060
f 896//3060 772//2934 837//3003
f 838//3004 773//2935 839//3005
f 898//3061 774//2936 897//3062
f 839//3005 774//2936 898//3061
f 840//3006 775//2937 899//3063
f 897//3062 774//2936 841//3007
f 900//3064 841//3007 840//3006
f 899//3063 776//2938 901//3065
f 843//3009 901//3065 776//2938
f 842//3008 849//3016 843//3009
f 776//2938 899//3063 775//2937
f 843//3009 902//3066 901//3065
f 849//3016 842//3008 777//2939
f 779//3012 903//3067 783//3068
f 903//3067 779//3012 845//3011
f 845//3011 707//2873 766//2927
f 781//2944 846//3013 904//3069
f 784//2950 781//2944 905//3070
f 782//2946 906//3071 846//3013
f 783//3068 847//3014 709//2945
f 847//3014 907//3072 782//2946
f 847//3014 783//3068 903//3067
f 905//3070 848//3015 784//2950
f 848//3015 849//3016 710//2949
f 908//2164 850//2164 785//2164
f 785//30 850//30 908//30
f 850//2951 786//2951 909//3073
f 910//3018 786//3018 787//2877
f 787//3017 785//3017 910//3074
f 789//2957 581//2957 788//2954
f 717//3019 851//3075 791//3019
f 851//2955 790//2955 911//3076
f 852//2164 790//2164 912//2164
f 912//30 790//30 852//30
f 852//3020 718//2956 853//3020
f 853//3075 791//3019 851//3075
f 858//3077 914//3078 913//3079
f 914//3078 915//3080 913//3079
f 858//3077 913//3079 916//3081
f 914//3078 917//3082 915//3080
f 854//3083 915//3080 917//3082
f 858//3077 916//3081 918//3084
f 914//3025 856//3026 858//3025
f 855//3025 856//3026 914//3025
f 917//3025 855//3025 914//3025
f 854//3083 855//3085 915//3080
f 855//3085 919//3086 915//3080
f 915//3080 920//3087 913//3079
f 916//3081 913//3079 920//3087
f 856//3088 921//3089 855//3085
f 856//3022 719//2958 922//3090
f 723//2883 856//3026 859//3025
f 923//3091 721//2881 859//3027
f 860//30 721//30 924//30
f 860//3092 881//3046 792//3093
f 792//3093 818//2983 817//2984
f 861//2164 583//2164 754//2164
f 925//3028 794//3028 862//2960
f 862//3094 863//3095 926//3096
f 863//3097 793//3029 927//3097
f 928//3029 793//3029 795//2882
f 929//3098 928//3029 795//2882
f 794//2164 841//2164 897//2164
f 794//2164 897//2164 898//2164
f 930//2164 794//2164 839//2164
f 839//2164 794//2164 898//2164
f 897//30 841//30 794//30
f 898//30 897//30 794//30
f 839//30 794//30 930//30
f 898//30 794//30 839//30
f 841//2164 864//2164 900//2164
f 795//2961 864//2961 931//3099
f 865//3100 922//3090 719//2958
f 796//2164 865//2164 908//2164
f 908//30 865//30 796//30
f 729//2890 866//3031 730//2891
f 867//3030 797//2962 880//3044
f 812//2978 880//3044 797//2962
f 801//2966 866//3031 932//3101
f 933//3102 932//3101 866//3031
f 803//2969 934//3103 868//3032
f 802//2967 799//2964 934//3103
f 934//3103 803//2969 802//2967
f 796//2164 935//2164 868//2164
f 935//30 936//30 796//30
f 868//30 935//30 796//30
f 874//3038 869//3033 740//2900
f 869//3033 870//3034 735//2895
f 870//3034 871//3035 736//2896
f 871//3035 872//3036 737//2897
f 872//3036 878//3042 805//2971
f 873//3037 739//2899 810//2976
f 810//2976 805//2971 878//3042
f 885//3050 874//3038 760//2921
f 806//2972 809//2975 937//3104
f 807//2973 806//2972 938//3105
f 808//2974 807//2973 939//3106
f 811//2977 808//2974 940//3107
f 809//2975 875//3039 941//3108
f 875//3039 741//2901 876//3040
f 876//3040 742//2902 877//3041
f 877//3041 743//2903 878//3042
f 819//2985 811//2977 942//3109
f 879//3043 880//3044 747//2907
f 943//3110 881//3046 860//3092
f 814//2980 813//2979 943//3110
f 881//3046 943//3110 813//2979
f 813//2979 751//2912 881//3046
f 944//3111 815//2981 943//3110
f 814//2980 943//3110 815//2981
f 945//3112 879//3043 944//3111
f 815//2981 944//3111 879//3043
f 881//3046 818//2983 792//3093
f 820//2986 819//2985 946//3113
f 821//2987 820//2986 947//3114
f 825//2991 827//2993 755//2916
f 826//2992 825//2991 756//2917
f 826//2992 756//2917 882//3047
f 883//3048 882//3047 758//2919
f 948//3115 883//3048 821//2987
f 886//3051 884//3049 761//2922
f 884//3049 885//3050 759//2920
f 949//3116 886//3051 822//2988
f 823//2989 950//3117 822//2988
f 824//2990 951//3118 823//2989
f 882//3047 883//3048 763//2924
f 883//3048 948//3115 824//2990
f 888//3053 887//3052 767//2929
f 766//2927 887//3052 845//3011
f 831//3055 888//3053 828//2994
f 952//3119 953//3120 954//3121
f 955//3122 954//3121 953//3120
f 953//3120 952//3119 889//3054
f 829//2995 889//3054 952//3119
f 830//2996 829//2995 892//3123
f 891//3057 893//3124 890//3056
f 890//3056 956//3125 831//3055
f 957//3126 890//3056 893//3124
f 893//3124 959//3127 958//3128
f 891//3057 892//3123 893//3124
f 959//3127 893//3124 892//3123
f 892//3123 891//3057 830//2996
f 957//3126 893//3124 958//3128
f 833//2999 894//3058 889//3054
f 894//3058 835//3001 960//3129
f 895//3059 960//3129 835//3001
f 895//3059 961//3130 960//3129
f 960//3129 955//3122 894//3058
f 962//2164 838//2164 836//2164
f 836//30 838//30 962//30
f 962//2164 836//2164 837//2164
f 837//30 836//30 962//30
f 835//3001 834//3000 895//3059
f 962//2164 837//2164 896//2164
f 896//30 837//30 962//30
f 962//2164 839//2164 838//2164
f 838//30 839//30 962//30
f 900//3064 840//3006 899//3063
f 900//30 864//30 841//30
f 902//3066 843//3009 849//3016
f 963//3131 899//3063 901//3065
f 964//3132 901//3065 902//3066
f 901//3065 964//3132 963//3131
f 903//3067 965//3133 847//3014
f 845//3011 966//3134 903//3067
f 967//3135 904//3069 846//3013
f 904//3069 905//3070 781//2944
f 967//3135 846//3013 906//3071
f 906//3071 782//2946 907//3072
f 907//3072 847//3014 965//3133
f 848//3015 905//3070 968//3136
f 849//3016 848//3015 902//3066
f 968//3136 902//3066 848//3015
f 908//2164 909//2164 850//2164
f 850//30 909//30 908//30
f 908//3074 910//3074 785//3017
f 969//3073 909//3073 786//2951
f 786//3018 910//3018 969//3137
f 912//3076 911//3076 790//2955
f 851//3075 911//3138 853//3075
f 852//2164 912//2164 930//2164
f 930//30 912//30 852//30
f 852//3020 853//3020 930//3139
f 918//3084 916//3081 970//3140
f 918//3084 971//3141 858//3077
f 921//3089 919//3086 855//3085
f 919//3086 920//3087 915//3080
f 970//3140 916//3081 920//3087
f 856//3088 972//3142 921//3089
f 922//3143 975//3143 856//3026
f 922//3144 976//3145 856//3088
f 977//3146 859//3025 856//3026
f 721//2164 978//2164 923//2164
f 978//2164 721//2164 979//2164
f 979//2164 721//2164 924//2164
f 923//30 978//30 721//30
f 979//30 721//30 978//30
f 924//30 721//30 979//30
f 860//3092 924//3147 944//3111
f 924//2164 721//2164 860//2164
f 925//3028 980//3148 794//3028
f 981//3149 925//3150 862//3094
f 926//3096 927//3151 982//3152
f 863//3095 927//3151 926//3096
f 982//3152 985//3153 986//3154
f 986//3154 926//3096 982//3152
f 987//3155 862//3094 926//3096
f 984//3156 928//3157 988//3158
f 928//3029 927//3097 793//3029
f 929//3159 988//3158 928//3157
f 931//3098 929//3098 795//2882
f 930//2164 989//2164 794//2164
f 930//2164 839//2164 962//2164
f 794//30 989//30 930//30
f 962//30 839//30 930//30
f 991//3099 864//2961 990//3160
f 931//3099 864//2961 991//3099
f 865//3100 992//3161 922//3090
f 865//3100 993//3162 992//3161
f 908//2164 865//2164 909//2164
f 909//30 865//30 908//30
f 933//3102 995//3163 994//3164
f 866//3031 867//3030 933//3102
f 995//3163 933//3102 867//3030
f 867//3030 880//3044 995//3163
f 996//3165 995//3163 880//3044
f 932//3101 997//3166 801//2966
f 998//3167 868//3032 934//3103
f 998//3167 934//3103 799//2964
f 796//2164 936//2164 935//2164
f 868//3032 998//3167 935//3168
f 935//3168 999//3169 936//3170
f 796//2164 1000//2164 936//2164
f 796//30 1000//30 1001//30
f 936//30 1000//30 796//30
f 874//3038 1002//3171 869//3033
f 870//3034 869//3033 1003//3172
f 871//3035 870//3034 1004//3173
f 872//3036 871//3035 1005//3174
f 878//3042 872//3036 1006//3175
f 874//3038 885//3050 1002//3171
f 941//3108 937//3104 809//2975
f 937//3104 938//3105 806//2972
f 938//3105 939//3106 807//2973
f 939//3106 940//3107 808//2974
f 940//3107 942//3109 811//2977
f 1007//3176 941//3108 875//3039
f 876//3040 1008//3177 875//3039
f 877//3041 1009//3178 876//3040
f 878//3042 1006//3175 877//3041
f 942//3109 946//3113 819//2985
f 979//3179 996//3165 945//3112
f 996//3165 880//3044 945//3112
f 879//3043 945//3112 880//3044
f 860//3092 944//3111 943//3110
f 924//3147 945//3112 944//3111
f 946//3113 947//3114 820//2986
f 821//2987 947//3114 948//3115
f 884//3049 886//3051 1010//3180
f 884//3049 1010//3180 885//3050
f 886//3051 949//3116 1011//3181
f 949//3116 822//2988 950//3117
f 950//3117 823//2989 951//3118
f 951//3118 824//2990 948//3115
f 887//3052 888//3053 1012//3182
f 966//3134 845//3011 887//3052
f 888//3053 831//3055 956//3125
f 954//3121 959//3127 952//3119
f 954//3121 955//3122 1013//3183
f 955//3122 960//3129 961//3130
f 953//3120 894//3058 955//3122
f 953//3120 889//3054 894//3058
f 952//3119 892//3123 829//2995
f 959//3127 954//3121 1014//3184
f 1016//3185 957//3126 1015//3186
f 890//3056 957//3126 956//3125
f 1016//3185 956//3125 957//3126
f 958//3128 959//3127 1014//3184
f 892//3123 952//3119 959//3127
f 957//3126 958//3128 1015//3186
f 961//3130 895//3059 896//3060
f 962//2164 896//2164 961//2164
f 961//30 896//30 962//30
f 962//2164 961//2164 1013//2164
f 1013//30 961//30 962//30
f 963//3131 900//3064 899//3063
f 900//2164 864//2164 963//2164
f 963//30 864//30 900//30
f 902//3066 968//3136 964//3132
f 963//3131 964//3132 1017//3187
f 965//3133 903//3067 966//3134
f 904//3069 967//3135 1019//3188
f 1020//3189 1019//3188 967//3135
f 905//3070 904//3069 1021//3190
f 1019//3188 1021//3190 904//3069
f 907//3072 1023//3191 906//3071
f 1023//3191 907//3072 1024//3192
f 965//3133 1024//3192 907//3072
f 1021//3190 968//3136 905//3070
f 968//3136 1021//3190 1018//3193
f 1025//3194 1018//3193 1021//3190
f 964//3132 1018//3193 1017//3187
f 1018//3193 964//3132 968//3136
f 910//3074 908//3074 1026//3195
f 909//3073 969//3073 865//3100
f 1026//3137 969//3137 910//3018
f 911//3076 912//3076 1027//3196
f 1028//3138 853//3075 911//3138
f 930//2164 912//2164 989//2164
f 989//30 912//30 930//30
f 1028//3139 930//3139 853//3020
f 1029//3197 918//3084 970//3140
f 918//3084 1029//3197 1030//3198
f 1031//3199 858//3077 971//3141
f 918//3084 1030//3198 971//3141
f 1033//3200 1030//3198 1032//3201
f 1034//3202 1030//3198 1033//3200
f 1035//3203 1030//3198 1034//3202
f 1038//3204 1037//3205 1036//3206
f 1038//3204 1039//3207 1037//3205
f 1039//3207 1040//3208 1037//3205
f 1039//3207 1041//3209 1040//3208
f 1035//3203 1034//3202 1042//3210
f 1035//3203 1042//3210 1043//3211
f 919//3086 1036//3206 1044//3212
f 1032//3201 1045//3213 1033//3200
f 1033//3200 1045//3213 1046//3214
f 1036//3206 1047//3215 1044//3212
f 1036//3206 1037//3205 1047//3215
f 1037//3205 1048//3216 1047//3215
f 1037//3205 1040//3208 1048//3216
f 921//3089 1036//3206 919//3086
f 921//3089 1038//3204 1036//3206
f 1046//3214 1047//3215 1042//3210
f 1033//3200 1046//3214 1034//3202
f 1034//3202 1046//3214 1042//3210
f 1042//3210 1047//3215 1048//3216
f 1043//3211 1042//3210 1048//3216
f 1043//3211 1048//3216 1052//3217
f 970//3140 920//3087 1045//3213
f 1045//3213 920//3087 1044//3212
f 1050//3218 1048//3216 1040//3208
f 1050//3218 1052//3217 1048//3216
f 1029//3197 970//3140 1032//3201
f 1032//3201 970//3140 1045//3213
f 972//3142 1038//3204 921//3089
f 976//3145 972//3142 856//3088
f 973//3219 1053//3143 856//3026
f 974//3220 973//3219 856//3026
f 973//3219 992//3221 993//3222
f 973//3219 974//3220 992//3221
f 975//3143 974//3220 856//3026
f 922//3144 1055//3223 1054//3224
f 1055//3223 1057//3225 1056//3226
f 1057//3225 975//3227 1058//3228
f 975//3227 1060//3229 1059//3230
f 922//3144 1054//3224 976//3145
f 1055//3223 1056//3226 1054//3224
f 977//3231 923//3091 859//3027
f 1063//3232 1062//3233 1061//3234
f 1061//3234 1064//3235 1063//3232
f 1065//3236 995//3163 978//3237
f 978//2164 1001//2164 923//2164
f 1001//2164 978//2164 1065//2164
f 923//30 1001//30 978//30
f 1065//30 978//30 1001//30
f 924//3147 979//3179 945//3112
f 978//3237 996//3165 979//3179
f 794//3028 980//3148 989//3196
f 1066//3238 980//3239 925//3150
f 1067//3240 925//3150 981//3149
f 987//3155 981//3149 862//3094
f 985//3153 928//3157 984//3156
f 982//3152 928//3157 985//3153
f 927//3151 928//3157 982//3152
f 984//3156 1069//3241 1068//3242
f 985//3153 984//3156 983//3243
f 984//3156 1068//3242 983//3243
f 985//3153 983//3243 986//3154
f 986//3154 987//3155 926//3096
f 1070//3244 1071//3245 1072//3246
f 1073//3247 1071//3245 1070//3244
f 991//3248 1073//3247 1070//3244
f 929//3159 1075//3249 1074//3250
f 929//3159 1074//3250 988//3158
f 1075//3249 1072//3246 1071//3245
f 1075//3249 1071//3245 1074//3250
f 929//3098 931//3098 1075//3251
f 1072//3251 1075//3251 931//3098
f 1070//3251 1072//3251 931//3098
f 930//3139 1028//3139 962//3252
f 1076//3160 990//3160 864//2961
f 990//3253 1077//3254 991//3248
f 991//3251 1070//3251 931//3098
f 993//3162 865//3100 969//3073
f 994//3164 995//3163 1065//3236
f 932//3101 933//3102 1078//3255
f 1078//3255 933//3102 994//3164
f 978//3237 995//3163 996//3165
f 800//2965 801//2966 997//3166
f 997//3166 932//3101 1000//3256
f 799//2964 798//2963 998//3167
f 998//3167 999//3169 935//3168
f 999//3169 997//3166 936//3170
f 1001//2164 1000//2164 796//2164
f 936//3170 997//3166 1000//3256
f 1001//2164 1078//2164 1000//2164
f 1001//2164 994//2164 1078//2164
f 1078//30 994//30 1001//30
f 1000//30 1078//30 1001//30
f 1079//3257 869//3033 1002//3171
f 1079//3257 1003//3172 869//3033
f 1003//3172 1004//3173 870//3034
f 1004//3173 1005//3174 871//3035
f 1005//3174 1006//3175 872//3036
f 1080//3258 1002//3171 885//3050
f 937//3104 941//3108 1081//3259
f 938//3105 937//3104 1082//3260
f 939//3106 938//3105 1083//3261
f 940//3107 939//3106 1084//3262
f 942//3109 940//3107 1085//3263
f 941//3108 1007//3176 1086//3264
f 1007//3176 875//3039 1008//3177
f 1008//3177 876//3040 1009//3178
f 1009//3178 877//3041 1006//3175
f 946//3113 942//3109 1087//3265
f 947//3114 946//3113 1088//3266
f 1089//3267 948//3115 947//3114
f 1011//3181 1010//3180 886//3051
f 1080//3258 885//3050 1010//3180
f 1090//3268 1011//3181 949//3116
f 950//3117 1091//3269 949//3116
f 951//3118 1092//3270 950//3117
f 948//3115 1089//3267 951//3118
f 956//3125 1012//3182 888//3053
f 887//3052 1012//3182 966//3134
f 1013//3183 955//3122 961//3130
f 1014//3184 954//3121 1013//3183
f 1016//3185 1015//3186 1093//3271
f 956//3125 1016//3185 1012//3182
f 962//2164 1013//2164 1014//2164
f 962//2164 1014//2164 958//2164
f 958//30 1014//30 962//30
f 962//2164 958//2164 1015//2164
f 1015//30 958//30 962//30
f 1093//30 1015//30 1076//30
f 1014//30 1013//30 962//30
f 963//2164 864//2164 1017//2164
f 1017//3187 1018//3193 1094//3272
f 1018//3193 1025//3194 1094//3272
f 1095//3273 1094//3272 1025//3194
f 1024//3192 1097//3274 1096//3275
f 1024//3192 965//3133 1097//3274
f 966//3134 1097//3274 965//3133
f 1020//3189 967//3135 1022//3276
f 1095//3273 1099//3277 1098//3278
f 1019//3188 1020//3189 1095//3273
f 1099//3277 1095//3273 1020//3189
f 1021//3190 1019//3188 1025//3194
f 1095//3273 1025//3194 1019//3188
f 906//3071 1022//3276 967//3135
f 1022//3276 906//3071 1023//3191
f 1096//3275 1102//3279 1101//3280
f 1096//3275 1101//3280 1024//3192
f 1023//3191 1024//3192 1101//3280
f 796//3195 1026//3195 908//3074
f 969//3137 1026//3137 993//3222
f 989//3196 1027//3196 912//3076
f 911//3138 1027//3281 1028//3138
f 1032//3201 1030//3198 1029//3197
f 1064//3235 1031//3199 1103//3282
f 1103//3282 1031//3199 971//3141
f 1063//3232 1064//3235 1103//3282
f 1104//3283 971//3141 1030//3198
f 1105//3284 1104//3283 1030//3198
f 1108//3285 1107//3286 1106//3287
f 1106//3287 1111//3288 1110//3289
f 1106//3287 1110//3289 1108//3285
f 1111//3288 1104//3283 1105//3284
f 1111//3288 1105//3284 1110//3289
f 1113//3290 1043//3211 1052//3217
f 1030//3198 1035//3203 1043//3211
f 1030//3198 1043//3211 1113//3290
f 1045//3213 1044//3212 1046//3214
f 1046//3214 1044//3212 1047//3215
f 919//3086 1044//3212 920//3087
f 1049//3291 1112//3292 1051//3293
f 1051//3293 1050//3218 1049//3291
f 1051//3293 1114//3294 1050//3218
f 1113//3290 1052//3217 1115//3295
f 1114//3294 1052//3217 1050//3218
f 1114//3294 1115//3295 1052//3217
f 1049//3291 1040//3208 1041//3209
f 1049//3291 1050//3218 1040//3208
f 1116//3296 1049//3291 1041//3209
f 1117//3297 1039//3207 1038//3204
f 1118//3298 1041//3209 1039//3207
f 972//3142 1117//3297 1038//3204
f 976//3145 1117//3297 972//3142
f 1121//3143 1120//3299 856//3026
f 1122//3143 1121//3143 856//3026
f 1053//3143 1122//3143 856//3026
f 973//3300 1001//3301 1053//3302
f 973//3219 993//3222 1026//3137
f 1057//3225 1058//3228 1056//3226
f 975//3227 1059//3230 1058//3228
f 1060//3229 1123//3303 1059//3230
f 1056//3226 1125//3304 1124//3305
f 1058//3228 1059//3230 1126//3306
f 1058//3228 1126//3306 1125//3304
f 1124//3305 1125//3304 1127//3307
f 1124//3305 1127//3307 1128//3308
f 1125//3304 1126//3306 1123//3303
f 1125//3304 1123//3303 1127//3307
f 1127//3307 1129//3309 1128//3308
f 1128//3308 1129//3309 1130//3310
f 1123//3303 1131//3311 1127//3307
f 1131//3311 1132//3312 1127//3307
f 1127//3307 1132//3312 1129//3309
f 1134//3313 1130//3310 1133//3314
f 1128//3308 1130//3310 1134//3313
f 1119//3315 1135//3316 1118//3298
f 1135//3316 1137//3317 1136//3318
f 1135//3316 1133//3314 1137//3317
f 1134//3313 1133//3314 1135//3316
f 1130//3310 1138//3319 1133//3314
f 1139//3320 1128//3308 1134//3313
f 1124//3305 1128//3308 1139//3320
f 1054//3224 1124//3305 1139//3320
f 1056//3226 1124//3305 1054//3224
f 1119//3315 1134//3313 1135//3316
f 1139//3320 1134//3313 1119//3315
f 1140//3321 923//3091 977//3231
f 1140//3321 977//3146 856//3026
f 1063//3232 1141//3322 1062//3233
f 1001//3301 923//3091 1120//3299
f 1001//2164 1065//2164 994//2164
f 994//30 1065//30 1001//30
f 1027//3196 989//3196 980//3148
f 1067//3240 1066//3238 925//3150
f 1144//3323 1143//3324 1142//3325
f 1142//3325 1146//3326 1145//3327
f 1143//3324 1146//3326 1142//3325
f 1145//3327 1067//3240 981//3149
f 1146//3326 1067//3240 1145//3327
f 1147//3328 981//3149 987//3155
f 1145//3327 981//3149 1147//3328
f 1149//3329 1145//3327 1147//3328
f 1150//3330 1068//3242 1069//3241
f 1151//3331 1150//3330 1069//3241
f 1152//3332 1151//3331 1069//3241
f 1153//3333 1152//3332 1069//3241
f 984//3156 988//3158 1069//3241
f 1153//3333 1069//3241 1154//3334
f 1158//3335 1149//3329 1157//3336
f 1159//3337 1149//3329 1158//3335
f 1157//3336 1161//3338 1160//3339
f 1157//3336 1160//3339 1158//3335
f 1148//3340 1162//3341 1161//3338
f 1148//3340 1161//3338 1157//3336
f 986//3154 983//3243 1162//3341
f 986//3154 1162//3341 1148//3340
f 1162//3341 1150//3330 1151//3331
f 1162//3341 1151//3331 1161//3338
f 1152//3332 1153//3333 1160//3339
f 1160//3339 1153//3333 1154//3334
f 1160//3339 1154//3334 1158//3335
f 1158//3335 1154//3334 1155//3342
f 983//3243 1068//3242 1150//3330
f 983//3243 1150//3330 1162//3341
f 1161//3338 1151//3331 1152//3332
f 1161//3338 1152//3332 1160//3339
f 1164//3343 1163//3344 1077//3254
f 1167//3345 1166//3346 1165//3347
f 1165//3347 1166//3346 1168//3348
f 1077//3254 1073//3247 991//3248
f 988//3158 1074//3250 1166//3346
f 1167//3345 988//3158 1166//3346
f 1077//3254 1169//3349 1073//3247
f 1077//3254 1163//3344 1169//3349
f 1073//3247 1170//3350 1071//3245
f 1073//3247 1169//3349 1170//3350
f 1163//3344 1171//3351 1169//3349
f 1163//3344 1172//3352 1171//3351
f 1169//3349 1173//3353 1170//3350
f 1169//3349 1171//3351 1173//3353
f 1166//3346 1170//3350 1168//3348
f 1168//3348 1170//3350 1173//3353
f 1074//3250 1071//3245 1170//3350
f 1166//3346 1074//3250 1170//3350
f 1174//3252 962//3252 1028//3139
f 990//3160 1076//3160 1175//3354
f 1176//2164 864//2164 1076//2164
f 1076//30 864//30 1176//30
f 1000//3256 932//3101 1078//3255
f 997//3166 999//3169 800//2965
f 999//3169 998//3167 798//2963
f 798//2963 800//2965 999//3169
f 1079//3257 1002//3171 1177//3355
f 1003//3172 1079//3257 1178//3356
f 1004//3173 1003//3172 1179//3357
f 1005//3174 1004//3173 1180//3358
f 1006//3175 1005//3174 1181//3359
f 1002//3171 1080//3258 1182//3360
f 1086//3264 1081//3259 941//3108
f 1081//3259 1082//3260 937//3104
f 1082//3260 1083//3261 938//3105
f 1083//3261 1084//3262 939//3106
f 1084//3262 1085//3263 940//3107
f 1085//3263 1087//3265 942//3109
f 1183//3361 1086//3264 1007//3176
f 1008//3177 1184//3362 1007//3176
f 1009//3178 1185//3363 1008//3177
f 1006//3175 1181//3359 1009//3178
f 1087//3265 1088//3266 946//3113
f 947//3114 1088//3266 1089//3267
f 1010//3180 1011//3181 1186//3364
f 1080//3258 1010//3180 1187//3365
f 1011//3181 1090//3268 1188//3366
f 1090//3268 949//3116 1091//3269
f 1091//3269 950//3117 1092//3270
f 1092//3270 951//3118 1089//3267
f 1016//3185 1190//3367 1189//3368
f 1189//3368 1012//3182 1016//3185
f 1097//3274 966//3134 1012//3182
f 1016//3185 1093//3271 1190//3367
f 1076//2164 1015//2164 1093//2164
f 1076//2164 1093//2164 1190//2164
f 962//2164 1015//2164 1076//2164
f 1076//30 1015//30 962//30
f 1190//30 1093//30 1076//30
f 1017//30 864//30 963//30
f 1094//3272 1095//3273 1098//3278
f 1191//3369 1176//3370 1096//3275
f 1191//3369 1096//3275 1097//3274
f 1099//3277 1100//3371 1192//3372
f 1020//3189 1022//3276 1099//3277
f 1100//3371 1099//3277 1022//3276
f 1098//3278 1099//3277 1192//3372
f 1100//3371 1101//3280 1193//3373
f 1022//3276 1023//3191 1100//3371
f 1101//3280 1100//3371 1023//3191
f 1176//3370 1102//3279 1096//3275
f 1026//3195 796//3195 973//3300
f 1174//3281 1028//3138 1027//3281
f 1103//3282 971//3141 1111//3288
f 971//3141 1104//3283 1111//3288
f 1063//3232 1103//3282 1106//3287
f 1103//3282 1111//3288 1106//3287
f 1109//3374 1107//3286 1108//3285
f 1141//3322 1194//3375 977//3376
f 1196//3377 1195//3378 1194//3375
f 1106//3287 1141//3322 1063//3232
f 1107//3286 1141//3322 1106//3287
f 1197//3379 1105//3284 1030//3198
f 1110//3289 1105//3284 1197//3379
f 1051//3293 1198//3380 1114//3294
f 1110//3289 1197//3379 1200//3381
f 1201//3382 1109//3374 1108//3285
f 1198//3380 1109//3374 1201//3382
f 1200//3381 1113//3290 1201//3382
f 1201//3382 1113//3290 1115//3295
f 1108//3285 1110//3289 1200//3381
f 1108//3285 1200//3381 1201//3382
f 1198//3380 1202//3383 1109//3374
f 1199//3384 1202//3383 1198//3380
f 1114//3294 1201//3382 1115//3295
f 1198//3380 1201//3382 1114//3294
f 1109//3374 1196//3377 1107//3286
f 1202//3383 1196//3377 1109//3374
f 1197//3379 1030//3198 1200//3381
f 1200//3381 1030//3198 1113//3290
f 1051//3293 1112//3292 1203//3385
f 1116//3296 1112//3292 1049//3291
f 1199//3384 1198//3380 1051//3293
f 1203//3385 1199//3384 1051//3293
f 1116//3296 1041//3209 1136//3318
f 1118//3298 1136//3318 1041//3209
f 1117//3297 1118//3298 1039//3207
f 1119//3315 1118//3298 1117//3297
f 1135//3316 1136//3318 1118//3298
f 1140//3321 856//3026 1120//3299
f 1001//3301 1205//3386 1122//3387
f 1121//3388 1122//3387 1205//3386
f 1121//3389 1205//3386 1206//3390
f 1205//3386 1120//3299 1121//3143
f 1209//3391 1208//3392 1207//3393
f 1208//3392 1122//3394 1121//3389
f 1208//3392 1121//3389 1210//3395
f 1211//3396 1208//3392 1210//3395
f 1213//3397 1211//3396 1212//3398
f 1053//3302 1001//3301 1122//3387
f 1001//3301 973//3300 796//3195
f 976//3145 1119//3315 1117//3297
f 1126//3306 1059//3230 1123//3303
f 1060//3229 1214//3399 1131//3311
f 1123//3303 1060//3229 1131//3311
f 1133//3314 1112//3292 1137//3317
f 1138//3319 1112//3292 1133//3314
f 1132//3312 1131//3311 1215//3400
f 1216//3401 1132//3312 1215//3400
f 1129//3309 1217//3402 1130//3310
f 1130//3310 1217//3402 1218//3403
f 1132//3312 1216//3401 1129//3309
f 1129//3309 1216//3401 1217//3402
f 1112//3292 1116//3296 1137//3317
f 1219//3404 1112//3292 1138//3319
f 1220//3405 1138//3319 1218//3403
f 1217//3402 1221//3406 1218//3403
f 1216//3401 1215//3400 1217//3402
f 1218//3403 1138//3319 1130//3310
f 1137//3317 1116//3296 1136//3318
f 1140//3321 1120//3299 923//3091
f 1194//3375 1140//3321 977//3376
f 1141//3322 977//3376 1062//3233
f 1205//3386 1001//3301 1120//3299
f 980//3407 1222//3407 1027//3281
f 1174//3281 1027//3281 1222//3407
f 1143//3324 1225//3408 1146//3326
f 1223//3409 1225//3408 1143//3324
f 1146//3326 1066//3238 1067//3240
f 1225//3408 1066//3238 1146//3326
f 1227//3410 1144//3323 1226//3411
f 1224//3412 1144//3323 1227//3410
f 1224//3412 1143//3324 1144//3323
f 1226//3411 1159//3337 1228//3413
f 1144//3323 1159//3337 1226//3411
f 1154//3334 1156//3414 1155//3342
f 1228//3413 1155//3342 1229//3415
f 1226//3411 1228//3413 1230//3416
f 1159//3337 1142//3325 1149//3329
f 1144//3323 1142//3325 1159//3337
f 1228//3413 1158//3335 1155//3342
f 1159//3337 1158//3335 1228//3413
f 1231//3417 1224//3412 1227//3410
f 1224//3412 1223//3409 1143//3324
f 1148//3340 987//3155 986//3154
f 1147//3328 987//3155 1148//3340
f 1142//3325 1145//3327 1149//3329
f 1157//3336 1147//3328 1148//3340
f 1149//3329 1147//3328 1157//3336
f 1154//3334 1069//3241 1156//3414
f 1155//3342 1156//3414 1229//3415
f 1228//3413 1229//3415 1230//3416
f 1226//3411 1230//3416 1232//3418
f 1167//3345 1069//3241 988//3158
f 1232//3418 1233//3419 1226//3411
f 990//3253 1164//3343 1077//3254
f 1234//3420 1172//3352 1163//3344
f 1165//3347 1168//3348 1235//3421
f 1235//3421 1168//3348 1236//3422
f 1171//3351 1237//3423 1173//3353
f 1171//3351 1238//3424 1237//3423
f 1172//3352 1238//3424 1171//3351
f 1172//3352 1239//3425 1238//3424
f 1168//3348 1173//3353 1236//3422
f 1236//3422 1173//3353 1237//3423
f 1069//3241 1235//3421 1236//3422
f 1069//3241 1236//3422 1156//3414
f 1230//3416 1237//3423 1238//3424
f 1230//3416 1229//3415 1237//3423
f 962//3252 1174//3252 1076//3160
f 1240//3354 1076//3160 1174//3252
f 1241//3354 1076//3160 1240//3354
f 1175//3354 1076//3160 1241//3354
f 1175//3426 1242//3427 990//3253
f 1193//2164 864//2164 1102//2164
f 1102//2164 864//2164 1176//2164
f 1102//30 864//30 1193//30
f 1176//30 864//30 1102//30
f 1176//2164 1076//2164 1243//2164
f 1243//30 1076//30 1176//30
f 1182//3360 1177//3355 1002//3171
f 1177//3355 1178//3356 1079//3257
f 1178//3356 1179//3357 1003//3172
f 1179//3357 1180//3358 1004//3173
f 1180//3358 1181//3359 1005//3174
f 1187//3365 1182//3360 1080//3258
f 1081//3259 1086//3264 1244//3428
f 1082//3260 1081//3259 1245//3429
f 1083//3261 1082//3260 1246//3430
f 1084//3262 1083//3261 1247//3431
f 1085//3263 1084//3262 1248//3432
f 1087//3265 1085//3263 1249//3433
f 1086//3264 1183//3361 1250//3434
f 1183//3361 1007//3176 1184//3362
f 1184//3362 1008//3177 1185//3363
f 1185//3363 1009//3178 1181//3359
f 1088//3266 1087//3265 1251//3435
f 1252//3436 1089//3267 1088//3266
f 1188//3366 1186//3364 1011//3181
f 1186//3364 1187//3365 1010//3180
f 1253//3437 1188//3366 1090//3268
f 1091//3269 1254//3438 1090//3268
f 1092//3270 1255//3439 1091//3269
f 1089//3267 1252//3436 1092//3270
f 1189//3368 1243//3440 1191//3369
f 1189//3368 1190//3367 1243//3440
f 1189//3368 1191//3369 1012//3182
f 1097//3274 1012//3182 1191//3369
f 1243//2164 1076//2164 1190//2164
f 1190//30 1076//30 1243//30
f 1017//2164 864//2164 1094//2164
f 1094//30 864//30 1017//30
f 1094//2164 864//2164 1098//2164
f 1243//3440 1176//3370 1191//3369
f 1192//3372 1100//3371 1193//3373
f 1098//2164 864//2164 1192//2164
f 1192//30 864//30 1098//30
f 1193//3373 1101//3280 1102//3279
f 1195//3378 1205//3386 1194//3375
f 1256//3441 1195//3378 1196//3377
f 1202//3383 1256//3441 1196//3377
f 1107//3286 1194//3375 1141//3322
f 1196//3377 1194//3375 1107//3286
f 1199//3384 1204//3442 1202//3383
f 1257//3443 1203//3385 1112//3292
f 1258//3444 1199//3384 1203//3385
f 1204//3442 1256//3441 1202//3383
f 1205//3386 1120//3299 1194//3375
f 1140//3321 1194//3375 1120//3299
f 1207//3393 1208//3392 1211//3396
f 1122//3394 1208//3392 1209//3391
f 1261//3445 1206//3390 1205//3386
f 1262//3446 1205//3386 1195//3378
f 1262//3446 1261//3445 1205//3386
f 1121//3389 1206//3390 1263//3447
f 1210//3395 1121//3389 1263//3447
f 1211//3396 1210//3395 1212//3398
f 1213//3397 1212//3398 1264//3448
f 1131//3311 1214//3399 1259//3449
f 1131//3311 1259//3449 1215//3400
f 1219//3404 1257//3443 1112//3292
f 1220//3405 1219//3404 1138//3319
f 1218//3403 1221//3406 1220//3405
f 1217//3402 1215//3400 1221//3406
f 1267//3450 1266//3451 1265//3452
f 1266//3451 1269//3453 1268//3454
f 1269//3453 1222//3455 1270//3456
f 1222//3455 980//3239 1271//3457
f 1269//3407 1174//3281 1222//3407
f 1266//3407 1174//3281 1269//3407
f 1267//3407 1174//3281 1266//3407
f 1272//3407 1174//3281 1267//3407
f 1273//3458 1224//3412 1231//3417
f 1273//3458 1223//3409 1224//3412
f 1276//3459 1275//3460 1274//3461
f 1276//3459 1274//3461 1277//3462
f 1277//3462 1274//3461 1278//3463
f 1277//3462 1278//3463 1279//3464
f 1278//3463 1281//3465 1280//3466
f 1278//3463 1282//3467 1281//3465
f 1285//3468 1284//3469 1283//3470
f 1275//3460 1285//3468 1283//3470
f 1275//3460 1283//3470 1274//3461
f 1274//3461 1283//3470 1282//3467
f 1274//3461 1282//3467 1278//3463
f 1287//3471 1286//3472 1284//3469
f 1284//3469 1286//3472 1283//3470
f 1286//3472 1288//3473 1283//3470
f 1283//3470 1288//3473 1282//3467
f 1265//3452 1268//3454 1287//3471
f 1287//3471 1268//3454 1286//3472
f 1285//3468 1275//3460 1289//3474
f 1275//3460 1276//3459 1289//3474
f 1267//3450 1265//3452 1284//3469
f 1287//3471 1284//3469 1265//3452
f 1265//3452 1266//3451 1268//3454
f 1268//3454 1269//3453 1270//3456
f 1284//3469 1285//3468 1267//3450
f 1281//3465 1225//3408 1223//3409
f 1281//3465 1290//3475 1225//3408
f 1282//3467 1290//3475 1281//3465
f 1282//3467 1288//3473 1290//3475
f 1288//3473 1271//3457 1290//3475
f 1288//3473 1270//3456 1271//3457
f 1291//3476 1273//3458 1231//3417
f 1280//3466 1273//3458 1291//3476
f 1268//3454 1270//3456 1286//3472
f 1286//3472 1270//3456 1288//3473
f 1279//3464 1280//3466 1291//3476
f 1278//3463 1280//3466 1279//3464
f 1271//3457 1066//3238 1290//3475
f 1225//3408 1290//3475 1066//3238
f 1270//3456 1222//3455 1271//3457
f 1271//3457 980//3239 1066//3238
f 1226//3411 1233//3419 1227//3410
f 1156//3414 1236//3422 1237//3423
f 1156//3414 1237//3423 1229//3415
f 1292//3477 1232//3418 1239//3425
f 1293//3478 1239//3425 1172//3352
f 1165//3347 1069//3241 1167//3345
f 1235//3421 1069//3241 1165//3347
f 1294//3479 1233//3419 1232//3418
f 990//3253 1295//3480 1164//3343
f 1234//3420 1293//3478 1172//3352
f 1164//3343 1234//3420 1163//3344
f 1295//3480 1234//3420 1164//3343
f 1232//3418 1238//3424 1239//3425
f 1232//3418 1230//3416 1238//3424
f 1240//3407 1174//3281 1272//3407
f 1298//3481 1297//3482 1296//3483
f 1298//3481 1296//3483 1299//3484
f 1175//3426 1298//3481 1299//3484
f 1297//3407 1240//3407 1272//3407
f 1241//3407 1240//3407 1297//3407
f 1298//3481 1241//3485 1297//3482
f 1296//3483 1297//3482 1272//3486
f 1296//3483 1301//3487 1300//3488
f 1296//3483 1272//3486 1301//3487
f 1302//3489 1295//3480 990//3253
f 1302//3489 990//3253 1242//3427
f 1299//3484 1296//3483 1300//3488
f 1175//3426 1299//3484 1303//3490
f 1175//3426 1303//3490 1242//3427
f 1300//3488 1301//3487 1304//3491
f 1193//30 864//30 1192//30
f 1177//3355 1182//3360 1305//3492
f 1178//3356 1177//3355 1306//3493
f 1179//3357 1178//3356 1307//3494
f 1180//3358 1179//3357 1308//3495
f 1181//3359 1180//3358 1309//3496
f 1182//3360 1187//3365 1310//3497
f 1250//3434 1244//3428 1086//3264
f 1244//3428 1245//3429 1081//3259
f 1245//3429 1246//3430 1082//3260
f 1246//3430 1247//3431 1083//3261
f 1247//3431 1248//3432 1084//3262
f 1248//3432 1249//3433 1085//3263
f 1249//3433 1251//3435 1087//3265
f 1311//3498 1250//3434 1183//3361
f 1184//3362 1312//3499 1183//3361
f 1185//3363 1313//3500 1184//3362
f 1088//3266 1251//3435 1252//3436
f 1186//3364 1188//3366 1314//3501
f 1187//3365 1186//3364 1315//3502
f 1188//3366 1253//3437 1316//3503
f 1253//3437 1090//3268 1254//3438
f 1254//3438 1091//3269 1255//3439
f 1255//3439 1092//3270 1252//3436
f 1192//2164 864//2164 1193//2164
f 1098//30 864//30 1094//30
f 1256//3441 1262//3446 1195//3378
f 1258//3444 1204//3442 1199//3384
f 1258//3444 1317//3504 1204//3442
f 1318//3505 1317//3504 1258//3444
f 1257//3443 1258//3444 1203//3385
f 1318//3505 1258//3444 1257//3443
f 1204//3442 1319//3506 1256//3441
f 1260//3507 1213//3397 1259//3449
f 1260//3507 1211//3396 1213//3397
f 1260//3507 1259//3449 1214//3399
f 1320//3508 1263//3447 1206//3390
f 1323//3509 1322//3510 1321//3511
f 1324//3512 1210//3395 1322//3510
f 1322//3510 1263//3447 1320//3508
f 1322//3510 1210//3395 1263//3447
f 1319//3506 1325//3513 1262//3446
f 1326//3514 1325//3513 1319//3506
f 1321//3511 1320//3508 1206//3390
f 1321//3511 1322//3510 1320//3508
f 1326//3514 1261//3445 1325//3513
f 1326//3514 1206//3390 1261//3445
f 1321//3511 1206//3390 1326//3514
f 1325//3513 1261//3445 1262//3446
f 1319//3506 1262//3446 1256//3441
f 1324//3512 1322//3510 1323//3509
f 1324//3512 1212//3398 1210//3395
f 1212//3398 1324//3512 1264//3448
f 1317//3504 1319//3506 1204//3442
f 1327//3515 1321//3511 1326//3514
f 1323//3509 1321//3511 1327//3515
f 1317//3504 1326//3514 1319//3506
f 1327//3515 1326//3514 1317//3504
f 1330//3516 1323//3509 1329//3517
f 1327//3515 1329//3517 1323//3509
f 1329//3517 1257//3443 1219//3404
f 1329//3517 1318//3505 1257//3443
f 1215//3400 1264//3448 1328//3518
f 1215//3400 1328//3518 1221//3406
f 1264//3448 1324//3512 1328//3518
f 1329//3517 1317//3504 1318//3505
f 1329//3517 1327//3515 1317//3504
f 1259//3449 1264//3448 1215//3400
f 1221//3406 1328//3518 1330//3516
f 1221//3406 1330//3516 1220//3405
f 1324//3512 1323//3509 1328//3518
f 1328//3518 1323//3509 1330//3516
f 1220//3405 1330//3516 1329//3517
f 1220//3405 1329//3517 1219//3404
f 1259//3449 1213//3397 1264//3448
f 1285//3468 1331//3519 1267//3450
f 1272//3486 1267//3450 1331//3519
f 1289//3474 1276//3459 1277//3462
f 1332//3520 1277//3462 1279//3464
f 1280//3466 1223//3409 1273//3458
f 1280//3466 1281//3465 1223//3409
f 1279//3464 1291//3476 1333//3521
f 1291//3476 1231//3417 1334//3522
f 1289//3474 1277//3462 1332//3520
f 1332//3520 1279//3464 1333//3521
f 1333//3521 1291//3476 1334//3522
f 1334//3522 1231//3417 1233//3419
f 1331//3519 1285//3468 1289//3474
f 1231//3417 1227//3410 1233//3419
f 1294//3479 1232//3418 1292//3477
f 1293//3478 1292//3477 1239//3425
f 1295//3480 1335//3523 1234//3420
f 1335//3523 1293//3478 1234//3420
f 1335//3523 1336//3524 1293//3478
f 1241//3485 1298//3481 1175//3426
f 1301//3487 1272//3486 1331//3519
f 1242//3427 1337//3525 1302//3489
f 1242//3427 1338//3526 1337//3525
f 1339//3527 1338//3526 1242//3427
f 1340//3528 1338//3526 1339//3527
f 1341//3529 1335//3523 1295//3480
f 1302//3489 1341//3529 1295//3480
f 1303//3490 1340//3528 1339//3527
f 1340//3528 1342//3530 1338//3526
f 1339//3527 1242//3427 1303//3490
f 1301//3487 1331//3519 1304//3491
f 1304//3491 1331//3519 1289//3474
f 1343//3531 1300//3488 1304//3491
f 1343//3531 1304//3491 1344//3532
f 1304//3491 1289//3474 1344//3532
f 1344//3532 1289//3474 1332//3520
f 1340//3528 1343//3531 1342//3530
f 1299//3484 1343//3531 1340//3528
f 1300//3488 1343//3531 1299//3484
f 1342//3530 1343//3531 1344//3532
f 1342//3530 1344//3532 1345//3533
f 1344//3532 1332//3520 1345//3533
f 1310//3497 1305//3492 1182//3360
f 1305//3492 1306//3493 1177//3355
f 1306//3493 1307//3494 1178//3356
f 1307//3494 1308//3495 1179//3357
f 1308//3495 1309//3496 1180//3358
f 1181//3359 1309//3496 1185//3363
f 1315//3502 1310//3497 1187//3365
f 1244//3428 1250//3434 1346//3534
f 1245//3429 1244//3428 1347//3535
f 1246//3430 1245//3429 1348//3536
f 1247//3431 1246//3430 1349//3537
f 1248//3432 1247//3431 1350//3538
f 1248//3432 1350//3538 1249//3433
f 1249//3433 1351//3539 1251//3435
f 1250//3434 1311//3498 1352//3540
f 1311//3498 1183//3361 1312//3499
f 1312//3499 1184//3362 1313//3500
f 1313//3500 1185//3363 1309//3496
f 1353//3541 1252//3436 1251//3435
f 1316//3503 1314//3501 1188//3366
f 1314//3501 1315//3502 1186//3364
f 1354//3542 1316//3503 1253//3437
f 1254//3438 1355//3543 1253//3437
f 1255//3439 1356//3544 1254//3438
f 1252//3436 1353//3541 1255//3439
f 1357//3545 1207//3393 1211//3396
f 1357//3545 1211//3396 1260//3507
f 1345//3533 1358//3546 1342//3530
f 1359//3547 1342//3530 1358//3546
f 1336//3524 1358//3546 1360//3548
f 1359//3547 1358//3546 1336//3524
f 1336//3524 1360//3548 1292//3477
f 1337//3525 1359//3547 1336//3524
f 1345//3533 1332//3520 1333//3521
f 1358//3546 1233//3419 1360//3548
f 1334//3522 1233//3419 1358//3546
f 1233//3419 1292//3477 1360//3548
f 1345//3533 1333//3521 1358//3546
f 1358//3546 1333//3521 1334//3522
f 1233//3419 1294//3479 1292//3477
f 1338//3526 1359//3547 1337//3525
f 1341//3529 1337//3525 1335//3523
f 1338//3526 1342//3530 1359//3547
f 1336//3524 1292//3477 1293//3478
f 1302//3489 1337//3525 1341//3529
f 1337//3525 1336//3524 1335//3523
f 1299//3484 1340//3528 1303//3490
f 1305//3492 1310//3497 1361//3549
f 1306//3493 1305//3492 1362//3550
f 1306//3493 1362//3550 1307//3494
f 1307//3494 1363//3551 1308//3495
f 1308//3495 1364//3552 1309//3496
f 1310//3497 1315//3502 1365//3553
f 1352//3540 1346//3534 1250//3434
f 1346//3534 1347//3535 1244//3428
f 1347//3535 1348//3536 1245//3429
f 1348//3536 1349//3537 1246//3430
f 1349//3537 1350//3538 1247//3431
f 1351//3539 1249//3433 1350//3538
f 1366//3554 1251//3435 1351//3539
f 1367//3555 1352//3540 1311//3498
f 1311//3498 1312//3499 1367//3555
f 1312//3499 1313//3500 1368//3556
f 1309//3496 1369//3557 1313//3500
f 1314//3501 1316//3503 1370//3558
f 1315//3502 1314//3501 1371//3559
f 1316//3503 1354//3542 1372//3560
f 1354//3542 1253//3437 1355//3543
f 1355//3543 1254//3438 1356//3544
f 1356//3544 1255//3439 1353//3541
f 1365//3553 1361//3549 1310//3497
f 1361//3549 1362//3550 1305//3492
f 1363//3551 1307//3494 1362//3550
f 1364//3552 1308//3495 1363//3551
f 1369//3557 1309//3496 1364//3552
f 1371//3559 1365//3553 1315//3502
f 1346//3534 1352//3540 1373//3561
f 1375//3562 1374//3563 1346//3534
f 1347//3535 1346//3534 1374//3563
f 1374//3563 1376//3564 1348//3536
f 1347//3535 1374//3563 1348//3536
f 1349//3537 1348//3536 1377//3565
f 1349//3537 1377//3565 1350//3538
f 1350//3538 1378//3566 1351//3539
f 1251//3435 1366//3554 1353//3541
f 1351//3539 1379//3567 1366//3554
f 1367//3555 1380//3568 1352//3540
f 1368//3556 1367//3555 1312//3499
f 1381//3569 1368//3556 1313//3500
f 1381//3569 1313//3500 1369//3557
f 1382//3570 1353//3541 1366//3554
f 1372//3560 1370//3558 1316//3503
f 1370//3558 1371//3559 1314//3501
f 1383//3571 1372//3560 1354//3542
f 1354//3542 1355//3543 1383//3571
f 1355//3543 1356//3544 1384//3572
f 1356//3544 1353//3541 1385//3573
f 1361//3549 1365//3553 1386//3574
f 1362//3550 1361//3549 1387//3575
f 1362//3550 1387//3575 1363//3551
f 1363//3551 1388//3576 1364//3552
f 1364//3552 1389//3577 1369//3557
f 1365//3553 1371//3559 1390//3578
f 1391//3579 1373//3561 1352//3540
f 1346//3534 1373//3561 1392//3580
f 1375//3581 1393//3582 1374//3583
f 1394//3584 1395//3585 1397//3584
f 1396//3585 1395//3585 1394//3584
f 1392//3580 1375//3562 1346//3534
f 1374//3583 1398//3586 1376//3587
f 1374//3583 1396//3588 1394//3589
f 1398//3586 1394//3589 1399//3590
f 1374//3583 1394//3589 1398//3586
f 1399//3591 1394//3584 1400//3591
f 1398//3586 1399//3590 1401//3592
f 1376//3564 1402//3593 1348//3536
f 1398//3586 1401//3592 1376//3587
f 1394//3584 1397//3584 1400//3591
f 1400//3594 1401//3592 1399//3590
f 1403//3595 1377//3565 1348//3536
f 1378//3566 1350//3538 1377//3565
f 1379//3567 1351//3539 1378//3566
f 1404//3596 1366//3554 1379//3567
f 1391//3579 1352//3540 1380//3568
f 1367//3555 1368//3556 1380//3568
f 1368//3556 1381//3569 1405//3597
f 1369//3557 1406//3598 1381//3569
f 1366//3554 1404//3596 1382//3570
f 1370//3558 1372//3560 1407//3599
f 1371//3559 1370//3558 1408//3600
f 1372//3560 1383//3571 1409//3601
f 1384//3572 1383//3571 1355//3543
f 1385//3573 1384//3572 1356//3544
f 1382//3570 1385//3573 1353//3541
f 1390//3578 1386//3574 1365//3553
f 1386//3574 1387//3575 1361//3549
f 1388//3576 1363//3551 1387//3575
f 1389//3577 1364//3552 1388//3576
f 1406//3598 1369//3557 1389//3577
f 1408//3600 1390//3578 1371//3559
f 1373//3561 1391//3579 1410//3602
f 1411//3603 1392//3580 1373//3561
f 1393//3582 1396//3588 1374//3583
f 1392//3604 1393//3582 1375//3581
f 1392//3604 1412//3605 1393//3582
f 1411//3606 1412//3605 1392//3604
f 1395//3607 1396//3588 1412//3605
f 1393//3582 1412//3605 1396//3588
f 1412//3605 1413//3608 1395//3607
f 1397//3584 1395//3585 1414//3585
f 1403//3595 1348//3536 1402//3593
f 1402//3609 1376//3587 1415//3610
f 1401//3592 1415//3610 1376//3587
f 1401//3592 1400//3594 1415//3610
f 1397//3584 1416//3591 1400//3591
f 1377//3565 1403//3595 1417//3611
f 1378//3566 1377//3565 1418//3612
f 1378//3566 1418//3612 1379//3567
f 1379//3567 1419//3613 1404//3596
f 1391//3579 1380//3568 1420//3614
f 1405//3597 1380//3568 1368//3556
f 1421//3615 1405//3597 1381//3569
f 1421//3615 1381//3569 1406//3598
f 1422//3616 1382//3570 1404//3596
f 1409//3601 1407//3599 1372//3560
f 1407//3599 1408//3600 1370//3558
f 1423//3617 1409//3601 1383//3571
f 1383//3571 1384//3572 1423//3617
f 1384//3572 1385//3573 1424//3618
f 1385//3573 1382//3570 1425//3619
f 1386//3574 1390//3578 1426//3620
f 1387//3575 1386//3574 1427//3621
f 1387//3575 1427//3621 1388//3576
f 1388//3576 1428//3622 1389//3577
f 1389//3577 1429//3623 1406//3598
f 1390//3578 1408//3600 1430//3624
f 1420//3614 1410//3602 1391//3579
f 1373//3561 1410//3602 1431//3625
f 1411//3606 1413//3608 1412//3605
f 1411//3603 1373//3561 1431//3625
f 1432//3626 1395//3607 1413//3608
f 1395//3585 1432//3585 1414//3585
f 1414//3627 1433//3628 1434//3629
f 1433//3630 1435//3631 1434//3632
f 1397//3633 1434//3634 1414//3635
f 1414//3627 1434//3629 1397//3636
f 1434//3634 1433//3637 1414//3635
f 1402//3593 1436//3638 1403//3595
f 1400//3591 1416//3591 1437//3591
f 1437//3639 1415//3610 1400//3594
f 1436//3640 1402//3609 1415//3610
f 1416//3641 1438//3642 1397//3633
f 1397//3636 1438//3643 1416//3644
f 1438//3642 1434//3634 1397//3633
f 1397//3636 1434//3629 1438//3643
f 1439//3645 1417//3611 1403//3595
f 1417//3611 1418//3612 1377//3565
f 1419//3613 1379//3567 1418//3612
f 1440//3646 1404//3596 1419//3613
f 1441//3647 1420//3614 1380//3568
f 1380//3568 1405//3597 1441//3647
f 1405//3597 1421//3615 1442//3648
f 1406//3598 1443//3649 1421//3615
f 1404//3596 1440//3646 1422//3616
f 1407//3599 1409//3601 1444//3650
f 1408//3600 1407//3599 1445//3651
f 1409//3601 1423//3617 1446//3652
f 1424//3618 1423//3617 1384//3572
f 1425//3619 1424//3618 1385//3573
f 1422//3616 1425//3619 1382//3570
f 1430//3624 1426//3620 1390//3578
f 1426//3620 1427//3621 1386//3574
f 1428//3622 1388//3576 1427//3621
f 1429//3623 1389//3577 1428//3622
f 1443//3649 1406//3598 1429//3623
f 1445//3651 1430//3624 1408//3600
f 1410//3602 1420//3614 1447//3653
f 1410//3602 1447//3653 1448//3654
f 1448//3654 1431//3625 1410//3602
f 1431//3655 1413//3608 1411//3606
f 1413//3608 1449//3656 1432//3626
f 1414//3585 1432//3585 1450//3585
f 1451//3626 1414//3635 1433//3637
f 1433//3628 1414//3627 1451//1048
f 1435//3631 1438//3657 1434//3632
f 1451//3658 1435//3631 1433//3630
f 1403//3595 1436//3638 1439//3645
f 1416//3591 1452//3591 1437//3591
f 1415//3610 1437//3639 1453//3659
f 1415//3610 1453//3659 1436//3640
f 1416//3641 1454//3639 1438//3642
f 1438//3643 1454//1050 1416//3644
f 1435//3631 1454//3660 1438//3657
f 1417//3611 1439//3645 1455//3661
f 1418//3612 1417//3611 1456//3662
f 1419//3613 1418//3612 1457//3663
f 1440//3646 1419//3613 1458//3664
f 1420//3614 1441//3647 1459//3665
f 1442//3648 1441//3647 1405//3597
f 1460//3666 1442//3648 1421//3615
f 1460//3666 1421//3615 1443//3649
f 1461//3667 1422//3616 1440//3646
f 1446//3652 1444//3650 1409//3601
f 1444//3650 1445//3651 1407//3599
f 1462//3668 1446//3652 1423//3617
f 1423//3617 1424//3618 1462//3668
f 1424//3618 1425//3619 1463//3669
f 1425//3619 1422//3616 1464//3670
f 1426//3620 1430//3624 1465//3671
f 1427//3621 1426//3620 1466//3672
f 1428//3622 1427//3621 1467//3673
f 1429//3623 1428//3622 1468//3674
f 1443//3649 1429//3623 1469//3675
f 1430//3624 1445//3651 1470//3676
f 1459//3665 1447//3653 1420//3614
f 1471//3677 1448//3654 1447//3653
f 1431//3655 1448//3678 1413//3608
f 1448//3678 1471//3678 1413//3608
f 1449//3656 1413//3608 1472//3679
f 1473//3680 1432//3626 1449//3656
f 1432//3585 1473//3585 1450//3585
f 1414//3635 1451//3626 1450//3626
f 1450//1048 1451//1048 1414//3627
f 1474//3681 1435//3631 1451//3658
f 1439//3645 1476//3682 1475//3683
f 1476//3682 1439//3645 1436//3638
f 1437//3591 1452//3591 1477//3591
f 1454//3639 1416//3641 1452//3639
f 1452//1050 1416//3644 1454//1050
f 1477//3684 1453//3659 1437//3639
f 1476//3685 1436//3640 1453//3659
f 1478//3685 1476//3685 1453//3659
f 1435//3631 1479//3686 1454//3660
f 1475//3683 1455//3661 1439//3645
f 1455//3661 1456//3662 1417//3611
f 1456//3662 1457//3663 1418//3612
f 1457//3663 1458//3664 1419//3613
f 1440//3646 1458//3664 1461//3667
f 1480//3687 1459//3665 1441//3647
f 1442//3648 1481//3688 1441//3647
f 1460//3666 1482//3689 1442//3648
f 1443//3649 1469//3675 1460//3666
f 1461//3667 1464//3670 1422//3616
f 1444//3650 1446//3652 1483//3690
f 1445//3651 1444//3650 1484//3691
f 1446//3652 1462//3668 1485//3692
f 1463//3669 1462//3668 1424//3618
f 1464//3670 1463//3669 1425//3619
f 1470//3676 1465//3671 1430//3624
f 1465//3671 1466//3672 1426//3620
f 1466//3672 1467//3673 1427//3621
f 1467//3673 1468//3674 1428//3622
f 1468//3674 1469//3675 1429//3623
f 1484//3691 1470//3676 1445//3651
f 1447//3653 1459//3665 1486//3693
f 1471//3677 1447//3653 1472//3679
f 1471//3678 1472//3679 1413//3608
f 1472//3679 1487//3694 1449//3656
f 1473//3680 1449//3656 1488//3695
f 1450//3585 1473//3585 1489//3585
f 1474//3696 1450//3626 1451//3626
f 1451//1048 1450//1048 1474//3697
f 1490//3698 1435//3631 1474//3681
f 1450//3626 1474//3696 1489//3696
f 1489//3697 1474//3697 1450//1048
f 1478//3699 1475//3683 1476//3682
f 1452//3591 1491//3591 1477//3591
f 1452//3639 1479//3700 1454//3639
f 1454//1050 1479//3701 1452//1050
f 1453//3659 1477//3684 1492//3702
f 1493//3703 1478//3685 1453//3659
f 1479//3700 1452//3639 1491//3700
f 1491//3701 1452//1050 1479//3701
f 1435//3631 1494//3704 1479//3686
f 1455//3661 1475//3683 1495//3705
f 1456//3662 1455//3661 1496//3706
f 1457//3663 1456//3662 1497//3707
f 1458//3664 1457//3663 1498//3708
f 1499//3709 1461//3667 1458//3664
f 1459//3665 1480//3687 1500//3710
f 1480//3687 1441//3647 1481//3688
f 1481//3688 1442//3648 1482//3689
f 1482//3689 1460//3666 1469//3675
f 1461//3667 1499//3709 1464//3670
f 1485//3692 1483//3690 1446//3652
f 1483//3690 1484//3691 1444//3650
f 1501//3711 1485//3692 1462//3668
f 1463//3669 1502//3712 1462//3668
f 1464//3670 1503//3713 1463//3669
f 1465//3671 1470//3676 1504//3714
f 1466//3672 1465//3671 1505//3715
f 1467//3673 1466//3672 1506//3716
f 1468//3674 1467//3673 1507//3717
f 1469//3675 1468//3674 1508//3718
f 1470//3676 1484//3691 1509//3719
f 1500//3710 1486//3693 1459//3665
f 1486//3693 1487//3694 1447//3653
f 1472//3679 1447//3653 1487//3694
f 1473//3680 1488//3695 1511//3720
f 1488//3695 1449//3656 1512//3721
f 1473//3585 1511//3722 1489//3585
f 1513//3723 1435//3631 1490//3698
f 1489//3585 1511//3722 1514//3585
f 1490//3724 1489//3696 1474//3696
f 1489//3696 1490//3724 1514//3725
f 1474//3697 1489//3697 1490//3726
f 1514//3727 1490//3726 1489//3697
f 1478//3699 1493//3728 1475//3683
f 1477//3591 1491//3591 1515//3729
f 1492//3702 1477//3684 1515//3730
f 1492//3702 1516//3731 1453//3659
f 1493//3703 1453//3659 1517//3732
f 1491//3700 1494//3733 1479//3700
f 1479//3701 1494//3734 1491//3701
f 1491//3591 1518//3591 1515//3729
f 1494//3733 1491//3700 1518//3735
f 1518//3736 1491//3701 1494//3734
f 1435//3631 1519//3737 1494//3704
f 1520//3738 1495//3705 1475//3683
f 1495//3705 1496//3706 1455//3661
f 1496//3706 1497//3707 1456//3662
f 1497//3707 1498//3708 1457//3663
f 1458//3664 1498//3708 1499//3709
f 1521//3739 1500//3710 1480//3687
f 1481//3688 1522//3740 1480//3687
f 1482//3689 1523//3741 1481//3688
f 1469//3675 1508//3718 1482//3689
f 1503//3713 1464//3670 1499//3709
f 1483//3690 1485//3692 1524//3742
f 1484//3691 1483//3690 1525//3743
f 1485//3692 1501//3711 1526//3744
f 1501//3711 1462//3668 1502//3712
f 1502//3712 1463//3669 1503//3713
f 1509//3719 1504//3714 1470//3676
f 1504//3714 1505//3715 1465//3671
f 1505//3715 1506//3716 1466//3672
f 1506//3716 1507//3717 1467//3673
f 1507//3717 1508//3718 1468//3674
f 1525//3743 1509//3719 1484//3691
f 1500//3710 1528//3745 1527//3746
f 1486//3693 1500//3710 1527//3746
f 1487//3694 1486//3693 1510//3747
f 1510//3747 1449//3656 1487//3694
f 1488//3695 1529//3748 1511//3720
f 1512//3721 1449//3656 1530//3749
f 1488//3695 1512//3721 1529//3748
f 1511//3722 1529//3750 1531//3722
f 1435//3631 1513//3723 1532//3584
f 1513//3751 1514//3727 1531//3752
f 1514//3725 1490//3724 1513//3753
f 1513//3751 1490//3726 1514//3727
f 1531//3722 1514//3585 1511//3722
f 1475//3683 1493//3728 1520//3738
f 1533//3754 1492//3702 1515//3730
f 1516//3731 1534//3755 1453//3659
f 1516//3731 1492//3702 1533//3754
f 1536//3732 1517//3732 1453//3659
f 1537//3732 1536//3732 1453//3659
f 1517//3756 1520//3738 1493//3728
f 1535//3729 1515//3729 1518//3591
f 1518//3735 1519//3757 1494//3733
f 1494//3734 1519//3758 1518//3736
f 1535//3759 1519//3757 1518//3735
f 1518//3736 1519//3758 1535//3760
f 1519//3737 1435//3631 1532//3584
f 1496//3706 1495//3705 1538//3761
f 1497//3707 1496//3706 1539//3762
f 1498//3708 1497//3707 1540//3763
f 1541//3764 1499//3709 1498//3708
f 1500//3710 1521//3739 1528//3745
f 1521//3739 1480//3687 1522//3740
f 1522//3740 1481//3688 1523//3741
f 1523//3741 1482//3689 1508//3718
f 1499//3709 1541//3764 1503//3713
f 1526//3744 1524//3742 1485//3692
f 1524//3742 1525//3743 1483//3690
f 1542//3765 1526//3744 1501//3711
f 1502//3712 1543//3766 1501//3711
f 1503//3713 1544//3767 1502//3712
f 1504//3714 1509//3719 1545//3768
f 1505//3715 1504//3714 1546//3769
f 1506//3716 1505//3715 1547//3770
f 1507//3717 1506//3716 1548//3771
f 1508//3718 1507//3717 1549//3772
f 1509//3719 1525//3743 1550//3773
f 1551//3774 1527//3746 1528//3745
f 1527//3775 1449//3656 1510//3747
f 1527//3746 1510//3747 1486//3693
f 1530//3749 1449//3656 1551//3775
f 1530//3749 1552//3776 1512//3721
f 1529//3750 1553//3750 1531//3722
f 1532//3584 1513//3723 1554//3584
f 1531//3777 1514//3725 1513//3753
f 1555//3778 1531//3777 1513//3753
f 1513//3751 1531//3752 1555//3779
f 1515//3729 1535//3729 1533//3780
f 1534//3755 1537//3732 1453//3659
f 1534//3755 1516//3731 1556//3781
f 1533//3780 1535//3729 1558//3780
f 1517//3756 1536//3782 1520//3738
f 1520//3738 1536//3782 1495//3705
f 1537//3783 1559//3784 1536//3782
f 1560//3785 1519//3757 1535//3759
f 1535//3760 1519//3758 1560//3786
f 1532//3584 1561//3584 1519//3737
f 1559//3784 1538//3761 1495//3705
f 1538//3761 1539//3762 1496//3706
f 1539//3762 1540//3763 1497//3707
f 1498//3708 1540//3763 1541//3764
f 1562//3787 1528//3745 1521//3739
f 1522//3740 1563//3788 1521//3739
f 1523//3741 1564//3789 1522//3740
f 1508//3718 1549//3772 1523//3741
f 1544//3767 1503//3713 1541//3764
f 1524//3742 1526//3744 1565//3790
f 1525//3743 1524//3742 1566//3791
f 1526//3744 1542//3765 1567//3792
f 1542//3765 1501//3711 1543//3766
f 1543//3766 1502//3712 1544//3767
f 1550//3773 1545//3768 1509//3719
f 1545//3768 1546//3769 1504//3714
f 1546//3769 1547//3770 1505//3715
f 1547//3770 1548//3771 1506//3716
f 1548//3771 1549//3772 1507//3717
f 1566//3791 1550//3773 1525//3743
f 1551//3774 1528//3745 1530//3793
f 1551//3775 1449//3656 1527//3775
f 1568//3794 1512//3721 1552//3776
f 1530//3793 1528//3745 1552//3795
f 1553//3750 1569//3750 1531//3722
f 1553//3796 1529//3748 1568//3794
f 1554//3584 1513//3723 1570//3584
f 1532//3584 1554//3584 1561//3584
f 1571//3797 1531//3777 1555//3778
f 1555//3779 1531//3752 1571//3798
f 1555//3799 1572//3799 1513//3723
f 1531//3722 1569//3750 1571//3750
f 1557//3800 1556//3781 1516//3731
f 1516//3731 1533//3754 1557//3800
f 1558//3801 1557//3800 1533//3754
f 1558//3780 1535//3729 1573//3802
f 1495//3705 1536//3782 1559//3784
f 1537//3783 1534//3803 1559//3784
f 1574//3804 1560//3805 1519//3737
f 1575//3806 1560//3785 1535//3759
f 1535//3760 1560//3786 1575//3807
f 1575//3808 1573//3802 1535//3729
f 1561//3584 1576//3584 1519//3737
f 1538//3761 1559//3784 1577//3809
f 1539//3762 1538//3761 1578//3810
f 1540//3763 1539//3762 1579//3811
f 1580//3812 1541//3764 1540//3763
f 1528//3745 1562//3787 1581//3813
f 1562//3787 1521//3739 1563//3788
f 1563//3788 1522//3740 1564//3789
f 1564//3789 1523//3741 1549//3772
f 1541//3764 1580//3812 1544//3767
f 1567//3792 1565//3790 1526//3744
f 1565//3790 1566//3791 1524//3742
f 1582//3814 1567//3792 1542//3765
f 1543//3766 1583//3815 1542//3765
f 1544//3767 1584//3816 1543//3766
f 1545//3768 1550//3773 1585//3817
f 1545//3768 1585//3817 1546//3769
f 1547//3770 1546//3769 1586//3818
f 1548//3771 1547//3770 1587//3819
f 1549//3772 1548//3771 1588//3820
f 1550//3773 1566//3791 1589//3821
f 1581//3813 1552//3795 1528//3745
f 1512//3721 1568//3794 1529//3748
f 1552//3795 1581//3813 1568//3822
f 1569//3823 1553//3796 1590//3823
f 1568//3794 1590//3823 1553//3796
f 1570//3584 1513//3723 1591//3584
f 1554//3584 1570//3584 1561//3584
f 1569//3750 1592//3750 1571//3750
f 1572//3799 1593//3799 1513//3723
f 1571//3750 1595//3750 1594//3750
f 1572//3824 1571//3797 1555//3778
f 1571//3797 1572//3824 1594//3824
f 1555//3779 1571//3798 1572//3825
f 1594//3825 1572//3825 1571//3798
f 1556//3826 1557//3827 1596//3828
f 1596//3828 1559//3784 1556//3826
f 1534//3803 1556//3826 1559//3784
f 1557//3800 1558//3801 1597//3829
f 1573//3829 1597//3829 1558//3801
f 1575//3806 1574//3830 1560//3785
f 1574//3830 1575//3806 1598//3830
f 1560//3786 1574//1227 1575//3807
f 1598//1227 1575//3807 1574//1227
f 1599//3831 1574//3804 1519//3737
f 1575//3808 1600//3832 1573//3802
f 1576//3584 1601//3584 1519//3737
f 1561//3584 1570//3584 1576//3584
f 1596//3828 1577//3809 1559//3784
f 1577//3809 1578//3810 1538//3761
f 1578//3810 1579//3811 1539//3762
f 1540//3763 1579//3811 1580//3812
f 1602//3833 1581//3813 1562//3787
f 1563//3788 1603//3834 1562//3787
f 1564//3789 1604//3835 1563//3788
f 1549//3772 1588//3820 1564//3789
f 1584//3816 1544//3767 1580//3812
f 1565//3790 1567//3792 1605//3836
f 1566//3791 1565//3790 1606//3837
f 1567//3792 1582//3814 1607//3838
f 1582//3814 1542//3765 1583//3815
f 1583//3815 1543//3766 1584//3816
f 1589//3821 1585//3817 1550//3773
f 1608//3839 1546//3769 1585//3817
f 1608//3839 1586//3818 1546//3769
f 1586//3818 1587//3819 1547//3770
f 1587//3819 1588//3820 1548//3771
f 1606//3837 1589//3821 1566//3791
f 1609//3840 1568//3822 1581//3813
f 1610//3841 1590//3842 1568//3822
f 1590//3823 1611//3843 1569//3823
f 1591//3584 1513//3723 1612//3584
f 1570//3584 1591//3584 1576//3584
f 1592//3750 1595//3750 1571//3750
f 1592//3844 1569//3823 1611//3843
f 1593//3799 1613//3799 1513//3723
f 1593//3845 1594//3824 1572//3824
f 1595//3750 1614//3750 1594//3750
f 1572//3825 1594//3825 1593//3846
f 1615//3847 1596//3828 1557//3827
f 1597//3848 1615//3847 1557//3827
f 1597//3829 1573//3829 1616//3849
f 1598//3830 1599//3850 1574//3830
f 1574//1227 1599//3851 1598//1227
f 1598//3852 1600//3832 1575//3808
f 1618//3853 1617//3854 1598//3852
f 1618//3851 1598//1227 1599//3851
f 1599//3831 1519//3737 1619//3855
f 1599//3850 1598//3830 1618//3850
f 1616//3856 1620//3857 1597//3848
f 1601//3584 1621//3584 1519//3737
f 1576//3584 1591//3584 1601//3584
f 1577//3809 1596//3828 1622//3858
f 1578//3810 1577//3809 1623//3859
f 1579//3811 1578//3810 1624//3860
f 1625//3861 1580//3812 1579//3811
f 1581//3813 1602//3833 1609//3840
f 1602//3833 1562//3787 1603//3834
f 1603//3834 1563//3788 1604//3835
f 1604//3835 1564//3789 1588//3820
f 1580//3812 1625//3861 1584//3816
f 1607//3838 1605//3836 1567//3792
f 1605//3836 1606//3837 1565//3790
f 1626//3862 1607//3838 1582//3814
f 1583//3815 1627//3863 1582//3814
f 1584//3816 1628//3864 1583//3815
f 1585//3817 1589//3821 1629//3865
f 1608//3839 1585//3817 1630//3866
f 1586//3818 1608//3839 1631//3867
f 1587//3819 1586//3818 1632//3868
f 1588//3820 1587//3819 1633//3869
f 1589//3821 1606//3837 1634//3870
f 1609//3840 1610//3841 1568//3822
f 1610//3841 1611//3871 1590//3842
f 1612//3584 1513//3723 1635//3584
f 1591//3584 1612//3584 1601//3584
f 1595//3872 1592//3844 1636//3873
f 1637//3874 1611//3871 1610//3841
f 1611//3843 1636//3873 1592//3844
f 1613//3799 1638//3799 1513//3723
f 1641//3750 1640//3750 1639//3750
f 1613//3875 1641//3845 1593//3845
f 1641//3845 1613//3875 1639//3875
f 1593//3846 1641//3846 1613//3876
f 1639//3876 1613//3876 1641//3846
f 1594//3750 1614//3750 1641//3750
f 1594//3824 1593//3845 1641//3845
f 1641//3846 1593//3846 1594//3825
f 1643//3877 1636//3873 1642//3878
f 1636//3873 1643//3877 1595//3872
f 1614//3879 1595//3872 1643//3877
f 1615//3847 1622//3858 1596//3828
f 1597//3848 1644//3880 1615//3847
f 1600//3830 1616//3849 1573//3829
f 1598//3852 1617//3854 1600//3832
f 1617//3854 1618//3853 1645//3881
f 1618//3850 1619//3882 1599//3850
f 1599//3851 1619//3883 1618//3851
f 1619//3855 1519//3737 1646//3855
f 1620//3857 1644//3880 1597//3848
f 1620//3857 1616//3856 1648//3884
f 1621//3584 1649//3584 1519//3737
f 1601//3584 1612//3584 1621//3584
f 1622//3858 1623//3859 1577//3809
f 1623//3859 1624//3860 1578//3810
f 1579//3811 1624//3860 1625//3861
f 1650//3885 1609//3840 1602//3833
f 1603//3834 1651//3886 1602//3833
f 1604//3835 1652//3887 1603//3834
f 1588//3820 1633//3869 1604//3835
f 1628//3864 1584//3816 1625//3861
f 1605//3836 1607//3838 1653//3888
f 1606//3837 1605//3836 1654//3889
f 1607//3838 1626//3862 1655//3890
f 1626//3862 1582//3814 1627//3863
f 1627//3863 1583//3815 1628//3864
f 1634//3870 1629//3865 1589//3821
f 1629//3865 1630//3866 1585//3817
f 1630//3866 1631//3867 1608//3839
f 1631//3867 1632//3868 1586//3818
f 1632//3868 1633//3869 1587//3819
f 1654//3889 1634//3870 1606//3837
f 1609//3840 1650//3885 1610//3841
f 1635//3584 1513//3723 1656//3584
f 1612//3584 1635//3584 1657//3584
f 1611//3843 1658//3891 1636//3873
f 1637//3874 1658//3892 1611//3871
f 1610//3841 1659//3893 1637//3874
f 1638//3799 1660//3799 1513//3723
f 1639//3750 1662//3750 1661//3750
f 1638//3894 1639//3875 1613//3875
f 1639//3875 1638//3894 1661//3894
f 1613//3876 1639//3876 1638//3895
f 1661//3895 1638//3895 1639//3876
f 1640//3750 1663//3750 1639//3750
f 1664//3750 1640//3750 1641//3750
f 1614//3750 1664//3750 1641//3750
f 1636//3873 1665//3896 1642//3878
f 1642//3878 1666//3897 1643//3877
f 1667//3897 1643//3877 1666//3897
f 1643//3877 1668//3898 1614//3879
f 1622//3858 1615//3847 1669//3899
f 1644//3880 1669//3899 1615//3847
f 1616//3849 1600//3830 1670//3900
f 1616//3849 1670//3900 1671//3901
f 1618//3853 1647//3881 1645//3881
f 1673//3902 1672//3903 1670//3900
f 1670//3900 1617//3904 1673//3902
f 1645//3905 1673//3902 1617//3904
f 1619//3882 1618//3850 1647//3882
f 1647//3883 1618//3851 1619//3883
f 1646//3855 1519//3737 1674//3855
f 1647//3882 1646//3906 1619//3882
f 1646//3906 1647//3882 1675//3906
f 1619//3883 1646//3907 1647//3883
f 1645//3881 1647//3881 1676//3881
f 1620//3857 1677//3908 1644//3880
f 1671//3909 1648//3884 1616//3856
f 1648//3884 1678//3910 1620//3857
f 1649//3584 1679//3584 1519//3737
f 1621//3584 1680//3584 1649//3584
f 1621//3584 1612//3584 1681//3584
f 1623//3859 1622//3858 1682//3911
f 1624//3860 1623//3859 1683//3912
f 1684//3913 1625//3861 1624//3860
f 1650//3885 1602//3833 1651//3886
f 1651//3886 1603//3834 1652//3887
f 1652//3887 1604//3835 1633//3869
f 1625//3861 1684//3913 1628//3864
f 1655//3890 1653//3888 1607//3838
f 1653//3888 1654//3889 1605//3836
f 1685//3914 1655//3890 1626//3862
f 1627//3863 1686//3915 1626//3862
f 1628//3864 1687//3916 1627//3863
f 1629//3865 1634//3870 1688//3917
f 1630//3866 1629//3865 1689//3918
f 1631//3867 1630//3866 1690//3919
f 1632//3868 1631//3867 1691//3920
f 1633//3869 1632//3868 1692//3921
f 1634//3870 1654//3889 1693//3922
f 1659//3893 1610//3841 1650//3885
f 1656//3584 1513//3723 1694//3584
f 1635//3584 1656//3584 1695//3584
f 1697//3584 1635//3584 1696//3584
f 1657//3584 1635//3584 1697//3584
f 1698//3584 1612//3584 1657//3584
f 1658//3891 1700//3923 1636//3873
f 1701//3924 1658//3892 1637//3874
f 1702//3925 1637//3874 1659//3893
f 1703//3926 1513//3723 1660//3799
f 1661//3750 1705//3750 1704//3750
f 1660//3927 1661//3894 1638//3894
f 1661//3894 1660//3927 1704//3928
f 1638//3895 1661//3895 1660//3929
f 1704//3930 1660//3929 1661//3895
f 1662//3750 1705//3750 1661//3750
f 1706//3750 1662//3750 1639//3750
f 1663//3750 1706//3750 1639//3750
f 1708//3931 1707//3932 1640//3933
f 1663//3932 1640//3933 1707//3932
f 1664//3934 1708//3931 1640//3933
f 1664//3934 1709//3935 1708//3931
f 1668//3898 1643//3877 1710//3897
f 1664//3934 1614//3879 1668//3898
f 1642//3878 1665//3896 1711//3936
f 1665//3896 1636//3873 1700//3923
f 1666//3937 1642//3938 1712//3939
f 1710//3897 1643//3877 1667//3897
f 1666//3937 1712//3939 1667//3940
f 1669//3899 1682//3911 1622//3858
f 1669//3899 1644//3880 1677//3908
f 1617//3904 1670//3900 1600//3830
f 1671//3901 1670//3900 1713//3901
f 1670//3900 1672//3903 1714//3941
f 1672//3903 1673//3902 1715//3942
f 1716//3942 1715//3942 1673//3902
f 1673//3902 1645//3905 1717//3943
f 1674//3855 1519//3737 1718//3855
f 1675//3906 1674//3944 1646//3906
f 1674//3944 1675//3906 1719//3944
f 1646//3907 1674//3945 1675//3907
f 1647//3881 1675//3881 1720//3881
f 1675//3907 1647//3883 1646//3907
f 1676//3881 1647//3881 1721//3881
f 1677//3908 1620//3857 1678//3910
f 1648//3884 1671//3909 1722//3946
f 1678//3910 1648//3884 1723//3947
f 1679//3584 1724//3584 1519//3737
f 1649//3584 1725//3584 1679//3584
f 1727//3584 1726//3584 1649//3584
f 1680//3584 1727//3584 1649//3584
f 1728//3584 1680//3584 1621//3584
f 1729//3584 1728//3584 1621//3584
f 1730//3584 1729//3584 1621//3584
f 1731//3584 1730//3584 1621//3584
f 1732//3584 1612//3584 1733//3584
f 1681//3584 1612//3584 1732//3584
f 1735//3584 1734//3584 1621//3584
f 1736//3584 1735//3584 1621//3584
f 1681//3584 1736//3584 1621//3584
f 1682//3911 1683//3912 1623//3859
f 1624//3860 1683//3912 1684//3913
f 1651//3886 1737//3948 1650//3885
f 1652//3887 1738//3949 1651//3886
f 1633//3869 1692//3921 1652//3887
f 1687//3916 1628//3864 1684//3913
f 1653//3888 1655//3890 1739//3950
f 1654//3889 1653//3888 1740//3951
f 1655//3890 1685//3914 1741//3952
f 1685//3914 1626//3862 1686//3915
f 1686//3915 1627//3863 1687//3916
f 1693//3922 1688//3917 1634//3870
f 1688//3917 1689//3918 1629//3865
f 1689//3918 1690//3919 1630//3866
f 1690//3919 1691//3920 1631//3867
f 1691//3920 1692//3921 1632//3868
f 1740//3951 1693//3922 1654//3889
f 1659//3893 1650//3885 1737//3948
f 1513//3723 1703//3926 1742//3584
f 1694//3584 1513//3723 1742//3584
f 1694//3584 1742//3584 1724//3584
f 1656//3584 1694//3584 1679//3584
f 1725//3584 1695//3584 1656//3584
f 1743//3584 1635//3584 1695//3584
f 1744//3584 1635//3584 1743//3584
f 1745//3584 1635//3584 1744//3584
f 1696//3584 1635//3584 1745//3584
f 1697//3584 1747//3584 1746//3584
f 1748//3584 1697//3584 1746//3584
f 1749//3584 1697//3584 1748//3584
f 1750//3584 1697//3584 1749//3584
f 1657//3584 1697//3584 1750//3584
f 1751//3584 1657//3584 1750//3584
f 1698//3584 1657//3584 1751//3584
f 1752//3584 1698//3584 1751//3584
f 1753//3584 1698//3584 1752//3584
f 1699//3584 1698//3584 1753//3584
f 1747//3584 1697//3584 1696//3584
f 1758//3584 1747//3584 1696//3584
f 1699//3584 1612//3584 1698//3584
f 1696//3953 1745//3953 1759//3953
f 1760//3953 1696//3953 1759//3953
f 1758//3953 1696//3953 1760//3953
f 1761//3953 1758//3953 1760//3953
f 1766//3584 1746//3584 1747//3584
f 1762//3584 1699//3584 1753//3584
f 1746//3584 1754//3584 1748//3584
f 1755//3584 1748//3584 1754//3584
f 1762//3584 1764//3584 1763//3584
f 1699//3584 1762//3584 1763//3584
f 1765//3584 1699//3584 1763//3584
f 1748//3584 1755//3584 1749//3584
f 1750//3584 1749//3584 1755//3584
f 1756//3584 1750//3584 1755//3584
f 1751//3584 1750//3584 1756//3584
f 1767//3584 1751//3584 1756//3584
f 1752//3584 1751//3584 1767//3584
f 1768//3584 1752//3584 1767//3584
f 1753//3584 1752//3584 1768//3584
f 1764//3584 1753//3584 1768//3584
f 1762//3584 1753//3584 1764//3584
f 1766//3584 1747//3584 1758//3584
f 1770//3584 1766//3584 1758//3584
f 1765//3584 1612//3584 1699//3584
f 1765//3584 1763//3584 1771//3584
f 1771//3584 1612//3584 1765//3584
f 1658//3892 1701//3924 1700//3954
f 1637//3874 1702//3925 1701//3924
f 1702//3925 1659//3893 1772//3955
f 1773//3956 1704//3928 1703//3957
f 1703//3958 1704//3930 1773//3959
f 1703//3957 1704//3928 1660//3927
f 1660//3929 1704//3930 1703//3958
f 1704//3750 1774//3750 1773//3960
f 1705//3750 1774//3750 1704//3750
f 1777//3961 1776//3962 1775//3963
f 1777//3961 1775//3963 1662//3964
f 1705//3965 1662//3964 1775//3963
f 1780//3966 1777//3967 1779//3968
f 1779//3968 1707//3969 1781//3970
f 1781//3970 1707//3969 1708//3971
f 1707//3932 1779//3972 1663//3932
f 1708//3931 1709//3935 1710//3897
f 1664//3934 1668//3898 1709//3935
f 1709//3935 1668//3898 1710//3897
f 1782//3936 1711//3936 1665//3896
f 1711//3973 1783//3974 1642//3938
f 1700//3954 1784//3975 1665//3976
f 1783//3974 1712//3939 1642//3938
f 1667//3940 1785//3977 1710//3978
f 1785//3977 1667//3940 1712//3939
f 1682//3911 1669//3899 1786//3979
f 1677//3908 1786//3979 1669//3899
f 1714//3941 1713//3901 1670//3900
f 1672//3903 1787//3980 1714//3941
f 1715//3981 1788//3982 1672//3983
f 1716//3984 1789//3985 1715//3981
f 1790//3942 1716//3942 1673//3902
f 1717//3943 1790//3942 1673//3902
f 1676//3986 1717//3943 1645//3905
f 1791//3987 1718//3855 1519//3737
f 1674//3945 1718//3988 1719//3945
f 1675//3881 1719//3881 1794//3881
f 1719//3945 1675//3907 1674//3945
f 1719//3944 1718//3989 1674//3944
f 1720//3881 1675//3881 1795//3881
f 1721//3881 1647//3881 1720//3881
f 1677//3908 1678//3910 1786//3979
f 1713//3990 1722//3946 1671//3909
f 1722//3946 1723//3947 1648//3884
f 1678//3910 1723//3947 1796//3991
f 1519//3737 1797//3584 1791//3987
f 1724//3584 1797//3584 1519//3737
f 1724//3584 1742//3584 1797//3584
f 1679//3584 1694//3584 1724//3584
f 1725//3584 1656//3584 1679//3584
f 1798//3584 1725//3584 1649//3584
f 1799//3584 1798//3584 1649//3584
f 1800//3584 1799//3584 1649//3584
f 1726//3584 1800//3584 1649//3584
f 1769//3584 1812//3584 1802//3584
f 1801//3584 1802//3584 1812//3584
f 1803//3584 1802//3584 1801//3584
f 1804//3584 1802//3584 1803//3584
f 1770//3584 1811//3584 1769//3584
f 1727//3584 1769//3584 1811//3584
f 1812//3584 1769//3584 1727//3584
f 1813//3584 1812//3584 1727//3584
f 1812//3584 1813//3584 1801//3584
f 1814//3584 1801//3584 1813//3584
f 1803//3584 1801//3584 1814//3584
f 1817//3992 1816//3992 1815//3992
f 1818//3992 1816//3992 1817//3992
f 1818//3992 1819//3992 1726//3992
f 1817//3992 1819//3992 1818//3992
f 1805//3584 1804//3584 1803//3584
f 1806//3584 1804//3584 1805//3584
f 1807//3584 1804//3584 1806//3584
f 1808//3584 1807//3584 1806//3584
f 1809//3584 1807//3584 1808//3584
f 1810//3584 1809//3584 1808//3584
f 1729//3584 1809//3584 1810//3584
f 1730//3584 1809//3584 1729//3584
f 1814//3584 1813//3584 1727//3584
f 1680//3584 1814//3584 1727//3584
f 1821//3584 1814//3584 1680//3584
f 1728//3584 1821//3584 1680//3584
f 1822//3584 1821//3584 1728//3584
f 1823//3584 1822//3584 1728//3584
f 1729//3584 1823//3584 1728//3584
f 1810//3584 1823//3584 1729//3584
f 1821//3584 1803//3584 1814//3584
f 1805//3584 1803//3584 1821//3584
f 1822//3584 1805//3584 1821//3584
f 1806//3584 1805//3584 1822//3584
f 1823//3584 1806//3584 1822//3584
f 1808//3584 1806//3584 1823//3584
f 1810//3584 1808//3584 1823//3584
f 1804//3584 1807//3584 1824//3584
f 1809//3584 1825//3584 1807//3584
f 1730//3584 1825//3584 1809//3584
f 1770//3584 1769//3584 1766//3584
f 1802//3584 1746//3584 1769//3584
f 1804//3584 1754//3584 1802//3584
f 1770//3584 1818//3584 1811//3584
f 1758//3584 1818//3584 1770//3584
f 1811//3584 1726//3584 1727//3584
f 1818//3584 1726//3584 1811//3584
f 1731//3584 1825//3584 1730//3584
f 1826//3584 1731//3584 1621//3584
f 1827//3584 1826//3584 1621//3584
f 1734//3584 1827//3584 1621//3584
f 1830//3993 1829//3993 1828//3993
f 1831//3993 1829//3993 1830//3993
f 1832//3993 1831//3993 1830//3993
f 1831//3993 1733//3993 1829//3993
f 1732//3993 1733//3993 1831//3993
f 1832//3993 1732//3993 1831//3993
f 1681//3993 1732//3993 1832//3993
f 1830//3993 1828//3993 1735//3993
f 1736//3993 1830//3993 1735//3993
f 1832//3993 1830//3993 1736//3993
f 1681//3993 1832//3993 1736//3993
f 1835//3584 1834//3584 1833//3584
f 1735//3584 1834//3584 1835//3584
f 1734//3584 1735//3584 1835//3584
f 1683//3912 1682//3911 1836//3994
f 1837//3995 1684//3913 1683//3912
f 1737//3948 1651//3886 1738//3949
f 1738//3949 1652//3887 1692//3921
f 1684//3913 1837//3995 1687//3916
f 1741//3952 1739//3950 1655//3890
f 1739//3950 1740//3951 1653//3888
f 1838//3996 1741//3952 1685//3914
f 1686//3915 1839//3997 1685//3914
f 1687//3916 1840//3998 1686//3915
f 1688//3917 1693//3922 1841//3999
f 1689//3918 1688//3917 1842//4000
f 1690//3919 1689//3918 1843//4001
f 1691//3920 1690//3919 1844//4002
f 1692//3921 1691//3920 1845//4003
f 1693//3922 1740//3951 1846//4004
f 1737//3948 1772//3955 1659//3893
f 1742//3584 1703//3926 1847//3584
f 1742//3584 1848//3584 1797//3584
f 1725//3584 1849//3584 1695//3584
f 1850//3584 1695//3584 1849//3584
f 1851//3584 1850//3584 1849//3584
f 1857//3953 1853//3953 1854//3953
f 1855//3953 1854//3953 1853//3953
f 1852//3584 1850//3584 1851//3584
f 1695//3953 1857//3953 1743//3953
f 1854//3953 1743//3953 1857//3953
f 1695//3953 1850//3953 1857//3953
f 1853//3953 1857//3953 1850//3953
f 1856//3953 1853//3953 1850//3953
f 1852//3953 1856//3953 1850//3953
f 1759//3953 1855//3953 1853//3953
f 1760//3953 1759//3953 1856//3953
f 1858//3953 1760//3953 1856//3953
f 1761//3953 1760//3953 1858//3953
f 1859//3953 1761//3953 1858//3953
f 1744//3953 1743//3953 1854//3953
f 1855//3953 1744//3953 1854//3953
f 1745//3953 1744//3953 1855//3953
f 1759//3953 1745//3953 1855//3953
f 1858//3953 1856//3953 1852//3953
f 1860//3953 1858//3953 1852//3953
f 1859//3953 1858//3953 1860//3953
f 1856//3953 1759//3953 1853//3953
f 1756//3584 1755//3584 1754//3584
f 1757//3584 1756//3584 1754//3584
f 1767//3584 1756//3584 1757//3584
f 1768//3584 1767//3584 1757//3584
f 1862//3584 1768//3584 1757//3584
f 1764//3584 1768//3584 1862//3584
f 1763//3584 1764//3584 1862//3584
f 1746//3584 1766//3584 1769//3584
f 1754//3584 1746//3584 1802//3584
f 1757//3584 1754//3584 1804//3584
f 1757//3584 1863//3584 1862//3584
f 1763//3584 1862//3584 1864//3584
f 1761//3953 1859//3953 1820//3953
f 1758//3953 1761//3953 1820//3953
f 1818//3584 1820//3584 1816//3584
f 1758//3584 1820//3584 1818//3584
f 1824//3584 1757//3584 1804//3584
f 1863//3584 1757//3584 1824//3584
f 1864//3584 1862//3584 1863//3584
f 1771//3584 1763//3584 1864//3584
f 1865//3584 1612//3584 1771//3584
f 1866//3584 1612//3584 1865//3584
f 1867//3584 1612//3584 1866//3584
f 1784//3975 1700//3954 1701//3924
f 1868//4005 1701//3924 1702//3925
f 1702//3925 1772//3955 1868//4005
f 1869//4006 1773//3956 1703//3957
f 1703//3958 1773//3959 1869//4007
f 1774//3750 1870//3750 1773//3960
f 1872//4008 1775//3963 1871//4009
f 1775//3963 1872//4008 1705//3965
f 1774//4010 1705//3965 1872//4008
f 1874//4011 1873//4012 1776//3962
f 1775//3963 1776//3962 1871//4009
f 1778//4013 1875//4014 1874//4015
f 1778//4016 1874//4011 1776//3962
f 1777//3961 1778//4016 1776//3962
f 1777//3967 1780//3966 1778//4013
f 1662//3964 1706//3972 1777//3961
f 1780//3966 1779//3968 1876//4017
f 1876//4017 1779//3968 1781//3970
f 1706//3972 1663//3932 1779//3972
f 1781//3970 1708//3971 1877//4018
f 1710//3978 1877//4018 1708//3971
f 1711//3973 1782//4019 1783//3974
f 1782//4019 1665//3976 1878//4020
f 1784//3975 1878//4020 1665//3976
f 1783//3974 1879//4021 1712//3939
f 1877//4018 1710//3978 1785//3977
f 1712//3939 1880//4022 1785//3977
f 1786//3979 1836//3994 1682//3911
f 1713//3990 1714//4023 1722//3946
f 1722//3946 1714//4023 1881//4024
f 1882//3980 1714//3941 1787//3980
f 1787//4025 1672//3983 1883//4026
f 1883//4026 1672//3983 1788//3982
f 1788//3982 1715//3981 1789//3985
f 1789//3985 1716//3984 1884//4027
f 1790//4028 1884//4027 1716//3984
f 1721//4029 1885//4030 1676//3986
f 1885//4030 1790//3942 1717//3943
f 1717//3943 1676//3986 1885//4030
f 1793//4031 1791//4032 1886//4033
f 1791//4034 1718//3989 1793//4035
f 1793//4031 1718//3988 1791//4032
f 1793//3881 1886//4036 1887//3881
f 1886//4037 1791//4034 1793//4035
f 1792//3881 1793//3881 1887//3881
f 1719//3881 1793//3881 1792//3881
f 1794//3881 1719//3881 1792//3881
f 1718//3989 1719//3944 1793//4035
f 1793//4031 1719//3945 1718//3988
f 1888//3881 1675//3881 1794//3881
f 1891//4038 1890//4039 1889//4040
f 1795//3881 1675//3881 1888//3881
f 1889//4041 1720//4042 1891//4043
f 1795//4043 1891//4043 1720//4042
f 1885//4030 1721//4029 1889//4041
f 1720//4042 1889//4041 1721//4029
f 1796//3991 1786//3979 1678//3910
f 1723//3947 1722//3946 1892//4044
f 1893//4045 1796//3991 1723//3947
f 1894//3584 1791//3987 1797//3584
f 1817//3992 1895//3992 1819//3992
f 1815//3992 1895//3992 1817//3992
f 1800//3992 1896//3992 1799//3992
f 1897//3992 1896//3992 1800//3992
f 1726//3992 1897//3992 1800//3992
f 1819//3992 1897//3992 1726//3992
f 1897//3992 1899//3992 1896//3992
f 1898//3992 1899//3992 1897//3992
f 1819//3992 1898//3992 1897//3992
f 1895//3992 1898//3992 1819//3992
f 1895//3992 1851//3992 1898//3992
f 1861//3992 1851//3992 1895//3992
f 1815//3992 1861//3992 1895//3992
f 1816//3992 1861//3992 1815//3992
f 1861//3584 1852//3584 1851//3584
f 1816//3584 1860//3584 1861//3584
f 1860//3584 1852//3584 1861//3584
f 1820//3584 1860//3584 1816//3584
f 1825//3584 1824//3584 1807//3584
f 1902//4046 1901//4046 1900//4046
f 1824//4046 1825//4046 1904//4046
f 1900//4046 1904//4046 1825//4046
f 1731//4046 1900//4046 1825//4046
f 1902//4046 1900//4046 1731//4046
f 1826//4046 1902//4046 1731//4046
f 1903//4046 1901//4046 1902//4046
f 1905//4046 1903//4046 1902//4046
f 1906//4046 1903//4046 1905//4046
f 1907//4046 1906//4046 1905//4046
f 1905//4046 1902//4046 1826//4046
f 1827//4046 1905//4046 1826//4046
f 1907//4046 1905//4046 1827//4046
f 1909//4046 1907//4046 1827//4046
f 1734//4046 1909//4046 1827//4046
f 1910//4046 1908//4046 1909//4046
f 1910//4046 1833//4046 1908//4046
f 1835//4046 1833//4046 1910//4046
f 1908//4046 1906//4046 1907//4046
f 1909//4046 1908//4046 1907//4046
f 1909//4046 1835//4046 1910//4046
f 1835//4046 1909//4046 1734//4046
f 1913//3993 1912//3993 1911//3993
f 1914//3993 1911//3993 1912//3993
f 1915//3993 1911//3993 1914//3993
f 1828//3993 1915//3993 1914//3993
f 1829//3993 1915//3993 1828//3993
f 1918//3584 1917//3584 1916//3584
f 1834//3584 1918//3584 1919//3584
f 1733//3584 1612//3584 1867//3584
f 1921//3584 1920//3584 1917//3584
f 1923//3584 1922//3584 1921//3584
f 1733//3584 1867//3584 1923//3584
f 1917//3993 1913//3993 1921//3993
f 1911//3993 1921//3993 1913//3993
f 1923//3993 1921//3993 1911//3993
f 1915//3993 1923//3993 1911//3993
f 1733//3993 1923//3993 1915//3993
f 1829//3993 1733//3993 1915//3993
f 1917//3993 1918//3993 1913//3993
f 1912//3993 1913//3993 1918//3993
f 1834//3993 1912//3993 1918//3993
f 1914//3993 1912//3993 1834//3993
f 1735//3993 1914//3993 1834//3993
f 1828//3993 1914//3993 1735//3993
f 1919//3584 1918//3584 1916//3584
f 1833//3584 1834//3584 1919//3584
f 1683//3912 1836//3994 1837//3995
f 1738//3949 1924//4047 1737//3948
f 1692//3921 1845//4003 1738//3949
f 1840//3998 1687//3916 1837//3995
f 1739//3950 1741//3952 1925//4048
f 1740//3951 1739//3950 1926//4049
f 1741//3952 1838//3996 1927//4050
f 1838//3996 1685//3914 1839//3997
f 1839//3997 1686//3915 1840//3998
f 1846//4004 1841//3999 1693//3922
f 1841//3999 1842//4000 1688//3917
f 1842//4000 1843//4001 1689//3918
f 1843//4001 1844//4002 1690//3919
f 1844//4002 1845//4003 1691//3920
f 1926//4049 1846//4004 1740//3951
f 1772//3955 1737//3948 1924//4047
f 1847//3584 1703//3926 1928//3584
f 1929//3584 1742//3584 1847//3584
f 1797//3584 1929//3584 1930//3584
f 1848//3584 1929//3584 1797//3584
f 1848//3584 1742//3584 1929//3584
f 1931//3992 1932//3992 1899//3992
f 1896//3992 1899//3992 1932//3992
f 1725//3992 1931//3992 1849//3992
f 1899//3992 1849//3992 1931//3992
f 1898//3992 1849//3992 1899//3992
f 1851//3992 1849//3992 1898//3992
f 1725//3992 1798//3992 1931//3992
f 1932//3992 1931//3992 1798//3992
f 1799//3992 1932//3992 1798//3992
f 1896//3992 1932//3992 1799//3992
f 1820//3953 1859//3953 1860//3953
f 1934//3584 1863//3584 1933//3584
f 1771//3953 1864//3953 1936//3953
f 1937//3953 1771//3953 1936//3953
f 1865//3953 1771//3953 1937//3953
f 1938//3953 1865//3953 1937//3953
f 1866//3953 1865//3953 1938//3953
f 1939//3953 1866//3953 1938//3953
f 1938//3953 1937//3953 1940//3953
f 1941//3953 1938//3953 1940//3953
f 1939//3953 1938//3953 1941//3953
f 1942//3584 1922//3584 1923//3584
f 1867//3584 1942//3584 1923//3584
f 1944//3953 1941//3953 1922//3953
f 1942//3953 1944//3953 1922//3953
f 1943//3953 1944//3953 1942//3953
f 1867//3953 1943//3953 1942//3953
f 1944//3953 1939//3953 1941//3953
f 1943//3953 1939//3953 1944//3953
f 1701//3924 1868//4005 1784//3975
f 1945//4051 1868//4005 1772//3955
f 1946//4052 1773//3956 1869//4006
f 1869//4007 1773//3959 1946//4053
f 1773//3960 1947//3960 1946//4054
f 1869//4055 1948//4055 1703//3926
f 1947//3960 1773//3960 1870//3750
f 1870//4056 1774//4010 1950//4057
f 1873//4012 1871//4009 1776//3962
f 1951//4058 1872//4008 1871//4009
f 1951//4058 1952//4059 1872//4008
f 1872//4008 1950//4057 1774//4010
f 1953//4060 1873//4012 1874//4011
f 1874//4015 1875//4014 1953//4061
f 1875//4014 1778//4013 1780//3966
f 1779//3972 1777//3961 1706//3972
f 1876//4017 1954//4062 1780//3966
f 1781//3970 1955//4063 1876//4017
f 1877//4018 1956//4064 1781//3970
f 1878//4020 1783//3974 1782//4019
f 1784//3975 1957//4065 1878//4020
f 1880//4022 1712//3939 1879//4021
f 1879//4021 1783//3974 1958//4066
f 1785//3977 1959//4067 1877//4018
f 1959//4067 1785//3977 1880//4022
f 1786//3979 1796//3991 1836//3994
f 1882//4068 1881//4024 1714//4023
f 1881//4024 1892//4044 1722//3946
f 1787//4025 1883//4026 1882//4068
f 1788//3982 1960//4069 1883//4026
f 1789//3985 1961//4070 1788//3982
f 1884//4027 1962//4071 1789//3985
f 1790//4028 1889//4040 1884//4027
f 1889//4041 1790//3942 1885//4030
f 1963//4072 1791//4034 1886//4037
f 1886//4033 1791//4032 1963//4073
f 1887//3881 1886//4036 1964//3881
f 1967//4074 1966//4075 1965//4076
f 1965//4076 1792//4077 1967//4074
f 1887//4078 1967//4074 1792//4077
f 1969//4079 1794//4080 1965//4076
f 1792//4077 1965//4076 1794//4080
f 1891//4038 1970//4081 1890//4039
f 1890//4039 1884//4027 1889//4040
f 1891//4043 1795//4043 1970//4082
f 1723//3947 1892//4044 1893//4045
f 1796//3991 1893//4045 1971//4083
f 1972//3584 1791//3987 1894//3584
f 1930//3584 1894//3584 1797//3584
f 1933//3584 1863//3584 1824//3584
f 1904//4046 1900//4046 1973//4046
f 1901//4046 1973//4046 1900//4046
f 1824//4046 1904//4046 1933//4046
f 1973//4046 1933//4046 1904//4046
f 1974//4046 1933//4046 1973//4046
f 1901//4046 1974//4046 1973//4046
f 1974//3584 1934//3584 1933//3584
f 1916//3584 1934//3584 1974//3584
f 1916//4046 1974//4046 1901//4046
f 1903//4046 1916//4046 1901//4046
f 1906//4046 1916//4046 1903//4046
f 1919//4046 1916//4046 1906//4046
f 1908//4046 1919//4046 1906//4046
f 1833//4046 1919//4046 1908//4046
f 1917//3584 1934//3584 1916//3584
f 1934//3584 1917//3584 1920//3584
f 1922//3584 1920//3584 1921//3584
f 1975//4084 1837//3995 1836//3994
f 1924//4047 1738//3949 1845//4003
f 1837//3995 1975//4084 1840//3998
f 1927//4050 1925//4048 1741//3952
f 1925//4048 1926//4049 1739//3950
f 1976//4085 1927//4050 1838//3996
f 1839//3997 1977//4086 1838//3996
f 1840//3998 1978//4087 1839//3997
f 1841//3999 1846//4004 1979//4088
f 1842//4000 1841//3999 1980//4089
f 1842//4000 1980//4089 1843//4001
f 1843//4001 1981//4090 1844//4002
f 1844//4002 1982//4091 1845//4003
f 1846//4004 1926//4049 1983//4092
f 1772//3955 1924//4047 1945//4051
f 1984//4093 1928//3584 1703//3926
f 1847//3584 1928//3584 1894//3584
f 1929//3584 1847//3584 1930//3584
f 1863//3953 1935//3953 1864//3953
f 1936//3953 1864//3953 1935//3953
f 1863//3953 1934//3953 1935//3953
f 1985//3953 1935//3953 1934//3953
f 1920//3953 1985//3953 1934//3953
f 1940//3953 1985//3953 1920//3953
f 1935//3953 1985//3953 1936//3953
f 1937//3953 1936//3953 1985//3953
f 1940//3953 1937//3953 1985//3953
f 1943//3953 1866//3953 1939//3953
f 1867//3953 1866//3953 1943//3953
f 1941//3953 1940//3953 1920//3953
f 1922//3953 1941//3953 1920//3953
f 1957//4065 1784//3975 1868//4005
f 1868//4005 1945//4051 1957//4065
f 1986//4094 1946//4052 1869//4006
f 1869//4007 1946//4053 1986//4095
f 1947//3960 1987//4054 1946//4054
f 1984//4093 1703//3926 1948//4055
f 1948//4055 1869//4055 1988//4096
f 1870//4056 1989//4097 1947//4098
f 1870//4056 1950//4057 1989//4097
f 1949//4059 1872//4008 1952//4059
f 1950//4057 1872//4008 1949//4059
f 1990//4059 1950//4057 1949//4059
f 1992//4099 1950//4057 1991//4059
f 1992//4099 1993//4100 1950//4057
f 1873//4101 1994//4102 1871//4103
f 1871//4103 1995//4104 1951//4105
f 1953//4061 1996//4106 1873//4101
f 1996//4106 1953//4061 1875//4014
f 1875//4014 1780//3966 1997//4107
f 1998//4108 1780//3966 1954//4062
f 1954//4062 1876//4017 1955//4063
f 1955//4063 1781//3970 1956//4064
f 1956//4064 1877//4018 1959//4067
f 1878//4020 1958//4066 1783//3974
f 1958//4066 1878//4020 1957//4065
f 1880//4022 1879//4021 1999//4109
f 1879//4021 1958//4066 2000//4110
f 1959//4067 1880//4022 2001//4111
f 1971//4083 1836//3994 1796//3991
f 1881//4024 1882//4068 1883//4026
f 1892//4044 1881//4024 2002//4112
f 2002//4112 1883//4026 1960//4069
f 1960//4069 1788//3982 1961//4070
f 1961//4070 1789//3985 1962//4071
f 1962//4071 1884//4027 2003//4113
f 2004//4114 1963//4072 1886//4037
f 1886//4033 1963//4073 2004//4115
f 1886//4036 2004//4116 2005//4036
f 2005//4036 1964//3881 1886//4036
f 1967//4074 1887//4078 2007//4117
f 1964//4118 2007//4117 1887//4078
f 2009//4119 2008//4120 1966//4075
f 1965//4076 1966//4075 2008//4120
f 2010//4121 1966//4075 1967//4074
f 2010//4121 1967//4074 2011//4122
f 2008//4120 1968//4123 1965//4076
f 1969//4079 1965//4076 1968//4123
f 1968//4124 2008//4125 2012//4126
f 1794//4080 1969//4079 1888//4082
f 1969//4127 2013//4128 1970//4081
f 1970//4082 1888//4082 1969//4079
f 1970//4081 2014//4129 1890//4039
f 1888//4082 1970//4082 1795//4043
f 1890//4039 2003//4113 1884//4027
f 2015//4130 1893//4045 1892//4044
f 2016//4131 1971//4083 1893//4045
f 2017//4132 1791//3987 1972//3584
f 1894//3584 1928//3584 1972//3584
f 1930//3584 1847//3584 1894//3584
f 1836//3994 1971//4083 1975//4084
f 1845//4003 2018//4133 1924//4047
f 1978//4087 1840//3998 1975//4084
f 1925//4048 1927//4050 2019//4134
f 1926//4049 1925//4048 2020//4135
f 1927//4050 1976//4085 2021//4136
f 1976//4085 1838//3996 1977//4086
f 1977//4086 1839//3997 1978//4087
f 1983//4092 1979//4088 1846//4004
f 1979//4088 1980//4089 1841//3999
f 1981//4090 1843//4001 1980//4089
f 1982//4091 1844//4002 1981//4090
f 2018//4133 1845//4003 1982//4091
f 2020//4135 1983//4092 1926//4049
f 2022//4137 1945//4051 1924//4047
f 1928//3584 1984//4138 1972//3584
f 2023//4139 1957//4065 1945//4051
f 1946//4052 1986//4094 2024//4140
f 2024//4141 1986//4095 1946//4053
f 1986//4096 2025//4096 1869//4055
f 1946//4054 1987//4054 2024//4054
f 1947//4098 2026//4142 1987//4143
f 1947//4098 1989//4097 2026//4142
f 2026//4142 1989//4097 1993//4100
f 1948//4144 2027//4145 1984//4138
f 1988//4096 1869//4055 2025//4096
f 1948//4144 1988//4146 2027//4145
f 1952//4147 2028//4148 1949//4149
f 1991//4059 1950//4057 1990//4059
f 2029//4150 1990//4151 1949//4149
f 1989//4097 1950//4057 1993//4100
f 1992//4152 2029//4150 1993//4153
f 1995//4104 1871//4103 1994//4102
f 1994//4102 1873//4101 1996//4106
f 1951//4105 1995//4104 1952//4147
f 2028//4148 1952//4147 1995//4104
f 1875//4014 1997//4107 1996//4106
f 1998//4108 1997//4107 1780//3966
f 1998//4108 1954//4062 2030//4154
f 1954//4062 1955//4063 2031//4155
f 1955//4063 1956//4064 2032//4156
f 1956//4064 1959//4067 2033//4157
f 1957//4065 2023//4139 1958//4066
f 2000//4110 1999//4109 1879//4021
f 1999//4109 2001//4111 1880//4022
f 2034//4158 2000//4110 1958//4066
f 2001//4111 2033//4157 1959//4067
f 1883//4026 2002//4112 1881//4024
f 2002//4112 2035//4159 1892//4044
f 1960//4069 2036//4160 2002//4112
f 1961//4070 2037//4161 1960//4069
f 1962//4071 2038//4162 1961//4070
f 2003//4113 2039//4163 1962//4071
f 2005//4036 2004//4116 2040//4116
f 1963//4164 1791//3987 2006//4164
f 2017//4132 2006//4164 1791//3987
f 2006//4164 2041//4165 1963//4164
f 2042//4166 1964//4118 2005//4167
f 2007//4117 1964//4118 2042//4166
f 2044//4168 2007//4117 2043//4169
f 2042//4166 2043//4169 2007//4117
f 2007//4117 2045//4122 1967//4074
f 2009//4119 2046//4170 2008//4120
f 1966//4171 2047//4172 2009//4173
f 1966//4171 2010//4174 2047//4172
f 2045//4122 2011//4122 1967//4074
f 2011//4175 2048//4176 2010//4174
f 2012//4126 2008//4125 2049//4177
f 1968//4124 2012//4126 1969//4127
f 2013//4128 1969//4127 2012//4126
f 1970//4081 2013//4128 2014//4129
f 2014//4129 2050//4178 1890//4039
f 2003//4113 1890//4039 2050//4178
f 1893//4045 2015//4130 2016//4131
f 2015//4130 1892//4044 2035//4159
f 1971//4083 2016//4131 2051//4179
f 2017//4132 1972//3584 2027//4145
f 2051//4179 1975//4084 1971//4083
f 2022//4137 1924//4047 2018//4133
f 1978//4087 1975//4084 2052//4180
f 2021//4136 2019//4134 1927//4050
f 2019//4134 2020//4135 1925//4048
f 2053//4181 2021//4136 1976//4085
f 1976//4085 1977//4086 2053//4181
f 1977//4086 1978//4087 2054//4182
f 1979//4088 1983//4092 2055//4183
f 1980//4089 1979//4088 2056//4184
f 1980//4089 2056//4184 1981//4090
f 1981//4090 2057//4185 1982//4091
f 1982//4091 2058//4186 2018//4133
f 1983//4092 2020//4135 2059//4187
f 1945//4051 2022//4137 2023//4139
f 1984//4138 2027//4145 1972//3584
f 2024//4140 1986//4094 2060//4140
f 2060//4141 1986//4095 2024//4141
f 2060//4188 2061//4188 1986//4096
f 2025//4096 1986//4096 2061//4188
f 1987//4054 2062//4054 2024//4054
f 2026//4142 2063//4189 1987//4143
f 1993//4153 2064//4190 2026//4191
f 1988//4146 2025//4146 2027//4145
f 1949//4149 2028//4148 2029//4150
f 2065//4192 2029//4150 2028//4148
f 1991//4193 2029//4150 1992//4152
f 2029//4150 1991//4193 1990//4151
f 2064//4190 1993//4153 2029//4150
f 1994//4102 2066//4194 1995//4104
f 1996//4106 2067//4195 1994//4102
f 2067//4195 1996//4106 1997//4107
f 1998//4108 2030//4154 1997//4107
f 2031//4155 2030//4154 1954//4062
f 2032//4156 2031//4155 1955//4063
f 2033//4157 2032//4156 1956//4064
f 2034//4158 1958//4066 2023//4139
f 1999//4109 2000//4110 2069//4196
f 2001//4111 1999//4109 2070//4197
f 2000//4110 2034//4158 2071//4198
f 2033//4157 2001//4111 2072//4199
f 2035//4159 2002//4112 2036//4160
f 2036//4160 1960//4069 2037//4161
f 2037//4161 1961//4070 2038//4162
f 2038//4162 1962//4071 2039//4163
f 2039//4163 2003//4113 2073//4200
f 2004//4116 2074//4116 2040//4116
f 2075//4201 2043//4169 2042//4166
f 2043//4202 2075//4203 2076//4204
f 2075//4201 2040//4205 2077//4206
f 2075//4201 2005//4167 2040//4205
f 2006//4207 2017//4132 2027//4145
f 2041//4165 2078//4208 1963//4164
f 2041//4209 2006//4207 2027//4145
f 2042//4166 2005//4167 2075//4201
f 2044//4168 2079//4122 2007//4117
f 2079//4122 2045//4122 2007//4117
f 2046//4210 2049//4177 2008//4125
f 2046//4210 2009//4173 2049//4177
f 2080//4211 2009//4173 2047//4172
f 2047//4172 2010//4174 2048//4176
f 2011//4175 2045//4212 2048//4176
f 2049//4177 2081//4213 2012//4126
f 2012//4126 2082//4214 2013//4128
f 2013//4128 2083//4215 2014//4129
f 2050//4178 2014//4129 2083//4215
f 2050//4178 2073//4200 2003//4113
f 2084//4216 2016//4131 2015//4130
f 2035//4159 2085//4217 2015//4130
f 2086//4218 2051//4179 2016//4131
f 2051//4179 2052//4180 1975//4084
f 2018//4133 2087//4219 2022//4137
f 2052//4180 2054//4182 1978//4087
f 2019//4134 2021//4136 2088//4220
f 2020//4135 2019//4134 2089//4221
f 2021//4136 2053//4181 2090//4222
f 2054//4182 2053//4181 1977//4086
f 2059//4187 2055//4183 1983//4092
f 2055//4183 2056//4184 1979//4088
f 2057//4185 1981//4090 2056//4184
f 2058//4186 1982//4091 2057//4185
f 2087//4219 2018//4133 2058//4186
f 2089//4221 2059//4187 2020//4135
f 2091//4223 2023//4139 2022//4137
f 2060//4140 2092//4224 2024//4140
f 2024//4141 2092//1544 2060//4141
f 2061//4188 2060//4188 2093//4225
f 2025//4146 2061//4226 2027//4145
f 2024//4054 2062//4054 2092//4054
f 2094//4227 2063//4228 2026//4191
f 2062//4189 1987//4143 2063//4189
f 2094//4227 2026//4191 2064//4190
f 2029//4150 2065//4192 2064//4190
f 2068//4229 1995//4104 2066//4194
f 2066//4194 1994//4102 2067//4195
f 2095//4230 2028//4148 2068//4229
f 1995//4104 2068//4229 2028//4148
f 1997//4107 2096//4231 2067//4195
f 2096//4231 1997//4107 2030//4154
f 2030//4154 2031//4155 2097//4232
f 2031//4155 2032//4156 2098//4233
f 2032//4156 2033//4157 2099//4234
f 2023//4139 2091//4223 2034//4158
f 2071//4198 2069//4196 2000//4110
f 2069//4196 2070//4197 1999//4109
f 2070//4197 2072//4199 2001//4111
f 2100//4235 2071//4198 2034//4158
f 2072//4199 2099//4234 2033//4157
f 2036//4160 2101//4236 2035//4159
f 2037//4161 2102//4237 2036//4160
f 2038//4162 2103//4238 2037//4161
f 2039//4163 2104//4239 2038//4162
f 2073//4200 2105//4240 2039//4163
f 2040//4116 2074//4116 2106//4116
f 2107//4241 2076//4204 2075//4203
f 2043//4202 2076//4204 2044//4242
f 2077//4243 2108//4244 2075//4203
f 2106//4206 2077//4206 2040//4205
f 2109//4208 1963//4164 2078//4208
f 2078//4245 2041//4209 2027//4145
f 2079//4246 2110//4247 2045//4212
f 2080//4211 2049//4177 2009//4173
f 2047//4172 2111//4248 2080//4211
f 2048//4176 2112//4249 2047//4172
f 2048//4176 2045//4212 2113//4250
f 2082//4214 2012//4126 2081//4213
f 2081//4213 2049//4177 2114//4251
f 2083//4215 2013//4128 2082//4214
f 2083//4215 2115//4252 2050//4178
f 2073//4200 2050//4178 2115//4252
f 2016//4131 2084//4216 2086//4218
f 2084//4216 2015//4130 2085//4217
f 2085//4217 2035//4159 2101//4236
f 2086//4218 2116//4253 2051//4179
f 2052//4180 2051//4179 2116//4253
f 2091//4223 2022//4137 2087//4219
f 2054//4182 2052//4180 2117//4254
f 2090//4222 2088//4220 2021//4136
f 2088//4220 2089//4221 2019//4134
f 2118//4255 2090//4222 2053//4181
f 2053//4181 2054//4182 2118//4255
f 2055//4183 2059//4187 2119//4256
f 2055//4183 2119//4256 2056//4184
f 2056//4184 2120//4257 2057//4185
f 2057//4185 2121//4258 2058//4186
f 2058//4186 2122//4259 2087//4219
f 2059//4187 2089//4221 2123//4260
f 2092//4224 2060//4140 2124//4224
f 2124//1544 2060//4141 2092//1544
f 2124//4261 2125//4261 2060//4188
f 2093//4225 2060//4188 2125//4261
f 2061//4226 2093//4262 2027//4145
f 2062//4054 2126//4054 2092//4054
f 2127//4263 2063//4228 2094//4227
f 2062//4189 2063//4189 2126//4224
f 2064//4190 2128//4264 2094//4227
f 2128//4264 2064//4190 2065//4192
f 2068//4229 2066//4194 2129//4265
f 2067//4195 2130//4266 2066//4194
f 2028//4148 2095//4230 2065//4192
f 2095//4230 2068//4229 2131//4267
f 2130//4266 2067//4195 2096//4231
f 2030//4154 2097//4232 2096//4231
f 2098//4233 2097//4232 2031//4155
f 2099//4234 2098//4233 2032//4156
f 2100//4235 2034//4158 2091//4223
f 2069//4196 2071//4198 2132//4268
f 2070//4197 2069//4196 2133//4269
f 2072//4199 2070//4197 2134//4270
f 2071//4198 2100//4235 2135//4271
f 2099//4234 2072//4199 2136//4272
f 2101//4236 2036//4160 2102//4237
f 2102//4237 2037//4161 2103//4238
f 2103//4238 2038//4162 2104//4239
f 2104//4239 2039//4163 2105//4240
f 2105//4240 2073//4200 2137//4273
f 2074//4116 2138//4116 2106//4116
f 2107//4241 2139//4274 2076//4204
f 2108//4244 2107//4241 2075//4203
f 2140//4275 2108//4244 2077//4243
f 2106//4206 2141//4276 2077//4206
f 2004//4114 2109//4277 1963//4072
f 2109//4277 2004//4114 2074//4277
f 1963//4073 2109//4278 2004//4115
f 2074//4278 2004//4115 2109//4278
f 2078//4208 2142//4279 2109//4208
f 2142//4280 2078//4245 2027//4145
f 2110//4247 2044//4242 2076//4204
f 2076//4204 2143//4281 2110//4247
f 2110//4247 2113//4250 2045//4212
f 2079//4246 2044//4242 2110//4247
f 2080//4211 2114//4251 2049//4177
f 2114//4251 2080//4211 2111//4248
f 2111//4248 2047//4172 2112//4249
f 2112//4249 2048//4176 2144//4282
f 2113//4250 2144//4282 2048//4176
f 2082//4214 2081//4213 2145//4283
f 2081//4213 2114//4251 2146//4284
f 2083//4215 2082//4214 2115//4252
f 2115//4252 2137//4273 2073//4200
f 2147//4285 2086//4218 2084//4216
f 2084//4216 2085//4217 2147//4285
f 2085//4217 2101//4236 2148//4286
f 2116//4253 2086//4218 2149//4287
f 2116//4253 2117//4254 2052//4180
f 2087//4219 2150//4288 2091//4223
f 2117//4254 2118//4255 2054//4182
f 2090//4222 2151//4289 2088//4220
f 2089//4221 2088//4220 2152//4290
f 2090//4222 2118//4255 2151//4289
f 2123//4260 2119//4256 2059//4187
f 2120//4257 2056//4184 2119//4256
f 2121//4258 2057//4185 2120//4257
f 2122//4259 2058//4186 2121//4258
f 2150//4288 2087//4219 2122//4259
f 2152//4290 2123//4260 2089//4221
f 2124//4224 2153//4291 2092//4224
f 2092//1544 2153//4292 2124//1544
f 2125//4261 2124//4261 2154//4293
f 2093//4262 2125//4294 2027//4145
f 2092//4054 2126//4054 2153//4292
f 2156//4295 2155//4296 2063//4228
f 2155//4224 2126//4224 2063//4189
f 2127//4263 2156//4295 2063//4228
f 2094//4227 2157//4297 2127//4263
f 2157//4297 2094//4227 2128//4264
f 2065//4192 2158//4298 2128//4264
f 2159//4299 2129//4265 2066//4194
f 2129//4265 2131//4267 2068//4229
f 2159//4299 2066//4194 2130//4266
f 2158//4298 2065//4192 2095//4230
f 2131//4267 2160//4300 2095//4230
f 2096//4231 2161//4301 2130//4266
f 2161//4301 2096//4231 2097//4232
f 2097//4232 2098//4233 2162//4302
f 2098//4233 2099//4234 2163//4303
f 2100//4235 2091//4223 2150//4288
f 2135//4271 2132//4268 2071//4198
f 2132//4268 2133//4269 2069//4196
f 2133//4269 2134//4270 2070//4197
f 2134//4270 2136//4272 2072//4199
f 2150//4288 2135//4271 2100//4235
f 2136//4272 2163//4303 2099//4234
f 2101//4236 2102//4237 2164//4304
f 2102//4237 2103//4238 2165//4305
f 2103//4238 2104//4239 2166//4306
f 2105//4240 2137//4273 2167//4307
f 2106//4116 2138//4116 2141//4116
f 2109//4277 2138//4276 2168//4276
f 2138//4276 2109//4277 2074//4277
f 2168//1557 2138//1557 2109//4278
f 2074//4278 2109//4278 2138//1557
f 2168//4308 2109//4208 2169//4308
f 2143//4281 2076//4204 2139//4274
f 2139//4274 2107//4241 2170//4309
f 2108//4244 2170//4309 2107//4241
f 2140//4275 2171//4310 2108//4244
f 2140//4276 2077//4206 2141//4276
f 2142//4279 2169//4308 2109//4208
f 2169//4311 2142//4280 2027//4145
f 2113//4250 2110//4247 2143//4281
f 2111//4248 2172//4312 2114//4251
f 2112//4249 2173//4313 2111//4248
f 2144//4282 2174//4314 2112//4249
f 2144//4282 2113//4250 2175//4315
f 2146//4284 2145//4283 2081//4213
f 2145//4283 2115//4252 2082//4214
f 2176//4316 2146//4284 2114//4251
f 2115//4252 2145//4283 2137//4273
f 2147//4285 2149//4287 2086//4218
f 2148//4286 2147//4285 2085//4217
f 2164//4304 2148//4286 2101//4236
f 2149//4287 2177//4317 2116//4253
f 2117//4254 2116//4253 2177//4317
f 2118//4255 2117//4254 2178//4318
f 2179//4319 2088//4220 2151//4289
f 2179//4319 2152//4290 2088//4220
f 2178//4318 2151//4289 2118//4255
f 2119//4256 2123//4260 2180//4320
f 2120//4257 2119//4256 2181//4321
f 2121//4258 2120//4257 2182//4322
f 2122//4259 2121//4258 2183//4323
f 2150//4288 2122//4259 2135//4271
f 2123//4260 2152//4290 2184//4324
f 2153//4291 2124//4224 2185//4325
f 2185//4326 2124//1544 2153//4292
f 2185//4327 2186//4327 2124//4261
f 2154//4293 2124//4261 2186//4327
f 2125//4294 2154//4293 2187//4328
f 2125//4294 2187//4328 2027//4145
f 2189//4329 2126//4054 2188//4330
f 2153//4292 2126//4054 2189//4329
f 2156//4295 2190//4331 2155//4296
f 2126//4224 2155//4224 2191//4332
f 2127//4263 2192//4333 2156//4295
f 2192//4333 2127//4263 2157//4297
f 2128//4264 2193//4334 2157//4297
f 2193//4334 2128//4264 2158//4298
f 2129//4265 2159//4299 2194//4335
f 2131//4267 2129//4265 2195//4336
f 2130//4266 2196//4337 2159//4299
f 2158//4298 2095//4230 2160//4300
f 2160//4300 2131//4267 2197//4338
f 2196//4337 2130//4266 2161//4301
f 2161//4301 2097//4232 2198//4339
f 2163//4303 2162//4302 2098//4233
f 2162//4302 2198//4339 2097//4232
f 2132//4268 2199//4340 2133//4269
f 2133//4269 2200//4341 2134//4270
f 2134//4270 2201//4342 2136//4272
f 2136//4272 2202//4343 2163//4303
f 2165//4305 2164//4304 2102//4237
f 2166//4306 2165//4305 2103//4238
f 2203//4344 2166//4306 2104//4239
f 2204//4345 2167//4307 2137//4273
f 2167//4307 2203//4344 2105//4240
f 2138//4116 2205//4346 2141//4116
f 2205//4347 2168//4276 2138//4276
f 2138//1557 2168//1557 2205//4346
f 2169//4308 2206//4348 2168//4308
f 2139//4274 2207//4349 2143//4281
f 2170//4309 2208//4350 2139//4274
f 2170//4309 2108//4244 2209//4351
f 2171//4310 2209//4351 2108//4244
f 2210//4352 2171//4310 2140//4275
f 2141//4276 2211//4353 2140//4276
f 2206//4354 2169//4311 2212//4355
f 2212//4355 2169//4311 2027//4145
f 2143//4281 2175//4315 2113//4250
f 2176//4316 2114//4251 2172//4312
f 2172//4312 2111//4248 2173//4313
f 2173//4313 2112//4249 2174//4314
f 2174//4314 2144//4282 2213//4356
f 2175//4315 2213//4356 2144//4282
f 2145//4283 2146//4284 2214//4357
f 2146//4284 2176//4316 2215//4358
f 2214//4357 2137//4273 2145//4283
f 2147//4285 2148//4286 2149//4287
f 2148//4286 2164//4304 2216//4359
f 2149//4287 2216//4359 2177//4317
f 2177//4317 2178//4318 2117//4254
f 2179//4319 2151//4289 2217//4360
f 2152//4290 2179//4319 2218//4361
f 2151//4289 2178//4318 2219//4362
f 2184//4324 2180//4320 2123//4260
f 2180//4320 2181//4321 2119//4256
f 2181//4321 2182//4322 2120//4257
f 2182//4322 2183//4323 2121//4258
f 2183//4323 2135//4271 2122//4259
f 2218//4361 2184//4324 2152//4290
f 2220//4363 2189//4364 2185//4325
f 2185//4326 2189//4329 2220//4365
f 2189//4364 2153//4291 2185//4325
f 2185//4326 2153//4292 2189//4329
f 2186//4327 2185//4327 2221//4366
f 2154//4293 2186//4367 2187//4328
f 2186//4367 2221//4368 2187//4328
f 2187//4328 2206//4354 2212//4355
f 2212//4355 2027//4145 2187//4328
f 2126//4054 2191//4054 2188//4330
f 2220//4365 2189//4329 2188//4330
f 2220//4366 2221//4366 2185//4327
f 2188//4369 2189//4364 2220//4363
f 2190//4331 2222//4370 2155//4296
f 2156//4295 2223//4371 2190//4331
f 2222//4370 2191//4332 2155//4224
f 2223//4371 2156//4295 2192//4333
f 2157//4297 2224//4372 2192//4333
f 2224//4372 2157//4297 2193//4334
f 2193//4334 2158//4298 2225//4373
f 2226//4374 2194//4335 2159//4299
f 2194//4335 2195//4336 2129//4265
f 2195//4336 2197//4338 2131//4267
f 2226//4374 2159//4299 2196//4337
f 2160//4300 2225//4373 2158//4298
f 2197//4338 2227//4375 2160//4300
f 2196//4337 2161//4301 2228//4376
f 2198//4339 2228//4376 2161//4301
f 2198//4339 2162//4302 2229//4377
f 2200//4341 2133//4269 2199//4340
f 2199//4340 2132//4268 2183//4323
f 2201//4342 2134//4270 2200//4341
f 2202//4343 2136//4272 2201//4342
f 2230//4378 2163//4303 2202//4343
f 2164//4304 2165//4305 2231//4379
f 2165//4305 2166//4306 2232//4380
f 2166//4306 2203//4344 2233//4381
f 2104//4239 2105//4240 2203//4344
f 2167//4307 2204//4345 2234//4382
f 2137//4273 2214//4357 2204//4345
f 2203//4344 2167//4307 2235//4383
f 2205//4346 2236//4384 2141//4116
f 2168//4276 2205//4347 2237//4353
f 2237//1615 2205//4346 2168//1557
f 2237//4385 2168//4308 2238//4385
f 2206//4348 2238//4385 2168//4308
f 2175//4315 2143//4281 2207//4349
f 2207//4349 2139//4274 2208//4350
f 2209//4351 2239//4386 2170//4309
f 2209//4351 2171//4310 2240//4387
f 2210//4352 2240//4387 2171//4310
f 2241//4388 2210//4352 2140//4275
f 2141//4116 2236//4384 2211//4116
f 2241//4389 2140//4276 2211//4353
f 2238//4390 2206//4354 2187//4328
f 2172//4312 2242//4391 2176//4316
f 2173//4313 2243//4392 2172//4312
f 2174//4314 2244//4393 2173//4313
f 2213//4356 2245//4394 2174//4314
f 2213//4356 2175//4315 2246//4395
f 2215//4358 2214//4357 2146//4284
f 2247//4396 2215//4358 2176//4316
f 2216//4359 2149//4287 2148//4286
f 2231//4379 2216//4359 2164//4304
f 2248//4397 2177//4317 2216//4359
f 2177//4317 2248//4397 2178//4318
f 2219//4362 2217//4360 2151//4289
f 2217//4360 2218//4361 2179//4319
f 2249//4398 2219//4362 2178//4318
f 2180//4320 2184//4324 2250//4399
f 2181//4321 2180//4320 2251//4400
f 2182//4322 2181//4321 2252//4401
f 2183//4323 2182//4322 2199//4340
f 2135//4271 2183//4323 2132//4268
f 2184//4324 2218//4361 2253//4402
f 2221//4368 2238//4390 2187//4328
f 2191//4054 2254//4054 2188//4330
f 2236//4384 2188//4330 2211//4116
f 2237//4353 2236//4403 2255//4404
f 2255//4405 2236//4384 2237//1615
f 2220//4366 2255//4406 2221//4366
f 2237//4385 2221//4366 2255//4406
f 2190//4331 2256//4407 2222//4370
f 2256//4407 2190//4331 2257//4408
f 2258//4409 2190//4331 2223//4371
f 2191//4332 2222//4370 2254//4410
f 2256//4407 2257//4408 2222//4370
f 2192//4333 2259//4411 2223//4371
f 2259//4411 2192//4333 2224//4372
f 2224//4372 2193//4334 2260//4412
f 2225//4373 2260//4412 2193//4334
f 2194//4335 2226//4374 2261//4413
f 2195//4336 2194//4335 2262//4414
f 2197//4338 2195//4336 2263//4415
f 2226//4374 2196//4337 2264//4416
f 2225//4373 2160//4300 2227//4375
f 2227//4375 2197//4338 2265//4417
f 2228//4376 2264//4416 2196//4337
f 2267//4418 2229//4377 2162//4302
f 2229//4377 2266//4419 2198//4339
f 2199//4340 2252//4401 2200//4341
f 2200//4341 2268//4420 2201//4342
f 2201//4342 2269//4421 2202//4343
f 2163//4303 2230//4378 2162//4302
f 2202//4343 2270//4422 2230//4378
f 2232//4380 2231//4379 2165//4305
f 2233//4381 2232//4380 2166//4306
f 2235//4383 2233//4381 2203//4344
f 2271//4423 2234//4382 2204//4345
f 2234//4382 2235//4383 2167//4307
f 2272//4424 2204//4345 2214//4357
f 2236//4403 2237//4353 2205//4347
f 2205//4346 2237//1615 2236//4384
f 2238//4385 2221//4366 2237//4385
f 2207//4349 2246//4395 2175//4315
f 2208//4350 2273//4425 2207//4349
f 2208//4350 2170//4309 2239//4386
f 2239//4386 2209//4351 2274//4426
f 2240//4387 2274//4426 2209//4351
f 2240//4387 2210//4352 2275//4427
f 2277//4428 2276//4428 2210//4352
f 2277//4428 2210//4352 2278//4429
f 2241//4388 2278//4429 2210//4352
f 2211//4116 2188//4330 2279//4430
f 2279//4431 2241//4389 2211//4353
f 2247//4396 2176//4316 2242//4391
f 2242//4391 2172//4312 2243//4392
f 2243//4392 2173//4313 2244//4393
f 2244//4393 2174//4314 2245//4394
f 2245//4394 2213//4356 2280//4432
f 2246//4395 2280//4432 2213//4356
f 2214//4357 2215//4358 2272//4424
f 2215//4358 2247//4396 2281//4433
f 2216//4359 2231//4379 2248//4397
f 2249//4398 2178//4318 2248//4397
f 2217//4360 2219//4362 2282//4434
f 2218//4361 2217//4360 2283//4435
f 2219//4362 2249//4398 2284//4436
f 2253//4402 2250//4399 2184//4324
f 2250//4399 2251//4400 2180//4320
f 2251//4400 2252//4401 2181//4321
f 2252//4401 2199//4340 2182//4322
f 2283//4435 2253//4402 2218//4361
f 2254//4054 2285//4054 2188//4330
f 2254//4410 2222//4370 2257//4408
f 2286//1715 2257//1654 2222//1623
f 2222//4370 2257//4408 2286//4437
f 2287//4438 2257//4408 2190//4331
f 2190//4331 2258//4409 2288//4439
f 2258//4409 2223//4371 2289//4440
f 2290//4441 2223//4371 2259//4411
f 2259//4411 2224//4372 2291//4442
f 2260//4412 2291//4442 2224//4372
f 2260//4412 2225//4373 2292//4443
f 2264//4416 2261//4413 2226//4374
f 2261//4413 2262//4414 2194//4335
f 2262//4414 2263//4415 2195//4336
f 2263//4415 2265//4417 2197//4338
f 2227//4375 2292//4443 2225//4373
f 2265//4417 2293//4444 2227//4375
f 2264//4416 2228//4376 2294//4445
f 2228//4376 2198//4339 2266//4419
f 2229//4377 2267//4418 2295//4446
f 2266//4419 2229//4377 2296//4447
f 2268//4420 2200//4341 2252//4401
f 2269//4421 2201//4342 2268//4420
f 2270//4422 2202//4343 2269//4421
f 2267//4418 2162//4302 2230//4378
f 2297//4448 2230//4378 2270//4422
f 2231//4379 2232//4380 2298//4449
f 2232//4380 2233//4381 2299//4450
f 2233//4381 2235//4383 2300//4451
f 2234//4382 2271//4423 2301//4452
f 2271//4423 2204//4345 2302//4453
f 2235//4383 2234//4382 2303//4454
f 2272//4424 2302//4453 2204//4345
f 2246//4395 2207//4349 2273//4425
f 2273//4425 2208//4350 2304//4455
f 2239//4386 2304//4455 2208//4350
f 2239//4386 2274//4426 2304//4455
f 2240//4387 2275//4427 2274//4426
f 2305//4456 2275//4427 2210//4352
f 2276//4428 2306//4457 2210//4352
f 2279//4431 2276//4458 2241//4389
f 2306//4459 2276//4459 2241//4459
f 2276//4428 2277//4428 2278//4429
f 2276//4428 2278//4429 2241//4388
f 2307//4460 2279//4430 2188//4330
f 2241//4461 2276//4461 2306//4461
f 2247//4396 2242//4391 2308//4462
f 2242//4391 2243//4392 2309//4463
f 2243//4392 2244//4393 2310//4464
f 2244//4393 2245//4394 2311//4465
f 2245//4394 2280//4432 2312//4466
f 2280//4432 2246//4395 2313//4467
f 2281//4433 2272//4424 2215//4358
f 2308//4462 2281//4433 2247//4396
f 2298//4449 2248//4397 2231//4379
f 2248//4397 2298//4449 2249//4398
f 2284//4436 2282//4434 2219//4362
f 2282//4434 2283//4435 2217//4360
f 2314//4468 2284//4436 2249//4398
f 2250//4399 2253//4402 2315//4469
f 2251//4400 2250//4399 2316//4470
f 2252//4401 2251//4400 2268//4420
f 2253//4402 2283//4435 2317//4471
f 2188//4330 2285//4054 2307//4460
f 2287//4438 2286//4437 2318//4472
f 2257//4408 2286//4437 2287//4438
f 2319//4473 2288//4439 2258//4409
f 2190//4331 2288//4439 2320//4474
f 2290//4441 2289//4440 2223//4371
f 2258//4409 2289//4440 2319//4473
f 2290//4441 2259//4411 2321//4475
f 2291//4442 2321//4475 2259//4411
f 2291//4442 2260//4412 2322//4476
f 2292//4443 2322//4476 2260//4412
f 2264//4416 2294//4445 2261//4413
f 2261//4413 2323//4477 2262//4414
f 2262//4414 2324//4478 2263//4415
f 2263//4415 2325//4479 2265//4417
f 2292//4443 2227//4375 2293//4444
f 2265//4417 2326//4480 2293//4444
f 2266//4419 2294//4445 2228//4376
f 2327//4481 2295//4446 2267//4418
f 2295//4446 2296//4447 2229//4377
f 2296//4447 2328//4482 2266//4419
f 2268//4420 2316//4470 2269//4421
f 2269//4421 2329//4483 2270//4422
f 2230//4378 2297//4448 2267//4418
f 2270//4422 2330//4484 2297//4448
f 2299//4450 2298//4449 2232//4380
f 2300//4451 2299//4450 2233//4381
f 2303//4454 2300//4451 2235//4383
f 2331//4485 2301//4452 2271//4423
f 2301//4452 2303//4454 2234//4382
f 2302//4453 2332//4486 2271//4423
f 2302//4453 2272//4424 2333//4487
f 2273//4425 2313//4467 2246//4395
f 2304//4455 2334//4488 2273//4425
f 2335//4489 2304//4455 2274//4426
f 2336//4490 2274//4426 2275//4427
f 2275//4427 2305//4456 2337//4491
f 2210//4352 2320//4474 2305//4456
f 2338//4457 2320//4474 2210//4352
f 2306//4457 2338//4457 2210//4352
f 2279//4431 2306//4492 2276//4458
f 2285//4493 2340//4494 2339//4495
f 2285//4493 2318//4472 2340//4494
f 2339//4495 2338//4496 2341//4497
f 2339//4495 2340//4494 2338//4496
f 2339//4498 2341//4499 2307//4460
f 2307//4460 2341//4499 2279//4430
f 2339//4498 2307//4460 2285//4054
f 2285//4493 2287//4438 2318//4472
f 2318//4472 2190//4331 2320//4474
f 2309//4463 2308//4462 2242//4391
f 2310//4464 2309//4463 2243//4392
f 2311//4465 2310//4464 2244//4393
f 2312//4466 2311//4465 2245//4394
f 2342//4500 2312//4466 2280//4432
f 2280//4432 2313//4467 2342//4500
f 2281//4433 2333//4487 2272//4424
f 2308//4462 2343//4501 2281//4433
f 2314//4468 2249//4398 2298//4449
f 2282//4434 2284//4436 2344//4502
f 2282//4434 2344//4502 2283//4435
f 2284//4436 2314//4468 2345//4503
f 2317//4471 2315//4469 2253//4402
f 2315//4469 2316//4470 2250//4399
f 2316//4470 2268//4420 2251//4400
f 2346//4504 2317//4471 2283//4435
f 2318//4472 2287//4438 2190//4331
f 2288//4439 2319//4473 2347//4505
f 2348//4506 2320//4474 2288//4439
f 2290//4441 2321//4475 2289//4440
f 2349//4507 2319//4473 2289//4440
f 2321//4475 2291//4442 2350//4508
f 2322//4476 2350//4508 2291//4442
f 2322//4476 2292//4443 2351//4509
f 2323//4477 2261//4413 2294//4445
f 2324//4478 2262//4414 2323//4477
f 2325//4479 2263//4415 2324//4478
f 2326//4480 2265//4417 2325//4479
f 2293//4444 2351//4509 2292//4443
f 2352//4510 2293//4444 2326//4480
f 2294//4445 2266//4419 2328//4482
f 2295//4446 2327//4481 2353//4511
f 2327//4481 2267//4418 2297//4448
f 2296//4447 2295//4446 2354//4512
f 2328//4482 2296//4447 2355//4513
f 2329//4483 2269//4421 2316//4470
f 2330//4484 2270//4422 2329//4483
f 2356//4514 2297//4448 2330//4484
f 2298//4449 2299//4450 2314//4468
f 2299//4450 2300//4451 2357//4515
f 2300//4451 2303//4454 2358//4516
f 2301//4452 2331//4485 2359//4517
f 2331//4485 2271//4423 2332//4486
f 2303//4454 2301//4452 2360//4518
f 2332//4486 2302//4453 2361//4519
f 2333//4487 2361//4519 2302//4453
f 2313//4467 2273//4425 2334//4488
f 2304//4455 2335//4489 2334//4488
f 2274//4426 2336//4490 2335//4489
f 2336//4490 2275//4427 2362//4520
f 2363//4521 2337//4491 2305//4456
f 2337//4491 2362//4520 2275//4427
f 2348//4506 2305//4456 2320//4474
f 2338//4496 2306//4492 2341//4497
f 2279//4431 2341//4497 2306//4492
f 2308//4462 2309//4463 2343//4501
f 2309//4463 2310//4464 2364//4522
f 2310//4464 2311//4465 2365//4523
f 2311//4465 2312//4466 2366//4524
f 2312//4466 2342//4500 2367//4525
f 2368//4526 2342//4500 2313//4467
f 2333//4487 2281//4433 2343//4501
f 2345//4503 2344//4502 2284//4436
f 2346//4504 2283//4435 2344//4502
f 2357//4515 2345//4503 2314//4468
f 2315//4469 2317//4471 2369//4527
f 2316//4470 2315//4469 2329//4483
f 2317//4471 2346//4504 2370//4528
f 2371//4529 2347//4505 2319//4473
f 2347//4505 2372//4530 2288//4439
f 2348//4506 2288//4439 2372//4530
f 2373//4531 2289//4440 2321//4475
f 2349//4507 2374//4532 2319//4473
f 2289//4440 2373//4531 2349//4507
f 2321//4475 2350//4508 2373//4531
f 2350//4508 2322//4476 2375//4533
f 2351//4509 2375//4533 2322//4476
f 2294//4445 2328//4482 2323//4477
f 2323//4477 2376//4534 2324//4478
f 2324//4478 2377//4535 2325//4479
f 2325//4479 2378//4536 2326//4480
f 2293//4444 2352//4510 2351//4509
f 2326//4480 2379//4537 2352//4510
f 2380//4538 2353//4511 2327//4481
f 2353//4511 2354//4512 2295//4446
f 2297//4448 2356//4514 2327//4481
f 2354//4512 2355//4513 2296//4447
f 2328//4482 2355//4513 2376//4534
f 2329//4483 2369//4527 2330//4484
f 2330//4484 2381//4539 2356//4514
f 2357//4515 2314//4468 2299//4450
f 2358//4516 2357//4515 2300//4451
f 2360//4518 2358//4516 2303//4454
f 2382//4540 2359//4517 2331//4485
f 2359//4517 2360//4518 2301//4452
f 2332//4486 2383//4541 2331//4485
f 2361//4519 2384//4542 2332//4486
f 2361//4519 2333//4487 2385//4543
f 2313//4467 2334//4488 2368//4526
f 2386//4544 2334//4488 2335//4489
f 2387//4545 2335//4489 2336//4490
f 2336//4490 2362//4520 2387//4545
f 2337//4491 2363//4521 2388//4546
f 2363//4521 2305//4456 2372//4530
f 2362//4520 2337//4491 2389//4547
f 2348//4506 2372//4530 2305//4456
f 2364//4522 2343//4501 2309//4463
f 2365//4523 2364//4522 2310//4464
f 2366//4524 2365//4523 2311//4465
f 2367//4525 2366//4524 2312//4466
f 2390//4548 2367//4525 2342//4500
f 2342//4500 2368//4526 2390//4548
f 2343//4501 2385//4543 2333//4487
f 2344//4502 2345//4503 2391//4549
f 2346//4504 2344//4502 2392//4550
f 2345//4503 2357//4515 2393//4551
f 2370//4528 2369//4527 2317//4471
f 2369//4527 2329//4483 2315//4469
f 2392//4550 2370//4528 2346//4504
f 2347//4505 2371//4529 2394//4552
f 2371//4529 2319//4473 2374//4532
f 2372//4530 2347//4505 2395//4553
f 2349//4507 2396//4554 2374//4532
f 2396//4554 2349//4507 2373//4531
f 2397//4555 2373//4531 2350//4508
f 2375//4533 2398//4556 2350//4508
f 2351//4509 2399//4557 2375//4533
f 2376//4534 2323//4477 2328//4482
f 2377//4535 2324//4478 2376//4534
f 2378//4536 2325//4479 2377//4535
f 2379//4537 2326//4480 2378//4536
f 2399//4557 2351//4509 2352//4510
f 2400//4558 2352//4510 2379//4537
f 2353//4511 2380//4538 2401//4559
f 2380//4538 2327//4481 2356//4514
f 2353//4511 2401//4559 2354//4512
f 2355//4513 2354//4512 2402//4560
f 2403//4561 2376//4534 2355//4513
f 2381//4539 2330//4484 2369//4527
f 2404//4562 2356//4514 2381//4539
f 2358//4516 2393//4551 2357//4515
f 2360//4518 2405//4563 2358//4516
f 2382//4540 2406//4564 2359//4517
f 2382//4540 2331//4485 2383//4541
f 2359//4517 2407//4565 2360//4518
f 2383//4541 2332//4486 2384//4542
f 2384//4542 2361//4519 2408//4566
f 2385//4543 2408//4566 2361//4519
f 2409//4567 2368//4526 2334//4488
f 2334//4488 2386//4544 2409//4567
f 2335//4489 2387//4545 2386//4544
f 2410//4568 2387//4545 2362//4520
f 2411//4569 2388//4546 2363//4521
f 2388//4546 2389//4547 2337//4491
f 2363//4521 2372//4530 2411//4569
f 2389//4547 2412//4570 2362//4520
f 2343//4501 2364//4522 2385//4543
f 2364//4522 2365//4523 2413//4571
f 2365//4523 2366//4524 2414//4572
f 2366//4524 2367//4525 2415//4573
f 2367//4525 2390//4548 2416//4574
f 2417//4575 2390//4548 2368//4526
f 2393//4551 2391//4549 2345//4503
f 2391//4549 2392//4550 2344//4502
f 2369//4527 2370//4528 2381//4539
f 2370//4528 2392//4550 2418//4576
f 2419//4577 2394//4552 2371//4529
f 2394//4552 2395//4553 2347//4505
f 2371//4529 2374//4532 2419//4577
f 2395//4553 2411//4569 2372//4530
f 2420//4578 2374//4532 2396//4554
f 2373//4531 2397//4555 2396//4554
f 2397//4555 2350//4508 2398//4556
f 2398//4556 2375//4533 2421//4579
f 2422//4580 2375//4533 2399//4557
f 2376//4534 2403//4561 2377//4535
f 2377//4535 2423//4581 2378//4536
f 2378//4536 2424//4582 2379//4537
f 2352//4510 2400//4558 2399//4557
f 2379//4537 2425//4583 2400//4558
f 2426//4584 2401//4559 2380//4538
f 2356//4514 2404//4562 2380//4538
f 2427//4585 2354//4512 2401//4559
f 2427//4585 2402//4560 2354//4512
f 2355//4513 2402//4560 2403//4561
f 2381//4539 2418//4576 2404//4562
f 2393//4551 2358//4516 2405//4563
f 2405//4563 2360//4518 2407//4565
f 2407//4565 2359//4517 2406//4564
f 2406//4564 2382//4540 2428//4586
f 2383//4541 2428//4586 2382//4540
f 2384//4542 2429//4587 2383//4541
f 2408//4566 2430//4588 2384//4542
f 2385//4543 2413//4571 2408//4566
f 2368//4526 2409//4567 2417//4575
f 2431//4589 2409//4567 2386//4544
f 2432//4590 2386//4544 2387//4545
f 2387//4545 2410//4568 2432//4590
f 2410//4568 2362//4520 2412//4570
f 2388//4546 2411//4569 2433//4591
f 2388//4546 2433//4591 2389//4547
f 2412//4570 2389//4547 2434//4592
f 2413//4571 2385//4543 2364//4522
f 2414//4572 2413//4571 2365//4523
f 2415//4573 2414//4572 2366//4524
f 2416//4574 2415//4573 2367//4525
f 2435//4593 2416//4574 2390//4548
f 2390//4548 2417//4575 2435//4593
f 2391//4549 2393//4551 2436//4594
f 2391//4549 2436//4594 2392//4550
f 2418//4576 2381//4539 2370//4528
f 2437//4595 2418//4576 2392//4550
f 2394//4552 2419//4577 2438//4596
f 2394//4552 2438//4596 2395//4553
f 2439//4597 2419//4577 2374//4532
f 2411//4569 2395//4553 2440//4598
f 2420//4578 2441//4599 2374//4532
f 2396//4554 2442//4600 2420//4578
f 2442//4600 2396//4554 2397//4555
f 2398//4556 2443//4601 2397//4555
f 2422//4580 2421//4579 2375//4533
f 2421//4579 2444//4602 2398//4556
f 2399//4557 2445//4603 2422//4580
f 2423//4581 2377//4535 2403//4561
f 2424//4582 2378//4536 2423//4581
f 2425//4583 2379//4537 2424//4582
f 2445//4603 2399//4557 2400//4558
f 2446//4604 2400//4558 2425//4583
f 2426//4584 2447//4605 2401//4559
f 2426//4584 2380//4538 2404//4562
f 2401//4559 2448//4606 2427//4585
f 2427//4585 2449//4607 2402//4560
f 2450//4608 2403//4561 2402//4560
f 2451//4609 2404//4562 2418//4576
f 2405//4563 2436//4594 2393//4551
f 2407//4565 2452//4610 2405//4563
f 2406//4564 2453//4611 2407//4565
f 2428//4586 2454//4612 2406//4564
f 2428//4586 2383//4541 2429//4587
f 2429//4587 2384//4542 2430//4588
f 2430//4588 2408//4566 2455//4613
f 2456//4614 2408//4566 2413//4571
f 2457//4615 2417//4575 2409//4567
f 2431//4589 2458//4616 2409//4567
f 2386//4544 2432//4590 2431//4589
f 2459//4617 2432//4590 2410//4568
f 2412//4570 2460//4618 2410//4568
f 2440//4598 2433//4591 2411//4569
f 2461//4619 2389//4547 2433//4591
f 2461//4619 2434//4592 2389//4547
f 2434//4592 2462//4620 2412//4570
f 2413//4571 2414//4572 2456//4614
f 2414//4572 2415//4573 2463//4621
f 2415//4573 2416//4574 2464//4622
f 2416//4574 2435//4593 2465//4623
f 2466//4624 2435//4593 2417//4575
f 2437//4595 2392//4550 2436//4594
f 2418//4576 2437//4595 2451//4609
f 2467//4625 2438//4596 2419//4577
f 2468//4626 2395//4553 2438//4596
f 2419//4577 2439//4597 2467//4625
f 2439//4597 2374//4532 2441//4599
f 2468//4626 2440//4598 2395//4553
f 2441//4599 2420//4578 2469//4627
f 2470//4628 2420//4578 2442//4600
f 2442//4600 2397//4555 2443//4601
f 2443//4601 2398//4556 2444//4602
f 2421//4579 2422//4580 2471//4629
f 2444//4602 2421//4579 2472//4630
f 2473//4631 2422//4580 2445//4603
f 2403//4561 2450//4608 2423//4581
f 2423//4581 2474//4632 2424//4582
f 2424//4582 2475//4633 2425//4583
f 2400//4558 2446//4604 2445//4603
f 2425//4583 2476//4634 2446//4604
f 2448//4606 2401//4559 2447//4605
f 2447//4605 2426//4584 2451//4609
f 2404//4562 2451//4609 2426//4584
f 2449//4607 2427//4585 2448//4606
f 2477//4635 2402//4560 2449//4607
f 2402//4560 2477//4635 2450//4608
f 2436//4594 2405//4563 2452//4610
f 2452//4610 2407//4565 2453//4611
f 2453//4611 2406//4564 2454//4612
f 2454//4612 2428//4586 2478//4636
f 2429//4587 2478//4636 2428//4586
f 2430//4588 2479//4637 2429//4587
f 2456//4614 2455//4613 2408//4566
f 2455//4613 2480//4638 2430//4588
f 2417//4575 2457//4615 2466//4624
f 2457//4615 2409//4567 2458//4616
f 2458//4616 2431//4589 2481//4639
f 2482//4640 2431//4589 2432//4590
f 2432//4590 2459//4617 2482//4640
f 2459//4617 2410//4568 2460//4618
f 2460//4618 2412//4570 2462//4620
f 2433//4591 2440//4598 2483//4641
f 2461//4619 2433//4591 2484//4642
f 2434//4592 2461//4619 2485//4643
f 2462//4620 2434//4592 2486//4644
f 2463//4621 2456//4614 2414//4572
f 2464//4622 2463//4621 2415//4573
f 2465//4623 2464//4622 2416//4574
f 2487//4645 2465//4623 2435//4593
f 2435//4593 2466//4624 2487//4645
f 2437//4595 2436//4594 2488//4646
f 2488//4646 2451//4609 2437//4595
f 2438//4596 2467//4625 2489//4647
f 2468//4626 2438//4596 2490//4648
f 2491//4649 2467//4625 2439//4597
f 2441//4599 2492//4650 2439//4597
f 2440//4598 2468//4626 2493//4651
f 2470//4628 2469//4627 2420//4578
f 2469//4627 2494//4652 2441//4599
f 2470//4628 2442//4600 2495//4653
f 2443//4601 2495//4653 2442//4600
f 2444//4602 2496//4654 2443//4601
f 2473//4631 2471//4629 2422//4580
f 2471//4629 2472//4630 2421//4579
f 2472//4630 2497//4655 2444//4602
f 2445//4603 2498//4656 2473//4631
f 2474//4632 2423//4581 2450//4608
f 2475//4633 2424//4582 2474//4632
f 2476//4634 2425//4583 2475//4633
f 2498//4656 2445//4603 2446//4604
f 2499//4657 2446//4604 2476//4634
f 2447//4605 2500//4658 2448//4606
f 2451//4609 2488//4646 2447//4605
f 2448//4606 2501//4659 2449//4607
f 2449//4607 2502//4660 2477//4635
f 2503//4661 2450//4608 2477//4635
f 2452//4610 2488//4646 2436//4594
f 2453//4611 2500//4658 2452//4610
f 2454//4612 2501//4659 2453//4611
f 2478//4636 2502//4660 2454//4612
f 2478//4636 2429//4587 2479//4637
f 2479//4637 2430//4588 2480//4638
f 2455//4613 2456//4614 2504//4662
f 2480//4638 2455//4613 2505//4663
f 2506//4664 2466//4624 2457//4615
f 2458//4616 2507//4665 2457//4615
f 2482//4640 2481//4639 2431//4589
f 2481//4639 2508//4666 2458//4616
f 2509//4667 2482//4640 2459//4617
f 2459//4617 2460//4618 2509//4667
f 2460//4618 2462//4620 2510//4668
f 2493//4651 2483//4641 2440//4598
f 2483//4641 2484//4642 2433//4591
f 2484//4642 2485//4643 2461//4619
f 2485//4643 2486//4644 2434//4592
f 2462//4620 2486//4644 2511//4669
f 2463//4621 2504//4662 2456//4614
f 2464//4622 2512//4670 2463//4621
f 2465//4623 2513//4671 2464//4622
f 2487//4645 2514//4672 2465//4623
f 2515//4673 2487//4645 2466//4624
f 2516//4674 2489//4647 2467//4625
f 2489//4647 2490//4648 2438//4596
f 2490//4648 2493//4651 2468//4626
f 2467//4625 2491//4649 2516//4674
f 2491//4649 2439//4597 2492//4650
f 2492//4650 2441//4599 2494//4652
f 2469//4627 2470//4628 2517//4675
f 2494//4652 2469//4627 2518//4676
f 2495//4653 2517//4675 2470//4628
f 2495//4653 2443//4601 2496//4654
f 2496//4654 2444//4602 2497//4655
f 2471//4629 2473//4631 2519//4677
f 2472//4630 2471//4629 2520//4678
f 2497//4655 2472//4630 2521//4679
f 2522//4680 2473//4631 2498//4656
f 2450//4608 2503//4661 2474//4632
f 2474//4632 2523//4681 2475//4633
f 2475//4633 2524//4682 2476//4634
f 2446//4604 2499//4657 2498//4656
f 2476//4634 2525//4683 2499//4657
f 2501//4659 2448//4606 2500//4658
f 2500//4658 2447//4605 2488//4646
f 2502//4660 2449//4607 2501//4659
f 2526//4684 2477//4635 2502//4660
f 2477//4635 2526//4684 2503//4661
f 2488//4646 2452//4610 2500//4658
f 2500//4658 2453//4611 2501//4659
f 2501//4659 2454//4612 2502//4660
f 2478//4636 2479//4637 2502//4660
f 2480//4638 2527//4685 2479//4637
f 2504//4662 2505//4663 2455//4613
f 2505//4663 2528//4686 2480//4638
f 2466//4624 2506//4664 2515//4673
f 2506//4664 2457//4615 2507//4665
f 2507//4665 2458//4616 2508//4666
f 2481//4639 2482//4640 2529//4687
f 2508//4666 2481//4639 2530//4688
f 2509//4667 2529//4687 2482//4640
f 2510//4668 2509//4667 2460//4618
f 2511//4669 2510//4668 2462//4620
f 2483//4641 2493//4651 2531//4689
f 2484//4642 2483//4641 2532//4690
f 2485//4643 2484//4642 2533//4691
f 2486//4644 2485//4643 2534//4692
f 2535//4693 2511//4669 2486//4644
f 2504//4662 2463//4621 2512//4670
f 2512//4670 2464//4622 2513//4671
f 2513//4671 2465//4623 2514//4672
f 2514//4672 2487//4645 2536//4694
f 2515//4673 2536//4694 2487//4645
f 2489//4647 2516//4674 2537//4695
f 2490//4648 2489//4647 2538//4696
f 2493//4651 2490//4648 2539//4697
f 2540//4698 2516//4674 2491//4649
f 2492//4650 2541//4699 2491//4649
f 2494//4652 2542//4700 2492//4650
f 2517//4675 2518//4676 2469//4627
f 2518//4676 2543//4701 2494//4652
f 2495//4653 2496//4654 2517//4675
f 2496//4654 2497//4655 2544//4702
f 2522//4680 2519//4677 2473//4631
f 2519//4677 2520//4678 2471//4629
f 2520//4678 2521//4679 2472//4630
f 2497//4655 2521//4679 2545//4703
f 2498//4656 2546//4704 2522//4680
f 2523//4681 2474//4632 2503//4661
f 2524//4682 2475//4633 2523//4681
f 2525//4683 2476//4634 2524//4682
f 2546//4704 2498//4656 2499//4657
f 2547//4705 2499//4657 2525//4683
f 2526//4684 2502//4660 2479//4637
f 2527//4685 2503//4661 2526//4684
f 2526//4684 2479//4637 2527//4685
f 2527//4685 2480//4638 2528//4686
f 2505//4663 2504//4662 2548//4706
f 2528//4686 2505//4663 2549//4707
f 2550//4708 2515//4673 2506//4664
f 2507//4665 2551//4709 2506//4664
f 2508//4666 2552//4710 2507//4665
f 2529//4687 2530//4688 2481//4639
f 2530//4688 2553//4711 2508//4666
f 2509//4667 2510//4668 2529//4687
f 2510//4668 2511//4669 2554//4712
f 2539//4697 2531//4689 2493//4651
f 2531//4689 2532//4690 2483//4641
f 2532//4690 2533//4691 2484//4642
f 2533//4691 2534//4692 2485//4643
f 2486//4644 2534//4692 2535//4693
f 2512//4670 2548//4706 2504//4662
f 2513//4671 2555//4713 2512//4670
f 2514//4672 2556//4714 2513//4671
f 2536//4694 2557//4715 2514//4672
f 2536//4694 2515//4673 2558//4716
f 2559//4717 2537//4695 2516//4674
f 2537//4695 2538//4696 2489//4647
f 2538//4696 2539//4697 2490//4648
f 2516//4674 2540//4698 2559//4717
f 2540//4698 2491//4649 2541//4699
f 2541//4699 2492//4650 2542//4700
f 2542//4700 2494//4652 2543//4701
f 2517//4675 2544//4702 2518//4676
f 2544//4702 2517//4675 2496//4654
f 2545//4703 2544//4702 2497//4655
f 2522//4680 2561//4718 2519//4677
f 2520//4678 2519//4677 2562//4719
f 2520//4678 2562//4719 2521//4679
f 2563//4720 2545//4703 2521//4679
f 2561//4718 2522//4680 2546//4704
f 2503//4661 2527//4685 2523//4681
f 2523//4681 2528//4686 2524//4682
f 2524//4682 2549//4707 2525//4683
f 2499//4657 2547//4705 2546//4704
f 2525//4683 2564//4721 2547//4705
f 2528//4686 2523//4681 2527//4685
f 2548//4706 2549//4707 2505//4663
f 2549//4707 2524//4682 2528//4686
f 2550//4708 2558//4716 2515//4673
f 2550//4708 2506//4664 2551//4709
f 2551//4709 2507//4665 2552//4710
f 2552//4710 2508//4666 2553//4711
f 2529//4687 2554//4712 2530//4688
f 2530//4688 2565//4722 2553//4711
f 2554//4712 2529//4687 2510//4668
f 2566//4723 2554//4712 2511//4669
f 2539//4697 2567//4724 2531//4689
f 2532//4690 2531//4689 2568//4725
f 2533//4691 2532//4690 2569//4726
f 2534//4692 2533//4691 2570//4727
f 2571//4728 2535//4693 2534//4692
f 2548//4706 2512//4670 2555//4713
f 2555//4713 2513//4671 2556//4714
f 2556//4714 2514//4672 2557//4715
f 2557//4715 2536//4694 2572//4729
f 2558//4716 2572//4729 2536//4694
f 2559//4717 2573//4730 2537//4695
f 2538//4696 2537//4695 2574//4731
f 2539//4697 2538//4696 2567//4724
f 2575//4732 2559//4717 2540//4698
f 2541//4699 2576//4733 2540//4698
f 2542//4700 2577//4734 2541//4699
f 2543//4701 2578//4735 2542//4700
f 2560//4736 2518//4676 2544//4702
f 2579//4737 2543//4701 2560//4736
f 2518//4676 2560//4736 2543//4701
f 2544//4702 2545//4703 2560//4736
f 2580//4738 2519//4677 2561//4718
f 2580//4738 2562//4719 2519//4677
f 2581//4739 2521//4679 2562//4719
f 2545//4703 2563//4720 2582//4740
f 2521//4679 2581//4739 2563//4720
f 2546//4704 2583//4741 2561//4718
f 2564//4721 2525//4683 2549//4707
f 2583//4741 2546//4704 2547//4705
f 2584//4742 2547//4705 2564//4721
f 2549//4707 2548//4706 2564//4721
f 2558//4716 2550//4708 2585//4743
f 2551//4709 2585//4743 2550//4708
f 2552//4710 2586//4744 2551//4709
f 2552//4710 2553//4711 2586//4744
f 2565//4722 2530//4688 2554//4712
f 2587//4745 2553//4711 2565//4722
f 2554//4712 2566//4723 2565//4722
f 2511//4669 2535//4693 2566//4723
f 2588//4746 2531//4689 2567//4724
f 2588//4746 2568//4725 2531//4689
f 2568//4725 2569//4726 2532//4690
f 2569//4726 2570//4727 2533//4691
f 2534//4692 2570//4727 2571//4728
f 2535//4693 2571//4728 2589//4747
f 2555//4713 2564//4721 2548//4706
f 2556//4714 2584//4742 2555//4713
f 2557//4715 2590//4748 2556//4714
f 2572//4729 2591//4749 2557//4715
f 2558//4716 2585//4743 2572//4729
f 2592//4750 2537//4695 2573//4730
f 2592//4750 2574//4731 2537//4695
f 2574//4731 2567//4724 2538//4696
f 2559//4717 2575//4732 2573//4730
f 2575//4732 2540//4698 2576//4733
f 2576//4733 2541//4699 2577//4734
f 2577//4734 2542//4700 2578//4735
f 2543//4701 2579//4737 2578//4735
f 2560//4736 2582//4740 2579//4737
f 2582//4740 2560//4736 2545//4703
f 2561//4718 2593//4751 2580//4738
f 2580//4738 2594//4752 2562//4719
f 2562//4719 2595//4753 2581//4739
f 2596//4754 2582//4740 2563//4720
f 2597//4755 2563//4720 2581//4739
f 2593//4751 2561//4718 2583//4741
f 2547//4705 2584//4742 2583//4741
f 2564//4721 2555//4713 2584//4742
f 2585//4743 2551//4709 2586//4744
f 2598//4756 2586//4744 2553//4711
f 2587//4745 2599//4757 2553//4711
f 2565//4722 2600//4758 2587//4745
f 2600//4758 2565//4722 2566//4723
f 2589//4747 2566//4723 2535//4693
f 2588//4746 2567//4724 2601//4759
f 2568//4725 2588//4746 2602//4760
f 2569//4726 2568//4725 2603//4761
f 2570//4727 2569//4726 2604//4762
f 2605//4763 2571//4728 2570//4727
f 2606//4764 2589//4747 2571//4728
f 2584//4742 2556//4714 2590//4748
f 2590//4748 2557//4715 2591//4749
f 2591//4749 2572//4729 2607//4765
f 2608//4766 2572//4729 2585//4743
f 2592//4750 2573//4730 2609//4767
f 2610//4768 2573//4730 2575//4732
f 2574//4731 2592//4750 2611//4769
f 2567//4724 2574//4731 2612//4770
f 2576//4733 2613//4771 2575//4732
f 2577//4734 2614//4772 2576//4733
f 2578//4735 2615//4773 2577//4734
f 2616//4774 2578//4735 2579//4737
f 2617//4775 2579//4737 2582//4740
f 2594//4752 2580//4738 2593//4751
f 2595//4753 2562//4719 2594//4752
f 2618//4776 2581//4739 2595//4753
f 2582//4740 2596//4754 2617//4775
f 2596//4754 2563//4720 2619//4777
f 2597//4755 2619//4777 2563//4720
f 2581//4739 2618//4776 2597//4755
f 2583//4741 2590//4748 2593//4751
f 2590//4748 2583//4741 2584//4742
f 2586//4744 2620//4778 2585//4743
f 2598//4756 2621//4779 2586//4744
f 2598//4756 2553//4711 2599//4757
f 2587//4745 2622//4780 2599//4757
f 2622//4780 2587//4745 2600//4758
f 2566//4723 2589//4747 2600//4758
f 2612//4770 2601//4759 2567//4724
f 2601//4759 2602//4760 2588//4746
f 2602//4760 2603//4761 2568//4725
f 2603//4761 2604//4762 2569//4726
f 2570//4727 2604//4762 2605//4763
f 2571//4728 2605//4763 2606//4764
f 2589//4747 2606//4764 2623//4781
f 2591//4749 2593//4751 2590//4748
f 2608//4766 2607//4765 2572//4729
f 2607//4765 2594//4752 2591//4749
f 2608//4766 2585//4743 2620//4778
f 2624//4782 2609//4767 2573//4730
f 2609//4767 2611//4769 2592//4750
f 2573//4730 2610//4768 2624//4782
f 2610//4768 2575//4732 2613//4771
f 2611//4769 2612//4770 2574//4731
f 2613//4771 2576//4733 2614//4772
f 2614//4772 2577//4734 2615//4773
f 2578//4735 2616//4774 2615//4773
f 2579//4737 2617//4775 2616//4774
f 2593//4751 2591//4749 2594//4752
f 2594//4752 2607//4765 2595//4753
f 2595//4753 2625//4783 2618//4776
f 2626//4784 2617//4775 2596//4754
f 2596//4754 2619//4777 2626//4784
f 2597//4755 2627//4785 2619//4777
f 2627//4785 2597//4755 2618//4776
f 2620//4778 2586//4744 2621//4779
f 2621//4779 2598//4756 2628//4786
f 2599//4757 2628//4786 2598//4756
f 2629//4787 2599//4757 2622//4780
f 2600//4758 2623//4781 2622//4780
f 2623//4781 2600//4758 2589//4747
f 2601//4759 2612//4770 2630//4788
f 2602//4760 2601//4759 2631//4789
f 2603//4761 2602//4760 2632//4790
f 2604//4762 2603//4761 2633//4791
f 2634//4792 2605//4763 2604//4762
f 2635//4793 2606//4764 2605//4763
f 2636//4794 2623//4781 2606//4764
f 2607//4765 2608//4766 2625//4783
f 2620//4778 2625//4783 2608//4766
f 2609//4767 2624//4782 2637//4795
f 2611//4769 2609//4767 2638//4796
f 2639//4797 2624//4782 2610//4768
f 2613//4771 2640//4798 2610//4768
f 2612//4770 2611//4769 2641//4799
f 2614//4772 2642//4800 2613//4771
f 2615//4773 2643//4801 2614//4772
f 2644//4802 2615//4773 2616//4774
f 2645//4803 2616//4774 2617//4775
f 2625//4783 2595//4753 2607//4765
f 2646//4804 2618//4776 2625//4783
f 2617//4775 2626//4784 2645//4803
f 2647//4805 2626//4784 2619//4777
f 2648//4806 2619//4777 2627//4785
f 2618//4776 2646//4804 2627//4785
f 2621//4779 2646//4804 2620//4778
f 2628//4786 2599//4757 2649//4807
f 2629//4787 2649//4807 2599//4757
f 2629//4787 2622//4780 2650//4808
f 2651//4809 2622//4780 2623//4781
f 2641//4799 2630//4788 2612//4770
f 2630//4788 2631//4789 2601//4759
f 2631//4789 2632//4790 2602//4760
f 2632//4790 2633//4791 2603//4761
f 2604//4762 2633//4791 2634//4792
f 2605//4763 2634//4792 2635//4793
f 2606//4764 2635//4793 2636//4794
f 2623//4781 2636//4794 2651//4809
f 2625//4783 2620//4778 2646//4804
f 2652//4810 2637//4795 2624//4782
f 2637//4795 2638//4796 2609//4767
f 2638//4796 2641//4799 2611//4769
f 2624//4782 2639//4797 2652//4810
f 2639//4797 2610//4768 2640//4798
f 2640//4798 2613//4771 2642//4800
f 2642//4800 2614//4772 2643//4801
f 2615//4773 2644//4802 2643//4801
f 2616//4774 2645//4803 2644//4802
f 2653//4811 2645//4803 2626//4784
f 2626//4784 2647//4805 2653//4811
f 2619//4777 2648//4806 2647//4805
f 2627//4785 2654//4812 2648//4806
f 2654//4812 2627//4785 2646//4804
f 2646//4804 2621//4779 2654//4812
f 2628//4786 2649//4807 2654//4812
f 2649//4807 2629//4787 2655//4813
f 2651//4809 2650//4808 2622//4780
f 2650//4808 2655//4813 2629//4787
f 2630//4788 2641//4799 2656//4814
f 2630//4788 2656//4814 2631//4789
f 2631//4789 2657//4815 2632//4790
f 2632//4790 2658//4816 2633//4791
f 2659//4817 2634//4792 2633//4791
f 2660//4818 2635//4793 2634//4792
f 2661//4819 2636//4794 2635//4793
f 2662//4820 2651//4809 2636//4794
f 2637//4795 2652//4810 2663//4821
f 2638//4796 2637//4795 2664//4822
f 2641//4799 2638//4796 2665//4823
f 2666//4824 2652//4810 2639//4797
f 2640//4798 2667//4825 2639//4797
f 2642//4800 2668//4826 2640//4798
f 2643//4801 2669//4827 2642//4800
f 2670//4828 2643//4801 2644//4802
f 2671//4829 2644//4802 2645//4803
f 2645//4803 2653//4811 2671//4829
f 2672//4830 2653//4811 2647//4805
f 2673//4831 2647//4805 2648//4806
f 2674//4832 2648//4806 2654//4812
f 2628//4786 2654//4812 2621//4779
f 2674//4832 2654//4812 2649//4807
f 2655//4813 2675//4833 2649//4807
f 2650//4808 2651//4809 2676//4834
f 2655//4813 2650//4808 2677//4835
f 2665//4823 2656//4814 2641//4799
f 2657//4815 2631//4789 2656//4814
f 2658//4816 2632//4790 2657//4815
f 2678//4836 2633//4791 2658//4816
f 2634//4792 2659//4817 2660//4818
f 2633//4791 2678//4836 2659//4817
f 2635//4793 2660//4818 2661//4819
f 2636//4794 2661//4819 2662//4820
f 2662//4820 2676//4834 2651//4809
f 2679//4837 2663//4821 2652//4810
f 2663//4821 2664//4822 2637//4795
f 2664//4822 2665//4823 2638//4796
f 2652//4810 2666//4824 2679//4837
f 2666//4824 2639//4797 2667//4825
f 2667//4825 2640//4798 2668//4826
f 2668//4826 2642//4800 2669//4827
f 2643//4801 2670//4828 2669//4827
f 2644//4802 2671//4829 2670//4828
f 2680//4838 2671//4829 2653//4811
f 2653//4811 2672//4830 2680//4838
f 2648//4806 2674//4832 2673//4831
f 2674//4832 2649//4807 2675//4833
f 2675//4833 2655//4813 2681//4839
f 2676//4834 2677//4835 2650//4808
f 2677//4835 2681//4839 2655//4813
f 2656//4814 2665//4823 2682//4840
f 2657//4815 2656//4814 2683//4841
f 2657//4815 2683//4841 2658//4816
f 2658//4816 2684//4842 2678//4836
f 2685//4843 2660//4818 2659//4817
f 2686//4844 2659//4817 2678//4836
f 2687//4845 2661//4819 2660//4818
f 2688//4846 2662//4820 2661//4819
f 2676//4834 2662//4820 2689//4847
f 2663//4821 2679//4837 2690//4848
f 2664//4822 2663//4821 2691//4849
f 2665//4823 2664//4822 2692//4850
f 2693//4851 2679//4837 2666//4824
f 2666//4824 2667//4825 2693//4851
f 2667//4825 2668//4826 2694//4852
f 2669//4827 2695//4853 2668//4826
f 2696//4854 2669//4827 2670//4828
f 2697//4855 2670//4828 2671//4829
f 2671//4829 2680//4838 2697//4855
f 2698//4856 2680//4838 2672//4830
f 2699//4857 2672//4830 2673//4831
f 2647//4805 2673//4831 2672//4830
f 2675//4833 2673//4831 2674//4832
f 2681//4839 2699//4857 2675//4833
f 2676//4834 2689//4847 2677//4835
f 2681//4839 2677//4835 2700//4858
f 2692//4850 2682//4840 2665//4823
f 2682//4840 2683//4841 2656//4814
f 2684//4842 2658//4816 2683//4841
f 2701//4859 2678//4836 2684//4842
f 2660//4818 2685//4843 2687//4845
f 2685//4843 2659//4817 2702//4860
f 2686//4844 2702//4860 2659//4817
f 2678//4836 2701//4859 2686//4844
f 2661//4819 2687//4845 2688//4846
f 2688//4846 2689//4847 2662//4820
f 2703//4861 2690//4848 2679//4837
f 2690//4848 2691//4849 2663//4821
f 2691//4849 2692//4850 2664//4822
f 2679//4837 2693//4851 2703//4861
f 2694//4852 2693//4851 2667//4825
f 2704//4862 2694//4852 2668//4826
f 2704//4862 2668//4826 2695//4853
f 2696//4854 2705//4863 2669//4827
f 2670//4828 2697//4855 2696//4854
f 2706//4864 2697//4855 2680//4838
f 2680//4838 2698//4856 2706//4864
f 2672//4830 2699//4857 2698//4856
f 2673//4831 2675//4833 2699//4857
f 2681//4839 2700//4858 2699//4857
f 2707//4865 2677//4835 2689//4847
f 2707//4865 2700//4858 2677//4835
f 2682//4840 2692//4850 2708//4866
f 2683//4841 2682//4840 2709//4867
f 2683//4841 2709//4867 2684//4842
f 2684//4842 2710//4868 2701//4859
f 2711//4869 2687//4845 2685//4843
f 2702//4860 2712//4870 2685//4843
f 2702//4860 2686//4844 2713//4871
f 2714//4872 2686//4844 2701//4859
f 2715//4873 2688//4846 2687//4845
f 2689//4847 2688//4846 2716//4874
f 2690//4848 2703//4861 2717//4875
f 2691//4849 2690//4848 2718//4876
f 2692//4850 2691//4849 2719//4877
f 2720//4878 2703//4861 2693//4851
f 2693//4851 2694//4852 2720//4878
f 2694//4852 2704//4862 2721//4879
f 2695//4853 2722//4880 2704//4862
f 2695//4853 2669//4827 2705//4863
f 2705//4863 2696//4854 2723//4881
f 2724//4882 2696//4854 2697//4855
f 2697//4855 2706//4864 2724//4882
f 2725//4883 2706//4864 2698//4856
f 2726//4884 2698//4856 2699//4857
f 2726//4884 2699//4857 2700//4858
f 2707//4865 2689//4847 2727//4885
f 2700//4858 2707//4865 2728//4886
f 2719//4877 2708//4866 2692//4850
f 2708//4866 2709//4867 2682//4840
f 2710//4868 2684//4842 2709//4867
f 2729//4887 2701//4859 2710//4868
f 2687//4845 2711//4869 2715//4873
f 2711//4869 2685//4843 2712//4870
f 2712//4870 2702//4860 2730//4888
f 2714//4872 2713//4871 2686//4844
f 2713//4871 2730//4888 2702//4860
f 2701//4859 2729//4887 2714//4872
f 2715//4873 2716//4874 2688//4846
f 2716//4874 2727//4885 2689//4847
f 2731//4889 2717//4875 2703//4861
f 2717//4875 2718//4876 2690//4848
f 2718//4876 2719//4877 2691//4849
f 2703//4861 2720//4878 2731//4889
f 2721//4879 2720//4878 2694//4852
f 2732//4890 2721//4879 2704//4862
f 2732//4890 2704//4862 2722//4880
f 2722//4880 2695//4853 2733//4891
f 2705//4863 2733//4891 2695//4853
f 2724//4882 2723//4881 2696//4854
f 2723//4881 2734//4892 2705//4863
f 2735//4893 2724//4882 2706//4864
f 2706//4864 2725//4883 2735//4893
f 2698//4856 2726//4884 2725//4883
f 2726//4884 2700//4858 2736//4894
f 2727//4885 2728//4886 2707//4865
f 2728//4886 2736//4894 2700//4858
f 2708//4866 2719//4877 2737//4895
f 2709//4867 2708//4866 2738//4896
f 2710//4868 2709//4867 2739//4897
f 2729//4887 2710//4868 2740//4898
f 2741//4899 2715//4873 2711//4869
f 2712//4870 2742//4900 2711//4869
f 2730//4888 2743//4901 2712//4870
f 2713//4871 2714//4872 2744//4902
f 2730//4888 2713//4871 2745//4903
f 2746//4904 2714//4872 2729//4887
f 2716//4874 2715//4873 2747//4905
f 2727//4885 2716//4874 2748//4906
f 2717//4875 2731//4889 2749//4907
f 2718//4876 2717//4875 2750//4908
f 2719//4877 2718//4876 2751//4909
f 2752//4910 2731//4889 2720//4878
f 2720//4878 2721//4879 2752//4910
f 2721//4879 2732//4890 2753//4911
f 2722//4880 2754//4912 2732//4890
f 2733//4891 2755//4913 2722//4880
f 2733//4891 2705//4863 2734//4892
f 2723//4881 2724//4882 2756//4914
f 2734//4892 2723//4881 2757//4915
f 2735//4893 2756//4914 2724//4882
f 2758//4916 2735//4893 2725//4883
f 2736//4894 2725//4883 2726//4884
f 2728//4886 2727//4885 2759//4917
f 2736//4894 2728//4886 2760//4918
f 2751//4909 2737//4895 2719//4877
f 2737//4895 2738//4896 2708//4866
f 2738//4896 2739//4897 2709//4867
f 2739//4897 2740//4898 2710//4868
f 2729//4887 2740//4898 2746//4904
f 2741//4899 2747//4905 2715//4873
f 2741//4899 2711//4869 2742//4900
f 2742//4900 2712//4870 2743//4901
f 2743//4901 2730//4888 2761//4919
f 2746//4904 2744//4902 2714//4872
f 2744//4902 2745//4903 2713//4871
f 2745//4903 2761//4919 2730//4888
f 2747//4905 2748//4906 2716//4874
f 2748//4906 2759//4917 2727//4885
f 2762//4920 2749//4907 2731//4889
f 2749//4907 2750//4908 2717//4875
f 2750//4908 2751//4909 2718//4876
f 2731//4889 2752//4910 2762//4920
f 2753//4911 2752//4910 2721//4879
f 2763//4921 2753//4911 2732//4890
f 2763//4921 2732//4890 2754//4912
f 2754//4912 2722//4880 2755//4913
f 2755//4913 2733//4891 2764//4922
f 2734//4892 2764//4922 2733//4891
f 2756//4914 2757//4915 2723//4881
f 2757//4915 2765//4923 2734//4892
f 2735//4893 2758//4916 2756//4914
f 2725//4883 2736//4894 2758//4916
f 2759//4917 2760//4918 2728//4886
f 2760//4918 2758//4916 2736//4894
f 2737//30 2751//30 2766//30
f 2738//30 2737//30 2767//30
f 2739//30 2738//30 2768//30
f 2740//30 2739//30 2769//30
f 2770//4924 2746//4904 2740//4898
f 2747//4905 2741//4899 2771//4925
f 2742//4900 2771//4925 2741//4899
f 2743//4901 2772//4926 2742//4900
f 2761//4919 2773//4927 2743//4901
f 2746//4904 2770//4924 2744//4902
f 2744//4902 2769//4928 2745//4903
f 2745//4903 2774//4929 2761//4919
f 2748//4906 2747//4905 2775//4930
f 2748//4906 2775//4930 2759//4917
f 2749//30 2762//30 2776//30
f 2750//30 2749//30 2777//30
f 2751//30 2750//30 2778//30
f 2779//4931 2762//4920 2752//4910
f 2753//4911 2780//4932 2752//4910
f 2763//4921 2781//4933 2753//4911
f 2754//4912 2782//4934 2763//4921
f 2754//4912 2755//4913 2782//4934
f 2755//4913 2764//4922 2783//4935
f 2764//4922 2734//4892 2765//4923
f 2756//4914 2784//4936 2757//4915
f 2757//4915 2785//4937 2765//4923
f 2784//4936 2756//4914 2758//4916
f 2760//4918 2759//4917 2786//4938
f 2760//4918 2786//4938 2758//4916
f 2766//30 2751//30 2778//30
f 2787//30 2737//30 2766//30
f 2767//30 2737//30 2788//30
f 2789//30 2738//30 2767//30
f 2791//30 2739//30 2768//30
f 2768//30 2738//30 2790//30
f 2769//30 2739//30 2774//30
f 2770//30 2740//30 2769//30
f 2771//4925 2775//4930 2747//4905
f 2771//4925 2742//4900 2772//4926
f 2772//4926 2743//4901 2773//4927
f 2773//4927 2761//4919 2766//4939
f 2769//4928 2744//4902 2770//4924
f 2774//4929 2745//4903 2769//4928
f 2792//4940 2761//4919 2774//4929
f 2793//4941 2759//4917 2775//4930
f 2776//30 2762//30 2794//30
f 2777//30 2749//30 2776//30
f 2778//30 2750//30 2777//30
f 2762//30 2779//30 2795//30
f 2779//4931 2752//4910 2780//4932
f 2780//4932 2753//4911 2781//4933
f 2781//4933 2763//4921 2782//4934
f 2783//4935 2782//4934 2755//4913
f 2796//4942 2783//4935 2764//4922
f 2764//4922 2765//4923 2796//4942
f 2785//4937 2757//4915 2784//4936
f 2797//4943 2765//4923 2785//4937
f 2784//4936 2758//4916 2786//4938
f 2793//4941 2786//4938 2759//4917
f 2766//4939 2778//4944 2773//4927
f 2798//30 2737//30 2787//30
f 2799//30 2787//30 2766//30
f 2788//30 2737//30 2800//30
f 2767//4945 2788//4946 2801//4945
f 2790//30 2738//30 2789//30
f 2789//4947 2767//4945 2802//4947
f 2768//4948 2805//4948 2791//4949
f 2774//30 2739//30 2804//30
f 2775//4930 2771//4925 2806//4950
f 2772//4926 2806//4950 2771//4925
f 2773//4927 2807//4951 2772//4926
f 2792//4940 2766//4939 2761//4919
f 2774//30 2808//30 2792//30
f 2793//4941 2775//4930 2809//4952
f 2794//30 2762//30 2810//30
f 2776//4953 2794//4954 2811//4955
f 2777//4956 2776//4953 2812//4957
f 2778//4944 2777//4956 2807//4951
f 2795//30 2779//30 2813//30
f 2814//30 2762//30 2795//30
f 2780//30 2781//30 2796//30
f 2782//30 2783//30 2781//30
f 2796//30 2781//30 2783//30
f 2815//4958 2796//4942 2765//4923
f 2784//4936 2786//4938 2785//4937
f 2765//4923 2797//4943 2815//4958
f 2785//4937 2816//4959 2797//4943
f 2786//4938 2793//4941 2816//4959
f 2807//4951 2773//4927 2778//4944
f 2798//30 2817//30 2737//30
f 2798//30 2787//30 2818//30
f 2799//4960 2819//4960 2787//4961
f 2820//30 2799//30 2766//30
f 2800//30 2737//30 2821//30
f 2788//4946 2800//4962 2822//4946
f 2822//4946 2801//4945 2788//4946
f 2801//4945 2802//4947 2767//4945
f 2790//4963 2789//4947 2803//4963
f 2802//4947 2803//4963 2789//4947
f 2805//4948 2768//4948 2803//4963
f 2790//4963 2803//4963 2768//4948
f 2804//30 2739//30 2791//30
f 2791//4949 2823//4949 2804//4964
f 2823//4949 2791//4949 2805//4948
f 2804//30 2824//30 2774//30
f 2806//4950 2809//4952 2775//4930
f 2806//4950 2772//4926 2807//4951
f 2792//30 2825//30 2766//30
f 2808//30 2826//30 2792//30
f 2827//30 2808//30 2774//30
f 2809//4952 2816//4959 2793//4941
f 2810//30 2762//30 2828//30
f 2810//30 2829//30 2794//30
f 2797//4943 2811//4955 2794//4954
f 2811//4955 2812//4957 2776//4953
f 2812//4957 2807//4951 2777//4956
f 2813//30 2779//30 2830//30
f 2795//4965 2813//4966 2831//4965
f 2832//30 2762//30 2814//30
f 2814//4967 2795//4965 2833//4967
f 2834//30 2780//30 2796//30
f 2815//30 2835//30 2796//30
f 2816//4959 2785//4937 2786//4938
f 2794//4954 2815//4958 2797//4943
f 2811//4955 2797//4943 2816//4959
f 2836//30 2737//30 2817//30
f 2798//4968 2837//4968 2817//4969
f 2838//30 2818//30 2787//30
f 2818//4970 2839//4970 2798//4968
f 2840//4961 2787//4961 2819//4960
f 2819//4960 2799//4960 2841//4971
f 2842//30 2820//30 2766//30
f 2821//30 2737//30 2843//30
f 2800//4962 2821//4972 2844//4962
f 2844//4962 2822//4946 2800//4962
f 2801//30 2822//30 2845//30
f 2802//30 2801//30 2846//30
f 2803//30 2802//30 2847//30
f 2805//30 2803//30 2848//30
f 2849//4964 2804//4964 2823//4949
f 2823//30 2805//30 2850//30
f 2824//30 2827//30 2774//30
f 2804//30 2851//30 2824//30
f 2809//4952 2806//4950 2812//4957
f 2807//4951 2812//4957 2806//4950
f 2825//30 2852//30 2766//30
f 2853//30 2825//30 2792//30
f 2826//30 2853//30 2792//30
f 2826//4973 2808//4974 2854//4973
f 2808//4974 2827//4975 2855//4974
f 2816//4959 2809//4952 2811//4955
f 2828//30 2762//30 2856//30
f 2829//30 2858//30 2794//30
f 2810//30 2859//30 2829//30
f 2812//4957 2811//4955 2809//4952
f 2779//30 2780//30 2830//30
f 2813//4966 2830//4976 2860//4966
f 2860//4966 2831//4965 2813//4966
f 2831//4965 2833//4967 2795//4965
f 2861//30 2762//30 2832//30
f 2832//4977 2814//4967 2862//4977
f 2833//4967 2862//4977 2814//4967
f 2863//30 2780//30 2834//30
f 2835//30 2834//30 2796//30
f 2864//30 2835//30 2815//30
f 2794//30 2865//30 2815//30
f 2866//30 2737//30 2836//30
f 2843//30 2737//30 2866//30
f 2836//4978 2817//4969 2867//4978
f 2868//4969 2817//4969 2837//4968
f 2837//4968 2798//4968 2839//4970
f 2869//30 2818//30 2838//30
f 2787//4961 2840//4961 2838//4979
f 2839//4970 2818//4970 2870//4980
f 2840//30 2819//30 2871//30
f 2820//4971 2841//4971 2799//4960
f 2841//30 2872//30 2819//30
f 2873//30 2820//30 2842//30
f 2874//30 2842//30 2766//30
f 2821//4972 2843//4981 2876//4972
f 2876//4972 2844//4962 2821//4972
f 2822//30 2844//30 2877//30
f 2845//30 2822//30 2877//30
f 2846//30 2801//30 2845//30
f 2847//30 2802//30 2846//30
f 2848//30 2803//30 2878//30
f 2850//30 2805//30 2848//30
f 2849//4964 2879//4982 2804//4964
f 2849//30 2823//30 2879//30
f 2879//30 2823//30 2850//30
f 2827//4975 2824//4983 2880//4975
f 2824//30 2851//30 2881//30
f 2851//4982 2804//4964 2879//4982
f 2852//30 2882//30 2766//30
f 2825//4984 2853//4985 2884//4984
f 2853//4985 2826//4973 2885//4985
f 2855//4974 2854//4973 2808//4974
f 2854//4973 2885//4985 2826//4973
f 2880//4975 2855//4974 2827//4975
f 2856//30 2762//30 2886//30
f 2856//4986 2887//4986 2828//4987
f 2810//4988 2828//4987 2857//4988
f 2888//4987 2857//4988 2828//4987
f 2857//4988 2889//4989 2810//4988
f 2858//30 2890//30 2794//30
f 2858//4990 2829//4991 2891//4990
f 2829//30 2859//30 2892//30
f 2863//30 2830//30 2780//30
f 2893//4976 2860//4966 2830//4976
f 2831//30 2860//30 2894//30
f 2833//30 2831//30 2895//30
f 2896//30 2762//30 2861//30
f 2861//4992 2832//4977 2897//4992
f 2862//4977 2897//4992 2832//4977
f 2862//30 2833//30 2898//30
f 2863//30 2834//30 2899//30
f 2835//4993 2900//4993 2834//4994
f 2865//30 2864//30 2815//30
f 2901//30 2865//30 2794//30
f 2866//4995 2836//4978 2902//4995
f 2843//4981 2866//4995 2903//4981
f 2868//4969 2867//4978 2817//4969
f 2867//4978 2902//4995 2836//4978
f 2837//30 2839//30 2868//30
f 2904//30 2818//30 2869//30
f 2869//4996 2838//4979 2872//4996
f 2871//4979 2838//4979 2840//4961
f 2904//4980 2870//4980 2818//4970
f 2870//30 2867//30 2839//30
f 2872//30 2871//30 2819//30
f 2841//4971 2820//4971 2905//4997
f 2906//30 2872//30 2841//30
f 2842//4998 2874//4999 2875//4998
f 2882//30 2874//30 2766//30
f 2842//4998 2875//4998 2873//4997
f 2905//4997 2873//4997 2875//4998
f 2873//4997 2905//4997 2820//4971
f 2903//4981 2876//4972 2843//4981
f 2844//30 2876//30 2907//30
f 2877//30 2844//30 2907//30
f 2845//5000 2877//5001 2908//5000
f 2846//5002 2845//5000 2909//5002
f 2847//5003 2846//5002 2910//5003
f 2878//30 2803//30 2847//30
f 2878//5004 2847//5003 2911//5004
f 2848//5005 2878//5004 2912//5005
f 2850//5006 2848//5005 2913//5006
f 2914//4983 2880//4975 2824//4983
f 2851//30 2913//30 2881//30
f 2881//5007 2915//5007 2824//4983
f 2884//4984 2883//5008 2825//4984
f 2852//5008 2825//4984 2883//5008
f 2883//5008 2916//5009 2852//5008
f 2885//4985 2884//4984 2853//4985
f 2855//30 2917//30 2854//30
f 2854//30 2918//30 2885//30
f 2880//30 2915//30 2855//30
f 2920//30 2762//30 2919//30
f 2886//30 2762//30 2920//30
f 2888//4987 2828//4987 2887//4986
f 2887//4986 2856//4986 2921//5010
f 2857//30 2888//30 2889//30
f 2859//4989 2810//4988 2889//4989
f 2890//30 2922//30 2794//30
f 2890//5011 2858//4990 2923//5011
f 2924//4991 2891//4990 2829//4991
f 2891//4990 2923//5011 2858//4990
f 2859//30 2925//30 2892//30
f 2892//5012 2926//5012 2829//4991
f 2830//4976 2863//5013 2893//4976
f 2860//30 2893//30 2927//30
f 2894//30 2860//30 2927//30
f 2895//30 2831//30 2894//30
f 2928//30 2833//30 2895//30
f 2919//30 2762//30 2896//30
f 2896//5014 2861//4992 2929//5014
f 2897//4992 2929//5014 2861//4992
f 2897//30 2862//30 2930//30
f 2898//30 2833//30 2928//30
f 2930//30 2862//30 2898//30
f 2931//30 2899//30 2834//30
f 2899//5015 2932//5015 2863//5013
f 2933//4994 2834//4994 2900//4993
f 2900//4993 2835//4993 2934//5016
f 2865//5017 2901//5018 2935//5017
f 2936//30 2901//30 2794//30
f 2902//4995 2903//4981 2866//4995
f 2867//30 2868//30 2839//30
f 2903//30 2902//30 2937//30
f 2938//30 2904//30 2869//30
f 2871//4979 2872//4996 2838//4979
f 2872//4996 2906//5019 2869//4996
f 2870//4980 2904//4980 2937//5020
f 2902//30 2867//30 2870//30
f 2937//30 2902//30 2870//30
f 2875//30 2906//30 2905//30
f 2905//30 2906//30 2841//30
f 2939//4999 2875//4998 2874//4999
f 2874//4999 2882//5009 2939//4999
f 2876//30 2903//30 2937//30
f 2907//30 2876//30 2937//30
f 2877//5001 2907//5021 2940//5001
f 2940//5001 2908//5000 2877//5001
f 2908//5000 2909//5002 2845//5000
f 2909//5002 2910//5003 2846//5002
f 2910//5003 2911//5004 2847//5003
f 2911//5004 2912//5005 2878//5004
f 2912//5005 2913//5006 2848//5005
f 2913//5006 2851//4982 2850//5006
f 2879//4982 2850//5006 2851//4982
f 2914//30 2915//30 2880//30
f 2914//4983 2824//4983 2915//5007
f 2881//30 2913//30 2941//30
f 2915//5007 2881//5007 2917//5022
f 2884//30 2942//30 2883//30
f 2882//5009 2852//5008 2916//5009
f 2883//30 2943//30 2916//30
f 2885//30 2944//30 2884//30
f 2917//30 2945//30 2854//30
f 2915//30 2917//30 2855//30
f 2918//30 2944//30 2885//30
f 2945//30 2918//30 2854//30
f 2920//5023 2919//5024 2946//5023
f 2920//5023 2946//5023 2886//5010
f 2921//5010 2886//5010 2946//5023
f 2886//5010 2921//5010 2856//4986
f 2888//30 2887//30 2889//30
f 2887//30 2921//30 2947//30
f 2889//4989 2947//5025 2859//4989
f 2922//30 2948//30 2794//30
f 2922//5026 2890//5011 2949//5026
f 2923//5011 2949//5026 2890//5011
f 2924//30 2926//30 2891//30
f 2924//4991 2829//4991 2926//5012
f 2891//30 2926//30 2923//30
f 2892//30 2925//30 2951//30
f 2925//5025 2859//4989 2947//5025
f 2926//5012 2892//5012 2952//5027
f 2953//5013 2893//4976 2863//5013
f 2927//30 2893//30 2932//30
f 2927//5028 2954//5028 2894//5029
f 2895//5030 2894//5029 2955//5030
f 2928//5031 2895//5030 2956//5031
f 2919//5024 2896//5014 2957//5024
f 2929//5014 2957//5024 2896//5014
f 2929//30 2897//30 2958//30
f 2958//30 2897//30 2930//30
f 2898//5032 2928//5031 2959//5032
f 2930//5033 2898//5032 2960//5033
f 2961//30 2899//30 2931//30
f 2834//4994 2933//4994 2931//5034
f 2953//5013 2863//5013 2932//5015
f 2932//5015 2899//5015 2927//5028
f 2864//5016 2934//5016 2835//4993
f 2934//30 2962//30 2900//30
f 2865//5017 2935//5017 2864//5016
f 2934//5016 2864//5016 2935//5017
f 2963//5018 2935//5017 2901//5018
f 2901//5018 2936//5035 2963//5018
f 2964//30 2936//30 2794//30
f 2965//30 2904//30 2938//30
f 2938//5019 2869//4996 2906//5019
f 2965//5020 2937//5020 2904//4980
f 2966//30 2906//30 2875//30
f 2916//5009 2939//4999 2882//5009
f 2907//5021 2937//5020 2967//5021
f 2967//5021 2940//5001 2907//5021
f 2908//30 2940//30 2968//30
f 2909//30 2908//30 2969//30
f 2910//30 2909//30 2970//30
f 2911//30 2910//30 2971//30
f 2912//30 2911//30 2971//30
f 2913//30 2912//30 2941//30
f 2941//5022 2917//5022 2881//5007
f 2942//30 2943//30 2883//30
f 2944//30 2942//30 2884//30
f 2943//30 2972//30 2916//30
f 2944//5036 2918//5037 2970//5036
f 2918//5037 2945//5038 2971//5037
f 2957//5024 2946//5023 2919//5024
f 2921//30 2946//30 2947//30
f 2889//30 2887//30 2947//30
f 2948//30 2973//30 2794//30
f 2948//5039 2922//5026 2950//5039
f 2949//5026 2950//5039 2922//5026
f 2949//30 2952//30 2950//30
f 2923//30 2952//30 2949//30
f 2926//30 2952//30 2923//30
f 2925//30 2974//30 2951//30
f 2951//5027 2952//5027 2892//5012
f 2947//5025 2975//5040 2925//5025
f 2953//30 2932//30 2893//30
f 2976//5029 2894//5029 2954//5028
f 2954//5028 2927//5028 2899//5015
f 2976//5029 2955//5030 2894//5029
f 2955//5030 2956//5031 2895//5030
f 2956//5031 2959//5032 2928//5031
f 2957//30 2929//30 2977//30
f 2977//30 2929//30 2958//30
f 2958//5041 2930//5033 2978//5041
f 2959//5032 2960//5033 2898//5032
f 2960//5033 2978//5041 2930//5033
f 2954//30 2899//30 2961//30
f 2961//5042 2931//5034 2962//5042
f 2979//5034 2931//5034 2933//4994
f 2962//30 2979//30 2900//30
f 2980//30 2962//30 2934//30
f 2935//30 2980//30 2934//30
f 2963//30 2981//30 2935//30
f 2982//5035 2963//5018 2936//5035
f 2936//5035 2964//5043 2982//5035
f 2983//30 2964//30 2794//30
f 2984//30 2965//30 2938//30
f 2906//5019 2966//5044 2938//5019
f 2965//5020 2967//5021 2937//5020
f 2939//30 2966//30 2875//30
f 2916//30 2972//30 2939//30
f 2940//30 2967//30 2985//30
f 2968//30 2940//30 2985//30
f 2969//30 2908//30 2968//30
f 2970//30 2909//30 2969//30
f 2971//30 2910//30 2970//30
f 2986//30 2912//30 2971//30
f 2941//30 2912//30 2986//30
f 2917//5022 2941//5022 2945//5038
f 2943//5045 2942//5046 2968//5045
f 2942//5046 2944//5036 2969//5046
f 2972//5047 2943//5045 2985//5047
f 2986//5038 2945//5038 2941//5022
f 2971//5037 2970//5036 2918//5037
f 2970//5036 2969//5046 2944//5036
f 2986//5038 2971//5037 2945//5038
f 2946//30 2957//30 2975//30
f 2947//30 2946//30 2975//30
f 2973//5048 2948//5039 2987//5048
f 2973//30 2983//30 2794//30
f 2950//5039 2987//5048 2948//5039
f 2952//30 2988//30 2950//30
f 2951//30 2974//30 2989//30
f 2974//5040 2925//5025 2975//5040
f 2952//5027 2951//5027 2988//5049
f 2976//30 2954//30 2990//30
f 2955//30 2976//30 2991//30
f 2956//30 2955//30 2992//30
f 2959//30 2956//30 2993//30
f 2975//30 2957//30 2977//30
f 2977//5050 2958//5041 2994//5050
f 2978//5041 2994//5050 2958//5041
f 2960//30 2959//30 2995//30
f 2978//30 2960//30 2996//30
f 2990//30 2954//30 2961//30
f 2979//5034 2962//5042 2931//5034
f 2962//5042 2980//5051 2961//5042
f 2933//30 2900//30 2979//30
f 2981//30 2980//30 2935//30
f 2997//30 2981//30 2963//30
f 2998//30 2997//30 2963//30
f 2982//30 2998//30 2963//30
f 2999//5043 2982//5035 2964//5043
f 2964//5043 2983//5052 2999//5043
f 2967//30 2965//30 2984//30
f 2984//5044 2938//5019 2966//5044
f 2972//30 2966//30 2939//30
f 2985//30 2967//30 2984//30
f 2968//5045 2985//5047 2943//5045
f 2969//5046 2968//5045 2942//5046
f 2985//5047 2984//5044 2972//5047
f 2987//5048 3000//5052 2973//5048
f 2983//5052 2973//5048 3000//5052
f 2950//30 2988//30 2987//30
f 2974//30 2994//30 2989//30
f 2989//5049 2988//5049 2951//5027
f 2975//5040 2977//5050 2974//5040
f 2991//30 2976//30 2990//30
f 2992//30 2955//30 2991//30
f 2993//30 2956//30 2992//30
f 2995//30 2959//30 2993//30
f 2994//5050 2974//5040 2977//5050
f 2994//30 2978//30 3001//30
f 2996//30 2960//30 2995//30
f 3001//30 2978//30 2996//30
f 2990//5051 2961//5042 2980//5051
f 2980//5051 2981//5053 2990//5051
f 2981//5053 2997//5054 2991//5053
f 2997//5054 2998//5055 2992//5054
f 3002//30 2998//30 2982//30
f 2999//30 3002//30 2982//30
f 3000//5052 2999//5043 2983//5052
f 2966//5044 2972//5047 2984//5044
f 2987//30 3003//30 3000//30
f 2988//30 3003//30 2987//30
f 2989//30 2994//30 3001//30
f 2989//5049 3001//5056 2988//5049
f 2993//5055 2992//5054 2998//5055
f 2995//5057 2993//5055 3002//5057
f 2996//5058 2995//5057 3004//5058
f 3001//5056 2996//5058 3003//5056
f 2991//5053 2990//5051 2981//5053
f 2992//5054 2991//5053 2997//5054
f 2998//5055 3002//5057 2993//5055
f 3004//30 3002//30 2999//30
f 3000//30 3004//30 2999//30
f 3003//30 3004//30 3000//30
f 3003//5056 2988//5049 3001//5056
f 3002//5057 3004//5058 2995//5057
f 3004//5058 3003//5056 2996//5058
usemtl material_2_0
f 206//5059 232//5060 171//5060
f 277//2682 206//5059 231//2682
f 232//5060 206//5059 278//5059
f 232//5060 279//2802 171//5060
f 319//5061 318//5062 230//5061
f 276//5063 319//5061 230//5061
f 206//5059 277//2682 321//5064
f 231//2682 322//2794 277//2682
f 206//5059 321//5064 278//5059
f 232//5060 278//5059 323//5065
f 279//2802 232//5060 324//2802
f 318//5062 319//5061 371//5062
f 319//5061 276//5063 378//5063
f 277//5066 376//5067 321//5067
f 322//2794 231//2682 379//2794
f 322//5068 380//5066 277//5066
f 321//5067 371//5069 278//5069
f 371//5069 323//5070 278//5069
f 319//5070 232//5071 323//5070
f 378//5071 324//5072 232//5071
f 324//2802 381//2955 279//2802
f 323//5070 371//5069 319//5070
f 376//5073 318//5062 371//5062
f 318//5062 376//5073 374//5073
f 376//5073 351//5074 374//5073
f 427//2956 276//5063 377//2956
f 276//5063 427//2956 378//5063
f 232//5071 319//5070 378//5071
f 376//5067 277//5066 380//5066
f 379//2794 428//2951 322//2794
f 380//5066 322//5068 429//5068
f 371//5069 321//5067 376//5067
f 324//5072 378//5071 427//5072
f 381//2955 324//2802 430//2955
f 351//5074 376//5073 380//5074
f 377//2956 479//3020 427//2956
f 428//2951 379//2794 480//2951
f 428//5075 429//5068 322//5068
f 464//3017 380//5074 429//3017
f 427//5072 430//5076 324//5072
f 481//3076 381//2955 430//2955
f 380//5074 464//3017 351//5074
f 468//2435 520//5077 474//5077
f 520//5077 475//5078 474//5077
f 479//3020 377//2956 478//3020
f 430//5076 427//5072 479//5076
f 526//3073 428//2951 480//2951
f 429//5068 428//5075 527//5075
f 429//3017 528//3074 464//3017
f 381//2955 481//3076 525//3076
f 479//5076 481//5079 430//5076
f 520//5077 468//2435 572//2435
f 475//5078 520//5077 577//5078
f 583//3139 479//3020 478//3020
f 428//2951 526//3073 584//3073
f 584//5080 527//5075 428//5075
f 528//3074 429//3017 527//3074
f 585//5081 525//3076 481//3076
f 481//5079 479//5076 586//5079
f 468//2435 642//2487 572//2435
f 572//5082 643//5083 520//5084
f 577//5078 647//2436 475//5078
f 525//3076 585//5081 582//5081
f 479//3020 583//3139 586//3139
f 650//5085 584//3073 526//3073
f 527//5075 584//5080 652//5080
f 652//3195 528//3074 527//3074
f 586//5079 585//5086 481//5079
f 570//5087 712//5088 640//5089
f 642//2487 468//2435 711//2487
f 642//5090 716//5082 572//5082
f 643//5083 572//5082 716//5082
f 520//5084 643//5083 712//5091
f 647//2436 577//5078 717//2436
f 720//5092 582//5081 585//5081
f 721//5093 586//3139 583//3139
f 584//3073 650//5085 722//5085
f 528//3074 652//3195 651//3195
f 722//5094 652//5080 584//5080
f 585//5086 586//5079 723//5095
f 712//5088 570//5087 714//5088
f 640//5089 712//5088 643//5087
f 640//5089 643//5087 716//5089
f 711//2487 786//2599 642//2487
f 716//5082 642//5090 787//5090
f 788//5096 520//5084 712//5091
f 788//5096 577//5097 520//5084
f 788//5098 714//5088 715//5098
f 789//5097 717//5099 577//5097
f 717//2436 790//2548 647//2436
f 791//2598 581//5100 718//2598
f 582//5081 720//5092 719//5101
f 585//5086 723//5095 720//5102
f 586//3139 721//5093 723//5093
f 650//5085 793//5103 722//5085
f 795//5104 651//3195 652//3195
f 652//5080 722//5094 795//5094
f 716//5089 785//2643 640//5089
f 786//2599 711//2487 850//2599
f 786//5105 787//5090 642//5090
f 785//2643 716//5089 787//2643
f 714//5088 788//5098 712//5088
f 577//5097 788//5096 789//5097
f 581//5100 788//5098 715//5098
f 717//5099 789//5097 791//5099
f 790//2548 717//2436 851//2548
f 581//5100 791//2598 789//5100
f 718//2598 853//2641 791//2598
f 720//5092 854//5106 719//5101
f 719//5101 855//5107 856//5108
f 855//5107 719//5101 854//5106
f 720//5102 723//5095 857//5109
f 723//5095 856//5110 858//5111
f 857//5109 723//5095 858//5111
f 721//5093 859//5112 723//5093
f 794//5113 862//5103 650//5085
f 650//5085 862//5103 863//5103
f 650//5085 863//5103 793//5103
f 793//5114 795//5094 722//5094
f 651//3195 795//5104 864//5104
f 909//2687 786//2599 850//2599
f 787//5090 786//5105 910//5105
f 910//2688 785//2643 787//2643
f 788//5098 581//5100 789//5100
f 791//5099 851//5115 717//5099
f 911//2645 790//2548 851//2548
f 853//2641 718//2598 852//2641
f 851//5115 791//5099 853//5115
f 913//5116 914//5117 858//5118
f 913//5116 915//5119 914//5117
f 916//5120 913//5116 858//5118
f 915//5119 917//5121 914//5117
f 917//5121 915//5119 854//5122
f 918//5123 916//5120 858//5118
f 858//5111 856//5110 914//5111
f 914//5111 856//5110 855//5111
f 914//5111 855//5111 917//5111
f 915//5119 855//5124 854//5122
f 915//5119 919//5125 855//5124
f 913//5116 920//5126 915//5119
f 920//5126 913//5116 916//5120
f 855//5124 921//5127 856//5128
f 922//5129 719//5101 856//5108
f 859//5111 856//5110 723//5095
f 859//5112 721//5093 923//5130
f 862//5103 794//5113 925//5113
f 926//5131 863//5132 862//5133
f 927//5134 793//5114 863//5134
f 795//5094 793//5114 928//5114
f 795//5094 928//5114 929//5135
f 931//5136 864//5104 795//5104
f 719//5101 922//5129 865//5137
f 785//2643 910//2688 908//2688
f 786//2599 909//2687 969//2687
f 969//5138 910//5105 786//5105
f 790//2548 911//2645 912//2645
f 853//5115 911//5139 851//5115
f 930//2741 853//2641 852//2641
f 970//5140 916//5120 918//5123
f 858//5118 971//5141 918//5123
f 855//5124 919//5125 921//5127
f 915//5119 920//5126 919//5125
f 920//5126 916//5120 970//5140
f 921//5127 972//5142 856//5128
f 856//5110 973//5143 974//5144
f 859//5112 923//5130 977//5145
f 794//5113 980//5146 925//5113
f 862//5133 925//5147 981//5148
f 982//5149 927//5150 926//5131
f 926//5131 927//5150 863//5132
f 983//5151 984//5152 985//5153
f 986//5154 985//5153 982//5149
f 982//5149 926//5131 986//5154
f 926//5131 862//5133 987//5155
f 793//5114 927//5134 928//5114
f 928//5156 988//5157 929//5158
f 795//5094 929//5135 931//5135
f 990//5159 864//5104 991//5136
f 991//5136 864//5104 931//5136
f 922//5129 992//5160 865//5137
f 992//5160 993//5161 865//5137
f 1026//2808 908//2688 910//2688
f 865//5137 969//2687 909//2687
f 910//5105 969//5138 1026//5138
f 1027//5162 912//2645 911//2645
f 911//5139 853//5115 1028//5139
f 853//2641 930//2741 1028//2741
f 970//5140 918//5123 1029//5163
f 1030//5164 1029//5163 918//5123
f 971//5141 858//5118 1031//5165
f 971//5141 1030//5164 918//5123
f 1032//5166 1030//5164 1033//5167
f 1033//5167 1030//5164 1034//5168
f 1034//5168 1030//5164 1035//5169
f 1036//5170 1037//5171 1038//5172
f 1037//5171 1039//5173 1038//5172
f 1037//5171 1040//5174 1039//5173
f 1040//5174 1041//5175 1039//5173
f 1042//5176 1034//5168 1035//5169
f 1043//5177 1042//5176 1035//5169
f 1044//5178 1036//5170 919//5125
f 1033//5167 1045//5179 1032//5166
f 1046//5180 1045//5179 1033//5167
f 1044//5178 1047//5181 1036//5170
f 1047//5181 1037//5171 1036//5170
f 1047//5181 1048//5182 1037//5171
f 1048//5182 1040//5174 1037//5171
f 1049//5183 1050//5184 1051//5185
f 919//5125 1036//5170 921//5127
f 1036//5170 1038//5172 921//5127
f 921//5127 1038//5172 972//5142
f 1042//5176 1047//5181 1046//5180
f 1048//5182 1047//5181 1042//5176
f 1034//5168 1046//5180 1033//5167
f 1042//5176 1046//5180 1034//5168
f 1048//5182 1042//5176 1043//5177
f 1052//5186 1048//5182 1043//5177
f 1045//5179 920//5126 970//5140
f 1044//5178 920//5126 1045//5179
f 1040//5174 1048//5182 1050//5184
f 1048//5182 1052//5186 1050//5184
f 1032//5166 970//5140 1029//5163
f 1045//5179 970//5140 1032//5166
f 856//5128 972//5142 976//5187
f 856//5110 1053//5188 973//5143
f 993//5189 992//5190 973//5143
f 992//5190 974//5144 973//5143
f 856//5110 974//5144 975//5188
f 856//5110 975//5188 922//5188
f 1054//5191 1055//5192 922//5193
f 1056//5194 1057//5195 1055//5192
f 1058//5196 975//5197 1057//5195
f 1059//5198 1060//5199 975//5197
f 856//5128 976//5187 922//5193
f 976//5187 1054//5191 922//5193
f 1054//5191 1056//5194 1055//5192
f 856//5110 859//5111 977//5200
f 1061//5201 1062//5202 1063//5203
f 1063//5203 1064//5204 1061//5201
f 989//5162 980//5146 794//5113
f 925//5147 980//5205 1066//5206
f 981//5148 925//5147 1067//5207
f 862//5133 981//5148 987//5155
f 985//5153 928//5156 982//5149
f 982//5149 928//5156 927//5150
f 1068//5208 1069//5209 984//5152
f 983//5151 1068//5208 984//5152
f 986//5154 983//5151 985//5153
f 926//5131 987//5155 986//5154
f 988//5157 928//5156 984//5152
f 1070//5210 1071//5211 1073//5212
f 1070//5210 1073//5212 991//5213
f 1074//5214 1075//5215 929//5158
f 988//5157 1074//5214 929//5158
f 1071//5211 1072//5216 1075//5215
f 1074//5214 1071//5211 1075//5215
f 1072//5216 1071//5211 1070//5210
f 1075//5217 931//5135 929//5135
f 931//5135 1075//5217 1072//5217
f 931//5135 1072//5217 1070//5217
f 962//5218 1028//2741 930//2741
f 864//5104 990//5159 1076//5159
f 991//5213 1077//5219 990//5220
f 931//5135 1070//5217 991//5217
f 969//2687 865//5137 993//5161
f 908//2688 1026//2808 796//2808
f 993//5189 1026//5138 969//5138
f 912//2645 1027//5162 989//5162
f 1028//5139 1027//5221 911//5139
f 1029//5163 1030//5164 1032//5166
f 1103//5222 1031//5165 1064//5204
f 971//5141 1031//5165 1103//5222
f 1103//5222 1064//5204 1063//5203
f 1030//5164 971//5141 1104//5223
f 1030//5164 1104//5223 1105//5224
f 1106//5225 1107//5226 1108//5227
f 1108//5227 1107//5226 1109//5228
f 1110//5229 1111//5230 1106//5225
f 1108//5227 1110//5229 1106//5225
f 1105//5224 1104//5223 1111//5230
f 1110//5229 1105//5224 1111//5230
f 1051//5185 1112//5231 1049//5183
f 1043//5177 1035//5169 1030//5164
f 1113//5232 1043//5177 1030//5164
f 1046//5180 1044//5178 1045//5179
f 1047//5181 1044//5178 1046//5180
f 920//5126 1044//5178 919//5125
f 1050//5184 1114//5233 1051//5185
f 1052//5186 1043//5177 1113//5232
f 1115//5234 1052//5186 1113//5232
f 1050//5184 1052//5186 1114//5233
f 1052//5186 1115//5234 1114//5233
f 1041//5175 1040//5174 1049//5183
f 1040//5174 1050//5184 1049//5183
f 1041//5175 1049//5183 1116//5235
f 1038//5172 1039//5173 1117//5236
f 1039//5173 1041//5175 1118//5237
f 1038//5172 1117//5236 972//5142
f 972//5142 1117//5236 976//5187
f 1117//5236 1119//5238 976//5187
f 856//5110 1120//5239 1121//5188
f 856//5110 1121//5188 1122//5188
f 856//5110 1122//5188 1053//5188
f 1053//5240 1001//5241 973//5242
f 1026//5138 993//5189 973//5143
f 1056//5194 1058//5196 1057//5195
f 1058//5196 1059//5198 975//5197
f 1059//5198 1123//5243 1060//5199
f 1124//5244 1125//5245 1056//5194
f 1126//5246 1059//5198 1058//5196
f 1125//5245 1126//5246 1058//5196
f 1127//5247 1125//5245 1124//5244
f 1128//5248 1127//5247 1124//5244
f 1123//5243 1126//5246 1125//5245
f 1127//5247 1123//5243 1125//5245
f 1128//5248 1129//5249 1127//5247
f 1130//5250 1129//5249 1128//5248
f 1127//5247 1131//5251 1123//5243
f 1127//5247 1132//5252 1131//5251
f 1129//5249 1132//5252 1127//5247
f 1133//5253 1130//5250 1134//5254
f 1134//5254 1130//5250 1128//5248
f 1118//5237 1135//5255 1119//5238
f 1136//5256 1137//5257 1135//5255
f 1137//5257 1133//5253 1135//5255
f 1135//5255 1133//5253 1134//5254
f 1133//5253 1138//5258 1130//5250
f 1134//5254 1128//5248 1139//5259
f 1139//5259 1128//5248 1124//5244
f 1139//5259 1124//5244 1054//5191
f 1054//5191 1124//5244 1056//5194
f 1135//5255 1134//5254 1119//5238
f 1119//5238 1134//5254 1139//5259
f 977//5145 923//5130 1140//5260
f 856//5110 977//5200 1140//5260
f 1062//5202 1141//5261 1063//5203
f 1120//5239 923//5130 1001//5241
f 980//5146 989//5162 1027//5162
f 925//5147 1066//5206 1067//5207
f 1142//5262 1143//5263 1144//5264
f 1145//5265 1146//5266 1142//5262
f 1142//5262 1146//5266 1143//5263
f 981//5148 1067//5207 1145//5265
f 1145//5265 1067//5207 1146//5266
f 987//5155 981//5148 1147//5267
f 1147//5267 981//5148 1145//5265
f 1148//5268 987//5155 1147//5267
f 1147//5267 1145//5265 1149//5269
f 1149//5269 1145//5265 1142//5262
f 984//5152 928//5156 985//5153
f 1069//5209 1068//5208 1150//5270
f 1069//5209 1150//5270 1151//5271
f 1069//5209 1151//5271 1152//5272
f 1069//5209 1152//5272 1153//5273
f 1154//5274 1069//5209 1153//5273
f 1069//5209 988//5157 984//5152
f 1155//5275 1156//5276 1154//5274
f 1157//5277 1149//5269 1158//5278
f 1160//5279 1161//5280 1157//5277
f 1158//5278 1160//5279 1157//5277
f 1161//5280 1162//5281 1148//5268
f 1157//5277 1161//5280 1148//5268
f 1162//5281 983//5151 986//5154
f 1148//5268 1162//5281 986//5154
f 1151//5271 1150//5270 1162//5281
f 1161//5280 1151//5271 1162//5281
f 1160//5279 1153//5273 1152//5272
f 1154//5274 1153//5273 1160//5279
f 1158//5278 1154//5274 1160//5279
f 1155//5275 1154//5274 1158//5278
f 1150//5270 1068//5208 983//5151
f 1162//5281 1150//5270 983//5151
f 1152//5272 1151//5271 1161//5280
f 1160//5279 1152//5272 1161//5280
f 1148//5268 1147//5267 1157//5277
f 1157//5277 1147//5267 1149//5269
f 1077//5219 1163//5282 1164//5283
f 1165//5284 1166//5285 1167//5286
f 1168//5287 1166//5285 1165//5284
f 991//5213 1073//5212 1077//5219
f 1166//5285 1074//5214 988//5157
f 1166//5285 988//5157 1167//5286
f 1073//5212 1169//5288 1077//5219
f 1169//5288 1163//5282 1077//5219
f 1071//5211 1170//5289 1073//5212
f 1170//5289 1169//5288 1073//5212
f 1169//5288 1171//5290 1163//5282
f 1171//5290 1172//5291 1163//5282
f 1170//5289 1173//5292 1169//5288
f 1173//5292 1171//5290 1169//5288
f 1168//5287 1170//5289 1166//5285
f 1173//5292 1170//5289 1168//5287
f 1170//5289 1071//5211 1074//5214
f 1170//5289 1074//5214 1166//5285
f 1028//2741 962//5218 1174//5218
f 1175//5293 1076//5159 990//5159
f 973//5242 796//2808 1026//2808
f 1027//5221 1028//5139 1174//5221
f 1111//5230 971//5141 1103//5222
f 1111//5230 1104//5223 971//5141
f 1106//5225 1103//5222 1063//5203
f 1106//5225 1111//5230 1103//5222
f 977//5294 1194//5295 1141//5261
f 1194//5295 1195//5296 1196//5297
f 1063//5203 1141//5261 1106//5225
f 1106//5225 1141//5261 1107//5226
f 1030//5164 1105//5224 1197//5298
f 1197//5298 1105//5224 1110//5229
f 1114//5233 1198//5299 1051//5185
f 1051//5185 1198//5299 1199//5300
f 1200//5301 1197//5298 1110//5229
f 1108//5227 1109//5228 1201//5302
f 1201//5302 1109//5228 1198//5299
f 1201//5302 1113//5232 1200//5301
f 1115//5234 1113//5232 1201//5302
f 1200//5301 1110//5229 1108//5227
f 1201//5302 1200//5301 1108//5227
f 1109//5228 1202//5303 1198//5299
f 1198//5299 1202//5303 1199//5300
f 1115//5234 1201//5302 1114//5233
f 1114//5233 1201//5302 1198//5299
f 1107//5226 1196//5297 1109//5228
f 1109//5228 1196//5297 1202//5303
f 1200//5301 1030//5164 1197//5298
f 1113//5232 1030//5164 1200//5301
f 1203//5304 1112//5231 1051//5185
f 1049//5183 1112//5231 1116//5235
f 1202//5303 1204//5305 1199//5300
f 1136//5256 1041//5175 1116//5235
f 1041//5175 1136//5256 1118//5237
f 1039//5173 1118//5237 1117//5236
f 1117//5236 1118//5237 1119//5238
f 1118//5237 1136//5256 1135//5255
f 1120//5239 856//5110 1140//5260
f 1122//5306 1205//5307 1001//5241
f 1205//5307 1122//5306 1121//5308
f 1206//5309 1205//5307 1121//5310
f 1121//5188 1120//5239 1205//5307
f 1207//5311 1208//5312 1209//5313
f 1121//5310 1122//5314 1208//5312
f 1210//5315 1121//5310 1208//5312
f 1210//5315 1208//5312 1211//5316
f 1212//5317 1211//5316 1213//5318
f 1122//5306 1001//5241 1053//5240
f 796//2808 973//5242 1001//5241
f 1123//5243 1059//5198 1126//5246
f 1131//5251 1214//5319 1060//5199
f 1131//5251 1060//5199 1123//5243
f 1137//5257 1112//5231 1133//5253
f 1133//5253 1112//5231 1138//5258
f 1215//5320 1131//5251 1132//5252
f 1215//5320 1132//5252 1216//5321
f 1130//5250 1217//5322 1129//5249
f 1218//5323 1217//5322 1130//5250
f 1129//5249 1216//5321 1132//5252
f 1217//5322 1216//5321 1129//5249
f 1137//5257 1116//5235 1112//5231
f 1138//5258 1112//5231 1219//5324
f 1218//5323 1138//5258 1220//5325
f 1218//5323 1221//5326 1217//5322
f 1217//5322 1215//5320 1216//5321
f 1130//5250 1138//5258 1218//5323
f 1136//5256 1116//5235 1137//5257
f 923//5130 1120//5239 1140//5260
f 977//5294 1140//5260 1194//5295
f 1062//5202 977//5294 1141//5261
f 1120//5239 1001//5241 1205//5307
f 1027//5221 1222//5327 980//5327
f 1222//5327 1027//5221 1174//5221
f 1143//5263 1223//5328 1224//5329
f 1146//5266 1225//5330 1143//5263
f 1143//5263 1225//5330 1223//5328
f 1067//5207 1066//5206 1146//5266
f 1146//5266 1066//5206 1225//5330
f 1226//5331 1144//5264 1227//5332
f 1227//5332 1144//5264 1224//5329
f 1144//5264 1143//5263 1224//5329
f 1228//5333 1159//5334 1226//5331
f 1226//5331 1159//5334 1144//5264
f 1229//5335 1155//5275 1228//5333
f 1230//5336 1228//5333 1226//5331
f 1158//5278 1149//5269 1159//5334
f 1149//5269 1142//5262 1159//5334
f 1159//5334 1142//5262 1144//5264
f 1155//5275 1158//5278 1228//5333
f 1228//5333 1158//5278 1159//5334
f 1227//5332 1224//5329 1231//5337
f 986//5154 987//5155 1148//5268
f 1156//5276 1069//5209 1154//5274
f 1229//5335 1156//5276 1155//5275
f 1230//5336 1229//5335 1228//5333
f 1232//5338 1230//5336 1226//5331
f 988//5157 1069//5209 1167//5286
f 1167//5286 1069//5209 1165//5284
f 1226//5331 1233//5339 1232//5338
f 1077//5219 1164//5283 990//5220
f 1163//5282 1172//5291 1234//5340
f 1163//5282 1234//5340 1164//5283
f 1235//5341 1168//5287 1165//5284
f 1236//5342 1168//5287 1235//5341
f 1173//5292 1237//5343 1171//5290
f 1237//5343 1238//5344 1171//5290
f 1171//5290 1238//5344 1172//5291
f 1238//5344 1239//5345 1172//5291
f 1236//5342 1173//5292 1168//5287
f 1237//5343 1173//5292 1236//5342
f 1236//5342 1235//5341 1069//5209
f 1156//5276 1236//5342 1069//5209
f 1238//5344 1237//5343 1230//5336
f 1237//5343 1229//5335 1230//5336
f 1076//5159 1174//5218 962//5218
f 1174//5218 1076//5159 1240//5293
f 1240//5293 1076//5159 1241//5293
f 1241//5293 1076//5159 1175//5293
f 990//5220 1242//5346 1175//5347
f 1194//5295 1205//5307 1195//5296
f 1196//5297 1195//5296 1256//5348
f 1196//5297 1256//5348 1202//5303
f 1141//5261 1194//5295 1107//5226
f 1107//5226 1194//5295 1196//5297
f 1051//5185 1199//5300 1203//5304
f 1112//5231 1203//5304 1257//5349
f 1199//5300 1204//5305 1258//5350
f 1203//5304 1199//5300 1258//5350
f 1202//5303 1256//5348 1204//5305
f 1194//5295 1120//5239 1205//5307
f 1120//5239 1194//5295 1140//5260
f 1211//5316 1208//5312 1207//5311
f 1259//5351 1213//5318 1260//5352
f 1213//5318 1211//5316 1260//5352
f 1209//5313 1208//5312 1122//5314
f 1205//5307 1206//5309 1261//5353
f 1195//5296 1205//5307 1262//5354
f 1205//5307 1261//5353 1262//5354
f 1263//5355 1206//5309 1121//5310
f 1263//5355 1121//5310 1210//5315
f 1212//5317 1210//5315 1211//5316
f 1264//5356 1212//5317 1213//5318
f 1259//5351 1214//5319 1131//5251
f 1215//5320 1259//5351 1131//5251
f 1112//5231 1257//5349 1219//5324
f 1138//5258 1219//5324 1220//5325
f 1220//5325 1221//5326 1218//5323
f 1221//5326 1215//5320 1217//5322
f 1265//5357 1266//5358 1267//5359
f 1268//5360 1269//5361 1266//5358
f 1270//5362 1222//5363 1269//5361
f 1271//5364 980//5205 1222//5363
f 1222//5327 1174//5221 1269//5327
f 1269//5327 1174//5221 1266//5327
f 1266//5327 1174//5221 1267//5327
f 1267//5327 1174//5221 1272//5327
f 1231//5337 1224//5329 1273//5365
f 1224//5329 1223//5328 1273//5365
f 1274//5366 1275//5367 1276//5368
f 1277//5369 1274//5366 1276//5368
f 1278//5370 1274//5366 1277//5369
f 1279//5371 1278//5370 1277//5369
f 1280//5372 1281//5373 1278//5370
f 1281//5373 1282//5374 1278//5370
f 1283//5375 1284//5376 1285//5377
f 1283//5375 1285//5377 1275//5367
f 1274//5366 1283//5375 1275//5367
f 1282//5374 1283//5375 1274//5366
f 1278//5370 1282//5374 1274//5366
f 1284//5376 1286//5378 1287//5379
f 1283//5375 1286//5378 1284//5376
f 1283//5375 1288//5380 1286//5378
f 1282//5374 1288//5380 1283//5375
f 1287//5379 1268//5360 1265//5357
f 1286//5378 1268//5360 1287//5379
f 1289//5381 1275//5367 1285//5377
f 1289//5381 1276//5368 1275//5367
f 1284//5376 1265//5357 1267//5359
f 1265//5357 1284//5376 1287//5379
f 1268//5360 1266//5358 1265//5357
f 1270//5362 1269//5361 1268//5360
f 1267//5359 1285//5377 1284//5376
f 1223//5328 1225//5330 1281//5373
f 1225//5330 1290//5382 1281//5373
f 1281//5373 1290//5382 1282//5374
f 1290//5382 1288//5380 1282//5374
f 1290//5382 1271//5364 1288//5380
f 1271//5364 1270//5362 1288//5380
f 1231//5337 1273//5365 1291//5383
f 1291//5383 1273//5365 1280//5372
f 1286//5378 1270//5362 1268//5360
f 1288//5380 1270//5362 1286//5378
f 1291//5383 1280//5372 1279//5371
f 1279//5371 1280//5372 1278//5370
f 1290//5382 1066//5206 1271//5364
f 1066//5206 1290//5382 1225//5330
f 1271//5364 1222//5363 1270//5362
f 1066//5206 980//5205 1271//5364
f 1227//5332 1233//5339 1226//5331
f 1237//5343 1236//5342 1156//5276
f 1229//5335 1237//5343 1156//5276
f 1239//5345 1232//5338 1292//5384
f 1172//5291 1239//5345 1293//5385
f 1165//5284 1069//5209 1235//5341
f 1232//5338 1233//5339 1294//5386
f 1164//5283 1295//5387 990//5220
f 1172//5291 1293//5385 1234//5340
f 1164//5283 1234//5340 1295//5387
f 1239//5345 1238//5344 1232//5338
f 1238//5344 1230//5336 1232//5338
f 1296//5388 1297//5389 1298//5390
f 1299//5391 1296//5388 1298//5390
f 1299//5391 1298//5390 1175//5347
f 1272//5327 1174//5221 1240//5327
f 1272//5327 1240//5327 1297//5327
f 1297//5327 1240//5327 1241//5327
f 1297//5389 1241//5392 1298//5390
f 1272//5393 1297//5389 1296//5388
f 1300//5394 1301//5395 1296//5388
f 1301//5395 1272//5393 1296//5388
f 990//5220 1295//5387 1302//5396
f 1242//5346 990//5220 1302//5396
f 1300//5394 1296//5388 1299//5391
f 1303//5397 1299//5391 1175//5347
f 1242//5346 1303//5397 1175//5347
f 1195//5296 1262//5354 1256//5348
f 1258//5350 1317//5398 1318//5399
f 1203//5304 1258//5350 1257//5349
f 1257//5349 1258//5350 1318//5399
f 1204//5305 1317//5398 1258//5350
f 1256//5348 1319//5400 1204//5305
f 1214//5319 1259//5351 1260//5352
f 1206//5309 1263//5355 1320//5401
f 1321//5402 1322//5403 1323//5404
f 1322//5403 1210//5315 1324//5405
f 1210//5315 1212//5317 1324//5405
f 1320//5401 1263//5355 1322//5403
f 1263//5355 1210//5315 1322//5403
f 1262//5354 1325//5406 1319//5400
f 1326//5407 1321//5402 1327//5408
f 1206//5309 1320//5401 1321//5402
f 1320//5401 1322//5403 1321//5402
f 1325//5406 1261//5353 1326//5407
f 1261//5353 1206//5309 1326//5407
f 1326//5407 1206//5309 1321//5402
f 1262//5354 1261//5353 1325//5406
f 1256//5348 1262//5354 1319//5400
f 1323//5404 1322//5403 1324//5405
f 1264//5356 1324//5405 1212//5317
f 1328//5409 1324//5405 1264//5356
f 1204//5305 1319//5400 1317//5398
f 1327//5408 1321//5402 1323//5404
f 1328//5409 1323//5404 1324//5405
f 1319//5400 1326//5407 1317//5398
f 1317//5398 1326//5407 1327//5408
f 1329//5410 1323//5404 1330//5411
f 1323//5404 1329//5410 1327//5408
f 1219//5324 1257//5349 1329//5410
f 1257//5349 1318//5399 1329//5410
f 1328//5409 1264//5356 1215//5320
f 1221//5326 1328//5409 1215//5320
f 1318//5399 1317//5398 1329//5410
f 1317//5398 1327//5408 1329//5410
f 1215//5320 1264//5356 1259//5351
f 1330//5411 1328//5409 1221//5326
f 1220//5325 1330//5411 1221//5326
f 1330//5411 1323//5404 1328//5409
f 1329//5410 1330//5411 1220//5325
f 1219//5324 1329//5410 1220//5325
f 1264//5356 1213//5318 1259//5351
f 1267//5359 1331//5412 1285//5377
f 1331//5412 1267//5359 1272//5393
f 1277//5369 1276//5368 1289//5381
f 1279//5371 1277//5369 1332//5413
f 1273//5365 1223//5328 1280//5372
f 1223//5328 1281//5373 1280//5372
f 1333//5414 1291//5383 1279//5371
f 1334//5415 1231//5337 1291//5383
f 1332//5413 1277//5369 1289//5381
f 1289//5381 1285//5377 1331//5412
f 1333//5414 1279//5371 1332//5413
f 1334//5415 1291//5383 1333//5414
f 1233//5339 1231//5337 1334//5415
f 1233//5339 1227//5332 1231//5337
f 1292//5384 1232//5338 1294//5386
f 1239//5345 1292//5384 1293//5385
f 1234//5340 1335//5416 1295//5387
f 1234//5340 1293//5385 1335//5416
f 1293//5385 1336//5417 1335//5416
f 1175//5347 1298//5390 1241//5392
f 1304//5418 1301//5395 1300//5394
f 1304//5418 1331//5412 1301//5395
f 1337//5419 1338//5420 1242//5346
f 1242//5346 1338//5420 1339//5421
f 1339//5421 1338//5420 1340//5422
f 1295//5387 1335//5416 1341//5423
f 1295//5387 1341//5423 1302//5396
f 1339//5421 1340//5422 1303//5397
f 1303//5397 1340//5422 1299//5391
f 1303//5397 1242//5346 1339//5421
f 1304//5418 1300//5394 1343//5424
f 1344//5425 1304//5418 1343//5424
f 1344//5425 1289//5381 1304//5418
f 1338//5420 1342//5426 1340//5422
f 1340//5422 1343//5424 1299//5391
f 1299//5391 1343//5424 1300//5394
f 1344//5425 1343//5424 1342//5426
f 1345//5427 1344//5425 1342//5426
f 1289//5381 1331//5412 1304//5418
f 1211//5316 1207//5311 1357//5428
f 1260//5352 1211//5316 1357//5428
f 1319//5400 1325//5406 1326//5407
f 1342//5426 1358//5429 1345//5427
f 1358//5429 1342//5426 1359//5430
f 1360//5431 1358//5429 1336//5417
f 1336//5417 1358//5429 1359//5430
f 1332//5413 1289//5381 1344//5425
f 1345//5427 1332//5413 1344//5425
f 1333//5414 1332//5413 1345//5427
f 1360//5431 1233//5339 1358//5429
f 1358//5429 1233//5339 1334//5415
f 1360//5431 1292//5384 1233//5339
f 1292//5384 1360//5431 1336//5417
f 1358//5429 1333//5414 1345//5427
f 1334//5415 1333//5414 1358//5429
f 1292//5384 1294//5386 1233//5339
f 1302//5396 1337//5419 1242//5346
f 1335//5416 1337//5419 1341//5423
f 1342//5426 1343//5424 1340//5422
f 1337//5419 1359//5430 1338//5420
f 1359//5430 1342//5426 1338//5420
f 1293//5385 1292//5384 1336//5417
f 1341//5423 1337//5419 1302//5396
f 1335//5416 1336//5417 1337//5419
f 1336//5417 1359//5430 1337//5419
f 1331//5412 1272//5393 1301//5395
f 1394//5432 1395//5433 1396//5433
f 1400//5434 1394//5432 1399//5434
f 1400//5434 1397//5432 1394//5432
f 1397//5432 1395//5433 1394//5432
f 1414//5433 1395//5433 1397//5432
f 1400//5434 1416//5434 1397//5432
f 1414//5433 1432//5433 1395//5433
f 1437//5434 1416//5434 1400//5434
f 1450//5433 1432//5433 1414//5433
f 1437//5434 1452//5434 1416//5434
f 1450//5433 1473//5433 1432//5433
f 1477//5434 1452//5434 1437//5434
f 1489//5433 1473//5433 1450//5433
f 1477//5434 1491//5434 1452//5434
f 1489//5433 1511//5435 1473//5433
f 1514//5433 1511//5435 1489//5433
f 1515//5436 1491//5434 1477//5434
f 1515//5436 1518//5434 1491//5434
f 1531//5435 1529//5437 1511//5435
f 1511//5435 1514//5433 1531//5435
f 1533//5438 1535//5436 1515//5436
f 1518//5434 1515//5436 1535//5436
f 1531//5435 1553//5437 1529//5437
f 1558//5438 1535//5436 1533//5438
f 1531//5435 1569//5437 1553//5437
f 1571//5437 1569//5437 1531//5435
f 1573//5439 1535//5436 1558//5438
f 1535//5436 1573//5439 1575//5440
f 1571//5437 1592//5437 1569//5437
f 1594//5437 1595//5437 1571//5437
f 1573//5439 1600//5441 1575//5440
f 1571//5437 1595//5437 1592//5437
f 1594//5437 1614//5437 1595//5437
f 1575//5440 1600//5441 1598//5442
f 1598//5442 1617//5443 1618//5444
f 1639//5437 1640//5437 1641//5437
f 1641//5437 1614//5437 1594//5437
f 1600//5441 1617//5443 1598//5442
f 1645//5445 1618//5444 1617//5443
f 1645//5445 1647//5445 1618//5444
f 1661//5437 1662//5437 1639//5437
f 1639//5437 1663//5437 1640//5437
f 1641//5437 1640//5437 1664//5437
f 1641//5437 1664//5437 1614//5437
f 1676//5445 1647//5445 1645//5445
f 1704//5437 1705//5437 1661//5437
f 1661//5437 1705//5437 1662//5437
f 1639//5437 1662//5437 1706//5437
f 1639//5437 1706//5437 1663//5437
f 1720//5445 1675//5445 1647//5445
f 1721//5445 1647//5445 1676//5445
f 1773//5446 1774//5437 1704//5437
f 1704//5437 1774//5437 1705//5437
f 1792//5445 1793//5445 1719//5445
f 1794//5445 1719//5445 1675//5445
f 1795//5445 1675//5445 1720//5445
f 1720//5445 1647//5445 1721//5445
f 1773//5446 1870//5437 1774//5437
f 1887//5445 1886//5447 1793//5445
f 1887//5445 1793//5445 1792//5445
f 1792//5445 1719//5445 1794//5445
f 1794//5445 1675//5445 1888//5445
f 1888//5445 1675//5445 1795//5445
f 1946//5448 1947//5446 1773//5446
f 1870//5437 1773//5446 1947//5446
f 1964//5445 1886//5447 1887//5445
f 1946//5448 1987//5448 1947//5446
f 2005//5447 2004//5449 1886//5447
f 1886//5447 1964//5445 2005//5447
f 2024//5448 1987//5448 1946//5448
f 2040//5449 2004//5449 2005//5447
f 2024//5448 2062//5448 1987//5448
f 2040//5449 2074//5449 2004//5449
f 2092//5448 2062//5448 2024//5448
f 2106//5449 2074//5449 2040//5449
f 2092//5448 2126//5448 2062//5448
f 2106//5449 2138//5449 2074//5449
f 2153//4291 2126//5448 2092//5448
f 2141//5449 2138//5449 2106//5449
f 2188//4369 2126//5448 2189//4364
f 2189//4364 2126//5448 2153//4291
f 2141//5449 2205//4347 2138//5449
f 2188//4369 2191//5448 2126//5448
f 2141//5449 2236//4403 2205//4347
f 2211//5449 2236//4403 2141//5449
f 2188//4369 2254//5448 2191//5448
f 2211//5449 2188//4369 2236//4403
f 2279//5450 2188//4369 2211//5449
f 2188//4369 2285//5448 2254//5448
f 2188//4369 2279//5450 2307//5451
f 2307//5451 2285//5448 2188//4369
f 2307//5451 2341//5452 2339//5453
f 2279//5450 2341//5452 2307//5451
f 2285//5448 2307//5451 2339//5453
usemtl material_3_0
f 1434//5454 1435//5455 1433//5456
f 1434//5454 1438//5457 1435//5455
f 1433//5456 1435//5455 1451//5458
f 1438//5457 1454//5459 1435//5455
f 1451//5458 1435//5455 1474//5460
f 1454//5459 1479//5461 1435//5455
f 1474//5460 1435//5455 1490//5462
f 1479//5461 1494//5463 1435//5455
f 1490//5462 1435//5455 1513//5464
f 1494//5463 1519//5465 1435//5455
f 1532//5432 1513//5464 1435//5455
f 1532//5432 1435//5455 1519//5465
f 1554//5432 1513//5464 1532//5432
f 1519//5465 1561//5432 1532//5432
f 1570//5432 1513//5464 1554//5432
f 1513//5464 1572//5466 1555//5466
f 1519//5465 1560//5467 1574//5468
f 1519//5465 1576//5432 1561//5432
f 1591//5432 1513//5464 1570//5432
f 1513//5464 1593//5466 1572//5466
f 1519//5465 1574//5468 1599//5469
f 1519//5465 1601//5432 1576//5432
f 1612//5432 1513//5464 1591//5432
f 1513//5464 1613//5466 1593//5466
f 1619//5470 1519//5465 1599//5469
f 1519//5465 1621//5432 1601//5432
f 1635//5432 1513//5464 1612//5432
f 1513//5464 1638//5466 1613//5466
f 1646//5470 1519//5465 1619//5470
f 1519//5465 1649//5432 1621//5432
f 1656//5432 1513//5464 1635//5432
f 1513//5464 1660//5466 1638//5466
f 1674//5470 1519//5465 1646//5470
f 1519//5465 1679//5432 1649//5432
f 1694//5432 1513//5464 1656//5432
f 1660//5466 1513//5464 1703//5471
f 1718//5470 1519//5465 1674//5470
f 1519//5465 1724//5432 1679//5432
f 1742//5432 1703//5471 1513//5464
f 1742//5432 1513//5464 1694//5432
f 1519//5465 1718//5470 1791//5472
f 1791//5472 1797//5432 1519//5465
f 1519//5465 1797//5432 1724//5432
f 1847//5432 1703//5471 1742//5432
f 1797//5432 1791//5472 1894//5432
f 1928//5432 1703//5471 1847//5432
f 1847//5432 1742//5432 1929//5432
f 1929//5432 1742//5432 1848//5432
f 1703//5471 1948//5473 1869//5473
f 1894//5432 1791//5472 1972//5432
f 1797//5432 1894//5432 1930//5432
f 1703//5471 1928//5432 1984//5474
f 1988//5475 1869//5473 1948//5473
f 1948//5473 1703//5471 1984//5474
f 2006//5476 1791//5472 1963//5476
f 1972//5432 1791//5472 2017//5477
f 1869//5473 2025//5475 1986//5475
f 2025//5475 1869//5473 1988//5475
f 1791//5472 2006//5476 2017//5477
f 1963//5476 2041//5478 2006//5476
f 1986//5475 2061//5479 2060//5479
f 2061//5479 1986//5475 2025//5475
f 1963//5476 2078//5480 2041//5478
f 2093//5481 2060//5479 2061//5479
f 2078//5480 1963//5476 2109//5480
f 2060//5479 2125//5482 2124//5482
f 2125//5482 2060//5479 2093//5481
f 2109//5480 2142//5483 2078//5480
f 2154//5484 2124//5482 2125//5482
f 2169//5485 2109//5480 2168//5485
f 2109//5480 2169//5485 2142//5483
f 2124//5482 2186//5486 2185//5486
f 2186//5486 2124//5482 2154//5484
f 2168//5485 2206//5487 2169//5485
f 2221//5488 2185//5486 2186//5486
f 2185//5486 2221//5488 2220//5488
f 2238//5489 2168//5485 2237//5489
f 2168//5485 2238//5489 2206//5487
f 2221//5488 2255//5490 2220//5488
f 2255//5490 2221//5488 2237//5489
f 2237//5489 2221//5488 2238//5489
usemtl material_4_0
f 1561/1/5432 1554/2/5432 1532/3/5432
f 1561/1/5432 1570/4/5432 1554/2/5432
f 1576/5/5432 1570/4/5432 1561/1/5432
f 1576/5/5432 1591/6/5432 1570/4/5432
f 1601/7/5432 1591/6/5432 1576/5/5432
f 1601/7/5432 1612/8/5432 1591/6/5432
f 1621/9/5432 1612/8/5432 1601/7/5432
f 1657/10/5432 1635/11/5432 1612/8/5432
f 1649/12/5432 1680/13/5432 1621/9/5432
f 1681/14/5432 1612/8/5432 1621/9/5432
f 1695/15/5432 1656/16/5432 1635/11/5432
f 1696/17/5432 1635/11/5432 1697/18/5432
f 1697/18/5432 1635/11/5432 1657/10/5432
f 1657/10/5432 1612/8/5432 1698/19/5432
f 1698/19/5432 1612/8/5432 1699/20/5432
f 1679/21/5432 1725/22/5432 1649/12/5432
f 1649/12/5432 1726/23/5432 1727/24/5432
f 1649/12/5432 1727/24/5432 1680/13/5432
f 1621/9/5432 1680/13/5432 1728/25/5432
f 1621/9/5432 1728/25/5432 1729/26/5432
f 1621/9/5432 1729/26/5432 1730/27/5432
f 1621/9/5432 1730/27/5432 1731/28/5432
f 1732/29/5432 1612/8/5432 1681/14/5432
f 1621/9/5432 1734/30/5432 1735/31/5432
f 1621/9/5432 1735/31/5432 1736/32/5432
f 1621/9/5432 1736/32/5432 1681/14/5432
f 1679/21/5432 1694/33/5432 1656/16/5432
f 1656/16/5432 1695/15/5432 1725/22/5432
f 1695/15/5432 1635/11/5432 1743/34/5432
f 1743/34/5432 1635/11/5432 1744/35/5432
f 1744/35/5432 1635/11/5432 1745/36/5432
f 1745/36/5432 1635/11/5432 1696/17/5432
f 1696/17/5432 1697/18/5432 1747/37/5432
f 1696/17/5432 1747/37/5432 1758/38/5432
f 1749/39/5432 1755/40/5432 1748/41/5432
f 1755/40/5432 1749/39/5432 1750/42/5432
f 1755/40/5432 1750/42/5432 1756/43/5432
f 1756/43/5432 1750/42/5432 1751/44/5432
f 1756/43/5432 1751/44/5432 1767/45/5432
f 1767/45/5432 1751/44/5432 1752/46/5432
f 1767/45/5432 1752/46/5432 1768/47/5432
f 1768/47/5432 1752/46/5432 1753/48/5432
f 1768/47/5432 1753/48/5432 1764/49/5432
f 1764/49/5432 1753/48/5432 1762/50/5432
f 1769/51/5432 1766/52/5432 1746/53/5432
f 1758/38/5432 1747/37/5432 1766/52/5432
f 1699/20/5432 1612/8/5432 1765/54/5432
f 1765/54/5432 1612/8/5432 1771/55/5432
f 1797/56/5432 1742/57/5432 1724/58/5432
f 1724/58/5432 1694/33/5432 1679/21/5432
f 1679/21/5432 1656/16/5432 1725/22/5432
f 1649/12/5432 1725/22/5432 1798/59/5432
f 1649/12/5432 1798/59/5432 1799/60/5432
f 1649/12/5432 1799/60/5432 1800/61/5432
f 1649/12/5432 1800/61/5432 1726/23/5432
f 1801/62/5432 1813/63/5432 1812/64/5432
f 1813/63/5432 1801/62/5432 1814/65/5432
f 1814/65/5432 1801/62/5432 1803/66/5432
f 1816/67/5432 1820/68/5432 1818/69/5432
f 1814/65/5432 1803/66/5432 1821/70/5432
f 1821/70/5432 1803/66/5432 1805/71/5432
f 1821/70/5432 1805/71/5432 1822/72/5432
f 1822/72/5432 1805/71/5432 1806/73/5432
f 1822/72/5432 1806/73/5432 1823/74/5432
f 1823/74/5432 1806/73/5432 1808/75/5432
f 1823/74/5432 1808/75/5432 1810/76/5432
f 1824/77/5432 1807/78/5432 1804/79/5432
f 1807/78/5432 1825/80/5432 1809/81/5432
f 1809/81/5432 1825/80/5432 1730/27/5432
f 1766/52/5432 1769/51/5432 1770/82/5432
f 1769/51/5432 1746/53/5432 1802/83/5432
f 1802/83/5432 1754/84/5432 1804/79/5432
f 1811/85/5432 1726/23/5432 1818/69/5432
f 1811/85/5432 1818/69/5432 1770/82/5432
f 1770/82/5432 1818/69/5432 1758/38/5432
f 1727/24/5432 1726/23/5432 1811/85/5432
f 1730/27/5432 1825/80/5432 1731/28/5432
f 1621/9/5432 1731/28/5432 1826/86/5432
f 1621/9/5432 1826/86/5432 1827/87/5432
f 1621/9/5432 1827/87/5432 1734/30/5432
f 1733/88/5432 1612/8/5432 1732/29/5432
f 1833/89/5432 1834/90/5432 1835/91/5432
f 1835/91/5432 1834/90/5432 1735/31/5432
f 1835/91/5432 1735/31/5432 1734/30/5432
f 1724/58/5432 1742/57/5432 1694/33/5432
f 1797/56/5432 1848/92/5432 1742/57/5432
f 1695/15/5432 1849/93/5432 1725/22/5432
f 1849/93/5432 1695/15/5432 1850/94/5432
f 1849/93/5432 1850/94/5432 1851/95/5432
f 1851/95/5432 1850/94/5432 1852/96/5432
f 1861/97/5432 1852/96/5432 1860/98/5432
f 1818/69/5432 1820/68/5432 1758/38/5432
f 1802/83/5432 1746/53/5432 1754/84/5432
f 1804/79/5432 1754/84/5432 1757/99/5432
f 1758/38/5432 1766/52/5432 1770/82/5432
f 1862/100/5432 1863/101/5432 1757/99/5432
f 1864/102/5432 1862/100/5432 1763/103/5432
f 1771/55/5432 1763/103/5432 1765/54/5432
f 1804/79/5432 1757/99/5432 1824/77/5432
f 1824/77/5432 1757/99/5432 1863/101/5432
f 1863/101/5432 1862/100/5432 1864/102/5432
f 1864/102/5432 1763/103/5432 1771/55/5432
f 1771/55/5432 1612/8/5432 1865/104/5432
f 1865/104/5432 1612/8/5432 1866/105/5432
f 1866/105/5432 1612/8/5432 1867/106/5432
f 1861/97/5432 1860/98/5432 1816/67/5432
f 1816/67/5432 1860/98/5432 1820/68/5432
f 1807/78/5432 1824/77/5432 1825/80/5432
f 1916/107/5432 1917/108/5432 1918/109/5432
f 1919/110/5432 1918/109/5432 1834/90/5432
f 1917/108/5432 1920/111/5432 1921/112/5432
f 1921/112/5432 1922/113/5432 1923/114/5432
f 1923/114/5432 1867/106/5432 1733/88/5432
f 1867/106/5432 1612/8/5432 1733/88/5432
f 1919/110/5432 1834/90/5432 1833/89/5432
f 1930/115/5432 1929/116/5432 1797/56/5432
f 1797/56/5432 1929/116/5432 1848/92/5432
f 1851/95/5432 1852/96/5432 1861/97/5432
f 1824/77/5432 1863/101/5432 1933/117/5432
f 1933/117/5432 1863/101/5432 1934/118/5432
f 1920/111/5432 1917/108/5432 1934/118/5432
f 1923/114/5432 1942/119/5432 1867/106/5432
f 1933/117/5432 1934/118/5432 1974/120/5432
f 1974/120/5432 1934/118/5432 1916/107/5432
f 1916/107/5432 1918/109/5432 1919/110/5432
f 1916/107/5432 1934/118/5432 1917/108/5432
f 1921/112/5432 1920/111/5432 1922/113/5432
f 1923/114/5432 1922/113/5432 1942/119/5432
f 1894/121/5432 1928/122/5432 1847/123/5432
f 1930/115/5432 1847/123/5432 1929/116/5432
f 1972/124/5432 1928/122/5432 1894/121/5432
f 1894/121/5432 1847/123/5432 1930/115/5432
f 1972/124/5432 1984/125/5491 1928/122/5432
f 1984/126/5491 2027/127/5492 1948/128/5493
f 2027/129/5492 1988/130/5494 1948/131/5493
f 2027/132/5492 1972/124/5432 2017/133/5477
f 1972/124/5432 2027/132/5492 1984/125/5491
f 2027/129/5492 2025/134/5494 1988/130/5494
f 2027/135/5492 2017/136/5477 2006/137/5495
f 2027/138/5492 2006/139/5495 2041/140/5496
f 2027/129/5492 2061/141/5497 2025/134/5494
f 2027/138/5492 2041/140/5496 2078/142/5498
f 2027/143/5492 2093/144/5499 2061/145/5497
f 2027/146/5492 2078/147/5498 2142/148/5500
f 2027/149/5492 2125/150/5501 2093/151/5499
f 2027/152/5492 2142/153/5500 2169/154/5502
f 2187/155/5503 2154/156/5484 2125/157/5501
f 2027/158/5492 2187/159/5503 2125/160/5501
f 2212/161/5504 2169/162/5502 2206/163/5505
f 2027/164/5492 2169/165/5502 2212/166/5504
f 2187/155/5503 2186/167/5506 2154/156/5484
f 2187/168/5503 2221/169/5507 2186/170/5506
f 2212/171/5504 2206/172/5505 2187/173/5503
f 2187/159/5503 2027/158/5492 2212/174/5504
f 2187/175/5503 2206/176/5505 2238/177/5508
f 2187/178/5503 2238/179/5508 2221/180/5507
usemtl material_5_0
f 1746//5432 1747//5432 1697//5432
f 1746//5432 1697//5432 1748//5432
f 1748//5432 1697//5432 1749//5432
f 1749//5432 1697//5432 1750//5432
f 1750//5432 1697//5432 1657//5432
f 1750//5432 1657//5432 1751//5432
f 1751//5432 1657//5432 1698//5432
f 1751//5432 1698//5432 1752//5432
f 1752//5432 1698//5432 1753//5432
f 1753//5432 1698//5432 1699//5432
f 1748//5432 1754//5432 1746//5432
f 1754//5432 1748//5432 1755//5432
f 1754//5432 1755//5432 1756//5432
f 1754//5432 1756//5432 1757//5432
f 1759//5509 1745//5509 1696//5509
f 1759//5509 1696//5509 1760//5509
f 1760//5509 1696//5509 1758//5509
f 1760//5509 1758//5509 1761//5509
f 1753//5432 1699//5432 1762//5432
f 1763//5432 1764//5432 1762//5432
f 1763//5432 1762//5432 1699//5432
f 1763//5432 1699//5432 1765//5432
f 1801//5432 1802//5432 1803//5432
f 1803//5432 1802//5432 1804//5432
f 1803//5432 1804//5432 1805//5432
f 1805//5432 1804//5432 1806//5432
f 1806//5432 1804//5432 1807//5432
f 1806//5432 1807//5432 1808//5432
f 1808//5432 1807//5432 1809//5432
f 1808//5432 1809//5432 1810//5432
f 1769//5432 1811//5432 1770//5432
f 1811//5432 1769//5432 1727//5432
f 1727//5432 1769//5432 1812//5432
f 1727//5432 1812//5432 1813//5432
f 1815//5510 1816//5510 1817//5510
f 1817//5510 1816//5510 1818//5510
f 1726//5510 1819//5510 1818//5510
f 1818//5510 1819//5510 1817//5510
f 1810//5432 1809//5432 1729//5432
f 1729//5432 1809//5432 1730//5432
f 1727//5432 1813//5432 1814//5432
f 1727//5432 1814//5432 1680//5432
f 1680//5432 1814//5432 1821//5432
f 1680//5432 1821//5432 1728//5432
f 1728//5432 1821//5432 1822//5432
f 1728//5432 1822//5432 1823//5432
f 1728//5432 1823//5432 1729//5432
f 1729//5432 1823//5432 1810//5432
f 1829//5511 1733//5511 1831//5511
f 1831//5511 1733//5511 1732//5511
f 1831//5511 1732//5511 1832//5511
f 1832//5511 1732//5511 1681//5511
f 1735//5511 1828//5511 1830//5511
f 1735//5511 1830//5511 1736//5511
f 1736//5511 1830//5511 1832//5511
f 1736//5511 1832//5511 1681//5511
f 1743//5509 1857//5509 1695//5509
f 1857//5509 1743//5509 1854//5509
f 1857//5509 1850//5509 1695//5509
f 1850//5509 1857//5509 1853//5509
f 1850//5509 1853//5509 1856//5509
f 1850//5509 1856//5509 1852//5509
f 1854//5509 1743//5509 1744//5509
f 1854//5509 1744//5509 1855//5509
f 1855//5509 1744//5509 1745//5509
f 1855//5509 1745//5509 1759//5509
f 1852//5509 1856//5509 1858//5509
f 1852//5509 1858//5509 1860//5509
f 1747//5432 1746//5432 1766//5432
f 1757//5432 1756//5432 1767//5432
f 1757//5432 1767//5432 1768//5432
f 1757//5432 1768//5432 1862//5432
f 1862//5432 1768//5432 1764//5432
f 1862//5432 1764//5432 1763//5432
f 1820//5509 1859//5509 1761//5509
f 1820//5509 1761//5509 1758//5509
f 1802//5432 1812//5432 1769//5432
f 1812//5432 1802//5432 1801//5432
f 1799//5510 1896//5510 1800//5510
f 1800//5510 1896//5510 1897//5510
f 1800//5510 1897//5510 1726//5510
f 1726//5510 1897//5510 1819//5510
f 1898//5510 1851//5510 1895//5510
f 1895//5510 1851//5510 1861//5510
f 1895//5510 1861//5510 1815//5510
f 1815//5510 1861//5510 1816//5510
f 1904//5512 1825//5512 1824//5512
f 1825//5512 1904//5512 1900//5512
f 1825//5512 1900//5512 1731//5512
f 1731//5512 1900//5512 1902//5512
f 1731//5512 1902//5512 1826//5512
f 1826//5512 1902//5512 1905//5512
f 1826//5512 1905//5512 1827//5512
f 1827//5512 1905//5512 1907//5512
f 1827//5512 1907//5512 1909//5512
f 1908//5512 1833//5512 1910//5512
f 1910//5512 1833//5512 1835//5512
f 1910//5512 1835//5512 1909//5512
f 1827//5512 1909//5512 1734//5512
f 1734//5512 1909//5512 1835//5512
f 1921//5511 1913//5511 1917//5511
f 1913//5511 1921//5511 1911//5511
f 1911//5511 1921//5511 1923//5511
f 1911//5511 1923//5511 1915//5511
f 1915//5511 1923//5511 1733//5511
f 1915//5511 1733//5511 1829//5511
f 1913//5511 1918//5511 1917//5511
f 1918//5511 1913//5511 1912//5511
f 1918//5511 1912//5511 1834//5511
f 1834//5511 1912//5511 1914//5511
f 1834//5511 1914//5511 1735//5511
f 1735//5511 1914//5511 1828//5511
f 1849//5510 1931//5510 1725//5510
f 1931//5510 1849//5510 1899//5510
f 1899//5510 1849//5510 1898//5510
f 1898//5510 1849//5510 1851//5510
f 1931//5510 1798//5510 1725//5510
f 1798//5510 1931//5510 1932//5510
f 1798//5510 1932//5510 1799//5510
f 1799//5510 1932//5510 1896//5510
f 1860//5509 1858//5509 1859//5509
f 1860//5509 1859//5509 1820//5509
f 1864//5509 1935//5509 1863//5509
f 1935//5509 1864//5509 1936//5509
f 1936//5509 1864//5509 1771//5509
f 1936//5509 1771//5509 1937//5509
f 1937//5509 1771//5509 1865//5509
f 1937//5509 1865//5509 1938//5509
f 1938//5509 1865//5509 1866//5509
f 1938//5509 1866//5509 1939//5509
f 1939//5509 1866//5509 1943//5509
f 1922//5509 1941//5509 1944//5509
f 1922//5509 1944//5509 1942//5509
f 1942//5509 1944//5509 1943//5509
f 1942//5509 1943//5509 1867//5509
f 1933//5512 1904//5512 1824//5512
f 1904//5512 1933//5512 1973//5512
f 1973//5512 1933//5512 1974//5512
f 1973//5512 1974//5512 1901//5512
f 1901//5512 1974//5512 1916//5512
f 1901//5512 1916//5512 1903//5512
f 1903//5512 1916//5512 1906//5512
f 1906//5512 1916//5512 1919//5512
f 1906//5512 1919//5512 1908//5512
f 1908//5512 1919//5512 1833//5512
f 1935//5509 1934//5509 1863//5509
f 1934//5509 1935//5509 1985//5509
f 1934//5509 1985//5509 1920//5509
f 1920//5509 1985//5509 1940//5509
f 1943//5509 1866//5509 1867//5509
f 1920//5509 1940//5509 1941//5509
f 1920//5509 1941//5509 1922//5509
usemtl material_6_0
f 1828//5511 1829//5511 1830//5511
f 1830//5511 1829//5511 1831//5511
f 1830//5511 1831//5511 1832//5511
f 1853//5509 1854//5509 1855//5509
f 1853//5509 1855//5509 1759//5509
f 1853//5509 1759//5509 1856//5509
f 1858//5509 1760//5509 1761//5509
f 1858//5509 1761//5509 1859//5509
f 1856//5509 1759//5509 1760//5509
f 1856//5509 1760//5509 1858//5509
f 1897//5510 1898//5510 1819//5510
f 1819//5510 1898//5510 1895//5510
f 1819//5510 1895//5510 1817//5510
f 1817//5510 1895//5510 1815//5510
f 1900//5512 1901//5512 1902//5512
f 1902//5512 1901//5512 1903//5512
f 1902//5512 1903//5512 1905//5512
f 1905//5512 1903//5512 1906//5512
f 1905//5512 1906//5512 1907//5512
f 1907//5512 1906//5512 1908//5512
f 1907//5512 1908//5512 1909//5512
f 1909//5512 1908//5512 1910//5512
f 1911//5511 1912//5511 1913//5511
f 1912//5511 1911//5511 1914//5511
f 1914//5511 1911//5511 1915//5511
f 1914//5511 1915//5511 1828//5511
f 1828//5511 1915//5511 1829//5511
f 1896//5510 1899//5510 1897//5510
f 1897//5510 1899//5510 1898//5510
f 1854//5509 1853//5509 1857//5509
f 1940//5509 1937//5509 1938//5509
f 1940//5509 1938//5509 1941//5509
f 1941//5509 1938//5509 1939//5509
f 1941//5509 1939//5509 1944//5509
f 1944//5509 1939//5509 1943//5509
f 1973//5512 1900//5512 1904//5512
f 1900//5512 1973//5512 1901//5512
f 1899//5510 1932//5510 1931//5510
f 1932//5510 1899//5510 1896//5510
f 1936//5509 1985//5509 1935//5509
f 1985//5509 1936//5509 1937//5509
f 1985//5509 1937//5509 1940//5509
usemtl material_7_0
f 2801//5513 2788//5514 2767//5513
f 2802//5515 2767//5513 2789//5515
f 2768//5516 2803//5517 2790//5517
f 2791//5518 2805//5516 2768//5516
f 2787//5519 2819//5520 2799//5520
f 2822//5514 2800//5521 2788//5514
f 2788//5514 2801//5513 2822//5514
f 2767//5513 2802//5515 2801//5513
f 2803//5517 2789//5515 2790//5517
f 2789//5515 2803//5517 2802//5515
f 2803//5517 2768//5516 2805//5516
f 2804//5522 2823//5518 2791//5518
f 2805//5516 2791//5518 2823//5518
f 2831//5523 2813//5524 2795//5523
f 2833//5525 2795//5523 2814//5525
f 2817//5526 2837//5527 2798//5527
f 2798//5527 2839//5528 2818//5528
f 2819//5520 2787//5519 2840//5519
f 2841//5529 2799//5520 2819//5520
f 2844//5521 2821//5530 2800//5521
f 2800//5521 2822//5514 2844//5521
f 2845//2164 2822//2164 2801//2164
f 2846//2164 2801//2164 2802//2164
f 2848//2164 2803//2164 2805//2164
f 2823//5518 2804//5522 2849//5522
f 2850//2164 2805//2164 2823//2164
f 2854//5531 2808//5532 2826//5531
f 2855//5532 2827//5533 2808//5532
f 2857//5534 2828//5535 2810//5534
f 2860//5524 2830//5536 2813//5524
f 2813//5524 2831//5523 2860//5524
f 2795//5523 2833//5525 2831//5523
f 2862//5537 2814//5525 2832//5537
f 2814//5525 2862//5537 2833//5525
f 2867//5538 2817//5526 2836//5538
f 2837//5527 2817//5526 2868//5526
f 2839//5528 2798//5527 2837//5527
f 2838//5539 2840//5519 2787//5519
f 2870//5540 2818//5528 2839//5528
f 2871//2164 2819//2164 2840//2164
f 2799//5520 2841//5529 2820//5529
f 2819//2164 2872//2164 2841//2164
f 2873//5541 2875//5542 2842//5542
f 2876//5530 2843//5543 2821//5530
f 2821//5530 2844//5521 2876//5530
f 2877//2164 2844//2164 2822//2164
f 2877//2164 2822//2164 2845//2164
f 2845//2164 2801//2164 2846//2164
f 2846//2164 2802//2164 2847//2164
f 2847//2164 2802//2164 2803//2164
f 2847//2164 2803//2164 2878//2164
f 2878//2164 2803//2164 2848//2164
f 2848//2164 2805//2164 2850//2164
f 2804//5522 2879//5544 2849//5522
f 2879//2164 2823//2164 2849//2164
f 2850//2164 2823//2164 2879//2164
f 2880//5533 2824//5545 2827//5533
f 2879//5544 2804//5522 2851//5544
f 2883//5546 2825//5547 2852//5546
f 2884//5547 2853//5548 2825//5547
f 2885//5548 2826//5531 2853//5548
f 2808//5532 2854//5531 2855//5532
f 2826//5531 2885//5548 2854//5531
f 2827//5533 2855//5532 2880//5533
f 2828//5535 2887//5549 2856//5549
f 2828//5535 2857//5534 2888//5535
f 2810//5534 2889//5550 2857//5534
f 2891//5551 2829//5552 2858//5551
f 2830//5536 2860//5524 2893//5536
f 2894//2164 2860//2164 2831//2164
f 2895//2164 2831//2164 2833//2164
f 2897//5553 2832//5537 2861//5553
f 2832//5537 2897//5553 2862//5537
f 2898//2164 2833//2164 2862//2164
f 2834//5554 2900//5555 2835//5555
f 2902//5556 2836//5538 2866//5556
f 2903//5543 2866//5556 2843//5543
f 2817//5526 2867//5538 2868//5526
f 2836//5538 2902//5556 2867//5538
f 2866//5556 2903//5543 2902//5556
f 2868//2164 2839//2164 2837//2164
f 2872//5557 2838//5539 2869//5557
f 2840//5519 2838//5539 2871//5539
f 2818//5528 2870//5540 2904//5540
f 2839//2164 2867//2164 2870//2164
f 2819//2164 2871//2164 2872//2164
f 2820//5529 2905//5541 2873//5541
f 2841//2164 2872//2164 2906//2164
f 2875//5542 2874//5558 2842//5542
f 2875//5542 2873//5541 2905//5541
f 2843//5543 2876//5530 2903//5543
f 2907//2164 2876//2164 2844//2164
f 2907//2164 2844//2164 2877//2164
f 2908//5559 2877//5560 2845//5559
f 2909//5561 2845//5559 2846//5561
f 2910//5562 2846//5561 2847//5562
f 2911//5563 2847//5562 2878//5563
f 2912//5564 2878//5563 2848//5564
f 2913//5565 2848//5564 2850//5565
f 2851//5544 2850//5565 2879//5544
f 2824//5545 2880//5533 2914//5545
f 2824//5545 2915//5566 2881//5566
f 2825//5547 2883//5546 2884//5547
f 2852//5546 2916//5567 2883//5546
f 2853//5548 2884//5547 2885//5548
f 2854//2164 2917//2164 2855//2164
f 2885//2164 2918//2164 2854//2164
f 2855//2164 2915//2164 2880//2164
f 2856//5549 2921//5568 2886//5568
f 2887//5549 2828//5535 2888//5535
f 2921//5568 2856//5549 2887//5549
f 2889//2164 2888//2164 2857//2164
f 2889//5550 2810//5534 2859//5550
f 2923//5569 2858//5551 2890//5569
f 2829//5552 2891//5551 2924//5552
f 2858//5551 2923//5569 2891//5551
f 2829//5552 2926//5570 2892//5570
f 2893//5536 2863//5571 2830//5536
f 2927//2164 2893//2164 2860//2164
f 2927//2164 2860//2164 2894//2164
f 2894//2164 2831//2164 2895//2164
f 2895//2164 2833//2164 2928//2164
f 2929//5572 2861//5553 2896//5572
f 2861//5553 2929//5572 2897//5553
f 2930//2164 2862//2164 2897//2164
f 2928//2164 2833//2164 2898//2164
f 2898//2164 2862//2164 2930//2164
f 2863//5571 2932//5573 2899//5573
f 2900//5555 2834//5554 2933//5554
f 2934//5574 2835//5555 2900//5555
f 2864//5574 2935//5575 2865//5575
f 2935//5575 2901//5576 2865//5575
f 2839//2164 2868//2164 2867//2164
f 2838//5539 2872//5557 2871//5539
f 2869//5557 2906//5577 2872//5557
f 2937//5578 2904//5540 2870//5540
f 2870//2164 2867//2164 2902//2164
f 2870//2164 2902//2164 2937//2164
f 2905//5541 2820//5529 2841//5529
f 2841//2164 2906//2164 2905//2164
f 2905//2164 2906//2164 2875//2164
f 2874//5558 2875//5542 2939//5558
f 2939//5558 2882//5567 2874//5558
f 2937//2164 2903//2164 2876//2164
f 2937//2164 2876//2164 2907//2164
f 2940//5560 2907//5579 2877//5560
f 2877//5560 2908//5559 2940//5560
f 2845//5559 2909//5561 2908//5559
f 2846//5561 2910//5562 2909//5561
f 2847//5562 2911//5563 2910//5562
f 2878//5563 2912//5564 2911//5563
f 2848//5564 2913//5565 2912//5564
f 2850//5565 2851//5544 2913//5565
f 2880//2164 2915//2164 2914//2164
f 2915//5566 2824//5545 2914//5545
f 2917//5580 2881//5566 2915//5566
f 2883//2164 2942//2164 2884//2164
f 2916//5567 2852//5546 2882//5567
f 2916//2164 2943//2164 2883//2164
f 2884//2164 2944//2164 2885//2164
f 2854//2164 2945//2164 2917//2164
f 2855//2164 2917//2164 2915//2164
f 2885//2164 2944//2164 2918//2164
f 2854//2164 2918//2164 2945//2164
f 2946//5581 2919//5582 2920//5581
f 2886//5568 2946//5581 2920//5581
f 2946//5581 2886//5568 2921//5568
f 2889//2164 2887//2164 2888//2164
f 2859//5550 2947//5583 2889//5550
f 2949//5584 2890//5569 2922//5584
f 2922//5584 2950//5585 2949//5584
f 2890//5569 2949//5584 2923//5569
f 2891//2164 2926//2164 2924//2164
f 2926//5570 2829//5552 2924//5552
f 2923//2164 2926//2164 2891//2164
f 2947//5583 2859//5550 2925//5583
f 2952//5586 2892//5570 2926//5570
f 2863//5571 2893//5536 2953//5571
f 2932//2164 2893//2164 2927//2164
f 2894//5587 2954//5588 2927//5588
f 2955//5589 2894//5587 2895//5589
f 2956//5590 2895//5589 2928//5590
f 2957//5582 2896//5572 2919//5582
f 2896//5572 2957//5582 2929//5572
f 2958//2164 2897//2164 2929//2164
f 2930//2164 2897//2164 2958//2164
f 2959//5591 2928//5590 2898//5591
f 2960//5592 2898//5591 2930//5592
f 2931//5593 2933//5554 2834//5554
f 2932//5573 2863//5571 2953//5571
f 2927//5588 2899//5573 2932//5573
f 2835//5555 2934//5574 2864//5574
f 2900//2164 2962//2164 2934//2164
f 2935//5575 2864//5574 2934//5574
f 2901//5576 2935//5575 2963//5576
f 2963//5576 2936//5594 2901//5576
f 2937//2164 2902//2164 2903//2164
f 2906//5577 2869//5557 2938//5577
f 2904//5540 2937//5578 2965//5578
f 2875//2164 2906//2164 2966//2164
f 2882//5567 2939//5558 2916//5567
f 2967//5579 2937//5578 2907//5579
f 2907//5579 2940//5560 2967//5579
f 2881//5566 2917//5580 2941//5580
f 2883//2164 2943//2164 2942//2164
f 2884//2164 2942//2164 2944//2164
f 2916//2164 2972//2164 2943//2164
f 2945//5595 2941//5580 2917//5580
f 2970//5596 2918//5597 2944//5596
f 2971//5597 2945//5595 2918//5597
f 2919//5582 2946//5581 2957//5582
f 2947//2164 2887//2164 2889//2164
f 2947//2164 2921//2164 2887//2164
f 2950//5585 2922//5584 2948//5585
f 2950//2164 2952//2164 2949//2164
f 2949//2164 2952//2164 2923//2164
f 2923//2164 2952//2164 2926//2164
f 2892//5570 2952//5586 2951//5586
f 2925//5583 2975//5598 2947//5583
f 2893//2164 2932//2164 2953//2164
f 2954//5588 2894//5587 2976//5587
f 2899//5573 2927//5588 2954//5588
f 2894//5587 2955//5589 2976//5587
f 2895//5589 2956//5590 2955//5589
f 2928//5590 2959//5591 2956//5590
f 2977//2164 2929//2164 2957//2164
f 2958//2164 2929//2164 2977//2164
f 2978//5599 2930//5592 2958//5599
f 2898//5591 2960//5592 2959//5591
f 2930//5592 2978//5599 2960//5592
f 2962//5600 2931//5593 2961//5600
f 2933//5554 2931//5593 2979//5593
f 2900//2164 2979//2164 2962//2164
f 2934//2164 2962//2164 2980//2164
f 2934//2164 2980//2164 2935//2164
f 2935//2164 2981//2164 2963//2164
f 2936//5594 2963//5576 2982//5594
f 2982//5594 2964//5601 2936//5594
f 2938//5577 2966//5602 2906//5577
f 2937//5578 2967//5579 2965//5578
f 2875//2164 2966//2164 2939//2164
f 2939//2164 2972//2164 2916//2164
f 2968//5603 2942//5604 2943//5603
f 2969//5604 2944//5596 2942//5604
f 2985//5605 2943//5603 2972//5605
f 2941//5580 2945//5595 2986//5595
f 2918//5597 2970//5596 2971//5597
f 2944//5596 2969//5604 2970//5596
f 2945//5595 2971//5597 2986//5595
f 2975//2164 2957//2164 2946//2164
f 2975//2164 2946//2164 2947//2164
f 2947//2164 2946//2164 2921//2164
f 2987//5606 2948//5585 2973//5606
f 2948//5585 2987//5606 2950//5585
f 2950//2164 2988//2164 2952//2164
f 2975//5598 2925//5583 2974//5598
f 2988//5607 2951//5586 2952//5586
f 2977//2164 2957//2164 2975//2164
f 2994//5608 2958//5599 2977//5608
f 2958//5599 2994//5608 2978//5599
f 2931//5593 2962//5600 2979//5593
f 2961//5600 2980//5609 2962//5600
f 2979//2164 2900//2164 2933//2164
f 2935//2164 2980//2164 2981//2164
f 2963//2164 2981//2164 2997//2164
f 2963//2164 2997//2164 2998//2164
f 2963//2164 2998//2164 2982//2164
f 2964//5601 2982//5594 2999//5601
f 2999//5601 2983//5610 2964//5601
f 2966//5602 2938//5577 2984//5602
f 2939//2164 2966//2164 2972//2164
f 2943//5603 2985//5605 2968//5603
f 2942//5604 2968//5603 2969//5604
f 2972//5605 2984//5602 2985//5605
f 2973//5606 3000//5610 2987//5606
f 3000//5610 2973//5606 2983//5610
f 2987//2164 2988//2164 2950//2164
f 2951//5586 2988//5607 2989//5607
f 2974//5598 2977//5608 2975//5598
f 2977//5608 2974//5598 2994//5608
f 2980//5609 2961//5600 2990//5609
f 2990//5609 2981//5611 2980//5609
f 2991//5611 2997//5612 2981//5611
f 2992//5612 2998//5613 2997//5612
f 2982//2164 2998//2164 3002//2164
f 2982//2164 3002//2164 2999//2164
f 2983//5610 2999//5601 3000//5610
f 2984//5602 2972//5605 2966//5602
f 3000//2164 3003//2164 2987//2164
f 2987//2164 3003//2164 2988//2164
f 2988//5607 3001//5614 2989//5607
f 2981//5611 2990//5609 2991//5611
f 2998//5613 2992//5612 2993//5613
f 3002//5615 2993//5613 2995//5615
f 3004//5616 2995//5615 2996//5616
f 3003//5614 2996//5616 3001//5614
f 2997//5612 2991//5611 2992//5612
f 2993//5613 3002//5615 2998//5613
f 2999//2164 3002//2164 3004//2164
f 2999//2164 3004//2164 3000//2164
f 3000//2164 3004//2164 3003//2164
f 3001//5614 2988//5607 3003//5614
f 2995//5615 3004//5616 3002//5615
f 2996//5616 3003//5614 3004//5616
