# SSTK version 0.8.0
# 2
mtllib original-2.mtl
o #ID4
v 0.392609 0.834277 0.321182
v 0.377140 0.823670 0.329100
v 0.393313 0.823670 0.322401
v 0.376776 0.834277 0.327740
v 0.376776 0.834277 0.327740
v 0.392609 0.834277 0.321182
v 0.377140 0.823670 0.329100
v 0.393313 0.823670 0.322401
v 0.359704 0.823670 0.331396
v 0.359612 0.834277 0.330000
v 0.359612 0.834277 0.330000
v 0.359704 0.823670 0.331396
v 0.377140 0.816840 0.329100
v 0.393313 0.816840 0.322401
v 0.377140 0.816840 0.329100
v 0.393313 0.816840 0.322401
v 0.406205 0.834277 0.310749
v 0.407201 0.823670 0.311745
v 0.406205 0.834277 0.310749
v 0.407201 0.823670 0.311745
v 0.390544 0.844162 0.317605
v 0.375707 0.844162 0.323751
v 0.375707 0.844162 0.323751
v 0.390544 0.844162 0.317605
v 0.331226 0.823670 0.331396
v 0.329830 0.834277 0.330000
v 0.329830 0.834277 0.330000
v 0.331226 0.823670 0.331396
v 0.359704 0.816840 0.331396
v 0.359704 0.816840 0.331396
v 0.359344 0.844162 0.325905
v 0.359344 0.844162 0.325905
v 0.407201 0.816840 0.311745
v 0.407201 0.816840 0.311745
v 0.417857 0.823670 0.297857
v 0.416637 0.834277 0.297153
v 0.416637 0.834277 0.297153
v 0.417857 0.823670 0.297857
v 0.403285 0.844162 0.307829
v 0.403285 0.844162 0.307829
v 0.387259 0.852649 0.311917
v 0.374007 0.852649 0.317406
v 0.374007 0.852649 0.317406
v 0.387259 0.852649 0.311917
v 0.331226 0.823670 0.331396
v 0.329830 0.834277 0.400765
v 0.331226 0.823670 0.400856
v 0.329830 0.834277 0.330000
v 0.329830 0.834277 0.330000
v 0.331226 0.823670 0.331396
v 0.329830 0.834277 0.400765
v 0.331226 0.823670 0.400856
v 0.331226 0.816840 0.331396
v 0.331226 0.816840 0.331396
v 0.325735 0.844162 0.325905
v 0.325735 0.844162 0.325905
v 0.358917 0.852649 0.319393
v 0.358917 0.852649 0.319393
v 0.417857 0.816840 0.297857
v 0.417857 0.816840 0.297857
v 0.424556 0.823670 0.281685
v 0.423196 0.834277 0.281320
v 0.423196 0.834277 0.281320
v 0.424556 0.823670 0.281685
v 0.413061 0.844162 0.295088
v 0.413061 0.844162 0.295088
v 0.398640 0.852649 0.303184
v 0.398640 0.852649 0.303184
v 0.382979 0.859162 0.304502
v 0.371791 0.859162 0.309137
v 0.382979 0.859162 0.304502
v 0.371791 0.859162 0.309137
v 0.327570 0.834277 0.417928
v 0.328930 0.823670 0.418293
v 0.327570 0.834277 0.417928
v 0.328930 0.823670 0.418293
v 0.331226 0.816840 0.331396
v 0.331226 0.816840 0.400856
v 0.331226 0.816840 0.331396
v 0.331226 0.816840 0.400856
v 0.325735 0.844162 0.400496
v 0.325735 0.844162 0.325905
v 0.325735 0.844162 0.325905
v 0.325735 0.844162 0.400496
v 0.319223 0.852649 0.319393
v 0.319223 0.852649 0.319393
v 0.358361 0.859162 0.310905
v 0.358361 0.859162 0.310905
v 0.424556 0.816840 0.281685
v 0.424556 0.816840 0.281685
v 0.426852 0.823670 0.264248
v 0.425455 0.834277 0.264157
v 0.425455 0.834277 0.264157
v 0.426852 0.823670 0.264248
v 0.419207 0.844162 0.280251
v 0.419207 0.844162 0.280251
v 0.407372 0.852649 0.291804
v 0.407372 0.852649 0.291804
v 0.392586 0.859162 0.297131
v 0.392586 0.859162 0.297131
v 0.377994 0.863256 0.295869
v 0.369211 0.863256 0.299507
v 0.377994 0.863256 0.295869
v 0.369211 0.863256 0.299507
v 0.321012 0.834277 0.433761
v 0.322232 0.823670 0.434465
v 0.321012 0.834277 0.433761
v 0.322232 0.823670 0.434465
v 0.328930 0.816840 0.418293
v 0.328930 0.816840 0.418293
v 0.323581 0.844162 0.416859
v 0.323581 0.844162 0.416859
v 0.319223 0.852649 0.400069
v 0.319223 0.852649 0.319393
v 0.319223 0.852649 0.319393
v 0.319223 0.852649 0.400069
v 0.310735 0.859162 0.310905
v 0.310735 0.859162 0.310905
v 0.357713 0.863256 0.301021
v 0.357713 0.863256 0.301021
v 0.426852 0.816840 0.264248
v 0.426852 0.816840 0.264248
v 0.426852 0.823670 -0.303670
v 0.425455 0.834277 -0.303584
v 0.425455 0.834277 -0.303584
v 0.426852 0.823670 -0.303670
v 0.421361 0.844162 0.263888
v 0.421361 0.844162 0.263888
v 0.412862 0.852649 0.278551
v 0.412862 0.852649 0.278551
v 0.399958 0.859162 0.287523
v 0.399958 0.859162 0.287523
v 0.385537 0.863256 0.290081
v 0.385537 0.863256 0.290081
v 0.372645 0.864653 0.286603
v 0.366442 0.864653 0.289173
v 0.372645 0.864653 0.286603
v 0.366442 0.864653 0.289173
v 0.310579 0.834277 0.447357
v 0.311575 0.823670 0.448353
v 0.310579 0.834277 0.447357
v 0.311575 0.823670 0.448353
v 0.322232 0.816840 0.434465
v 0.322232 0.816840 0.434465
v 0.317436 0.844162 0.431696
v 0.317436 0.844162 0.431696
v 0.317236 0.852649 0.415159
v 0.317236 0.852649 0.415159
v 0.310735 0.859162 0.310905
v 0.310735 0.859162 0.399513
v 0.310735 0.859162 0.310905
v 0.310735 0.859162 0.399513
v 0.300851 0.863256 0.301021
v 0.300851 0.863256 0.301021
v 0.357018 0.864653 0.290414
v 0.357018 0.864653 0.290414
v 0.426852 0.816840 -0.303670
v 0.426852 0.816840 -0.303670
v 0.423459 0.834277 -0.319732
v 0.424824 0.823670 -0.320074
v 0.424824 0.823670 -0.320074
v 0.423459 0.834277 -0.319732
v 0.421361 0.844162 -0.303332
v 0.421361 0.844162 -0.303332
v 0.414848 0.852649 0.263461
v 0.414848 0.852649 0.263461
v 0.404592 0.859162 0.276335
v 0.404592 0.859162 0.276335
v 0.391324 0.863256 0.282539
v 0.391324 0.863256 0.282539
v 0.377972 0.864653 0.282516
v 0.377972 0.864653 0.282516
v -0.307116 0.864653 0.407594
v -0.308357 0.864653 0.290414
v -0.308357 0.864653 0.398170
v -0.304547 0.864653 0.413797
v -0.302631 0.864653 0.406392
v -0.303754 0.864653 0.397868
v -0.300460 0.864653 0.419124
v -0.300526 0.864653 0.411476
v -0.297176 0.864653 0.415841
v -0.295133 0.864653 0.423211
v -0.292811 0.864653 0.419190
v -0.288930 0.864653 0.425781
v -0.287728 0.864653 0.421296
v -0.279506 0.864653 0.427022
v -0.279204 0.864653 0.422418
v 0.261392 0.864653 0.427022
v 0.261090 0.864653 0.422418
v 0.269614 0.864653 0.421296
v 0.270816 0.864653 0.425781
v 0.274698 0.864653 0.419190
v 0.277019 0.864653 0.423211
v 0.279063 0.864653 0.415841
v 0.282346 0.864653 0.419124
v 0.282412 0.864653 0.411476
v 0.286433 0.864653 0.413797
v 0.284518 0.864653 0.406392
v 0.285640 0.864653 0.397868
v 0.285640 0.864653 0.285810
v 0.290244 0.864653 0.290414
v 0.356716 0.864653 0.285810
v 0.289003 0.864653 0.407594
v 0.290244 0.864653 0.398170
v 0.365240 0.864653 0.284688
v 0.370323 0.864653 0.282582
v 0.374688 0.864653 0.279233
v 0.378038 0.864653 0.274868
v 0.382059 0.864653 0.277189
v 0.380143 0.864653 0.269784
v 0.381266 0.864653 0.261260
v 0.381266 0.864653 -0.300864
v -0.402742 0.864653 0.270986
v -0.403983 0.864653 -0.019709
v -0.403983 0.864653 0.261562
v -0.402886 0.864653 -0.310020
v -0.400607 0.864653 -0.315915
v -0.400173 0.864653 0.277189
v -0.399379 0.864653 -0.300864
v -0.396960 0.864653 -0.321078
v -0.398387 0.864653 -0.308890
v -0.396518 0.864653 -0.313724
v -0.392167 0.864653 -0.325198
v -0.393528 0.864653 -0.317957
v -0.389597 0.864653 -0.321335
v -0.384172 0.864653 -0.329198
v -0.382365 0.864653 -0.324955
v -0.380343 0.864653 -0.330557
v -0.378902 0.864653 -0.326183
v -0.328739 0.864653 -0.346267
v -0.327498 0.864653 -0.341832
v -0.276474 0.864653 -0.359615
v -0.275436 0.864653 -0.355129
v -0.223657 0.864653 -0.370574
v -0.222824 0.864653 -0.366045
v -0.170396 0.864653 -0.379121
v -0.169770 0.864653 -0.374559
v -0.116802 0.864653 -0.385239
v -0.116384 0.864653 -0.380653
v -0.062985 0.864653 -0.388915
v -0.062776 0.864653 -0.384315
v -0.009057 0.864653 -0.390141
v -0.009057 0.864653 -0.385536
v 0.044662 0.864653 -0.384315
v 0.044871 0.864653 -0.388915
v 0.098270 0.864653 -0.380653
v 0.098688 0.864653 -0.385239
v 0.151656 0.864653 -0.374559
v 0.152282 0.864653 -0.379121
v 0.204710 0.864653 -0.366045
v 0.205543 0.864653 -0.370574
v 0.257323 0.864653 -0.355129
v 0.258360 0.864653 -0.359615
v 0.309384 0.864653 -0.341832
v 0.310625 0.864653 -0.346267
v 0.360788 0.864653 -0.326183
v 0.362229 0.864653 -0.330557
v 0.364251 0.864653 -0.324955
v 0.366058 0.864653 -0.329198
v 0.371484 0.864653 -0.321335
v 0.374053 0.864653 -0.325198
v 0.375415 0.864653 -0.317957
v 0.378847 0.864653 -0.321078
v 0.378404 0.864653 -0.313724
v 0.380273 0.864653 -0.308890
v 0.382493 0.864653 -0.315915
v 0.384629 0.864653 0.270986
v 0.384773 0.864653 -0.310020
v 0.385869 0.864653 0.261562
v 0.385869 0.864653 -0.301147
v -0.399379 0.864653 0.261260
v -0.398257 0.864653 0.269784
v -0.396085 0.864653 0.282516
v -0.396151 0.864653 0.274868
v -0.392802 0.864653 0.279233
v -0.390758 0.864653 0.286603
v -0.388437 0.864653 0.282582
v -0.384555 0.864653 0.289173
v -0.383353 0.864653 0.284688
v -0.375131 0.864653 0.290414
v -0.374829 0.864653 0.285810
v -0.303754 0.864653 0.285810
v -0.399379 0.864653 -0.019709
v -0.403983 0.864653 -0.301147
v -0.403983 0.864653 -0.019709
v -0.403983 0.864653 -0.301147
v -0.402886 0.864653 -0.310020
v -0.399379 0.864653 0.261260
v -0.399379 0.864653 -0.300864
v -0.399379 0.864653 -0.019709
v -0.303754 0.864653 0.397868
v -0.304547 0.864653 0.413797
v -0.303754 0.864653 0.285810
v -0.307116 0.864653 0.407594
v -0.308357 0.864653 0.290414
v -0.374829 0.864653 0.285810
v -0.375131 0.864653 0.290414
v -0.383353 0.864653 0.284688
v -0.384555 0.864653 0.289173
v -0.388437 0.864653 0.282582
v -0.390758 0.864653 0.286603
v -0.392802 0.864653 0.279233
v -0.396085 0.864653 0.282516
v -0.396151 0.864653 0.274868
v -0.398257 0.864653 0.269784
v -0.400173 0.864653 0.277189
v 0.385869 0.864653 -0.301147
v 0.385869 0.864653 0.261562
v 0.384773 0.864653 -0.310020
v 0.384629 0.864653 0.270986
v 0.382493 0.864653 -0.315915
v 0.382059 0.864653 0.277189
v 0.381266 0.864653 -0.300864
v 0.380273 0.864653 -0.308890
v 0.378847 0.864653 -0.321078
v 0.378404 0.864653 -0.313724
v 0.375415 0.864653 -0.317957
v 0.374053 0.864653 -0.325198
v 0.371484 0.864653 -0.321335
v 0.366058 0.864653 -0.329198
v 0.364251 0.864653 -0.324955
v 0.362229 0.864653 -0.330557
v 0.360788 0.864653 -0.326183
v 0.310625 0.864653 -0.346267
v 0.309384 0.864653 -0.341832
v 0.258360 0.864653 -0.359615
v 0.257323 0.864653 -0.355129
v 0.205543 0.864653 -0.370574
v 0.204710 0.864653 -0.366045
v 0.152282 0.864653 -0.379121
v 0.151656 0.864653 -0.374559
v 0.098688 0.864653 -0.385239
v 0.098270 0.864653 -0.380653
v 0.044871 0.864653 -0.388915
v 0.044662 0.864653 -0.384315
v -0.009057 0.864653 -0.390141
v -0.009057 0.864653 -0.385536
v -0.062776 0.864653 -0.384315
v -0.062985 0.864653 -0.388915
v -0.116384 0.864653 -0.380653
v -0.116802 0.864653 -0.385239
v -0.169770 0.864653 -0.374559
v -0.170396 0.864653 -0.379121
v -0.222824 0.864653 -0.366045
v -0.223657 0.864653 -0.370574
v -0.275436 0.864653 -0.355129
v -0.276474 0.864653 -0.359615
v -0.327498 0.864653 -0.341832
v -0.328739 0.864653 -0.346267
v -0.378902 0.864653 -0.326183
v -0.380343 0.864653 -0.330557
v -0.382365 0.864653 -0.324955
v -0.384172 0.864653 -0.329198
v -0.389597 0.864653 -0.321335
v -0.392167 0.864653 -0.325198
v -0.393528 0.864653 -0.317957
v -0.396518 0.864653 -0.313724
v -0.396960 0.864653 -0.321078
v -0.398387 0.864653 -0.308890
v -0.400607 0.864653 -0.315915
v -0.402742 0.864653 0.270986
v -0.403983 0.864653 0.261562
v 0.381266 0.864653 0.261260
v 0.380143 0.864653 0.269784
v 0.378038 0.864653 0.274868
v 0.374688 0.864653 0.279233
v 0.370323 0.864653 0.282582
v 0.365240 0.864653 0.284688
v 0.356716 0.864653 0.285810
v 0.290244 0.864653 0.290414
v 0.290244 0.864653 0.398170
v 0.289003 0.864653 0.407594
v 0.286433 0.864653 0.413797
v 0.285640 0.864653 0.285810
v 0.285640 0.864653 0.397868
v 0.284518 0.864653 0.406392
v 0.282412 0.864653 0.411476
v 0.282346 0.864653 0.419124
v 0.279063 0.864653 0.415841
v 0.277019 0.864653 0.423211
v 0.274698 0.864653 0.419190
v 0.270816 0.864653 0.425781
v 0.269614 0.864653 0.421296
v 0.261392 0.864653 0.427022
v 0.261090 0.864653 0.422418
v -0.279204 0.864653 0.422418
v -0.279506 0.864653 0.427022
v -0.287728 0.864653 0.421296
v -0.288930 0.864653 0.425781
v -0.292811 0.864653 0.419190
v -0.295133 0.864653 0.423211
v -0.297176 0.864653 0.415841
v -0.300460 0.864653 0.419124
v -0.300526 0.864653 0.411476
v -0.302631 0.864653 0.406392
v -0.308357 0.864653 0.398170
v 0.297687 0.823670 0.459010
v 0.296983 0.834277 0.457790
v 0.296983 0.834277 0.457790
v 0.297687 0.823670 0.459010
v 0.311575 0.816840 0.448353
v 0.311575 0.816840 0.448353
v 0.307659 0.844162 0.444437
v 0.307659 0.844162 0.444437
v 0.311747 0.852649 0.428412
v 0.311747 0.852649 0.428412
v 0.308967 0.859162 0.412943
v 0.308967 0.859162 0.412943
v 0.300851 0.863256 0.301021
v 0.300851 0.863256 0.398865
v 0.300851 0.863256 0.301021
v 0.300851 0.863256 0.398865
v 0.424824 0.816840 -0.320074
v 0.424824 0.816840 -0.320074
v 0.417651 0.834277 -0.334755
v 0.418891 0.823670 -0.335419
v 0.418891 0.823670 -0.335419
v 0.417651 0.834277 -0.334755
v 0.419458 0.844162 -0.318727
v 0.419458 0.844162 -0.318727
v 0.414848 0.852649 -0.302931
v 0.414848 0.852649 -0.302931
v 0.406360 0.859162 0.262905
v 0.406360 0.859162 0.262905
v 0.394963 0.863256 0.273755
v 0.394963 0.863256 0.273755
v 0.396476 0.863256 0.262257
v 0.396476 0.863256 0.262257
v 0.396476 0.863256 -0.301800
v 0.396476 0.863256 -0.301800
v 0.395139 0.863256 -0.312622
v 0.395139 0.863256 -0.312622
v 0.391914 0.863256 -0.320963
v 0.391914 0.863256 -0.320963
v 0.386754 0.863256 -0.328268
v 0.386754 0.863256 -0.328268
v 0.379972 0.863256 -0.334097
v 0.379972 0.863256 -0.334097
v 0.370221 0.863256 -0.338976
v 0.370221 0.863256 -0.338976
v 0.365549 0.863256 -0.340634
v 0.365549 0.863256 -0.340634
v 0.313483 0.863256 -0.356484
v 0.313483 0.863256 -0.356484
v 0.260751 0.863256 -0.369952
v 0.260751 0.863256 -0.369952
v 0.207462 0.863256 -0.381009
v 0.207462 0.863256 -0.381009
v 0.153725 0.863256 -0.389633
v 0.153725 0.863256 -0.389633
v 0.099652 0.863256 -0.395805
v 0.099652 0.863256 -0.395805
v 0.045354 0.863256 -0.399514
v 0.045354 0.863256 -0.399514
v -0.009057 0.863256 -0.400751
v -0.009057 0.863256 -0.400751
v -0.063467 0.863256 -0.399514
v -0.063467 0.863256 -0.399514
v -0.117765 0.863256 -0.395805
v -0.117765 0.863256 -0.395805
v -0.171839 0.863256 -0.389633
v -0.171839 0.863256 -0.389633
v -0.225576 0.863256 -0.381009
v -0.225576 0.863256 -0.381009
v -0.278865 0.863256 -0.369952
v -0.278865 0.863256 -0.369952
v -0.331597 0.863256 -0.356484
v -0.331597 0.863256 -0.356484
v -0.383662 0.863256 -0.340634
v -0.383662 0.863256 -0.340634
v -0.388334 0.863256 -0.338976
v -0.388334 0.863256 -0.338976
v -0.398086 0.863256 -0.334097
v -0.398086 0.863256 -0.334097
v -0.404868 0.863256 -0.328268
v -0.404868 0.863256 -0.328268
v -0.410027 0.863256 -0.320963
v -0.410027 0.863256 -0.320963
v -0.413252 0.863256 -0.312622
v -0.413252 0.863256 -0.312622
v -0.414590 0.863256 -0.301800
v -0.414590 0.863256 -0.301800
v -0.414590 0.863256 -0.019709
v -0.414590 0.863256 0.262257
v -0.414590 0.863256 -0.019709
v -0.414590 0.863256 0.262257
v -0.413076 0.863256 0.273755
v -0.413076 0.863256 0.273755
v -0.409438 0.863256 0.282539
v -0.409438 0.863256 0.282539
v -0.403650 0.863256 0.290081
v -0.403650 0.863256 0.290081
v -0.396108 0.863256 0.295869
v -0.396108 0.863256 0.295869
v -0.387324 0.863256 0.299507
v -0.387324 0.863256 0.299507
v -0.375826 0.863256 0.301021
v -0.375826 0.863256 0.301021
v -0.318964 0.863256 0.301021
v -0.318964 0.863256 0.301021
v -0.318964 0.863256 0.301021
v -0.318964 0.863256 0.398865
v -0.318964 0.863256 0.301021
v -0.318964 0.863256 0.398865
v -0.317450 0.863256 0.410363
v -0.317450 0.863256 0.410363
v -0.313812 0.863256 0.419147
v -0.313812 0.863256 0.419147
v -0.308025 0.863256 0.426689
v -0.308025 0.863256 0.426689
v -0.300482 0.863256 0.432477
v -0.300482 0.863256 0.432477
v -0.291699 0.863256 0.436115
v -0.291699 0.863256 0.436115
v -0.280201 0.863256 0.437629
v -0.280201 0.863256 0.437629
v 0.262087 0.863256 0.437629
v 0.262087 0.863256 0.437629
v 0.273585 0.863256 0.436115
v 0.273585 0.863256 0.436115
v 0.282369 0.863256 0.432477
v 0.282369 0.863256 0.432477
v 0.289911 0.863256 0.426689
v 0.289911 0.863256 0.426689
v 0.295699 0.863256 0.419147
v 0.295699 0.863256 0.419147
v 0.299337 0.863256 0.410363
v 0.299337 0.863256 0.410363
v 0.281515 0.823670 0.465708
v 0.281150 0.834277 0.464348
v 0.281150 0.834277 0.464348
v 0.281515 0.823670 0.465708
v 0.297687 0.816840 0.459010
v 0.297687 0.816840 0.459010
v 0.294918 0.844162 0.454213
v 0.294918 0.844162 0.454213
v 0.303014 0.852649 0.439792
v 0.303014 0.852649 0.439792
v 0.304333 0.859162 0.424131
v 0.304333 0.859162 0.424131
v 0.418891 0.816840 -0.335419
v 0.418891 0.816840 -0.335419
v 0.408359 0.834277 -0.347911
v 0.409400 0.823670 -0.348858
v 0.409400 0.823670 -0.348858
v 0.408359 0.834277 -0.347911
v 0.414015 0.844162 -0.332806
v 0.414015 0.844162 -0.332806
v 0.413093 0.852649 -0.317129
v 0.413093 0.852649 -0.317129
v 0.406360 0.859162 -0.302409
v 0.406360 0.859162 -0.302409
v 0.404798 0.859162 -0.315047
v 0.404798 0.859162 -0.315047
v 0.400692 0.859162 -0.325667
v 0.400692 0.859162 -0.325667
v 0.394123 0.859162 -0.334968
v 0.394123 0.859162 -0.334968
v 0.385488 0.859162 -0.342389
v 0.385488 0.859162 -0.342389
v 0.374099 0.859162 -0.348088
v 0.374099 0.859162 -0.348088
v 0.368642 0.859162 -0.350024
v 0.368642 0.859162 -0.350024
v 0.316147 0.859162 -0.366005
v 0.316147 0.859162 -0.366005
v 0.262980 0.859162 -0.379584
v 0.262980 0.859162 -0.379584
v 0.209250 0.859162 -0.390733
v 0.209250 0.859162 -0.390733
v 0.155069 0.859162 -0.399428
v 0.155069 0.859162 -0.399428
v 0.100549 0.859162 -0.405651
v 0.100549 0.859162 -0.405651
v 0.045803 0.859162 -0.409390
v 0.045803 0.859162 -0.409390
v -0.009057 0.859162 -0.410638
v -0.009057 0.859162 -0.410638
v -0.063917 0.859162 -0.409390
v -0.063917 0.859162 -0.409390
v -0.118663 0.859162 -0.405651
v -0.118663 0.859162 -0.405651
v -0.173183 0.859162 -0.399428
v -0.173183 0.859162 -0.399428
v -0.227364 0.859162 -0.390733
v -0.227364 0.859162 -0.390733
v -0.281093 0.859162 -0.379584
v -0.281093 0.859162 -0.379584
v -0.334261 0.859162 -0.366005
v -0.334261 0.859162 -0.366005
v -0.386756 0.859162 -0.350024
v -0.386756 0.859162 -0.350024
v -0.392213 0.859162 -0.348088
v -0.392213 0.859162 -0.348088
v -0.403601 0.859162 -0.342389
v -0.403601 0.859162 -0.342389
v -0.412237 0.859162 -0.334968
v -0.412237 0.859162 -0.334968
v -0.418806 0.859162 -0.325667
v -0.418806 0.859162 -0.325667
v -0.422912 0.859162 -0.315047
v -0.422912 0.859162 -0.315047
v -0.424474 0.859162 -0.302409
v -0.424474 0.859162 -0.302409
v -0.424474 0.859162 -0.019709
v -0.424474 0.859162 0.262905
v -0.424474 0.859162 -0.019709
v -0.424474 0.859162 0.262905
v -0.422706 0.859162 0.276335
v -0.422706 0.859162 0.276335
v -0.418072 0.859162 0.287523
v -0.418072 0.859162 0.287523
v -0.410700 0.859162 0.297131
v -0.410700 0.859162 0.297131
v -0.401092 0.859162 0.304502
v -0.401092 0.859162 0.304502
v -0.389905 0.859162 0.309137
v -0.389905 0.859162 0.309137
v -0.376474 0.859162 0.310905
v -0.376474 0.859162 0.310905
v -0.328848 0.859162 0.310905
v -0.328848 0.859162 0.310905
v -0.328848 0.859162 0.310905
v -0.328848 0.859162 0.399513
v -0.328848 0.859162 0.310905
v -0.328848 0.859162 0.399513
v -0.327080 0.859162 0.412943
v -0.327080 0.859162 0.412943
v -0.322446 0.859162 0.424131
v -0.322446 0.859162 0.424131
v -0.315074 0.859162 0.433739
v -0.315074 0.859162 0.433739
v -0.305467 0.859162 0.441110
v -0.305467 0.859162 0.441110
v -0.294279 0.859162 0.445745
v -0.294279 0.859162 0.445745
v -0.280849 0.859162 0.447513
v -0.280849 0.859162 0.447513
v 0.262735 0.859162 0.447513
v 0.262735 0.859162 0.447513
v 0.276165 0.859162 0.445745
v 0.276165 0.859162 0.445745
v 0.287353 0.859162 0.441110
v 0.287353 0.859162 0.441110
v 0.296961 0.859162 0.433739
v 0.296961 0.859162 0.433739
v 0.264078 0.823670 0.468004
v 0.263987 0.834277 0.466608
v 0.263987 0.834277 0.466608
v 0.264078 0.823670 0.468004
v 0.281515 0.816840 0.465708
v 0.281515 0.816840 0.465708
v 0.280081 0.844162 0.460359
v 0.280081 0.844162 0.460359
v 0.291634 0.852649 0.448525
v 0.291634 0.852649 0.448525
v 0.409400 0.816840 -0.348858
v 0.409400 0.816840 -0.348858
v 0.396143 0.834277 -0.358409
v 0.396922 0.823670 -0.359581
v 0.396143 0.834277 -0.358409
v 0.396922 0.823670 -0.359581
v 0.405307 0.844162 -0.345136
v 0.405307 0.844162 -0.345136
v 0.408230 0.852649 -0.329707
v 0.408230 0.852649 -0.329707
v 0.400451 0.852649 -0.340721
v 0.400451 0.852649 -0.340721
v 0.390224 0.852649 -0.349510
v 0.390224 0.852649 -0.349510
v 0.377430 0.852649 -0.355912
v 0.377430 0.852649 -0.355912
v 0.371299 0.852649 -0.358088
v 0.371299 0.852649 -0.358088
v 0.318434 0.852649 -0.374181
v 0.318434 0.852649 -0.374181
v 0.264893 0.852649 -0.387856
v 0.264893 0.852649 -0.387856
v 0.210786 0.852649 -0.399083
v 0.210786 0.852649 -0.399083
v 0.156224 0.852649 -0.407839
v 0.156224 0.852649 -0.407839
v 0.101320 0.852649 -0.414106
v 0.101320 0.852649 -0.414106
v 0.046189 0.852649 -0.417872
v 0.046189 0.852649 -0.417872
v -0.009057 0.852649 -0.419128
v -0.009057 0.852649 -0.419128
v -0.064302 0.852649 -0.417872
v -0.064302 0.852649 -0.417872
v -0.119434 0.852649 -0.414106
v -0.119434 0.852649 -0.414106
v -0.174337 0.852649 -0.407839
v -0.174337 0.852649 -0.407839
v -0.228899 0.852649 -0.399083
v -0.228899 0.852649 -0.399083
v -0.283007 0.852649 -0.387856
v -0.283007 0.852649 -0.387856
v -0.336548 0.852649 -0.374181
v -0.336548 0.852649 -0.374181
v -0.389412 0.852649 -0.358088
v -0.389412 0.852649 -0.358088
v -0.395544 0.852649 -0.355912
v -0.395544 0.852649 -0.355912
v -0.408338 0.852649 -0.349510
v -0.408338 0.852649 -0.349510
v -0.418565 0.852649 -0.340721
v -0.418565 0.852649 -0.340721
v -0.426344 0.852649 -0.329707
v -0.426344 0.852649 -0.329707
v -0.431207 0.852649 -0.317129
v -0.431207 0.852649 -0.317129
v -0.432962 0.852649 -0.302931
v -0.432962 0.852649 -0.302931
v -0.432962 0.852649 -0.019709
v -0.432962 0.852649 0.263461
v -0.432962 0.852649 -0.019709
v -0.432962 0.852649 0.263461
v -0.430975 0.852649 0.278551
v -0.430975 0.852649 0.278551
v -0.425486 0.852649 0.291804
v -0.425486 0.852649 0.291804
v -0.416753 0.852649 0.303184
v -0.416753 0.852649 0.303184
v -0.405373 0.852649 0.311917
v -0.405373 0.852649 0.311917
v -0.392120 0.852649 0.317406
v -0.392120 0.852649 0.317406
v -0.377031 0.852649 0.319393
v -0.377031 0.852649 0.319393
v -0.337336 0.852649 0.319393
v -0.337336 0.852649 0.319393
v -0.337336 0.852649 0.319393
v -0.337336 0.852649 0.400069
v -0.337336 0.852649 0.319393
v -0.337336 0.852649 0.400069
v -0.335350 0.852649 0.415159
v -0.335350 0.852649 0.415159
v -0.329860 0.852649 0.428412
v -0.329860 0.852649 0.428412
v -0.321128 0.852649 0.439792
v -0.321128 0.852649 0.439792
v -0.309747 0.852649 0.448525
v -0.309747 0.852649 0.448525
v -0.296495 0.852649 0.454014
v -0.296495 0.852649 0.454014
v -0.281405 0.852649 0.456001
v -0.281405 0.852649 0.456001
v 0.263291 0.852649 0.456001
v 0.263291 0.852649 0.456001
v 0.278381 0.852649 0.454014
v 0.278381 0.852649 0.454014
v -0.282192 0.823670 0.468004
v -0.282100 0.834277 0.466608
v -0.282100 0.834277 0.466608
v -0.282192 0.823670 0.468004
v 0.264078 0.816840 0.468004
v 0.264078 0.816840 0.468004
v 0.263718 0.844162 0.462513
v 0.263718 0.844162 0.462513
v 0.396922 0.816840 -0.359581
v 0.396922 0.816840 -0.359581
v 0.381593 0.834277 -0.365690
v 0.382141 0.823670 -0.366978
v 0.381593 0.834277 -0.365690
v 0.382141 0.823670 -0.366978
v 0.393859 0.844162 -0.354975
v 0.393859 0.844162 -0.354975
v 0.379986 0.844162 -0.361916
v 0.379986 0.844162 -0.361916
v 0.373337 0.844162 -0.364275
v 0.373337 0.844162 -0.364275
v 0.320189 0.844162 -0.380455
v 0.320189 0.844162 -0.380455
v 0.266361 0.844162 -0.394203
v 0.266361 0.844162 -0.394203
v 0.211964 0.844162 -0.405490
v 0.211964 0.844162 -0.405490
v 0.157109 0.844162 -0.414293
v 0.157109 0.844162 -0.414293
v 0.101912 0.844162 -0.420594
v 0.101912 0.844162 -0.420594
v 0.046485 0.844162 -0.424379
v 0.046485 0.844162 -0.424379
v -0.009057 0.844162 -0.425642
v -0.009057 0.844162 -0.425642
v -0.064599 0.844162 -0.424379
v -0.064599 0.844162 -0.424379
v -0.120025 0.844162 -0.420594
v -0.120025 0.844162 -0.420594
v -0.175223 0.844162 -0.414293
v -0.175223 0.844162 -0.414293
v -0.230077 0.844162 -0.405490
v -0.230077 0.844162 -0.405490
v -0.284475 0.844162 -0.394203
v -0.284475 0.844162 -0.394203
v -0.338303 0.844162 -0.380455
v -0.338303 0.844162 -0.380455
v -0.391451 0.844162 -0.364275
v -0.391451 0.844162 -0.364275
v -0.398100 0.844162 -0.361916
v -0.398100 0.844162 -0.361916
v -0.411972 0.844162 -0.354975
v -0.411972 0.844162 -0.354975
v -0.423420 0.844162 -0.345136
v -0.423420 0.844162 -0.345136
v -0.432128 0.844162 -0.332806
v -0.432128 0.844162 -0.332806
v -0.437572 0.844162 -0.318727
v -0.437572 0.844162 -0.318727
v -0.439475 0.844162 -0.303332
v -0.439475 0.844162 -0.303332
v -0.439475 0.844162 -0.019709
v -0.439475 0.844162 0.263888
v -0.439475 0.844162 -0.019709
v -0.439475 0.844162 0.263888
v -0.437320 0.844162 0.280251
v -0.437320 0.844162 0.280251
v -0.431175 0.844162 0.295088
v -0.431175 0.844162 0.295088
v -0.421398 0.844162 0.307829
v -0.421398 0.844162 0.307829
v -0.408658 0.844162 0.317605
v -0.408658 0.844162 0.317605
v -0.393821 0.844162 0.323751
v -0.393821 0.844162 0.323751
v -0.377457 0.844162 0.325905
v -0.377457 0.844162 0.325905
v -0.343849 0.844162 0.325905
v -0.343849 0.844162 0.325905
v -0.343849 0.844162 0.325905
v -0.343849 0.844162 0.400496
v -0.343849 0.844162 0.325905
v -0.343849 0.844162 0.400496
v -0.341695 0.844162 0.416859
v -0.341695 0.844162 0.416859
v -0.335549 0.844162 0.431696
v -0.335549 0.844162 0.431696
v -0.325773 0.844162 0.444437
v -0.325773 0.844162 0.444437
v -0.313032 0.844162 0.454213
v -0.313032 0.844162 0.454213
v -0.298195 0.844162 0.460359
v -0.298195 0.844162 0.460359
v -0.281832 0.844162 0.462513
v -0.281832 0.844162 0.462513
v -0.299628 0.823670 0.465708
v -0.299264 0.834277 0.464348
v -0.299264 0.834277 0.464348
v -0.299628 0.823670 0.465708
v -0.282192 0.816840 0.468004
v -0.282192 0.816840 0.468004
v 0.382141 0.816840 -0.366978
v 0.382141 0.816840 -0.366978
v 0.374619 0.834277 -0.368165
v 0.375056 0.823670 -0.369492
v 0.374619 0.834277 -0.368165
v 0.375056 0.823670 -0.369492
v 0.321293 0.834277 -0.384399
v 0.321293 0.834277 -0.384399
v 0.267284 0.834277 -0.398193
v 0.267284 0.834277 -0.398193
v 0.212704 0.834277 -0.409517
v 0.212704 0.834277 -0.409517
v 0.157666 0.834277 -0.418350
v 0.157666 0.834277 -0.418350
v 0.102284 0.834277 -0.424672
v 0.102284 0.834277 -0.424672
v 0.046671 0.834277 -0.428470
v 0.046671 0.834277 -0.428470
v -0.009057 0.834277 -0.429737
v -0.009057 0.834277 -0.429737
v -0.064785 0.834277 -0.428470
v -0.064785 0.834277 -0.428470
v -0.120397 0.834277 -0.424672
v -0.120397 0.834277 -0.424672
v -0.175780 0.834277 -0.418350
v -0.175780 0.834277 -0.418350
v -0.230818 0.834277 -0.409517
v -0.230818 0.834277 -0.409517
v -0.285398 0.834277 -0.398193
v -0.285398 0.834277 -0.398193
v -0.339406 0.834277 -0.384399
v -0.339406 0.834277 -0.384399
v -0.392732 0.834277 -0.368165
v -0.392732 0.834277 -0.368165
v -0.399706 0.834277 -0.365690
v -0.399706 0.834277 -0.365690
v -0.414257 0.834277 -0.358409
v -0.414257 0.834277 -0.358409
v -0.426472 0.834277 -0.347911
v -0.426472 0.834277 -0.347911
v -0.435764 0.834277 -0.334755
v -0.435764 0.834277 -0.334755
v -0.441573 0.834277 -0.319732
v -0.441573 0.834277 -0.319732
v -0.443569 0.834277 -0.303584
v -0.443569 0.834277 -0.303584
v -0.443569 0.834277 -0.019709
v -0.443569 0.834277 0.264157
v -0.443569 0.834277 -0.019709
v -0.443569 0.834277 0.264157
v -0.441309 0.834277 0.281320
v -0.441309 0.834277 0.281320
v -0.434751 0.834277 0.297153
v -0.434751 0.834277 0.297153
v -0.424318 0.834277 0.310749
v -0.424318 0.834277 0.310749
v -0.410722 0.834277 0.321182
v -0.410722 0.834277 0.321182
v -0.394889 0.834277 0.327740
v -0.394889 0.834277 0.327740
v -0.377726 0.834277 0.330000
v -0.377726 0.834277 0.330000
v -0.347943 0.834277 0.330000
v -0.347943 0.834277 0.330000
v -0.347943 0.834277 0.330000
v -0.347943 0.834277 0.400765
v -0.347943 0.834277 0.330000
v -0.347943 0.834277 0.400765
v -0.345684 0.834277 0.417928
v -0.345684 0.834277 0.417928
v -0.339125 0.834277 0.433761
v -0.339125 0.834277 0.433761
v -0.328693 0.834277 0.447357
v -0.328693 0.834277 0.447357
v -0.315097 0.834277 0.457790
v -0.315097 0.834277 0.457790
v -0.315801 0.823670 0.459010
v -0.315801 0.823670 0.459010
v -0.299628 0.816840 0.465708
v -0.299628 0.816840 0.465708
v 0.375056 0.816840 -0.369492
v 0.375056 0.816840 -0.369492
v 0.321669 0.823670 -0.385744
v 0.321669 0.823670 -0.385744
v 0.267599 0.823670 -0.399553
v 0.267599 0.823670 -0.399553
v 0.212957 0.823670 -0.410891
v 0.212957 0.823670 -0.410891
v 0.157856 0.823670 -0.419734
v 0.157856 0.823670 -0.419734
v 0.102411 0.823670 -0.426063
v 0.102411 0.823670 -0.426063
v 0.046735 0.823670 -0.429866
v 0.046735 0.823670 -0.429866
v -0.009057 0.823670 -0.431134
v -0.009057 0.823670 -0.431134
v -0.064848 0.823670 -0.429866
v -0.064848 0.823670 -0.429866
v -0.120524 0.823670 -0.426063
v -0.120524 0.823670 -0.426063
v -0.175970 0.823670 -0.419734
v -0.175970 0.823670 -0.419734
v -0.231070 0.823670 -0.410891
v -0.231070 0.823670 -0.410891
v -0.285713 0.823670 -0.399553
v -0.285713 0.823670 -0.399553
v -0.339783 0.823670 -0.385744
v -0.339783 0.823670 -0.385744
v -0.393169 0.823670 -0.369492
v -0.393169 0.823670 -0.369492
v -0.400254 0.823670 -0.366978
v -0.400254 0.823670 -0.366978
v -0.415036 0.823670 -0.359581
v -0.415036 0.823670 -0.359581
v -0.427513 0.823670 -0.348858
v -0.427513 0.823670 -0.348858
v -0.437004 0.823670 -0.335419
v -0.437004 0.823670 -0.335419
v -0.442938 0.823670 -0.320074
v -0.442938 0.823670 -0.320074
v -0.444965 0.823670 -0.303670
v -0.444965 0.823670 -0.303670
v -0.444965 0.823670 -0.019709
v -0.444965 0.823670 0.264248
v -0.444965 0.823670 -0.019709
v -0.444965 0.823670 0.264248
v -0.442670 0.823670 0.281685
v -0.442670 0.823670 0.281685
v -0.435971 0.823670 0.297857
v -0.435971 0.823670 0.297857
v -0.425314 0.823670 0.311745
v -0.425314 0.823670 0.311745
v -0.411427 0.823670 0.322401
v -0.411427 0.823670 0.322401
v -0.395254 0.823670 0.329100
v -0.395254 0.823670 0.329100
v -0.377817 0.823670 0.331396
v -0.377817 0.823670 0.331396
v -0.349340 0.823670 0.331396
v -0.349340 0.823670 0.331396
v -0.349340 0.823670 0.331396
v -0.349340 0.823670 0.400856
v -0.349340 0.823670 0.331396
v -0.349340 0.823670 0.400856
v -0.347044 0.823670 0.418293
v -0.347044 0.823670 0.418293
v -0.340345 0.823670 0.434465
v -0.340345 0.823670 0.434465
v -0.329689 0.823670 0.448353
v -0.329689 0.823670 0.448353
v -0.315801 0.816840 0.459010
v -0.315801 0.816840 0.459010
v 0.321669 0.816840 -0.385744
v 0.321669 0.816840 -0.385744
v 0.267599 0.816840 -0.399553
v 0.267599 0.816840 -0.399553
v 0.212957 0.816840 -0.410891
v 0.212957 0.816840 -0.410891
v 0.157856 0.816840 -0.419734
v 0.157856 0.816840 -0.419734
v 0.102411 0.816840 -0.426063
v 0.102411 0.816840 -0.426063
v 0.046735 0.816840 -0.429866
v 0.046735 0.816840 -0.429866
v -0.009057 0.816840 -0.431134
v -0.009057 0.816840 -0.431134
v -0.064848 0.816840 -0.429866
v -0.064848 0.816840 -0.429866
v -0.120524 0.816840 -0.426063
v -0.120524 0.816840 -0.426063
v -0.175970 0.816840 -0.419734
v -0.175970 0.816840 -0.419734
v -0.231070 0.816840 -0.410891
v -0.231070 0.816840 -0.410891
v -0.285713 0.816840 -0.399553
v -0.285713 0.816840 -0.399553
v -0.339783 0.816840 -0.385744
v -0.339783 0.816840 -0.385744
v -0.393169 0.816840 -0.369492
v -0.393169 0.816840 -0.369492
v -0.400254 0.816840 -0.366978
v -0.400254 0.816840 -0.366978
v -0.415036 0.816840 -0.359581
v -0.415036 0.816840 -0.359581
v -0.427513 0.816840 -0.348858
v -0.427513 0.816840 -0.348858
v -0.437004 0.816840 -0.335419
v -0.437004 0.816840 -0.335419
v -0.442938 0.816840 -0.320074
v -0.442938 0.816840 -0.320074
v -0.444965 0.816840 -0.303670
v -0.444965 0.816840 -0.303670
v -0.444965 0.816840 0.264248
v -0.444965 0.816840 -0.019709
v -0.444965 0.816840 -0.019709
v -0.444965 0.816840 0.264248
v -0.442670 0.816840 0.281685
v -0.442670 0.816840 0.281685
v -0.435971 0.816840 0.297857
v -0.435971 0.816840 0.297857
v -0.425314 0.816840 0.311745
v -0.425314 0.816840 0.311745
v -0.411427 0.816840 0.322401
v -0.411427 0.816840 0.322401
v -0.395254 0.816840 0.329100
v -0.395254 0.816840 0.329100
v -0.377817 0.816840 0.331396
v -0.377817 0.816840 0.331396
v -0.349340 0.816840 0.331396
v -0.349340 0.816840 0.331396
v -0.349340 0.816840 0.400856
v -0.349340 0.816840 0.331396
v -0.349340 0.816840 0.331396
v -0.349340 0.816840 0.400856
v -0.347044 0.816840 0.418293
v -0.347044 0.816840 0.418293
v -0.340345 0.816840 0.434465
v -0.340345 0.816840 0.434465
v -0.329689 0.816840 0.448353
v -0.329689 0.816840 0.448353
vn 0.48305660720539795 0.258118603850164 0.8366786124801159
vn 0.25826149471318705 0.06560229865706992 0.9638450802693445
vn 0.4989228863600198 0.06560229820650812 0.8641598763748589
vn 0.2500485067840786 0.25811860700302863 0.933193725318526
vn -0.2500485067840786 -0.25811860700302863 -0.933193725318526
vn -0.48305660720539795 -0.258118603850164 -0.8366786124801159
vn -0.25826149471318705 -0.06560229865706992 -0.9638450802693445
vn -0.4989228863600198 -0.06560229820650812 -0.8641598763748589
vn 0.06526325977657908 0.06536388977623435 0.9957249965912551
vn 0.06318950072774653 0.2579659029709647 0.9640854111032657
vn -0.06318950072774653 -0.2579659029709647 -0.9640854111032657
vn -0.06526325977657908 -0.06536388977623435 -0.9957249965912551
vn 0.25881900959356163 0 0.9659258358036645
vn 0.5000000016387101 0 0.866025402838329
vn -0.25881900959356163 0 -0.9659258358036645
vn -0.5000000016387101 0 -0.866025402838329
vn 0.6831452204150984 0.2581186077136112 0.6831452204150985
vn 0.7055835665048165 0.0656022968857536 0.7055835665048165
vn -0.6831452204150984 -0.2581186077136112 -0.6831452204150985
vn -0.7055835665048165 -0.0656022968857536 -0.7055835665048165
vn 0.43346408004715253 0.4984331770565505 0.7507817654406566
vn 0.2243774907617753 0.4984331794781654 0.8373882655224733
vn -0.2243774907617753 -0.4984331794781654 -0.8373882655224733
vn -0.43346408004715253 -0.4984331770565505 -0.7507817654406566
vn 0 0.06799776817646208 0.997685473244459
vn 0 0.27741639484158065 0.9607497821353383
vn 0 -0.27741639484158065 -0.9607497821353383
vn 0 -0.06799776817646208 -0.997685473244459
vn 0.06540313151333016 0 0.9978589230889555
vn -0.06540313151333016 0 -0.9978589230889555
vn 0.05669984827265156 0.49843228481536955 0.8650724736457569
vn -0.05669984827265156 -0.49843228481536955 -0.8650724736457569
vn 0.7071067811865476 0 0.7071067811865476
vn -0.7071067811865476 0 -0.7071067811865476
vn 0.8641598763748589 0.0656022982065082 0.4989228863600198
vn 0.836678612480116 0.2581186038501641 0.4830566072053981
vn -0.836678612480116 -0.2581186038501641 -0.4830566072053981
vn -0.8641598763748589 -0.0656022982065082 -0.4989228863600198
vn 0.6130107581020892 0.4984331659332107 0.6130107581020893
vn -0.6130107581020892 -0.4984331659332107 -0.6130107581020893
vn 0.35478028365789627 0.7046443675422454 0.6144975716946418
vn 0.18364779067205148 0.7046443642092814 0.6853829651876182
vn -0.18364779067205148 -0.7046443642092814 -0.6853829651876182
vn -0.35478028365789627 -0.7046443675422454 -0.6144975716946418
vn 0.997685473244459 0.0679977681764623 0
vn 0.9640854111032658 0.257965902970965 0.0631895007277466
vn 0.9957249965912551 0.06536388977623456 0.0652632597765791
vn 0.9607497821353382 0.27741639484158087 0
vn -0.9607497821353382 -0.27741639484158087 0
vn -0.997685473244459 -0.0679977681764623 0
vn -0.9640854111032658 -0.257965902970965 -0.0631895007277466
vn -0.9957249965912551 -0.06536388977623456 -0.0652632597765791
vn 0 0 1
vn 0 0 -1
vn 0 0.5309563726924894 0.8473991564175847
vn 0 -0.5309563726924894 -0.8473991564175847
vn 0.046375908770007544 0.705130181298376 0.7075596812339404
vn -0.046375908770007544 -0.705130181298376 -0.7075596812339404
vn 0.866025402838329 0 0.5000000016387101
vn -0.866025402838329 0 -0.5000000016387101
vn 0.9638450802693445 0.06560229865707007 0.25826149471318705
vn 0.9331937253185261 0.25811860700302885 0.2500485067840787
vn -0.9331937253185261 -0.25811860700302885 -0.2500485067840787
vn -0.9638450802693445 -0.06560229865707007 -0.25826149471318705
vn 0.7507817654406564 0.49843317705655055 0.43346408004715264
vn -0.7507817654406564 -0.49843317705655055 -0.43346408004715264
vn 0.5017351617955181 0.7046443463450555 0.5017351617955182
vn -0.5017351617955181 -0.7046443463450555 -0.5017351617955182
vn 0.252477790931946 0.86314536899906 0.4373042842936727
vn 0.130692094847874 0.8631453659732005 0.4877495807720024
vn -0.252477790931946 -0.86314536899906 -0.4373042842936727
vn -0.130692094847874 -0.8631453659732005 -0.4877495807720024
vn 1 0 0
vn 0.9978589230889555 0 0.06540313151333016
vn -1 0 0
vn -0.9978589230889555 0 -0.06540313151333016
vn 0.8650724736457568 0.4984322848153697 0.05669984827265167
vn 0.8473991564175846 0.5309563726924896 0
vn -0.8473991564175846 -0.5309563726924896 0
vn -0.8650724736457568 -0.4984322848153697 -0.05669984827265167
vn 0 0.740924085831216 0.6715887871571239
vn 0 -0.740924085831216 -0.6715887871571239
vn 0.032916100021578805 0.8641233005664932 0.5022026003292293
vn -0.032916100021578805 -0.8641233005664932 -0.5022026003292293
vn 0.9659258358036645 0 0.25881900959356163
vn -0.9659258358036645 0 -0.25881900959356163
vn 0.8373882655224731 0.4984331794781655 0.2243774907617754
vn -0.8373882655224731 -0.4984331794781655 -0.2243774907617754
vn 0.6144975716946417 0.7046443675422454 0.35478028365789643
vn -0.6144975716946417 -0.7046443675422454 -0.35478028365789643
vn 0.35705748247675106 0.8631453576395629 0.35705748247675123
vn -0.35705748247675106 -0.8631453576395629 -0.35705748247675123
vn 0.13342449423347288 0.9637383583478025 0.2310979900120828
vn 0.06906558759837207 0.9637383664877827 0.2577562910370025
vn -0.13342449423347288 -0.9637383583478025 -0.2310979900120828
vn -0.06906558759837207 -0.9637383664877827 -0.2577562910370025
vn 0.7075596812339403 0.7051301812983761 0.046375908770007704
vn 0.6715887871571238 0.7409240858312162 0
vn -0.6715887871571238 -0.7409240858312162 0
vn -0.7075596812339403 -0.7051301812983761 -0.046375908770007704
vn 0 0.893512166462093 0.44903898314535834
vn 0 -0.893512166462093 -0.44903898314535834
vn 0.017225329332491383 0.9646944626165713 0.26280768981578867
vn -0.017225329332491383 -0.9646944626165713 -0.26280768981578867
vn 0.9959759276220539 0.06535840181262745 -0.0613207217006478
vn 0.9643218934713629 0.25798889825336757 -0.05937182959804171
vn -0.9643218934713629 -0.25798889825336757 0.05937182959804171
vn -0.9959759276220539 -0.06535840181262745 0.0613207217006478
vn 0.6853829651876181 0.7046443642092816 0.18364779067205164
vn -0.6853829651876181 -0.7046443642092816 -0.18364779067205164
vn 0.4373042842936725 0.86314536899906 0.25247779093194617
vn -0.4373042842936725 -0.86314536899906 -0.25247779093194617
vn 0.18869069394609123 0.9637383690796402 0.18869069394609145
vn -0.18869069394609123 -0.9637383690796402 -0.18869069394609145
vn 0.03511412173913737 0.9975309494058592 0.06081943301227402
vn 0.01817640089220917 0.9975309489649334 0.06783527332977124
vn -0.03511412173913737 -0.9975309494058592 -0.06081943301227402
vn -0.01817640089220917 -0.9975309489649334 -0.06783527332977124
vn 0.4490389831453581 0.8935121664620931 0
vn 0.502202600329229 0.8641233005664933 0.032916100021579
vn -0.4490389831453581 -0.8935121664620931 0
vn -0.502202600329229 -0.8641233005664933 -0.032916100021579
vn 0 0.9803428358440798 0.19730160721389958
vn 0 -0.9803428358440798 -0.19730160721389958
vn 0.004445562222176577 0.9976872498615759 0.06782616338975928
vn -0.004445562222176577 -0.9976872498615759 -0.06782616338975928
vn 0.9981100329758331 0 -0.06145211203027173
vn -0.9981100329758331 0 0.06145211203027173
vn 0.9370549408901455 0.2580467112603511 -0.23524441026532988
vn 0.9678166497253543 0.0655585765944643 -0.24296708737872066
vn -0.9678166497253543 -0.0655585765944643 0.24296708737872066
vn -0.9370549408901455 -0.2580467112603511 0.23524441026532988
vn 0.8652613625830874 0.4984824784438828 -0.05327281769629785
vn -0.8652613625830874 -0.4984824784438828 0.05327281769629785
vn 0.48774958077200226 0.8631453659732006 0.1306920948478742
vn -0.48774958077200226 -0.8631453659732006 -0.1306920948478742
vn 0.2310979900120826 0.9637383583478025 0.1334244942334731
vn -0.2310979900120826 -0.9637383583478025 -0.1334244942334731
vn 0.049658862452953964 0.9975309492741351 0.049658862452954186
vn -0.049658862452953964 -0.9975309492741351 -0.049658862452954186
vn -0.06783527332977105 0.9975309489649337 0.018176400892209395
vn -0.01641344938237697 0.9997305623810568 0.016413449382377193
vn -0.06782616338975905 0.9976872498615759 0.004445562222176798
vn -0.0608194330122738 0.9975309494058592 0.03511412173913759
vn 0 1 0
vn -0.049658862452953964 0.9975309492741351 0.049658862452954186
vn -0.03511412173913737 0.9975309494058592 0.06081943301227402
vn -0.01817640089220917 0.9975309489649334 0.06783527332977124
vn -0.004445562222176577 0.9976872498615759 0.06782616338975928
vn 0.0608194330122738 0.9975309494058592 0.03511412173913759
vn 0.01641344938237697 0.9997305623810568 0.016413449382377193
vn 0.06783527332977105 0.9975309489649337 0.018176400892209395
vn 0.06782616338975905 0.9976872498615759 0.004445562222176798
vn -0.06540313151333016 0.9978589230889555 0
vn -0.0678669593974288 0.9975488911430505 -0.017037769848726323
vn -0.061675839455774976 0.9975488911976702 -0.033049969708368224
vn -0.051772229526094844 0.997548890868781 -0.04707277956911177
vn -0.038752259654277 0.9975488911005036 -0.0582620994802224
vn -0.026566471140163084 0.9976972428185421 -0.062405402678275566
vn -0.020754350784999095 0.9977978377400578 -0.06299787238279042
vn -0.017869760679601863 0.9977978379470819 -0.06387602242925805
vn -0.014948250562664035 0.9977978375579039 -0.06462217243242974
vn -0.01199584045719506 0.9977978380288687 -0.06523476248627919
vn -0.009018637345362278 0.9977978382099558 -0.06571254251641467
vn -0.006022799230657963 0.9977978382131312 -0.06605452252972077
vn -0.0030145141136780885 0.9977978376272084 -0.0662600024986812
vn 0 0.9977978381274523 -0.06632853253451916
vn 0.0030145141136780885 0.9977978376272084 -0.0662600024986812
vn 0.006022799230657963 0.9977978382131312 -0.06605452252972077
vn 0.009018637345362278 0.9977978382099558 -0.06571254251641467
vn 0.01199584045719506 0.9977978380288687 -0.06523476248627919
vn 0.014948250562664035 0.9977978375579039 -0.06462217243242974
vn 0.017869760679601863 0.9977978379470819 -0.06387602242925805
vn 0.020754350784999095 0.9977978377400578 -0.06299787238279042
vn 0.026566471140163084 0.9976972428185421 -0.062405402678275566
vn 0.038752259654277 0.9975488911005036 -0.0582620994802224
vn 0.051772229526094844 0.997548890868781 -0.04707277956911177
vn 0.061675839455774976 0.9975488911976702 -0.033049969708368224
vn 0.0678669593974288 0.9975488911430505 -0.017037769848726323
vn 0.067696682862335 0.9976972421843969 -0.004167981176229366
vn -0.067696682862335 0.9976972421843969 -0.004167981176229366
vn 0.06540313151333016 -0.9978589230889555 0
vn 0.067696682862335 -0.9976972421843969 0.004167981176229366
vn 0.0678669593974288 -0.9975488911430505 0.017037769848726323
vn 0 -1 0
vn 0.0608194330122738 -0.9975309494058592 -0.03511412173913759
vn 0.06783527332977105 -0.9975309489649337 -0.018176400892209395
vn 0.01641344938237697 -0.9997305623810568 -0.016413449382377193
vn 0.004445562222176577 -0.9976872498615759 -0.06782616338975928
vn 0.01817640089220917 -0.9975309489649334 -0.06783527332977124
vn 0.03511412173913737 -0.9975309494058592 -0.06081943301227402
vn 0.049658862452953964 -0.9975309492741351 -0.049658862452954186
vn -0.067696682862335 -0.9976972421843969 0.004167981176229366
vn -0.06782616338975905 -0.9976872498615759 -0.004445562222176798
vn -0.0678669593974288 -0.9975488911430505 0.017037769848726323
vn -0.06783527332977105 -0.9975309489649337 -0.018176400892209395
vn -0.061675839455774976 -0.9975488911976702 0.033049969708368224
vn -0.0608194330122738 -0.9975309494058592 -0.03511412173913759
vn -0.051772229526094844 -0.997548890868781 0.04707277956911177
vn -0.038752259654277 -0.9975488911005036 0.0582620994802224
vn -0.026566471140163084 -0.9976972428185421 0.062405402678275566
vn -0.020754350784999095 -0.9977978377400578 0.06299787238279042
vn -0.017869760679601863 -0.9977978379470819 0.06387602242925805
vn -0.014948250562664035 -0.9977978375579039 0.06462217243242974
vn -0.01199584045719506 -0.9977978380288687 0.06523476248627919
vn -0.009018637345362278 -0.9977978382099558 0.06571254251641467
vn -0.006022799230657963 -0.9977978382131312 0.06605452252972077
vn -0.0030145141136780885 -0.9977978376272084 0.0662600024986812
vn 0 -0.9977978381274523 0.06632853253451916
vn 0.0030145141136780885 -0.9977978376272084 0.0662600024986812
vn 0.006022799230657963 -0.9977978382131312 0.06605452252972077
vn 0.009018637345362278 -0.9977978382099558 0.06571254251641467
vn 0.01199584045719506 -0.9977978380288687 0.06523476248627919
vn 0.014948250562664035 -0.9977978375579039 0.06462217243242974
vn 0.017869760679601863 -0.9977978379470819 0.06387602242925805
vn 0.020754350784999095 -0.9977978377400578 0.06299787238279042
vn 0.026566471140163084 -0.9976972428185421 0.062405402678275566
vn 0.038752259654277 -0.9975488911005036 0.0582620994802224
vn 0.051772229526094844 -0.997548890868781 0.04707277956911177
vn 0.061675839455774976 -0.9975488911976702 0.033049969708368224
vn 0.06782616338975905 -0.9976872498615759 -0.004445562222176798
vn -0.01641344938237697 -0.9997305623810568 -0.016413449382377193
vn 0.19730160721389936 0.9803428358440798 0
vn 0.26280768981578845 0.9646944626165714 0.017225329332491598
vn -0.19730160721389936 -0.9803428358440798 0
vn -0.26280768981578845 -0.9646944626165714 -0.017225329332491598
vn 0.9699031826615018 0 -0.243490895647229
vn -0.9699031826615018 0 0.243490895647229
vn 0.8515727196099571 0.25804670594228163 -0.45632861050830326
vn 0.8795282195748434 0.06555858145907663 -0.47130901048948726
vn -0.8795282195748434 -0.06555858145907663 0.47130901048948726
vn -0.8515727196099571 -0.25804670594228163 0.45632861050830326
vn 0.8408828904294325 0.4983496943279982 -0.2111007975973414
vn -0.8408828904294325 -0.4983496943279982 0.2111007975973414
vn 0.7076610428661048 0.7052074427174796 -0.04356961263920063
vn -0.7076610428661048 -0.7052074427174796 0.04356961263920063
vn 0.25775629103700226 0.9637383664877828 0.06906558759837228
vn -0.25775629103700226 -0.9637383664877828 -0.06906558759837228
vn 0.26262899884458096 0.9647613957555955 -0.016169669928862384
vn -0.26262899884458096 -0.9647613957555955 0.016169669928862384
vn 0.25846660263210336 0.963838509815282 -0.06488715066078028
vn -0.25846660263210336 -0.963838509815282 0.06488715066078028
vn 0.23488810553207176 0.963838522700272 -0.12586850296444785
vn -0.23488810553207176 -0.963838522700272 0.12586850296444785
vn 0.19717090297367046 0.9638385145363139 -0.17927340270374567
vn -0.19717090297367046 -0.9638385145363139 0.17927340270374567
vn 0.14758530295135558 0.9638385192744815 -0.22188710443721493
vn -0.14758530295135558 -0.9638385192744815 0.22188710443721493
vn 0.10306450070122718 0.9647614065640149 -0.24210150164720276
vn -0.10306450070122718 -0.9647614065640149 0.24210150164720276
vn 0.08151702980421442 0.9654686976811612 -0.24743719940571124
vn -0.08151702980421442 -0.9654686976811612 0.24743719940571124
vn 0.07018721851778709 0.9654686796112432 -0.2508863947017837
vn -0.07018721851778709 -0.9654686796112432 0.2508863947017837
vn 0.05871234940667613 0.9654686902433538 -0.25381699743502517
vn -0.05871234940667613 -0.9654686902433538 0.25381699743502517
vn 0.04711614954664553 0.9654686907102014 -0.2562230975346054
vn -0.04711614954664553 -0.9654686907102014 0.2562230975346054
vn 0.03542257955733046 0.9654686879347133 -0.2580996967745747
vn -0.03542257955733046 -0.9654686879347133 0.2580996967745747
vn 0.02365579969349488 0.9654686874905478 -0.2594428966384319
vn -0.02365579969349488 -0.9654686874905478 0.2594428966384319
vn 0.01184012994193531 0.9654686952652851 -0.260249898723719
vn -0.01184012994193531 -0.9654686952652851 0.260249898723719
vn 0 0.9654686941374327 -0.26051909841806264
vn 0 -0.9654686941374327 0.26051909841806264
vn -0.01184012994193531 0.9654686952652851 -0.260249898723719
vn 0.01184012994193531 -0.9654686952652851 0.260249898723719
vn -0.02365579969349488 0.9654686874905478 -0.2594428966384319
vn 0.02365579969349488 -0.9654686874905478 0.2594428966384319
vn -0.03542257955733046 0.9654686879347133 -0.2580996967745747
vn 0.03542257955733046 -0.9654686879347133 0.2580996967745747
vn -0.04711614954664553 0.9654686907102014 -0.2562230975346054
vn 0.04711614954664553 -0.9654686907102014 0.2562230975346054
vn -0.05871234940667613 0.9654686902433538 -0.25381699743502517
vn 0.05871234940667613 -0.9654686902433538 0.25381699743502517
vn -0.07018721851778709 0.9654686796112432 -0.2508863947017837
vn 0.07018721851778709 -0.9654686796112432 0.2508863947017837
vn -0.08151702980421442 0.9654686976811612 -0.24743719940571124
vn 0.08151702980421442 -0.9654686976811612 0.24743719940571124
vn -0.10306450070122718 0.9647614065640149 -0.24210150164720276
vn 0.10306450070122718 -0.9647614065640149 0.24210150164720276
vn -0.14758530295135558 0.9638385192744815 -0.22188710443721493
vn 0.14758530295135558 -0.9638385192744815 0.22188710443721493
vn -0.19717090297367046 0.9638385145363139 -0.17927340270374567
vn 0.19717090297367046 -0.9638385145363139 0.17927340270374567
vn -0.23488810553207176 0.963838522700272 -0.12586850296444785
vn 0.23488810553207176 -0.963838522700272 0.12586850296444785
vn -0.25846660263210336 0.963838509815282 -0.06488715066078028
vn 0.25846660263210336 -0.963838509815282 0.06488715066078028
vn -0.26262899884458096 0.9647613957555955 -0.016169669928862384
vn 0.26262899884458096 -0.9647613957555955 0.016169669928862384
vn -0.25881900959356163 0.9659258358036645 0
vn -0.26280768981578845 0.9646944626165714 0.017225329332491598
vn 0.25881900959356163 -0.9659258358036645 0
vn 0.26280768981578845 -0.9646944626165714 -0.017225329332491598
vn -0.25775629103700226 0.9637383664877828 0.06906558759837228
vn 0.25775629103700226 -0.9637383664877828 -0.06906558759837228
vn -0.2310979900120826 0.9637383583478025 0.1334244942334731
vn 0.2310979900120826 -0.9637383583478025 -0.1334244942334731
vn -0.18869069394609123 0.9637383690796402 0.18869069394609145
vn 0.18869069394609123 -0.9637383690796402 -0.18869069394609145
vn -0.13342449423347288 0.9637383583478025 0.2310979900120828
vn 0.13342449423347288 -0.9637383583478025 -0.2310979900120828
vn -0.06906558759837207 0.9637383664877827 0.2577562910370025
vn 0.06906558759837207 -0.9637383664877827 -0.2577562910370025
vn -0.017225329332491383 0.9646944626165713 0.26280768981578867
vn 0.017225329332491383 -0.9646944626165713 -0.26280768981578867
vn -0.19730160721389936 0.9803428358440798 0
vn 0.19730160721389936 -0.9803428358440798 0
vn 0.881424411896863 0 -0.47232510637512076
vn -0.881424411896863 0 0.47232510637512076
vn 0.7148312046745064 0.25804670168744887 -0.6499448042501937
vn 0.7382977932187731 0.06555857939784801 -0.6712811938343171
vn -0.7382977932187731 -0.06555857939784801 0.6712811938343171
vn -0.7148312046745064 -0.25804670168744887 0.6499448042501937
vn 0.764173899862273 0.49834969991018263 -0.40949459992619675
vn -0.764173899862273 -0.49834969991018263 0.40949459992619675
vn 0.6882252150807868 0.7046235154401158 -0.17277660378598017
vn -0.6882252150807868 -0.7046235154401158 0.17277660378598017
vn 0.5021763319636972 0.8642123550074151 -0.03091823196795596
vn -0.5021763319636972 -0.8642123550074151 0.03091823196795596
vn 0.48964461527353126 0.8632137269263083 -0.12292360383436753
vn -0.48964461527353126 -0.8632137269263083 0.12292360383436753
vn 0.4449771088781612 0.8632137172227972 -0.23844800475750255
vn -0.4449771088781612 -0.8632137172227972 0.23844800475750255
vn 0.3735248117631892 0.8632137271846637 -0.3396193106954238
vn -0.3735248117631892 -0.8632137271846637 0.3396193106954238
vn 0.2795886991612032 0.8632136974102641 -0.4203477987389102
vn -0.2795886991612032 -0.8632136974102641 0.4203477987389102
vn 0.19707101014299486 0.8642123444799131 -0.46292552382618923
vn -0.19707101014299486 -0.8642123444799131 0.46292552382618923
vn 0.15686430052928996 0.8652617029195575 -0.4761468016066096
vn -0.15686430052928996 -0.8652617029195575 0.4761468016066096
vn 0.13506220013427006 0.865261700860187 -0.4827840004799523
vn -0.13506220013427006 -0.865261700860187 0.4827840004799523
vn 0.11298099823748853 0.8652616865018573 -0.4884234923805592
vn -0.11298099823748853 -0.8652616865018573 0.4884234923805592
vn 0.09066622876593006 0.8652616882228097 -0.49305359328898263
vn -0.09066622876593006 -0.8652616882228097 0.49305359328898263
vn 0.06816413060217431 0.8652617076438791 -0.496664704387626
vn -0.06816413060217431 -0.8652617076438791 0.496664704387626
vn 0.045521171142458065 0.8652617217157251 -0.4992494125298075
vn -0.045521171142458065 -0.8652617217157251 0.4992494125298075
vn 0.022784130342758686 0.8652617130167781 -0.5008024075339443
vn -0.022784130342758686 -0.8652617130167781 0.5008024075339443
vn 0 0.8652617203582891 -0.5013204117953047
vn 0 -0.8652617203582891 0.5013204117953047
vn -0.022784130342758686 0.8652617130167781 -0.5008024075339443
vn 0.022784130342758686 -0.8652617130167781 0.5008024075339443
vn -0.045521171142458065 0.8652617217157251 -0.4992494125298075
vn 0.045521171142458065 -0.8652617217157251 0.4992494125298075
vn -0.06816413060217431 0.8652617076438791 -0.496664704387626
vn 0.06816413060217431 -0.8652617076438791 0.496664704387626
vn -0.09066622876593006 0.8652616882228097 -0.49305359328898263
vn 0.09066622876593006 -0.8652616882228097 0.49305359328898263
vn -0.11298099823748853 0.8652616865018573 -0.4884234923805592
vn 0.11298099823748853 -0.8652616865018573 0.4884234923805592
vn -0.13506220013427006 0.865261700860187 -0.4827840004799523
vn 0.13506220013427006 -0.865261700860187 0.4827840004799523
vn -0.15686430052928996 0.8652617029195575 -0.4761468016066096
vn 0.15686430052928996 -0.8652617029195575 0.4761468016066096
vn -0.19707101014299486 0.8642123444799131 -0.46292552382618923
vn 0.19707101014299486 -0.8642123444799131 0.46292552382618923
vn -0.2795886991612032 0.8632136974102641 -0.4203477987389102
vn 0.2795886991612032 -0.8632136974102641 0.4203477987389102
vn -0.3735248117631892 0.8632137271846637 -0.3396193106954238
vn 0.3735248117631892 -0.8632137271846637 0.3396193106954238
vn -0.4449771088781612 0.8632137172227972 -0.23844800475750255
vn 0.4449771088781612 -0.8632137172227972 0.23844800475750255
vn -0.48964461527353126 0.8632137269263083 -0.12292360383436753
vn 0.48964461527353126 -0.8632137269263083 0.12292360383436753
vn -0.5021763319636972 0.8642123550074151 -0.03091823196795596
vn 0.5021763319636972 -0.8642123550074151 0.03091823196795596
vn -0.5000000016387101 0.866025402838329 0
vn -0.502202600329229 0.8641233005664933 0.032916100021579
vn 0.5000000016387101 -0.866025402838329 0
vn 0.502202600329229 -0.8641233005664933 -0.032916100021579
vn -0.48774958077200226 0.8631453659732006 0.1306920948478742
vn 0.48774958077200226 -0.8631453659732006 -0.1306920948478742
vn -0.4373042842936725 0.86314536899906 0.25247779093194617
vn 0.4373042842936725 -0.86314536899906 -0.25247779093194617
vn -0.35705748247675106 0.8631453576395629 0.35705748247675123
vn 0.35705748247675106 -0.8631453576395629 -0.35705748247675123
vn -0.252477790931946 0.86314536899906 0.4373042842936727
vn 0.252477790931946 -0.86314536899906 -0.4373042842936727
vn -0.130692094847874 0.8631453659732005 0.4877495807720024
vn 0.130692094847874 -0.8631453659732005 -0.4877495807720024
vn -0.032916100021578805 0.8641233005664932 0.5022026003292293
vn 0.032916100021578805 -0.8641233005664932 -0.5022026003292293
vn -0.4490389831453581 0.8935121664620931 0
vn 0.4490389831453581 -0.8935121664620931 0
vn 0.7398894604445857 0 -0.6727284640350963
vn -0.7398894604445857 0 0.6727284640350963
vn 0.5350614872768532 0.25804669386394663 -0.8044383808713804
vn 0.5526264865586246 0.0655585784054377 -0.8308465797915571
vn -0.5350614872768532 -0.25804669386394663 0.8044383808713804
vn -0.5526264865586246 -0.0655585784054377 0.8308465797915571
vn 0.6414664972825588 0.4983496978888438 -0.5832394975292254
vn -0.6414664972825588 -0.4983496978888438 0.5832394975292254
vn 0.6254423163174307 0.7046235183832229 -0.3351531087439519
vn -0.6254423163174307 -0.7046235183832229 0.3351531087439519
vn 0.5250117906172913 0.7046234874073745 -0.47735559146897527
vn -0.5250117906172913 -0.7046234874073745 0.47735559146897527
vn 0.3929788909481342 0.7046234837697206 -0.5908242863909682
vn -0.3929788909481342 -0.7046234837697206 0.5908242863909682
vn 0.2777102123665138 0.7052074314030851 -0.6523492290492942
vn -0.2777102123665138 -0.7052074314030851 0.6523492290492942
vn 0.22152250304770885 0.7062518097166196 -0.6724107092510332
vn -0.22152250304770885 -0.7062518097166196 0.6724107092510332
vn 0.1907337998997341 0.7062517996287341 -0.6817836996415964
vn -0.1907337998997341 -0.7062517996287341 0.6817836996415964
vn 0.15955080379418438 0.7062518167949616 -0.689747716402487
vn -0.15955080379418438 -0.7062518167949616 0.689747716402487
vn 0.12803810181669803 0.7062518100208164 -0.6962863098794183
vn -0.12803810181669803 -0.7062518100208164 0.6962863098794183
vn 0.09626084312657363 0.7062518229392166 -0.701385922781171
vn -0.09626084312657363 -0.7062518229392166 0.701385922781171
vn 0.064284629326275 0.7062517925982388 -0.7050360926109795
vn -0.064284629326275 -0.7062517925982388 0.7050360926109795
vn 0.03217555979090401 0.7062517954103544 -0.7072291954040025
vn -0.03217555979090401 -0.7062517954103544 0.7072291954040025
vn 0 0.7062518149203715 -0.7079607149564737
vn 0 -0.7062518149203715 0.7079607149564737
vn -0.03217555979090401 0.7062517954103544 -0.7072291954040025
vn 0.03217555979090401 -0.7062517954103544 0.7072291954040025
vn -0.064284629326275 0.7062517925982388 -0.7050360926109795
vn 0.064284629326275 -0.7062517925982388 0.7050360926109795
vn -0.09626084312657363 0.7062518229392166 -0.701385922781171
vn 0.09626084312657363 -0.7062518229392166 0.701385922781171
vn -0.12803810181669803 0.7062518100208164 -0.6962863098794183
vn 0.12803810181669803 -0.7062518100208164 0.6962863098794183
vn -0.15955080379418438 0.7062518167949616 -0.689747716402487
vn 0.15955080379418438 -0.7062518167949616 0.689747716402487
vn -0.1907337998997341 0.7062517996287341 -0.6817836996415964
vn 0.1907337998997341 -0.7062517996287341 0.6817836996415964
vn -0.22152250304770885 0.7062518097166196 -0.6724107092510332
vn 0.22152250304770885 -0.7062518097166196 0.6724107092510332
vn -0.2777102123665138 0.7052074314030851 -0.6523492290492942
vn 0.2777102123665138 -0.7052074314030851 0.6523492290492942
vn -0.3929788909481342 0.7046234837697206 -0.5908242863909682
vn 0.3929788909481342 -0.7046234837697206 0.5908242863909682
vn -0.5250117906172913 0.7046234874073745 -0.47735559146897527
vn 0.5250117906172913 -0.7046234874073745 0.47735559146897527
vn -0.6254423163174307 0.7046235183832229 -0.3351531087439519
vn 0.6254423163174307 -0.7046235183832229 0.3351531087439519
vn -0.6882252150807868 0.7046235154401158 -0.17277660378598017
vn 0.6882252150807868 -0.7046235154401158 0.17277660378598017
vn -0.7076610428661048 0.7052074427174796 -0.04356961263920063
vn 0.7076610428661048 -0.7052074427174796 0.04356961263920063
vn -0.7071067811865476 0.7071067811865476 0
vn -0.7075596812339403 0.7051301812983761 0.046375908770007704
vn 0.7071067811865476 -0.7071067811865476 0
vn 0.7075596812339403 -0.7051301812983761 -0.046375908770007704
vn -0.6853829651876181 0.7046443642092816 0.18364779067205164
vn 0.6853829651876181 -0.7046443642092816 -0.18364779067205164
vn -0.6144975716946417 0.7046443675422454 0.35478028365789643
vn 0.6144975716946417 -0.7046443675422454 -0.35478028365789643
vn -0.5017351617955181 0.7046443463450555 0.5017351617955182
vn 0.5017351617955181 -0.7046443463450555 -0.5017351617955182
vn -0.35478028365789627 0.7046443675422454 0.6144975716946418
vn 0.35478028365789627 -0.7046443675422454 -0.6144975716946418
vn -0.18364779067205148 0.7046443642092814 0.6853829651876182
vn 0.18364779067205148 -0.7046443642092814 -0.6853829651876182
vn -0.046375908770007544 0.705130181298376 0.7075596812339404
vn 0.046375908770007544 -0.705130181298376 -0.7075596812339404
vn -0.6715887871571238 0.7409240858312162 0
vn 0.6715887871571238 -0.7409240858312162 0
vn -0.06526325977657908 0.06536388977623435 0.9957249965912551
vn -0.06318950072774653 0.2579659029709647 0.9640854111032657
vn 0.06318950072774653 -0.2579659029709647 -0.9640854111032657
vn 0.06526325977657908 -0.06536388977623435 -0.9957249965912551
vn 0.5538179076567403 0 -0.83263781151153
vn -0.5538179076567403 0 0.83263781151153
vn 0.3784325985512124 0.2579888990123181 -0.888949096596756
vn 0.39085470437685943 0.06535840073189503 -0.9181290102813694
vn -0.3784325985512124 -0.2579888990123181 0.888949096596756
vn -0.39085470437685943 -0.06535840073189503 0.9181290102813694
vn 0.48014689602099625 0.4983496958701488 -0.7218770940177648
vn -0.48014689602099625 -0.4983496958701488 0.7218770940177648
vn 0.33955788964376465 0.4984824847966958 -0.7976312756729044
vn -0.33955788964376465 -0.4984824847966958 0.7976312756729044
vn 0.27111178265912567 0.49927726806518613 -0.8229341473634176
vn -0.27111178265912567 -0.49927726806518613 0.8229341473634176
vn 0.2334306900153596 0.4992772786441789 -0.8344053643095878
vn -0.2334306900153596 -0.4992772786441789 0.8344053643095878
vn 0.19526729243247287 0.49927728065065435 -0.8441521672851282
vn -0.19526729243247287 -0.49927728065065435 0.8441521672851282
vn 0.15670029230714172 0.49927727548907386 -0.8521544581653397
vn -0.15670029230714172 -0.49927727548907386 0.8521544581653397
vn 0.11780949538398666 0.4992772804373106 -0.8583956663663286
vn -0.11780949538398666 -0.4992772804373106 0.8583956663663286
vn 0.07867516049987343 0.49927730317222707 -0.8628629054823178
vn -0.07867516049987343 -0.49927730317222707 0.8628629054823178
vn 0.03937826843171161 0.4992772801156631 -0.8655469655285182
vn -0.03937826843171161 -0.4992772801156631 0.8655469655285182
vn 0 0.4992772796483153 -0.8664422646818298
vn 0 -0.4992772796483153 0.8664422646818298
vn -0.03937826843171161 0.4992772801156631 -0.8655469655285182
vn 0.03937826843171161 -0.4992772801156631 0.8655469655285182
vn -0.07867516049987343 0.49927730317222707 -0.8628629054823178
vn 0.07867516049987343 -0.49927730317222707 0.8628629054823178
vn -0.11780949538398666 0.4992772804373106 -0.8583956663663286
vn 0.11780949538398666 -0.4992772804373106 0.8583956663663286
vn -0.15670029230714172 0.49927727548907386 -0.8521544581653397
vn 0.15670029230714172 -0.49927727548907386 0.8521544581653397
vn -0.19526729243247287 0.49927728065065435 -0.8441521672851282
vn 0.19526729243247287 -0.49927728065065435 0.8441521672851282
vn -0.2334306900153596 0.4992772786441789 -0.8344053643095878
vn 0.2334306900153596 -0.4992772786441789 0.8344053643095878
vn -0.27111178265912567 0.49927726806518613 -0.8229341473634176
vn 0.27111178265912567 -0.49927726806518613 0.8229341473634176
vn -0.33955788964376465 0.4984824847966958 -0.7976312756729044
vn 0.33955788964376465 -0.4984824847966958 0.7976312756729044
vn -0.48014689602099625 0.4983496958701488 -0.7218770940177648
vn 0.48014689602099625 -0.4983496958701488 0.7218770940177648
vn -0.6414664972825588 0.4983496978888438 -0.5832394975292254
vn 0.6414664972825588 -0.4983496978888438 0.5832394975292254
vn -0.764173899862273 0.49834969991018263 -0.40949459992619675
vn 0.764173899862273 -0.49834969991018263 0.40949459992619675
vn -0.8408828904294325 0.4983496943279982 -0.2111007975973414
vn 0.8408828904294325 -0.4983496943279982 0.2111007975973414
vn -0.8652613625830874 0.4984824784438828 -0.05327281769629785
vn 0.8652613625830874 -0.4984824784438828 0.05327281769629785
vn -0.866025402838329 0.5000000016387101 0
vn -0.8650724736457568 0.4984322848153697 0.05669984827265167
vn 0.866025402838329 -0.5000000016387101 0
vn 0.8650724736457568 -0.4984322848153697 -0.05669984827265167
vn -0.8373882655224731 0.4984331794781655 0.2243774907617754
vn 0.8373882655224731 -0.4984331794781655 -0.2243774907617754
vn -0.7507817654406564 0.49843317705655055 0.43346408004715264
vn 0.7507817654406564 -0.49843317705655055 -0.43346408004715264
vn -0.6130107581020892 0.4984331659332107 0.6130107581020893
vn 0.6130107581020892 -0.4984331659332107 -0.6130107581020893
vn -0.43346408004715253 0.4984331770565505 0.7507817654406566
vn 0.43346408004715253 -0.4984331770565505 -0.7507817654406566
vn -0.2243774907617753 0.4984331794781654 0.8373882655224733
vn 0.2243774907617753 -0.4984331794781654 -0.8373882655224733
vn -0.05669984827265156 0.49843228481536955 0.8650724736457569
vn 0.05669984827265156 -0.49843228481536955 -0.8650724736457569
vn -0.8473991564175846 0.5309563726924896 0
vn 0.8473991564175846 -0.5309563726924896 0
vn -0.25826149471318705 0.06560229865706992 0.9638450802693445
vn -0.2500485067840786 0.25811860700302863 0.933193725318526
vn 0.2500485067840786 -0.25811860700302863 -0.933193725318526
vn 0.25826149471318705 -0.06560229865706992 -0.9638450802693445
vn -0.06540313151333016 0 0.9978589230889555
vn 0.06540313151333016 0 -0.9978589230889555
vn 0.3916922037573995 0 -0.92009630882624
vn -0.3916922037573995 0 0.92009630882624
vn 0.3022747852255389 0.2584081873696324 -0.9175266551535141
vn 0.31223328490575974 0.06535809684040492 -0.9477545541828638
vn -0.3022747852255389 -0.2584081873696324 0.9175266551535141
vn -0.31223328490575974 -0.06535809684040492 0.9477545541828638
vn 0.2602625037943085 0.2584082037672753 -0.9303164135628736
vn -0.2602625037943085 -0.2584082037672753 0.9303164135628736
vn 0.21771239392038583 0.25840819278395666 -0.9411835737174677
vn -0.21771239392038583 -0.25840819278395666 0.9411835737174677
vn 0.17471229766138677 0.2584081965410747 -0.9501056872823508
vn -0.17471229766138677 -0.2584081965410747 0.9501056872823508
vn 0.13135110107491568 0.25840820211469145 -0.9570643078321643
vn -0.13135110107491568 -0.25840820211469145 0.9570643078321643
vn 0.08771849528497752 0.2584081861101084 -0.9620450482883965
vn -0.08771849528497752 -0.2584081861101084 0.9620450482883965
vn 0.043904620375420846 0.2584082022096042 -0.9650376082518703
vn -0.043904620375420846 -0.2584082022096042 0.9650376082518703
vn 0 0.25840820455975766 -0.9660358170462429
vn 0 -0.25840820455975766 0.9660358170462429
vn -0.043904620375420846 0.2584082022096042 -0.9650376082518703
vn 0.043904620375420846 -0.2584082022096042 0.9650376082518703
vn -0.08771849528497752 0.2584081861101084 -0.9620450482883965
vn 0.08771849528497752 -0.2584081861101084 0.9620450482883965
vn -0.13135110107491568 0.25840820211469145 -0.9570643078321643
vn 0.13135110107491568 -0.25840820211469145 0.9570643078321643
vn -0.17471229766138677 0.2584081965410747 -0.9501056872823508
vn 0.17471229766138677 -0.2584081965410747 0.9501056872823508
vn -0.21771239392038583 0.25840819278395666 -0.9411835737174677
vn 0.21771239392038583 -0.25840819278395666 0.9411835737174677
vn -0.2602625037943085 0.2584082037672753 -0.9303164135628736
vn 0.2602625037943085 -0.2584082037672753 0.9303164135628736
vn -0.3022747852255389 0.2584081873696324 -0.9175266551535141
vn 0.3022747852255389 -0.2584081873696324 0.9175266551535141
vn -0.3784325985512124 0.2579888990123181 -0.888949096596756
vn 0.3784325985512124 -0.2579888990123181 0.888949096596756
vn -0.5350614872768532 0.25804669386394663 -0.8044383808713804
vn 0.5350614872768532 -0.25804669386394663 0.8044383808713804
vn -0.7148312046745064 0.25804670168744887 -0.6499448042501937
vn 0.7148312046745064 -0.25804670168744887 0.6499448042501937
vn -0.8515727196099571 0.25804670594228163 -0.45632861050830326
vn 0.8515727196099571 -0.25804670594228163 0.45632861050830326
vn -0.9370549408901455 0.2580467112603511 -0.23524441026532988
vn 0.9370549408901455 -0.2580467112603511 0.23524441026532988
vn -0.9643218934713629 0.25798889825336757 -0.05937182959804171
vn 0.9643218934713629 -0.25798889825336757 0.05937182959804171
vn -0.9659258358036645 0.25881900959356163 0
vn -0.9640854111032658 0.257965902970965 0.0631895007277466
vn 0.9659258358036645 -0.25881900959356163 0
vn 0.9640854111032658 -0.257965902970965 -0.0631895007277466
vn -0.9331937253185261 0.25811860700302885 0.2500485067840787
vn 0.9331937253185261 -0.25811860700302885 -0.2500485067840787
vn -0.836678612480116 0.2581186038501641 0.4830566072053981
vn 0.836678612480116 -0.2581186038501641 -0.4830566072053981
vn -0.6831452204150984 0.2581186077136112 0.6831452204150985
vn 0.6831452204150984 -0.2581186077136112 -0.6831452204150985
vn -0.48305660720539795 0.258118603850164 0.8366786124801159
vn 0.48305660720539795 -0.258118603850164 -0.8366786124801159
vn -0.9607497821353382 0.27741639484158087 0
vn 0.9607497821353382 -0.27741639484158087 0
vn -0.4989228863600198 0.06560229820650812 0.8641598763748589
vn 0.4989228863600198 -0.06560229820650812 -0.8641598763748589
vn -0.25881900959356163 0 0.9659258358036645
vn 0.25881900959356163 0 -0.9659258358036645
vn 0.31290230540673597 0 -0.9497853164116351
vn -0.31290230540673597 0 0.9497853164116351
vn 0.26883689507844194 0.06535809880349898 -0.9609656824077407
vn -0.26883689507844194 -0.06535809880349898 0.9609656824077407
vn 0.22488489488089689 0.0653580985122398 -0.9721908778698104
vn -0.22488489488089689 -0.0653580985122398 0.9721908778698104
vn 0.18046820398704255 0.06535810144394175 -0.9814069216819976
vn -0.18046820398704255 -0.06535810144394175 0.9814069216819976
vn 0.1356784989698678 0.06535809950377212 -0.9885947924941435
vn -0.1356784989698678 -0.06535809950377212 0.9885947924941435
vn 0.09060839207574033 0.06535810149728369 -0.9937396227655005
vn -0.09060839207574033 -0.06535810149728369 0.9937396227655005
vn 0.04535105900891216 0.06535809857168481 -0.9968307782155725
vn -0.04535105900891216 -0.06535809857168481 0.9968307782155725
vn 0 0.06535809827757842 -0.9978618737027378
vn 0 -0.06535809827757842 0.9978618737027378
vn -0.04535105900891216 0.06535809857168481 -0.9968307782155725
vn 0.04535105900891216 -0.06535809857168481 0.9968307782155725
vn -0.09060839207574033 0.06535810149728369 -0.9937396227655005
vn 0.09060839207574033 -0.06535810149728369 0.9937396227655005
vn -0.1356784989698678 0.06535809950377212 -0.9885947924941435
vn 0.1356784989698678 -0.06535809950377212 0.9885947924941435
vn -0.18046820398704255 0.06535810144394175 -0.9814069216819976
vn 0.18046820398704255 -0.06535810144394175 0.9814069216819976
vn -0.22488489488089689 0.0653580985122398 -0.9721908778698104
vn 0.22488489488089689 -0.0653580985122398 0.9721908778698104
vn -0.26883689507844194 0.06535809880349898 -0.9609656824077407
vn 0.26883689507844194 -0.06535809880349898 0.9609656824077407
vn -0.31223328490575974 0.06535809684040492 -0.9477545541828638
vn 0.31223328490575974 -0.06535809684040492 0.9477545541828638
vn -0.39085470437685943 0.06535840073189503 -0.9181290102813694
vn 0.39085470437685943 -0.06535840073189503 0.9181290102813694
vn -0.5526264865586246 0.0655585784054377 -0.8308465797915571
vn 0.5526264865586246 -0.0655585784054377 0.8308465797915571
vn -0.7382977932187731 0.06555857939784801 -0.6712811938343171
vn 0.7382977932187731 -0.06555857939784801 0.6712811938343171
vn -0.8795282195748434 0.06555858145907663 -0.47130901048948726
vn 0.8795282195748434 -0.06555858145907663 0.47130901048948726
vn -0.9678166497253543 0.0655585765944643 -0.24296708737872066
vn 0.9678166497253543 -0.0655585765944643 0.24296708737872066
vn -0.9959759276220539 0.06535840181262745 -0.0613207217006478
vn 0.9959759276220539 -0.06535840181262745 0.0613207217006478
vn -0.9978589230889555 0.06540313151333016 0
vn -0.9957249965912551 0.06536388977623456 0.0652632597765791
vn 0.9978589230889555 -0.06540313151333016 0
vn 0.9957249965912551 -0.06536388977623456 -0.0652632597765791
vn -0.9638450802693445 0.06560229865707007 0.25826149471318705
vn 0.9638450802693445 -0.06560229865707007 -0.25826149471318705
vn -0.8641598763748589 0.0656022982065082 0.4989228863600198
vn 0.8641598763748589 -0.0656022982065082 -0.4989228863600198
vn -0.7055835665048165 0.0656022968857536 0.7055835665048165
vn 0.7055835665048165 -0.0656022968857536 -0.7055835665048165
vn -0.997685473244459 0.0679977681764623 0
vn 0.997685473244459 -0.0679977681764623 0
vn -0.5000000016387101 0 0.866025402838329
vn 0.5000000016387101 0 -0.866025402838329
vn 0.2694128897486444 0 -0.9630247633562102
vn -0.2694128897486444 0 0.9630247633562102
vn 0.22536679756398323 0 -0.9742739894689555
vn -0.22536679756398323 0 0.9742739894689555
vn 0.1808548013221318 0 -0.9835098071899091
vn -0.1808548013221318 0 0.9835098071899091
vn 0.13596919525057913 0 -0.9907130653942694
vn -0.13596919525057913 0 0.9907130653942694
vn 0.09080254148654379 0 -0.9958689163035388
vn -0.09080254148654379 0 0.9958689163035388
vn 0.04544822978823345 0 -0.9989666953453032
vn -0.04544822978823345 0 0.9989666953453032
vn -0.04544822978823345 0 -0.9989666953453032
vn 0.04544822978823345 0 0.9989666953453032
vn -0.09080254148654379 0 -0.9958689163035388
vn 0.09080254148654379 0 0.9958689163035388
vn -0.13596919525057913 0 -0.9907130653942694
vn 0.13596919525057913 0 0.9907130653942694
vn -0.1808548013221318 0 -0.9835098071899091
vn 0.1808548013221318 0 0.9835098071899091
vn -0.22536679756398323 0 -0.9742739894689555
vn 0.22536679756398323 0 0.9742739894689555
vn -0.2694128897486444 0 -0.9630247633562102
vn 0.2694128897486444 0 0.9630247633562102
vn -0.31290230540673597 0 -0.9497853164116351
vn 0.31290230540673597 0 0.9497853164116351
vn -0.3916922037573995 0 -0.92009630882624
vn 0.3916922037573995 0 0.92009630882624
vn -0.5538179076567403 0 -0.83263781151153
vn 0.5538179076567403 0 0.83263781151153
vn -0.7398894604445857 0 -0.6727284640350963
vn 0.7398894604445857 0 0.6727284640350963
vn -0.881424411896863 0 -0.47232510637512076
vn 0.881424411896863 0 0.47232510637512076
vn -0.9699031826615018 0 -0.243490895647229
vn 0.9699031826615018 0 0.243490895647229
vn -0.9981100329758331 0 -0.06145211203027173
vn 0.9981100329758331 0 0.06145211203027173
vn -0.9978589230889555 0 0.06540313151333016
vn 0.9978589230889555 0 -0.06540313151333016
vn -0.9659258358036645 0 0.25881900959356163
vn 0.9659258358036645 0 -0.25881900959356163
vn -0.866025402838329 0 0.5000000016387101
vn 0.866025402838329 0 -0.5000000016387101
vn -0.7071067811865476 0 0.7071067811865476
vn 0.7071067811865476 0 -0.7071067811865476
usemtl material_0_0
f 1//1 2//2 3//3
f 2//2 1//1 4//4
f 5//5 6//6 7//7
f 8//8 7//7 6//6
f 4//4 9//9 2//2
f 9//9 4//4 10//10
f 11//11 5//5 12//12
f 7//7 12//12 5//5
f 3//3 13//13 14//14
f 13//13 3//3 2//2
f 7//7 8//8 15//15
f 16//16 15//15 8//8
f 17//17 3//3 18//18
f 3//3 17//17 1//1
f 6//6 19//19 8//8
f 20//20 8//8 19//19
f 21//21 4//4 1//1
f 4//4 21//21 22//22
f 23//23 24//24 5//5
f 6//6 5//5 24//24
f 10//10 25//25 9//9
f 25//25 10//10 26//26
f 27//27 11//11 28//28
f 12//12 28//28 11//11
f 2//2 29//29 13//13
f 29//29 2//2 9//9
f 12//12 7//7 30//30
f 15//15 30//30 7//7
f 22//22 10//10 4//4
f 10//10 22//22 31//31
f 32//32 23//23 11//11
f 5//5 11//11 23//23
f 18//18 14//14 33//33
f 14//14 18//18 3//3
f 8//8 20//20 16//16
f 34//34 16//16 20//20
f 35//35 17//17 18//18
f 17//17 35//35 36//36
f 37//37 38//38 19//19
f 20//20 19//19 38//38
f 39//39 1//1 17//17
f 1//1 39//39 21//21
f 24//24 40//40 6//6
f 19//19 6//6 40//40
f 41//41 22//22 21//21
f 22//22 41//41 42//42
f 43//43 44//44 23//23
f 24//24 23//23 44//44
f 45//45 46//46 47//47
f 46//46 45//45 48//48
f 49//49 50//50 51//51
f 52//52 51//51 50//50
f 9//9 53//53 29//29
f 53//53 9//9 25//25
f 28//28 12//12 54//54
f 30//30 54//54 12//12
f 31//31 26//26 10//10
f 26//26 31//31 55//55
f 56//56 32//32 27//27
f 11//11 27//27 32//32
f 42//42 31//31 22//22
f 31//31 42//42 57//57
f 58//58 43//43 32//32
f 23//23 32//32 43//43
f 59//59 18//18 33//33
f 18//18 59//59 35//35
f 38//38 60//60 20//20
f 34//34 20//20 60//60
f 61//61 36//36 35//35
f 36//36 61//61 62//62
f 63//63 64//64 37//37
f 38//38 37//37 64//64
f 36//36 39//39 17//17
f 39//39 36//36 65//65
f 66//66 37//37 40//40
f 19//19 40//40 37//37
f 67//67 21//21 39//39
f 21//21 67//67 41//41
f 44//44 68//68 24//24
f 40//40 24//24 68//68
f 42//42 69//69 70//70
f 69//69 42//42 41//41
f 44//44 43//43 71//71
f 72//72 71//71 43//43
f 47//47 73//62 74//61
f 73//62 47//47 46//46
f 51//51 52//52 75//63
f 76//64 75//63 52//52
f 77//73 47//47 78//74
f 47//47 77//73 45//45
f 50//50 79//75 52//52
f 80//76 52//52 79//75
f 48//48 81//77 46//46
f 81//77 48//48 82//78
f 83//79 49//49 84//80
f 51//51 84//80 49//49
f 57//57 55//55 31//31
f 55//55 57//57 85//81
f 86//82 58//58 56//56
f 32//32 56//56 58//58
f 57//57 70//70 87//83
f 70//70 57//57 42//42
f 43//43 58//58 72//72
f 88//84 72//72 58//58
f 89//85 35//35 59//59
f 35//35 89//85 61//61
f 64//64 90//86 38//38
f 60//60 38//38 90//86
f 91//47 62//62 61//61
f 62//62 91//47 92//46
f 93//51 94//52 63//63
f 64//64 63//63 94//52
f 62//62 65//65 36//36
f 65//65 62//62 95//87
f 96//88 63//63 66//66
f 37//37 66//66 63//63
f 65//65 67//67 39//39
f 67//67 65//65 97//89
f 98//90 66//66 68//68
f 40//40 68//68 66//66
f 41//41 99//91 69//69
f 99//91 41//41 67//67
f 68//68 44//44 100//92
f 71//71 100//92 44//44
f 70//70 101//93 102//94
f 101//93 70//70 69//69
f 71//71 72//72 103//95
f 104//96 103//95 72//72
f 74//61 105//36 106//35
f 105//36 74//61 73//62
f 75//63 76//64 107//37
f 108//38 107//37 76//64
f 78//74 74//61 109//85
f 74//61 78//74 47//47
f 52//52 80//76 76//64
f 110//86 76//64 80//76
f 46//46 111//87 73//62
f 111//87 46//46 81//77
f 84//80 51//51 112//88
f 75//63 112//88 51//51
f 82//78 113//97 81//77
f 113//97 82//78 114//98
f 115//99 83//79 116//100
f 84//80 116//100 83//79
f 85//81 87//83 117//101
f 87//83 85//81 57//57
f 58//58 86//82 88//84
f 118//102 88//84 86//82
f 87//83 102//94 119//103
f 102//94 87//83 70//70
f 72//72 88//84 104//96
f 120//104 104//96 88//84
f 121//74 61//61 89//85
f 61//61 121//74 91//47
f 94//52 122//76 64//64
f 90//86 64//64 122//76
f 123//105 92//46 91//47
f 92//46 123//105 124//106
f 125//107 126//108 93//51
f 94//52 93//51 126//108
f 92//46 95//87 62//62
f 95//87 92//46 127//77
f 128//80 93//51 96//88
f 63//63 96//88 93//51
f 95//87 97//89 65//65
f 97//89 95//87 129//109
f 130//110 96//88 98//90
f 66//66 98//90 96//88
f 67//67 131//111 99//91
f 131//111 67//67 97//89
f 98//90 68//68 132//112
f 100//92 132//112 68//68
f 69//69 133//113 101//93
f 133//113 69//69 99//91
f 100//92 71//71 134//114
f 103//95 134//114 71//71
f 102//94 135//115 136//116
f 135//115 102//94 101//93
f 103//95 104//96 137//117
f 138//118 137//117 104//96
f 106//35 139//17 140//18
f 139//17 106//35 105//36
f 107//37 108//38 141//19
f 142//20 141//19 108//38
f 109//85 106//35 143//59
f 106//35 109//85 74//61
f 76//64 110//86 108//38
f 144//60 108//38 110//86
f 73//62 145//65 105//36
f 145//65 73//62 111//87
f 112//88 75//63 146//66
f 107//37 146//66 75//63
f 81//77 147//109 111//87
f 147//109 81//77 113//97
f 116//100 84//80 148//110
f 112//88 148//110 84//80
f 113//97 149//119 150//120
f 149//119 113//97 114//98
f 115//99 116//100 151//121
f 152//122 151//121 116//100
f 117//101 119//103 153//123
f 119//103 117//101 87//83
f 88//84 118//102 120//104
f 154//124 120//104 118//102
f 119//103 136//116 155//125
f 136//116 119//103 102//94
f 104//96 120//104 138//118
f 156//126 138//118 120//104
f 157//127 91//47 121//74
f 91//47 157//127 123//105
f 126//108 158//128 94//52
f 122//76 94//52 158//128
f 123//105 159//129 124//106
f 159//129 123//105 160//130
f 161//131 126//108 162//132
f 125//107 162//132 126//108
f 124//106 127//77 92//46
f 127//77 124//106 163//133
f 164//134 125//107 128//80
f 93//51 128//80 125//107
f 127//77 129//109 95//87
f 129//109 127//77 165//97
f 166//100 128//80 130//110
f 96//88 130//110 128//80
f 97//89 167//135 131//111
f 167//135 97//89 129//109
f 130//110 98//90 168//136
f 132//112 168//136 98//90
f 99//91 169//137 133//113
f 169//137 99//91 131//111
f 132//112 100//92 170//138
f 134//114 170//138 100//92
f 101//93 171//139 135//115
f 171//139 101//93 133//113
f 134//114 103//95 172//140
f 137//117 172//140 103//95
f 173//141 174//142 175//143
f 176//144 177//145 178//145
f 177//145 176//144 179//146
f 177//145 179//146 180//145
f 180//145 179//146 181//145
f 181//145 179//146 182//147
f 181//145 182//147 183//145
f 183//145 182//147 184//148
f 183//145 184//148 185//145
f 185//145 184//148 186//149
f 185//145 186//149 187//145
f 187//145 186//149 188//125
f 187//145 188//125 189//145
f 189//145 188//125 190//145
f 190//145 188//125 191//116
f 190//145 191//116 192//145
f 192//145 191//116 193//115
f 192//145 193//115 194//145
f 194//145 193//115 195//139
f 194//145 195//139 196//145
f 196//145 195//139 197//150
f 196//145 197//150 198//145
f 198//145 197//150 199//145
f 199//145 197//150 200//145
f 200//145 197//150 201//151
f 200//145 201//151 202//145
f 201//151 197//150 203//152
f 201//151 203//152 204//153
f 202//145 201//151 155//125
f 202//145 155//125 205//145
f 205//145 155//125 136//116
f 205//145 136//116 206//145
f 206//145 136//116 135//115
f 206//145 135//115 207//145
f 207//145 135//115 171//139
f 207//145 171//139 208//145
f 208//145 171//139 209//150
f 208//145 209//150 210//145
f 210//145 209//150 211//145
f 211//145 209//150 212//145
f 213//141 214//154 215//143
f 214//154 213//141 216//155
f 216//155 213//141 217//156
f 217//156 213//141 218//144
f 217//156 218//144 219//145
f 217//156 219//145 220//157
f 220//157 219//145 221//145
f 220//157 221//145 222//145
f 220//157 222//145 223//158
f 223//158 222//145 224//145
f 223//158 224//145 225//145
f 223//158 225//145 226//159
f 226//159 225//145 227//145
f 226//159 227//145 228//160
f 228//160 227//145 229//145
f 228//160 229//145 230//161
f 230//161 229//145 231//145
f 230//161 231//145 232//162
f 232//162 231//145 233//145
f 232//162 233//145 234//163
f 234//163 233//145 235//145
f 234//163 235//145 236//164
f 236//164 235//145 237//145
f 236//164 237//145 238//165
f 238//165 237//145 239//145
f 238//165 239//145 240//166
f 240//166 239//145 241//145
f 240//166 241//145 242//167
f 242//167 241//145 243//145
f 242//167 243//145 244//145
f 242//167 244//145 245//168
f 245//168 244//145 246//145
f 245//168 246//145 247//169
f 247//169 246//145 248//145
f 247//169 248//145 249//170
f 249//170 248//145 250//145
f 249//170 250//145 251//171
f 251//171 250//145 252//145
f 251//171 252//145 253//172
f 253//172 252//145 254//145
f 253//172 254//145 255//173
f 255//173 254//145 256//145
f 255//173 256//145 257//174
f 257//174 256//145 258//145
f 257//174 258//145 259//175
f 259//175 258//145 260//145
f 259//175 260//145 261//176
f 261//176 260//145 262//145
f 261//176 262//145 263//177
f 263//177 262//145 264//145
f 263//177 264//145 265//145
f 263//177 265//145 266//178
f 266//178 265//145 212//145
f 266//178 212//145 209//150
f 266//178 209//150 267//152
f 266//178 267//152 268//179
f 268//179 267//152 269//153
f 268//179 269//153 270//180
f 218//144 271//145 219//145
f 271//145 218//144 272//145
f 272//145 218//144 273//146
f 272//145 273//146 274//145
f 274//145 273//146 275//145
f 275//145 273//146 276//147
f 275//145 276//147 277//145
f 277//145 276//147 278//148
f 277//145 278//148 279//145
f 279//145 278//148 280//149
f 279//145 280//149 281//145
f 281//145 280//149 174//142
f 281//145 174//142 282//145
f 282//145 174//142 173//141
f 282//145 173//141 176//144
f 282//145 176//144 178//145
f 283//145 219//145 271//145
f 216//155 284//181 214//154
f 285//182 286//183 287//184
f 288//185 289//185 290//185
f 291//185 292//186 293//185
f 292//186 294//187 293//185
f 294//187 295//188 293//185
f 293//185 295//188 296//185
f 295//188 297//189 296//185
f 296//185 297//189 298//185
f 297//189 299//190 298//185
f 298//185 299//190 300//185
f 299//190 301//191 300//185
f 300//185 301//191 302//185
f 301//191 303//192 302//185
f 302//185 303//192 304//185
f 304//185 303//192 305//185
f 303//192 306//186 305//185
f 305//185 306//186 288//185
f 289//185 288//185 306//186
f 307//193 308//194 309//195
f 308//194 310//196 309//195
f 309//195 310//196 311//197
f 310//196 312//198 311//197
f 312//198 313//185 311//197
f 313//185 314//185 311//197
f 311//197 314//185 315//199
f 314//185 316//185 315//199
f 316//185 317//185 315//199
f 315//199 317//185 318//200
f 317//185 319//185 318//200
f 318//200 319//185 320//201
f 319//185 321//185 320//201
f 320//201 321//185 322//202
f 321//185 323//185 322//202
f 322//202 323//185 324//203
f 323//185 325//185 324//203
f 324//203 325//185 326//204
f 325//185 327//185 326//204
f 326//204 327//185 328//205
f 327//185 329//185 328//205
f 328//205 329//185 330//206
f 329//185 331//185 330//206
f 330//206 331//185 332//207
f 331//185 333//185 332//207
f 332//207 333//185 334//208
f 333//185 335//185 334//208
f 334//208 335//185 336//209
f 335//185 337//185 336//209
f 337//185 338//185 336//209
f 336//209 338//185 339//210
f 338//185 340//185 339//210
f 339//210 340//185 341//211
f 340//185 342//185 341//211
f 341//211 342//185 343//212
f 342//185 344//185 343//212
f 343//212 344//185 345//213
f 344//185 346//185 345//213
f 345//213 346//185 347//214
f 346//185 348//185 347//214
f 347//214 348//185 349//215
f 348//185 350//185 349//215
f 349//215 350//185 351//216
f 350//185 352//185 351//216
f 351//216 352//185 353//217
f 352//185 354//185 353//217
f 353//217 354//185 355//218
f 354//185 356//185 355//218
f 356//185 357//185 355//218
f 355//218 357//185 358//219
f 357//185 359//185 358//219
f 359//185 289//185 358//219
f 358//219 289//185 360//220
f 289//185 306//186 360//220
f 306//186 361//187 360//220
f 360//220 361//187 287//184
f 287//184 361//187 285//182
f 362//221 285//182 361//187
f 313//185 312//198 363//185
f 363//185 312//198 364//185
f 364//185 312//198 365//185
f 312//198 172//140 365//185
f 365//185 172//140 366//185
f 172//140 137//117 366//185
f 366//185 137//117 367//185
f 137//117 138//118 367//185
f 367//185 138//118 368//185
f 138//118 156//126 368//185
f 368//185 156//126 369//185
f 156//126 370//222 369//185
f 371//194 372//196 370//222
f 372//196 373//198 370//222
f 369//185 370//222 374//185
f 370//222 373//198 374//185
f 374//185 373//198 375//185
f 375//185 373//198 376//185
f 376//185 373//198 377//185
f 373//198 378//140 377//185
f 377//185 378//140 379//185
f 378//140 380//117 379//185
f 379//185 380//117 381//185
f 380//117 382//118 381//185
f 381//185 382//118 383//185
f 382//118 384//126 383//185
f 383//185 384//126 385//185
f 385//185 384//126 386//185
f 384//126 387//189 386//185
f 386//185 387//189 388//185
f 387//189 389//190 388//185
f 388//185 389//190 390//185
f 389//190 391//191 390//185
f 390//185 391//191 392//185
f 391//191 393//192 392//185
f 392//185 393//192 394//185
f 394//185 393//192 395//185
f 393//192 292//186 395//185
f 291//185 395//185 292//186
f 396//221 295//188 294//187
f 139//17 397//3 140//18
f 397//3 139//17 398//1
f 399//6 141//19 400//8
f 142//20 400//8 141//19
f 143//59 140//18 401//33
f 140//18 143//59 106//35
f 108//38 144//60 142//20
f 402//34 142//20 144//60
f 105//36 403//39 139//17
f 403//39 105//36 145//65
f 146//66 107//37 404//40
f 141//19 404//40 107//37
f 111//87 405//89 145//65
f 405//89 111//87 147//109
f 148//110 112//88 406//90
f 146//66 406//90 112//88
f 147//109 150//120 407//135
f 150//120 147//109 113//97
f 116//100 148//110 152//122
f 408//136 152//122 148//110
f 150//120 409//223 410//224
f 409//223 150//120 149//119
f 151//121 152//122 411//225
f 412//226 411//225 152//122
f 153//123 155//125 201//151
f 155//125 153//123 119//103
f 120//104 154//124 156//126
f 370//222 156//126 154//124
f 413//227 123//105 157//127
f 123//105 413//227 160//130
f 161//131 414//228 126//108
f 158//128 126//108 414//228
f 160//130 415//229 159//129
f 415//229 160//130 416//230
f 417//231 161//131 418//232
f 162//132 418//232 161//131
f 124//106 419//233 163//133
f 419//233 124//106 159//129
f 162//132 125//107 420//234
f 164//134 420//234 125//107
f 163//133 165//97 127//77
f 165//97 163//133 421//235
f 422//236 164//134 166//100
f 128//80 166//100 164//134
f 129//109 423//120 167//135
f 423//120 129//109 165//97
f 166//100 130//110 424//122
f 168//136 424//122 130//110
f 131//111 425//237 169//137
f 425//237 131//111 167//135
f 168//136 132//112 426//238
f 170//138 426//238 132//112
f 133//113 209//150 171//139
f 209//150 133//113 169//137
f 170//138 134//114 312//198
f 172//140 312//198 134//114
f 169//137 267//152 209//150
f 267//152 169//137 425//237
f 426//238 170//138 310//196
f 312//198 310//196 170//138
f 425//237 269//153 267//152
f 269//153 425//237 427//224
f 428//226 426//238 308//194
f 310//196 308//194 426//238
f 427//224 270//180 269//153
f 270//180 427//224 429//239
f 430//240 428//226 307//193
f 308//194 307//193 428//226
f 270//180 431//241 268//179
f 431//241 270//180 429//239
f 430//240 307//193 432//242
f 309//195 432//242 307//193
f 268//179 433//243 266//178
f 433//243 268//179 431//241
f 432//242 309//195 434//244
f 311//197 434//244 309//195
f 266//178 435//245 263//177
f 435//245 266//178 433//243
f 434//244 311//197 436//246
f 315//199 436//246 311//197
f 263//177 437//247 261//176
f 437//247 263//177 435//245
f 436//246 315//199 438//248
f 318//200 438//248 315//199
f 261//176 439//249 259//175
f 439//249 261//176 437//247
f 438//248 318//200 440//250
f 320//201 440//250 318//200
f 259//175 441//251 257//174
f 441//251 259//175 439//249
f 440//250 320//201 442//252
f 322//202 442//252 320//201
f 257//174 443//253 255//173
f 443//253 257//174 441//251
f 442//252 322//202 444//254
f 324//203 444//254 322//202
f 255//173 445//255 253//172
f 445//255 255//173 443//253
f 444//254 324//203 446//256
f 326//204 446//256 324//203
f 253//172 447//257 251//171
f 447//257 253//172 445//255
f 446//256 326//204 448//258
f 328//205 448//258 326//204
f 251//171 449//259 249//170
f 449//259 251//171 447//257
f 448//258 328//205 450//260
f 330//206 450//260 328//205
f 249//170 451//261 247//169
f 451//261 249//170 449//259
f 450//260 330//206 452//262
f 332//207 452//262 330//206
f 247//169 453//263 245//168
f 453//263 247//169 451//261
f 452//262 332//207 454//264
f 334//208 454//264 332//207
f 245//168 455//265 242//167
f 455//265 245//168 453//263
f 454//264 334//208 456//266
f 336//209 456//266 334//208
f 240//166 455//265 457//267
f 455//265 240//166 242//167
f 336//209 339//210 456//266
f 458//268 456//266 339//210
f 238//165 457//267 459//269
f 457//267 238//165 240//166
f 339//210 341//211 458//268
f 460//270 458//268 341//211
f 236//164 459//269 461//271
f 459//269 236//164 238//165
f 341//211 343//212 460//270
f 462//272 460//270 343//212
f 234//163 461//271 463//273
f 461//271 234//163 236//164
f 343//212 345//213 462//272
f 464//274 462//272 345//213
f 232//162 463//273 465//275
f 463//273 232//162 234//163
f 345//213 347//214 464//274
f 466//276 464//274 347//214
f 230//161 465//275 467//277
f 465//275 230//161 232//162
f 347//214 349//215 466//276
f 468//278 466//276 349//215
f 228//160 467//277 469//279
f 467//277 228//160 230//161
f 349//215 351//216 468//278
f 470//280 468//278 351//216
f 226//159 469//279 471//281
f 469//279 226//159 228//160
f 351//216 353//217 470//280
f 472//282 470//280 353//217
f 223//158 471//281 473//283
f 471//281 223//158 226//159
f 353//217 355//218 472//282
f 474//284 472//282 355//218
f 220//157 473//283 475//285
f 473//283 220//157 223//158
f 355//218 358//219 474//284
f 476//286 474//284 358//219
f 217//156 475//285 477//287
f 475//285 217//156 220//157
f 358//219 360//220 476//286
f 478//288 476//286 360//220
f 216//155 477//287 479//289
f 477//287 216//155 217//156
f 360//220 287//184 478//288
f 480//290 478//288 287//184
f 284//181 479//289 481//291
f 479//289 284//181 216//155
f 287//184 286//183 480//290
f 482//292 480//290 286//183
f 215//143 483//293 484//294
f 483//293 284//181 481//291
f 284//181 483//293 215//143
f 284//181 215//143 214//154
f 285//182 362//221 286//183
f 362//221 485//295 286//183
f 482//292 286//183 485//295
f 486//296 485//295 362//221
f 487//297 215//143 484//294
f 215//143 487//297 213//141
f 361//187 488//298 362//221
f 486//296 362//221 488//298
f 489//299 213//141 487//297
f 213//141 489//299 218//144
f 306//186 490//300 361//187
f 488//298 361//187 490//300
f 491//301 218//144 489//299
f 218//144 491//301 273//146
f 303//192 492//302 306//186
f 490//300 306//186 492//302
f 493//303 273//146 491//301
f 273//146 493//303 276//147
f 301//191 494//304 303//192
f 492//302 303//192 494//304
f 495//305 276//147 493//303
f 276//147 495//305 278//148
f 299//190 496//306 301//191
f 494//304 301//191 496//306
f 497//307 278//148 495//305
f 278//148 497//307 280//149
f 297//189 498//308 299//190
f 496//306 299//190 498//308
f 499//123 280//149 497//307
f 280//149 499//123 174//142
f 295//188 500//124 297//189
f 498//308 297//189 500//124
f 175//143 501//309 502//294
f 501//309 175//143 174//142
f 295//188 396//221 503//310
f 504//296 503//310 396//221
f 505//297 175//143 502//294
f 175//143 505//297 173//141
f 294//187 506//298 396//221
f 504//296 396//221 506//298
f 507//299 173//141 505//297
f 173//141 507//299 176//144
f 292//186 508//300 294//187
f 506//298 294//187 508//300
f 509//301 176//144 507//299
f 176//144 509//301 179//146
f 393//192 510//302 292//186
f 508//300 292//186 510//302
f 511//303 179//146 509//301
f 179//146 511//303 182//147
f 391//191 512//304 393//192
f 510//302 393//192 512//304
f 513//305 182//147 511//303
f 182//147 513//305 184//148
f 389//190 514//306 391//191
f 512//304 391//191 514//306
f 515//307 184//148 513//305
f 184//148 515//307 186//149
f 387//189 516//308 389//190
f 514//306 389//190 516//308
f 517//103 186//149 515//307
f 186//149 517//103 188//125
f 384//126 518//104 387//189
f 516//308 387//189 518//104
f 517//103 191//116 188//125
f 191//116 517//103 519//94
f 520//96 518//104 382//118
f 384//126 382//118 518//104
f 519//94 193//115 191//116
f 193//115 519//94 521//93
f 522//95 520//96 380//117
f 382//118 380//117 520//96
f 521//93 195//139 193//115
f 195//139 521//93 523//113
f 524//114 522//95 378//140
f 380//117 378//140 522//95
f 523//113 197//150 195//139
f 197//150 523//113 525//137
f 526//138 524//114 373//198
f 378//140 373//198 524//114
f 525//137 203//152 197//150
f 203//152 525//137 527//237
f 528//238 526//138 372//196
f 373//198 372//196 526//138
f 527//237 204//153 203//152
f 204//153 527//237 410//224
f 412//226 528//238 371//194
f 372//196 371//194 528//238
f 410//224 201//151 204//153
f 201//151 410//224 409//223
f 411//225 412//226 370//222
f 371//194 370//222 412//226
f 398//1 529//2 397//3
f 529//2 398//1 530//4
f 531//5 399//6 532//7
f 400//8 532//7 399//6
f 140//18 533//14 401//33
f 533//14 140//18 397//3
f 400//8 142//20 534//16
f 402//34 534//16 142//20
f 403//39 398//1 139//17
f 398//1 403//39 535//21
f 536//24 404//40 399//6
f 141//19 399//6 404//40
f 145//65 537//67 403//39
f 537//67 145//65 405//89
f 406//90 146//66 538//68
f 404//40 538//68 146//66
f 405//89 407//135 539//111
f 407//135 405//89 147//109
f 148//110 406//90 408//136
f 540//112 408//136 406//90
f 407//135 410//224 527//237
f 410//224 407//135 150//120
f 152//122 408//136 412//226
f 528//238 412//226 408//136
f 541//311 160//130 413//227
f 160//130 541//311 416//230
f 417//231 542//312 161//131
f 414//228 161//131 542//312
f 416//230 543//313 415//229
f 543//313 416//230 544//314
f 545//315 417//231 546//316
f 418//232 546//316 417//231
f 159//129 547//317 419//233
f 547//317 159//129 415//229
f 418//232 162//132 548//318
f 420//234 548//318 162//132
f 163//133 549//319 421//235
f 549//319 163//133 419//233
f 420//234 164//134 550//320
f 422//236 550//320 164//134
f 165//97 551//321 423//120
f 551//321 165//97 421//235
f 422//236 166//100 552//322
f 424//122 552//322 166//100
f 167//135 427//224 425//237
f 427//224 167//135 423//120
f 424//122 168//136 428//226
f 426//238 428//226 168//136
f 423//120 429//239 427//224
f 429//239 423//120 551//321
f 552//322 424//122 430//240
f 428//226 430//240 424//122
f 429//239 553//323 431//241
f 553//323 429//239 551//321
f 552//322 430//240 554//324
f 432//242 554//324 430//240
f 431//241 555//325 433//243
f 555//325 431//241 553//323
f 554//324 432//242 556//326
f 434//244 556//326 432//242
f 433//243 557//327 435//245
f 557//327 433//243 555//325
f 556//326 434//244 558//328
f 436//246 558//328 434//244
f 435//245 559//329 437//247
f 559//329 435//245 557//327
f 558//328 436//246 560//330
f 438//248 560//330 436//246
f 437//247 561//331 439//249
f 561//331 437//247 559//329
f 560//330 438//248 562//332
f 440//250 562//332 438//248
f 439//249 563//333 441//251
f 563//333 439//249 561//331
f 562//332 440//250 564//334
f 442//252 564//334 440//250
f 441//251 565//335 443//253
f 565//335 441//251 563//333
f 564//334 442//252 566//336
f 444//254 566//336 442//252
f 443//253 567//337 445//255
f 567//337 443//253 565//335
f 566//336 444//254 568//338
f 446//256 568//338 444//254
f 445//255 569//339 447//257
f 569//339 445//255 567//337
f 568//338 446//256 570//340
f 448//258 570//340 446//256
f 447//257 571//341 449//259
f 571//341 447//257 569//339
f 570//340 448//258 572//342
f 450//260 572//342 448//258
f 449//259 573//343 451//261
f 573//343 449//259 571//341
f 572//342 450//260 574//344
f 452//262 574//344 450//260
f 451//261 575//345 453//263
f 575//345 451//261 573//343
f 574//344 452//262 576//346
f 454//264 576//346 452//262
f 453//263 577//347 455//265
f 577//347 453//263 575//345
f 576//346 454//264 578//348
f 456//266 578//348 454//264
f 457//267 577//347 579//349
f 577//347 457//267 455//265
f 456//266 458//268 578//348
f 580//350 578//348 458//268
f 459//269 579//349 581//351
f 579//349 459//269 457//267
f 458//268 460//270 580//350
f 582//352 580//350 460//270
f 461//271 581//351 583//353
f 581//351 461//271 459//269
f 460//270 462//272 582//352
f 584//354 582//352 462//272
f 463//273 583//353 585//355
f 583//353 463//273 461//271
f 462//272 464//274 584//354
f 586//356 584//354 464//274
f 465//275 585//355 587//357
f 585//355 465//275 463//273
f 464//274 466//276 586//356
f 588//358 586//356 466//276
f 467//277 587//357 589//359
f 587//357 467//277 465//275
f 466//276 468//278 588//358
f 590//360 588//358 468//278
f 469//279 589//359 591//361
f 589//359 469//279 467//277
f 468//278 470//280 590//360
f 592//362 590//360 470//280
f 471//281 591//361 593//363
f 591//361 471//281 469//279
f 470//280 472//282 592//362
f 594//364 592//362 472//282
f 473//283 593//363 595//365
f 593//363 473//283 471//281
f 472//282 474//284 594//364
f 596//366 594//364 474//284
f 475//285 595//365 597//367
f 595//365 475//285 473//283
f 474//284 476//286 596//366
f 598//368 596//366 476//286
f 477//287 597//367 599//369
f 597//367 477//287 475//285
f 476//286 478//288 598//368
f 600//370 598//368 478//288
f 479//289 599//369 601//371
f 599//369 479//289 477//287
f 478//288 480//290 600//370
f 602//372 600//370 480//290
f 481//291 601//371 603//373
f 601//371 481//291 479//289
f 480//290 482//292 602//372
f 604//374 602//372 482//292
f 484//294 605//375 606//376
f 605//375 484//294 481//291
f 481//291 484//294 483//293
f 481//291 603//373 605//375
f 607//377 604//374 482//292
f 485//295 486//296 482//292
f 482//292 486//296 607//377
f 608//378 607//377 486//296
f 609//379 484//294 606//376
f 484//294 609//379 487//297
f 488//298 610//380 486//296
f 608//378 486//296 610//380
f 611//381 487//297 609//379
f 487//297 611//381 489//299
f 490//300 612//382 488//298
f 610//380 488//298 612//382
f 613//383 489//299 611//381
f 489//299 613//383 491//301
f 492//302 614//384 490//300
f 612//382 490//300 614//384
f 615//385 491//301 613//383
f 491//301 615//385 493//303
f 494//304 616//386 492//302
f 614//384 492//302 616//386
f 617//387 493//303 615//385
f 493//303 617//387 495//305
f 496//306 618//388 494//304
f 616//386 494//304 618//388
f 619//389 495//305 617//387
f 495//305 619//389 497//307
f 498//308 620//390 496//306
f 618//388 496//306 620//390
f 621//101 497//307 619//389
f 497//307 621//101 499//123
f 500//124 622//102 498//308
f 620//390 498//308 622//102
f 502//294 623//391 624//376
f 623//391 502//294 501//309
f 503//310 504//296 625//392
f 626//378 625//392 504//296
f 627//379 502//294 624//376
f 502//294 627//379 505//297
f 506//298 628//380 504//296
f 626//378 504//296 628//380
f 629//381 505//297 627//379
f 505//297 629//381 507//299
f 508//300 630//382 506//298
f 628//380 506//298 630//382
f 631//383 507//299 629//381
f 507//299 631//383 509//301
f 510//302 632//384 508//300
f 630//382 508//300 632//384
f 633//385 509//301 631//383
f 509//301 633//385 511//303
f 512//304 634//386 510//302
f 632//384 510//302 634//386
f 635//387 511//303 633//385
f 511//303 635//387 513//305
f 514//306 636//388 512//304
f 634//386 512//304 636//388
f 637//389 513//305 635//387
f 513//305 637//389 515//307
f 516//308 638//390 514//306
f 636//388 514//306 638//390
f 639//83 515//307 637//389
f 515//307 639//83 517//103
f 518//104 640//84 516//308
f 638//390 516//308 640//84
f 639//83 519//94 517//103
f 519//94 639//83 641//70
f 642//72 640//84 520//96
f 518//104 520//96 640//84
f 641//70 521//93 519//94
f 521//93 641//70 643//69
f 644//71 642//72 522//95
f 520//96 522//95 642//72
f 643//69 523//113 521//93
f 523//113 643//69 645//91
f 646//92 644//71 524//114
f 522//95 524//114 644//71
f 645//91 525//137 523//113
f 525//137 645//91 539//111
f 540//112 646//92 526//138
f 524//114 526//138 646//92
f 539//111 527//237 525//137
f 527//237 539//111 407//135
f 408//136 540//112 528//238
f 526//138 528//238 540//112
f 530//4 647//9 529//2
f 647//9 530//4 648//10
f 649//11 531//5 650//12
f 532//7 650//12 531//5
f 397//3 651//13 533//14
f 651//13 397//3 529//2
f 532//7 400//8 652//15
f 534//16 652//15 400//8
f 535//21 530//4 398//1
f 530//4 535//21 653//22
f 654//23 536//24 531//5
f 399//6 531//5 536//24
f 537//67 535//21 403//39
f 535//21 537//67 655//41
f 656//44 538//68 536//24
f 404//40 536//24 538//68
f 537//67 539//111 645//91
f 539//111 537//67 405//89
f 406//90 538//68 540//112
f 646//92 540//112 538//68
f 657//393 416//230 541//311
f 416//230 657//393 544//314
f 545//315 658//394 417//231
f 542//312 417//231 658//394
f 659//395 544//314 660//396
f 544//314 659//395 543//313
f 546//316 661//397 545//315
f 662//398 545//315 661//397
f 415//229 663//399 547//317
f 663//399 415//229 543//313
f 546//316 418//232 664//400
f 548//318 664//400 418//232
f 419//233 665//401 549//319
f 665//401 419//233 547//317
f 548//318 420//234 666//402
f 550//320 666//402 420//234
f 551//321 549//319 553//323
f 549//319 551//321 421//235
f 422//236 552//322 550//320
f 554//324 550//320 552//322
f 553//323 665//401 555//325
f 665//401 553//323 549//319
f 550//320 554//324 666//402
f 556//326 666//402 554//324
f 555//325 667//403 557//327
f 667//403 555//325 665//401
f 666//402 556//326 668//404
f 558//328 668//404 556//326
f 557//327 669//405 559//329
f 669//405 557//327 667//403
f 668//404 558//328 670//406
f 560//330 670//406 558//328
f 559//329 671//407 561//331
f 671//407 559//329 669//405
f 670//406 560//330 672//408
f 562//332 672//408 560//330
f 561//331 673//409 563//333
f 673//409 561//331 671//407
f 672//408 562//332 674//410
f 564//334 674//410 562//332
f 563//333 675//411 565//335
f 675//411 563//333 673//409
f 674//410 564//334 676//412
f 566//336 676//412 564//334
f 565//335 677//413 567//337
f 677//413 565//335 675//411
f 676//412 566//336 678//414
f 568//338 678//414 566//336
f 567//337 679//415 569//339
f 679//415 567//337 677//413
f 678//414 568//338 680//416
f 570//340 680//416 568//338
f 569//339 681//417 571//341
f 681//417 569//339 679//415
f 680//416 570//340 682//418
f 572//342 682//418 570//340
f 571//341 683//419 573//343
f 683//419 571//341 681//417
f 682//418 572//342 684//420
f 574//344 684//420 572//342
f 573//343 685//421 575//345
f 685//421 573//343 683//419
f 684//420 574//344 686//422
f 576//346 686//422 574//344
f 575//345 687//423 577//347
f 687//423 575//345 685//421
f 686//422 576//346 688//424
f 578//348 688//424 576//346
f 579//349 687//423 689//425
f 687//423 579//349 577//347
f 578//348 580//350 688//424
f 690//426 688//424 580//350
f 581//351 689//425 691//427
f 689//425 581//351 579//349
f 580//350 582//352 690//426
f 692//428 690//426 582//352
f 583//353 691//427 693//429
f 691//427 583//353 581//351
f 582//352 584//354 692//428
f 694//430 692//428 584//354
f 585//355 693//429 695//431
f 693//429 585//355 583//353
f 584//354 586//356 694//430
f 696//432 694//430 586//356
f 587//357 695//431 697//433
f 695//431 587//357 585//355
f 586//356 588//358 696//432
f 698//434 696//432 588//358
f 589//359 697//433 699//435
f 697//433 589//359 587//357
f 588//358 590//360 698//434
f 700//436 698//434 590//360
f 591//361 699//435 701//437
f 699//435 591//361 589//359
f 590//360 592//362 700//436
f 702//438 700//436 592//362
f 593//363 701//437 703//439
f 701//437 593//363 591//361
f 592//362 594//364 702//438
f 704//440 702//438 594//364
f 595//365 703//439 705//441
f 703//439 595//365 593//363
f 594//364 596//366 704//440
f 706//442 704//440 596//366
f 597//367 705//441 707//443
f 705//441 597//367 595//365
f 596//366 598//368 706//442
f 708//444 706//442 598//368
f 599//369 707//443 709//445
f 707//443 599//369 597//367
f 598//368 600//370 708//444
f 710//446 708//444 600//370
f 601//371 709//445 711//447
f 709//445 601//371 599//369
f 600//370 602//372 710//446
f 712//448 710//446 602//372
f 603//373 711//447 713//449
f 711//447 603//373 601//371
f 602//372 604//374 712//448
f 714//450 712//448 604//374
f 606//376 715//451 716//452
f 715//451 606//376 603//373
f 603//373 606//376 605//375
f 603//373 713//449 715//451
f 717//453 714//450 604//374
f 607//377 608//378 604//374
f 604//374 608//378 717//453
f 718//454 717//453 608//378
f 719//455 606//376 716//452
f 606//376 719//455 609//379
f 610//380 720//456 608//378
f 718//454 608//378 720//456
f 721//457 609//379 719//455
f 609//379 721//457 611//381
f 612//382 722//458 610//380
f 720//456 610//380 722//458
f 723//459 611//381 721//457
f 611//381 723//459 613//383
f 614//384 724//460 612//382
f 722//458 612//382 724//460
f 725//461 613//383 723//459
f 613//383 725//461 615//385
f 616//386 726//462 614//384
f 724//460 614//384 726//462
f 727//463 615//385 725//461
f 615//385 727//463 617//387
f 618//388 728//464 616//386
f 726//462 616//386 728//464
f 729//465 617//387 727//463
f 617//387 729//465 619//389
f 620//390 730//466 618//388
f 728//464 618//388 730//466
f 731//81 619//389 729//465
f 619//389 731//81 621//101
f 622//102 732//82 620//390
f 730//466 620//390 732//82
f 624//376 733//467 734//452
f 733//467 624//376 623//391
f 625//392 626//378 735//468
f 736//454 735//468 626//378
f 737//455 624//376 734//452
f 624//376 737//455 627//379
f 628//380 738//456 626//378
f 736//454 626//378 738//456
f 739//457 627//379 737//455
f 627//379 739//457 629//381
f 630//382 740//458 628//380
f 738//456 628//380 740//458
f 741//459 629//381 739//457
f 629//381 741//459 631//383
f 632//384 742//460 630//382
f 740//458 630//382 742//460
f 743//461 631//383 741//459
f 631//383 743//461 633//385
f 634//386 744//462 632//384
f 742//460 632//384 744//462
f 745//463 633//385 743//461
f 633//385 745//463 635//387
f 636//388 746//464 634//386
f 744//462 634//386 746//464
f 747//465 635//387 745//463
f 635//387 747//465 637//389
f 638//390 748//466 636//388
f 746//464 636//388 748//466
f 749//57 637//389 747//465
f 637//389 749//57 639//83
f 640//84 750//58 638//390
f 748//466 638//390 750//58
f 749//57 641//70 639//83
f 641//70 749//57 751//42
f 752//43 750//58 642//72
f 640//84 642//72 750//58
f 751//42 643//69 641//70
f 643//69 751//42 655//41
f 656//44 752//43 644//71
f 642//72 644//71 752//43
f 655//41 645//91 643//69
f 645//91 655//41 537//67
f 538//68 656//44 646//92
f 644//71 646//92 656//44
f 648//10 753//469 647//9
f 753//469 648//10 754//470
f 755//471 649//11 756//472
f 650//12 756//472 649//11
f 529//2 757//29 651//13
f 757//29 529//2 647//9
f 650//12 532//7 758//30
f 652//15 758//30 532//7
f 653//22 648//10 530//4
f 648//10 653//22 759//31
f 760//32 654//23 649//11
f 531//5 649//11 654//23
f 655//41 653//22 535//21
f 653//22 655//41 751//42
f 752//43 656//44 654//23
f 536//24 654//23 656//44
f 660//396 657//393 761//473
f 657//393 660//396 544//314
f 545//315 662//398 658//394
f 762//474 658//394 662//398
f 763//475 660//396 764//476
f 660//396 763//475 659//395
f 661//397 765//477 662//398
f 766//478 662//398 765//477
f 767//479 543//313 659//395
f 543//313 767//479 663//399
f 664//400 768//480 546//316
f 661//397 546//316 768//480
f 547//317 667//403 665//401
f 667//403 547//317 663//399
f 664//400 548//318 668//404
f 666//402 668//404 548//318
f 667//403 767//479 669//405
f 767//479 667//403 663//399
f 664//400 668//404 768//480
f 670//406 768//480 668//404
f 671//407 767//479 769//481
f 767//479 671//407 669//405
f 670//406 672//408 768//480
f 770//482 768//480 672//408
f 673//409 769//481 771//483
f 769//481 673//409 671//407
f 672//408 674//410 770//482
f 772//484 770//482 674//410
f 675//411 771//483 773//485
f 771//483 675//411 673//409
f 674//410 676//412 772//484
f 774//486 772//484 676//412
f 677//413 773//485 775//487
f 773//485 677//413 675//411
f 676//412 678//414 774//486
f 776//488 774//486 678//414
f 679//415 775//487 777//489
f 775//487 679//415 677//413
f 678//414 680//416 776//488
f 778//490 776//488 680//416
f 681//417 777//489 779//491
f 777//489 681//417 679//415
f 680//416 682//418 778//490
f 780//492 778//490 682//418
f 683//419 779//491 781//493
f 779//491 683//419 681//417
f 682//418 684//420 780//492
f 782//494 780//492 684//420
f 685//421 781//493 783//495
f 781//493 685//421 683//419
f 684//420 686//422 782//494
f 784//496 782//494 686//422
f 687//423 783//495 785//497
f 783//495 687//423 685//421
f 686//422 688//424 784//496
f 786//498 784//496 688//424
f 689//425 785//497 787//499
f 785//497 689//425 687//423
f 688//424 690//426 786//498
f 788//500 786//498 690//426
f 691//427 787//499 789//501
f 787//499 691//427 689//425
f 690//426 692//428 788//500
f 790//502 788//500 692//428
f 693//429 789//501 791//503
f 789//501 693//429 691//427
f 692//428 694//430 790//502
f 792//504 790//502 694//430
f 695//431 791//503 793//505
f 791//503 695//431 693//429
f 694//430 696//432 792//504
f 794//506 792//504 696//432
f 697//433 793//505 795//507
f 793//505 697//433 695//431
f 696//432 698//434 794//506
f 796//508 794//506 698//434
f 699//435 795//507 797//509
f 795//507 699//435 697//433
f 698//434 700//436 796//508
f 798//510 796//508 700//436
f 701//437 797//509 799//511
f 797//509 701//437 699//435
f 700//436 702//438 798//510
f 800//512 798//510 702//438
f 703//439 799//511 801//513
f 799//511 703//439 701//437
f 702//438 704//440 800//512
f 802//514 800//512 704//440
f 705//441 801//513 803//515
f 801//513 705//441 703//439
f 704//440 706//442 802//514
f 804//516 802//514 706//442
f 707//443 803//515 805//517
f 803//515 707//443 705//441
f 706//442 708//444 804//516
f 806//518 804//516 708//444
f 707//443 807//519 709//445
f 807//519 707//443 805//517
f 806//518 708//444 808//520
f 710//446 808//520 708//444
f 709//445 809//521 711//447
f 809//521 709//445 807//519
f 808//520 710//446 810//522
f 712//448 810//522 710//446
f 711//447 811//523 713//449
f 811//523 711//447 809//521
f 810//522 712//448 812//524
f 714//450 812//524 712//448
f 716//452 813//525 814//526
f 813//525 716//452 715//451
f 813//525 715//451 713//449
f 813//525 713//449 811//523
f 812//524 714//450 815//527
f 714//450 717//453 815//527
f 717//453 718//454 815//527
f 816//528 815//527 718//454
f 719//455 814//526 817//529
f 814//526 719//455 716//452
f 718//454 720//456 816//528
f 818//530 816//528 720//456
f 721//457 817//529 819//531
f 817//529 721//457 719//455
f 720//456 722//458 818//530
f 820//532 818//530 722//458
f 723//459 819//531 821//533
f 819//531 723//459 721//457
f 722//458 724//460 820//532
f 822//534 820//532 724//460
f 725//461 821//533 823//535
f 821//533 725//461 723//459
f 724//460 726//462 822//534
f 824//536 822//534 726//462
f 727//463 823//535 825//537
f 823//535 727//463 725//461
f 726//462 728//464 824//536
f 826//538 824//536 728//464
f 729//465 825//537 827//539
f 825//537 729//465 727//463
f 728//464 730//466 826//538
f 828//540 826//538 730//466
f 731//81 827//539 829//55
f 827//539 731//81 729//465
f 730//466 732//82 828//540
f 830//56 828//540 732//82
f 734//452 831//541 832//526
f 831//541 734//452 733//467
f 735//468 736//454 833//542
f 834//528 833//542 736//454
f 737//455 832//526 835//529
f 832//526 737//455 734//452
f 736//454 738//456 834//528
f 836//530 834//528 738//456
f 739//457 835//529 837//531
f 835//529 739//457 737//455
f 738//456 740//458 836//530
f 838//532 836//530 740//458
f 741//459 837//531 839//533
f 837//531 741//459 739//457
f 740//458 742//460 838//532
f 840//534 838//532 742//460
f 743//461 839//533 841//535
f 839//533 743//461 741//459
f 742//460 744//462 840//534
f 842//536 840//534 744//462
f 745//463 841//535 843//537
f 841//535 745//463 743//461
f 744//462 746//464 842//536
f 844//538 842//536 746//464
f 747//465 843//537 845//539
f 843//537 747//465 745//463
f 746//464 748//466 844//538
f 846//540 844//538 748//466
f 749//57 845//539 759//31
f 845//539 749//57 747//465
f 748//466 750//58 846//540
f 760//32 846//540 750//58
f 751//42 759//31 653//22
f 759//31 751//42 749//57
f 750//58 752//43 760//32
f 654//23 760//32 752//43
f 754//470 847//543 753//469
f 847//543 754//470 848//544
f 849//545 755//471 850//546
f 756//472 850//546 755//471
f 647//9 851//547 757//29
f 851//547 647//9 753//469
f 756//472 650//12 852//548
f 758//30 852//548 650//12
f 759//31 754//470 648//10
f 754//470 759//31 845//539
f 846//540 760//32 755//471
f 649//11 755//471 760//32
f 764//476 761//473 853//549
f 761//473 764//476 660//396
f 662//398 766//478 762//474
f 854//550 762//474 766//478
f 855//551 764//476 856//552
f 764//476 855//551 763//475
f 765//477 857//553 766//478
f 858//554 766//478 857//553
f 769//481 659//395 763//475
f 659//395 769//481 767//479
f 768//480 770//482 661//397
f 765//477 661//397 770//482
f 771//483 763//475 855//551
f 763//475 771//483 769//481
f 770//482 772//484 765//477
f 857//553 765//477 772//484
f 773//485 855//551 859//555
f 855//551 773//485 771//483
f 772//484 774//486 857//553
f 860//556 857//553 774//486
f 775//487 859//555 861//557
f 859//555 775//487 773//485
f 774//486 776//488 860//556
f 862//558 860//556 776//488
f 777//489 861//557 863//559
f 861//557 777//489 775//487
f 776//488 778//490 862//558
f 864//560 862//558 778//490
f 779//491 863//559 865//561
f 863//559 779//491 777//489
f 778//490 780//492 864//560
f 866//562 864//560 780//492
f 781//493 865//561 867//563
f 865//561 781//493 779//491
f 780//492 782//494 866//562
f 868//564 866//562 782//494
f 783//495 867//563 869//565
f 867//563 783//495 781//493
f 782//494 784//496 868//564
f 870//566 868//564 784//496
f 785//497 869//565 871//567
f 869//565 785//497 783//495
f 784//496 786//498 870//566
f 872//568 870//566 786//498
f 787//499 871//567 873//569
f 871//567 787//499 785//497
f 786//498 788//500 872//568
f 874//570 872//568 788//500
f 789//501 873//569 875//571
f 873//569 789//501 787//499
f 788//500 790//502 874//570
f 876//572 874//570 790//502
f 791//503 875//571 877//573
f 875//571 791//503 789//501
f 790//502 792//504 876//572
f 878//574 876//572 792//504
f 793//505 877//573 879//575
f 877//573 793//505 791//503
f 792//504 794//506 878//574
f 880//576 878//574 794//506
f 795//507 879//575 881//577
f 879//575 795//507 793//505
f 794//506 796//508 880//576
f 882//578 880//576 796//508
f 797//509 881//577 883//579
f 881//577 797//509 795//507
f 796//508 798//510 882//578
f 884//580 882//578 798//510
f 799//511 883//579 885//581
f 883//579 799//511 797//509
f 798//510 800//512 884//580
f 886//582 884//580 800//512
f 801//513 885//581 887//583
f 885//581 801//513 799//511
f 800//512 802//514 886//582
f 888//584 886//582 802//514
f 803//515 887//583 889//585
f 887//583 803//515 801//513
f 802//514 804//516 888//584
f 890//586 888//584 804//516
f 805//517 889//585 891//587
f 889//585 805//517 803//515
f 804//516 806//518 890//586
f 892//588 890//586 806//518
f 805//517 893//589 807//519
f 893//589 805//517 891//587
f 892//588 806//518 894//590
f 808//520 894//590 806//518
f 807//519 895//591 809//521
f 895//591 807//519 893//589
f 894//590 808//520 896//592
f 810//522 896//592 808//520
f 809//521 897//593 811//523
f 897//593 809//521 895//591
f 896//592 810//522 898//594
f 812//524 898//594 810//522
f 814//526 899//595 900//596
f 899//595 814//526 813//525
f 899//595 813//525 811//523
f 899//595 811//523 897//593
f 898//594 812//524 901//597
f 812//524 815//527 901//597
f 815//527 816//528 901//597
f 902//598 901//597 816//528
f 817//529 900//596 903//599
f 900//596 817//529 814//526
f 816//528 818//530 902//598
f 904//600 902//598 818//530
f 819//531 903//599 905//601
f 903//599 819//531 817//529
f 818//530 820//532 904//600
f 906//602 904//600 820//532
f 821//533 905//601 907//603
f 905//601 821//533 819//531
f 820//532 822//534 906//602
f 908//604 906//602 822//534
f 823//535 907//603 909//605
f 907//603 823//535 821//533
f 822//534 824//536 908//604
f 910//606 908//604 824//536
f 825//537 909//605 911//544
f 909//605 825//537 823//535
f 824//536 826//538 910//606
f 912//545 910//606 826//538
f 827//539 911//544 913//470
f 911//544 827//539 825//537
f 826//538 828//540 912//545
f 914//471 912//545 828//540
f 829//55 913//470 915//26
f 913//470 829//55 827//539
f 828//540 830//56 914//471
f 916//27 914//471 830//56
f 832//526 917//607 918//596
f 917//607 832//526 831//541
f 833//542 834//528 919//608
f 920//598 919//608 834//528
f 835//529 918//596 921//599
f 918//596 835//529 832//526
f 834//528 836//530 920//598
f 922//600 920//598 836//530
f 837//531 921//599 923//601
f 921//599 837//531 835//529
f 836//530 838//532 922//600
f 924//602 922//600 838//532
f 839//533 923//601 925//603
f 923//601 839//533 837//531
f 838//532 840//534 924//602
f 926//604 924//602 840//534
f 841//535 925//603 927//605
f 925//603 841//535 839//533
f 840//534 842//536 926//604
f 928//606 926//604 842//536
f 843//537 927//605 848//544
f 927//605 843//537 841//535
f 842//536 844//538 928//606
f 849//545 928//606 844//538
f 845//539 848//544 754//470
f 848//544 845//539 843//537
f 844//538 846//540 849//545
f 755//471 849//545 846//540
f 848//544 929//609 847//543
f 929//609 848//544 927//605
f 928//606 849//545 930//610
f 850//546 930//610 849//545
f 753//469 931//611 851//547
f 931//611 753//469 847//543
f 850//546 756//472 932//612
f 852//548 932//612 756//472
f 856//552 853//549 933//613
f 853//549 856//552 764//476
f 766//478 858//554 854//550
f 934//614 854//550 858//554
f 859//555 856//552 935//615
f 856//552 859//555 855//551
f 857//553 860//556 858//554
f 936//616 858//554 860//556
f 861//557 935//615 937//617
f 935//615 861//557 859//555
f 860//556 862//558 936//616
f 938//618 936//616 862//558
f 863//559 937//617 939//619
f 937//617 863//559 861//557
f 862//558 864//560 938//618
f 940//620 938//618 864//560
f 865//561 939//619 941//621
f 939//619 865//561 863//559
f 864//560 866//562 940//620
f 942//622 940//620 866//562
f 867//563 941//621 943//623
f 941//621 867//563 865//561
f 866//562 868//564 942//622
f 944//624 942//622 868//564
f 869//565 943//623 945//625
f 943//623 869//565 867//563
f 868//564 870//566 944//624
f 946//626 944//624 870//566
f 871//567 945//625 947//627
f 945//625 871//567 869//565
f 870//566 872//568 946//626
f 948//628 946//626 872//568
f 873//569 947//627 949//629
f 947//627 873//569 871//567
f 872//568 874//570 948//628
f 950//630 948//628 874//570
f 875//571 949//629 951//631
f 949//629 875//571 873//569
f 874//570 876//572 950//630
f 952//632 950//630 876//572
f 877//573 951//631 953//633
f 951//631 877//573 875//571
f 876//572 878//574 952//632
f 954//634 952//632 878//574
f 879//575 953//633 955//635
f 953//633 879//575 877//573
f 878//574 880//576 954//634
f 956//636 954//634 880//576
f 881//577 955//635 957//637
f 955//635 881//577 879//575
f 880//576 882//578 956//636
f 958//638 956//636 882//578
f 883//579 957//637 959//639
f 957//637 883//579 881//577
f 882//578 884//580 958//638
f 960//640 958//638 884//580
f 885//581 959//639 961//641
f 959//639 885//581 883//579
f 884//580 886//582 960//640
f 962//642 960//640 886//582
f 887//583 961//641 963//643
f 961//641 887//583 885//581
f 886//582 888//584 962//642
f 964//644 962//642 888//584
f 889//585 963//643 965//645
f 963//643 889//585 887//583
f 888//584 890//586 964//644
f 966//646 964//644 890//586
f 891//587 965//645 967//647
f 965//645 891//587 889//585
f 890//586 892//588 966//646
f 968//648 966//646 892//588
f 891//587 969//649 893//589
f 969//649 891//587 967//647
f 968//648 892//588 970//650
f 894//590 970//650 892//588
f 893//589 971//651 895//591
f 971//651 893//589 969//649
f 970//650 894//590 972//652
f 896//592 972//652 894//590
f 895//591 973//653 897//593
f 973//653 895//591 971//651
f 972//652 896//592 974//654
f 898//594 974//654 896//592
f 900//596 975//655 976//656
f 975//655 900//596 899//595
f 975//655 899//595 897//593
f 975//655 897//593 973//653
f 974//654 898//594 977//657
f 898//594 901//597 977//657
f 901//597 902//598 977//657
f 978//658 977//657 902//598
f 903//599 976//656 979//659
f 976//656 903//599 900//596
f 902//598 904//600 978//658
f 980//660 978//658 904//600
f 905//601 979//659 981//661
f 979//659 905//601 903//599
f 904//600 906//602 980//660
f 982//662 980//660 906//602
f 907//603 981//661 983//663
f 981//661 907//603 905//601
f 906//602 908//604 982//662
f 984//664 982//662 908//604
f 909//605 983//663 985//609
f 983//663 909//605 907//603
f 908//604 910//606 984//664
f 986//610 984//664 910//606
f 911//544 985//609 987//543
f 985//609 911//544 909//605
f 910//606 912//545 986//610
f 988//546 986//610 912//545
f 913//470 987//543 989//469
f 987//543 913//470 911//544
f 912//545 914//471 988//546
f 990//472 988//546 914//471
f 915//26 989//469 991//25
f 989//469 915//26 913//470
f 914//471 916//27 990//472
f 992//28 990//472 916//27
f 918//596 993//665 994//656
f 993//665 918//596 917//607
f 919//608 920//598 995//666
f 996//658 995//666 920//598
f 921//599 994//656 997//659
f 994//656 921//599 918//596
f 920//598 922//600 996//658
f 998//660 996//658 922//600
f 923//601 997//659 999//661
f 997//659 923//601 921//599
f 922//600 924//602 998//660
f 1000//662 998//660 924//602
f 925//603 999//661 1001//663
f 999//661 925//603 923//601
f 924//602 926//604 1000//662
f 1002//664 1000//662 926//604
f 927//605 1001//663 929//609
f 1001//663 927//605 925//603
f 926//604 928//606 1002//664
f 930//610 1002//664 928//606
f 847//543 1003//667 931//611
f 1003//667 847//543 929//609
f 930//610 850//546 1004//668
f 932//612 1004//668 850//546
f 935//615 933//613 1005//669
f 933//613 935//615 856//552
f 858//554 936//616 934//614
f 1006//670 934//614 936//616
f 937//617 1005//669 1007//671
f 1005//669 937//617 935//615
f 936//616 938//618 1006//670
f 1008//672 1006//670 938//618
f 939//619 1007//671 1009//673
f 1007//671 939//619 937//617
f 938//618 940//620 1008//672
f 1010//674 1008//672 940//620
f 941//621 1009//673 1011//675
f 1009//673 941//621 939//619
f 940//620 942//622 1010//674
f 1012//676 1010//674 942//622
f 943//623 1011//675 1013//677
f 1011//675 943//623 941//621
f 942//622 944//624 1012//676
f 1014//678 1012//676 944//624
f 945//625 1013//677 1015//679
f 1013//677 945//625 943//623
f 944//624 946//626 1014//678
f 1016//680 1014//678 946//626
f 947//627 1015//679 1017//54
f 1015//679 947//627 945//625
f 946//626 948//628 1016//680
f 1018//53 1016//680 948//628
f 949//629 1017//54 1019//681
f 1017//54 949//629 947//627
f 948//628 950//630 1018//53
f 1020//682 1018//53 950//630
f 951//631 1019//681 1021//683
f 1019//681 951//631 949//629
f 950//630 952//632 1020//682
f 1022//684 1020//682 952//632
f 953//633 1021//683 1023//685
f 1021//683 953//633 951//631
f 952//632 954//634 1022//684
f 1024//686 1022//684 954//634
f 955//635 1023//685 1025//687
f 1023//685 955//635 953//633
f 954//634 956//636 1024//686
f 1026//688 1024//686 956//636
f 957//637 1025//687 1027//689
f 1025//687 957//637 955//635
f 956//636 958//638 1026//688
f 1028//690 1026//688 958//638
f 959//639 1027//689 1029//691
f 1027//689 959//639 957//637
f 958//638 960//640 1028//690
f 1030//692 1028//690 960//640
f 961//641 1029//691 1031//693
f 1029//691 961//641 959//639
f 960//640 962//642 1030//692
f 1032//694 1030//692 962//642
f 963//643 1031//693 1033//695
f 1031//693 963//643 961//641
f 962//642 964//644 1032//694
f 1034//696 1032//694 964//644
f 965//645 1033//695 1035//697
f 1033//695 965//645 963//643
f 964//644 966//646 1034//696
f 1036//698 1034//696 966//646
f 967//647 1035//697 1037//699
f 1035//697 967//647 965//645
f 966//646 968//648 1036//698
f 1038//700 1036//698 968//648
f 967//647 1039//701 969//649
f 1039//701 967//647 1037//699
f 1038//700 968//648 1040//702
f 970//650 1040//702 968//648
f 969//649 1041//703 971//651
f 1041//703 969//649 1039//701
f 1040//702 970//650 1042//704
f 972//652 1042//704 970//650
f 971//651 1043//705 973//653
f 1043//705 971//651 1041//703
f 1042//704 972//652 1044//706
f 974//654 1044//706 972//652
f 975//655 1045//707 976//656
f 1045//707 975//655 1046//75
f 1046//75 975//655 973//653
f 1046//75 973//653 1043//705
f 1044//706 974//654 1047//73
f 974//654 977//657 1047//73
f 1047//73 977//657 1048//708
f 978//658 1048//708 977//657
f 976//656 1049//709 979//659
f 1049//709 976//656 1045//707
f 1048//708 978//658 1050//710
f 980//660 1050//710 978//658
f 979//659 1051//711 981//661
f 1051//711 979//659 1049//709
f 1050//710 980//660 1052//712
f 982//662 1052//712 980//660
f 981//661 1053//713 983//663
f 1053//713 981//661 1051//711
f 1052//712 982//662 1054//714
f 984//664 1054//714 982//662
f 985//609 1053//713 1055//667
f 1053//713 985//609 983//663
f 984//664 986//610 1054//714
f 1056//668 1054//714 986//610
f 987//543 1055//667 1057//611
f 1055//667 987//543 985//609
f 986//610 988//546 1056//668
f 1058//612 1056//668 988//546
f 989//469 1057//611 1059//547
f 1057//611 989//469 987//543
f 988//546 990//472 1058//612
f 1060//548 1058//612 990//472
f 991//25 1059//547 1061//53
f 1059//547 991//25 989//469
f 990//472 992//28 1060//548
f 1062//54 1060//548 992//28
f 993//665 1063//707 994//656
f 1063//707 993//665 1064//75
f 1065//73 995//666 1066//708
f 996//658 1066//708 995//666
f 994//656 1067//709 997//659
f 1067//709 994//656 1063//707
f 1066//708 996//658 1068//710
f 998//660 1068//710 996//658
f 997//659 1069//711 999//661
f 1069//711 997//659 1067//709
f 1068//710 998//660 1070//712
f 1000//662 1070//712 998//660
f 999//661 1071//713 1001//663
f 1071//713 999//661 1069//711
f 1070//712 1000//662 1072//714
f 1002//664 1072//714 1000//662
f 929//609 1071//713 1003//667
f 1071//713 929//609 1001//663
f 1002//664 930//610 1072//714
f 1004//668 1072//714 930//610
