# SSTK version 0.8.0
# 9
mtllib original-9.mtl
o mesh4/mesh4-geometry/material_0#mesh4-geometry
v 0.580665 0.027953 0.054755
v 0.576289 0.026785 0.056106
v 0.576253 0.027687 0.054755
v 0.576289 0.026785 0.056106
v 0.580665 0.027953 0.054755
v 0.580737 0.027053 0.056106
v 0.576253 0.027687 0.054755
v 0.576289 0.026785 0.056106
v 0.580665 0.027953 0.054755
v 0.580737 0.027053 0.056106
v 0.580665 0.027953 0.054755
v 0.576289 0.026785 0.056106
v 0.571834 0.026696 0.056106
v 0.576253 0.027687 0.054755
v 0.576289 0.026785 0.056106
v 0.576289 0.026785 0.056106
v 0.576253 0.027687 0.054755
v 0.571834 0.026696 0.056106
v 0.576253 0.027687 0.054755
v 0.580607 0.028670 0.053297
v 0.580665 0.027953 0.054755
v 0.580665 0.027953 0.054755
v 0.580607 0.028670 0.053297
v 0.576253 0.027687 0.054755
v 0.585062 0.028396 0.054755
v 0.580737 0.027053 0.056106
v 0.580665 0.027953 0.054755
v 0.580665 0.027953 0.054755
v 0.580737 0.027053 0.056106
v 0.585062 0.028396 0.054755
v 0.580737 0.027053 0.056106
v 0.576332 0.025715 0.057327
v 0.576289 0.026785 0.056106
v 0.576289 0.026785 0.056106
v 0.576332 0.025715 0.057327
v 0.580737 0.027053 0.056106
v 0.576253 0.027687 0.054755
v 0.571834 0.026696 0.056106
v 0.571834 0.027599 0.054755
v 0.571834 0.027599 0.054755
v 0.571834 0.026696 0.056106
v 0.576253 0.027687 0.054755
v 0.576289 0.026785 0.056106
v 0.571834 0.025625 0.057327
v 0.571834 0.026696 0.056106
v 0.571834 0.026696 0.056106
v 0.571834 0.025625 0.057327
v 0.576289 0.026785 0.056106
v 0.580607 0.028670 0.053297
v 0.576253 0.027687 0.054755
v 0.576224 0.028405 0.053297
v 0.576224 0.028405 0.053297
v 0.576253 0.027687 0.054755
v 0.580607 0.028670 0.053297
v 0.584976 0.029109 0.053297
v 0.580665 0.027953 0.054755
v 0.580607 0.028670 0.053297
v 0.580607 0.028670 0.053297
v 0.580665 0.027953 0.054755
v 0.584976 0.029109 0.053297
v 0.580737 0.027053 0.056106
v 0.585062 0.028396 0.054755
v 0.585171 0.027500 0.056106
v 0.585171 0.027500 0.056106
v 0.585062 0.028396 0.054755
v 0.580737 0.027053 0.056106
v 0.580665 0.027953 0.054755
v 0.584976 0.029109 0.053297
v 0.585062 0.028396 0.054755
v 0.585062 0.028396 0.054755
v 0.584976 0.029109 0.053297
v 0.580665 0.027953 0.054755
v 0.576332 0.025715 0.057327
v 0.580737 0.027053 0.056106
v 0.580823 0.025985 0.057327
v 0.580823 0.025985 0.057327
v 0.580737 0.027053 0.056106
v 0.576332 0.025715 0.057327
v 0.571834 0.025625 0.057327
v 0.576289 0.026785 0.056106
v 0.576332 0.025715 0.057327
v 0.576332 0.025715 0.057327
v 0.576289 0.026785 0.056106
v 0.571834 0.025625 0.057327
v 0.571834 0.027599 0.054755
v 0.576224 0.028405 0.053297
v 0.576253 0.027687 0.054755
v 0.576253 0.027687 0.054755
v 0.576224 0.028405 0.053297
v 0.571834 0.027599 0.054755
v 0.576224 0.028405 0.053297
v 0.580565 0.029190 0.051759
v 0.580607 0.028670 0.053297
v 0.580607 0.028670 0.053297
v 0.580565 0.029190 0.051759
v 0.576224 0.028405 0.053297
v 0.580607 0.028670 0.053297
v 0.584913 0.029628 0.051759
v 0.584976 0.029109 0.053297
v 0.584976 0.029109 0.053297
v 0.584913 0.029628 0.051759
v 0.580607 0.028670 0.053297
v 0.589439 0.029015 0.054755
v 0.585171 0.027500 0.056106
v 0.585062 0.028396 0.054755
v 0.585062 0.028396 0.054755
v 0.585171 0.027500 0.056106
v 0.589439 0.029015 0.054755
v 0.589324 0.029724 0.053297
v 0.585062 0.028396 0.054755
v 0.584976 0.029109 0.053297
v 0.584976 0.029109 0.053297
v 0.585062 0.028396 0.054755
v 0.589324 0.029724 0.053297
v 0.585171 0.027500 0.056106
v 0.580823 0.025985 0.057327
v 0.580737 0.027053 0.056106
v 0.580737 0.027053 0.056106
v 0.580823 0.025985 0.057327
v 0.585171 0.027500 0.056106
v 0.580921 0.024768 0.058399
v 0.576332 0.025715 0.057327
v 0.580823 0.025985 0.057327
v 0.580823 0.025985 0.057327
v 0.576332 0.025715 0.057327
v 0.580921 0.024768 0.058399
v 0.576381 0.024494 0.058399
v 0.571834 0.025625 0.057327
v 0.576332 0.025715 0.057327
v 0.576332 0.025715 0.057327
v 0.571834 0.025625 0.057327
v 0.576381 0.024494 0.058399
v 0.576224 0.028405 0.053297
v 0.571834 0.027599 0.054755
v 0.571834 0.028317 0.053297
v 0.571834 0.028317 0.053297
v 0.571834 0.027599 0.054755
v 0.576224 0.028405 0.053297
v 0.580565 0.029190 0.051759
v 0.576224 0.028405 0.053297
v 0.576203 0.028927 0.051759
v 0.576203 0.028927 0.051759
v 0.576224 0.028405 0.053297
v 0.580565 0.029190 0.051759
v 0.584913 0.029628 0.051759
v 0.580607 0.028670 0.053297
v 0.580565 0.029190 0.051759
v 0.580565 0.029190 0.051759
v 0.580607 0.028670 0.053297
v 0.584913 0.029628 0.051759
v 0.589240 0.030240 0.051759
v 0.584976 0.029109 0.053297
v 0.584913 0.029628 0.051759
v 0.584913 0.029628 0.051759
v 0.584976 0.029109 0.053297
v 0.589240 0.030240 0.051759
v 0.585171 0.027500 0.056106
v 0.589439 0.029015 0.054755
v 0.589583 0.028124 0.056106
v 0.589583 0.028124 0.056106
v 0.589439 0.029015 0.054755
v 0.585171 0.027500 0.056106
v 0.585062 0.028396 0.054755
v 0.589324 0.029724 0.053297
v 0.589439 0.029015 0.054755
v 0.589439 0.029015 0.054755
v 0.589324 0.029724 0.053297
v 0.585062 0.028396 0.054755
v 0.584976 0.029109 0.053297
v 0.589240 0.030240 0.051759
v 0.589324 0.029724 0.053297
v 0.589324 0.029724 0.053297
v 0.589240 0.030240 0.051759
v 0.584976 0.029109 0.053297
v 0.580823 0.025985 0.057327
v 0.585171 0.027500 0.056106
v 0.585300 0.026436 0.057327
v 0.585300 0.026436 0.057327
v 0.585171 0.027500 0.056106
v 0.580823 0.025985 0.057327
v 0.576332 0.025715 0.057327
v 0.580921 0.024768 0.058399
v 0.576381 0.024494 0.058399
v 0.576381 0.024494 0.058399
v 0.580921 0.024768 0.058399
v 0.576332 0.025715 0.057327
v 0.580823 0.025985 0.057327
v 0.585446 0.025223 0.058399
v 0.580921 0.024768 0.058399
v 0.580921 0.024768 0.058399
v 0.585446 0.025223 0.058399
v 0.580823 0.025985 0.057327
v 0.571834 0.025625 0.057327
v 0.576381 0.024494 0.058399
v 0.571931 0.024405 0.058399
v 0.571931 0.024405 0.058399
v 0.576381 0.024494 0.058399
v 0.571834 0.025625 0.057327
v 0.571834 0.028317 0.053297
v 0.576203 0.028927 0.051759
v 0.576224 0.028405 0.053297
v 0.576224 0.028405 0.053297
v 0.576203 0.028927 0.051759
v 0.571834 0.028317 0.053297
v 0.576203 0.028927 0.051759
v 0.580540 0.029506 0.050165
v 0.580565 0.029190 0.051759
v 0.580565 0.029190 0.051759
v 0.580540 0.029506 0.050165
v 0.576203 0.028927 0.051759
v 0.580565 0.029190 0.051759
v 0.584875 0.029943 0.050165
v 0.584913 0.029628 0.051759
v 0.584913 0.029628 0.051759
v 0.584875 0.029943 0.050165
v 0.580565 0.029190 0.051759
v 0.584913 0.029628 0.051759
v 0.589190 0.030553 0.050165
v 0.589240 0.030240 0.051759
v 0.589240 0.030240 0.051759
v 0.589190 0.030553 0.050165
v 0.584913 0.029628 0.051759
v 0.593787 0.029809 0.054755
v 0.589583 0.028124 0.056106
v 0.589439 0.029015 0.054755
v 0.589439 0.029015 0.054755
v 0.589583 0.028124 0.056106
v 0.593787 0.029809 0.054755
v 0.589583 0.028124 0.056106
v 0.585300 0.026436 0.057327
v 0.585171 0.027500 0.056106
v 0.585171 0.027500 0.056106
v 0.585300 0.026436 0.057327
v 0.589583 0.028124 0.056106
v 0.593644 0.030513 0.053297
v 0.589439 0.029015 0.054755
v 0.589324 0.029724 0.053297
v 0.589324 0.029724 0.053297
v 0.589439 0.029015 0.054755
v 0.593644 0.030513 0.053297
v 0.593539 0.031025 0.051759
v 0.589324 0.029724 0.053297
v 0.589240 0.030240 0.051759
v 0.589240 0.030240 0.051759
v 0.589324 0.029724 0.053297
v 0.593539 0.031025 0.051759
v 0.585446 0.025223 0.058399
v 0.580823 0.025985 0.057327
v 0.585300 0.026436 0.057327
v 0.585300 0.026436 0.057327
v 0.580823 0.025985 0.057327
v 0.585446 0.025223 0.058399
v 0.581029 0.023421 0.059301
v 0.576381 0.024494 0.058399
v 0.580921 0.024768 0.058399
v 0.580921 0.024768 0.058399
v 0.576381 0.024494 0.058399
v 0.581029 0.023421 0.059301
v 0.585608 0.023882 0.059301
v 0.580921 0.024768 0.058399
v 0.585446 0.025223 0.058399
v 0.585446 0.025223 0.058399
v 0.580921 0.024768 0.058399
v 0.585608 0.023882 0.059301
v 0.576435 0.023144 0.059301
v 0.571931 0.024405 0.058399
v 0.576381 0.024494 0.058399
v 0.576381 0.024494 0.058399
v 0.571931 0.024405 0.058399
v 0.576435 0.023144 0.059301
v 0.576203 0.028927 0.051759
v 0.571834 0.028317 0.053297
v 0.571834 0.028840 0.051759
v 0.571834 0.028840 0.051759
v 0.571834 0.028317 0.053297
v 0.576203 0.028927 0.051759
v 0.571931 0.024405 0.058399
v 0.576435 0.023144 0.059301
v 0.571958 0.023054 0.059301
v 0.571958 0.023054 0.059301
v 0.576435 0.023144 0.059301
v 0.571931 0.024405 0.058399
v 0.580540 0.029506 0.050165
v 0.576203 0.028927 0.051759
v 0.576190 0.029244 0.050165
v 0.576190 0.029244 0.050165
v 0.576203 0.028927 0.051759
v 0.580540 0.029506 0.050165
v 0.584875 0.029943 0.050165
v 0.580565 0.029190 0.051759
v 0.580540 0.029506 0.050165
v 0.580540 0.029506 0.050165
v 0.580565 0.029190 0.051759
v 0.584875 0.029943 0.050165
v 0.589190 0.030553 0.050165
v 0.584913 0.029628 0.051759
v 0.584875 0.029943 0.050165
v 0.584875 0.029943 0.050165
v 0.584913 0.029628 0.051759
v 0.589190 0.030553 0.050165
v 0.593476 0.031335 0.050165
v 0.589240 0.030240 0.051759
v 0.589190 0.030553 0.050165
v 0.589190 0.030553 0.050165
v 0.589240 0.030240 0.051759
v 0.593476 0.031335 0.050165
v 0.589583 0.028124 0.056106
v 0.593787 0.029809 0.054755
v 0.593967 0.028924 0.056106
v 0.593967 0.028924 0.056106
v 0.593787 0.029809 0.054755
v 0.589583 0.028124 0.056106
v 0.589439 0.029015 0.054755
v 0.593644 0.030513 0.053297
v 0.593787 0.029809 0.054755
v 0.593787 0.029809 0.054755
v 0.593644 0.030513 0.053297
v 0.589439 0.029015 0.054755
v 0.585300 0.026436 0.057327
v 0.589583 0.028124 0.056106
v 0.589754 0.027066 0.057327
v 0.589754 0.027066 0.057327
v 0.589583 0.028124 0.056106
v 0.585300 0.026436 0.057327
v 0.589324 0.029724 0.053297
v 0.593539 0.031025 0.051759
v 0.593644 0.030513 0.053297
v 0.593644 0.030513 0.053297
v 0.593539 0.031025 0.051759
v 0.589324 0.029724 0.053297
v 0.589240 0.030240 0.051759
v 0.593476 0.031335 0.050165
v 0.593539 0.031025 0.051759
v 0.593539 0.031025 0.051759
v 0.593476 0.031335 0.050165
v 0.589240 0.030240 0.051759
v 0.585300 0.026436 0.057327
v 0.589950 0.025860 0.058399
v 0.585446 0.025223 0.058399
v 0.585446 0.025223 0.058399
v 0.589950 0.025860 0.058399
v 0.585300 0.026436 0.057327
v 0.576381 0.024494 0.058399
v 0.581029 0.023421 0.059301
v 0.576435 0.023144 0.059301
v 0.576435 0.023144 0.059301
v 0.581029 0.023421 0.059301
v 0.576381 0.024494 0.058399
v 0.580921 0.024768 0.058399
v 0.585608 0.023882 0.059301
v 0.581029 0.023421 0.059301
v 0.581029 0.023421 0.059301
v 0.585608 0.023882 0.059301
v 0.580921 0.024768 0.058399
v 0.585446 0.025223 0.058399
v 0.590166 0.024526 0.059301
v 0.585608 0.023882 0.059301
v 0.585608 0.023882 0.059301
v 0.590166 0.024526 0.059301
v 0.585446 0.025223 0.058399
v 0.576190 0.029244 0.050165
v 0.571834 0.028840 0.051759
v 0.571834 0.029157 0.050165
v 0.571834 0.029157 0.050165
v 0.571834 0.028840 0.051759
v 0.576190 0.029244 0.050165
v 0.571834 0.028840 0.051759
v 0.576190 0.029244 0.050165
v 0.576203 0.028927 0.051759
v 0.576203 0.028927 0.051759
v 0.576190 0.029244 0.050165
v 0.571834 0.028840 0.051759
v 0.571958 0.023054 0.059301
v 0.576494 0.021688 0.060020
v 0.571988 0.021598 0.060020
v 0.571988 0.021598 0.060020
v 0.576494 0.021688 0.060020
v 0.571958 0.023054 0.059301
v 0.576494 0.021688 0.060020
v 0.571958 0.023054 0.059301
v 0.576435 0.023144 0.059301
v 0.576435 0.023144 0.059301
v 0.571958 0.023054 0.059301
v 0.576494 0.021688 0.060020
v 0.576265 0.027386 0.041586
v 0.580540 0.029506 0.050165
v 0.576190 0.029244 0.050165
v 0.576190 0.029244 0.050165
v 0.580540 0.029506 0.050165
v 0.576265 0.027386 0.041586
v 0.580689 0.027653 0.041586
v 0.584875 0.029943 0.050165
v 0.580540 0.029506 0.050165
v 0.580540 0.029506 0.050165
v 0.584875 0.029943 0.050165
v 0.580689 0.027653 0.041586
v 0.585099 0.028097 0.041586
v 0.589190 0.030553 0.050165
v 0.584875 0.029943 0.050165
v 0.584875 0.029943 0.050165
v 0.589190 0.030553 0.050165
v 0.585099 0.028097 0.041586
v 0.589487 0.028717 0.041586
v 0.593476 0.031335 0.050165
v 0.589190 0.030553 0.050165
v 0.589190 0.030553 0.050165
v 0.593476 0.031335 0.050165
v 0.589487 0.028717 0.041586
v 0.598100 0.030776 0.054755
v 0.593967 0.028924 0.056106
v 0.593787 0.029809 0.054755
v 0.593787 0.029809 0.054755
v 0.593967 0.028924 0.056106
v 0.598100 0.030776 0.054755
v 0.593967 0.028924 0.056106
v 0.589754 0.027066 0.057327
v 0.589583 0.028124 0.056106
v 0.589583 0.028124 0.056106
v 0.589754 0.027066 0.057327
v 0.593967 0.028924 0.056106
v 0.597928 0.031474 0.053297
v 0.593787 0.029809 0.054755
v 0.593644 0.030513 0.053297
v 0.593644 0.030513 0.053297
v 0.593787 0.029809 0.054755
v 0.597928 0.031474 0.053297
v 0.589950 0.025860 0.058399
v 0.585300 0.026436 0.057327
v 0.589754 0.027066 0.057327
v 0.589754 0.027066 0.057327
v 0.585300 0.026436 0.057327
v 0.589950 0.025860 0.058399
v 0.597804 0.031981 0.051759
v 0.593644 0.030513 0.053297
v 0.593539 0.031025 0.051759
v 0.593539 0.031025 0.051759
v 0.593644 0.030513 0.053297
v 0.597804 0.031981 0.051759
v 0.597728 0.032289 0.050165
v 0.593539 0.031025 0.051759
v 0.593476 0.031335 0.050165
v 0.593476 0.031335 0.050165
v 0.593539 0.031025 0.051759
v 0.597728 0.032289 0.050165
v 0.590166 0.024526 0.059301
v 0.585446 0.025223 0.058399
v 0.589950 0.025860 0.058399
v 0.589950 0.025860 0.058399
v 0.585446 0.025223 0.058399
v 0.590166 0.024526 0.059301
v 0.581146 0.021968 0.060020
v 0.576435 0.023144 0.059301
v 0.581029 0.023421 0.059301
v 0.581029 0.023421 0.059301
v 0.576435 0.023144 0.059301
v 0.581146 0.021968 0.060020
v 0.585783 0.022435 0.060020
v 0.581029 0.023421 0.059301
v 0.585608 0.023882 0.059301
v 0.585608 0.023882 0.059301
v 0.581029 0.023421 0.059301
v 0.585783 0.022435 0.060020
v 0.590398 0.023088 0.060020
v 0.585608 0.023882 0.059301
v 0.590166 0.024526 0.059301
v 0.590166 0.024526 0.059301
v 0.585608 0.023882 0.059301
v 0.590398 0.023088 0.060020
v 0.577264 0.002499 0.050585
v 0.572406 0.000739 0.040139
v 0.572373 0.002401 0.050585
v 0.572373 0.002401 0.050585
v 0.572406 0.000739 0.040139
v 0.577264 0.002499 0.050585
v 0.571834 0.029157 0.050165
v 0.576265 0.027386 0.041586
v 0.576190 0.029244 0.050165
v 0.576190 0.029244 0.050165
v 0.576265 0.027386 0.041586
v 0.571834 0.029157 0.050165
v 0.571988 0.021598 0.060020
v 0.576555 0.020151 0.060542
v 0.572018 0.020060 0.060542
v 0.572018 0.020060 0.060542
v 0.576555 0.020151 0.060542
v 0.571988 0.021598 0.060020
v 0.576555 0.020151 0.060542
v 0.571988 0.021598 0.060020
v 0.576494 0.021688 0.060020
v 0.576494 0.021688 0.060020
v 0.571988 0.021598 0.060020
v 0.576555 0.020151 0.060542
v 0.576435 0.023144 0.059301
v 0.581146 0.021968 0.060020
v 0.576494 0.021688 0.060020
v 0.576494 0.021688 0.060020
v 0.581146 0.021968 0.060020
v 0.576435 0.023144 0.059301
v 0.580540 0.029506 0.050165
v 0.576265 0.027386 0.041586
v 0.580689 0.027653 0.041586
v 0.580689 0.027653 0.041586
v 0.576265 0.027386 0.041586
v 0.580540 0.029506 0.050165
v 0.584875 0.029943 0.050165
v 0.580689 0.027653 0.041586
v 0.585099 0.028097 0.041586
v 0.585099 0.028097 0.041586
v 0.580689 0.027653 0.041586
v 0.584875 0.029943 0.050165
v 0.589190 0.030553 0.050165
v 0.585099 0.028097 0.041586
v 0.589487 0.028717 0.041586
v 0.589487 0.028717 0.041586
v 0.585099 0.028097 0.041586
v 0.589190 0.030553 0.050165
v 0.593476 0.031335 0.050165
v 0.589487 0.028717 0.041586
v 0.593847 0.029513 0.041586
v 0.593847 0.029513 0.041586
v 0.589487 0.028717 0.041586
v 0.593476 0.031335 0.050165
v 0.593967 0.028924 0.056106
v 0.598100 0.030776 0.054755
v 0.598315 0.029899 0.056106
v 0.598315 0.029899 0.056106
v 0.598100 0.030776 0.054755
v 0.593967 0.028924 0.056106
v 0.593787 0.029809 0.054755
v 0.597928 0.031474 0.053297
v 0.598100 0.030776 0.054755
v 0.598100 0.030776 0.054755
v 0.597928 0.031474 0.053297
v 0.593787 0.029809 0.054755
v 0.589754 0.027066 0.057327
v 0.593967 0.028924 0.056106
v 0.594180 0.027874 0.057327
v 0.594180 0.027874 0.057327
v 0.593967 0.028924 0.056106
v 0.589754 0.027066 0.057327
v 0.593644 0.030513 0.053297
v 0.597804 0.031981 0.051759
v 0.597928 0.031474 0.053297
v 0.597928 0.031474 0.053297
v 0.597804 0.031981 0.051759
v 0.593644 0.030513 0.053297
v 0.589754 0.027066 0.057327
v 0.594424 0.026677 0.058399
v 0.589950 0.025860 0.058399
v 0.589950 0.025860 0.058399
v 0.594424 0.026677 0.058399
v 0.589754 0.027066 0.057327
v 0.593539 0.031025 0.051759
v 0.597728 0.032289 0.050165
v 0.597804 0.031981 0.051759
v 0.597804 0.031981 0.051759
v 0.597728 0.032289 0.050165
v 0.593539 0.031025 0.051759
v 0.593847 0.029513 0.041586
v 0.597728 0.032289 0.050165
v 0.593476 0.031335 0.050165
v 0.593476 0.031335 0.050165
v 0.597728 0.032289 0.050165
v 0.593847 0.029513 0.041586
v 0.589950 0.025860 0.058399
v 0.594693 0.025353 0.059301
v 0.590166 0.024526 0.059301
v 0.590166 0.024526 0.059301
v 0.594693 0.025353 0.059301
v 0.589950 0.025860 0.058399
v 0.581029 0.023421 0.059301
v 0.585783 0.022435 0.060020
v 0.581146 0.021968 0.060020
v 0.581146 0.021968 0.060020
v 0.585783 0.022435 0.060020
v 0.581029 0.023421 0.059301
v 0.585608 0.023882 0.059301
v 0.590398 0.023088 0.060020
v 0.585783 0.022435 0.060020
v 0.585783 0.022435 0.060020
v 0.590398 0.023088 0.060020
v 0.585608 0.023882 0.059301
v 0.590166 0.024526 0.059301
v 0.594983 0.023925 0.060020
v 0.590398 0.023088 0.060020
v 0.590398 0.023088 0.060020
v 0.594983 0.023925 0.060020
v 0.590166 0.024526 0.059301
v 0.572406 0.000739 0.040139
v 0.577264 0.002499 0.050585
v 0.577331 0.000838 0.040139
v 0.577331 0.000838 0.040139
v 0.577264 0.002499 0.050585
v 0.572406 0.000739 0.040139
v 0.572373 0.002401 0.050585
v 0.577183 0.004526 0.060966
v 0.577264 0.002499 0.050585
v 0.577264 0.002499 0.050585
v 0.577183 0.004526 0.060966
v 0.572373 0.002401 0.050585
v 0.576265 0.027386 0.041586
v 0.571834 0.029157 0.050165
v 0.571834 0.027297 0.041586
v 0.571834 0.027297 0.041586
v 0.571834 0.029157 0.050165
v 0.576265 0.027386 0.041586
v 0.572018 0.020060 0.060542
v 0.576619 0.018558 0.060859
v 0.572050 0.018467 0.060859
v 0.572050 0.018467 0.060859
v 0.576619 0.018558 0.060859
v 0.572018 0.020060 0.060542
v 0.576619 0.018558 0.060859
v 0.572018 0.020060 0.060542
v 0.576555 0.020151 0.060542
v 0.576555 0.020151 0.060542
v 0.572018 0.020060 0.060542
v 0.576619 0.018558 0.060859
v 0.576494 0.021688 0.060020
v 0.581269 0.020435 0.060542
v 0.576555 0.020151 0.060542
v 0.576555 0.020151 0.060542
v 0.581269 0.020435 0.060542
v 0.576494 0.021688 0.060020
v 0.581269 0.020435 0.060542
v 0.576494 0.021688 0.060020
v 0.581146 0.021968 0.060020
v 0.581146 0.021968 0.060020
v 0.576494 0.021688 0.060020
v 0.581269 0.020435 0.060542
v 0.576326 0.025862 0.032941
v 0.580689 0.027653 0.041586
v 0.576265 0.027386 0.041586
v 0.576265 0.027386 0.041586
v 0.580689 0.027653 0.041586
v 0.576326 0.025862 0.032941
v 0.580811 0.026132 0.032941
v 0.585099 0.028097 0.041586
v 0.580689 0.027653 0.041586
v 0.580689 0.027653 0.041586
v 0.585099 0.028097 0.041586
v 0.580811 0.026132 0.032941
v 0.585282 0.026582 0.032941
v 0.589487 0.028717 0.041586
v 0.585099 0.028097 0.041586
v 0.585099 0.028097 0.041586
v 0.589487 0.028717 0.041586
v 0.585282 0.026582 0.032941
v 0.589731 0.027211 0.032941
v 0.593847 0.029513 0.041586
v 0.589487 0.028717 0.041586
v 0.589487 0.028717 0.041586
v 0.593847 0.029513 0.041586
v 0.589731 0.027211 0.032941
v 0.602370 0.031916 0.054755
v 0.598315 0.029899 0.056106
v 0.598100 0.030776 0.054755
v 0.598100 0.030776 0.054755
v 0.598315 0.029899 0.056106
v 0.602370 0.031916 0.054755
v 0.598315 0.029899 0.056106
v 0.594180 0.027874 0.057327
v 0.593967 0.028924 0.056106
v 0.593967 0.028924 0.056106
v 0.594180 0.027874 0.057327
v 0.598315 0.029899 0.056106
v 0.602171 0.032606 0.053297
v 0.598100 0.030776 0.054755
v 0.597928 0.031474 0.053297
v 0.597928 0.031474 0.053297
v 0.598100 0.030776 0.054755
v 0.602171 0.032606 0.053297
v 0.594424 0.026677 0.058399
v 0.589754 0.027066 0.057327
v 0.594180 0.027874 0.057327
v 0.594180 0.027874 0.057327
v 0.589754 0.027066 0.057327
v 0.594424 0.026677 0.058399
v 0.602026 0.033108 0.051759
v 0.597928 0.031474 0.053297
v 0.597804 0.031981 0.051759
v 0.597804 0.031981 0.051759
v 0.597928 0.031474 0.053297
v 0.602026 0.033108 0.051759
v 0.594693 0.025353 0.059301
v 0.589950 0.025860 0.058399
v 0.594424 0.026677 0.058399
v 0.594424 0.026677 0.058399
v 0.589950 0.025860 0.058399
v 0.594693 0.025353 0.059301
v 0.601938 0.033413 0.050165
v 0.597804 0.031981 0.051759
v 0.597728 0.032289 0.050165
v 0.597728 0.032289 0.050165
v 0.597804 0.031981 0.051759
v 0.601938 0.033413 0.050165
v 0.597728 0.032289 0.050165
v 0.593847 0.029513 0.041586
v 0.598171 0.030483 0.041586
v 0.598171 0.030483 0.041586
v 0.593847 0.029513 0.041586
v 0.597728 0.032289 0.050165
v 0.594983 0.023925 0.060020
v 0.590166 0.024526 0.059301
v 0.594693 0.025353 0.059301
v 0.594693 0.025353 0.059301
v 0.590166 0.024526 0.059301
v 0.594983 0.023925 0.060020
v 0.585968 0.020908 0.060542
v 0.581146 0.021968 0.060020
v 0.585783 0.022435 0.060020
v 0.585783 0.022435 0.060020
v 0.581146 0.021968 0.060020
v 0.585968 0.020908 0.060542
v 0.590644 0.021569 0.060542
v 0.585783 0.022435 0.060020
v 0.590398 0.023088 0.060020
v 0.590398 0.023088 0.060020
v 0.585783 0.022435 0.060020
v 0.590644 0.021569 0.060542
v 0.595290 0.022417 0.060542
v 0.590398 0.023088 0.060020
v 0.594983 0.023925 0.060020
v 0.594983 0.023925 0.060020
v 0.590398 0.023088 0.060020
v 0.595290 0.022417 0.060542
v 0.582686 0.002826 0.050585
v 0.577331 0.000838 0.040139
v 0.577264 0.002499 0.050585
v 0.577264 0.002499 0.050585
v 0.577331 0.000838 0.040139
v 0.582686 0.002826 0.050585
v 0.577331 0.000838 0.040139
v 0.572432 -0.000556 0.029642
v 0.572406 0.000739 0.040139
v 0.572406 0.000739 0.040139
v 0.572432 -0.000556 0.029642
v 0.577331 0.000838 0.040139
v 0.577183 0.004526 0.060966
v 0.572373 0.002401 0.050585
v 0.572332 0.004429 0.060966
v 0.572332 0.004429 0.060966
v 0.572373 0.002401 0.050585
v 0.577183 0.004526 0.060966
v 0.582523 0.004848 0.060966
v 0.577264 0.002499 0.050585
v 0.577183 0.004526 0.060966
v 0.577183 0.004526 0.060966
v 0.577264 0.002499 0.050585
v 0.582523 0.004848 0.060966
v 0.576326 0.025862 0.032941
v 0.571834 0.027297 0.041586
v 0.571834 0.025772 0.032941
v 0.571834 0.025772 0.032941
v 0.571834 0.027297 0.041586
v 0.576326 0.025862 0.032941
v 0.571834 0.027297 0.041586
v 0.576326 0.025862 0.032941
v 0.576265 0.027386 0.041586
v 0.576265 0.027386 0.041586
v 0.576326 0.025862 0.032941
v 0.571834 0.027297 0.041586
v 0.572050 0.018467 0.060859
v 0.576684 0.016938 0.060966
v 0.572083 0.016846 0.060966
v 0.572083 0.016846 0.060966
v 0.576684 0.016938 0.060966
v 0.572050 0.018467 0.060859
v 0.576684 0.016938 0.060966
v 0.572050 0.018467 0.060859
v 0.576619 0.018558 0.060859
v 0.576619 0.018558 0.060859
v 0.572050 0.018467 0.060859
v 0.576684 0.016938 0.060966
v 0.576555 0.020151 0.060542
v 0.581397 0.018846 0.060859
v 0.576619 0.018558 0.060859
v 0.576619 0.018558 0.060859
v 0.581397 0.018846 0.060859
v 0.576555 0.020151 0.060542
v 0.581397 0.018846 0.060859
v 0.576555 0.020151 0.060542
v 0.581269 0.020435 0.060542
v 0.581269 0.020435 0.060542
v 0.576555 0.020151 0.060542
v 0.581397 0.018846 0.060859
v 0.581146 0.021968 0.060020
v 0.585968 0.020908 0.060542
v 0.581269 0.020435 0.060542
v 0.581269 0.020435 0.060542
v 0.585968 0.020908 0.060542
v 0.581146 0.021968 0.060020
v 0.580689 0.027653 0.041586
v 0.576326 0.025862 0.032941
v 0.580811 0.026132 0.032941
v 0.580811 0.026132 0.032941
v 0.576326 0.025862 0.032941
v 0.580689 0.027653 0.041586
v 0.585099 0.028097 0.041586
v 0.580811 0.026132 0.032941
v 0.585282 0.026582 0.032941
v 0.585282 0.026582 0.032941
v 0.580811 0.026132 0.032941
v 0.585099 0.028097 0.041586
v 0.589487 0.028717 0.041586
v 0.585282 0.026582 0.032941
v 0.589731 0.027211 0.032941
v 0.589731 0.027211 0.032941
v 0.585282 0.026582 0.032941
v 0.589487 0.028717 0.041586
v 0.593847 0.029513 0.041586
v 0.589731 0.027211 0.032941
v 0.594151 0.028018 0.032941
v 0.594151 0.028018 0.032941
v 0.589731 0.027211 0.032941
v 0.593847 0.029513 0.041586
v 0.598315 0.029899 0.056106
v 0.602370 0.031916 0.054755
v 0.602620 0.031049 0.056106
v 0.602620 0.031049 0.056106
v 0.602370 0.031916 0.054755
v 0.598315 0.029899 0.056106
v 0.598100 0.030776 0.054755
v 0.602171 0.032606 0.053297
v 0.602370 0.031916 0.054755
v 0.602370 0.031916 0.054755
v 0.602171 0.032606 0.053297
v 0.598100 0.030776 0.054755
v 0.594180 0.027874 0.057327
v 0.598315 0.029899 0.056106
v 0.598570 0.028859 0.057327
v 0.598570 0.028859 0.057327
v 0.598315 0.029899 0.056106
v 0.594180 0.027874 0.057327
v 0.597928 0.031474 0.053297
v 0.602026 0.033108 0.051759
v 0.602171 0.032606 0.053297
v 0.602171 0.032606 0.053297
v 0.602026 0.033108 0.051759
v 0.597928 0.031474 0.053297
v 0.594180 0.027874 0.057327
v 0.598861 0.027673 0.058399
v 0.594424 0.026677 0.058399
v 0.594424 0.026677 0.058399
v 0.598861 0.027673 0.058399
v 0.594180 0.027874 0.057327
v 0.597804 0.031981 0.051759
v 0.601938 0.033413 0.050165
v 0.602026 0.033108 0.051759
v 0.602026 0.033108 0.051759
v 0.601938 0.033413 0.050165
v 0.597804 0.031981 0.051759
v 0.594424 0.026677 0.058399
v 0.599184 0.026360 0.059301
v 0.594693 0.025353 0.059301
v 0.594693 0.025353 0.059301
v 0.599184 0.026360 0.059301
v 0.594424 0.026677 0.058399
v 0.598171 0.030483 0.041586
v 0.601938 0.033413 0.050165
v 0.597728 0.032289 0.050165
v 0.597728 0.032289 0.050165
v 0.601938 0.033413 0.050165
v 0.598171 0.030483 0.041586
v 0.594151 0.028018 0.032941
v 0.598171 0.030483 0.041586
v 0.593847 0.029513 0.041586
v 0.593847 0.029513 0.041586
v 0.598171 0.030483 0.041586
v 0.594151 0.028018 0.032941
v 0.594693 0.025353 0.059301
v 0.599531 0.024945 0.060020
v 0.594983 0.023925 0.060020
v 0.594983 0.023925 0.060020
v 0.599531 0.024945 0.060020
v 0.594693 0.025353 0.059301
v 0.585783 0.022435 0.060020
v 0.590644 0.021569 0.060542
v 0.585968 0.020908 0.060542
v 0.585968 0.020908 0.060542
v 0.590644 0.021569 0.060542
v 0.585783 0.022435 0.060020
v 0.590398 0.023088 0.060020
v 0.595290 0.022417 0.060542
v 0.590644 0.021569 0.060542
v 0.590644 0.021569 0.060542
v 0.595290 0.022417 0.060542
v 0.590398 0.023088 0.060020
v 0.594983 0.023925 0.060020
v 0.599898 0.023451 0.060542
v 0.595290 0.022417 0.060542
v 0.595290 0.022417 0.060542
v 0.599898 0.023451 0.060542
v 0.594983 0.023925 0.060020
v 0.577331 0.000838 0.040139
v 0.582686 0.002826 0.050585
v 0.582819 0.001169 0.040139
v 0.582819 0.001169 0.040139
v 0.582686 0.002826 0.050585
v 0.577331 0.000838 0.040139
v 0.577264 0.002499 0.050585
v 0.582523 0.004848 0.060966
v 0.582686 0.002826 0.050585
v 0.582686 0.002826 0.050585
v 0.582523 0.004848 0.060966
v 0.577264 0.002499 0.050585
v 0.572432 -0.000556 0.029642
v 0.577331 0.000838 0.040139
v 0.577383 -0.000457 0.029642
v 0.577383 -0.000457 0.029642
v 0.577331 0.000838 0.040139
v 0.572432 -0.000556 0.029642
v 0.572083 0.016846 0.060966
v 0.577183 0.004526 0.060966
v 0.572332 0.004429 0.060966
v 0.572332 0.004429 0.060966
v 0.577183 0.004526 0.060966
v 0.572083 0.016846 0.060966
v 0.577183 0.004526 0.060966
v 0.572083 0.016846 0.060966
v 0.582523 0.004848 0.060966
v 0.582523 0.004848 0.060966
v 0.572083 0.016846 0.060966
v 0.577183 0.004526 0.060966
v 0.571928 0.024585 0.024244
v 0.576326 0.025862 0.032941
v 0.571834 0.025772 0.032941
v 0.571834 0.025772 0.032941
v 0.576326 0.025862 0.032941
v 0.571928 0.024585 0.024244
v 0.628795 0.017199 0.060966
v 0.572083 0.016846 0.060966
v 0.576684 0.016938 0.060966
v 0.576684 0.016938 0.060966
v 0.572083 0.016846 0.060966
v 0.628795 0.017199 0.060966
v 0.581527 0.017230 0.060966
v 0.576619 0.018558 0.060859
v 0.581397 0.018846 0.060859
v 0.581397 0.018846 0.060859
v 0.576619 0.018558 0.060859
v 0.581527 0.017230 0.060966
v 0.581269 0.020435 0.060542
v 0.586160 0.019326 0.060859
v 0.581397 0.018846 0.060859
v 0.581397 0.018846 0.060859
v 0.586160 0.019326 0.060859
v 0.581269 0.020435 0.060542
v 0.586160 0.019326 0.060859
v 0.581269 0.020435 0.060542
v 0.585968 0.020908 0.060542
v 0.585968 0.020908 0.060542
v 0.581269 0.020435 0.060542
v 0.586160 0.019326 0.060859
v 0.576374 0.024674 0.024244
v 0.580811 0.026132 0.032941
v 0.576326 0.025862 0.032941
v 0.576326 0.025862 0.032941
v 0.580811 0.026132 0.032941
v 0.576374 0.024674 0.024244
v 0.580906 0.024947 0.024244
v 0.585282 0.026582 0.032941
v 0.580811 0.026132 0.032941
v 0.580811 0.026132 0.032941
v 0.585282 0.026582 0.032941
v 0.580906 0.024947 0.024244
v 0.585425 0.025402 0.024244
v 0.589731 0.027211 0.032941
v 0.585282 0.026582 0.032941
v 0.585282 0.026582 0.032941
v 0.589731 0.027211 0.032941
v 0.585425 0.025402 0.024244
v 0.589921 0.026038 0.024244
v 0.594151 0.028018 0.032941
v 0.589731 0.027211 0.032941
v 0.589731 0.027211 0.032941
v 0.594151 0.028018 0.032941
v 0.589921 0.026038 0.024244
v 0.606591 0.033226 0.054755
v 0.602620 0.031049 0.056106
v 0.602370 0.031916 0.054755
v 0.602370 0.031916 0.054755
v 0.602620 0.031049 0.056106
v 0.606591 0.033226 0.054755
v 0.602620 0.031049 0.056106
v 0.598570 0.028859 0.057327
v 0.598315 0.029899 0.056106
v 0.598315 0.029899 0.056106
v 0.598570 0.028859 0.057327
v 0.602620 0.031049 0.056106
v 0.606364 0.033908 0.053297
v 0.602370 0.031916 0.054755
v 0.602171 0.032606 0.053297
v 0.602171 0.032606 0.053297
v 0.602370 0.031916 0.054755
v 0.606364 0.033908 0.053297
v 0.598861 0.027673 0.058399
v 0.594180 0.027874 0.057327
v 0.598570 0.028859 0.057327
v 0.598570 0.028859 0.057327
v 0.594180 0.027874 0.057327
v 0.598861 0.027673 0.058399
v 0.606200 0.034404 0.051759
v 0.602171 0.032606 0.053297
v 0.602026 0.033108 0.051759
v 0.602026 0.033108 0.051759
v 0.602171 0.032606 0.053297
v 0.606200 0.034404 0.051759
v 0.599184 0.026360 0.059301
v 0.594424 0.026677 0.058399
v 0.598861 0.027673 0.058399
v 0.598861 0.027673 0.058399
v 0.594424 0.026677 0.058399
v 0.599184 0.026360 0.059301
v 0.606099 0.034705 0.050165
v 0.602026 0.033108 0.051759
v 0.601938 0.033413 0.050165
v 0.601938 0.033413 0.050165
v 0.602026 0.033108 0.051759
v 0.606099 0.034705 0.050165
v 0.599531 0.024945 0.060020
v 0.594693 0.025353 0.059301
v 0.599184 0.026360 0.059301
v 0.599184 0.026360 0.059301
v 0.594693 0.025353 0.059301
v 0.599531 0.024945 0.060020
v 0.601938 0.033413 0.050165
v 0.598171 0.030483 0.041586
v 0.602453 0.031626 0.041586
v 0.602453 0.031626 0.041586
v 0.598171 0.030483 0.041586
v 0.601938 0.033413 0.050165
v 0.598171 0.030483 0.041586
v 0.594151 0.028018 0.032941
v 0.598535 0.029002 0.032941
v 0.598535 0.029002 0.032941
v 0.594151 0.028018 0.032941
v 0.598171 0.030483 0.041586
v 0.599898 0.023451 0.060542
v 0.594983 0.023925 0.060020
v 0.599531 0.024945 0.060020
v 0.599531 0.024945 0.060020
v 0.594983 0.023925 0.060020
v 0.599898 0.023451 0.060542
v 0.590899 0.019996 0.060859
v 0.585968 0.020908 0.060542
v 0.590644 0.021569 0.060542
v 0.590644 0.021569 0.060542
v 0.585968 0.020908 0.060542
v 0.590899 0.019996 0.060859
v 0.595608 0.020855 0.060859
v 0.590644 0.021569 0.060542
v 0.595290 0.022417 0.060542
v 0.595290 0.022417 0.060542
v 0.590644 0.021569 0.060542
v 0.595608 0.020855 0.060859
v 0.600278 0.021903 0.060859
v 0.595290 0.022417 0.060542
v 0.599898 0.023451 0.060542
v 0.599898 0.023451 0.060542
v 0.595290 0.022417 0.060542
v 0.600278 0.021903 0.060859
v 0.588090 0.003370 0.050585
v 0.582819 0.001169 0.040139
v 0.582686 0.002826 0.050585
v 0.582686 0.002826 0.050585
v 0.582819 0.001169 0.040139
v 0.588090 0.003370 0.050585
v 0.582819 0.001169 0.040139
v 0.577383 -0.000457 0.029642
v 0.577331 0.000838 0.040139
v 0.577331 0.000838 0.040139
v 0.577383 -0.000457 0.029642
v 0.582819 0.001169 0.040139
v 0.587846 0.005384 0.060966
v 0.582686 0.002826 0.050585
v 0.582523 0.004848 0.060966
v 0.582523 0.004848 0.060966
v 0.582686 0.002826 0.050585
v 0.587846 0.005384 0.060966
v 0.577383 -0.000457 0.029642
v 0.572451 -0.001482 0.019105
v 0.572432 -0.000556 0.029642
v 0.572432 -0.000556 0.029642
v 0.572451 -0.001482 0.019105
v 0.577383 -0.000457 0.029642
v 0.582523 0.004848 0.060966
v 0.572083 0.016846 0.060966
v 0.587846 0.005384 0.060966
v 0.587846 0.005384 0.060966
v 0.572083 0.016846 0.060966
v 0.582523 0.004848 0.060966
v 0.576326 0.025862 0.032941
v 0.571928 0.024585 0.024244
v 0.576374 0.024674 0.024244
v 0.576374 0.024674 0.024244
v 0.571928 0.024585 0.024244
v 0.576326 0.025862 0.032941
v 0.623913 0.015011 0.060966
v 0.572083 0.016846 0.060966
v 0.628795 0.017199 0.060966
v 0.628795 0.017199 0.060966
v 0.572083 0.016846 0.060966
v 0.623913 0.015011 0.060966
v 0.628795 0.017199 0.060966
v 0.576684 0.016938 0.060966
v 0.581527 0.017230 0.060966
v 0.581527 0.017230 0.060966
v 0.576684 0.016938 0.060966
v 0.628795 0.017199 0.060966
v 0.576619 0.018558 0.060859
v 0.581527 0.017230 0.060966
v 0.576684 0.016938 0.060966
v 0.576684 0.016938 0.060966
v 0.581527 0.017230 0.060966
v 0.576619 0.018558 0.060859
v 0.581397 0.018846 0.060859
v 0.586354 0.017716 0.060966
v 0.581527 0.017230 0.060966
v 0.581527 0.017230 0.060966
v 0.586354 0.017716 0.060966
v 0.581397 0.018846 0.060859
v 0.586354 0.017716 0.060966
v 0.581397 0.018846 0.060859
v 0.586160 0.019326 0.060859
v 0.586160 0.019326 0.060859
v 0.581397 0.018846 0.060859
v 0.586354 0.017716 0.060966
v 0.585968 0.020908 0.060542
v 0.590899 0.019996 0.060859
v 0.586160 0.019326 0.060859
v 0.586160 0.019326 0.060859
v 0.590899 0.019996 0.060859
v 0.585968 0.020908 0.060542
v 0.580811 0.026132 0.032941
v 0.576374 0.024674 0.024244
v 0.580906 0.024947 0.024244
v 0.580906 0.024947 0.024244
v 0.576374 0.024674 0.024244
v 0.580811 0.026132 0.032941
v 0.585282 0.026582 0.032941
v 0.580906 0.024947 0.024244
v 0.585425 0.025402 0.024244
v 0.585425 0.025402 0.024244
v 0.580906 0.024947 0.024244
v 0.585282 0.026582 0.032941
v 0.589731 0.027211 0.032941
v 0.585425 0.025402 0.024244
v 0.589921 0.026038 0.024244
v 0.589921 0.026038 0.024244
v 0.585425 0.025402 0.024244
v 0.589731 0.027211 0.032941
v 0.594151 0.028018 0.032941
v 0.589921 0.026038 0.024244
v 0.594388 0.026854 0.024244
v 0.594388 0.026854 0.024244
v 0.589921 0.026038 0.024244
v 0.594151 0.028018 0.032941
v 0.602620 0.031049 0.056106
v 0.606591 0.033226 0.054755
v 0.606876 0.032370 0.056106
v 0.606876 0.032370 0.056106
v 0.606591 0.033226 0.054755
v 0.602620 0.031049 0.056106
v 0.602370 0.031916 0.054755
v 0.606364 0.033908 0.053297
v 0.606591 0.033226 0.054755
v 0.606591 0.033226 0.054755
v 0.606364 0.033908 0.053297
v 0.602370 0.031916 0.054755
v 0.598570 0.028859 0.057327
v 0.602620 0.031049 0.056106
v 0.602917 0.030019 0.057327
v 0.602917 0.030019 0.057327
v 0.602620 0.031049 0.056106
v 0.598570 0.028859 0.057327
v 0.602171 0.032606 0.053297
v 0.606200 0.034404 0.051759
v 0.606364 0.033908 0.053297
v 0.606364 0.033908 0.053297
v 0.606200 0.034404 0.051759
v 0.602171 0.032606 0.053297
v 0.598570 0.028859 0.057327
v 0.603256 0.028845 0.058399
v 0.598861 0.027673 0.058399
v 0.598861 0.027673 0.058399
v 0.603256 0.028845 0.058399
v 0.598570 0.028859 0.057327
v 0.602026 0.033108 0.051759
v 0.606099 0.034705 0.050165
v 0.606200 0.034404 0.051759
v 0.606200 0.034404 0.051759
v 0.606099 0.034705 0.050165
v 0.602026 0.033108 0.051759
v 0.598861 0.027673 0.058399
v 0.603630 0.027547 0.059301
v 0.599184 0.026360 0.059301
v 0.599184 0.026360 0.059301
v 0.603630 0.027547 0.059301
v 0.598861 0.027673 0.058399
v 0.602453 0.031626 0.041586
v 0.606099 0.034705 0.050165
v 0.601938 0.033413 0.050165
v 0.601938 0.033413 0.050165
v 0.606099 0.034705 0.050165
v 0.602453 0.031626 0.041586
v 0.599184 0.026360 0.059301
v 0.604034 0.026147 0.060020
v 0.599531 0.024945 0.060020
v 0.599531 0.024945 0.060020
v 0.604034 0.026147 0.060020
v 0.599184 0.026360 0.059301
v 0.598535 0.029002 0.032941
v 0.602453 0.031626 0.041586
v 0.598171 0.030483 0.041586
v 0.598171 0.030483 0.041586
v 0.602453 0.031626 0.041586
v 0.598535 0.029002 0.032941
v 0.594388 0.026854 0.024244
v 0.598535 0.029002 0.032941
v 0.594151 0.028018 0.032941
v 0.594151 0.028018 0.032941
v 0.598535 0.029002 0.032941
v 0.594388 0.026854 0.024244
v 0.599531 0.024945 0.060020
v 0.604461 0.024669 0.060542
v 0.599898 0.023451 0.060542
v 0.599898 0.023451 0.060542
v 0.604461 0.024669 0.060542
v 0.599531 0.024945 0.060020
v 0.590644 0.021569 0.060542
v 0.595608 0.020855 0.060859
v 0.590899 0.019996 0.060859
v 0.590899 0.019996 0.060859
v 0.595608 0.020855 0.060859
v 0.590644 0.021569 0.060542
v 0.595290 0.022417 0.060542
v 0.600278 0.021903 0.060859
v 0.595608 0.020855 0.060859
v 0.595608 0.020855 0.060859
v 0.600278 0.021903 0.060859
v 0.595290 0.022417 0.060542
v 0.599898 0.023451 0.060542
v 0.604903 0.023138 0.060859
v 0.600278 0.021903 0.060859
v 0.600278 0.021903 0.060859
v 0.604903 0.023138 0.060859
v 0.599898 0.023451 0.060542
v 0.582819 0.001169 0.040139
v 0.588090 0.003370 0.050585
v 0.588290 0.001719 0.040139
v 0.588290 0.001719 0.040139
v 0.588090 0.003370 0.050585
v 0.582819 0.001169 0.040139
v 0.582686 0.002826 0.050585
v 0.587846 0.005384 0.060966
v 0.588090 0.003370 0.050585
v 0.588090 0.003370 0.050585
v 0.587846 0.005384 0.060966
v 0.582686 0.002826 0.050585
v 0.577383 -0.000457 0.029642
v 0.582819 0.001169 0.040139
v 0.582923 -0.000123 0.029642
v 0.582923 -0.000123 0.029642
v 0.582819 0.001169 0.040139
v 0.577383 -0.000457 0.029642
v 0.572451 -0.001482 0.019105
v 0.577383 -0.000457 0.029642
v 0.577420 -0.001382 0.019105
v 0.577420 -0.001382 0.019105
v 0.577383 -0.000457 0.029642
v 0.572451 -0.001482 0.019105
v 0.587846 0.005384 0.060966
v 0.572083 0.016846 0.060966
v 0.593144 0.006133 0.060966
v 0.593144 0.006133 0.060966
v 0.572083 0.016846 0.060966
v 0.587846 0.005384 0.060966
v 0.571945 0.023735 0.015507
v 0.576374 0.024674 0.024244
v 0.571928 0.024585 0.024244
v 0.571928 0.024585 0.024244
v 0.576374 0.024674 0.024244
v 0.571945 0.023735 0.015507
v 0.618947 0.013020 0.060966
v 0.572083 0.016846 0.060966
v 0.623913 0.015011 0.060966
v 0.623913 0.015011 0.060966
v 0.572083 0.016846 0.060966
v 0.618947 0.013020 0.060966
v 0.628795 0.017199 0.060966
v 0.624706 0.013144 0.050585
v 0.623913 0.015011 0.060966
v 0.623913 0.015011 0.060966
v 0.624706 0.013144 0.050585
v 0.628795 0.017199 0.060966
v 0.628795 0.017199 0.060966
v 0.581527 0.017230 0.060966
v 0.634333 0.019953 0.060966
v 0.634333 0.019953 0.060966
v 0.581527 0.017230 0.060966
v 0.628795 0.017199 0.060966
v 0.634333 0.019953 0.060966
v 0.581527 0.017230 0.060966
v 0.586354 0.017716 0.060966
v 0.586354 0.017716 0.060966
v 0.581527 0.017230 0.060966
v 0.634333 0.019953 0.060966
v 0.586160 0.019326 0.060859
v 0.591158 0.018395 0.060966
v 0.586354 0.017716 0.060966
v 0.586354 0.017716 0.060966
v 0.591158 0.018395 0.060966
v 0.586160 0.019326 0.060859
v 0.591158 0.018395 0.060966
v 0.586160 0.019326 0.060859
v 0.590899 0.019996 0.060859
v 0.590899 0.019996 0.060859
v 0.586160 0.019326 0.060859
v 0.591158 0.018395 0.060966
v 0.576408 0.023825 0.015507
v 0.580906 0.024947 0.024244
v 0.576374 0.024674 0.024244
v 0.576374 0.024674 0.024244
v 0.580906 0.024947 0.024244
v 0.576408 0.023825 0.015507
v 0.580975 0.024100 0.015507
v 0.585425 0.025402 0.024244
v 0.580906 0.024947 0.024244
v 0.580906 0.024947 0.024244
v 0.585425 0.025402 0.024244
v 0.580975 0.024100 0.015507
v 0.585527 0.024558 0.015507
v 0.589921 0.026038 0.024244
v 0.585425 0.025402 0.024244
v 0.585425 0.025402 0.024244
v 0.589921 0.026038 0.024244
v 0.585527 0.024558 0.015507
v 0.590057 0.025199 0.015507
v 0.594388 0.026854 0.024244
v 0.589921 0.026038 0.024244
v 0.589921 0.026038 0.024244
v 0.594388 0.026854 0.024244
v 0.590057 0.025199 0.015507
v 0.610756 0.034705 0.054755
v 0.606876 0.032370 0.056106
v 0.606591 0.033226 0.054755
v 0.606591 0.033226 0.054755
v 0.606876 0.032370 0.056106
v 0.610756 0.034705 0.054755
v 0.606876 0.032370 0.056106
v 0.602917 0.030019 0.057327
v 0.602620 0.031049 0.056106
v 0.602620 0.031049 0.056106
v 0.602917 0.030019 0.057327
v 0.606876 0.032370 0.056106
v 0.610502 0.035377 0.053297
v 0.606591 0.033226 0.054755
v 0.606364 0.033908 0.053297
v 0.606364 0.033908 0.053297
v 0.606591 0.033226 0.054755
v 0.610502 0.035377 0.053297
v 0.603256 0.028845 0.058399
v 0.598570 0.028859 0.057327
v 0.602917 0.030019 0.057327
v 0.602917 0.030019 0.057327
v 0.598570 0.028859 0.057327
v 0.603256 0.028845 0.058399
v 0.610318 0.035866 0.051759
v 0.606364 0.033908 0.053297
v 0.606200 0.034404 0.051759
v 0.606200 0.034404 0.051759
v 0.606364 0.033908 0.053297
v 0.610318 0.035866 0.051759
v 0.603630 0.027547 0.059301
v 0.598861 0.027673 0.058399
v 0.603256 0.028845 0.058399
v 0.603256 0.028845 0.058399
v 0.598861 0.027673 0.058399
v 0.603630 0.027547 0.059301
v 0.610206 0.036162 0.050165
v 0.606200 0.034404 0.051759
v 0.606099 0.034705 0.050165
v 0.606099 0.034705 0.050165
v 0.606200 0.034404 0.051759
v 0.610206 0.036162 0.050165
v 0.604034 0.026147 0.060020
v 0.599184 0.026360 0.059301
v 0.603630 0.027547 0.059301
v 0.603630 0.027547 0.059301
v 0.599184 0.026360 0.059301
v 0.604034 0.026147 0.060020
v 0.606099 0.034705 0.050165
v 0.602453 0.031626 0.041586
v 0.606686 0.032940 0.041586
v 0.606686 0.032940 0.041586
v 0.602453 0.031626 0.041586
v 0.606099 0.034705 0.050165
v 0.604461 0.024669 0.060542
v 0.599531 0.024945 0.060020
v 0.604034 0.026147 0.060020
v 0.604034 0.026147 0.060020
v 0.599531 0.024945 0.060020
v 0.604461 0.024669 0.060542
v 0.602453 0.031626 0.041586
v 0.598535 0.029002 0.032941
v 0.602876 0.030161 0.032941
v 0.602876 0.030161 0.032941
v 0.598535 0.029002 0.032941
v 0.602453 0.031626 0.041586
v 0.598535 0.029002 0.032941
v 0.594388 0.026854 0.024244
v 0.598819 0.027848 0.024244
v 0.598819 0.027848 0.024244
v 0.594388 0.026854 0.024244
v 0.598535 0.029002 0.032941
v 0.604903 0.023138 0.060859
v 0.599898 0.023451 0.060542
v 0.604461 0.024669 0.060542
v 0.604461 0.024669 0.060542
v 0.599898 0.023451 0.060542
v 0.604903 0.023138 0.060859
v 0.595931 0.019267 0.060966
v 0.590899 0.019996 0.060859
v 0.595608 0.020855 0.060859
v 0.595608 0.020855 0.060859
v 0.590899 0.019996 0.060859
v 0.595931 0.019267 0.060966
v 0.600665 0.020329 0.060966
v 0.595608 0.020855 0.060859
v 0.600278 0.021903 0.060859
v 0.600278 0.021903 0.060859
v 0.595608 0.020855 0.060859
v 0.600665 0.020329 0.060966
v 0.605352 0.021580 0.060966
v 0.600278 0.021903 0.060859
v 0.604903 0.023138 0.060859
v 0.604903 0.023138 0.060859
v 0.600278 0.021903 0.060859
v 0.605352 0.021580 0.060966
v 0.593468 0.004131 0.050585
v 0.588290 0.001719 0.040139
v 0.588090 0.003370 0.050585
v 0.588090 0.003370 0.050585
v 0.588290 0.001719 0.040139
v 0.593468 0.004131 0.050585
v 0.588290 0.001719 0.040139
v 0.582923 -0.000123 0.029642
v 0.582819 0.001169 0.040139
v 0.582819 0.001169 0.040139
v 0.582923 -0.000123 0.029642
v 0.588290 0.001719 0.040139
v 0.593144 0.006133 0.060966
v 0.588090 0.003370 0.050585
v 0.587846 0.005384 0.060966
v 0.587846 0.005384 0.060966
v 0.588090 0.003370 0.050585
v 0.593144 0.006133 0.060966
v 0.582923 -0.000123 0.029642
v 0.577420 -0.001382 0.019105
v 0.577383 -0.000457 0.029642
v 0.577383 -0.000457 0.029642
v 0.577420 -0.001382 0.019105
v 0.582923 -0.000123 0.029642
v 0.577420 -0.001382 0.019105
v 0.572462 -0.002038 0.008543
v 0.572451 -0.001482 0.019105
v 0.572451 -0.001482 0.019105
v 0.572462 -0.002038 0.008543
v 0.577420 -0.001382 0.019105
v 0.593144 0.006133 0.060966
v 0.572083 0.016846 0.060966
v 0.598407 0.007094 0.060966
v 0.598407 0.007094 0.060966
v 0.572083 0.016846 0.060966
v 0.593144 0.006133 0.060966
v 0.576374 0.024674 0.024244
v 0.571945 0.023735 0.015507
v 0.576408 0.023825 0.015507
v 0.576408 0.023825 0.015507
v 0.571945 0.023735 0.015507
v 0.576374 0.024674 0.024244
v 0.613906 0.011231 0.060966
v 0.572083 0.016846 0.060966
v 0.618947 0.013020 0.060966
v 0.618947 0.013020 0.060966
v 0.572083 0.016846 0.060966
v 0.613906 0.011231 0.060966
v 0.623913 0.015011 0.060966
v 0.619664 0.011123 0.050585
v 0.618947 0.013020 0.060966
v 0.618947 0.013020 0.060966
v 0.619664 0.011123 0.050585
v 0.623913 0.015011 0.060966
v 0.624706 0.013144 0.050585
v 0.628795 0.017199 0.060966
v 0.629662 0.015365 0.050585
v 0.629662 0.015365 0.050585
v 0.628795 0.017199 0.060966
v 0.624706 0.013144 0.050585
v 0.619664 0.011123 0.050585
v 0.623913 0.015011 0.060966
v 0.624706 0.013144 0.050585
v 0.624706 0.013144 0.050585
v 0.623913 0.015011 0.060966
v 0.619664 0.011123 0.050585
v 0.634333 0.019953 0.060966
v 0.629662 0.015365 0.050585
v 0.628795 0.017199 0.060966
v 0.628795 0.017199 0.060966
v 0.629662 0.015365 0.050585
v 0.634333 0.019953 0.060966
v 0.634333 0.019953 0.060966
v 0.586354 0.017716 0.060966
v 0.591158 0.018395 0.060966
v 0.591158 0.018395 0.060966
v 0.586354 0.017716 0.060966
v 0.634333 0.019953 0.060966
v 0.590899 0.019996 0.060859
v 0.595931 0.019267 0.060966
v 0.591158 0.018395 0.060966
v 0.591158 0.018395 0.060966
v 0.595931 0.019267 0.060966
v 0.590899 0.019996 0.060859
v 0.580906 0.024947 0.024244
v 0.576408 0.023825 0.015507
v 0.580975 0.024100 0.015507
v 0.580975 0.024100 0.015507
v 0.576408 0.023825 0.015507
v 0.580906 0.024947 0.024244
v 0.585425 0.025402 0.024244
v 0.580975 0.024100 0.015507
v 0.585527 0.024558 0.015507
v 0.585527 0.024558 0.015507
v 0.580975 0.024100 0.015507
v 0.585425 0.025402 0.024244
v 0.589921 0.026038 0.024244
v 0.585527 0.024558 0.015507
v 0.590057 0.025199 0.015507
v 0.590057 0.025199 0.015507
v 0.585527 0.024558 0.015507
v 0.589921 0.026038 0.024244
v 0.594388 0.026854 0.024244
v 0.590057 0.025199 0.015507
v 0.594557 0.026020 0.015507
v 0.594557 0.026020 0.015507
v 0.590057 0.025199 0.015507
v 0.594388 0.026854 0.024244
v 0.606876 0.032370 0.056106
v 0.610756 0.034705 0.054755
v 0.611075 0.033860 0.056106
v 0.611075 0.033860 0.056106
v 0.610756 0.034705 0.054755
v 0.606876 0.032370 0.056106
v 0.606591 0.033226 0.054755
v 0.610502 0.035377 0.053297
v 0.610756 0.034705 0.054755
v 0.610756 0.034705 0.054755
v 0.610502 0.035377 0.053297
v 0.606591 0.033226 0.054755
v 0.602917 0.030019 0.057327
v 0.606876 0.032370 0.056106
v 0.607214 0.031353 0.057327
v 0.607214 0.031353 0.057327
v 0.606876 0.032370 0.056106
v 0.602917 0.030019 0.057327
v 0.606364 0.033908 0.053297
v 0.610318 0.035866 0.051759
v 0.610502 0.035377 0.053297
v 0.610502 0.035377 0.053297
v 0.610318 0.035866 0.051759
v 0.606364 0.033908 0.053297
v 0.602917 0.030019 0.057327
v 0.607600 0.030194 0.058399
v 0.603256 0.028845 0.058399
v 0.603256 0.028845 0.058399
v 0.607600 0.030194 0.058399
v 0.602917 0.030019 0.057327
v 0.606200 0.034404 0.051759
v 0.610206 0.036162 0.050165
v 0.610318 0.035866 0.051759
v 0.610318 0.035866 0.051759
v 0.610206 0.036162 0.050165
v 0.606200 0.034404 0.051759
v 0.603256 0.028845 0.058399
v 0.608026 0.028912 0.059301
v 0.603630 0.027547 0.059301
v 0.603630 0.027547 0.059301
v 0.608026 0.028912 0.059301
v 0.603256 0.028845 0.058399
v 0.606686 0.032940 0.041586
v 0.610206 0.036162 0.050165
v 0.606099 0.034705 0.050165
v 0.606099 0.034705 0.050165
v 0.610206 0.036162 0.050165
v 0.606686 0.032940 0.041586
v 0.603630 0.027547 0.059301
v 0.608486 0.027529 0.060020
v 0.604034 0.026147 0.060020
v 0.604034 0.026147 0.060020
v 0.608486 0.027529 0.060020
v 0.603630 0.027547 0.059301
v 0.602876 0.030161 0.032941
v 0.606686 0.032940 0.041586
v 0.602453 0.031626 0.041586
v 0.602453 0.031626 0.041586
v 0.606686 0.032940 0.041586
v 0.602876 0.030161 0.032941
v 0.604034 0.026147 0.060020
v 0.608971 0.026069 0.060542
v 0.604461 0.024669 0.060542
v 0.604461 0.024669 0.060542
v 0.608971 0.026069 0.060542
v 0.604034 0.026147 0.060020
v 0.598819 0.027848 0.024244
v 0.602876 0.030161 0.032941
v 0.598535 0.029002 0.032941
v 0.598535 0.029002 0.032941
v 0.602876 0.030161 0.032941
v 0.598819 0.027848 0.024244
v 0.594557 0.026020 0.015507
v 0.598819 0.027848 0.024244
v 0.594388 0.026854 0.024244
v 0.594388 0.026854 0.024244
v 0.598819 0.027848 0.024244
v 0.594557 0.026020 0.015507
v 0.604461 0.024669 0.060542
v 0.609474 0.024557 0.060859
v 0.604903 0.023138 0.060859
v 0.604903 0.023138 0.060859
v 0.609474 0.024557 0.060859
v 0.604461 0.024669 0.060542
v 0.595608 0.020855 0.060859
v 0.600665 0.020329 0.060966
v 0.595931 0.019267 0.060966
v 0.595931 0.019267 0.060966
v 0.600665 0.020329 0.060966
v 0.595608 0.020855 0.060859
v 0.600278 0.021903 0.060859
v 0.605352 0.021580 0.060966
v 0.600665 0.020329 0.060966
v 0.600665 0.020329 0.060966
v 0.605352 0.021580 0.060966
v 0.600278 0.021903 0.060859
v 0.604903 0.023138 0.060859
v 0.609986 0.023018 0.060966
v 0.605352 0.021580 0.060966
v 0.605352 0.021580 0.060966
v 0.609986 0.023018 0.060966
v 0.604903 0.023138 0.060859
v 0.588290 0.001719 0.040139
v 0.593468 0.004131 0.050585
v 0.593734 0.002489 0.040139
v 0.593734 0.002489 0.040139
v 0.593468 0.004131 0.050585
v 0.588290 0.001719 0.040139
v 0.588090 0.003370 0.050585
v 0.593144 0.006133 0.060966
v 0.593468 0.004131 0.050585
v 0.593468 0.004131 0.050585
v 0.593144 0.006133 0.060966
v 0.588090 0.003370 0.050585
v 0.582923 -0.000123 0.029642
v 0.588290 0.001719 0.040139
v 0.588445 0.000433 0.029642
v 0.588445 0.000433 0.029642
v 0.588290 0.001719 0.040139
v 0.582923 -0.000123 0.029642
v 0.577420 -0.001382 0.019105
v 0.582923 -0.000123 0.029642
v 0.582997 -0.001046 0.019105
v 0.582997 -0.001046 0.019105
v 0.582923 -0.000123 0.029642
v 0.577420 -0.001382 0.019105
v 0.572462 -0.002038 0.008543
v 0.577420 -0.001382 0.019105
v 0.577442 -0.001938 0.008543
v 0.577442 -0.001938 0.008543
v 0.577420 -0.001382 0.019105
v 0.572462 -0.002038 0.008543
v 0.598407 0.007094 0.060966
v 0.572083 0.016846 0.060966
v 0.603627 0.008265 0.060966
v 0.603627 0.008265 0.060966
v 0.572083 0.016846 0.060966
v 0.598407 0.007094 0.060966
v 0.598407 0.007094 0.060966
v 0.593468 0.004131 0.050585
v 0.593144 0.006133 0.060966
v 0.593144 0.006133 0.060966
v 0.593468 0.004131 0.050585
v 0.598407 0.007094 0.060966
v 0.571955 0.023225 0.006744
v 0.576408 0.023825 0.015507
v 0.571945 0.023735 0.015507
v 0.571945 0.023735 0.015507
v 0.576408 0.023825 0.015507
v 0.571955 0.023225 0.006744
v 0.608796 0.009645 0.060966
v 0.572083 0.016846 0.060966
v 0.613906 0.011231 0.060966
v 0.613906 0.011231 0.060966
v 0.572083 0.016846 0.060966
v 0.608796 0.009645 0.060966
v 0.618947 0.013020 0.060966
v 0.614546 0.009306 0.050585
v 0.613906 0.011231 0.060966
v 0.613906 0.011231 0.060966
v 0.614546 0.009306 0.050585
v 0.618947 0.013020 0.060966
v 0.614546 0.009306 0.050585
v 0.618947 0.013020 0.060966
v 0.619664 0.011123 0.050585
v 0.619664 0.011123 0.050585
v 0.618947 0.013020 0.060966
v 0.614546 0.009306 0.050585
v 0.629662 0.015365 0.050585
v 0.625355 0.011613 0.040139
v 0.624706 0.013144 0.050585
v 0.624706 0.013144 0.050585
v 0.625355 0.011613 0.040139
v 0.629662 0.015365 0.050585
v 0.624706 0.013144 0.050585
v 0.620252 0.009567 0.040139
v 0.619664 0.011123 0.050585
v 0.619664 0.011123 0.050585
v 0.620252 0.009567 0.040139
v 0.624706 0.013144 0.050585
v 0.629662 0.015365 0.050585
v 0.634333 0.019953 0.060966
v 0.635333 0.018186 0.050585
v 0.635333 0.018186 0.050585
v 0.634333 0.019953 0.060966
v 0.629662 0.015365 0.050585
v 0.634333 0.019953 0.060966
v 0.591158 0.018395 0.060966
v 0.595931 0.019267 0.060966
v 0.595931 0.019267 0.060966
v 0.591158 0.018395 0.060966
v 0.634333 0.019953 0.060966
v 0.576428 0.023314 0.006744
v 0.580975 0.024100 0.015507
v 0.576408 0.023825 0.015507
v 0.576408 0.023825 0.015507
v 0.580975 0.024100 0.015507
v 0.576428 0.023314 0.006744
v 0.581016 0.023591 0.006744
v 0.585527 0.024558 0.015507
v 0.580975 0.024100 0.015507
v 0.580975 0.024100 0.015507
v 0.585527 0.024558 0.015507
v 0.581016 0.023591 0.006744
v 0.585588 0.024051 0.006744
v 0.590057 0.025199 0.015507
v 0.585527 0.024558 0.015507
v 0.585527 0.024558 0.015507
v 0.590057 0.025199 0.015507
v 0.585588 0.024051 0.006744
v 0.590138 0.024694 0.006744
v 0.594557 0.026020 0.015507
v 0.590057 0.025199 0.015507
v 0.590057 0.025199 0.015507
v 0.594557 0.026020 0.015507
v 0.590138 0.024694 0.006744
v 0.614859 0.036349 0.054755
v 0.611075 0.033860 0.056106
v 0.610756 0.034705 0.054755
v 0.610756 0.034705 0.054755
v 0.611075 0.033860 0.056106
v 0.614859 0.036349 0.054755
v 0.611075 0.033860 0.056106
v 0.607214 0.031353 0.057327
v 0.606876 0.032370 0.056106
v 0.606876 0.032370 0.056106
v 0.607214 0.031353 0.057327
v 0.611075 0.033860 0.056106
v 0.614578 0.037011 0.053297
v 0.610756 0.034705 0.054755
v 0.610502 0.035377 0.053297
v 0.610502 0.035377 0.053297
v 0.610756 0.034705 0.054755
v 0.614578 0.037011 0.053297
v 0.607600 0.030194 0.058399
v 0.602917 0.030019 0.057327
v 0.607214 0.031353 0.057327
v 0.607214 0.031353 0.057327
v 0.602917 0.030019 0.057327
v 0.607600 0.030194 0.058399
v 0.614374 0.037492 0.051759
v 0.610502 0.035377 0.053297
v 0.610318 0.035866 0.051759
v 0.610318 0.035866 0.051759
v 0.610502 0.035377 0.053297
v 0.614374 0.037492 0.051759
v 0.608026 0.028912 0.059301
v 0.603256 0.028845 0.058399
v 0.607600 0.030194 0.058399
v 0.607600 0.030194 0.058399
v 0.603256 0.028845 0.058399
v 0.608026 0.028912 0.059301
v 0.614250 0.037784 0.050165
v 0.610318 0.035866 0.051759
v 0.610206 0.036162 0.050165
v 0.610206 0.036162 0.050165
v 0.610318 0.035866 0.051759
v 0.614250 0.037784 0.050165
v 0.608486 0.027529 0.060020
v 0.603630 0.027547 0.059301
v 0.608026 0.028912 0.059301
v 0.608026 0.028912 0.059301
v 0.603630 0.027547 0.059301
v 0.608486 0.027529 0.060020
v 0.610206 0.036162 0.050165
v 0.606686 0.032940 0.041586
v 0.610863 0.034423 0.041586
v 0.610863 0.034423 0.041586
v 0.606686 0.032940 0.041586
v 0.610206 0.036162 0.050165
v 0.608971 0.026069 0.060542
v 0.604034 0.026147 0.060020
v 0.608486 0.027529 0.060020
v 0.608486 0.027529 0.060020
v 0.604034 0.026147 0.060020
v 0.608971 0.026069 0.060542
v 0.606686 0.032940 0.041586
v 0.602876 0.030161 0.032941
v 0.607168 0.031493 0.032941
v 0.607168 0.031493 0.032941
v 0.602876 0.030161 0.032941
v 0.606686 0.032940 0.041586
v 0.609474 0.024557 0.060859
v 0.604461 0.024669 0.060542
v 0.608971 0.026069 0.060542
v 0.608971 0.026069 0.060542
v 0.604461 0.024669 0.060542
v 0.609474 0.024557 0.060859
v 0.602876 0.030161 0.032941
v 0.598819 0.027848 0.024244
v 0.603206 0.029019 0.024244
v 0.603206 0.029019 0.024244
v 0.598819 0.027848 0.024244
v 0.602876 0.030161 0.032941
v 0.598819 0.027848 0.024244
v 0.594557 0.026020 0.015507
v 0.599021 0.027022 0.015507
v 0.599021 0.027022 0.015507
v 0.594557 0.026020 0.015507
v 0.598819 0.027848 0.024244
v 0.609986 0.023018 0.060966
v 0.604903 0.023138 0.060859
v 0.609474 0.024557 0.060859
v 0.609474 0.024557 0.060859
v 0.604903 0.023138 0.060859
v 0.609986 0.023018 0.060966
v 0.634333 0.019953 0.060966
v 0.595931 0.019267 0.060966
v 0.600665 0.020329 0.060966
v 0.600665 0.020329 0.060966
v 0.595931 0.019267 0.060966
v 0.634333 0.019953 0.060966
v 0.639002 0.022937 0.060966
v 0.600665 0.020329 0.060966
v 0.605352 0.021580 0.060966
v 0.605352 0.021580 0.060966
v 0.600665 0.020329 0.060966
v 0.639002 0.022937 0.060966
v 0.639002 0.022937 0.060966
v 0.605352 0.021580 0.060966
v 0.609986 0.023018 0.060966
v 0.609986 0.023018 0.060966
v 0.605352 0.021580 0.060966
v 0.639002 0.022937 0.060966
v 0.598811 0.005106 0.050585
v 0.593734 0.002489 0.040139
v 0.593468 0.004131 0.050585
v 0.593468 0.004131 0.050585
v 0.593734 0.002489 0.040139
v 0.598811 0.005106 0.050585
v 0.593734 0.002489 0.040139
v 0.588445 0.000433 0.029642
v 0.588290 0.001719 0.040139
v 0.588290 0.001719 0.040139
v 0.588445 0.000433 0.029642
v 0.593734 0.002489 0.040139
v 0.588445 0.000433 0.029642
v 0.582997 -0.001046 0.019105
v 0.582923 -0.000123 0.029642
v 0.582923 -0.000123 0.029642
v 0.582997 -0.001046 0.019105
v 0.588445 0.000433 0.029642
v 0.582997 -0.001046 0.019105
v 0.577442 -0.001938 0.008543
v 0.577420 -0.001382 0.019105
v 0.577420 -0.001382 0.019105
v 0.577442 -0.001938 0.008543
v 0.582997 -0.001046 0.019105
v 0.577442 -0.001938 0.008543
v 0.572466 -0.002224 -0.002033
v 0.572462 -0.002038 0.008543
v 0.572462 -0.002038 0.008543
v 0.572466 -0.002224 -0.002033
v 0.577442 -0.001938 0.008543
v 0.603627 0.008265 0.060966
v 0.572083 0.016846 0.060966
v 0.608796 0.009645 0.060966
v 0.608796 0.009645 0.060966
v 0.572083 0.016846 0.060966
v 0.603627 0.008265 0.060966
v 0.603627 0.008265 0.060966
v 0.598811 0.005106 0.050585
v 0.598407 0.007094 0.060966
v 0.598407 0.007094 0.060966
v 0.598811 0.005106 0.050585
v 0.603627 0.008265 0.060966
v 0.593468 0.004131 0.050585
v 0.598407 0.007094 0.060966
v 0.598811 0.005106 0.050585
v 0.598811 0.005106 0.050585
v 0.598407 0.007094 0.060966
v 0.593468 0.004131 0.050585
v 0.576408 0.023825 0.015507
v 0.571955 0.023225 0.006744
v 0.576428 0.023314 0.006744
v 0.576428 0.023314 0.006744
v 0.571955 0.023225 0.006744
v 0.576408 0.023825 0.015507
v 0.613906 0.011231 0.060966
v 0.609358 0.007696 0.050585
v 0.608796 0.009645 0.060966
v 0.608796 0.009645 0.060966
v 0.609358 0.007696 0.050585
v 0.613906 0.011231 0.060966
v 0.609358 0.007696 0.050585
v 0.613906 0.011231 0.060966
v 0.614546 0.009306 0.050585
v 0.614546 0.009306 0.050585
v 0.613906 0.011231 0.060966
v 0.609358 0.007696 0.050585
v 0.619664 0.011123 0.050585
v 0.615070 0.007728 0.040139
v 0.614546 0.009306 0.050585
v 0.614546 0.009306 0.050585
v 0.615070 0.007728 0.040139
v 0.619664 0.011123 0.050585
v 0.625355 0.011613 0.040139
v 0.629662 0.015365 0.050585
v 0.630372 0.013862 0.040139
v 0.630372 0.013862 0.040139
v 0.629662 0.015365 0.050585
v 0.625355 0.011613 0.040139
v 0.620252 0.009567 0.040139
v 0.624706 0.013144 0.050585
v 0.625355 0.011613 0.040139
v 0.625355 0.011613 0.040139
v 0.624706 0.013144 0.050585
v 0.620252 0.009567 0.040139
v 0.615070 0.007728 0.040139
v 0.619664 0.011123 0.050585
v 0.620252 0.009567 0.040139
v 0.620252 0.009567 0.040139
v 0.619664 0.011123 0.050585
v 0.615070 0.007728 0.040139
v 0.639002 0.022937 0.060966
v 0.635333 0.018186 0.050585
v 0.634333 0.019953 0.060966
v 0.634333 0.019953 0.060966
v 0.635333 0.018186 0.050585
v 0.639002 0.022937 0.060966
v 0.635333 0.018186 0.050585
v 0.630372 0.013862 0.040139
v 0.629662 0.015365 0.050585
v 0.629662 0.015365 0.050585
v 0.630372 0.013862 0.040139
v 0.635333 0.018186 0.050585
v 0.580975 0.024100 0.015507
v 0.576428 0.023314 0.006744
v 0.581016 0.023591 0.006744
v 0.581016 0.023591 0.006744
v 0.576428 0.023314 0.006744
v 0.580975 0.024100 0.015507
v 0.585527 0.024558 0.015507
v 0.581016 0.023591 0.006744
v 0.585588 0.024051 0.006744
v 0.585588 0.024051 0.006744
v 0.581016 0.023591 0.006744
v 0.585527 0.024558 0.015507
v 0.590057 0.025199 0.015507
v 0.585588 0.024051 0.006744
v 0.590138 0.024694 0.006744
v 0.590138 0.024694 0.006744
v 0.585588 0.024051 0.006744
v 0.590057 0.025199 0.015507
v 0.594557 0.026020 0.015507
v 0.590138 0.024694 0.006744
v 0.594659 0.025520 0.006744
v 0.594659 0.025520 0.006744
v 0.590138 0.024694 0.006744
v 0.594557 0.026020 0.015507
v 0.611075 0.033860 0.056106
v 0.614859 0.036349 0.054755
v 0.615212 0.035518 0.056106
v 0.615212 0.035518 0.056106
v 0.614859 0.036349 0.054755
v 0.611075 0.033860 0.056106
v 0.610756 0.034705 0.054755
v 0.614578 0.037011 0.053297
v 0.614859 0.036349 0.054755
v 0.614859 0.036349 0.054755
v 0.614578 0.037011 0.053297
v 0.610756 0.034705 0.054755
v 0.607214 0.031353 0.057327
v 0.611075 0.033860 0.056106
v 0.611454 0.032858 0.057327
v 0.611454 0.032858 0.057327
v 0.611075 0.033860 0.056106
v 0.607214 0.031353 0.057327
v 0.610502 0.035377 0.053297
v 0.614374 0.037492 0.051759
v 0.614578 0.037011 0.053297
v 0.614578 0.037011 0.053297
v 0.614374 0.037492 0.051759
v 0.610502 0.035377 0.053297
v 0.607214 0.031353 0.057327
v 0.611886 0.031715 0.058399
v 0.607600 0.030194 0.058399
v 0.607600 0.030194 0.058399
v 0.611886 0.031715 0.058399
v 0.607214 0.031353 0.057327
v 0.610318 0.035866 0.051759
v 0.614250 0.037784 0.050165
v 0.614374 0.037492 0.051759
v 0.614374 0.037492 0.051759
v 0.614250 0.037784 0.050165
v 0.610318 0.035866 0.051759
v 0.607600 0.030194 0.058399
v 0.612363 0.030451 0.059301
v 0.608026 0.028912 0.059301
v 0.608026 0.028912 0.059301
v 0.612363 0.030451 0.059301
v 0.607600 0.030194 0.058399
v 0.610863 0.034423 0.041586
v 0.614250 0.037784 0.050165
v 0.610206 0.036162 0.050165
v 0.610206 0.036162 0.050165
v 0.614250 0.037784 0.050165
v 0.610863 0.034423 0.041586
v 0.608026 0.028912 0.059301
v 0.612878 0.029088 0.060020
v 0.608486 0.027529 0.060020
v 0.608486 0.027529 0.060020
v 0.612878 0.029088 0.060020
v 0.608026 0.028912 0.059301
v 0.607168 0.031493 0.032941
v 0.610863 0.034423 0.041586
v 0.606686 0.032940 0.041586
v 0.606686 0.032940 0.041586
v 0.610863 0.034423 0.041586
v 0.607168 0.031493 0.032941
v 0.608486 0.027529 0.060020
v 0.613422 0.027649 0.060542
v 0.608971 0.026069 0.060542
v 0.608971 0.026069 0.060542
v 0.613422 0.027649 0.060542
v 0.608486 0.027529 0.060020
v 0.603206 0.029019 0.024244
v 0.607168 0.031493 0.032941
v 0.602876 0.030161 0.032941
v 0.602876 0.030161 0.032941
v 0.607168 0.031493 0.032941
v 0.603206 0.029019 0.024244
v 0.608971 0.026069 0.060542
v 0.613985 0.026158 0.060859
v 0.609474 0.024557 0.060859
v 0.609474 0.024557 0.060859
v 0.613985 0.026158 0.060859
v 0.608971 0.026069 0.060542
v 0.599021 0.027022 0.015507
v 0.603206 0.029019 0.024244
v 0.598819 0.027848 0.024244
v 0.598819 0.027848 0.024244
v 0.603206 0.029019 0.024244
v 0.599021 0.027022 0.015507
v 0.594659 0.025520 0.006744
v 0.599021 0.027022 0.015507
v 0.594557 0.026020 0.015507
v 0.594557 0.026020 0.015507
v 0.599021 0.027022 0.015507
v 0.594659 0.025520 0.006744
v 0.609474 0.024557 0.060859
v 0.614558 0.024641 0.060966
v 0.609986 0.023018 0.060966
v 0.609986 0.023018 0.060966
v 0.614558 0.024641 0.060966
v 0.609474 0.024557 0.060859
v 0.634333 0.019953 0.060966
v 0.600665 0.020329 0.060966
v 0.639002 0.022937 0.060966
v 0.639002 0.022937 0.060966
v 0.600665 0.020329 0.060966
v 0.634333 0.019953 0.060966
v 0.639002 0.022937 0.060966
v 0.609986 0.023018 0.060966
v 0.642364 0.024983 0.060966
v 0.642364 0.024983 0.060966
v 0.609986 0.023018 0.060966
v 0.639002 0.022937 0.060966
v 0.593734 0.002489 0.040139
v 0.598811 0.005106 0.050585
v 0.599142 0.003477 0.040139
v 0.599142 0.003477 0.040139
v 0.598811 0.005106 0.050585
v 0.593734 0.002489 0.040139
v 0.588445 0.000433 0.029642
v 0.593734 0.002489 0.040139
v 0.593941 0.001210 0.029642
v 0.593941 0.001210 0.029642
v 0.593734 0.002489 0.040139
v 0.588445 0.000433 0.029642
v 0.582997 -0.001046 0.019105
v 0.588445 0.000433 0.029642
v 0.588556 -0.000487 0.019105
v 0.588556 -0.000487 0.019105
v 0.588445 0.000433 0.029642
v 0.582997 -0.001046 0.019105
v 0.577442 -0.001938 0.008543
v 0.582997 -0.001046 0.019105
v 0.583042 -0.001601 0.008543
v 0.583042 -0.001601 0.008543
v 0.582997 -0.001046 0.019105
v 0.577442 -0.001938 0.008543
v 0.572466 -0.002224 -0.002033
v 0.577442 -0.001938 0.008543
v 0.577450 -0.002124 -0.002033
v 0.577450 -0.002124 -0.002033
v 0.577442 -0.001938 0.008543
v 0.572466 -0.002224 -0.002033
v 0.608796 0.009645 0.060966
v 0.604111 0.006295 0.050585
v 0.603627 0.008265 0.060966
v 0.603627 0.008265 0.060966
v 0.604111 0.006295 0.050585
v 0.608796 0.009645 0.060966
v 0.598811 0.005106 0.050585
v 0.603627 0.008265 0.060966
v 0.604111 0.006295 0.050585
v 0.604111 0.006295 0.050585
v 0.603627 0.008265 0.060966
v 0.598811 0.005106 0.050585
v 0.571958 0.023054 -0.002033
v 0.576428 0.023314 0.006744
v 0.571955 0.023225 0.006744
v 0.571955 0.023225 0.006744
v 0.576428 0.023314 0.006744
v 0.571958 0.023054 -0.002033
v 0.604111 0.006295 0.050585
v 0.608796 0.009645 0.060966
v 0.609358 0.007696 0.050585
v 0.609358 0.007696 0.050585
v 0.608796 0.009645 0.060966
v 0.604111 0.006295 0.050585
v 0.614546 0.009306 0.050585
v 0.609819 0.006098 0.040139
v 0.609358 0.007696 0.050585
v 0.609358 0.007696 0.050585
v 0.609819 0.006098 0.040139
v 0.614546 0.009306 0.050585
v 0.609819 0.006098 0.040139
v 0.614546 0.009306 0.050585
v 0.615070 0.007728 0.040139
v 0.615070 0.007728 0.040139
v 0.614546 0.009306 0.050585
v 0.609819 0.006098 0.040139
v 0.630372 0.013862 0.040139
v 0.625861 0.010420 0.029642
v 0.625355 0.011613 0.040139
v 0.625355 0.011613 0.040139
v 0.625861 0.010420 0.029642
v 0.630372 0.013862 0.040139
v 0.625355 0.011613 0.040139
v 0.620710 0.008355 0.029642
v 0.620252 0.009567 0.040139
v 0.620252 0.009567 0.040139
v 0.620710 0.008355 0.029642
v 0.625355 0.011613 0.040139
v 0.620252 0.009567 0.040139
v 0.615479 0.006499 0.029642
v 0.615070 0.007728 0.040139
v 0.615070 0.007728 0.040139
v 0.615479 0.006499 0.029642
v 0.620252 0.009567 0.040139
v 0.635333 0.018186 0.050585
v 0.639002 0.022937 0.060966
v 0.640075 0.021216 0.050585
v 0.640075 0.021216 0.050585
v 0.639002 0.022937 0.060966
v 0.635333 0.018186 0.050585
v 0.630372 0.013862 0.040139
v 0.635333 0.018186 0.050585
v 0.636153 0.016737 0.040139
v 0.636153 0.016737 0.040139
v 0.635333 0.018186 0.050585
v 0.630372 0.013862 0.040139
v 0.576435 0.023144 -0.002033
v 0.581016 0.023591 0.006744
v 0.576428 0.023314 0.006744
v 0.576428 0.023314 0.006744
v 0.581016 0.023591 0.006744
v 0.576435 0.023144 -0.002033
v 0.581029 0.023421 -0.002033
v 0.585588 0.024051 0.006744
v 0.581016 0.023591 0.006744
v 0.581016 0.023591 0.006744
v 0.585588 0.024051 0.006744
v 0.581029 0.023421 -0.002033
v 0.585608 0.023882 -0.002033
v 0.590138 0.024694 0.006744
v 0.585588 0.024051 0.006744
v 0.585588 0.024051 0.006744
v 0.590138 0.024694 0.006744
v 0.585608 0.023882 -0.002033
v 0.590166 0.024526 -0.002033
v 0.594659 0.025520 0.006744
v 0.590138 0.024694 0.006744
v 0.590138 0.024694 0.006744
v 0.594659 0.025520 0.006744
v 0.590166 0.024526 -0.002033
v 0.618892 0.038157 0.054755
v 0.615212 0.035518 0.056106
v 0.614859 0.036349 0.054755
v 0.614859 0.036349 0.054755
v 0.615212 0.035518 0.056106
v 0.618892 0.038157 0.054755
v 0.615212 0.035518 0.056106
v 0.611454 0.032858 0.057327
v 0.611075 0.033860 0.056106
v 0.611075 0.033860 0.056106
v 0.611454 0.032858 0.057327
v 0.615212 0.035518 0.056106
v 0.618585 0.038807 0.053297
v 0.614859 0.036349 0.054755
v 0.614578 0.037011 0.053297
v 0.614578 0.037011 0.053297
v 0.614859 0.036349 0.054755
v 0.618585 0.038807 0.053297
v 0.611886 0.031715 0.058399
v 0.607214 0.031353 0.057327
v 0.611454 0.032858 0.057327
v 0.611454 0.032858 0.057327
v 0.607214 0.031353 0.057327
v 0.611886 0.031715 0.058399
v 0.618362 0.039279 0.051759
v 0.614578 0.037011 0.053297
v 0.614374 0.037492 0.051759
v 0.614374 0.037492 0.051759
v 0.614578 0.037011 0.053297
v 0.618362 0.039279 0.051759
v 0.612363 0.030451 0.059301
v 0.607600 0.030194 0.058399
v 0.611886 0.031715 0.058399
v 0.611886 0.031715 0.058399
v 0.607600 0.030194 0.058399
v 0.612363 0.030451 0.059301
v 0.618227 0.039566 0.050165
v 0.614374 0.037492 0.051759
v 0.614250 0.037784 0.050165
v 0.614250 0.037784 0.050165
v 0.614374 0.037492 0.051759
v 0.618227 0.039566 0.050165
v 0.612878 0.029088 0.060020
v 0.608026 0.028912 0.059301
v 0.612363 0.030451 0.059301
v 0.612363 0.030451 0.059301
v 0.608026 0.028912 0.059301
v 0.612878 0.029088 0.060020
v 0.614250 0.037784 0.050165
v 0.610863 0.034423 0.041586
v 0.614977 0.036072 0.041586
v 0.614977 0.036072 0.041586
v 0.610863 0.034423 0.041586
v 0.614250 0.037784 0.050165
v 0.613422 0.027649 0.060542
v 0.608486 0.027529 0.060020
v 0.612878 0.029088 0.060020
v 0.612878 0.029088 0.060020
v 0.608486 0.027529 0.060020
v 0.613422 0.027649 0.060542
v 0.610863 0.034423 0.041586
v 0.607168 0.031493 0.032941
v 0.611402 0.032996 0.032941
v 0.611402 0.032996 0.032941
v 0.607168 0.031493 0.032941
v 0.610863 0.034423 0.041586
v 0.613985 0.026158 0.060859
v 0.608971 0.026069 0.060542
v 0.613422 0.027649 0.060542
v 0.613422 0.027649 0.060542
v 0.608971 0.026069 0.060542
v 0.613985 0.026158 0.060859
v 0.607168 0.031493 0.032941
v 0.603206 0.029019 0.024244
v 0.607543 0.030365 0.024244
v 0.607543 0.030365 0.024244
v 0.603206 0.029019 0.024244
v 0.607168 0.031493 0.032941
v 0.614558 0.024641 0.060966
v 0.609474 0.024557 0.060859
v 0.613985 0.026158 0.060859
v 0.613985 0.026158 0.060859
v 0.609474 0.024557 0.060859
v 0.614558 0.024641 0.060966
v 0.603206 0.029019 0.024244
v 0.599021 0.027022 0.015507
v 0.603442 0.028202 0.015507
v 0.603442 0.028202 0.015507
v 0.599021 0.027022 0.015507
v 0.603206 0.029019 0.024244
v 0.599021 0.027022 0.015507
v 0.594659 0.025520 0.006744
v 0.599143 0.026526 0.006744
v 0.599143 0.026526 0.006744
v 0.594659 0.025520 0.006744
v 0.599021 0.027022 0.015507
v 0.642364 0.024983 0.060966
v 0.609986 0.023018 0.060966
v 0.614558 0.024641 0.060966
v 0.614558 0.024641 0.060966
v 0.609986 0.023018 0.060966
v 0.642364 0.024983 0.060966
v 0.642364 0.024983 0.060966
v 0.640075 0.021216 0.050585
v 0.639002 0.022937 0.060966
v 0.639002 0.022937 0.060966
v 0.640075 0.021216 0.050585
v 0.642364 0.024983 0.060966
v 0.604111 0.006295 0.050585
v 0.599142 0.003477 0.040139
v 0.598811 0.005106 0.050585
v 0.598811 0.005106 0.050585
v 0.599142 0.003477 0.040139
v 0.604111 0.006295 0.050585
v 0.599142 0.003477 0.040139
v 0.593941 0.001210 0.029642
v 0.593734 0.002489 0.040139
v 0.593734 0.002489 0.040139
v 0.593941 0.001210 0.029642
v 0.599142 0.003477 0.040139
v 0.593941 0.001210 0.029642
v 0.588556 -0.000487 0.019105
v 0.588445 0.000433 0.029642
v 0.588445 0.000433 0.029642
v 0.588556 -0.000487 0.019105
v 0.593941 0.001210 0.029642
v 0.588556 -0.000487 0.019105
v 0.583042 -0.001601 0.008543
v 0.582997 -0.001046 0.019105
v 0.582997 -0.001046 0.019105
v 0.583042 -0.001601 0.008543
v 0.588556 -0.000487 0.019105
v 0.583042 -0.001601 0.008543
v 0.577450 -0.002124 -0.002033
v 0.577442 -0.001938 0.008543
v 0.577442 -0.001938 0.008543
v 0.577450 -0.002124 -0.002033
v 0.583042 -0.001601 0.008543
v 0.577442 -0.001938 -0.012608
v 0.572466 -0.002224 -0.002033
v 0.577450 -0.002124 -0.002033
v 0.577450 -0.002124 -0.002033
v 0.572466 -0.002224 -0.002033
v 0.577442 -0.001938 -0.012608
v 0.576428 0.023314 0.006744
v 0.571958 0.023054 -0.002033
v 0.576435 0.023144 -0.002033
v 0.576435 0.023144 -0.002033
v 0.571958 0.023054 -0.002033
v 0.576428 0.023314 0.006744
v 0.609358 0.007696 0.050585
v 0.604507 0.004680 0.040139
v 0.604111 0.006295 0.050585
v 0.604111 0.006295 0.050585
v 0.604507 0.004680 0.040139
v 0.609358 0.007696 0.050585
v 0.604507 0.004680 0.040139
v 0.609358 0.007696 0.050585
v 0.609819 0.006098 0.040139
v 0.609819 0.006098 0.040139
v 0.609358 0.007696 0.050585
v 0.604507 0.004680 0.040139
v 0.615070 0.007728 0.040139
v 0.610178 0.004853 0.029642
v 0.609819 0.006098 0.040139
v 0.609819 0.006098 0.040139
v 0.610178 0.004853 0.029642
v 0.615070 0.007728 0.040139
v 0.625861 0.010420 0.029642
v 0.630372 0.013862 0.040139
v 0.630926 0.012691 0.029642
v 0.630926 0.012691 0.029642
v 0.630372 0.013862 0.040139
v 0.625861 0.010420 0.029642
v 0.620710 0.008355 0.029642
v 0.625355 0.011613 0.040139
v 0.625861 0.010420 0.029642
v 0.625861 0.010420 0.029642
v 0.625355 0.011613 0.040139
v 0.620710 0.008355 0.029642
v 0.615479 0.006499 0.029642
v 0.620252 0.009567 0.040139
v 0.620710 0.008355 0.029642
v 0.620710 0.008355 0.029642
v 0.620252 0.009567 0.040139
v 0.615479 0.006499 0.029642
v 0.610178 0.004853 0.029642
v 0.615070 0.007728 0.040139
v 0.615479 0.006499 0.029642
v 0.615479 0.006499 0.029642
v 0.615070 0.007728 0.040139
v 0.610178 0.004853 0.029642
v 0.640075 0.021216 0.050585
v 0.636153 0.016737 0.040139
v 0.635333 0.018186 0.050585
v 0.635333 0.018186 0.050585
v 0.636153 0.016737 0.040139
v 0.640075 0.021216 0.050585
v 0.636153 0.016737 0.040139
v 0.630926 0.012691 0.029642
v 0.630372 0.013862 0.040139
v 0.630372 0.013862 0.040139
v 0.630926 0.012691 0.029642
v 0.636153 0.016737 0.040139
v 0.581016 0.023591 0.006744
v 0.576435 0.023144 -0.002033
v 0.581029 0.023421 -0.002033
v 0.581029 0.023421 -0.002033
v 0.576435 0.023144 -0.002033
v 0.581016 0.023591 0.006744
v 0.585588 0.024051 0.006744
v 0.581029 0.023421 -0.002033
v 0.585608 0.023882 -0.002033
v 0.585608 0.023882 -0.002033
v 0.581029 0.023421 -0.002033
v 0.585588 0.024051 0.006744
v 0.590138 0.024694 0.006744
v 0.585608 0.023882 -0.002033
v 0.590166 0.024526 -0.002033
v 0.590166 0.024526 -0.002033
v 0.585608 0.023882 -0.002033
v 0.590138 0.024694 0.006744
v 0.594659 0.025520 0.006744
v 0.590166 0.024526 -0.002033
v 0.594693 0.025353 -0.002033
v 0.594693 0.025353 -0.002033
v 0.590166 0.024526 -0.002033
v 0.594659 0.025520 0.006744
v 0.615212 0.035518 0.056106
v 0.618892 0.038157 0.054755
v 0.619278 0.037341 0.056106
v 0.619278 0.037341 0.056106
v 0.618892 0.038157 0.054755
v 0.615212 0.035518 0.056106
v 0.614859 0.036349 0.054755
v 0.618585 0.038807 0.053297
v 0.618892 0.038157 0.054755
v 0.618892 0.038157 0.054755
v 0.618585 0.038807 0.053297
v 0.614859 0.036349 0.054755
v 0.611454 0.032858 0.057327
v 0.615212 0.035518 0.056106
v 0.615630 0.034532 0.057327
v 0.615630 0.034532 0.057327
v 0.615212 0.035518 0.056106
v 0.611454 0.032858 0.057327
v 0.614578 0.037011 0.053297
v 0.618362 0.039279 0.051759
v 0.618585 0.038807 0.053297
v 0.618585 0.038807 0.053297
v 0.618362 0.039279 0.051759
v 0.614578 0.037011 0.053297
v 0.611454 0.032858 0.057327
v 0.616107 0.033407 0.058399
v 0.611886 0.031715 0.058399
v 0.611886 0.031715 0.058399
v 0.616107 0.033407 0.058399
v 0.611454 0.032858 0.057327
v 0.614374 0.037492 0.051759
v 0.618227 0.039566 0.050165
v 0.618362 0.039279 0.051759
v 0.618362 0.039279 0.051759
v 0.618227 0.039566 0.050165
v 0.614374 0.037492 0.051759
v 0.611886 0.031715 0.058399
v 0.616635 0.032164 0.059301
v 0.612363 0.030451 0.059301
v 0.612363 0.030451 0.059301
v 0.616635 0.032164 0.059301
v 0.611886 0.031715 0.058399
v 0.614977 0.036072 0.041586
v 0.618227 0.039566 0.050165
v 0.614250 0.037784 0.050165
v 0.614250 0.037784 0.050165
v 0.618227 0.039566 0.050165
v 0.614977 0.036072 0.041586
v 0.612363 0.030451 0.059301
v 0.617204 0.030822 0.060020
v 0.612878 0.029088 0.060020
v 0.612878 0.029088 0.060020
v 0.617204 0.030822 0.060020
v 0.612363 0.030451 0.059301
v 0.611402 0.032996 0.032941
v 0.614977 0.036072 0.041586
v 0.610863 0.034423 0.041586
v 0.610863 0.034423 0.041586
v 0.614977 0.036072 0.041586
v 0.611402 0.032996 0.032941
v 0.612878 0.029088 0.060020
v 0.617805 0.029406 0.060542
v 0.613422 0.027649 0.060542
v 0.613422 0.027649 0.060542
v 0.617805 0.029406 0.060542
v 0.612878 0.029088 0.060020
v 0.607543 0.030365 0.024244
v 0.611402 0.032996 0.032941
v 0.607168 0.031493 0.032941
v 0.607168 0.031493 0.032941
v 0.611402 0.032996 0.032941
v 0.607543 0.030365 0.024244
v 0.613422 0.027649 0.060542
v 0.618428 0.027939 0.060859
v 0.613985 0.026158 0.060859
v 0.613985 0.026158 0.060859
v 0.618428 0.027939 0.060859
v 0.613422 0.027649 0.060542
v 0.603442 0.028202 0.015507
v 0.607543 0.030365 0.024244
v 0.603206 0.029019 0.024244
v 0.603206 0.029019 0.024244
v 0.607543 0.030365 0.024244
v 0.603442 0.028202 0.015507
v 0.613985 0.026158 0.060859
v 0.619061 0.026446 0.060966
v 0.614558 0.024641 0.060966
v 0.614558 0.024641 0.060966
v 0.619061 0.026446 0.060966
v 0.613985 0.026158 0.060859
v 0.599143 0.026526 0.006744
v 0.603442 0.028202 0.015507
v 0.599021 0.027022 0.015507
v 0.599021 0.027022 0.015507
v 0.603442 0.028202 0.015507
v 0.599143 0.026526 0.006744
v 0.594693 0.025353 -0.002033
v 0.599143 0.026526 0.006744
v 0.594659 0.025520 0.006744
v 0.594659 0.025520 0.006744
v 0.599143 0.026526 0.006744
v 0.594693 0.025353 -0.002033
v 0.642364 0.024983 0.060966
v 0.614558 0.024641 0.060966
v 0.619061 0.026446 0.060966
v 0.619061 0.026446 0.060966
v 0.614558 0.024641 0.060966
v 0.642364 0.024983 0.060966
v 0.640075 0.021216 0.050585
v 0.642364 0.024983 0.060966
v 0.643399 0.023239 0.050585
v 0.643399 0.023239 0.050585
v 0.642364 0.024983 0.060966
v 0.640075 0.021216 0.050585
v 0.599142 0.003477 0.040139
v 0.604111 0.006295 0.050585
v 0.604507 0.004680 0.040139
v 0.604507 0.004680 0.040139
v 0.604111 0.006295 0.050585
v 0.599142 0.003477 0.040139
v 0.593941 0.001210 0.029642
v 0.599142 0.003477 0.040139
v 0.599401 0.002207 0.029642
v 0.599401 0.002207 0.029642
v 0.599142 0.003477 0.040139
v 0.593941 0.001210 0.029642
v 0.588556 -0.000487 0.019105
v 0.593941 0.001210 0.029642
v 0.594089 0.000296 0.019105
v 0.594089 0.000296 0.019105
v 0.593941 0.001210 0.029642
v 0.588556 -0.000487 0.019105
v 0.583042 -0.001601 0.008543
v 0.588556 -0.000487 0.019105
v 0.588623 -0.001039 0.008543
v 0.588623 -0.001039 0.008543
v 0.588556 -0.000487 0.019105
v 0.583042 -0.001601 0.008543
v 0.577450 -0.002124 -0.002033
v 0.583042 -0.001601 0.008543
v 0.583057 -0.001786 -0.002033
v 0.583057 -0.001786 -0.002033
v 0.583042 -0.001601 0.008543
v 0.577450 -0.002124 -0.002033
v 0.572466 -0.002224 -0.002033
v 0.577442 -0.001938 -0.012608
v 0.572462 -0.002038 -0.012608
v 0.572462 -0.002038 -0.012608
v 0.577442 -0.001938 -0.012608
v 0.572466 -0.002224 -0.002033
v 0.577450 -0.002124 -0.002033
v 0.583042 -0.001601 -0.012608
v 0.577442 -0.001938 -0.012608
v 0.577442 -0.001938 -0.012608
v 0.583042 -0.001601 -0.012608
v 0.577450 -0.002124 -0.002033
v 0.571958 0.023054 -0.002033
v 0.576428 0.023314 -0.010809
v 0.576435 0.023144 -0.002033
v 0.576435 0.023144 -0.002033
v 0.576428 0.023314 -0.010809
v 0.571958 0.023054 -0.002033
v 0.609819 0.006098 0.040139
v 0.604816 0.003422 0.029642
v 0.604507 0.004680 0.040139
v 0.604507 0.004680 0.040139
v 0.604816 0.003422 0.029642
v 0.609819 0.006098 0.040139
v 0.604816 0.003422 0.029642
v 0.609819 0.006098 0.040139
v 0.610178 0.004853 0.029642
v 0.610178 0.004853 0.029642
v 0.609819 0.006098 0.040139
v 0.604816 0.003422 0.029642
v 0.630926 0.012691 0.029642
v 0.626223 0.009568 0.019105
v 0.625861 0.010420 0.029642
v 0.625861 0.010420 0.029642
v 0.626223 0.009568 0.019105
v 0.630926 0.012691 0.029642
v 0.625861 0.010420 0.029642
v 0.621037 0.007489 0.019105
v 0.620710 0.008355 0.029642
v 0.620710 0.008355 0.029642
v 0.621037 0.007489 0.019105
v 0.625861 0.010420 0.029642
v 0.620710 0.008355 0.029642
v 0.615772 0.005620 0.019105
v 0.615479 0.006499 0.029642
v 0.615479 0.006499 0.029642
v 0.615772 0.005620 0.019105
v 0.620710 0.008355 0.029642
v 0.615479 0.006499 0.029642
v 0.610435 0.003963 0.019105
v 0.610178 0.004853 0.029642
v 0.610178 0.004853 0.029642
v 0.610435 0.003963 0.019105
v 0.615479 0.006499 0.029642
v 0.636153 0.016737 0.040139
v 0.640075 0.021216 0.050585
v 0.640955 0.019806 0.040139
v 0.640955 0.019806 0.040139
v 0.640075 0.021216 0.050585
v 0.636153 0.016737 0.040139
v 0.630926 0.012691 0.029642
v 0.636153 0.016737 0.040139
v 0.636792 0.015608 0.029642
v 0.636792 0.015608 0.029642
v 0.636153 0.016737 0.040139
v 0.630926 0.012691 0.029642
v 0.576435 0.023144 -0.002033
v 0.581016 0.023591 -0.010809
v 0.581029 0.023421 -0.002033
v 0.581029 0.023421 -0.002033
v 0.581016 0.023591 -0.010809
v 0.576435 0.023144 -0.002033
v 0.581029 0.023421 -0.002033
v 0.585588 0.024051 -0.010809
v 0.585608 0.023882 -0.002033
v 0.585608 0.023882 -0.002033
v 0.585588 0.024051 -0.010809
v 0.581029 0.023421 -0.002033
v 0.585608 0.023882 -0.002033
v 0.590138 0.024694 -0.010809
v 0.590166 0.024526 -0.002033
v 0.590166 0.024526 -0.002033
v 0.590138 0.024694 -0.010809
v 0.585608 0.023882 -0.002033
v 0.590166 0.024526 -0.002033
v 0.594659 0.025520 -0.010809
v 0.594693 0.025353 -0.002033
v 0.594693 0.025353 -0.002033
v 0.594659 0.025520 -0.010809
v 0.590166 0.024526 -0.002033
v 0.622900 0.040150 0.054755
v 0.619278 0.037341 0.056106
v 0.618892 0.038157 0.054755
v 0.618892 0.038157 0.054755
v 0.619278 0.037341 0.056106
v 0.622900 0.040150 0.054755
v 0.619278 0.037341 0.056106
v 0.615630 0.034532 0.057327
v 0.615212 0.035518 0.056106
v 0.615212 0.035518 0.056106
v 0.615630 0.034532 0.057327
v 0.619278 0.037341 0.056106
v 0.622545 0.040776 0.053297
v 0.618892 0.038157 0.054755
v 0.618585 0.038807 0.053297
v 0.618585 0.038807 0.053297
v 0.618892 0.038157 0.054755
v 0.622545 0.040776 0.053297
v 0.616107 0.033407 0.058399
v 0.611454 0.032858 0.057327
v 0.615630 0.034532 0.057327
v 0.615630 0.034532 0.057327
v 0.611454 0.032858 0.057327
v 0.616107 0.033407 0.058399
v 0.622288 0.041231 0.051759
v 0.618585 0.038807 0.053297
v 0.618362 0.039279 0.051759
v 0.618362 0.039279 0.051759
v 0.618585 0.038807 0.053297
v 0.622288 0.041231 0.051759
v 0.616635 0.032164 0.059301
v 0.611886 0.031715 0.058399
v 0.616107 0.033407 0.058399
v 0.616107 0.033407 0.058399
v 0.611886 0.031715 0.058399
v 0.616635 0.032164 0.059301
v 0.622131 0.041508 0.050165
v 0.618362 0.039279 0.051759
v 0.618227 0.039566 0.050165
v 0.618227 0.039566 0.050165
v 0.618362 0.039279 0.051759
v 0.622131 0.041508 0.050165
v 0.617204 0.030822 0.060020
v 0.612363 0.030451 0.059301
v 0.616635 0.032164 0.059301
v 0.616635 0.032164 0.059301
v 0.612363 0.030451 0.059301
v 0.617204 0.030822 0.060020
v 0.618227 0.039566 0.050165
v 0.614977 0.036072 0.041586
v 0.619021 0.037885 0.041586
v 0.619021 0.037885 0.041586
v 0.614977 0.036072 0.041586
v 0.618227 0.039566 0.050165
v 0.617805 0.029406 0.060542
v 0.612878 0.029088 0.060020
v 0.617204 0.030822 0.060020
v 0.617204 0.030822 0.060020
v 0.612878 0.029088 0.060020
v 0.617805 0.029406 0.060542
v 0.614977 0.036072 0.041586
v 0.611402 0.032996 0.032941
v 0.615572 0.034668 0.032941
v 0.615572 0.034668 0.032941
v 0.611402 0.032996 0.032941
v 0.614977 0.036072 0.041586
v 0.618428 0.027939 0.060859
v 0.613422 0.027649 0.060542
v 0.617805 0.029406 0.060542
v 0.617805 0.029406 0.060542
v 0.613422 0.027649 0.060542
v 0.618428 0.027939 0.060859
v 0.611402 0.032996 0.032941
v 0.607543 0.030365 0.024244
v 0.611822 0.031884 0.024244
v 0.611822 0.031884 0.024244
v 0.607543 0.030365 0.024244
v 0.611402 0.032996 0.032941
v 0.619061 0.026446 0.060966
v 0.613985 0.026158 0.060859
v 0.618428 0.027939 0.060859
v 0.618428 0.027939 0.060859
v 0.613985 0.026158 0.060859
v 0.619061 0.026446 0.060966
v 0.607543 0.030365 0.024244
v 0.603442 0.028202 0.015507
v 0.607811 0.029558 0.015507
v 0.607811 0.029558 0.015507
v 0.603442 0.028202 0.015507
v 0.607543 0.030365 0.024244
v 0.603442 0.028202 0.015507
v 0.599143 0.026526 0.006744
v 0.603583 0.027711 0.006744
v 0.603583 0.027711 0.006744
v 0.599143 0.026526 0.006744
v 0.603442 0.028202 0.015507
v 0.599143 0.026526 0.006744
v 0.594693 0.025353 -0.002033
v 0.599184 0.026360 -0.002033
v 0.599184 0.026360 -0.002033
v 0.594693 0.025353 -0.002033
v 0.599143 0.026526 0.006744
v 0.642364 0.024983 0.060966
v 0.619061 0.026446 0.060966
v 0.645770 0.026954 0.060966
v 0.645770 0.026954 0.060966
v 0.619061 0.026446 0.060966
v 0.642364 0.024983 0.060966
v 0.645770 0.026954 0.060966
v 0.643399 0.023239 0.050585
v 0.642364 0.024983 0.060966
v 0.642364 0.024983 0.060966
v 0.643399 0.023239 0.050585
v 0.645770 0.026954 0.060966
v 0.643399 0.023239 0.050585
v 0.640955 0.019806 0.040139
v 0.640075 0.021216 0.050585
v 0.640075 0.021216 0.050585
v 0.640955 0.019806 0.040139
v 0.643399 0.023239 0.050585
v 0.604507 0.004680 0.040139
v 0.599401 0.002207 0.029642
v 0.599142 0.003477 0.040139
v 0.599142 0.003477 0.040139
v 0.599401 0.002207 0.029642
v 0.604507 0.004680 0.040139
v 0.599401 0.002207 0.029642
v 0.594089 0.000296 0.019105
v 0.593941 0.001210 0.029642
v 0.593941 0.001210 0.029642
v 0.594089 0.000296 0.019105
v 0.599401 0.002207 0.029642
v 0.594089 0.000296 0.019105
v 0.588623 -0.001039 0.008543
v 0.588556 -0.000487 0.019105
v 0.588556 -0.000487 0.019105
v 0.588623 -0.001039 0.008543
v 0.594089 0.000296 0.019105
v 0.588623 -0.001039 0.008543
v 0.583057 -0.001786 -0.002033
v 0.583042 -0.001601 0.008543
v 0.583042 -0.001601 0.008543
v 0.583057 -0.001786 -0.002033
v 0.588623 -0.001039 0.008543
v 0.583042 -0.001601 -0.012608
v 0.577450 -0.002124 -0.002033
v 0.583057 -0.001786 -0.002033
v 0.583057 -0.001786 -0.002033
v 0.577450 -0.002124 -0.002033
v 0.583042 -0.001601 -0.012608
v 0.577420 -0.001382 -0.023171
v 0.572462 -0.002038 -0.012608
v 0.577442 -0.001938 -0.012608
v 0.577442 -0.001938 -0.012608
v 0.572462 -0.002038 -0.012608
v 0.577420 -0.001382 -0.023171
v 0.582997 -0.001046 -0.023171
v 0.577442 -0.001938 -0.012608
v 0.583042 -0.001601 -0.012608
v 0.583042 -0.001601 -0.012608
v 0.577442 -0.001938 -0.012608
v 0.582997 -0.001046 -0.023171
v 0.576428 0.023314 -0.010809
v 0.571958 0.023054 -0.002033
v 0.571955 0.023225 -0.010809
v 0.571955 0.023225 -0.010809
v 0.571958 0.023054 -0.002033
v 0.576428 0.023314 -0.010809
v 0.581016 0.023591 -0.010809
v 0.576435 0.023144 -0.002033
v 0.576428 0.023314 -0.010809
v 0.576428 0.023314 -0.010809
v 0.576435 0.023144 -0.002033
v 0.581016 0.023591 -0.010809
v 0.599401 0.002207 0.029642
v 0.604507 0.004680 0.040139
v 0.604816 0.003422 0.029642
v 0.604816 0.003422 0.029642
v 0.604507 0.004680 0.040139
v 0.599401 0.002207 0.029642
v 0.610178 0.004853 0.029642
v 0.605037 0.002522 0.019105
v 0.604816 0.003422 0.029642
v 0.604816 0.003422 0.029642
v 0.605037 0.002522 0.019105
v 0.610178 0.004853 0.029642
v 0.626223 0.009568 0.019105
v 0.630926 0.012691 0.029642
v 0.631322 0.011853 0.019105
v 0.631322 0.011853 0.019105
v 0.630926 0.012691 0.029642
v 0.626223 0.009568 0.019105
v 0.621037 0.007489 0.019105
v 0.625861 0.010420 0.029642
v 0.626223 0.009568 0.019105
v 0.626223 0.009568 0.019105
v 0.625861 0.010420 0.029642
v 0.621037 0.007489 0.019105
v 0.615772 0.005620 0.019105
v 0.620710 0.008355 0.029642
v 0.621037 0.007489 0.019105
v 0.621037 0.007489 0.019105
v 0.620710 0.008355 0.029642
v 0.615772 0.005620 0.019105
v 0.610435 0.003963 0.019105
v 0.615479 0.006499 0.029642
v 0.615772 0.005620 0.019105
v 0.615772 0.005620 0.019105
v 0.615479 0.006499 0.029642
v 0.610435 0.003963 0.019105
v 0.605037 0.002522 0.019105
v 0.610178 0.004853 0.029642
v 0.610435 0.003963 0.019105
v 0.610435 0.003963 0.019105
v 0.610178 0.004853 0.029642
v 0.605037 0.002522 0.019105
v 0.640955 0.019806 0.040139
v 0.636792 0.015608 0.029642
v 0.636153 0.016737 0.040139
v 0.636153 0.016737 0.040139
v 0.636792 0.015608 0.029642
v 0.640955 0.019806 0.040139
v 0.636792 0.015608 0.029642
v 0.631322 0.011853 0.019105
v 0.630926 0.012691 0.029642
v 0.630926 0.012691 0.029642
v 0.631322 0.011853 0.019105
v 0.636792 0.015608 0.029642
v 0.585588 0.024051 -0.010809
v 0.581029 0.023421 -0.002033
v 0.581016 0.023591 -0.010809
v 0.581016 0.023591 -0.010809
v 0.581029 0.023421 -0.002033
v 0.585588 0.024051 -0.010809
v 0.590138 0.024694 -0.010809
v 0.585608 0.023882 -0.002033
v 0.585588 0.024051 -0.010809
v 0.585588 0.024051 -0.010809
v 0.585608 0.023882 -0.002033
v 0.590138 0.024694 -0.010809
v 0.594659 0.025520 -0.010809
v 0.590166 0.024526 -0.002033
v 0.590138 0.024694 -0.010809
v 0.590138 0.024694 -0.010809
v 0.590166 0.024526 -0.002033
v 0.594659 0.025520 -0.010809
v 0.599143 0.026526 -0.010809
v 0.594693 0.025353 -0.002033
v 0.594659 0.025520 -0.010809
v 0.594659 0.025520 -0.010809
v 0.594693 0.025353 -0.002033
v 0.599143 0.026526 -0.010809
v 0.619278 0.037341 0.056106
v 0.622900 0.040150 0.054755
v 0.623345 0.039364 0.056106
v 0.623345 0.039364 0.056106
v 0.622900 0.040150 0.054755
v 0.619278 0.037341 0.056106
v 0.618892 0.038157 0.054755
v 0.622545 0.040776 0.053297
v 0.622900 0.040150 0.054755
v 0.622900 0.040150 0.054755
v 0.622545 0.040776 0.053297
v 0.618892 0.038157 0.054755
v 0.615630 0.034532 0.057327
v 0.619278 0.037341 0.056106
v 0.619736 0.036372 0.057327
v 0.619736 0.036372 0.057327
v 0.619278 0.037341 0.056106
v 0.615630 0.034532 0.057327
v 0.618585 0.038807 0.053297
v 0.622288 0.041231 0.051759
v 0.622545 0.040776 0.053297
v 0.622545 0.040776 0.053297
v 0.622288 0.041231 0.051759
v 0.618585 0.038807 0.053297
v 0.615630 0.034532 0.057327
v 0.620258 0.035268 0.058399
v 0.616107 0.033407 0.058399
v 0.616107 0.033407 0.058399
v 0.620258 0.035268 0.058399
v 0.615630 0.034532 0.057327
v 0.618362 0.039279 0.051759
v 0.622131 0.041508 0.050165
v 0.622288 0.041231 0.051759
v 0.622288 0.041231 0.051759
v 0.622131 0.041508 0.050165
v 0.618362 0.039279 0.051759
v 0.616107 0.033407 0.058399
v 0.620835 0.034046 0.059301
v 0.616635 0.032164 0.059301
v 0.616635 0.032164 0.059301
v 0.620835 0.034046 0.059301
v 0.616107 0.033407 0.058399
v 0.619021 0.037885 0.041586
v 0.622131 0.041508 0.050165
v 0.618227 0.039566 0.050165
v 0.618227 0.039566 0.050165
v 0.622131 0.041508 0.050165
v 0.619021 0.037885 0.041586
v 0.616635 0.032164 0.059301
v 0.621457 0.032729 0.060020
v 0.617204 0.030822 0.060020
v 0.617204 0.030822 0.060020
v 0.621457 0.032729 0.060020
v 0.616635 0.032164 0.059301
v 0.615572 0.034668 0.032941
v 0.619021 0.037885 0.041586
v 0.614977 0.036072 0.041586
v 0.614977 0.036072 0.041586
v 0.619021 0.037885 0.041586
v 0.615572 0.034668 0.032941
v 0.617204 0.030822 0.060020
v 0.622115 0.031337 0.060542
v 0.617805 0.029406 0.060542
v 0.617805 0.029406 0.060542
v 0.622115 0.031337 0.060542
v 0.617204 0.030822 0.060020
v 0.611822 0.031884 0.024244
v 0.615572 0.034668 0.032941
v 0.611402 0.032996 0.032941
v 0.611402 0.032996 0.032941
v 0.615572 0.034668 0.032941
v 0.611822 0.031884 0.024244
v 0.617805 0.029406 0.060542
v 0.622796 0.029896 0.060859
v 0.618428 0.027939 0.060859
v 0.618428 0.027939 0.060859
v 0.622796 0.029896 0.060859
v 0.617805 0.029406 0.060542
v 0.607811 0.029558 0.015507
v 0.611822 0.031884 0.024244
v 0.607543 0.030365 0.024244
v 0.607543 0.030365 0.024244
v 0.611822 0.031884 0.024244
v 0.607811 0.029558 0.015507
v 0.618428 0.027939 0.060859
v 0.623488 0.028431 0.060966
v 0.619061 0.026446 0.060966
v 0.619061 0.026446 0.060966
v 0.623488 0.028431 0.060966
v 0.618428 0.027939 0.060859
v 0.603583 0.027711 0.006744
v 0.607811 0.029558 0.015507
v 0.603442 0.028202 0.015507
v 0.603442 0.028202 0.015507
v 0.607811 0.029558 0.015507
v 0.603583 0.027711 0.006744
v 0.599184 0.026360 -0.002033
v 0.603583 0.027711 0.006744
v 0.599143 0.026526 0.006744
v 0.599143 0.026526 0.006744
v 0.603583 0.027711 0.006744
v 0.599184 0.026360 -0.002033
v 0.594693 0.025353 -0.002033
v 0.599143 0.026526 -0.010809
v 0.599184 0.026360 -0.002033
v 0.599184 0.026360 -0.002033
v 0.599143 0.026526 -0.010809
v 0.594693 0.025353 -0.002033
v 0.645770 0.026954 0.060966
v 0.619061 0.026446 0.060966
v 0.623488 0.028431 0.060966
v 0.623488 0.028431 0.060966
v 0.619061 0.026446 0.060966
v 0.645770 0.026954 0.060966
v 0.643399 0.023239 0.050585
v 0.645770 0.026954 0.060966
v 0.646766 0.025187 0.050585
v 0.646766 0.025187 0.050585
v 0.645770 0.026954 0.060966
v 0.643399 0.023239 0.050585
v 0.640955 0.019806 0.040139
v 0.643399 0.023239 0.050585
v 0.644247 0.021809 0.040139
v 0.644247 0.021809 0.040139
v 0.643399 0.023239 0.050585
v 0.640955 0.019806 0.040139
v 0.594089 0.000296 0.019105
v 0.599401 0.002207 0.029642
v 0.599585 0.001299 0.019105
v 0.599585 0.001299 0.019105
v 0.599401 0.002207 0.029642
v 0.594089 0.000296 0.019105
v 0.588623 -0.001039 0.008543
v 0.594089 0.000296 0.019105
v 0.594178 -0.000254 0.008543
v 0.594178 -0.000254 0.008543
v 0.594089 0.000296 0.019105
v 0.588623 -0.001039 0.008543
v 0.583057 -0.001786 -0.002033
v 0.588623 -0.001039 0.008543
v 0.588646 -0.001223 -0.002033
v 0.588646 -0.001223 -0.002033
v 0.588623 -0.001039 0.008543
v 0.583057 -0.001786 -0.002033
v 0.583057 -0.001786 -0.002033
v 0.588623 -0.001039 -0.012608
v 0.583042 -0.001601 -0.012608
v 0.583042 -0.001601 -0.012608
v 0.588623 -0.001039 -0.012608
v 0.583057 -0.001786 -0.002033
v 0.572462 -0.002038 -0.012608
v 0.577420 -0.001382 -0.023171
v 0.572451 -0.001482 -0.023171
v 0.572451 -0.001482 -0.023171
v 0.577420 -0.001382 -0.023171
v 0.572462 -0.002038 -0.012608
v 0.577442 -0.001938 -0.012608
v 0.582997 -0.001046 -0.023171
v 0.577420 -0.001382 -0.023171
v 0.577420 -0.001382 -0.023171
v 0.582997 -0.001046 -0.023171
v 0.577442 -0.001938 -0.012608
v 0.583042 -0.001601 -0.012608
v 0.588556 -0.000487 -0.023171
v 0.582997 -0.001046 -0.023171
v 0.582997 -0.001046 -0.023171
v 0.588556 -0.000487 -0.023171
v 0.583042 -0.001601 -0.012608
v 0.576408 0.023825 -0.019573
v 0.571955 0.023225 -0.010809
v 0.571945 0.023735 -0.019573
v 0.571945 0.023735 -0.019573
v 0.571955 0.023225 -0.010809
v 0.576408 0.023825 -0.019573
v 0.571955 0.023225 -0.010809
v 0.576408 0.023825 -0.019573
v 0.576428 0.023314 -0.010809
v 0.576428 0.023314 -0.010809
v 0.576408 0.023825 -0.019573
v 0.571955 0.023225 -0.010809
v 0.576428 0.023314 -0.010809
v 0.580975 0.024100 -0.019573
v 0.581016 0.023591 -0.010809
v 0.581016 0.023591 -0.010809
v 0.580975 0.024100 -0.019573
v 0.576428 0.023314 -0.010809
v 0.604816 0.003422 0.029642
v 0.599585 0.001299 0.019105
v 0.599401 0.002207 0.029642
v 0.599401 0.002207 0.029642
v 0.599585 0.001299 0.019105
v 0.604816 0.003422 0.029642
v 0.599585 0.001299 0.019105
v 0.604816 0.003422 0.029642
v 0.605037 0.002522 0.019105
v 0.605037 0.002522 0.019105
v 0.604816 0.003422 0.029642
v 0.599585 0.001299 0.019105
v 0.631322 0.011853 0.019105
v 0.626440 0.009055 0.008543
v 0.626223 0.009568 0.019105
v 0.626223 0.009568 0.019105
v 0.626440 0.009055 0.008543
v 0.631322 0.011853 0.019105
v 0.626223 0.009568 0.019105
v 0.621234 0.006968 0.008543
v 0.621037 0.007489 0.019105
v 0.621037 0.007489 0.019105
v 0.621234 0.006968 0.008543
v 0.626223 0.009568 0.019105
v 0.621037 0.007489 0.019105
v 0.615947 0.005092 0.008543
v 0.615772 0.005620 0.019105
v 0.615772 0.005620 0.019105
v 0.615947 0.005092 0.008543
v 0.621037 0.007489 0.019105
v 0.615772 0.005620 0.019105
v 0.610590 0.003429 0.008543
v 0.610435 0.003963 0.019105
v 0.610435 0.003963 0.019105
v 0.610590 0.003429 0.008543
v 0.615772 0.005620 0.019105
v 0.610435 0.003963 0.019105
v 0.605170 0.001982 0.008543
v 0.605037 0.002522 0.019105
v 0.605037 0.002522 0.019105
v 0.605170 0.001982 0.008543
v 0.610435 0.003963 0.019105
v 0.636792 0.015608 0.029642
v 0.640955 0.019806 0.040139
v 0.641641 0.018707 0.029642
v 0.641641 0.018707 0.029642
v 0.640955 0.019806 0.040139
v 0.636792 0.015608 0.029642
v 0.631322 0.011853 0.019105
v 0.636792 0.015608 0.029642
v 0.637249 0.014801 0.019105
v 0.637249 0.014801 0.019105
v 0.636792 0.015608 0.029642
v 0.631322 0.011853 0.019105
v 0.581016 0.023591 -0.010809
v 0.585527 0.024558 -0.019573
v 0.585588 0.024051 -0.010809
v 0.585588 0.024051 -0.010809
v 0.585527 0.024558 -0.019573
v 0.581016 0.023591 -0.010809
v 0.585588 0.024051 -0.010809
v 0.590057 0.025199 -0.019573
v 0.590138 0.024694 -0.010809
v 0.590138 0.024694 -0.010809
v 0.590057 0.025199 -0.019573
v 0.585588 0.024051 -0.010809
v 0.590138 0.024694 -0.010809
v 0.594557 0.026020 -0.019573
v 0.594659 0.025520 -0.010809
v 0.594659 0.025520 -0.010809
v 0.594557 0.026020 -0.019573
v 0.590138 0.024694 -0.010809
v 0.594659 0.025520 -0.010809
v 0.599021 0.027022 -0.019573
v 0.599143 0.026526 -0.010809
v 0.599143 0.026526 -0.010809
v 0.599021 0.027022 -0.019573
v 0.594659 0.025520 -0.010809
v 0.626737 0.042603 0.054755
v 0.623345 0.039364 0.056106
v 0.622900 0.040150 0.054755
v 0.622900 0.040150 0.054755
v 0.623345 0.039364 0.056106
v 0.626737 0.042603 0.054755
v 0.623345 0.039364 0.056106
v 0.619736 0.036372 0.057327
v 0.619278 0.037341 0.056106
v 0.619278 0.037341 0.056106
v 0.619736 0.036372 0.057327
v 0.623345 0.039364 0.056106
v 0.626357 0.043212 0.053297
v 0.622900 0.040150 0.054755
v 0.622545 0.040776 0.053297
v 0.622545 0.040776 0.053297
v 0.622900 0.040150 0.054755
v 0.626357 0.043212 0.053297
v 0.620258 0.035268 0.058399
v 0.615630 0.034532 0.057327
v 0.619736 0.036372 0.057327
v 0.619736 0.036372 0.057327
v 0.615630 0.034532 0.057327
v 0.620258 0.035268 0.058399
v 0.626080 0.043655 0.051759
v 0.622545 0.040776 0.053297
v 0.622288 0.041231 0.051759
v 0.622288 0.041231 0.051759
v 0.622545 0.040776 0.053297
v 0.626080 0.043655 0.051759
v 0.620835 0.034046 0.059301
v 0.616107 0.033407 0.058399
v 0.620258 0.035268 0.058399
v 0.620258 0.035268 0.058399
v 0.616107 0.033407 0.058399
v 0.620835 0.034046 0.059301
v 0.625913 0.043924 0.050165
v 0.622288 0.041231 0.051759
v 0.622131 0.041508 0.050165
v 0.622131 0.041508 0.050165
v 0.622288 0.041231 0.051759
v 0.625913 0.043924 0.050165
v 0.621457 0.032729 0.060020
v 0.616635 0.032164 0.059301
v 0.620835 0.034046 0.059301
v 0.620835 0.034046 0.059301
v 0.616635 0.032164 0.059301
v 0.621457 0.032729 0.060020
v 0.622131 0.041508 0.050165
v 0.619021 0.037885 0.041586
v 0.623049 0.039887 0.041586
v 0.623049 0.039887 0.041586
v 0.619021 0.037885 0.041586
v 0.622131 0.041508 0.050165
v 0.622115 0.031337 0.060542
v 0.617204 0.030822 0.060020
v 0.621457 0.032729 0.060020
v 0.621457 0.032729 0.060020
v 0.617204 0.030822 0.060020
v 0.622115 0.031337 0.060542
v 0.619021 0.037885 0.041586
v 0.615572 0.034668 0.032941
v 0.619673 0.036506 0.032941
v 0.619673 0.036506 0.032941
v 0.615572 0.034668 0.032941
v 0.619021 0.037885 0.041586
v 0.622796 0.029896 0.060859
v 0.617805 0.029406 0.060542
v 0.622115 0.031337 0.060542
v 0.622115 0.031337 0.060542
v 0.617805 0.029406 0.060542
v 0.622796 0.029896 0.060859
v 0.615572 0.034668 0.032941
v 0.611822 0.031884 0.024244
v 0.616037 0.033573 0.024244
v 0.616037 0.033573 0.024244
v 0.611822 0.031884 0.024244
v 0.615572 0.034668 0.032941
v 0.623488 0.028431 0.060966
v 0.618428 0.027939 0.060859
v 0.622796 0.029896 0.060859
v 0.622796 0.029896 0.060859
v 0.618428 0.027939 0.060859
v 0.623488 0.028431 0.060966
v 0.611822 0.031884 0.024244
v 0.607811 0.029558 0.015507
v 0.612122 0.031088 0.015507
v 0.612122 0.031088 0.015507
v 0.607811 0.029558 0.015507
v 0.611822 0.031884 0.024244
v 0.607811 0.029558 0.015507
v 0.603583 0.027711 0.006744
v 0.607972 0.029073 0.006744
v 0.607972 0.029073 0.006744
v 0.603583 0.027711 0.006744
v 0.607811 0.029558 0.015507
v 0.603583 0.027711 0.006744
v 0.599184 0.026360 -0.002033
v 0.603630 0.027547 -0.002033
v 0.603630 0.027547 -0.002033
v 0.599184 0.026360 -0.002033
v 0.603583 0.027711 0.006744
v 0.603583 0.027711 -0.010809
v 0.599184 0.026360 -0.002033
v 0.599143 0.026526 -0.010809
v 0.599143 0.026526 -0.010809
v 0.599184 0.026360 -0.002033
v 0.603583 0.027711 -0.010809
v 0.645770 0.026954 0.060966
v 0.623488 0.028431 0.060966
v 0.649218 0.028849 0.060966
v 0.649218 0.028849 0.060966
v 0.623488 0.028431 0.060966
v 0.645770 0.026954 0.060966
v 0.649218 0.028849 0.060966
v 0.646766 0.025187 0.050585
v 0.645770 0.026954 0.060966
v 0.645770 0.026954 0.060966
v 0.646766 0.025187 0.050585
v 0.649218 0.028849 0.060966
v 0.646766 0.025187 0.050585
v 0.644247 0.021809 0.040139
v 0.643399 0.023239 0.050585
v 0.643399 0.023239 0.050585
v 0.644247 0.021809 0.040139
v 0.646766 0.025187 0.050585
v 0.644247 0.021809 0.040139
v 0.641641 0.018707 0.029642
v 0.640955 0.019806 0.040139
v 0.640955 0.019806 0.040139
v 0.641641 0.018707 0.029642
v 0.644247 0.021809 0.040139
v 0.599585 0.001299 0.019105
v 0.594178 -0.000254 0.008543
v 0.594089 0.000296 0.019105
v 0.594089 0.000296 0.019105
v 0.594178 -0.000254 0.008543
v 0.599585 0.001299 0.019105
v 0.594178 -0.000254 0.008543
v 0.588646 -0.001223 -0.002033
v 0.588623 -0.001039 0.008543
v 0.588623 -0.001039 0.008543
v 0.588646 -0.001223 -0.002033
v 0.594178 -0.000254 0.008543
v 0.588623 -0.001039 -0.012608
v 0.583057 -0.001786 -0.002033
v 0.588646 -0.001223 -0.002033
v 0.588646 -0.001223 -0.002033
v 0.583057 -0.001786 -0.002033
v 0.588623 -0.001039 -0.012608
v 0.588556 -0.000487 -0.023171
v 0.583042 -0.001601 -0.012608
v 0.588623 -0.001039 -0.012608
v 0.588623 -0.001039 -0.012608
v 0.583042 -0.001601 -0.012608
v 0.588556 -0.000487 -0.023171
v 0.577383 -0.000457 -0.033707
v 0.572451 -0.001482 -0.023171
v 0.577420 -0.001382 -0.023171
v 0.577420 -0.001382 -0.023171
v 0.572451 -0.001482 -0.023171
v 0.577383 -0.000457 -0.033707
v 0.582923 -0.000123 -0.033707
v 0.577420 -0.001382 -0.023171
v 0.582997 -0.001046 -0.023171
v 0.582997 -0.001046 -0.023171
v 0.577420 -0.001382 -0.023171
v 0.582923 -0.000123 -0.033707
v 0.588445 0.000433 -0.033707
v 0.582997 -0.001046 -0.023171
v 0.588556 -0.000487 -0.023171
v 0.588556 -0.000487 -0.023171
v 0.582997 -0.001046 -0.023171
v 0.588445 0.000433 -0.033707
v 0.571945 0.023735 -0.019573
v 0.576374 0.024674 -0.028310
v 0.576408 0.023825 -0.019573
v 0.576408 0.023825 -0.019573
v 0.576374 0.024674 -0.028310
v 0.571945 0.023735 -0.019573
v 0.580975 0.024100 -0.019573
v 0.576428 0.023314 -0.010809
v 0.576408 0.023825 -0.019573
v 0.576408 0.023825 -0.019573
v 0.576428 0.023314 -0.010809
v 0.580975 0.024100 -0.019573
v 0.585527 0.024558 -0.019573
v 0.581016 0.023591 -0.010809
v 0.580975 0.024100 -0.019573
v 0.580975 0.024100 -0.019573
v 0.581016 0.023591 -0.010809
v 0.585527 0.024558 -0.019573
v 0.605037 0.002522 0.019105
v 0.599696 0.000754 0.008543
v 0.599585 0.001299 0.019105
v 0.599585 0.001299 0.019105
v 0.599696 0.000754 0.008543
v 0.605037 0.002522 0.019105
v 0.626440 0.009055 0.008543
v 0.631322 0.011853 0.019105
v 0.631559 0.011350 0.008543
v 0.631559 0.011350 0.008543
v 0.631322 0.011853 0.019105
v 0.626440 0.009055 0.008543
v 0.621234 0.006968 0.008543
v 0.626223 0.009568 0.019105
v 0.626440 0.009055 0.008543
v 0.626440 0.009055 0.008543
v 0.626223 0.009568 0.019105
v 0.621234 0.006968 0.008543
v 0.615947 0.005092 0.008543
v 0.621037 0.007489 0.019105
v 0.621234 0.006968 0.008543
v 0.621234 0.006968 0.008543
v 0.621037 0.007489 0.019105
v 0.615947 0.005092 0.008543
v 0.610590 0.003429 0.008543
v 0.615772 0.005620 0.019105
v 0.615947 0.005092 0.008543
v 0.615947 0.005092 0.008543
v 0.615772 0.005620 0.019105
v 0.610590 0.003429 0.008543
v 0.605170 0.001982 0.008543
v 0.610435 0.003963 0.019105
v 0.610590 0.003429 0.008543
v 0.610590 0.003429 0.008543
v 0.610435 0.003963 0.019105
v 0.605170 0.001982 0.008543
v 0.599696 0.000754 0.008543
v 0.605037 0.002522 0.019105
v 0.605170 0.001982 0.008543
v 0.605170 0.001982 0.008543
v 0.605037 0.002522 0.019105
v 0.599696 0.000754 0.008543
v 0.641641 0.018707 0.029642
v 0.637249 0.014801 0.019105
v 0.636792 0.015608 0.029642
v 0.636792 0.015608 0.029642
v 0.637249 0.014801 0.019105
v 0.641641 0.018707 0.029642
v 0.637249 0.014801 0.019105
v 0.631559 0.011350 0.008543
v 0.631322 0.011853 0.019105
v 0.631322 0.011853 0.019105
v 0.631559 0.011350 0.008543
v 0.637249 0.014801 0.019105
v 0.590057 0.025199 -0.019573
v 0.585588 0.024051 -0.010809
v 0.585527 0.024558 -0.019573
v 0.585527 0.024558 -0.019573
v 0.585588 0.024051 -0.010809
v 0.590057 0.025199 -0.019573
v 0.594557 0.026020 -0.019573
v 0.590138 0.024694 -0.010809
v 0.590057 0.025199 -0.019573
v 0.590057 0.025199 -0.019573
v 0.590138 0.024694 -0.010809
v 0.594557 0.026020 -0.019573
v 0.599021 0.027022 -0.019573
v 0.594659 0.025520 -0.010809
v 0.594557 0.026020 -0.019573
v 0.594557 0.026020 -0.019573
v 0.594659 0.025520 -0.010809
v 0.599021 0.027022 -0.019573
v 0.603442 0.028202 -0.019573
v 0.599143 0.026526 -0.010809
v 0.599021 0.027022 -0.019573
v 0.599021 0.027022 -0.019573
v 0.599143 0.026526 -0.010809
v 0.603442 0.028202 -0.019573
v 0.623345 0.039364 0.056106
v 0.626737 0.042603 0.054755
v 0.627215 0.041837 0.056106
v 0.627215 0.041837 0.056106
v 0.626737 0.042603 0.054755
v 0.623345 0.039364 0.056106
v 0.622900 0.040150 0.054755
v 0.626357 0.043212 0.053297
v 0.626737 0.042603 0.054755
v 0.626737 0.042603 0.054755
v 0.626357 0.043212 0.053297
v 0.622900 0.040150 0.054755
v 0.619736 0.036372 0.057327
v 0.623345 0.039364 0.056106
v 0.623874 0.038430 0.057327
v 0.623874 0.038430 0.057327
v 0.623345 0.039364 0.056106
v 0.619736 0.036372 0.057327
v 0.622545 0.040776 0.053297
v 0.626080 0.043655 0.051759
v 0.626357 0.043212 0.053297
v 0.626357 0.043212 0.053297
v 0.626080 0.043655 0.051759
v 0.622545 0.040776 0.053297
v 0.619736 0.036372 0.057327
v 0.624476 0.037366 0.058399
v 0.620258 0.035268 0.058399
v 0.620258 0.035268 0.058399
v 0.624476 0.037366 0.058399
v 0.619736 0.036372 0.057327
v 0.622288 0.041231 0.051759
v 0.625913 0.043924 0.050165
v 0.626080 0.043655 0.051759
v 0.626080 0.043655 0.051759
v 0.625913 0.043924 0.050165
v 0.622288 0.041231 0.051759
v 0.620258 0.035268 0.058399
v 0.625142 0.036188 0.059301
v 0.620835 0.034046 0.059301
v 0.620835 0.034046 0.059301
v 0.625142 0.036188 0.059301
v 0.620258 0.035268 0.058399
v 0.623049 0.039887 0.041586
v 0.625913 0.043924 0.050165
v 0.622131 0.041508 0.050165
v 0.622131 0.041508 0.050165
v 0.625913 0.043924 0.050165
v 0.623049 0.039887 0.041586
v 0.620835 0.034046 0.059301
v 0.625861 0.034919 0.060020
v 0.621457 0.032729 0.060020
v 0.621457 0.032729 0.060020
v 0.625861 0.034919 0.060020
v 0.620835 0.034046 0.059301
v 0.619673 0.036506 0.032941
v 0.623049 0.039887 0.041586
v 0.619021 0.037885 0.041586
v 0.619021 0.037885 0.041586
v 0.623049 0.039887 0.041586
v 0.619673 0.036506 0.032941
v 0.621457 0.032729 0.060020
v 0.626620 0.033578 0.060542
v 0.622115 0.031337 0.060542
v 0.622115 0.031337 0.060542
v 0.626620 0.033578 0.060542
v 0.621457 0.032729 0.060020
v 0.616037 0.033573 0.024244
v 0.619673 0.036506 0.032941
v 0.615572 0.034668 0.032941
v 0.615572 0.034668 0.032941
v 0.619673 0.036506 0.032941
v 0.616037 0.033573 0.024244
v 0.622115 0.031337 0.060542
v 0.627406 0.032189 0.060859
v 0.622796 0.029896 0.060859
v 0.622796 0.029896 0.060859
v 0.627406 0.032189 0.060859
v 0.622115 0.031337 0.060542
v 0.612122 0.031088 0.015507
v 0.616037 0.033573 0.024244
v 0.611822 0.031884 0.024244
v 0.611822 0.031884 0.024244
v 0.616037 0.033573 0.024244
v 0.612122 0.031088 0.015507
v 0.622796 0.029896 0.060859
v 0.628206 0.030777 0.060966
v 0.623488 0.028431 0.060966
v 0.623488 0.028431 0.060966
v 0.628206 0.030777 0.060966
v 0.622796 0.029896 0.060859
v 0.607972 0.029073 0.006744
v 0.612122 0.031088 0.015507
v 0.607811 0.029558 0.015507
v 0.607811 0.029558 0.015507
v 0.612122 0.031088 0.015507
v 0.607972 0.029073 0.006744
v 0.603630 0.027547 -0.002033
v 0.607972 0.029073 0.006744
v 0.603583 0.027711 0.006744
v 0.603583 0.027711 0.006744
v 0.607972 0.029073 0.006744
v 0.603630 0.027547 -0.002033
v 0.599184 0.026360 -0.002033
v 0.603583 0.027711 -0.010809
v 0.603630 0.027547 -0.002033
v 0.603630 0.027547 -0.002033
v 0.603583 0.027711 -0.010809
v 0.599184 0.026360 -0.002033
v 0.599143 0.026526 -0.010809
v 0.603442 0.028202 -0.019573
v 0.603583 0.027711 -0.010809
v 0.603583 0.027711 -0.010809
v 0.603442 0.028202 -0.019573
v 0.599143 0.026526 -0.010809
v 0.649218 0.028849 0.060966
v 0.623488 0.028431 0.060966
v 0.628206 0.030777 0.060966
v 0.628206 0.030777 0.060966
v 0.623488 0.028431 0.060966
v 0.649218 0.028849 0.060966
v 0.646766 0.025187 0.050585
v 0.649218 0.028849 0.060966
v 0.650175 0.027061 0.050585
v 0.650175 0.027061 0.050585
v 0.649218 0.028849 0.060966
v 0.646766 0.025187 0.050585
v 0.644247 0.021809 0.040139
v 0.646766 0.025187 0.050585
v 0.647583 0.023739 0.040139
v 0.647583 0.023739 0.040139
v 0.646766 0.025187 0.050585
v 0.644247 0.021809 0.040139
v 0.641641 0.018707 0.029642
v 0.644247 0.021809 0.040139
v 0.644908 0.020695 0.029642
v 0.644908 0.020695 0.029642
v 0.644247 0.021809 0.040139
v 0.641641 0.018707 0.029642
v 0.594178 -0.000254 0.008543
v 0.599585 0.001299 0.019105
v 0.599696 0.000754 0.008543
v 0.599696 0.000754 0.008543
v 0.599585 0.001299 0.019105
v 0.594178 -0.000254 0.008543
v 0.588646 -0.001223 -0.002033
v 0.594178 -0.000254 0.008543
v 0.594207 -0.000437 -0.002033
v 0.594207 -0.000437 -0.002033
v 0.594178 -0.000254 0.008543
v 0.588646 -0.001223 -0.002033
v 0.588646 -0.001223 -0.002033
v 0.594178 -0.000254 -0.012608
v 0.588623 -0.001039 -0.012608
v 0.588623 -0.001039 -0.012608
v 0.594178 -0.000254 -0.012608
v 0.588646 -0.001223 -0.002033
v 0.588623 -0.001039 -0.012608
v 0.594089 0.000296 -0.023171
v 0.588556 -0.000487 -0.023171
v 0.588556 -0.000487 -0.023171
v 0.594089 0.000296 -0.023171
v 0.588623 -0.001039 -0.012608
v 0.572451 -0.001482 -0.023171
v 0.577383 -0.000457 -0.033707
v 0.572432 -0.000556 -0.033707
v 0.572432 -0.000556 -0.033707
v 0.577383 -0.000457 -0.033707
v 0.572451 -0.001482 -0.023171
v 0.577420 -0.001382 -0.023171
v 0.582923 -0.000123 -0.033707
v 0.577383 -0.000457 -0.033707
v 0.577383 -0.000457 -0.033707
v 0.582923 -0.000123 -0.033707
v 0.577420 -0.001382 -0.023171
v 0.582997 -0.001046 -0.023171
v 0.588445 0.000433 -0.033707
v 0.582923 -0.000123 -0.033707
v 0.582923 -0.000123 -0.033707
v 0.588445 0.000433 -0.033707
v 0.582997 -0.001046 -0.023171
v 0.588556 -0.000487 -0.023171
v 0.593941 0.001210 -0.033707
v 0.588445 0.000433 -0.033707
v 0.588445 0.000433 -0.033707
v 0.593941 0.001210 -0.033707
v 0.588556 -0.000487 -0.023171
v 0.576374 0.024674 -0.028310
v 0.571945 0.023735 -0.019573
v 0.571928 0.024585 -0.028310
v 0.571928 0.024585 -0.028310
v 0.571945 0.023735 -0.019573
v 0.576374 0.024674 -0.028310
v 0.580906 0.024947 -0.028310
v 0.576408 0.023825 -0.019573
v 0.576374 0.024674 -0.028310
v 0.576374 0.024674 -0.028310
v 0.576408 0.023825 -0.019573
v 0.580906 0.024947 -0.028310
v 0.576408 0.023825 -0.019573
v 0.580906 0.024947 -0.028310
v 0.580975 0.024100 -0.019573
v 0.580975 0.024100 -0.019573
v 0.580906 0.024947 -0.028310
v 0.576408 0.023825 -0.019573
v 0.580975 0.024100 -0.019573
v 0.585425 0.025402 -0.028310
v 0.585527 0.024558 -0.019573
v 0.585527 0.024558 -0.019573
v 0.585425 0.025402 -0.028310
v 0.580975 0.024100 -0.019573
v 0.631559 0.011350 0.008543
v 0.626513 0.008885 -0.002033
v 0.626440 0.009055 0.008543
v 0.626440 0.009055 0.008543
v 0.626513 0.008885 -0.002033
v 0.631559 0.011350 0.008543
v 0.626440 0.009055 0.008543
v 0.621299 0.006795 -0.002033
v 0.621234 0.006968 0.008543
v 0.621234 0.006968 0.008543
v 0.621299 0.006795 -0.002033
v 0.626440 0.009055 0.008543
v 0.621234 0.006968 0.008543
v 0.616006 0.004916 -0.002033
v 0.615947 0.005092 0.008543
v 0.615947 0.005092 0.008543
v 0.616006 0.004916 -0.002033
v 0.621234 0.006968 0.008543
v 0.615947 0.005092 0.008543
v 0.610641 0.003250 -0.002033
v 0.610590 0.003429 0.008543
v 0.610590 0.003429 0.008543
v 0.610641 0.003250 -0.002033
v 0.615947 0.005092 0.008543
v 0.610590 0.003429 0.008543
v 0.605214 0.001802 -0.002033
v 0.605170 0.001982 0.008543
v 0.605170 0.001982 0.008543
v 0.605214 0.001802 -0.002033
v 0.610590 0.003429 0.008543
v 0.605170 0.001982 0.008543
v 0.599733 0.000572 -0.002033
v 0.599696 0.000754 0.008543
v 0.599696 0.000754 0.008543
v 0.599733 0.000572 -0.002033
v 0.605170 0.001982 0.008543
v 0.637249 0.014801 0.019105
v 0.641641 0.018707 0.029642
v 0.642131 0.017921 0.019105
v 0.642131 0.017921 0.019105
v 0.641641 0.018707 0.029642
v 0.637249 0.014801 0.019105
v 0.631559 0.011350 0.008543
v 0.637249 0.014801 0.019105
v 0.637524 0.014316 0.008543
v 0.637524 0.014316 0.008543
v 0.637249 0.014801 0.019105
v 0.631559 0.011350 0.008543
v 0.585527 0.024558 -0.019573
v 0.589921 0.026038 -0.028310
v 0.590057 0.025199 -0.019573
v 0.590057 0.025199 -0.019573
v 0.589921 0.026038 -0.028310
v 0.585527 0.024558 -0.019573
v 0.590057 0.025199 -0.019573
v 0.594388 0.026854 -0.028310
v 0.594557 0.026020 -0.019573
v 0.594557 0.026020 -0.019573
v 0.594388 0.026854 -0.028310
v 0.590057 0.025199 -0.019573
v 0.594557 0.026020 -0.019573
v 0.598819 0.027848 -0.028310
v 0.599021 0.027022 -0.019573
v 0.599021 0.027022 -0.019573
v 0.598819 0.027848 -0.028310
v 0.594557 0.026020 -0.019573
v 0.599021 0.027022 -0.019573
v 0.603206 0.029019 -0.028310
v 0.603442 0.028202 -0.019573
v 0.603442 0.028202 -0.019573
v 0.603206 0.029019 -0.028310
v 0.599021 0.027022 -0.019573
v 0.630535 0.044914 0.054755
v 0.627215 0.041837 0.056106
v 0.626737 0.042603 0.054755
v 0.626737 0.042603 0.054755
v 0.627215 0.041837 0.056106
v 0.630535 0.044914 0.054755
v 0.627781 0.040928 0.057327
v 0.623345 0.039364 0.056106
v 0.627215 0.041837 0.056106
v 0.627215 0.041837 0.056106
v 0.623345 0.039364 0.056106
v 0.627781 0.040928 0.057327
v 0.630168 0.045532 0.053297
v 0.626737 0.042603 0.054755
v 0.626357 0.043212 0.053297
v 0.626357 0.043212 0.053297
v 0.626737 0.042603 0.054755
v 0.630168 0.045532 0.053297
v 0.623345 0.039364 0.056106
v 0.627781 0.040928 0.057327
v 0.623874 0.038430 0.057327
v 0.623874 0.038430 0.057327
v 0.627781 0.040928 0.057327
v 0.623345 0.039364 0.056106
v 0.624476 0.037366 0.058399
v 0.619736 0.036372 0.057327
v 0.623874 0.038430 0.057327
v 0.623874 0.038430 0.057327
v 0.619736 0.036372 0.057327
v 0.624476 0.037366 0.058399
v 0.629902 0.045981 0.051759
v 0.626357 0.043212 0.053297
v 0.626080 0.043655 0.051759
v 0.626080 0.043655 0.051759
v 0.626357 0.043212 0.053297
v 0.629902 0.045981 0.051759
v 0.625142 0.036188 0.059301
v 0.620258 0.035268 0.058399
v 0.624476 0.037366 0.058399
v 0.624476 0.037366 0.058399
v 0.620258 0.035268 0.058399
v 0.625142 0.036188 0.059301
v 0.629740 0.046253 0.050165
v 0.626080 0.043655 0.051759
v 0.625913 0.043924 0.050165
v 0.625913 0.043924 0.050165
v 0.626080 0.043655 0.051759
v 0.629740 0.046253 0.050165
v 0.625861 0.034919 0.060020
v 0.620835 0.034046 0.059301
v 0.625142 0.036188 0.059301
v 0.625142 0.036188 0.059301
v 0.620835 0.034046 0.059301
v 0.625861 0.034919 0.060020
v 0.625913 0.043924 0.050165
v 0.623049 0.039887 0.041586
v 0.626896 0.042347 0.041586
v 0.626896 0.042347 0.041586
v 0.623049 0.039887 0.041586
v 0.625913 0.043924 0.050165
v 0.626620 0.033578 0.060542
v 0.621457 0.032729 0.060020
v 0.625861 0.034919 0.060020
v 0.625861 0.034919 0.060020
v 0.621457 0.032729 0.060020
v 0.626620 0.033578 0.060542
v 0.623049 0.039887 0.041586
v 0.619673 0.036506 0.032941
v 0.623801 0.038558 0.032941
v 0.623801 0.038558 0.032941
v 0.619673 0.036506 0.032941
v 0.623049 0.039887 0.041586
v 0.627406 0.032189 0.060859
v 0.622115 0.031337 0.060542
v 0.626620 0.033578 0.060542
v 0.626620 0.033578 0.060542
v 0.622115 0.031337 0.060542
v 0.627406 0.032189 0.060859
v 0.619673 0.036506 0.032941
v 0.616037 0.033573 0.024244
v 0.620181 0.035431 0.024244
v 0.620181 0.035431 0.024244
v 0.616037 0.033573 0.024244
v 0.619673 0.036506 0.032941
v 0.628206 0.030777 0.060966
v 0.622796 0.029896 0.060859
v 0.627406 0.032189 0.060859
v 0.627406 0.032189 0.060859
v 0.622796 0.029896 0.060859
v 0.628206 0.030777 0.060966
v 0.616037 0.033573 0.024244
v 0.612122 0.031088 0.015507
v 0.616369 0.032791 0.015507
v 0.616369 0.032791 0.015507
v 0.612122 0.031088 0.015507
v 0.616037 0.033573 0.024244
v 0.612122 0.031088 0.015507
v 0.607972 0.029073 0.006744
v 0.612303 0.030611 0.006744
v 0.612303 0.030611 0.006744
v 0.607972 0.029073 0.006744
v 0.612122 0.031088 0.015507
v 0.607972 0.029073 0.006744
v 0.603630 0.027547 -0.002033
v 0.608026 0.028912 -0.002033
v 0.608026 0.028912 -0.002033
v 0.603630 0.027547 -0.002033
v 0.607972 0.029073 0.006744
v 0.607972 0.029073 -0.010809
v 0.603630 0.027547 -0.002033
v 0.603583 0.027711 -0.010809
v 0.603583 0.027711 -0.010809
v 0.603630 0.027547 -0.002033
v 0.607972 0.029073 -0.010809
v 0.607811 0.029558 -0.019573
v 0.603583 0.027711 -0.010809
v 0.603442 0.028202 -0.019573
v 0.603442 0.028202 -0.019573
v 0.603583 0.027711 -0.010809
v 0.607811 0.029558 -0.019573
v 0.649218 0.028849 0.060966
v 0.628206 0.030777 0.060966
v 0.652708 0.030668 0.060966
v 0.652708 0.030668 0.060966
v 0.628206 0.030777 0.060966
v 0.649218 0.028849 0.060966
v 0.652708 0.030668 0.060966
v 0.650175 0.027061 0.050585
v 0.649218 0.028849 0.060966
v 0.649218 0.028849 0.060966
v 0.650175 0.027061 0.050585
v 0.652708 0.030668 0.060966
v 0.650175 0.027061 0.050585
v 0.647583 0.023739 0.040139
v 0.646766 0.025187 0.050585
v 0.646766 0.025187 0.050585
v 0.647583 0.023739 0.040139
v 0.650175 0.027061 0.050585
v 0.647583 0.023739 0.040139
v 0.644908 0.020695 0.029642
v 0.644247 0.021809 0.040139
v 0.644247 0.021809 0.040139
v 0.644908 0.020695 0.029642
v 0.647583 0.023739 0.040139
v 0.644908 0.020695 0.029642
v 0.642131 0.017921 0.019105
v 0.641641 0.018707 0.029642
v 0.641641 0.018707 0.029642
v 0.642131 0.017921 0.019105
v 0.644908 0.020695 0.029642
v 0.599696 0.000754 0.008543
v 0.594207 -0.000437 -0.002033
v 0.594178 -0.000254 0.008543
v 0.594178 -0.000254 0.008543
v 0.594207 -0.000437 -0.002033
v 0.599696 0.000754 0.008543
v 0.594178 -0.000254 -0.012608
v 0.588646 -0.001223 -0.002033
v 0.594207 -0.000437 -0.002033
v 0.594207 -0.000437 -0.002033
v 0.588646 -0.001223 -0.002033
v 0.594178 -0.000254 -0.012608
v 0.594089 0.000296 -0.023171
v 0.588623 -0.001039 -0.012608
v 0.594178 -0.000254 -0.012608
v 0.594178 -0.000254 -0.012608
v 0.588623 -0.001039 -0.012608
v 0.594089 0.000296 -0.023171
v 0.577331 0.000838 -0.044205
v 0.572432 -0.000556 -0.033707
v 0.577383 -0.000457 -0.033707
v 0.577383 -0.000457 -0.033707
v 0.572432 -0.000556 -0.033707
v 0.577331 0.000838 -0.044205
v 0.582819 0.001169 -0.044205
v 0.577383 -0.000457 -0.033707
v 0.582923 -0.000123 -0.033707
v 0.582923 -0.000123 -0.033707
v 0.577383 -0.000457 -0.033707
v 0.582819 0.001169 -0.044205
v 0.588290 0.001719 -0.044205
v 0.582923 -0.000123 -0.033707
v 0.588445 0.000433 -0.033707
v 0.588445 0.000433 -0.033707
v 0.582923 -0.000123 -0.033707
v 0.588290 0.001719 -0.044205
v 0.593941 0.001210 -0.033707
v 0.588556 -0.000487 -0.023171
v 0.594089 0.000296 -0.023171
v 0.594089 0.000296 -0.023171
v 0.588556 -0.000487 -0.023171
v 0.593941 0.001210 -0.033707
v 0.593734 0.002489 -0.044205
v 0.588445 0.000433 -0.033707
v 0.593941 0.001210 -0.033707
v 0.593941 0.001210 -0.033707
v 0.588445 0.000433 -0.033707
v 0.593734 0.002489 -0.044205
v 0.571928 0.024585 -0.028310
v 0.576326 0.025862 -0.037007
v 0.576374 0.024674 -0.028310
v 0.576374 0.024674 -0.028310
v 0.576326 0.025862 -0.037007
v 0.571928 0.024585 -0.028310
v 0.576374 0.024674 -0.028310
v 0.580811 0.026132 -0.037007
v 0.580906 0.024947 -0.028310
v 0.580906 0.024947 -0.028310
v 0.580811 0.026132 -0.037007
v 0.576374 0.024674 -0.028310
v 0.585425 0.025402 -0.028310
v 0.580975 0.024100 -0.019573
v 0.580906 0.024947 -0.028310
v 0.580906 0.024947 -0.028310
v 0.580975 0.024100 -0.019573
v 0.585425 0.025402 -0.028310
v 0.589921 0.026038 -0.028310
v 0.585527 0.024558 -0.019573
v 0.585425 0.025402 -0.028310
v 0.585425 0.025402 -0.028310
v 0.585527 0.024558 -0.019573
v 0.589921 0.026038 -0.028310
v 0.626513 0.008885 -0.002033
v 0.631559 0.011350 0.008543
v 0.631639 0.011182 -0.002033
v 0.631639 0.011182 -0.002033
v 0.631559 0.011350 0.008543
v 0.626513 0.008885 -0.002033
v 0.621299 0.006795 -0.002033
v 0.626440 0.009055 0.008543
v 0.626513 0.008885 -0.002033
v 0.626513 0.008885 -0.002033
v 0.626440 0.009055 0.008543
v 0.621299 0.006795 -0.002033
v 0.616006 0.004916 -0.002033
v 0.621234 0.006968 0.008543
v 0.621299 0.006795 -0.002033
v 0.621299 0.006795 -0.002033
v 0.621234 0.006968 0.008543
v 0.616006 0.004916 -0.002033
v 0.610641 0.003250 -0.002033
v 0.615947 0.005092 0.008543
v 0.616006 0.004916 -0.002033
v 0.616006 0.004916 -0.002033
v 0.615947 0.005092 0.008543
v 0.610641 0.003250 -0.002033
v 0.605214 0.001802 -0.002033
v 0.610590 0.003429 0.008543
v 0.610641 0.003250 -0.002033
v 0.610641 0.003250 -0.002033
v 0.610590 0.003429 0.008543
v 0.605214 0.001802 -0.002033
v 0.599733 0.000572 -0.002033
v 0.605170 0.001982 0.008543
v 0.605214 0.001802 -0.002033
v 0.605214 0.001802 -0.002033
v 0.605170 0.001982 0.008543
v 0.599733 0.000572 -0.002033
v 0.594207 -0.000437 -0.002033
v 0.599696 0.000754 0.008543
v 0.599733 0.000572 -0.002033
v 0.599733 0.000572 -0.002033
v 0.599696 0.000754 0.008543
v 0.594207 -0.000437 -0.002033
v 0.642131 0.017921 0.019105
v 0.637524 0.014316 0.008543
v 0.637249 0.014801 0.019105
v 0.637249 0.014801 0.019105
v 0.637524 0.014316 0.008543
v 0.642131 0.017921 0.019105
v 0.637524 0.014316 0.008543
v 0.631639 0.011182 -0.002033
v 0.631559 0.011350 0.008543
v 0.631559 0.011350 0.008543
v 0.631639 0.011182 -0.002033
v 0.637524 0.014316 0.008543
v 0.594388 0.026854 -0.028310
v 0.590057 0.025199 -0.019573
v 0.589921 0.026038 -0.028310
v 0.589921 0.026038 -0.028310
v 0.590057 0.025199 -0.019573
v 0.594388 0.026854 -0.028310
v 0.598819 0.027848 -0.028310
v 0.594557 0.026020 -0.019573
v 0.594388 0.026854 -0.028310
v 0.594388 0.026854 -0.028310
v 0.594557 0.026020 -0.019573
v 0.598819 0.027848 -0.028310
v 0.603206 0.029019 -0.028310
v 0.599021 0.027022 -0.019573
v 0.598819 0.027848 -0.028310
v 0.598819 0.027848 -0.028310
v 0.599021 0.027022 -0.019573
v 0.603206 0.029019 -0.028310
v 0.607543 0.030365 -0.028310
v 0.603442 0.028202 -0.019573
v 0.603206 0.029019 -0.028310
v 0.603206 0.029019 -0.028310
v 0.603442 0.028202 -0.019573
v 0.607543 0.030365 -0.028310
v 0.627215 0.041837 0.056106
v 0.630535 0.044914 0.054755
v 0.630996 0.044137 0.056106
v 0.630996 0.044137 0.056106
v 0.630535 0.044914 0.054755
v 0.627215 0.041837 0.056106
v 0.626737 0.042603 0.054755
v 0.630168 0.045532 0.053297
v 0.630535 0.044914 0.054755
v 0.630535 0.044914 0.054755
v 0.630168 0.045532 0.053297
v 0.626737 0.042603 0.054755
v 0.627215 0.041837 0.056106
v 0.631543 0.043216 0.057327
v 0.627781 0.040928 0.057327
v 0.627781 0.040928 0.057327
v 0.631543 0.043216 0.057327
v 0.627215 0.041837 0.056106
v 0.626357 0.043212 0.053297
v 0.629902 0.045981 0.051759
v 0.630168 0.045532 0.053297
v 0.630168 0.045532 0.053297
v 0.629902 0.045981 0.051759
v 0.626357 0.043212 0.053297
v 0.628428 0.039891 0.058399
v 0.623874 0.038430 0.057327
v 0.627781 0.040928 0.057327
v 0.627781 0.040928 0.057327
v 0.623874 0.038430 0.057327
v 0.628428 0.039891 0.058399
v 0.623874 0.038430 0.057327
v 0.628428 0.039891 0.058399
v 0.624476 0.037366 0.058399
v 0.624476 0.037366 0.058399
v 0.628428 0.039891 0.058399
v 0.623874 0.038430 0.057327
v 0.626080 0.043655 0.051759
v 0.629740 0.046253 0.050165
v 0.629902 0.045981 0.051759
v 0.629902 0.045981 0.051759
v 0.629740 0.046253 0.050165
v 0.626080 0.043655 0.051759
v 0.624476 0.037366 0.058399
v 0.629143 0.038745 0.059301
v 0.625142 0.036188 0.059301
v 0.625142 0.036188 0.059301
v 0.629143 0.038745 0.059301
v 0.624476 0.037366 0.058399
v 0.626896 0.042347 0.041586
v 0.629740 0.046253 0.050165
v 0.625913 0.043924 0.050165
v 0.625913 0.043924 0.050165
v 0.629740 0.046253 0.050165
v 0.626896 0.042347 0.041586
v 0.625142 0.036188 0.059301
v 0.629914 0.037509 0.060020
v 0.625861 0.034919 0.060020
v 0.625861 0.034919 0.060020
v 0.629914 0.037509 0.060020
v 0.625142 0.036188 0.059301
v 0.623801 0.038558 0.032941
v 0.626896 0.042347 0.041586
v 0.623049 0.039887 0.041586
v 0.623049 0.039887 0.041586
v 0.626896 0.042347 0.041586
v 0.623801 0.038558 0.032941
v 0.625861 0.034919 0.060020
v 0.630728 0.036203 0.060542
v 0.626620 0.033578 0.060542
v 0.626620 0.033578 0.060542
v 0.630728 0.036203 0.060542
v 0.625861 0.034919 0.060020
v 0.620181 0.035431 0.024244
v 0.623801 0.038558 0.032941
v 0.619673 0.036506 0.032941
v 0.619673 0.036506 0.032941
v 0.623801 0.038558 0.032941
v 0.620181 0.035431 0.024244
v 0.626620 0.033578 0.060542
v 0.631571 0.034851 0.060859
v 0.627406 0.032189 0.060859
v 0.627406 0.032189 0.060859
v 0.631571 0.034851 0.060859
v 0.626620 0.033578 0.060542
v 0.616369 0.032791 0.015507
v 0.620181 0.035431 0.024244
v 0.616037 0.033573 0.024244
v 0.616037 0.033573 0.024244
v 0.620181 0.035431 0.024244
v 0.616369 0.032791 0.015507
v 0.627406 0.032189 0.060859
v 0.632429 0.033476 0.060966
v 0.628206 0.030777 0.060966
v 0.628206 0.030777 0.060966
v 0.632429 0.033476 0.060966
v 0.627406 0.032189 0.060859
v 0.612303 0.030611 0.006744
v 0.616369 0.032791 0.015507
v 0.612122 0.031088 0.015507
v 0.612122 0.031088 0.015507
v 0.616369 0.032791 0.015507
v 0.612303 0.030611 0.006744
v 0.608026 0.028912 -0.002033
v 0.612303 0.030611 0.006744
v 0.607972 0.029073 0.006744
v 0.607972 0.029073 0.006744
v 0.612303 0.030611 0.006744
v 0.608026 0.028912 -0.002033
v 0.603630 0.027547 -0.002033
v 0.607972 0.029073 -0.010809
v 0.608026 0.028912 -0.002033
v 0.608026 0.028912 -0.002033
v 0.607972 0.029073 -0.010809
v 0.603630 0.027547 -0.002033
v 0.603583 0.027711 -0.010809
v 0.607811 0.029558 -0.019573
v 0.607972 0.029073 -0.010809
v 0.607972 0.029073 -0.010809
v 0.607811 0.029558 -0.019573
v 0.603583 0.027711 -0.010809
v 0.603442 0.028202 -0.019573
v 0.607543 0.030365 -0.028310
v 0.607811 0.029558 -0.019573
v 0.607811 0.029558 -0.019573
v 0.607543 0.030365 -0.028310
v 0.603442 0.028202 -0.019573
v 0.652708 0.030668 0.060966
v 0.628206 0.030777 0.060966
v 0.656236 0.032409 0.060966
v 0.656236 0.032409 0.060966
v 0.628206 0.030777 0.060966
v 0.652708 0.030668 0.060966
v 0.650175 0.027061 0.050585
v 0.652708 0.030668 0.060966
v 0.653625 0.028859 0.050585
v 0.653625 0.028859 0.050585
v 0.652708 0.030668 0.060966
v 0.650175 0.027061 0.050585
v 0.647583 0.023739 0.040139
v 0.650175 0.027061 0.050585
v 0.650960 0.025595 0.040139
v 0.650960 0.025595 0.040139
v 0.650175 0.027061 0.050585
v 0.647583 0.023739 0.040139
v 0.644908 0.020695 0.029642
v 0.647583 0.023739 0.040139
v 0.648219 0.022611 0.029642
v 0.648219 0.022611 0.029642
v 0.647583 0.023739 0.040139
v 0.644908 0.020695 0.029642
v 0.642131 0.017921 0.019105
v 0.644908 0.020695 0.029642
v 0.645381 0.019898 0.019105
v 0.645381 0.019898 0.019105
v 0.644908 0.020695 0.029642
v 0.642131 0.017921 0.019105
v 0.594207 -0.000437 -0.002033
v 0.599696 0.000754 -0.012608
v 0.594178 -0.000254 -0.012608
v 0.594178 -0.000254 -0.012608
v 0.599696 0.000754 -0.012608
v 0.594207 -0.000437 -0.002033
v 0.594178 -0.000254 -0.012608
v 0.599585 0.001299 -0.023171
v 0.594089 0.000296 -0.023171
v 0.594089 0.000296 -0.023171
v 0.599585 0.001299 -0.023171
v 0.594178 -0.000254 -0.012608
v 0.572432 -0.000556 -0.033707
v 0.577331 0.000838 -0.044205
v 0.572406 0.000739 -0.044205
v 0.572406 0.000739 -0.044205
v 0.577331 0.000838 -0.044205
v 0.572432 -0.000556 -0.033707
v 0.577383 -0.000457 -0.033707
v 0.582819 0.001169 -0.044205
v 0.577331 0.000838 -0.044205
v 0.577331 0.000838 -0.044205
v 0.582819 0.001169 -0.044205
v 0.577383 -0.000457 -0.033707
v 0.582923 -0.000123 -0.033707
v 0.588290 0.001719 -0.044205
v 0.582819 0.001169 -0.044205
v 0.582819 0.001169 -0.044205
v 0.588290 0.001719 -0.044205
v 0.582923 -0.000123 -0.033707
v 0.588445 0.000433 -0.033707
v 0.593734 0.002489 -0.044205
v 0.588290 0.001719 -0.044205
v 0.588290 0.001719 -0.044205
v 0.593734 0.002489 -0.044205
v 0.588445 0.000433 -0.033707
v 0.594089 0.000296 -0.023171
v 0.599401 0.002207 -0.033707
v 0.593941 0.001210 -0.033707
v 0.593941 0.001210 -0.033707
v 0.599401 0.002207 -0.033707
v 0.594089 0.000296 -0.023171
v 0.593941 0.001210 -0.033707
v 0.599142 0.003477 -0.044205
v 0.593734 0.002489 -0.044205
v 0.593734 0.002489 -0.044205
v 0.599142 0.003477 -0.044205
v 0.593941 0.001210 -0.033707
v 0.576326 0.025862 -0.037007
v 0.571928 0.024585 -0.028310
v 0.571834 0.025772 -0.037007
v 0.571834 0.025772 -0.037007
v 0.571928 0.024585 -0.028310
v 0.576326 0.025862 -0.037007
v 0.580811 0.026132 -0.037007
v 0.576374 0.024674 -0.028310
v 0.576326 0.025862 -0.037007
v 0.576326 0.025862 -0.037007
v 0.576374 0.024674 -0.028310
v 0.580811 0.026132 -0.037007
v 0.585282 0.026582 -0.037007
v 0.580906 0.024947 -0.028310
v 0.580811 0.026132 -0.037007
v 0.580811 0.026132 -0.037007
v 0.580906 0.024947 -0.028310
v 0.585282 0.026582 -0.037007
v 0.580906 0.024947 -0.028310
v 0.585282 0.026582 -0.037007
v 0.585425 0.025402 -0.028310
v 0.585425 0.025402 -0.028310
v 0.585282 0.026582 -0.037007
v 0.580906 0.024947 -0.028310
v 0.585425 0.025402 -0.028310
v 0.589731 0.027211 -0.037007
v 0.589921 0.026038 -0.028310
v 0.589921 0.026038 -0.028310
v 0.589731 0.027211 -0.037007
v 0.585425 0.025402 -0.028310
v 0.631559 0.011350 -0.012608
v 0.626513 0.008885 -0.002033
v 0.631639 0.011182 -0.002033
v 0.631639 0.011182 -0.002033
v 0.626513 0.008885 -0.002033
v 0.631559 0.011350 -0.012608
v 0.626440 0.009055 -0.012608
v 0.621299 0.006795 -0.002033
v 0.626513 0.008885 -0.002033
v 0.626513 0.008885 -0.002033
v 0.621299 0.006795 -0.002033
v 0.626440 0.009055 -0.012608
v 0.621234 0.006968 -0.012608
v 0.616006 0.004916 -0.002033
v 0.621299 0.006795 -0.002033
v 0.621299 0.006795 -0.002033
v 0.616006 0.004916 -0.002033
v 0.621234 0.006968 -0.012608
v 0.615947 0.005092 -0.012608
v 0.610641 0.003250 -0.002033
v 0.616006 0.004916 -0.002033
v 0.616006 0.004916 -0.002033
v 0.610641 0.003250 -0.002033
v 0.615947 0.005092 -0.012608
v 0.610590 0.003429 -0.012608
v 0.605214 0.001802 -0.002033
v 0.610641 0.003250 -0.002033
v 0.610641 0.003250 -0.002033
v 0.605214 0.001802 -0.002033
v 0.610590 0.003429 -0.012608
v 0.605170 0.001982 -0.012608
v 0.599733 0.000572 -0.002033
v 0.605214 0.001802 -0.002033
v 0.605214 0.001802 -0.002033
v 0.599733 0.000572 -0.002033
v 0.605170 0.001982 -0.012608
v 0.599696 0.000754 -0.012608
v 0.594207 -0.000437 -0.002033
v 0.599733 0.000572 -0.002033
v 0.599733 0.000572 -0.002033
v 0.594207 -0.000437 -0.002033
v 0.599696 0.000754 -0.012608
v 0.637524 0.014316 0.008543
v 0.642131 0.017921 0.019105
v 0.642425 0.017449 0.008543
v 0.642425 0.017449 0.008543
v 0.642131 0.017921 0.019105
v 0.637524 0.014316 0.008543
v 0.631639 0.011182 -0.002033
v 0.637524 0.014316 0.008543
v 0.637615 0.014154 -0.002033
v 0.637615 0.014154 -0.002033
v 0.637524 0.014316 0.008543
v 0.631639 0.011182 -0.002033
v 0.589921 0.026038 -0.028310
v 0.594151 0.028018 -0.037007
v 0.594388 0.026854 -0.028310
v 0.594388 0.026854 -0.028310
v 0.594151 0.028018 -0.037007
v 0.589921 0.026038 -0.028310
v 0.594388 0.026854 -0.028310
v 0.598535 0.029002 -0.037007
v 0.598819 0.027848 -0.028310
v 0.598819 0.027848 -0.028310
v 0.598535 0.029002 -0.037007
v 0.594388 0.026854 -0.028310
v 0.598819 0.027848 -0.028310
v 0.602876 0.030161 -0.037007
v 0.603206 0.029019 -0.028310
v 0.603206 0.029019 -0.028310
v 0.602876 0.030161 -0.037007
v 0.598819 0.027848 -0.028310
v 0.603206 0.029019 -0.028310
v 0.607168 0.031493 -0.037007
v 0.607543 0.030365 -0.028310
v 0.607543 0.030365 -0.028310
v 0.607168 0.031493 -0.037007
v 0.603206 0.029019 -0.028310
v 0.634384 0.047140 0.054755
v 0.630996 0.044137 0.056106
v 0.630535 0.044914 0.054755
v 0.630535 0.044914 0.054755
v 0.630996 0.044137 0.056106
v 0.634384 0.047140 0.054755
v 0.631543 0.043216 0.057327
v 0.627215 0.041837 0.056106
v 0.630996 0.044137 0.056106
v 0.630996 0.044137 0.056106
v 0.627215 0.041837 0.056106
v 0.631543 0.043216 0.057327
v 0.634031 0.047766 0.053297
v 0.630535 0.044914 0.054755
v 0.630168 0.045532 0.053297
v 0.630168 0.045532 0.053297
v 0.630535 0.044914 0.054755
v 0.634031 0.047766 0.053297
v 0.632166 0.042166 0.058399
v 0.627781 0.040928 0.057327
v 0.631543 0.043216 0.057327
v 0.631543 0.043216 0.057327
v 0.627781 0.040928 0.057327
v 0.632166 0.042166 0.058399
v 0.633774 0.048221 0.051759
v 0.630168 0.045532 0.053297
v 0.629902 0.045981 0.051759
v 0.629902 0.045981 0.051759
v 0.630168 0.045532 0.053297
v 0.633774 0.048221 0.051759
v 0.627781 0.040928 0.057327
v 0.632166 0.042166 0.058399
v 0.628428 0.039891 0.058399
v 0.628428 0.039891 0.058399
v 0.632166 0.042166 0.058399
v 0.627781 0.040928 0.057327
v 0.629143 0.038745 0.059301
v 0.624476 0.037366 0.058399
v 0.628428 0.039891 0.058399
v 0.628428 0.039891 0.058399
v 0.624476 0.037366 0.058399
v 0.629143 0.038745 0.059301
v 0.633618 0.048497 0.050165
v 0.629902 0.045981 0.051759
v 0.629740 0.046253 0.050165
v 0.629740 0.046253 0.050165
v 0.629902 0.045981 0.051759
v 0.633618 0.048497 0.050165
v 0.629914 0.037509 0.060020
v 0.625142 0.036188 0.059301
v 0.629143 0.038745 0.059301
v 0.629143 0.038745 0.059301
v 0.625142 0.036188 0.059301
v 0.629914 0.037509 0.060020
v 0.629740 0.046253 0.050165
v 0.626896 0.042347 0.041586
v 0.630689 0.044654 0.041586
v 0.630689 0.044654 0.041586
v 0.626896 0.042347 0.041586
v 0.629740 0.046253 0.050165
v 0.630728 0.036203 0.060542
v 0.625861 0.034919 0.060020
v 0.629914 0.037509 0.060020
v 0.629914 0.037509 0.060020
v 0.625861 0.034919 0.060020
v 0.630728 0.036203 0.060542
v 0.626896 0.042347 0.041586
v 0.623801 0.038558 0.032941
v 0.627704 0.041053 0.032941
v 0.627704 0.041053 0.032941
v 0.623801 0.038558 0.032941
v 0.626896 0.042347 0.041586
v 0.631571 0.034851 0.060859
v 0.626620 0.033578 0.060542
v 0.630728 0.036203 0.060542
v 0.630728 0.036203 0.060542
v 0.626620 0.033578 0.060542
v 0.631571 0.034851 0.060859
v 0.623801 0.038558 0.032941
v 0.620181 0.035431 0.024244
v 0.624387 0.037523 0.024244
v 0.624387 0.037523 0.024244
v 0.620181 0.035431 0.024244
v 0.623801 0.038558 0.032941
v 0.632429 0.033476 0.060966
v 0.627406 0.032189 0.060859
v 0.631571 0.034851 0.060859
v 0.631571 0.034851 0.060859
v 0.627406 0.032189 0.060859
v 0.632429 0.033476 0.060966
v 0.620181 0.035431 0.024244
v 0.616369 0.032791 0.015507
v 0.620544 0.034662 0.015507
v 0.620544 0.034662 0.015507
v 0.616369 0.032791 0.015507
v 0.620181 0.035431 0.024244
v 0.656236 0.032409 0.060966
v 0.628206 0.030777 0.060966
v 0.632429 0.033476 0.060966
v 0.632429 0.033476 0.060966
v 0.628206 0.030777 0.060966
v 0.656236 0.032409 0.060966
v 0.616369 0.032791 0.015507
v 0.612303 0.030611 0.006744
v 0.616568 0.032321 0.006744
v 0.616568 0.032321 0.006744
v 0.612303 0.030611 0.006744
v 0.616369 0.032791 0.015507
v 0.612303 0.030611 0.006744
v 0.608026 0.028912 -0.002033
v 0.612363 0.030451 -0.002033
v 0.612363 0.030451 -0.002033
v 0.608026 0.028912 -0.002033
v 0.612303 0.030611 0.006744
v 0.612303 0.030611 -0.010809
v 0.608026 0.028912 -0.002033
v 0.607972 0.029073 -0.010809
v 0.607972 0.029073 -0.010809
v 0.608026 0.028912 -0.002033
v 0.612303 0.030611 -0.010809
v 0.612122 0.031088 -0.019573
v 0.607972 0.029073 -0.010809
v 0.607811 0.029558 -0.019573
v 0.607811 0.029558 -0.019573
v 0.607972 0.029073 -0.010809
v 0.612122 0.031088 -0.019573
v 0.611822 0.031884 -0.028310
v 0.607811 0.029558 -0.019573
v 0.607543 0.030365 -0.028310
v 0.607543 0.030365 -0.028310
v 0.607811 0.029558 -0.019573
v 0.611822 0.031884 -0.028310
v 0.656236 0.032409 0.060966
v 0.653625 0.028859 0.050585
v 0.652708 0.030668 0.060966
v 0.652708 0.030668 0.060966
v 0.653625 0.028859 0.050585
v 0.656236 0.032409 0.060966
v 0.653625 0.028859 0.050585
v 0.650960 0.025595 0.040139
v 0.650175 0.027061 0.050585
v 0.650175 0.027061 0.050585
v 0.650960 0.025595 0.040139
v 0.653625 0.028859 0.050585
v 0.650960 0.025595 0.040139
v 0.648219 0.022611 0.029642
v 0.647583 0.023739 0.040139
v 0.647583 0.023739 0.040139
v 0.648219 0.022611 0.029642
v 0.650960 0.025595 0.040139
v 0.648219 0.022611 0.029642
v 0.645381 0.019898 0.019105
v 0.644908 0.020695 0.029642
v 0.644908 0.020695 0.029642
v 0.645381 0.019898 0.019105
v 0.648219 0.022611 0.029642
v 0.645381 0.019898 0.019105
v 0.642425 0.017449 0.008543
v 0.642131 0.017921 0.019105
v 0.642131 0.017921 0.019105
v 0.642425 0.017449 0.008543
v 0.645381 0.019898 0.019105
v 0.599585 0.001299 -0.023171
v 0.594178 -0.000254 -0.012608
v 0.599696 0.000754 -0.012608
v 0.599696 0.000754 -0.012608
v 0.594178 -0.000254 -0.012608
v 0.599585 0.001299 -0.023171
v 0.599401 0.002207 -0.033707
v 0.594089 0.000296 -0.023171
v 0.599585 0.001299 -0.023171
v 0.599585 0.001299 -0.023171
v 0.594089 0.000296 -0.023171
v 0.599401 0.002207 -0.033707
v 0.577264 0.002499 -0.054650
v 0.572406 0.000739 -0.044205
v 0.577331 0.000838 -0.044205
v 0.577331 0.000838 -0.044205
v 0.572406 0.000739 -0.044205
v 0.577264 0.002499 -0.054650
v 0.582686 0.002826 -0.054650
v 0.577331 0.000838 -0.044205
v 0.582819 0.001169 -0.044205
v 0.582819 0.001169 -0.044205
v 0.577331 0.000838 -0.044205
v 0.582686 0.002826 -0.054650
v 0.588090 0.003370 -0.054650
v 0.582819 0.001169 -0.044205
v 0.588290 0.001719 -0.044205
v 0.588290 0.001719 -0.044205
v 0.582819 0.001169 -0.044205
v 0.588090 0.003370 -0.054650
v 0.593468 0.004131 -0.054650
v 0.588290 0.001719 -0.044205
v 0.593734 0.002489 -0.044205
v 0.593734 0.002489 -0.044205
v 0.588290 0.001719 -0.044205
v 0.593468 0.004131 -0.054650
v 0.599142 0.003477 -0.044205
v 0.593941 0.001210 -0.033707
v 0.599401 0.002207 -0.033707
v 0.599401 0.002207 -0.033707
v 0.593941 0.001210 -0.033707
v 0.599142 0.003477 -0.044205
v 0.598811 0.005106 -0.054650
v 0.593734 0.002489 -0.044205
v 0.599142 0.003477 -0.044205
v 0.599142 0.003477 -0.044205
v 0.593734 0.002489 -0.044205
v 0.598811 0.005106 -0.054650
v 0.571834 0.025772 -0.037007
v 0.576265 0.027386 -0.045652
v 0.576326 0.025862 -0.037007
v 0.576326 0.025862 -0.037007
v 0.576265 0.027386 -0.045652
v 0.571834 0.025772 -0.037007
v 0.576326 0.025862 -0.037007
v 0.580689 0.027653 -0.045652
v 0.580811 0.026132 -0.037007
v 0.580811 0.026132 -0.037007
v 0.580689 0.027653 -0.045652
v 0.576326 0.025862 -0.037007
v 0.580811 0.026132 -0.037007
v 0.585099 0.028097 -0.045652
v 0.585282 0.026582 -0.037007
v 0.585282 0.026582 -0.037007
v 0.585099 0.028097 -0.045652
v 0.580811 0.026132 -0.037007
v 0.589731 0.027211 -0.037007
v 0.585425 0.025402 -0.028310
v 0.585282 0.026582 -0.037007
v 0.585282 0.026582 -0.037007
v 0.585425 0.025402 -0.028310
v 0.589731 0.027211 -0.037007
v 0.594151 0.028018 -0.037007
v 0.589921 0.026038 -0.028310
v 0.589731 0.027211 -0.037007
v 0.589731 0.027211 -0.037007
v 0.589921 0.026038 -0.028310
v 0.594151 0.028018 -0.037007
v 0.626513 0.008885 -0.002033
v 0.631559 0.011350 -0.012608
v 0.626440 0.009055 -0.012608
v 0.626440 0.009055 -0.012608
v 0.631559 0.011350 -0.012608
v 0.626513 0.008885 -0.002033
v 0.631639 0.011182 -0.002033
v 0.637524 0.014316 -0.012608
v 0.631559 0.011350 -0.012608
v 0.631559 0.011350 -0.012608
v 0.637524 0.014316 -0.012608
v 0.631639 0.011182 -0.002033
v 0.621299 0.006795 -0.002033
v 0.626440 0.009055 -0.012608
v 0.621234 0.006968 -0.012608
v 0.621234 0.006968 -0.012608
v 0.626440 0.009055 -0.012608
v 0.621299 0.006795 -0.002033
v 0.616006 0.004916 -0.002033
v 0.621234 0.006968 -0.012608
v 0.615947 0.005092 -0.012608
v 0.615947 0.005092 -0.012608
v 0.621234 0.006968 -0.012608
v 0.616006 0.004916 -0.002033
v 0.610641 0.003250 -0.002033
v 0.615947 0.005092 -0.012608
v 0.610590 0.003429 -0.012608
v 0.610590 0.003429 -0.012608
v 0.615947 0.005092 -0.012608
v 0.610641 0.003250 -0.002033
v 0.605214 0.001802 -0.002033
v 0.610590 0.003429 -0.012608
v 0.605170 0.001982 -0.012608
v 0.605170 0.001982 -0.012608
v 0.610590 0.003429 -0.012608
v 0.605214 0.001802 -0.002033
v 0.599733 0.000572 -0.002033
v 0.605170 0.001982 -0.012608
v 0.599696 0.000754 -0.012608
v 0.599696 0.000754 -0.012608
v 0.605170 0.001982 -0.012608
v 0.599733 0.000572 -0.002033
v 0.642425 0.017449 0.008543
v 0.637615 0.014154 -0.002033
v 0.637524 0.014316 0.008543
v 0.637524 0.014316 0.008543
v 0.637615 0.014154 -0.002033
v 0.642425 0.017449 0.008543
v 0.637524 0.014316 -0.012608
v 0.631639 0.011182 -0.002033
v 0.637615 0.014154 -0.002033
v 0.637615 0.014154 -0.002033
v 0.631639 0.011182 -0.002033
v 0.637524 0.014316 -0.012608
v 0.598535 0.029002 -0.037007
v 0.594388 0.026854 -0.028310
v 0.594151 0.028018 -0.037007
v 0.594151 0.028018 -0.037007
v 0.594388 0.026854 -0.028310
v 0.598535 0.029002 -0.037007
v 0.602876 0.030161 -0.037007
v 0.598819 0.027848 -0.028310
v 0.598535 0.029002 -0.037007
v 0.598535 0.029002 -0.037007
v 0.598819 0.027848 -0.028310
v 0.602876 0.030161 -0.037007
v 0.607168 0.031493 -0.037007
v 0.603206 0.029019 -0.028310
v 0.602876 0.030161 -0.037007
v 0.602876 0.030161 -0.037007
v 0.603206 0.029019 -0.028310
v 0.607168 0.031493 -0.037007
v 0.611402 0.032996 -0.037007
v 0.607543 0.030365 -0.028310
v 0.607168 0.031493 -0.037007
v 0.607168 0.031493 -0.037007
v 0.607543 0.030365 -0.028310
v 0.611402 0.032996 -0.037007
v 0.630996 0.044137 0.056106
v 0.634384 0.047140 0.054755
v 0.634827 0.046354 0.056106
v 0.634827 0.046354 0.056106
v 0.634384 0.047140 0.054755
v 0.630996 0.044137 0.056106
v 0.630535 0.044914 0.054755
v 0.634031 0.047766 0.053297
v 0.634384 0.047140 0.054755
v 0.634384 0.047140 0.054755
v 0.634031 0.047766 0.053297
v 0.630535 0.044914 0.054755
v 0.630996 0.044137 0.056106
v 0.635353 0.045421 0.057327
v 0.631543 0.043216 0.057327
v 0.631543 0.043216 0.057327
v 0.635353 0.045421 0.057327
v 0.630996 0.044137 0.056106
v 0.630168 0.045532 0.053297
v 0.633774 0.048221 0.051759
v 0.634031 0.047766 0.053297
v 0.634031 0.047766 0.053297
v 0.633774 0.048221 0.051759
v 0.630168 0.045532 0.053297
v 0.631543 0.043216 0.057327
v 0.635953 0.044357 0.058399
v 0.632166 0.042166 0.058399
v 0.632166 0.042166 0.058399
v 0.635953 0.044357 0.058399
v 0.631543 0.043216 0.057327
v 0.629902 0.045981 0.051759
v 0.633618 0.048497 0.050165
v 0.633774 0.048221 0.051759
v 0.633774 0.048221 0.051759
v 0.633618 0.048497 0.050165
v 0.629902 0.045981 0.051759
v 0.632855 0.041004 0.059301
v 0.628428 0.039891 0.058399
v 0.632166 0.042166 0.058399
v 0.632166 0.042166 0.058399
v 0.628428 0.039891 0.058399
v 0.632855 0.041004 0.059301
v 0.628428 0.039891 0.058399
v 0.632855 0.041004 0.059301
v 0.629143 0.038745 0.059301
v 0.629143 0.038745 0.059301
v 0.632855 0.041004 0.059301
v 0.628428 0.039891 0.058399
v 0.630689 0.044654 0.041586
v 0.633618 0.048497 0.050165
v 0.629740 0.046253 0.050165
v 0.629740 0.046253 0.050165
v 0.633618 0.048497 0.050165
v 0.630689 0.044654 0.041586
v 0.627704 0.041053 0.032941
v 0.630689 0.044654 0.041586
v 0.626896 0.042347 0.041586
v 0.626896 0.042347 0.041586
v 0.630689 0.044654 0.041586
v 0.627704 0.041053 0.032941
v 0.624387 0.037523 0.024244
v 0.627704 0.041053 0.032941
v 0.623801 0.038558 0.032941
v 0.623801 0.038558 0.032941
v 0.627704 0.041053 0.032941
v 0.624387 0.037523 0.024244
v 0.620544 0.034662 0.015507
v 0.624387 0.037523 0.024244
v 0.620181 0.035431 0.024244
v 0.620181 0.035431 0.024244
v 0.624387 0.037523 0.024244
v 0.620544 0.034662 0.015507
v 0.616568 0.032321 0.006744
v 0.620544 0.034662 0.015507
v 0.616369 0.032791 0.015507
v 0.616369 0.032791 0.015507
v 0.620544 0.034662 0.015507
v 0.616568 0.032321 0.006744
v 0.656236 0.032409 0.060966
v 0.632429 0.033476 0.060966
v 0.659803 0.034072 0.060966
v 0.659803 0.034072 0.060966
v 0.632429 0.033476 0.060966
v 0.656236 0.032409 0.060966
v 0.612363 0.030451 -0.002033
v 0.616568 0.032321 0.006744
v 0.612303 0.030611 0.006744
v 0.612303 0.030611 0.006744
v 0.616568 0.032321 0.006744
v 0.612363 0.030451 -0.002033
v 0.608026 0.028912 -0.002033
v 0.612303 0.030611 -0.010809
v 0.612363 0.030451 -0.002033
v 0.612363 0.030451 -0.002033
v 0.612303 0.030611 -0.010809
v 0.608026 0.028912 -0.002033
v 0.607972 0.029073 -0.010809
v 0.612122 0.031088 -0.019573
v 0.612303 0.030611 -0.010809
v 0.612303 0.030611 -0.010809
v 0.612122 0.031088 -0.019573
v 0.607972 0.029073 -0.010809
v 0.607811 0.029558 -0.019573
v 0.611822 0.031884 -0.028310
v 0.612122 0.031088 -0.019573
v 0.612122 0.031088 -0.019573
v 0.611822 0.031884 -0.028310
v 0.607811 0.029558 -0.019573
v 0.607543 0.030365 -0.028310
v 0.611402 0.032996 -0.037007
v 0.611822 0.031884 -0.028310
v 0.611822 0.031884 -0.028310
v 0.611402 0.032996 -0.037007
v 0.607543 0.030365 -0.028310
v 0.653625 0.028859 0.050585
v 0.656236 0.032409 0.060966
v 0.657114 0.030580 0.050585
v 0.657114 0.030580 0.050585
v 0.656236 0.032409 0.060966
v 0.653625 0.028859 0.050585
v 0.650960 0.025595 0.040139
v 0.653625 0.028859 0.050585
v 0.654377 0.027376 0.040139
v 0.654377 0.027376 0.040139
v 0.653625 0.028859 0.050585
v 0.650960 0.025595 0.040139
v 0.648219 0.022611 0.029642
v 0.650960 0.025595 0.040139
v 0.651571 0.024453 0.029642
v 0.651571 0.024453 0.029642
v 0.650960 0.025595 0.040139
v 0.648219 0.022611 0.029642
v 0.645381 0.019898 0.019105
v 0.648219 0.022611 0.029642
v 0.648674 0.021804 0.019105
v 0.648674 0.021804 0.019105
v 0.648219 0.022611 0.029642
v 0.645381 0.019898 0.019105
v 0.642425 0.017449 0.008543
v 0.645381 0.019898 0.019105
v 0.645665 0.019420 0.008543
v 0.645665 0.019420 0.008543
v 0.645381 0.019898 0.019105
v 0.642425 0.017449 0.008543
v 0.599696 0.000754 -0.012608
v 0.605037 0.002522 -0.023171
v 0.599585 0.001299 -0.023171
v 0.599585 0.001299 -0.023171
v 0.605037 0.002522 -0.023171
v 0.599696 0.000754 -0.012608
v 0.599585 0.001299 -0.023171
v 0.604816 0.003422 -0.033707
v 0.599401 0.002207 -0.033707
v 0.599401 0.002207 -0.033707
v 0.604816 0.003422 -0.033707
v 0.599585 0.001299 -0.023171
v 0.572406 0.000739 -0.044205
v 0.577264 0.002499 -0.054650
v 0.572373 0.002401 -0.054650
v 0.572373 0.002401 -0.054650
v 0.577264 0.002499 -0.054650
v 0.572406 0.000739 -0.044205
v 0.577331 0.000838 -0.044205
v 0.582686 0.002826 -0.054650
v 0.577264 0.002499 -0.054650
v 0.577264 0.002499 -0.054650
v 0.582686 0.002826 -0.054650
v 0.577331 0.000838 -0.044205
v 0.582819 0.001169 -0.044205
v 0.588090 0.003370 -0.054650
v 0.582686 0.002826 -0.054650
v 0.582686 0.002826 -0.054650
v 0.588090 0.003370 -0.054650
v 0.582819 0.001169 -0.044205
v 0.588290 0.001719 -0.044205
v 0.593468 0.004131 -0.054650
v 0.588090 0.003370 -0.054650
v 0.588090 0.003370 -0.054650
v 0.593468 0.004131 -0.054650
v 0.588290 0.001719 -0.044205
v 0.593734 0.002489 -0.044205
v 0.598811 0.005106 -0.054650
v 0.593468 0.004131 -0.054650
v 0.593468 0.004131 -0.054650
v 0.598811 0.005106 -0.054650
v 0.593734 0.002489 -0.044205
v 0.599401 0.002207 -0.033707
v 0.604507 0.004680 -0.044205
v 0.599142 0.003477 -0.044205
v 0.599142 0.003477 -0.044205
v 0.604507 0.004680 -0.044205
v 0.599401 0.002207 -0.033707
v 0.599142 0.003477 -0.044205
v 0.604111 0.006295 -0.054650
v 0.598811 0.005106 -0.054650
v 0.598811 0.005106 -0.054650
v 0.604111 0.006295 -0.054650
v 0.599142 0.003477 -0.044205
v 0.576265 0.027386 -0.045652
v 0.571834 0.025772 -0.037007
v 0.571834 0.027297 -0.045652
v 0.571834 0.027297 -0.045652
v 0.571834 0.025772 -0.037007
v 0.576265 0.027386 -0.045652
v 0.580689 0.027653 -0.045652
v 0.576326 0.025862 -0.037007
v 0.576265 0.027386 -0.045652
v 0.576265 0.027386 -0.045652
v 0.576326 0.025862 -0.037007
v 0.580689 0.027653 -0.045652
v 0.585099 0.028097 -0.045652
v 0.580811 0.026132 -0.037007
v 0.580689 0.027653 -0.045652
v 0.580689 0.027653 -0.045652
v 0.580811 0.026132 -0.037007
v 0.585099 0.028097 -0.045652
v 0.589487 0.028717 -0.045652
v 0.585282 0.026582 -0.037007
v 0.585099 0.028097 -0.045652
v 0.585099 0.028097 -0.045652
v 0.585282 0.026582 -0.037007
v 0.589487 0.028717 -0.045652
v 0.585282 0.026582 -0.037007
v 0.589487 0.028717 -0.045652
v 0.589731 0.027211 -0.037007
v 0.589731 0.027211 -0.037007
v 0.589487 0.028717 -0.045652
v 0.585282 0.026582 -0.037007
v 0.589731 0.027211 -0.037007
v 0.593847 0.029513 -0.045652
v 0.594151 0.028018 -0.037007
v 0.594151 0.028018 -0.037007
v 0.593847 0.029513 -0.045652
v 0.589731 0.027211 -0.037007
v 0.637249 0.014801 -0.023171
v 0.631559 0.011350 -0.012608
v 0.637524 0.014316 -0.012608
v 0.637524 0.014316 -0.012608
v 0.631559 0.011350 -0.012608
v 0.637249 0.014801 -0.023171
v 0.626223 0.009568 -0.023171
v 0.621234 0.006968 -0.012608
v 0.626440 0.009055 -0.012608
v 0.626440 0.009055 -0.012608
v 0.621234 0.006968 -0.012608
v 0.626223 0.009568 -0.023171
v 0.621037 0.007489 -0.023171
v 0.615947 0.005092 -0.012608
v 0.621234 0.006968 -0.012608
v 0.621234 0.006968 -0.012608
v 0.615947 0.005092 -0.012608
v 0.621037 0.007489 -0.023171
v 0.615772 0.005620 -0.023171
v 0.610590 0.003429 -0.012608
v 0.615947 0.005092 -0.012608
v 0.615947 0.005092 -0.012608
v 0.610590 0.003429 -0.012608
v 0.615772 0.005620 -0.023171
v 0.610435 0.003963 -0.023171
v 0.605170 0.001982 -0.012608
v 0.610590 0.003429 -0.012608
v 0.610590 0.003429 -0.012608
v 0.605170 0.001982 -0.012608
v 0.610435 0.003963 -0.023171
v 0.605037 0.002522 -0.023171
v 0.599696 0.000754 -0.012608
v 0.605170 0.001982 -0.012608
v 0.605170 0.001982 -0.012608
v 0.599696 0.000754 -0.012608
v 0.605037 0.002522 -0.023171
v 0.637615 0.014154 -0.002033
v 0.642425 0.017449 0.008543
v 0.642523 0.017291 -0.002033
v 0.642523 0.017291 -0.002033
v 0.642425 0.017449 0.008543
v 0.637615 0.014154 -0.002033
v 0.637615 0.014154 -0.002033
v 0.642425 0.017449 -0.012608
v 0.637524 0.014316 -0.012608
v 0.637524 0.014316 -0.012608
v 0.642425 0.017449 -0.012608
v 0.637615 0.014154 -0.002033
v 0.594151 0.028018 -0.037007
v 0.598171 0.030483 -0.045652
v 0.598535 0.029002 -0.037007
v 0.598535 0.029002 -0.037007
v 0.598171 0.030483 -0.045652
v 0.594151 0.028018 -0.037007
v 0.598535 0.029002 -0.037007
v 0.602453 0.031626 -0.045652
v 0.602876 0.030161 -0.037007
v 0.602876 0.030161 -0.037007
v 0.602453 0.031626 -0.045652
v 0.598535 0.029002 -0.037007
v 0.602876 0.030161 -0.037007
v 0.606686 0.032940 -0.045652
v 0.607168 0.031493 -0.037007
v 0.607168 0.031493 -0.037007
v 0.606686 0.032940 -0.045652
v 0.602876 0.030161 -0.037007
v 0.607168 0.031493 -0.037007
v 0.610863 0.034423 -0.045652
v 0.611402 0.032996 -0.037007
v 0.611402 0.032996 -0.037007
v 0.610863 0.034423 -0.045652
v 0.607168 0.031493 -0.037007
v 0.638280 0.049282 0.054755
v 0.634827 0.046354 0.056106
v 0.634384 0.047140 0.054755
v 0.634384 0.047140 0.054755
v 0.634827 0.046354 0.056106
v 0.638280 0.049282 0.054755
v 0.635353 0.045421 0.057327
v 0.630996 0.044137 0.056106
v 0.634827 0.046354 0.056106
v 0.634827 0.046354 0.056106
v 0.630996 0.044137 0.056106
v 0.635353 0.045421 0.057327
v 0.637941 0.049915 0.053297
v 0.634384 0.047140 0.054755
v 0.634031 0.047766 0.053297
v 0.634031 0.047766 0.053297
v 0.634384 0.047140 0.054755
v 0.637941 0.049915 0.053297
v 0.635953 0.044357 0.058399
v 0.631543 0.043216 0.057327
v 0.635353 0.045421 0.057327
v 0.635353 0.045421 0.057327
v 0.631543 0.043216 0.057327
v 0.635953 0.044357 0.058399
v 0.637695 0.050376 0.051759
v 0.634031 0.047766 0.053297
v 0.633774 0.048221 0.051759
v 0.633774 0.048221 0.051759
v 0.634031 0.047766 0.053297
v 0.637695 0.050376 0.051759
v 0.636617 0.043181 0.059301
v 0.632166 0.042166 0.058399
v 0.635953 0.044357 0.058399
v 0.635953 0.044357 0.058399
v 0.632166 0.042166 0.058399
v 0.636617 0.043181 0.059301
v 0.637545 0.050655 0.050165
v 0.633774 0.048221 0.051759
v 0.633618 0.048497 0.050165
v 0.633618 0.048497 0.050165
v 0.633774 0.048221 0.051759
v 0.637545 0.050655 0.050165
v 0.632166 0.042166 0.058399
v 0.636617 0.043181 0.059301
v 0.632855 0.041004 0.059301
v 0.632855 0.041004 0.059301
v 0.636617 0.043181 0.059301
v 0.632166 0.042166 0.058399
v 0.633618 0.048497 0.050165
v 0.630689 0.044654 0.041586
v 0.634532 0.046878 0.041586
v 0.634532 0.046878 0.041586
v 0.630689 0.044654 0.041586
v 0.633618 0.048497 0.050165
v 0.630689 0.044654 0.041586
v 0.627704 0.041053 0.032941
v 0.631467 0.043343 0.032941
v 0.631467 0.043343 0.032941
v 0.627704 0.041053 0.032941
v 0.630689 0.044654 0.041586
v 0.627704 0.041053 0.032941
v 0.624387 0.037523 0.024244
v 0.628333 0.040044 0.024244
v 0.628333 0.040044 0.024244
v 0.624387 0.037523 0.024244
v 0.627704 0.041053 0.032941
v 0.624387 0.037523 0.024244
v 0.620544 0.034662 0.015507
v 0.624806 0.036782 0.015507
v 0.624806 0.036782 0.015507
v 0.620544 0.034662 0.015507
v 0.624387 0.037523 0.024244
v 0.620544 0.034662 0.015507
v 0.616568 0.032321 0.006744
v 0.620762 0.034200 0.006744
v 0.620762 0.034200 0.006744
v 0.616568 0.032321 0.006744
v 0.620544 0.034662 0.015507
v 0.659803 0.034072 0.060966
v 0.632429 0.033476 0.060966
v 0.636025 0.035664 0.060966
v 0.636025 0.035664 0.060966
v 0.632429 0.033476 0.060966
v 0.659803 0.034072 0.060966
v 0.659803 0.034072 0.060966
v 0.657114 0.030580 0.050585
v 0.656236 0.032409 0.060966
v 0.656236 0.032409 0.060966
v 0.657114 0.030580 0.050585
v 0.659803 0.034072 0.060966
v 0.616568 0.032321 0.006744
v 0.612363 0.030451 -0.002033
v 0.616635 0.032164 -0.002033
v 0.616635 0.032164 -0.002033
v 0.612363 0.030451 -0.002033
v 0.616568 0.032321 0.006744
v 0.616568 0.032321 -0.010809
v 0.612363 0.030451 -0.002033
v 0.612303 0.030611 -0.010809
v 0.612303 0.030611 -0.010809
v 0.612363 0.030451 -0.002033
v 0.616568 0.032321 -0.010809
v 0.616369 0.032791 -0.019573
v 0.612303 0.030611 -0.010809
v 0.612122 0.031088 -0.019573
v 0.612122 0.031088 -0.019573
v 0.612303 0.030611 -0.010809
v 0.616369 0.032791 -0.019573
v 0.616037 0.033573 -0.028310
v 0.612122 0.031088 -0.019573
v 0.611822 0.031884 -0.028310
v 0.611822 0.031884 -0.028310
v 0.612122 0.031088 -0.019573
v 0.616037 0.033573 -0.028310
v 0.615572 0.034668 -0.037007
v 0.611822 0.031884 -0.028310
v 0.611402 0.032996 -0.037007
v 0.611402 0.032996 -0.037007
v 0.611822 0.031884 -0.028310
v 0.615572 0.034668 -0.037007
v 0.657114 0.030580 0.050585
v 0.654377 0.027376 0.040139
v 0.653625 0.028859 0.050585
v 0.653625 0.028859 0.050585
v 0.654377 0.027376 0.040139
v 0.657114 0.030580 0.050585
v 0.654377 0.027376 0.040139
v 0.651571 0.024453 0.029642
v 0.650960 0.025595 0.040139
v 0.650960 0.025595 0.040139
v 0.651571 0.024453 0.029642
v 0.654377 0.027376 0.040139
v 0.651571 0.024453 0.029642
v 0.648674 0.021804 0.019105
v 0.648219 0.022611 0.029642
v 0.648219 0.022611 0.029642
v 0.648674 0.021804 0.019105
v 0.651571 0.024453 0.029642
v 0.648674 0.021804 0.019105
v 0.645665 0.019420 0.008543
v 0.645381 0.019898 0.019105
v 0.645381 0.019898 0.019105
v 0.645665 0.019420 0.008543
v 0.648674 0.021804 0.019105
v 0.645665 0.019420 0.008543
v 0.642523 0.017291 -0.002033
v 0.642425 0.017449 0.008543
v 0.642425 0.017449 0.008543
v 0.642523 0.017291 -0.002033
v 0.645665 0.019420 0.008543
v 0.604816 0.003422 -0.033707
v 0.599585 0.001299 -0.023171
v 0.605037 0.002522 -0.023171
v 0.605037 0.002522 -0.023171
v 0.599585 0.001299 -0.023171
v 0.604816 0.003422 -0.033707
v 0.604507 0.004680 -0.044205
v 0.599401 0.002207 -0.033707
v 0.604816 0.003422 -0.033707
v 0.604816 0.003422 -0.033707
v 0.599401 0.002207 -0.033707
v 0.604507 0.004680 -0.044205
v 0.577183 0.004526 -0.065031
v 0.572373 0.002401 -0.054650
v 0.577264 0.002499 -0.054650
v 0.577264 0.002499 -0.054650
v 0.572373 0.002401 -0.054650
v 0.577183 0.004526 -0.065031
v 0.582523 0.004848 -0.065031
v 0.577264 0.002499 -0.054650
v 0.582686 0.002826 -0.054650
v 0.582686 0.002826 -0.054650
v 0.577264 0.002499 -0.054650
v 0.582523 0.004848 -0.065031
v 0.587846 0.005384 -0.065031
v 0.582686 0.002826 -0.054650
v 0.588090 0.003370 -0.054650
v 0.588090 0.003370 -0.054650
v 0.582686 0.002826 -0.054650
v 0.587846 0.005384 -0.065031
v 0.593144 0.006133 -0.065031
v 0.588090 0.003370 -0.054650
v 0.593468 0.004131 -0.054650
v 0.593468 0.004131 -0.054650
v 0.588090 0.003370 -0.054650
v 0.593144 0.006133 -0.065031
v 0.598407 0.007094 -0.065031
v 0.593468 0.004131 -0.054650
v 0.598811 0.005106 -0.054650
v 0.598811 0.005106 -0.054650
v 0.593468 0.004131 -0.054650
v 0.598407 0.007094 -0.065031
v 0.604111 0.006295 -0.054650
v 0.599142 0.003477 -0.044205
v 0.604507 0.004680 -0.044205
v 0.604507 0.004680 -0.044205
v 0.599142 0.003477 -0.044205
v 0.604111 0.006295 -0.054650
v 0.603627 0.008265 -0.065031
v 0.598811 0.005106 -0.054650
v 0.604111 0.006295 -0.054650
v 0.604111 0.006295 -0.054650
v 0.598811 0.005106 -0.054650
v 0.603627 0.008265 -0.065031
v 0.571834 0.027297 -0.045652
v 0.576190 0.029244 -0.054231
v 0.576265 0.027386 -0.045652
v 0.576265 0.027386 -0.045652
v 0.576190 0.029244 -0.054231
v 0.571834 0.027297 -0.045652
v 0.576265 0.027386 -0.045652
v 0.580540 0.029506 -0.054231
v 0.580689 0.027653 -0.045652
v 0.580689 0.027653 -0.045652
v 0.580540 0.029506 -0.054231
v 0.576265 0.027386 -0.045652
v 0.580689 0.027653 -0.045652
v 0.584875 0.029943 -0.054231
v 0.585099 0.028097 -0.045652
v 0.585099 0.028097 -0.045652
v 0.584875 0.029943 -0.054231
v 0.580689 0.027653 -0.045652
v 0.585099 0.028097 -0.045652
v 0.589190 0.030553 -0.054231
v 0.589487 0.028717 -0.045652
v 0.589487 0.028717 -0.045652
v 0.589190 0.030553 -0.054231
v 0.585099 0.028097 -0.045652
v 0.593847 0.029513 -0.045652
v 0.589731 0.027211 -0.037007
v 0.589487 0.028717 -0.045652
v 0.589487 0.028717 -0.045652
v 0.589731 0.027211 -0.037007
v 0.593847 0.029513 -0.045652
v 0.598171 0.030483 -0.045652
v 0.594151 0.028018 -0.037007
v 0.593847 0.029513 -0.045652
v 0.593847 0.029513 -0.045652
v 0.594151 0.028018 -0.037007
v 0.598171 0.030483 -0.045652
v 0.631559 0.011350 -0.012608
v 0.637249 0.014801 -0.023171
v 0.631322 0.011853 -0.023171
v 0.631322 0.011853 -0.023171
v 0.637249 0.014801 -0.023171
v 0.631559 0.011350 -0.012608
v 0.637524 0.014316 -0.012608
v 0.642131 0.017921 -0.023171
v 0.637249 0.014801 -0.023171
v 0.637249 0.014801 -0.023171
v 0.642131 0.017921 -0.023171
v 0.637524 0.014316 -0.012608
v 0.621234 0.006968 -0.012608
v 0.626223 0.009568 -0.023171
v 0.621037 0.007489 -0.023171
v 0.621037 0.007489 -0.023171
v 0.626223 0.009568 -0.023171
v 0.621234 0.006968 -0.012608
v 0.626440 0.009055 -0.012608
v 0.631322 0.011853 -0.023171
v 0.626223 0.009568 -0.023171
v 0.626223 0.009568 -0.023171
v 0.631322 0.011853 -0.023171
v 0.626440 0.009055 -0.012608
v 0.615947 0.005092 -0.012608
v 0.621037 0.007489 -0.023171
v 0.615772 0.005620 -0.023171
v 0.615772 0.005620 -0.023171
v 0.621037 0.007489 -0.023171
v 0.615947 0.005092 -0.012608
v 0.610590 0.003429 -0.012608
v 0.615772 0.005620 -0.023171
v 0.610435 0.003963 -0.023171
v 0.610435 0.003963 -0.023171
v 0.615772 0.005620 -0.023171
v 0.610590 0.003429 -0.012608
v 0.605170 0.001982 -0.012608
v 0.610435 0.003963 -0.023171
v 0.605037 0.002522 -0.023171
v 0.605037 0.002522 -0.023171
v 0.610435 0.003963 -0.023171
v 0.605170 0.001982 -0.012608
v 0.642425 0.017449 -0.012608
v 0.637615 0.014154 -0.002033
v 0.642523 0.017291 -0.002033
v 0.642523 0.017291 -0.002033
v 0.637615 0.014154 -0.002033
v 0.642425 0.017449 -0.012608
v 0.642131 0.017921 -0.023171
v 0.637524 0.014316 -0.012608
v 0.642425 0.017449 -0.012608
v 0.642425 0.017449 -0.012608
v 0.637524 0.014316 -0.012608
v 0.642131 0.017921 -0.023171
v 0.602453 0.031626 -0.045652
v 0.598535 0.029002 -0.037007
v 0.598171 0.030483 -0.045652
v 0.598171 0.030483 -0.045652
v 0.598535 0.029002 -0.037007
v 0.602453 0.031626 -0.045652
v 0.606686 0.032940 -0.045652
v 0.602876 0.030161 -0.037007
v 0.602453 0.031626 -0.045652
v 0.602453 0.031626 -0.045652
v 0.602876 0.030161 -0.037007
v 0.606686 0.032940 -0.045652
v 0.610863 0.034423 -0.045652
v 0.607168 0.031493 -0.037007
v 0.606686 0.032940 -0.045652
v 0.606686 0.032940 -0.045652
v 0.607168 0.031493 -0.037007
v 0.610863 0.034423 -0.045652
v 0.614977 0.036072 -0.045652
v 0.611402 0.032996 -0.037007
v 0.610863 0.034423 -0.045652
v 0.610863 0.034423 -0.045652
v 0.611402 0.032996 -0.037007
v 0.614977 0.036072 -0.045652
v 0.634827 0.046354 0.056106
v 0.638280 0.049282 0.054755
v 0.638706 0.048486 0.056106
v 0.638706 0.048486 0.056106
v 0.638280 0.049282 0.054755
v 0.634827 0.046354 0.056106
v 0.634384 0.047140 0.054755
v 0.637941 0.049915 0.053297
v 0.638280 0.049282 0.054755
v 0.638280 0.049282 0.054755
v 0.637941 0.049915 0.053297
v 0.634384 0.047140 0.054755
v 0.634827 0.046354 0.056106
v 0.639212 0.047542 0.057327
v 0.635353 0.045421 0.057327
v 0.635353 0.045421 0.057327
v 0.639212 0.047542 0.057327
v 0.634827 0.046354 0.056106
v 0.634031 0.047766 0.053297
v 0.637695 0.050376 0.051759
v 0.637941 0.049915 0.053297
v 0.637941 0.049915 0.053297
v 0.637695 0.050376 0.051759
v 0.634031 0.047766 0.053297
v 0.635353 0.045421 0.057327
v 0.639788 0.046465 0.058399
v 0.635953 0.044357 0.058399
v 0.635953 0.044357 0.058399
v 0.639788 0.046465 0.058399
v 0.635353 0.045421 0.057327
v 0.633774 0.048221 0.051759
v 0.637545 0.050655 0.050165
v 0.637695 0.050376 0.051759
v 0.637695 0.050376 0.051759
v 0.637545 0.050655 0.050165
v 0.633774 0.048221 0.051759
v 0.635953 0.044357 0.058399
v 0.640426 0.045274 0.059301
v 0.636617 0.043181 0.059301
v 0.636617 0.043181 0.059301
v 0.640426 0.045274 0.059301
v 0.635953 0.044357 0.058399
v 0.634532 0.046878 0.041586
v 0.637545 0.050655 0.050165
v 0.633618 0.048497 0.050165
v 0.633618 0.048497 0.050165
v 0.637545 0.050655 0.050165
v 0.634532 0.046878 0.041586
v 0.631467 0.043343 0.032941
v 0.634532 0.046878 0.041586
v 0.630689 0.044654 0.041586
v 0.630689 0.044654 0.041586
v 0.634532 0.046878 0.041586
v 0.631467 0.043343 0.032941
v 0.628333 0.040044 0.024244
v 0.631467 0.043343 0.032941
v 0.627704 0.041053 0.032941
v 0.627704 0.041053 0.032941
v 0.631467 0.043343 0.032941
v 0.628333 0.040044 0.024244
v 0.624806 0.036782 0.015507
v 0.628333 0.040044 0.024244
v 0.624387 0.037523 0.024244
v 0.624387 0.037523 0.024244
v 0.628333 0.040044 0.024244
v 0.624806 0.036782 0.015507
v 0.620762 0.034200 0.006744
v 0.624806 0.036782 0.015507
v 0.620544 0.034662 0.015507
v 0.620544 0.034662 0.015507
v 0.624806 0.036782 0.015507
v 0.620762 0.034200 0.006744
v 0.616635 0.032164 -0.002033
v 0.620762 0.034200 0.006744
v 0.616568 0.032321 0.006744
v 0.616568 0.032321 0.006744
v 0.620762 0.034200 0.006744
v 0.616635 0.032164 -0.002033
v 0.659803 0.034072 0.060966
v 0.636025 0.035664 0.060966
v 0.663405 0.035656 0.060966
v 0.663405 0.035656 0.060966
v 0.636025 0.035664 0.060966
v 0.659803 0.034072 0.060966
v 0.657114 0.030580 0.050585
v 0.659803 0.034072 0.060966
v 0.660640 0.032225 0.050585
v 0.660640 0.032225 0.050585
v 0.659803 0.034072 0.060966
v 0.657114 0.030580 0.050585
v 0.612363 0.030451 -0.002033
v 0.616568 0.032321 -0.010809
v 0.616635 0.032164 -0.002033
v 0.616635 0.032164 -0.002033
v 0.616568 0.032321 -0.010809
v 0.612363 0.030451 -0.002033
v 0.612303 0.030611 -0.010809
v 0.616369 0.032791 -0.019573
v 0.616568 0.032321 -0.010809
v 0.616568 0.032321 -0.010809
v 0.616369 0.032791 -0.019573
v 0.612303 0.030611 -0.010809
v 0.612122 0.031088 -0.019573
v 0.616037 0.033573 -0.028310
v 0.616369 0.032791 -0.019573
v 0.616369 0.032791 -0.019573
v 0.616037 0.033573 -0.028310
v 0.612122 0.031088 -0.019573
v 0.611822 0.031884 -0.028310
v 0.615572 0.034668 -0.037007
v 0.616037 0.033573 -0.028310
v 0.616037 0.033573 -0.028310
v 0.615572 0.034668 -0.037007
v 0.611822 0.031884 -0.028310
v 0.611402 0.032996 -0.037007
v 0.614977 0.036072 -0.045652
v 0.615572 0.034668 -0.037007
v 0.615572 0.034668 -0.037007
v 0.614977 0.036072 -0.045652
v 0.611402 0.032996 -0.037007
v 0.654377 0.027376 0.040139
v 0.657114 0.030580 0.050585
v 0.657833 0.029081 0.040139
v 0.657833 0.029081 0.040139
v 0.657114 0.030580 0.050585
v 0.654377 0.027376 0.040139
v 0.651571 0.024453 0.029642
v 0.654377 0.027376 0.040139
v 0.654963 0.026221 0.029642
v 0.654963 0.026221 0.029642
v 0.654377 0.027376 0.040139
v 0.651571 0.024453 0.029642
v 0.648674 0.021804 0.019105
v 0.651571 0.024453 0.029642
v 0.652008 0.023636 0.019105
v 0.652008 0.023636 0.019105
v 0.651571 0.024453 0.029642
v 0.648674 0.021804 0.019105
v 0.645665 0.019420 0.008543
v 0.648674 0.021804 0.019105
v 0.648947 0.021319 0.008543
v 0.648947 0.021319 0.008543
v 0.648674 0.021804 0.019105
v 0.645665 0.019420 0.008543
v 0.642523 0.017291 -0.002033
v 0.645665 0.019420 0.008543
v 0.645760 0.019260 -0.002033
v 0.645760 0.019260 -0.002033
v 0.645665 0.019420 0.008543
v 0.642523 0.017291 -0.002033
v 0.605037 0.002522 -0.023171
v 0.610178 0.004853 -0.033707
v 0.604816 0.003422 -0.033707
v 0.604816 0.003422 -0.033707
v 0.610178 0.004853 -0.033707
v 0.605037 0.002522 -0.023171
v 0.604816 0.003422 -0.033707
v 0.609819 0.006098 -0.044205
v 0.604507 0.004680 -0.044205
v 0.604507 0.004680 -0.044205
v 0.609819 0.006098 -0.044205
v 0.604816 0.003422 -0.033707
v 0.572373 0.002401 -0.054650
v 0.577183 0.004526 -0.065031
v 0.572332 0.004429 -0.065031
v 0.572332 0.004429 -0.065031
v 0.577183 0.004526 -0.065031
v 0.572373 0.002401 -0.054650
v 0.577264 0.002499 -0.054650
v 0.582523 0.004848 -0.065031
v 0.577183 0.004526 -0.065031
v 0.577183 0.004526 -0.065031
v 0.582523 0.004848 -0.065031
v 0.577264 0.002499 -0.054650
v 0.582686 0.002826 -0.054650
v 0.587846 0.005384 -0.065031
v 0.582523 0.004848 -0.065031
v 0.582523 0.004848 -0.065031
v 0.587846 0.005384 -0.065031
v 0.582686 0.002826 -0.054650
v 0.588090 0.003370 -0.054650
v 0.593144 0.006133 -0.065031
v 0.587846 0.005384 -0.065031
v 0.587846 0.005384 -0.065031
v 0.593144 0.006133 -0.065031
v 0.588090 0.003370 -0.054650
v 0.593468 0.004131 -0.054650
v 0.598407 0.007094 -0.065031
v 0.593144 0.006133 -0.065031
v 0.593144 0.006133 -0.065031
v 0.598407 0.007094 -0.065031
v 0.593468 0.004131 -0.054650
v 0.598811 0.005106 -0.054650
v 0.603627 0.008265 -0.065031
v 0.598407 0.007094 -0.065031
v 0.598407 0.007094 -0.065031
v 0.603627 0.008265 -0.065031
v 0.598811 0.005106 -0.054650
v 0.604507 0.004680 -0.044205
v 0.609358 0.007696 -0.054650
v 0.604111 0.006295 -0.054650
v 0.604111 0.006295 -0.054650
v 0.609358 0.007696 -0.054650
v 0.604507 0.004680 -0.044205
v 0.604111 0.006295 -0.054650
v 0.608796 0.009645 -0.065031
v 0.603627 0.008265 -0.065031
v 0.603627 0.008265 -0.065031
v 0.608796 0.009645 -0.065031
v 0.604111 0.006295 -0.054650
v 0.576190 0.029244 -0.054231
v 0.571834 0.027297 -0.045652
v 0.571834 0.029157 -0.054231
v 0.571834 0.029157 -0.054231
v 0.571834 0.027297 -0.045652
v 0.576190 0.029244 -0.054231
v 0.580540 0.029506 -0.054231
v 0.576265 0.027386 -0.045652
v 0.576190 0.029244 -0.054231
v 0.576190 0.029244 -0.054231
v 0.576265 0.027386 -0.045652
v 0.580540 0.029506 -0.054231
v 0.584875 0.029943 -0.054231
v 0.580689 0.027653 -0.045652
v 0.580540 0.029506 -0.054231
v 0.580540 0.029506 -0.054231
v 0.580689 0.027653 -0.045652
v 0.584875 0.029943 -0.054231
v 0.589190 0.030553 -0.054231
v 0.585099 0.028097 -0.045652
v 0.584875 0.029943 -0.054231
v 0.584875 0.029943 -0.054231
v 0.585099 0.028097 -0.045652
v 0.589190 0.030553 -0.054231
v 0.593476 0.031335 -0.054231
v 0.589487 0.028717 -0.045652
v 0.589190 0.030553 -0.054231
v 0.589190 0.030553 -0.054231
v 0.589487 0.028717 -0.045652
v 0.593476 0.031335 -0.054231
v 0.589487 0.028717 -0.045652
v 0.593476 0.031335 -0.054231
v 0.593847 0.029513 -0.045652
v 0.593847 0.029513 -0.045652
v 0.593476 0.031335 -0.054231
v 0.589487 0.028717 -0.045652
v 0.593847 0.029513 -0.045652
v 0.597728 0.032289 -0.054231
v 0.598171 0.030483 -0.045652
v 0.598171 0.030483 -0.045652
v 0.597728 0.032289 -0.054231
v 0.593847 0.029513 -0.045652
v 0.636792 0.015608 -0.033707
v 0.631322 0.011853 -0.023171
v 0.637249 0.014801 -0.023171
v 0.637249 0.014801 -0.023171
v 0.631322 0.011853 -0.023171
v 0.636792 0.015608 -0.033707
v 0.631322 0.011853 -0.023171
v 0.626440 0.009055 -0.012608
v 0.631559 0.011350 -0.012608
v 0.631559 0.011350 -0.012608
v 0.626440 0.009055 -0.012608
v 0.631322 0.011853 -0.023171
v 0.641641 0.018707 -0.033707
v 0.637249 0.014801 -0.023171
v 0.642131 0.017921 -0.023171
v 0.642131 0.017921 -0.023171
v 0.637249 0.014801 -0.023171
v 0.641641 0.018707 -0.033707
v 0.625861 0.010420 -0.033707
v 0.621037 0.007489 -0.023171
v 0.626223 0.009568 -0.023171
v 0.626223 0.009568 -0.023171
v 0.621037 0.007489 -0.023171
v 0.625861 0.010420 -0.033707
v 0.630926 0.012691 -0.033707
v 0.626223 0.009568 -0.023171
v 0.631322 0.011853 -0.023171
v 0.631322 0.011853 -0.023171
v 0.626223 0.009568 -0.023171
v 0.630926 0.012691 -0.033707
v 0.620710 0.008355 -0.033707
v 0.615772 0.005620 -0.023171
v 0.621037 0.007489 -0.023171
v 0.621037 0.007489 -0.023171
v 0.615772 0.005620 -0.023171
v 0.620710 0.008355 -0.033707
v 0.615479 0.006499 -0.033707
v 0.610435 0.003963 -0.023171
v 0.615772 0.005620 -0.023171
v 0.615772 0.005620 -0.023171
v 0.610435 0.003963 -0.023171
v 0.615479 0.006499 -0.033707
v 0.610178 0.004853 -0.033707
v 0.605037 0.002522 -0.023171
v 0.610435 0.003963 -0.023171
v 0.610435 0.003963 -0.023171
v 0.605037 0.002522 -0.023171
v 0.610178 0.004853 -0.033707
v 0.642523 0.017291 -0.002033
v 0.645665 0.019420 -0.012608
v 0.642425 0.017449 -0.012608
v 0.642425 0.017449 -0.012608
v 0.645665 0.019420 -0.012608
v 0.642523 0.017291 -0.002033
v 0.642425 0.017449 -0.012608
v 0.645381 0.019898 -0.023171
v 0.642131 0.017921 -0.023171
v 0.642131 0.017921 -0.023171
v 0.645381 0.019898 -0.023171
v 0.642425 0.017449 -0.012608
v 0.598171 0.030483 -0.045652
v 0.601938 0.033413 -0.054231
v 0.602453 0.031626 -0.045652
v 0.602453 0.031626 -0.045652
v 0.601938 0.033413 -0.054231
v 0.598171 0.030483 -0.045652
v 0.602453 0.031626 -0.045652
v 0.606099 0.034705 -0.054231
v 0.606686 0.032940 -0.045652
v 0.606686 0.032940 -0.045652
v 0.606099 0.034705 -0.054231
v 0.602453 0.031626 -0.045652
v 0.606686 0.032940 -0.045652
v 0.610206 0.036162 -0.054231
v 0.610863 0.034423 -0.045652
v 0.610863 0.034423 -0.045652
v 0.610206 0.036162 -0.054231
v 0.606686 0.032940 -0.045652
v 0.610863 0.034423 -0.045652
v 0.614250 0.037784 -0.054231
v 0.614977 0.036072 -0.045652
v 0.614977 0.036072 -0.045652
v 0.614250 0.037784 -0.054231
v 0.610863 0.034423 -0.045652
v 0.642223 0.051337 0.054755
v 0.638706 0.048486 0.056106
v 0.638280 0.049282 0.054755
v 0.638280 0.049282 0.054755
v 0.638706 0.048486 0.056106
v 0.642223 0.051337 0.054755
v 0.639212 0.047542 0.057327
v 0.634827 0.046354 0.056106
v 0.638706 0.048486 0.056106
v 0.638706 0.048486 0.056106
v 0.634827 0.046354 0.056106
v 0.639212 0.047542 0.057327
v 0.641898 0.051978 0.053297
v 0.638280 0.049282 0.054755
v 0.637941 0.049915 0.053297
v 0.637941 0.049915 0.053297
v 0.638280 0.049282 0.054755
v 0.641898 0.051978 0.053297
v 0.639788 0.046465 0.058399
v 0.635353 0.045421 0.057327
v 0.639212 0.047542 0.057327
v 0.639212 0.047542 0.057327
v 0.635353 0.045421 0.057327
v 0.639788 0.046465 0.058399
v 0.641662 0.052444 0.051759
v 0.637941 0.049915 0.053297
v 0.637695 0.050376 0.051759
v 0.637695 0.050376 0.051759
v 0.637941 0.049915 0.053297
v 0.641662 0.052444 0.051759
v 0.640426 0.045274 0.059301
v 0.635953 0.044357 0.058399
v 0.639788 0.046465 0.058399
v 0.639788 0.046465 0.058399
v 0.635953 0.044357 0.058399
v 0.640426 0.045274 0.059301
v 0.641518 0.052726 0.050165
v 0.637695 0.050376 0.051759
v 0.637545 0.050655 0.050165
v 0.637545 0.050655 0.050165
v 0.637695 0.050376 0.051759
v 0.641518 0.052726 0.050165
v 0.637545 0.050655 0.050165
v 0.634532 0.046878 0.041586
v 0.638422 0.049016 0.041586
v 0.638422 0.049016 0.041586
v 0.634532 0.046878 0.041586
v 0.637545 0.050655 0.050165
v 0.634532 0.046878 0.041586
v 0.631467 0.043343 0.032941
v 0.635281 0.045550 0.032941
v 0.635281 0.045550 0.032941
v 0.631467 0.043343 0.032941
v 0.634532 0.046878 0.041586
v 0.631467 0.043343 0.032941
v 0.628333 0.040044 0.024244
v 0.632074 0.042321 0.024244
v 0.632074 0.042321 0.024244
v 0.628333 0.040044 0.024244
v 0.631467 0.043343 0.032941
v 0.628333 0.040044 0.024244
v 0.624806 0.036782 0.015507
v 0.628782 0.039323 0.015507
v 0.628782 0.039323 0.015507
v 0.624806 0.036782 0.015507
v 0.628333 0.040044 0.024244
v 0.624806 0.036782 0.015507
v 0.620762 0.034200 0.006744
v 0.625058 0.036337 0.006744
v 0.625058 0.036337 0.006744
v 0.620762 0.034200 0.006744
v 0.624806 0.036782 0.015507
v 0.620762 0.034200 0.006744
v 0.616635 0.032164 -0.002033
v 0.620835 0.034046 -0.002033
v 0.620835 0.034046 -0.002033
v 0.616635 0.032164 -0.002033
v 0.620762 0.034200 0.006744
v 0.663405 0.035656 0.060966
v 0.636025 0.035664 0.060966
v 0.666907 0.037105 0.060966
v 0.666907 0.037105 0.060966
v 0.636025 0.035664 0.060966
v 0.663405 0.035656 0.060966
v 0.663405 0.035656 0.060966
v 0.660640 0.032225 0.050585
v 0.659803 0.034072 0.060966
v 0.659803 0.034072 0.060966
v 0.660640 0.032225 0.050585
v 0.663405 0.035656 0.060966
v 0.660640 0.032225 0.050585
v 0.657833 0.029081 0.040139
v 0.657114 0.030580 0.050585
v 0.657114 0.030580 0.050585
v 0.657833 0.029081 0.040139
v 0.660640 0.032225 0.050585
v 0.620762 0.034200 -0.010809
v 0.616635 0.032164 -0.002033
v 0.616568 0.032321 -0.010809
v 0.616568 0.032321 -0.010809
v 0.616635 0.032164 -0.002033
v 0.620762 0.034200 -0.010809
v 0.620544 0.034662 -0.019573
v 0.616568 0.032321 -0.010809
v 0.616369 0.032791 -0.019573
v 0.616369 0.032791 -0.019573
v 0.616568 0.032321 -0.010809
v 0.620544 0.034662 -0.019573
v 0.620181 0.035431 -0.028310
v 0.616369 0.032791 -0.019573
v 0.616037 0.033573 -0.028310
v 0.616037 0.033573 -0.028310
v 0.616369 0.032791 -0.019573
v 0.620181 0.035431 -0.028310
v 0.619673 0.036506 -0.037007
v 0.616037 0.033573 -0.028310
v 0.615572 0.034668 -0.037007
v 0.615572 0.034668 -0.037007
v 0.616037 0.033573 -0.028310
v 0.619673 0.036506 -0.037007
v 0.619021 0.037885 -0.045652
v 0.615572 0.034668 -0.037007
v 0.614977 0.036072 -0.045652
v 0.614977 0.036072 -0.045652
v 0.615572 0.034668 -0.037007
v 0.619021 0.037885 -0.045652
v 0.657833 0.029081 0.040139
v 0.654963 0.026221 0.029642
v 0.654377 0.027376 0.040139
v 0.654377 0.027376 0.040139
v 0.654963 0.026221 0.029642
v 0.657833 0.029081 0.040139
v 0.654963 0.026221 0.029642
v 0.652008 0.023636 0.019105
v 0.651571 0.024453 0.029642
v 0.651571 0.024453 0.029642
v 0.652008 0.023636 0.019105
v 0.654963 0.026221 0.029642
v 0.652008 0.023636 0.019105
v 0.648947 0.021319 0.008543
v 0.648674 0.021804 0.019105
v 0.648674 0.021804 0.019105
v 0.648947 0.021319 0.008543
v 0.652008 0.023636 0.019105
v 0.648947 0.021319 0.008543
v 0.645760 0.019260 -0.002033
v 0.645665 0.019420 0.008543
v 0.645665 0.019420 0.008543
v 0.645760 0.019260 -0.002033
v 0.648947 0.021319 0.008543
v 0.645665 0.019420 -0.012608
v 0.642523 0.017291 -0.002033
v 0.645760 0.019260 -0.002033
v 0.645760 0.019260 -0.002033
v 0.642523 0.017291 -0.002033
v 0.645665 0.019420 -0.012608
v 0.609819 0.006098 -0.044205
v 0.604816 0.003422 -0.033707
v 0.610178 0.004853 -0.033707
v 0.610178 0.004853 -0.033707
v 0.604816 0.003422 -0.033707
v 0.609819 0.006098 -0.044205
v 0.609358 0.007696 -0.054650
v 0.604507 0.004680 -0.044205
v 0.609819 0.006098 -0.044205
v 0.609819 0.006098 -0.044205
v 0.604507 0.004680 -0.044205
v 0.609358 0.007696 -0.054650
v 0.577183 0.004526 -0.065031
v 0.572083 0.016846 -0.065031
v 0.572332 0.004429 -0.065031
v 0.572332 0.004429 -0.065031
v 0.572083 0.016846 -0.065031
v 0.577183 0.004526 -0.065031
v 0.572083 0.016846 -0.065031
v 0.577183 0.004526 -0.065031
v 0.582523 0.004848 -0.065031
v 0.582523 0.004848 -0.065031
v 0.577183 0.004526 -0.065031
v 0.572083 0.016846 -0.065031
v 0.572083 0.016846 -0.065031
v 0.582523 0.004848 -0.065031
v 0.587846 0.005384 -0.065031
v 0.587846 0.005384 -0.065031
v 0.582523 0.004848 -0.065031
v 0.572083 0.016846 -0.065031
v 0.572083 0.016846 -0.065031
v 0.587846 0.005384 -0.065031
v 0.593144 0.006133 -0.065031
v 0.593144 0.006133 -0.065031
v 0.587846 0.005384 -0.065031
v 0.572083 0.016846 -0.065031
v 0.572083 0.016846 -0.065031
v 0.593144 0.006133 -0.065031
v 0.598407 0.007094 -0.065031
v 0.598407 0.007094 -0.065031
v 0.593144 0.006133 -0.065031
v 0.572083 0.016846 -0.065031
v 0.572083 0.016846 -0.065031
v 0.598407 0.007094 -0.065031
v 0.603627 0.008265 -0.065031
v 0.603627 0.008265 -0.065031
v 0.598407 0.007094 -0.065031
v 0.572083 0.016846 -0.065031
v 0.608796 0.009645 -0.065031
v 0.604111 0.006295 -0.054650
v 0.609358 0.007696 -0.054650
v 0.609358 0.007696 -0.054650
v 0.604111 0.006295 -0.054650
v 0.608796 0.009645 -0.065031
v 0.572083 0.016846 -0.065031
v 0.603627 0.008265 -0.065031
v 0.608796 0.009645 -0.065031
v 0.608796 0.009645 -0.065031
v 0.603627 0.008265 -0.065031
v 0.572083 0.016846 -0.065031
v 0.576203 0.028927 -0.055824
v 0.571834 0.029157 -0.054231
v 0.571834 0.028840 -0.055824
v 0.571834 0.028840 -0.055824
v 0.571834 0.029157 -0.054231
v 0.576203 0.028927 -0.055824
v 0.571834 0.029157 -0.054231
v 0.576203 0.028927 -0.055824
v 0.576190 0.029244 -0.054231
v 0.576190 0.029244 -0.054231
v 0.576203 0.028927 -0.055824
v 0.571834 0.029157 -0.054231
v 0.576203 0.028927 -0.055824
v 0.580540 0.029506 -0.054231
v 0.576190 0.029244 -0.054231
v 0.576190 0.029244 -0.054231
v 0.580540 0.029506 -0.054231
v 0.576203 0.028927 -0.055824
v 0.580565 0.029190 -0.055824
v 0.584875 0.029943 -0.054231
v 0.580540 0.029506 -0.054231
v 0.580540 0.029506 -0.054231
v 0.584875 0.029943 -0.054231
v 0.580565 0.029190 -0.055824
v 0.584913 0.029628 -0.055824
v 0.589190 0.030553 -0.054231
v 0.584875 0.029943 -0.054231
v 0.584875 0.029943 -0.054231
v 0.589190 0.030553 -0.054231
v 0.584913 0.029628 -0.055824
v 0.589240 0.030240 -0.055824
v 0.593476 0.031335 -0.054231
v 0.589190 0.030553 -0.054231
v 0.589190 0.030553 -0.054231
v 0.593476 0.031335 -0.054231
v 0.589240 0.030240 -0.055824
v 0.597728 0.032289 -0.054231
v 0.593847 0.029513 -0.045652
v 0.593476 0.031335 -0.054231
v 0.593476 0.031335 -0.054231
v 0.593847 0.029513 -0.045652
v 0.597728 0.032289 -0.054231
v 0.601938 0.033413 -0.054231
v 0.598171 0.030483 -0.045652
v 0.597728 0.032289 -0.054231
v 0.597728 0.032289 -0.054231
v 0.598171 0.030483 -0.045652
v 0.601938 0.033413 -0.054231
v 0.631322 0.011853 -0.023171
v 0.636792 0.015608 -0.033707
v 0.630926 0.012691 -0.033707
v 0.630926 0.012691 -0.033707
v 0.636792 0.015608 -0.033707
v 0.631322 0.011853 -0.023171
v 0.637249 0.014801 -0.023171
v 0.641641 0.018707 -0.033707
v 0.636792 0.015608 -0.033707
v 0.636792 0.015608 -0.033707
v 0.641641 0.018707 -0.033707
v 0.637249 0.014801 -0.023171
v 0.642131 0.017921 -0.023171
v 0.644908 0.020695 -0.033707
v 0.641641 0.018707 -0.033707
v 0.641641 0.018707 -0.033707
v 0.644908 0.020695 -0.033707
v 0.642131 0.017921 -0.023171
v 0.621037 0.007489 -0.023171
v 0.625861 0.010420 -0.033707
v 0.620710 0.008355 -0.033707
v 0.620710 0.008355 -0.033707
v 0.625861 0.010420 -0.033707
v 0.621037 0.007489 -0.023171
v 0.626223 0.009568 -0.023171
v 0.630926 0.012691 -0.033707
v 0.625861 0.010420 -0.033707
v 0.625861 0.010420 -0.033707
v 0.630926 0.012691 -0.033707
v 0.626223 0.009568 -0.023171
v 0.615772 0.005620 -0.023171
v 0.620710 0.008355 -0.033707
v 0.615479 0.006499 -0.033707
v 0.615479 0.006499 -0.033707
v 0.620710 0.008355 -0.033707
v 0.615772 0.005620 -0.023171
v 0.610435 0.003963 -0.023171
v 0.615479 0.006499 -0.033707
v 0.610178 0.004853 -0.033707
v 0.610178 0.004853 -0.033707
v 0.615479 0.006499 -0.033707
v 0.610435 0.003963 -0.023171
v 0.645381 0.019898 -0.023171
v 0.642425 0.017449 -0.012608
v 0.645665 0.019420 -0.012608
v 0.645665 0.019420 -0.012608
v 0.642425 0.017449 -0.012608
v 0.645381 0.019898 -0.023171
v 0.644908 0.020695 -0.033707
v 0.642131 0.017921 -0.023171
v 0.645381 0.019898 -0.023171
v 0.645381 0.019898 -0.023171
v 0.642131 0.017921 -0.023171
v 0.644908 0.020695 -0.033707
v 0.606099 0.034705 -0.054231
v 0.602453 0.031626 -0.045652
v 0.601938 0.033413 -0.054231
v 0.601938 0.033413 -0.054231
v 0.602453 0.031626 -0.045652
v 0.606099 0.034705 -0.054231
v 0.610206 0.036162 -0.054231
v 0.606686 0.032940 -0.045652
v 0.606099 0.034705 -0.054231
v 0.606099 0.034705 -0.054231
v 0.606686 0.032940 -0.045652
v 0.610206 0.036162 -0.054231
v 0.614250 0.037784 -0.054231
v 0.610863 0.034423 -0.045652
v 0.610206 0.036162 -0.054231
v 0.610206 0.036162 -0.054231
v 0.610863 0.034423 -0.045652
v 0.614250 0.037784 -0.054231
v 0.618227 0.039566 -0.054231
v 0.614977 0.036072 -0.045652
v 0.614250 0.037784 -0.054231
v 0.614250 0.037784 -0.054231
v 0.614977 0.036072 -0.045652
v 0.618227 0.039566 -0.054231
v 0.638706 0.048486 0.056106
v 0.642223 0.051337 0.054755
v 0.642631 0.050532 0.056106
v 0.642631 0.050532 0.056106
v 0.642223 0.051337 0.054755
v 0.638706 0.048486 0.056106
v 0.638280 0.049282 0.054755
v 0.641898 0.051978 0.053297
v 0.642223 0.051337 0.054755
v 0.642223 0.051337 0.054755
v 0.641898 0.051978 0.053297
v 0.638280 0.049282 0.054755
v 0.642631 0.050532 0.056106
v 0.639212 0.047542 0.057327
v 0.638706 0.048486 0.056106
v 0.638706 0.048486 0.056106
v 0.639212 0.047542 0.057327
v 0.642631 0.050532 0.056106
v 0.637941 0.049915 0.053297
v 0.641662 0.052444 0.051759
v 0.641898 0.051978 0.053297
v 0.641898 0.051978 0.053297
v 0.641662 0.052444 0.051759
v 0.637941 0.049915 0.053297
v 0.639212 0.047542 0.057327
v 0.643668 0.048487 0.058399
v 0.639788 0.046465 0.058399
v 0.639788 0.046465 0.058399
v 0.643668 0.048487 0.058399
v 0.639212 0.047542 0.057327
v 0.637695 0.050376 0.051759
v 0.641518 0.052726 0.050165
v 0.641662 0.052444 0.051759
v 0.641662 0.052444 0.051759
v 0.641518 0.052726 0.050165
v 0.637695 0.050376 0.051759
v 0.639788 0.046465 0.058399
v 0.644280 0.047283 0.059301
v 0.640426 0.045274 0.059301
v 0.640426 0.045274 0.059301
v 0.644280 0.047283 0.059301
v 0.639788 0.046465 0.058399
v 0.638422 0.049016 0.041586
v 0.641518 0.052726 0.050165
v 0.637545 0.050655 0.050165
v 0.637545 0.050655 0.050165
v 0.641518 0.052726 0.050165
v 0.638422 0.049016 0.041586
v 0.635281 0.045550 0.032941
v 0.638422 0.049016 0.041586
v 0.634532 0.046878 0.041586
v 0.634532 0.046878 0.041586
v 0.638422 0.049016 0.041586
v 0.635281 0.045550 0.032941
v 0.632074 0.042321 0.024244
v 0.635281 0.045550 0.032941
v 0.631467 0.043343 0.032941
v 0.631467 0.043343 0.032941
v 0.635281 0.045550 0.032941
v 0.632074 0.042321 0.024244
v 0.628782 0.039323 0.015507
v 0.632074 0.042321 0.024244
v 0.628333 0.040044 0.024244
v 0.628333 0.040044 0.024244
v 0.632074 0.042321 0.024244
v 0.628782 0.039323 0.015507
v 0.625058 0.036337 0.006744
v 0.628782 0.039323 0.015507
v 0.624806 0.036782 0.015507
v 0.624806 0.036782 0.015507
v 0.628782 0.039323 0.015507
v 0.625058 0.036337 0.006744
v 0.620835 0.034046 -0.002033
v 0.625058 0.036337 0.006744
v 0.620762 0.034200 0.006744
v 0.620762 0.034200 0.006744
v 0.625058 0.036337 0.006744
v 0.620835 0.034046 -0.002033
v 0.616635 0.032164 -0.002033
v 0.620762 0.034200 -0.010809
v 0.620835 0.034046 -0.002033
v 0.620835 0.034046 -0.002033
v 0.620762 0.034200 -0.010809
v 0.616635 0.032164 -0.002033
v 0.666907 0.037105 0.060966
v 0.636025 0.035664 0.060966
v 0.639668 0.037772 0.060966
v 0.639668 0.037772 0.060966
v 0.636025 0.035664 0.060966
v 0.666907 0.037105 0.060966
v 0.666907 0.037105 0.060966
v 0.664201 0.033791 0.050585
v 0.663405 0.035656 0.060966
v 0.663405 0.035656 0.060966
v 0.664201 0.033791 0.050585
v 0.666907 0.037105 0.060966
v 0.660640 0.032225 0.050585
v 0.663405 0.035656 0.060966
v 0.664201 0.033791 0.050585
v 0.664201 0.033791 0.050585
v 0.663405 0.035656 0.060966
v 0.660640 0.032225 0.050585
v 0.657833 0.029081 0.040139
v 0.660640 0.032225 0.050585
v 0.661326 0.030710 0.040139
v 0.661326 0.030710 0.040139
v 0.660640 0.032225 0.050585
v 0.657833 0.029081 0.040139
v 0.616568 0.032321 -0.010809
v 0.620544 0.034662 -0.019573
v 0.620762 0.034200 -0.010809
v 0.620762 0.034200 -0.010809
v 0.620544 0.034662 -0.019573
v 0.616568 0.032321 -0.010809
v 0.616369 0.032791 -0.019573
v 0.620181 0.035431 -0.028310
v 0.620544 0.034662 -0.019573
v 0.620544 0.034662 -0.019573
v 0.620181 0.035431 -0.028310
v 0.616369 0.032791 -0.019573
v 0.616037 0.033573 -0.028310
v 0.619673 0.036506 -0.037007
v 0.620181 0.035431 -0.028310
v 0.620181 0.035431 -0.028310
v 0.619673 0.036506 -0.037007
v 0.616037 0.033573 -0.028310
v 0.615572 0.034668 -0.037007
v 0.619021 0.037885 -0.045652
v 0.619673 0.036506 -0.037007
v 0.619673 0.036506 -0.037007
v 0.619021 0.037885 -0.045652
v 0.615572 0.034668 -0.037007
v 0.614977 0.036072 -0.045652
v 0.618227 0.039566 -0.054231
v 0.619021 0.037885 -0.045652
v 0.619021 0.037885 -0.045652
v 0.618227 0.039566 -0.054231
v 0.614977 0.036072 -0.045652
v 0.654963 0.026221 0.029642
v 0.657833 0.029081 0.040139
v 0.658394 0.027914 0.029642
v 0.658394 0.027914 0.029642
v 0.657833 0.029081 0.040139
v 0.654963 0.026221 0.029642
v 0.652008 0.023636 0.019105
v 0.654963 0.026221 0.029642
v 0.655382 0.025395 0.019105
v 0.655382 0.025395 0.019105
v 0.654963 0.026221 0.029642
v 0.652008 0.023636 0.019105
v 0.648947 0.021319 0.008543
v 0.652008 0.023636 0.019105
v 0.652271 0.023146 0.008543
v 0.652271 0.023146 0.008543
v 0.652008 0.023636 0.019105
v 0.648947 0.021319 0.008543
v 0.645760 0.019260 -0.002033
v 0.648947 0.021319 0.008543
v 0.649039 0.021158 -0.002033
v 0.649039 0.021158 -0.002033
v 0.648947 0.021319 0.008543
v 0.645760 0.019260 -0.002033
v 0.645760 0.019260 -0.002033
v 0.648947 0.021319 -0.012608
v 0.645665 0.019420 -0.012608
v 0.645665 0.019420 -0.012608
v 0.648947 0.021319 -0.012608
v 0.645760 0.019260 -0.002033
v 0.610178 0.004853 -0.033707
v 0.615070 0.007728 -0.044205
v 0.609819 0.006098 -0.044205
v 0.609819 0.006098 -0.044205
v 0.615070 0.007728 -0.044205
v 0.610178 0.004853 -0.033707
v 0.609819 0.006098 -0.044205
v 0.614546 0.009306 -0.054650
v 0.609358 0.007696 -0.054650
v 0.609358 0.007696 -0.054650
v 0.614546 0.009306 -0.054650
v 0.609819 0.006098 -0.044205
v 0.609358 0.007696 -0.054650
v 0.613906 0.011231 -0.065031
v 0.608796 0.009645 -0.065031
v 0.608796 0.009645 -0.065031
v 0.613906 0.011231 -0.065031
v 0.609358 0.007696 -0.054650
v 0.572083 0.016846 -0.065031
v 0.608796 0.009645 -0.065031
v 0.613906 0.011231 -0.065031
v 0.613906 0.011231 -0.065031
v 0.608796 0.009645 -0.065031
v 0.572083 0.016846 -0.065031
v 0.571834 0.028840 -0.055824
v 0.576224 0.028405 -0.057363
v 0.576203 0.028927 -0.055824
v 0.576203 0.028927 -0.055824
v 0.576224 0.028405 -0.057363
v 0.571834 0.028840 -0.055824
v 0.580540 0.029506 -0.054231
v 0.576203 0.028927 -0.055824
v 0.580565 0.029190 -0.055824
v 0.580565 0.029190 -0.055824
v 0.576203 0.028927 -0.055824
v 0.580540 0.029506 -0.054231
v 0.584875 0.029943 -0.054231
v 0.580565 0.029190 -0.055824
v 0.584913 0.029628 -0.055824
v 0.584913 0.029628 -0.055824
v 0.580565 0.029190 -0.055824
v 0.584875 0.029943 -0.054231
v 0.589190 0.030553 -0.054231
v 0.584913 0.029628 -0.055824
v 0.589240 0.030240 -0.055824
v 0.589240 0.030240 -0.055824
v 0.584913 0.029628 -0.055824
v 0.589190 0.030553 -0.054231
v 0.593476 0.031335 -0.054231
v 0.589240 0.030240 -0.055824
v 0.593539 0.031025 -0.055824
v 0.593539 0.031025 -0.055824
v 0.589240 0.030240 -0.055824
v 0.593476 0.031335 -0.054231
v 0.593539 0.031025 -0.055824
v 0.597728 0.032289 -0.054231
v 0.593476 0.031335 -0.054231
v 0.593476 0.031335 -0.054231
v 0.597728 0.032289 -0.054231
v 0.593539 0.031025 -0.055824
v 0.597804 0.031981 -0.055824
v 0.601938 0.033413 -0.054231
v 0.597728 0.032289 -0.054231
v 0.597728 0.032289 -0.054231
v 0.601938 0.033413 -0.054231
v 0.597804 0.031981 -0.055824
v 0.636153 0.016737 -0.044205
v 0.630926 0.012691 -0.033707
v 0.636792 0.015608 -0.033707
v 0.636792 0.015608 -0.033707
v 0.630926 0.012691 -0.033707
v 0.636153 0.016737 -0.044205
v 0.640955 0.019806 -0.044205
v 0.636792 0.015608 -0.033707
v 0.641641 0.018707 -0.033707
v 0.641641 0.018707 -0.033707
v 0.636792 0.015608 -0.033707
v 0.640955 0.019806 -0.044205
v 0.644247 0.021809 -0.044205
v 0.641641 0.018707 -0.033707
v 0.644908 0.020695 -0.033707
v 0.644908 0.020695 -0.033707
v 0.641641 0.018707 -0.033707
v 0.644247 0.021809 -0.044205
v 0.625355 0.011613 -0.044205
v 0.620710 0.008355 -0.033707
v 0.625861 0.010420 -0.033707
v 0.625861 0.010420 -0.033707
v 0.620710 0.008355 -0.033707
v 0.625355 0.011613 -0.044205
v 0.630372 0.013862 -0.044205
v 0.625861 0.010420 -0.033707
v 0.630926 0.012691 -0.033707
v 0.630926 0.012691 -0.033707
v 0.625861 0.010420 -0.033707
v 0.630372 0.013862 -0.044205
v 0.620252 0.009567 -0.044205
v 0.615479 0.006499 -0.033707
v 0.620710 0.008355 -0.033707
v 0.620710 0.008355 -0.033707
v 0.615479 0.006499 -0.033707
v 0.620252 0.009567 -0.044205
v 0.615070 0.007728 -0.044205
v 0.610178 0.004853 -0.033707
v 0.615479 0.006499 -0.033707
v 0.615479 0.006499 -0.033707
v 0.610178 0.004853 -0.033707
v 0.615070 0.007728 -0.044205
v 0.645665 0.019420 -0.012608
v 0.648674 0.021804 -0.023171
v 0.645381 0.019898 -0.023171
v 0.645381 0.019898 -0.023171
v 0.648674 0.021804 -0.023171
v 0.645665 0.019420 -0.012608
v 0.645381 0.019898 -0.023171
v 0.648219 0.022611 -0.033707
v 0.644908 0.020695 -0.033707
v 0.644908 0.020695 -0.033707
v 0.648219 0.022611 -0.033707
v 0.645381 0.019898 -0.023171
v 0.602026 0.033108 -0.055824
v 0.606099 0.034705 -0.054231
v 0.601938 0.033413 -0.054231
v 0.601938 0.033413 -0.054231
v 0.606099 0.034705 -0.054231
v 0.602026 0.033108 -0.055824
v 0.606200 0.034404 -0.055824
v 0.610206 0.036162 -0.054231
v 0.606099 0.034705 -0.054231
v 0.606099 0.034705 -0.054231
v 0.610206 0.036162 -0.054231
v 0.606200 0.034404 -0.055824
v 0.610318 0.035866 -0.055824
v 0.614250 0.037784 -0.054231
v 0.610206 0.036162 -0.054231
v 0.610206 0.036162 -0.054231
v 0.614250 0.037784 -0.054231
v 0.610318 0.035866 -0.055824
v 0.614374 0.037492 -0.055824
v 0.618227 0.039566 -0.054231
v 0.614250 0.037784 -0.054231
v 0.614250 0.037784 -0.054231
v 0.618227 0.039566 -0.054231
v 0.614374 0.037492 -0.055824
v 0.646210 0.053305 0.054755
v 0.642631 0.050532 0.056106
v 0.642223 0.051337 0.054755
v 0.642223 0.051337 0.054755
v 0.642631 0.050532 0.056106
v 0.646210 0.053305 0.054755
v 0.645899 0.053952 0.053297
v 0.642223 0.051337 0.054755
v 0.641898 0.051978 0.053297
v 0.641898 0.051978 0.053297
v 0.642223 0.051337 0.054755
v 0.645899 0.053952 0.053297
v 0.639212 0.047542 0.057327
v 0.642631 0.050532 0.056106
v 0.643116 0.049577 0.057327
v 0.643116 0.049577 0.057327
v 0.642631 0.050532 0.056106
v 0.639212 0.047542 0.057327
v 0.645673 0.054423 0.051759
v 0.641898 0.051978 0.053297
v 0.641662 0.052444 0.051759
v 0.641662 0.052444 0.051759
v 0.641898 0.051978 0.053297
v 0.645673 0.054423 0.051759
v 0.643668 0.048487 0.058399
v 0.639212 0.047542 0.057327
v 0.643116 0.049577 0.057327
v 0.643116 0.049577 0.057327
v 0.639212 0.047542 0.057327
v 0.643668 0.048487 0.058399
v 0.644280 0.047283 0.059301
v 0.639788 0.046465 0.058399
v 0.643668 0.048487 0.058399
v 0.643668 0.048487 0.058399
v 0.639788 0.046465 0.058399
v 0.644280 0.047283 0.059301
v 0.645536 0.054709 0.050165
v 0.641662 0.052444 0.051759
v 0.641518 0.052726 0.050165
v 0.641518 0.052726 0.050165
v 0.641662 0.052444 0.051759
v 0.645536 0.054709 0.050165
v 0.641518 0.052726 0.050165
v 0.638422 0.049016 0.041586
v 0.642359 0.051068 0.041586
v 0.642359 0.051068 0.041586
v 0.638422 0.049016 0.041586
v 0.641518 0.052726 0.050165
v 0.638422 0.049016 0.041586
v 0.635281 0.045550 0.032941
v 0.639142 0.047672 0.032941
v 0.639142 0.047672 0.032941
v 0.635281 0.045550 0.032941
v 0.638422 0.049016 0.041586
v 0.635281 0.045550 0.032941
v 0.632074 0.042321 0.024244
v 0.635865 0.044514 0.024244
v 0.635865 0.044514 0.024244
v 0.632074 0.042321 0.024244
v 0.635281 0.045550 0.032941
v 0.632074 0.042321 0.024244
v 0.628782 0.039323 0.015507
v 0.632508 0.041590 0.015507
v 0.632508 0.041590 0.015507
v 0.628782 0.039323 0.015507
v 0.632074 0.042321 0.024244
v 0.628782 0.039323 0.015507
v 0.625058 0.036337 0.006744
v 0.629053 0.038890 0.006744
v 0.629053 0.038890 0.006744
v 0.625058 0.036337 0.006744
v 0.628782 0.039323 0.015507
v 0.625058 0.036337 0.006744
v 0.620835 0.034046 -0.002033
v 0.625142 0.036188 -0.002033
v 0.625142 0.036188 -0.002033
v 0.620835 0.034046 -0.002033
v 0.625058 0.036337 0.006744
v 0.625058 0.036337 -0.010809
v 0.620835 0.034046 -0.002033
v 0.620762 0.034200 -0.010809
v 0.620762 0.034200 -0.010809
v 0.620835 0.034046 -0.002033
v 0.625058 0.036337 -0.010809
v 0.666907 0.037105 0.060966
v 0.639668 0.037772 0.060966
v 0.675599 0.040362 0.060966
v 0.675599 0.040362 0.060966
v 0.639668 0.037772 0.060966
v 0.666907 0.037105 0.060966
v 0.664201 0.033791 0.050585
v 0.666907 0.037105 0.060966
v 0.667651 0.035218 0.050585
v 0.667651 0.035218 0.050585
v 0.666907 0.037105 0.060966
v 0.664201 0.033791 0.050585
v 0.664201 0.033791 0.050585
v 0.661326 0.030710 0.040139
v 0.660640 0.032225 0.050585
v 0.660640 0.032225 0.050585
v 0.661326 0.030710 0.040139
v 0.664201 0.033791 0.050585
v 0.661326 0.030710 0.040139
v 0.658394 0.027914 0.029642
v 0.657833 0.029081 0.040139
v 0.657833 0.029081 0.040139
v 0.658394 0.027914 0.029642
v 0.661326 0.030710 0.040139
v 0.624806 0.036782 -0.019573
v 0.620762 0.034200 -0.010809
v 0.620544 0.034662 -0.019573
v 0.620544 0.034662 -0.019573
v 0.620762 0.034200 -0.010809
v 0.624806 0.036782 -0.019573
v 0.624387 0.037523 -0.028310
v 0.620544 0.034662 -0.019573
v 0.620181 0.035431 -0.028310
v 0.620181 0.035431 -0.028310
v 0.620544 0.034662 -0.019573
v 0.624387 0.037523 -0.028310
v 0.623801 0.038558 -0.037007
v 0.620181 0.035431 -0.028310
v 0.619673 0.036506 -0.037007
v 0.619673 0.036506 -0.037007
v 0.620181 0.035431 -0.028310
v 0.623801 0.038558 -0.037007
v 0.623049 0.039887 -0.045652
v 0.619673 0.036506 -0.037007
v 0.619021 0.037885 -0.045652
v 0.619021 0.037885 -0.045652
v 0.619673 0.036506 -0.037007
v 0.623049 0.039887 -0.045652
v 0.622131 0.041508 -0.054231
v 0.619021 0.037885 -0.045652
v 0.618227 0.039566 -0.054231
v 0.618227 0.039566 -0.054231
v 0.619021 0.037885 -0.045652
v 0.622131 0.041508 -0.054231
v 0.658394 0.027914 0.029642
v 0.655382 0.025395 0.019105
v 0.654963 0.026221 0.029642
v 0.654963 0.026221 0.029642
v 0.655382 0.025395 0.019105
v 0.658394 0.027914 0.029642
v 0.655382 0.025395 0.019105
v 0.652271 0.023146 0.008543
v 0.652008 0.023636 0.019105
v 0.652008 0.023636 0.019105
v 0.652271 0.023146 0.008543
v 0.655382 0.025395 0.019105
v 0.652271 0.023146 0.008543
v 0.649039 0.021158 -0.002033
v 0.648947 0.021319 0.008543
v 0.648947 0.021319 0.008543
v 0.649039 0.021158 -0.002033
v 0.652271 0.023146 0.008543
v 0.648947 0.021319 -0.012608
v 0.645760 0.019260 -0.002033
v 0.649039 0.021158 -0.002033
v 0.649039 0.021158 -0.002033
v 0.645760 0.019260 -0.002033
v 0.648947 0.021319 -0.012608
v 0.648674 0.021804 -0.023171
v 0.645665 0.019420 -0.012608
v 0.648947 0.021319 -0.012608
v 0.648947 0.021319 -0.012608
v 0.645665 0.019420 -0.012608
v 0.648674 0.021804 -0.023171
v 0.614546 0.009306 -0.054650
v 0.609819 0.006098 -0.044205
v 0.615070 0.007728 -0.044205
v 0.615070 0.007728 -0.044205
v 0.609819 0.006098 -0.044205
v 0.614546 0.009306 -0.054650
v 0.613906 0.011231 -0.065031
v 0.609358 0.007696 -0.054650
v 0.614546 0.009306 -0.054650
v 0.614546 0.009306 -0.054650
v 0.609358 0.007696 -0.054650
v 0.613906 0.011231 -0.065031
v 0.576684 0.016938 -0.065031
v 0.572050 0.018467 -0.064925
v 0.572083 0.016846 -0.065031
v 0.572083 0.016846 -0.065031
v 0.572050 0.018467 -0.064925
v 0.576684 0.016938 -0.065031
v 0.576224 0.028405 -0.057363
v 0.571834 0.028840 -0.055824
v 0.571834 0.028317 -0.057363
v 0.571834 0.028317 -0.057363
v 0.571834 0.028840 -0.055824
v 0.576224 0.028405 -0.057363
v 0.572083 0.016846 -0.065031
v 0.613906 0.011231 -0.065031
v 0.618947 0.013020 -0.065031
v 0.618947 0.013020 -0.065031
v 0.613906 0.011231 -0.065031
v 0.572083 0.016846 -0.065031
v 0.576224 0.028405 -0.057363
v 0.580565 0.029190 -0.055824
v 0.576203 0.028927 -0.055824
v 0.576203 0.028927 -0.055824
v 0.580565 0.029190 -0.055824
v 0.576224 0.028405 -0.057363
v 0.580607 0.028670 -0.057363
v 0.584913 0.029628 -0.055824
v 0.580565 0.029190 -0.055824
v 0.580565 0.029190 -0.055824
v 0.584913 0.029628 -0.055824
v 0.580607 0.028670 -0.057363
v 0.584976 0.029109 -0.057363
v 0.589240 0.030240 -0.055824
v 0.584913 0.029628 -0.055824
v 0.584913 0.029628 -0.055824
v 0.589240 0.030240 -0.055824
v 0.584976 0.029109 -0.057363
v 0.589324 0.029724 -0.057363
v 0.593539 0.031025 -0.055824
v 0.589240 0.030240 -0.055824
v 0.589240 0.030240 -0.055824
v 0.593539 0.031025 -0.055824
v 0.589324 0.029724 -0.057363
v 0.597728 0.032289 -0.054231
v 0.593539 0.031025 -0.055824
v 0.597804 0.031981 -0.055824
v 0.597804 0.031981 -0.055824
v 0.593539 0.031025 -0.055824
v 0.597728 0.032289 -0.054231
v 0.601938 0.033413 -0.054231
v 0.597804 0.031981 -0.055824
v 0.602026 0.033108 -0.055824
v 0.602026 0.033108 -0.055824
v 0.597804 0.031981 -0.055824
v 0.601938 0.033413 -0.054231
v 0.630926 0.012691 -0.033707
v 0.636153 0.016737 -0.044205
v 0.630372 0.013862 -0.044205
v 0.630372 0.013862 -0.044205
v 0.636153 0.016737 -0.044205
v 0.630926 0.012691 -0.033707
v 0.636792 0.015608 -0.033707
v 0.640955 0.019806 -0.044205
v 0.636153 0.016737 -0.044205
v 0.636153 0.016737 -0.044205
v 0.640955 0.019806 -0.044205
v 0.636792 0.015608 -0.033707
v 0.641641 0.018707 -0.033707
v 0.644247 0.021809 -0.044205
v 0.640955 0.019806 -0.044205
v 0.640955 0.019806 -0.044205
v 0.644247 0.021809 -0.044205
v 0.641641 0.018707 -0.033707
v 0.644908 0.020695 -0.033707
v 0.647583 0.023739 -0.044205
v 0.644247 0.021809 -0.044205
v 0.644247 0.021809 -0.044205
v 0.647583 0.023739 -0.044205
v 0.644908 0.020695 -0.033707
v 0.620710 0.008355 -0.033707
v 0.625355 0.011613 -0.044205
v 0.620252 0.009567 -0.044205
v 0.620252 0.009567 -0.044205
v 0.625355 0.011613 -0.044205
v 0.620710 0.008355 -0.033707
v 0.625861 0.010420 -0.033707
v 0.630372 0.013862 -0.044205
v 0.625355 0.011613 -0.044205
v 0.625355 0.011613 -0.044205
v 0.630372 0.013862 -0.044205
v 0.625861 0.010420 -0.033707
v 0.615479 0.006499 -0.033707
v 0.620252 0.009567 -0.044205
v 0.615070 0.007728 -0.044205
v 0.615070 0.007728 -0.044205
v 0.620252 0.009567 -0.044205
v 0.615479 0.006499 -0.033707
v 0.648219 0.022611 -0.033707
v 0.645381 0.019898 -0.023171
v 0.648674 0.021804 -0.023171
v 0.648674 0.021804 -0.023171
v 0.645381 0.019898 -0.023171
v 0.648219 0.022611 -0.033707
v 0.647583 0.023739 -0.044205
v 0.644908 0.020695 -0.033707
v 0.648219 0.022611 -0.033707
v 0.648219 0.022611 -0.033707
v 0.644908 0.020695 -0.033707
v 0.647583 0.023739 -0.044205
v 0.606099 0.034705 -0.054231
v 0.602026 0.033108 -0.055824
v 0.606200 0.034404 -0.055824
v 0.606200 0.034404 -0.055824
v 0.602026 0.033108 -0.055824
v 0.606099 0.034705 -0.054231
v 0.610206 0.036162 -0.054231
v 0.606200 0.034404 -0.055824
v 0.610318 0.035866 -0.055824
v 0.610318 0.035866 -0.055824
v 0.606200 0.034404 -0.055824
v 0.610206 0.036162 -0.054231
v 0.614250 0.037784 -0.054231
v 0.610318 0.035866 -0.055824
v 0.614374 0.037492 -0.055824
v 0.614374 0.037492 -0.055824
v 0.610318 0.035866 -0.055824
v 0.614250 0.037784 -0.054231
v 0.618227 0.039566 -0.054231
v 0.614374 0.037492 -0.055824
v 0.618362 0.039279 -0.055824
v 0.618362 0.039279 -0.055824
v 0.614374 0.037492 -0.055824
v 0.618227 0.039566 -0.054231
v 0.642631 0.050532 0.056106
v 0.646210 0.053305 0.054755
v 0.646601 0.052491 0.056106
v 0.646601 0.052491 0.056106
v 0.646210 0.053305 0.054755
v 0.642631 0.050532 0.056106
v 0.642223 0.051337 0.054755
v 0.645899 0.053952 0.053297
v 0.646210 0.053305 0.054755
v 0.646210 0.053305 0.054755
v 0.645899 0.053952 0.053297
v 0.642223 0.051337 0.054755
v 0.641898 0.051978 0.053297
v 0.645673 0.054423 0.051759
v 0.645899 0.053952 0.053297
v 0.645899 0.053952 0.053297
v 0.645673 0.054423 0.051759
v 0.641898 0.051978 0.053297
v 0.646601 0.052491 0.056106
v 0.643116 0.049577 0.057327
v 0.642631 0.050532 0.056106
v 0.642631 0.050532 0.056106
v 0.643116 0.049577 0.057327
v 0.646601 0.052491 0.056106
v 0.641662 0.052444 0.051759
v 0.645536 0.054709 0.050165
v 0.645673 0.054423 0.051759
v 0.645673 0.054423 0.051759
v 0.645536 0.054709 0.050165
v 0.641662 0.052444 0.051759
v 0.643116 0.049577 0.057327
v 0.647592 0.050424 0.058399
v 0.643668 0.048487 0.058399
v 0.643668 0.048487 0.058399
v 0.647592 0.050424 0.058399
v 0.643116 0.049577 0.057327
v 0.643668 0.048487 0.058399
v 0.648177 0.049206 0.059301
v 0.644280 0.047283 0.059301
v 0.644280 0.047283 0.059301
v 0.648177 0.049206 0.059301
v 0.643668 0.048487 0.058399
v 0.642359 0.051068 0.041586
v 0.645536 0.054709 0.050165
v 0.641518 0.052726 0.050165
v 0.641518 0.052726 0.050165
v 0.645536 0.054709 0.050165
v 0.642359 0.051068 0.041586
v 0.639142 0.047672 0.032941
v 0.642359 0.051068 0.041586
v 0.638422 0.049016 0.041586
v 0.638422 0.049016 0.041586
v 0.642359 0.051068 0.041586
v 0.639142 0.047672 0.032941
v 0.635865 0.044514 0.024244
v 0.639142 0.047672 0.032941
v 0.635281 0.045550 0.032941
v 0.635281 0.045550 0.032941
v 0.639142 0.047672 0.032941
v 0.635865 0.044514 0.024244
v 0.632508 0.041590 0.015507
v 0.635865 0.044514 0.024244
v 0.632074 0.042321 0.024244
v 0.632074 0.042321 0.024244
v 0.635865 0.044514 0.024244
v 0.632508 0.041590 0.015507
v 0.629053 0.038890 0.006744
v 0.632508 0.041590 0.015507
v 0.628782 0.039323 0.015507
v 0.628782 0.039323 0.015507
v 0.632508 0.041590 0.015507
v 0.629053 0.038890 0.006744
v 0.625142 0.036188 -0.002033
v 0.629053 0.038890 0.006744
v 0.625058 0.036337 0.006744
v 0.625058 0.036337 0.006744
v 0.629053 0.038890 0.006744
v 0.625142 0.036188 -0.002033
v 0.620835 0.034046 -0.002033
v 0.625058 0.036337 -0.010809
v 0.625142 0.036188 -0.002033
v 0.625142 0.036188 -0.002033
v 0.625058 0.036337 -0.010809
v 0.620835 0.034046 -0.002033
v 0.620762 0.034200 -0.010809
v 0.624806 0.036782 -0.019573
v 0.625058 0.036337 -0.010809
v 0.625058 0.036337 -0.010809
v 0.624806 0.036782 -0.019573
v 0.620762 0.034200 -0.010809
v 0.675599 0.040362 0.060966
v 0.639668 0.037772 0.060966
v 0.643357 0.039799 0.060966
v 0.643357 0.039799 0.060966
v 0.639668 0.037772 0.060966
v 0.675599 0.040362 0.060966
v 0.675599 0.040362 0.060966
v 0.667651 0.035218 0.050585
v 0.666907 0.037105 0.060966
v 0.666907 0.037105 0.060966
v 0.667651 0.035218 0.050585
v 0.675599 0.040362 0.060966
v 0.667651 0.035218 0.050585
v 0.664853 0.032261 0.040139
v 0.664201 0.033791 0.050585
v 0.664201 0.033791 0.050585
v 0.664853 0.032261 0.040139
v 0.667651 0.035218 0.050585
v 0.661326 0.030710 0.040139
v 0.664201 0.033791 0.050585
v 0.664853 0.032261 0.040139
v 0.664853 0.032261 0.040139
v 0.664201 0.033791 0.050585
v 0.661326 0.030710 0.040139
v 0.658394 0.027914 0.029642
v 0.661326 0.030710 0.040139
v 0.661860 0.029530 0.029642
v 0.661860 0.029530 0.029642
v 0.661326 0.030710 0.040139
v 0.658394 0.027914 0.029642
v 0.620544 0.034662 -0.019573
v 0.624387 0.037523 -0.028310
v 0.624806 0.036782 -0.019573
v 0.624806 0.036782 -0.019573
v 0.624387 0.037523 -0.028310
v 0.620544 0.034662 -0.019573
v 0.620181 0.035431 -0.028310
v 0.623801 0.038558 -0.037007
v 0.624387 0.037523 -0.028310
v 0.624387 0.037523 -0.028310
v 0.623801 0.038558 -0.037007
v 0.620181 0.035431 -0.028310
v 0.619673 0.036506 -0.037007
v 0.623049 0.039887 -0.045652
v 0.623801 0.038558 -0.037007
v 0.623801 0.038558 -0.037007
v 0.623049 0.039887 -0.045652
v 0.619673 0.036506 -0.037007
v 0.619021 0.037885 -0.045652
v 0.622131 0.041508 -0.054231
v 0.623049 0.039887 -0.045652
v 0.623049 0.039887 -0.045652
v 0.622131 0.041508 -0.054231
v 0.619021 0.037885 -0.045652
v 0.618362 0.039279 -0.055824
v 0.622131 0.041508 -0.054231
v 0.618227 0.039566 -0.054231
v 0.618227 0.039566 -0.054231
v 0.622131 0.041508 -0.054231
v 0.618362 0.039279 -0.055824
v 0.655382 0.025395 0.019105
v 0.658394 0.027914 0.029642
v 0.658794 0.027078 0.019105
v 0.658794 0.027078 0.019105
v 0.658394 0.027914 0.029642
v 0.655382 0.025395 0.019105
v 0.652271 0.023146 0.008543
v 0.655382 0.025395 0.019105
v 0.655634 0.024899 0.008543
v 0.655634 0.024899 0.008543
v 0.655382 0.025395 0.019105
v 0.652271 0.023146 0.008543
v 0.649039 0.021158 -0.002033
v 0.652271 0.023146 0.008543
v 0.652359 0.022982 -0.002033
v 0.652359 0.022982 -0.002033
v 0.652271 0.023146 0.008543
v 0.649039 0.021158 -0.002033
v 0.649039 0.021158 -0.002033
v 0.652271 0.023146 -0.012608
v 0.648947 0.021319 -0.012608
v 0.648947 0.021319 -0.012608
v 0.652271 0.023146 -0.012608
v 0.649039 0.021158 -0.002033
v 0.648947 0.021319 -0.012608
v 0.652008 0.023636 -0.023171
v 0.648674 0.021804 -0.023171
v 0.648674 0.021804 -0.023171
v 0.652008 0.023636 -0.023171
v 0.648947 0.021319 -0.012608
v 0.615070 0.007728 -0.044205
v 0.619664 0.011123 -0.054650
v 0.614546 0.009306 -0.054650
v 0.614546 0.009306 -0.054650
v 0.619664 0.011123 -0.054650
v 0.615070 0.007728 -0.044205
v 0.614546 0.009306 -0.054650
v 0.618947 0.013020 -0.065031
v 0.613906 0.011231 -0.065031
v 0.613906 0.011231 -0.065031
v 0.618947 0.013020 -0.065031
v 0.614546 0.009306 -0.054650
v 0.576619 0.018558 -0.064925
v 0.572018 0.020060 -0.064608
v 0.572050 0.018467 -0.064925
v 0.572050 0.018467 -0.064925
v 0.572018 0.020060 -0.064608
v 0.576619 0.018558 -0.064925
v 0.572050 0.018467 -0.064925
v 0.576684 0.016938 -0.065031
v 0.576619 0.018558 -0.064925
v 0.576619 0.018558 -0.064925
v 0.576684 0.016938 -0.065031
v 0.572050 0.018467 -0.064925
v 0.572083 0.016846 -0.065031
v 0.628795 0.017199 -0.065031
v 0.576684 0.016938 -0.065031
v 0.576684 0.016938 -0.065031
v 0.628795 0.017199 -0.065031
v 0.572083 0.016846 -0.065031
v 0.576253 0.027687 -0.058820
v 0.571834 0.028317 -0.057363
v 0.571834 0.027599 -0.058820
v 0.571834 0.027599 -0.058820
v 0.571834 0.028317 -0.057363
v 0.576253 0.027687 -0.058820
v 0.571834 0.028317 -0.057363
v 0.576253 0.027687 -0.058820
v 0.576224 0.028405 -0.057363
v 0.576224 0.028405 -0.057363
v 0.576253 0.027687 -0.058820
v 0.571834 0.028317 -0.057363
v 0.572083 0.016846 -0.065031
v 0.618947 0.013020 -0.065031
v 0.623913 0.015011 -0.065031
v 0.623913 0.015011 -0.065031
v 0.618947 0.013020 -0.065031
v 0.572083 0.016846 -0.065031
v 0.580565 0.029190 -0.055824
v 0.576224 0.028405 -0.057363
v 0.580607 0.028670 -0.057363
v 0.580607 0.028670 -0.057363
v 0.576224 0.028405 -0.057363
v 0.580565 0.029190 -0.055824
v 0.584913 0.029628 -0.055824
v 0.580607 0.028670 -0.057363
v 0.584976 0.029109 -0.057363
v 0.584976 0.029109 -0.057363
v 0.580607 0.028670 -0.057363
v 0.584913 0.029628 -0.055824
v 0.589240 0.030240 -0.055824
v 0.584976 0.029109 -0.057363
v 0.589324 0.029724 -0.057363
v 0.589324 0.029724 -0.057363
v 0.584976 0.029109 -0.057363
v 0.589240 0.030240 -0.055824
v 0.593539 0.031025 -0.055824
v 0.589324 0.029724 -0.057363
v 0.593644 0.030513 -0.057363
v 0.593644 0.030513 -0.057363
v 0.589324 0.029724 -0.057363
v 0.593539 0.031025 -0.055824
v 0.593644 0.030513 -0.057363
v 0.597804 0.031981 -0.055824
v 0.593539 0.031025 -0.055824
v 0.593539 0.031025 -0.055824
v 0.597804 0.031981 -0.055824
v 0.593644 0.030513 -0.057363
v 0.597928 0.031474 -0.057363
v 0.602026 0.033108 -0.055824
v 0.597804 0.031981 -0.055824
v 0.597804 0.031981 -0.055824
v 0.602026 0.033108 -0.055824
v 0.597928 0.031474 -0.057363
v 0.635333 0.018186 -0.054650
v 0.630372 0.013862 -0.044205
v 0.636153 0.016737 -0.044205
v 0.636153 0.016737 -0.044205
v 0.630372 0.013862 -0.044205
v 0.635333 0.018186 -0.054650
v 0.640075 0.021216 -0.054650
v 0.636153 0.016737 -0.044205
v 0.640955 0.019806 -0.044205
v 0.640955 0.019806 -0.044205
v 0.636153 0.016737 -0.044205
v 0.640075 0.021216 -0.054650
v 0.643399 0.023239 -0.054650
v 0.640955 0.019806 -0.044205
v 0.644247 0.021809 -0.044205
v 0.644247 0.021809 -0.044205
v 0.640955 0.019806 -0.044205
v 0.643399 0.023239 -0.054650
v 0.646766 0.025187 -0.054650
v 0.644247 0.021809 -0.044205
v 0.647583 0.023739 -0.044205
v 0.647583 0.023739 -0.044205
v 0.644247 0.021809 -0.044205
v 0.646766 0.025187 -0.054650
v 0.624706 0.013144 -0.054650
v 0.620252 0.009567 -0.044205
v 0.625355 0.011613 -0.044205
v 0.625355 0.011613 -0.044205
v 0.620252 0.009567 -0.044205
v 0.624706 0.013144 -0.054650
v 0.629662 0.015365 -0.054650
v 0.625355 0.011613 -0.044205
v 0.630372 0.013862 -0.044205
v 0.630372 0.013862 -0.044205
v 0.625355 0.011613 -0.044205
v 0.629662 0.015365 -0.054650
v 0.619664 0.011123 -0.054650
v 0.615070 0.007728 -0.044205
v 0.620252 0.009567 -0.044205
v 0.620252 0.009567 -0.044205
v 0.615070 0.007728 -0.044205
v 0.619664 0.011123 -0.054650
v 0.648674 0.021804 -0.023171
v 0.651571 0.024453 -0.033707
v 0.648219 0.022611 -0.033707
v 0.648219 0.022611 -0.033707
v 0.651571 0.024453 -0.033707
v 0.648674 0.021804 -0.023171
v 0.648219 0.022611 -0.033707
v 0.650960 0.025595 -0.044205
v 0.647583 0.023739 -0.044205
v 0.647583 0.023739 -0.044205
v 0.650960 0.025595 -0.044205
v 0.648219 0.022611 -0.033707
v 0.602171 0.032606 -0.057363
v 0.606200 0.034404 -0.055824
v 0.602026 0.033108 -0.055824
v 0.602026 0.033108 -0.055824
v 0.606200 0.034404 -0.055824
v 0.602171 0.032606 -0.057363
v 0.606364 0.033908 -0.057363
v 0.610318 0.035866 -0.055824
v 0.606200 0.034404 -0.055824
v 0.606200 0.034404 -0.055824
v 0.610318 0.035866 -0.055824
v 0.606364 0.033908 -0.057363
v 0.610502 0.035377 -0.057363
v 0.614374 0.037492 -0.055824
v 0.610318 0.035866 -0.055824
v 0.610318 0.035866 -0.055824
v 0.614374 0.037492 -0.055824
v 0.610502 0.035377 -0.057363
v 0.614578 0.037011 -0.057363
v 0.618362 0.039279 -0.055824
v 0.614374 0.037492 -0.055824
v 0.614374 0.037492 -0.055824
v 0.618362 0.039279 -0.055824
v 0.614578 0.037011 -0.057363
v 0.650240 0.055184 0.054755
v 0.646601 0.052491 0.056106
v 0.646210 0.053305 0.054755
v 0.646210 0.053305 0.054755
v 0.646601 0.052491 0.056106
v 0.650240 0.055184 0.054755
v 0.649943 0.055838 0.053297
v 0.646210 0.053305 0.054755
v 0.645899 0.053952 0.053297
v 0.645899 0.053952 0.053297
v 0.646210 0.053305 0.054755
v 0.649943 0.055838 0.053297
v 0.649728 0.056314 0.051759
v 0.645899 0.053952 0.053297
v 0.645673 0.054423 0.051759
v 0.645673 0.054423 0.051759
v 0.645899 0.053952 0.053297
v 0.649728 0.056314 0.051759
v 0.643116 0.049577 0.057327
v 0.646601 0.052491 0.056106
v 0.647064 0.051525 0.057327
v 0.647064 0.051525 0.057327
v 0.646601 0.052491 0.056106
v 0.643116 0.049577 0.057327
v 0.649597 0.056603 0.050165
v 0.645673 0.054423 0.051759
v 0.645536 0.054709 0.050165
v 0.645536 0.054709 0.050165
v 0.645673 0.054423 0.051759
v 0.649597 0.056603 0.050165
v 0.647592 0.050424 0.058399
v 0.643116 0.049577 0.057327
v 0.647064 0.051525 0.057327
v 0.647064 0.051525 0.057327
v 0.643116 0.049577 0.057327
v 0.647592 0.050424 0.058399
v 0.648177 0.049206 0.059301
v 0.643668 0.048487 0.058399
v 0.647592 0.050424 0.058399
v 0.647592 0.050424 0.058399
v 0.643668 0.048487 0.058399
v 0.648177 0.049206 0.059301
v 0.645536 0.054709 0.050165
v 0.642359 0.051068 0.041586
v 0.646341 0.053033 0.041586
v 0.646341 0.053033 0.041586
v 0.642359 0.051068 0.041586
v 0.645536 0.054709 0.050165
v 0.642359 0.051068 0.041586
v 0.639142 0.047672 0.032941
v 0.643049 0.049708 0.032941
v 0.643049 0.049708 0.032941
v 0.639142 0.047672 0.032941
v 0.642359 0.051068 0.041586
v 0.639142 0.047672 0.032941
v 0.635865 0.044514 0.024244
v 0.639703 0.046624 0.024244
v 0.639703 0.046624 0.024244
v 0.635865 0.044514 0.024244
v 0.639142 0.047672 0.032941
v 0.635865 0.044514 0.024244
v 0.632508 0.041590 0.015507
v 0.636282 0.043774 0.015507
v 0.636282 0.043774 0.015507
v 0.632508 0.041590 0.015507
v 0.635865 0.044514 0.024244
v 0.632508 0.041590 0.015507
v 0.629053 0.038890 0.006744
v 0.632768 0.041151 0.006744
v 0.632768 0.041151 0.006744
v 0.629053 0.038890 0.006744
v 0.632508 0.041590 0.015507
v 0.629053 0.038890 0.006744
v 0.625142 0.036188 -0.002033
v 0.629143 0.038745 -0.002033
v 0.629143 0.038745 -0.002033
v 0.625142 0.036188 -0.002033
v 0.629053 0.038890 0.006744
v 0.629053 0.038890 -0.010809
v 0.625142 0.036188 -0.002033
v 0.625058 0.036337 -0.010809
v 0.625058 0.036337 -0.010809
v 0.625142 0.036188 -0.002033
v 0.629053 0.038890 -0.010809
v 0.628782 0.039323 -0.019573
v 0.625058 0.036337 -0.010809
v 0.624806 0.036782 -0.019573
v 0.624806 0.036782 -0.019573
v 0.625058 0.036337 -0.010809
v 0.628782 0.039323 -0.019573
v 0.675599 0.040362 0.060966
v 0.643357 0.039799 0.060966
v 0.647089 0.041744 0.060966
v 0.647089 0.041744 0.060966
v 0.643357 0.039799 0.060966
v 0.675599 0.040362 0.060966
v 0.667651 0.035218 0.050585
v 0.675599 0.040362 0.060966
v 0.676269 0.038447 0.050585
v 0.676269 0.038447 0.050585
v 0.675599 0.040362 0.060966
v 0.667651 0.035218 0.050585
v 0.664853 0.032261 0.040139
v 0.667651 0.035218 0.050585
v 0.668260 0.033671 0.040139
v 0.668260 0.033671 0.040139
v 0.667651 0.035218 0.050585
v 0.664853 0.032261 0.040139
v 0.664853 0.032261 0.040139
v 0.661860 0.029530 0.029642
v 0.661326 0.030710 0.040139
v 0.661326 0.030710 0.040139
v 0.661860 0.029530 0.029642
v 0.664853 0.032261 0.040139
v 0.661860 0.029530 0.029642
v 0.658794 0.027078 0.019105
v 0.658394 0.027914 0.029642
v 0.658394 0.027914 0.029642
v 0.658794 0.027078 0.019105
v 0.661860 0.029530 0.029642
v 0.628333 0.040044 -0.028310
v 0.624806 0.036782 -0.019573
v 0.624387 0.037523 -0.028310
v 0.624387 0.037523 -0.028310
v 0.624806 0.036782 -0.019573
v 0.628333 0.040044 -0.028310
v 0.627704 0.041053 -0.037007
v 0.624387 0.037523 -0.028310
v 0.623801 0.038558 -0.037007
v 0.625913 0.043924 -0.054231
v 0.623049 0.039887 -0.045652
v 0.622131 0.041508 -0.054231
v 0.622131 0.041508 -0.054231
v 0.623049 0.039887 -0.045652
v 0.625913 0.043924 -0.054231
v 0.622131 0.041508 -0.054231
v 0.618362 0.039279 -0.055824
v 0.622288 0.041231 -0.055824
v 0.622288 0.041231 -0.055824
v 0.618362 0.039279 -0.055824
v 0.622131 0.041508 -0.054231
v 0.658794 0.027078 0.019105
v 0.655634 0.024899 0.008543
v 0.655382 0.025395 0.019105
v 0.655382 0.025395 0.019105
v 0.655634 0.024899 0.008543
v 0.658794 0.027078 0.019105
v 0.655634 0.024899 0.008543
v 0.652359 0.022982 -0.002033
v 0.652271 0.023146 0.008543
v 0.652271 0.023146 0.008543
v 0.652359 0.022982 -0.002033
v 0.655634 0.024899 0.008543
v 0.652271 0.023146 -0.012608
v 0.649039 0.021158 -0.002033
v 0.652359 0.022982 -0.002033
v 0.652359 0.022982 -0.002033
v 0.649039 0.021158 -0.002033
v 0.652271 0.023146 -0.012608
v 0.652008 0.023636 -0.023171
v 0.648947 0.021319 -0.012608
v 0.652271 0.023146 -0.012608
v 0.652271 0.023146 -0.012608
v 0.648947 0.021319 -0.012608
v 0.652008 0.023636 -0.023171
v 0.651571 0.024453 -0.033707
v 0.648674 0.021804 -0.023171
v 0.652008 0.023636 -0.023171
v 0.652008 0.023636 -0.023171
v 0.648674 0.021804 -0.023171
v 0.651571 0.024453 -0.033707
v 0.618947 0.013020 -0.065031
v 0.614546 0.009306 -0.054650
v 0.619664 0.011123 -0.054650
v 0.619664 0.011123 -0.054650
v 0.614546 0.009306 -0.054650
v 0.618947 0.013020 -0.065031
v 0.576555 0.020151 -0.064608
v 0.571988 0.021598 -0.064086
v 0.572018 0.020060 -0.064608
v 0.572018 0.020060 -0.064608
v 0.571988 0.021598 -0.064086
v 0.576555 0.020151 -0.064608
v 0.572018 0.020060 -0.064608
v 0.576619 0.018558 -0.064925
v 0.576555 0.020151 -0.064608
v 0.576555 0.020151 -0.064608
v 0.576619 0.018558 -0.064925
v 0.572018 0.020060 -0.064608
v 0.581527 0.017230 -0.065031
v 0.576619 0.018558 -0.064925
v 0.576684 0.016938 -0.065031
v 0.576684 0.016938 -0.065031
v 0.576619 0.018558 -0.064925
v 0.581527 0.017230 -0.065031
v 0.572083 0.016846 -0.065031
v 0.623913 0.015011 -0.065031
v 0.628795 0.017199 -0.065031
v 0.628795 0.017199 -0.065031
v 0.623913 0.015011 -0.065031
v 0.572083 0.016846 -0.065031
v 0.576684 0.016938 -0.065031
v 0.628795 0.017199 -0.065031
v 0.581527 0.017230 -0.065031
v 0.581527 0.017230 -0.065031
v 0.628795 0.017199 -0.065031
v 0.576684 0.016938 -0.065031
v 0.576289 0.026785 -0.060171
v 0.571834 0.027599 -0.058820
v 0.571834 0.026696 -0.060171
v 0.571834 0.026696 -0.060171
v 0.571834 0.027599 -0.058820
v 0.576289 0.026785 -0.060171
v 0.571834 0.027599 -0.058820
v 0.576289 0.026785 -0.060171
v 0.576253 0.027687 -0.058820
v 0.576253 0.027687 -0.058820
v 0.576289 0.026785 -0.060171
v 0.571834 0.027599 -0.058820
v 0.576253 0.027687 -0.058820
v 0.580607 0.028670 -0.057363
v 0.576224 0.028405 -0.057363
v 0.576224 0.028405 -0.057363
v 0.580607 0.028670 -0.057363
v 0.576253 0.027687 -0.058820
v 0.619664 0.011123 -0.054650
v 0.623913 0.015011 -0.065031
v 0.618947 0.013020 -0.065031
v 0.618947 0.013020 -0.065031
v 0.623913 0.015011 -0.065031
v 0.619664 0.011123 -0.054650
v 0.580665 0.027953 -0.058820
v 0.584976 0.029109 -0.057363
v 0.580607 0.028670 -0.057363
v 0.580607 0.028670 -0.057363
v 0.584976 0.029109 -0.057363
v 0.580665 0.027953 -0.058820
v 0.585062 0.028396 -0.058820
v 0.589324 0.029724 -0.057363
v 0.584976 0.029109 -0.057363
v 0.584976 0.029109 -0.057363
v 0.589324 0.029724 -0.057363
v 0.585062 0.028396 -0.058820
v 0.589439 0.029015 -0.058820
v 0.593644 0.030513 -0.057363
v 0.589324 0.029724 -0.057363
v 0.589324 0.029724 -0.057363
v 0.593644 0.030513 -0.057363
v 0.589439 0.029015 -0.058820
v 0.597804 0.031981 -0.055824
v 0.593644 0.030513 -0.057363
v 0.597928 0.031474 -0.057363
v 0.597928 0.031474 -0.057363
v 0.593644 0.030513 -0.057363
v 0.597804 0.031981 -0.055824
v 0.602026 0.033108 -0.055824
v 0.597928 0.031474 -0.057363
v 0.602171 0.032606 -0.057363
v 0.602171 0.032606 -0.057363
v 0.597928 0.031474 -0.057363
v 0.602026 0.033108 -0.055824
v 0.630372 0.013862 -0.044205
v 0.635333 0.018186 -0.054650
v 0.629662 0.015365 -0.054650
v 0.629662 0.015365 -0.054650
v 0.635333 0.018186 -0.054650
v 0.630372 0.013862 -0.044205
v 0.636153 0.016737 -0.044205
v 0.640075 0.021216 -0.054650
v 0.635333 0.018186 -0.054650
v 0.635333 0.018186 -0.054650
v 0.640075 0.021216 -0.054650
v 0.636153 0.016737 -0.044205
v 0.640955 0.019806 -0.044205
v 0.643399 0.023239 -0.054650
v 0.640075 0.021216 -0.054650
v 0.640075 0.021216 -0.054650
v 0.643399 0.023239 -0.054650
v 0.640955 0.019806 -0.044205
v 0.644247 0.021809 -0.044205
v 0.646766 0.025187 -0.054650
v 0.643399 0.023239 -0.054650
v 0.643399 0.023239 -0.054650
v 0.646766 0.025187 -0.054650
v 0.644247 0.021809 -0.044205
v 0.647583 0.023739 -0.044205
v 0.650175 0.027061 -0.054650
v 0.646766 0.025187 -0.054650
v 0.646766 0.025187 -0.054650
v 0.650175 0.027061 -0.054650
v 0.647583 0.023739 -0.044205
v 0.620252 0.009567 -0.044205
v 0.624706 0.013144 -0.054650
v 0.619664 0.011123 -0.054650
v 0.619664 0.011123 -0.054650
v 0.624706 0.013144 -0.054650
v 0.620252 0.009567 -0.044205
v 0.625355 0.011613 -0.044205
v 0.629662 0.015365 -0.054650
v 0.624706 0.013144 -0.054650
v 0.624706 0.013144 -0.054650
v 0.629662 0.015365 -0.054650
v 0.625355 0.011613 -0.044205
v 0.650960 0.025595 -0.044205
v 0.648219 0.022611 -0.033707
v 0.651571 0.024453 -0.033707
v 0.651571 0.024453 -0.033707
v 0.648219 0.022611 -0.033707
v 0.650960 0.025595 -0.044205
v 0.650175 0.027061 -0.054650
v 0.647583 0.023739 -0.044205
v 0.650960 0.025595 -0.044205
v 0.650960 0.025595 -0.044205
v 0.647583 0.023739 -0.044205
v 0.650175 0.027061 -0.054650
v 0.606200 0.034404 -0.055824
v 0.602171 0.032606 -0.057363
v 0.606364 0.033908 -0.057363
v 0.606364 0.033908 -0.057363
v 0.602171 0.032606 -0.057363
v 0.606200 0.034404 -0.055824
v 0.610318 0.035866 -0.055824
v 0.606364 0.033908 -0.057363
v 0.610502 0.035377 -0.057363
v 0.610502 0.035377 -0.057363
v 0.606364 0.033908 -0.057363
v 0.610318 0.035866 -0.055824
v 0.614374 0.037492 -0.055824
v 0.610502 0.035377 -0.057363
v 0.614578 0.037011 -0.057363
v 0.614578 0.037011 -0.057363
v 0.610502 0.035377 -0.057363
v 0.614374 0.037492 -0.055824
v 0.618362 0.039279 -0.055824
v 0.614578 0.037011 -0.057363
v 0.618585 0.038807 -0.057363
v 0.618585 0.038807 -0.057363
v 0.614578 0.037011 -0.057363
v 0.618362 0.039279 -0.055824
v 0.646601 0.052491 0.056106
v 0.650240 0.055184 0.054755
v 0.650612 0.054361 0.056106
v 0.650612 0.054361 0.056106
v 0.650240 0.055184 0.054755
v 0.646601 0.052491 0.056106
v 0.646210 0.053305 0.054755
v 0.649943 0.055838 0.053297
v 0.650240 0.055184 0.054755
v 0.650240 0.055184 0.054755
v 0.649943 0.055838 0.053297
v 0.646210 0.053305 0.054755
v 0.645899 0.053952 0.053297
v 0.649728 0.056314 0.051759
v 0.649943 0.055838 0.053297
v 0.649943 0.055838 0.053297
v 0.649728 0.056314 0.051759
v 0.645899 0.053952 0.053297
v 0.645673 0.054423 0.051759
v 0.649597 0.056603 0.050165
v 0.649728 0.056314 0.051759
v 0.649728 0.056314 0.051759
v 0.649597 0.056603 0.050165
v 0.645673 0.054423 0.051759
v 0.650612 0.054361 0.056106
v 0.647064 0.051525 0.057327
v 0.646601 0.052491 0.056106
v 0.646601 0.052491 0.056106
v 0.647064 0.051525 0.057327
v 0.650612 0.054361 0.056106
v 0.646341 0.053033 0.041586
v 0.649597 0.056603 0.050165
v 0.645536 0.054709 0.050165
v 0.645536 0.054709 0.050165
v 0.649597 0.056603 0.050165
v 0.646341 0.053033 0.041586
v 0.647064 0.051525 0.057327
v 0.651558 0.052273 0.058399
v 0.647592 0.050424 0.058399
v 0.647592 0.050424 0.058399
v 0.651558 0.052273 0.058399
v 0.647064 0.051525 0.057327
v 0.647592 0.050424 0.058399
v 0.652116 0.051043 0.059301
v 0.648177 0.049206 0.059301
v 0.648177 0.049206 0.059301
v 0.652116 0.051043 0.059301
v 0.647592 0.050424 0.058399
v 0.643049 0.049708 0.032941
v 0.646341 0.053033 0.041586
v 0.642359 0.051068 0.041586
v 0.642359 0.051068 0.041586
v 0.646341 0.053033 0.041586
v 0.643049 0.049708 0.032941
v 0.639703 0.046624 0.024244
v 0.643049 0.049708 0.032941
v 0.639142 0.047672 0.032941
v 0.639142 0.047672 0.032941
v 0.643049 0.049708 0.032941
v 0.639703 0.046624 0.024244
v 0.636282 0.043774 0.015507
v 0.639703 0.046624 0.024244
v 0.635865 0.044514 0.024244
v 0.635865 0.044514 0.024244
v 0.639703 0.046624 0.024244
v 0.636282 0.043774 0.015507
v 0.632768 0.041151 0.006744
v 0.636282 0.043774 0.015507
v 0.632508 0.041590 0.015507
v 0.632508 0.041590 0.015507
v 0.636282 0.043774 0.015507
v 0.632768 0.041151 0.006744
v 0.629143 0.038745 -0.002033
v 0.632768 0.041151 0.006744
v 0.629053 0.038890 0.006744
v 0.629053 0.038890 0.006744
v 0.632768 0.041151 0.006744
v 0.629143 0.038745 -0.002033
v 0.625142 0.036188 -0.002033
v 0.629053 0.038890 -0.010809
v 0.629143 0.038745 -0.002033
v 0.629143 0.038745 -0.002033
v 0.629053 0.038890 -0.010809
v 0.625142 0.036188 -0.002033
v 0.625058 0.036337 -0.010809
v 0.628782 0.039323 -0.019573
v 0.629053 0.038890 -0.010809
v 0.629053 0.038890 -0.010809
v 0.628782 0.039323 -0.019573
v 0.625058 0.036337 -0.010809
v 0.624806 0.036782 -0.019573
v 0.628333 0.040044 -0.028310
v 0.628782 0.039323 -0.019573
v 0.628782 0.039323 -0.019573
v 0.628333 0.040044 -0.028310
v 0.624806 0.036782 -0.019573
v 0.675599 0.040362 0.060966
v 0.647089 0.041744 0.060966
v 0.678136 0.041188 0.060966
v 0.678136 0.041188 0.060966
v 0.647089 0.041744 0.060966
v 0.675599 0.040362 0.060966
v 0.678136 0.041188 0.060966
v 0.676269 0.038447 0.050585
v 0.675599 0.040362 0.060966
v 0.675599 0.040362 0.060966
v 0.676269 0.038447 0.050585
v 0.678136 0.041188 0.060966
v 0.676269 0.038447 0.050585
v 0.668260 0.033671 0.040139
v 0.667651 0.035218 0.050585
v 0.667651 0.035218 0.050585
v 0.668260 0.033671 0.040139
v 0.676269 0.038447 0.050585
v 0.668260 0.033671 0.040139
v 0.665362 0.031070 0.029642
v 0.664853 0.032261 0.040139
v 0.664853 0.032261 0.040139
v 0.665362 0.031070 0.029642
v 0.668260 0.033671 0.040139
v 0.661860 0.029530 0.029642
v 0.664853 0.032261 0.040139
v 0.665362 0.031070 0.029642
v 0.665362 0.031070 0.029642
v 0.664853 0.032261 0.040139
v 0.661860 0.029530 0.029642
v 0.658794 0.027078 0.019105
v 0.661860 0.029530 0.029642
v 0.662242 0.028686 0.019105
v 0.662242 0.028686 0.019105
v 0.661860 0.029530 0.029642
v 0.658794 0.027078 0.019105
v 0.624387 0.037523 -0.028310
v 0.627704 0.041053 -0.037007
v 0.628333 0.040044 -0.028310
v 0.628333 0.040044 -0.028310
v 0.627704 0.041053 -0.037007
v 0.624387 0.037523 -0.028310
v 0.623801 0.038558 -0.037007
v 0.624387 0.037523 -0.028310
v 0.627704 0.041053 -0.037007
v 0.623801 0.038558 -0.037007
v 0.626896 0.042347 -0.045652
v 0.627704 0.041053 -0.037007
v 0.627704 0.041053 -0.037007
v 0.626896 0.042347 -0.045652
v 0.623801 0.038558 -0.037007
v 0.623049 0.039887 -0.045652
v 0.625913 0.043924 -0.054231
v 0.626896 0.042347 -0.045652
v 0.626896 0.042347 -0.045652
v 0.625913 0.043924 -0.054231
v 0.623049 0.039887 -0.045652
v 0.622288 0.041231 -0.055824
v 0.625913 0.043924 -0.054231
v 0.622131 0.041508 -0.054231
v 0.622131 0.041508 -0.054231
v 0.625913 0.043924 -0.054231
v 0.622288 0.041231 -0.055824
v 0.618585 0.038807 -0.057363
v 0.622288 0.041231 -0.055824
v 0.618362 0.039279 -0.055824
v 0.618362 0.039279 -0.055824
v 0.622288 0.041231 -0.055824
v 0.618585 0.038807 -0.057363
v 0.655634 0.024899 0.008543
v 0.658794 0.027078 0.019105
v 0.659035 0.026577 0.008543
v 0.659035 0.026577 0.008543
v 0.658794 0.027078 0.019105
v 0.655634 0.024899 0.008543
v 0.652359 0.022982 -0.002033
v 0.655634 0.024899 0.008543
v 0.655718 0.024733 -0.002033
v 0.655718 0.024733 -0.002033
v 0.655634 0.024899 0.008543
v 0.652359 0.022982 -0.002033
v 0.652359 0.022982 -0.002033
v 0.655634 0.024899 -0.012608
v 0.652271 0.023146 -0.012608
v 0.652271 0.023146 -0.012608
v 0.655634 0.024899 -0.012608
v 0.652359 0.022982 -0.002033
v 0.652271 0.023146 -0.012608
v 0.655382 0.025395 -0.023171
v 0.652008 0.023636 -0.023171
v 0.652008 0.023636 -0.023171
v 0.655382 0.025395 -0.023171
v 0.652271 0.023146 -0.012608
v 0.652008 0.023636 -0.023171
v 0.654963 0.026221 -0.033707
v 0.651571 0.024453 -0.033707
v 0.651571 0.024453 -0.033707
v 0.654963 0.026221 -0.033707
v 0.652008 0.023636 -0.023171
v 0.576494 0.021688 -0.064086
v 0.571958 0.023054 -0.063367
v 0.571988 0.021598 -0.064086
v 0.571988 0.021598 -0.064086
v 0.571958 0.023054 -0.063367
v 0.576494 0.021688 -0.064086
v 0.571988 0.021598 -0.064086
v 0.576555 0.020151 -0.064608
v 0.576494 0.021688 -0.064086
v 0.576494 0.021688 -0.064086
v 0.576555 0.020151 -0.064608
v 0.571988 0.021598 -0.064086
v 0.581397 0.018846 -0.064925
v 0.576555 0.020151 -0.064608
v 0.576619 0.018558 -0.064925
v 0.576619 0.018558 -0.064925
v 0.576555 0.020151 -0.064608
v 0.581397 0.018846 -0.064925
v 0.576619 0.018558 -0.064925
v 0.581527 0.017230 -0.065031
v 0.581397 0.018846 -0.064925
v 0.581397 0.018846 -0.064925
v 0.581527 0.017230 -0.065031
v 0.576619 0.018558 -0.064925
v 0.624706 0.013144 -0.054650
v 0.628795 0.017199 -0.065031
v 0.623913 0.015011 -0.065031
v 0.623913 0.015011 -0.065031
v 0.628795 0.017199 -0.065031
v 0.624706 0.013144 -0.054650
v 0.581527 0.017230 -0.065031
v 0.628795 0.017199 -0.065031
v 0.634333 0.019953 -0.065031
v 0.634333 0.019953 -0.065031
v 0.628795 0.017199 -0.065031
v 0.581527 0.017230 -0.065031
v 0.576332 0.025715 -0.061393
v 0.571834 0.026696 -0.060171
v 0.571834 0.025625 -0.061393
v 0.571834 0.025625 -0.061393
v 0.571834 0.026696 -0.060171
v 0.576332 0.025715 -0.061393
v 0.571834 0.026696 -0.060171
v 0.576332 0.025715 -0.061393
v 0.576289 0.026785 -0.060171
v 0.576289 0.026785 -0.060171
v 0.576332 0.025715 -0.061393
v 0.571834 0.026696 -0.060171
v 0.576289 0.026785 -0.060171
v 0.580665 0.027953 -0.058820
v 0.576253 0.027687 -0.058820
v 0.576253 0.027687 -0.058820
v 0.580665 0.027953 -0.058820
v 0.576289 0.026785 -0.060171
v 0.580607 0.028670 -0.057363
v 0.576253 0.027687 -0.058820
v 0.580665 0.027953 -0.058820
v 0.580665 0.027953 -0.058820
v 0.576253 0.027687 -0.058820
v 0.580607 0.028670 -0.057363
v 0.623913 0.015011 -0.065031
v 0.619664 0.011123 -0.054650
v 0.624706 0.013144 -0.054650
v 0.624706 0.013144 -0.054650
v 0.619664 0.011123 -0.054650
v 0.623913 0.015011 -0.065031
v 0.584976 0.029109 -0.057363
v 0.580665 0.027953 -0.058820
v 0.585062 0.028396 -0.058820
v 0.585062 0.028396 -0.058820
v 0.580665 0.027953 -0.058820
v 0.584976 0.029109 -0.057363
v 0.589324 0.029724 -0.057363
v 0.585062 0.028396 -0.058820
v 0.589439 0.029015 -0.058820
v 0.589439 0.029015 -0.058820
v 0.585062 0.028396 -0.058820
v 0.589324 0.029724 -0.057363
v 0.593644 0.030513 -0.057363
v 0.589439 0.029015 -0.058820
v 0.593787 0.029809 -0.058820
v 0.593787 0.029809 -0.058820
v 0.589439 0.029015 -0.058820
v 0.593644 0.030513 -0.057363
v 0.593787 0.029809 -0.058820
v 0.597928 0.031474 -0.057363
v 0.593644 0.030513 -0.057363
v 0.593644 0.030513 -0.057363
v 0.597928 0.031474 -0.057363
v 0.593787 0.029809 -0.058820
v 0.598100 0.030776 -0.058820
v 0.602171 0.032606 -0.057363
v 0.597928 0.031474 -0.057363
v 0.597928 0.031474 -0.057363
v 0.602171 0.032606 -0.057363
v 0.598100 0.030776 -0.058820
v 0.634333 0.019953 -0.065031
v 0.629662 0.015365 -0.054650
v 0.635333 0.018186 -0.054650
v 0.635333 0.018186 -0.054650
v 0.629662 0.015365 -0.054650
v 0.634333 0.019953 -0.065031
v 0.639002 0.022937 -0.065031
v 0.635333 0.018186 -0.054650
v 0.640075 0.021216 -0.054650
v 0.640075 0.021216 -0.054650
v 0.635333 0.018186 -0.054650
v 0.639002 0.022937 -0.065031
v 0.642364 0.024983 -0.065031
v 0.640075 0.021216 -0.054650
v 0.643399 0.023239 -0.054650
v 0.643399 0.023239 -0.054650
v 0.640075 0.021216 -0.054650
v 0.642364 0.024983 -0.065031
v 0.645770 0.026954 -0.065031
v 0.643399 0.023239 -0.054650
v 0.646766 0.025187 -0.054650
v 0.646766 0.025187 -0.054650
v 0.643399 0.023239 -0.054650
v 0.645770 0.026954 -0.065031
v 0.649218 0.028849 -0.065031
v 0.646766 0.025187 -0.054650
v 0.650175 0.027061 -0.054650
v 0.650175 0.027061 -0.054650
v 0.646766 0.025187 -0.054650
v 0.649218 0.028849 -0.065031
v 0.628795 0.017199 -0.065031
v 0.624706 0.013144 -0.054650
v 0.629662 0.015365 -0.054650
v 0.629662 0.015365 -0.054650
v 0.624706 0.013144 -0.054650
v 0.628795 0.017199 -0.065031
v 0.651571 0.024453 -0.033707
v 0.654377 0.027376 -0.044205
v 0.650960 0.025595 -0.044205
v 0.650960 0.025595 -0.044205
v 0.654377 0.027376 -0.044205
v 0.651571 0.024453 -0.033707
v 0.650960 0.025595 -0.044205
v 0.653625 0.028859 -0.054650
v 0.650175 0.027061 -0.054650
v 0.650175 0.027061 -0.054650
v 0.653625 0.028859 -0.054650
v 0.650960 0.025595 -0.044205
v 0.602370 0.031916 -0.058820
v 0.606364 0.033908 -0.057363
v 0.602171 0.032606 -0.057363
v 0.602171 0.032606 -0.057363
v 0.606364 0.033908 -0.057363
v 0.602370 0.031916 -0.058820
v 0.606591 0.033226 -0.058820
v 0.610502 0.035377 -0.057363
v 0.606364 0.033908 -0.057363
v 0.606364 0.033908 -0.057363
v 0.610502 0.035377 -0.057363
v 0.606591 0.033226 -0.058820
v 0.610756 0.034705 -0.058820
v 0.614578 0.037011 -0.057363
v 0.610502 0.035377 -0.057363
v 0.610502 0.035377 -0.057363
v 0.614578 0.037011 -0.057363
v 0.610756 0.034705 -0.058820
v 0.614859 0.036349 -0.058820
v 0.618585 0.038807 -0.057363
v 0.614578 0.037011 -0.057363
v 0.614578 0.037011 -0.057363
v 0.618585 0.038807 -0.057363
v 0.614859 0.036349 -0.058820
v 0.654310 0.056973 0.054755
v 0.650612 0.054361 0.056106
v 0.650240 0.055184 0.054755
v 0.650240 0.055184 0.054755
v 0.650612 0.054361 0.056106
v 0.654310 0.056973 0.054755
v 0.654028 0.057634 0.053297
v 0.650240 0.055184 0.054755
v 0.649943 0.055838 0.053297
v 0.649943 0.055838 0.053297
v 0.650240 0.055184 0.054755
v 0.654028 0.057634 0.053297
v 0.653823 0.058115 0.051759
v 0.649943 0.055838 0.053297
v 0.649728 0.056314 0.051759
v 0.649728 0.056314 0.051759
v 0.649943 0.055838 0.053297
v 0.653823 0.058115 0.051759
v 0.653698 0.058406 0.050165
v 0.649728 0.056314 0.051759
v 0.649597 0.056603 0.050165
v 0.649597 0.056603 0.050165
v 0.649728 0.056314 0.051759
v 0.653698 0.058406 0.050165
v 0.647064 0.051525 0.057327
v 0.650612 0.054361 0.056106
v 0.651054 0.053386 0.057327
v 0.651054 0.053386 0.057327
v 0.650612 0.054361 0.056106
v 0.647064 0.051525 0.057327
v 0.649597 0.056603 0.050165
v 0.646341 0.053033 0.041586
v 0.650364 0.054909 0.041586
v 0.650364 0.054909 0.041586
v 0.646341 0.053033 0.041586
v 0.649597 0.056603 0.050165
v 0.651558 0.052273 0.058399
v 0.647064 0.051525 0.057327
v 0.651054 0.053386 0.057327
v 0.651054 0.053386 0.057327
v 0.647064 0.051525 0.057327
v 0.651558 0.052273 0.058399
v 0.652116 0.051043 0.059301
v 0.647592 0.050424 0.058399
v 0.651558 0.052273 0.058399
v 0.651558 0.052273 0.058399
v 0.647592 0.050424 0.058399
v 0.652116 0.051043 0.059301
v 0.646341 0.053033 0.041586
v 0.643049 0.049708 0.032941
v 0.647000 0.051658 0.032941
v 0.647000 0.051658 0.032941
v 0.643049 0.049708 0.032941
v 0.646341 0.053033 0.041586
v 0.643049 0.049708 0.032941
v 0.639703 0.046624 0.024244
v 0.643587 0.048648 0.024244
v 0.643587 0.048648 0.024244
v 0.639703 0.046624 0.024244
v 0.643049 0.049708 0.032941
v 0.639703 0.046624 0.024244
v 0.636282 0.043774 0.015507
v 0.640104 0.045874 0.015507
v 0.640104 0.045874 0.015507
v 0.636282 0.043774 0.015507
v 0.639703 0.046624 0.024244
v 0.636282 0.043774 0.015507
v 0.632768 0.041151 0.006744
v 0.636533 0.043329 0.006744
v 0.636533 0.043329 0.006744
v 0.632768 0.041151 0.006744
v 0.636282 0.043774 0.015507
v 0.632768 0.041151 0.006744
v 0.629143 0.038745 -0.002033
v 0.632855 0.041004 -0.002033
v 0.632855 0.041004 -0.002033
v 0.629143 0.038745 -0.002033
v 0.632768 0.041151 0.006744
v 0.632768 0.041151 -0.010809
v 0.629143 0.038745 -0.002033
v 0.629053 0.038890 -0.010809
v 0.629053 0.038890 -0.010809
v 0.629143 0.038745 -0.002033
v 0.632768 0.041151 -0.010809
v 0.632508 0.041590 -0.019573
v 0.629053 0.038890 -0.010809
v 0.628782 0.039323 -0.019573
v 0.628782 0.039323 -0.019573
v 0.629053 0.038890 -0.010809
v 0.632508 0.041590 -0.019573
v 0.632074 0.042321 -0.028310
v 0.628782 0.039323 -0.019573
v 0.628333 0.040044 -0.028310
v 0.628333 0.040044 -0.028310
v 0.628782 0.039323 -0.019573
v 0.632074 0.042321 -0.028310
v 0.678136 0.041188 0.060966
v 0.647089 0.041744 0.060966
v 0.712142 0.052271 0.060966
v 0.712142 0.052271 0.060966
v 0.647089 0.041744 0.060966
v 0.678136 0.041188 0.060966
v 0.676269 0.038447 0.050585
v 0.678136 0.041188 0.060966
v 0.678764 0.039260 0.050585
v 0.678764 0.039260 0.050585
v 0.678136 0.041188 0.060966
v 0.676269 0.038447 0.050585
v 0.668260 0.033671 0.040139
v 0.676269 0.038447 0.050585
v 0.676819 0.036878 0.040139
v 0.676819 0.036878 0.040139
v 0.676269 0.038447 0.050585
v 0.668260 0.033671 0.040139
v 0.665362 0.031070 0.029642
v 0.668260 0.033671 0.040139
v 0.668735 0.032466 0.029642
v 0.668735 0.032466 0.029642
v 0.668260 0.033671 0.040139
v 0.665362 0.031070 0.029642
v 0.665362 0.031070 0.029642
v 0.662242 0.028686 0.019105
v 0.661860 0.029530 0.029642
v 0.661860 0.029530 0.029642
v 0.662242 0.028686 0.019105
v 0.665362 0.031070 0.029642
v 0.662242 0.028686 0.019105
v 0.659035 0.026577 0.008543
v 0.658794 0.027078 0.019105
v 0.658794 0.027078 0.019105
v 0.659035 0.026577 0.008543
v 0.662242 0.028686 0.019105
v 0.631467 0.043343 -0.037007
v 0.628333 0.040044 -0.028310
v 0.627704 0.041053 -0.037007
v 0.627704 0.041053 -0.037007
v 0.628333 0.040044 -0.028310
v 0.631467 0.043343 -0.037007
v 0.626896 0.042347 -0.045652
v 0.623801 0.038558 -0.037007
v 0.623049 0.039887 -0.045652
v 0.623049 0.039887 -0.045652
v 0.623801 0.038558 -0.037007
v 0.626896 0.042347 -0.045652
v 0.630689 0.044654 -0.045652
v 0.627704 0.041053 -0.037007
v 0.626896 0.042347 -0.045652
v 0.626896 0.042347 -0.045652
v 0.627704 0.041053 -0.037007
v 0.630689 0.044654 -0.045652
v 0.629740 0.046253 -0.054231
v 0.626896 0.042347 -0.045652
v 0.625913 0.043924 -0.054231
v 0.625913 0.043924 -0.054231
v 0.626896 0.042347 -0.045652
v 0.629740 0.046253 -0.054231
v 0.625913 0.043924 -0.054231
v 0.622288 0.041231 -0.055824
v 0.626080 0.043655 -0.055824
v 0.626080 0.043655 -0.055824
v 0.622288 0.041231 -0.055824
v 0.625913 0.043924 -0.054231
v 0.622288 0.041231 -0.055824
v 0.618585 0.038807 -0.057363
v 0.622545 0.040776 -0.057363
v 0.622545 0.040776 -0.057363
v 0.618585 0.038807 -0.057363
v 0.622288 0.041231 -0.055824
v 0.659035 0.026577 0.008543
v 0.655718 0.024733 -0.002033
v 0.655634 0.024899 0.008543
v 0.655634 0.024899 0.008543
v 0.655718 0.024733 -0.002033
v 0.659035 0.026577 0.008543
v 0.655634 0.024899 -0.012608
v 0.652359 0.022982 -0.002033
v 0.655718 0.024733 -0.002033
v 0.655718 0.024733 -0.002033
v 0.652359 0.022982 -0.002033
v 0.655634 0.024899 -0.012608
v 0.655382 0.025395 -0.023171
v 0.652271 0.023146 -0.012608
v 0.655634 0.024899 -0.012608
v 0.655634 0.024899 -0.012608
v 0.652271 0.023146 -0.012608
v 0.655382 0.025395 -0.023171
v 0.654963 0.026221 -0.033707
v 0.652008 0.023636 -0.023171
v 0.655382 0.025395 -0.023171
v 0.655382 0.025395 -0.023171
v 0.652008 0.023636 -0.023171
v 0.654963 0.026221 -0.033707
v 0.654377 0.027376 -0.044205
v 0.651571 0.024453 -0.033707
v 0.654963 0.026221 -0.033707
v 0.654963 0.026221 -0.033707
v 0.651571 0.024453 -0.033707
v 0.654377 0.027376 -0.044205
v 0.576435 0.023144 -0.063367
v 0.571931 0.024405 -0.062464
v 0.571958 0.023054 -0.063367
v 0.571958 0.023054 -0.063367
v 0.571931 0.024405 -0.062464
v 0.576435 0.023144 -0.063367
v 0.571958 0.023054 -0.063367
v 0.576494 0.021688 -0.064086
v 0.576435 0.023144 -0.063367
v 0.576435 0.023144 -0.063367
v 0.576494 0.021688 -0.064086
v 0.571958 0.023054 -0.063367
v 0.581269 0.020435 -0.064608
v 0.576494 0.021688 -0.064086
v 0.576555 0.020151 -0.064608
v 0.576555 0.020151 -0.064608
v 0.576494 0.021688 -0.064086
v 0.581269 0.020435 -0.064608
v 0.576555 0.020151 -0.064608
v 0.581397 0.018846 -0.064925
v 0.581269 0.020435 -0.064608
v 0.581269 0.020435 -0.064608
v 0.581397 0.018846 -0.064925
v 0.576555 0.020151 -0.064608
v 0.586354 0.017716 -0.065031
v 0.581397 0.018846 -0.064925
v 0.581527 0.017230 -0.065031
v 0.581527 0.017230 -0.065031
v 0.581397 0.018846 -0.064925
v 0.586354 0.017716 -0.065031
v 0.629662 0.015365 -0.054650
v 0.634333 0.019953 -0.065031
v 0.628795 0.017199 -0.065031
v 0.628795 0.017199 -0.065031
v 0.634333 0.019953 -0.065031
v 0.629662 0.015365 -0.054650
v 0.581527 0.017230 -0.065031
v 0.634333 0.019953 -0.065031
v 0.586354 0.017716 -0.065031
v 0.586354 0.017716 -0.065031
v 0.634333 0.019953 -0.065031
v 0.581527 0.017230 -0.065031
v 0.576381 0.024494 -0.062464
v 0.571834 0.025625 -0.061393
v 0.571931 0.024405 -0.062464
v 0.571931 0.024405 -0.062464
v 0.571834 0.025625 -0.061393
v 0.576381 0.024494 -0.062464
v 0.571834 0.025625 -0.061393
v 0.576381 0.024494 -0.062464
v 0.576332 0.025715 -0.061393
v 0.576332 0.025715 -0.061393
v 0.576381 0.024494 -0.062464
v 0.571834 0.025625 -0.061393
v 0.580665 0.027953 -0.058820
v 0.576289 0.026785 -0.060171
v 0.580737 0.027053 -0.060171
v 0.580737 0.027053 -0.060171
v 0.576289 0.026785 -0.060171
v 0.580665 0.027953 -0.058820
v 0.580737 0.027053 -0.060171
v 0.585062 0.028396 -0.058820
v 0.580665 0.027953 -0.058820
v 0.580665 0.027953 -0.058820
v 0.585062 0.028396 -0.058820
v 0.580737 0.027053 -0.060171
v 0.585171 0.027500 -0.060171
v 0.589439 0.029015 -0.058820
v 0.585062 0.028396 -0.058820
v 0.585062 0.028396 -0.058820
v 0.589439 0.029015 -0.058820
v 0.585171 0.027500 -0.060171
v 0.589583 0.028124 -0.060171
v 0.593787 0.029809 -0.058820
v 0.589439 0.029015 -0.058820
v 0.589439 0.029015 -0.058820
v 0.593787 0.029809 -0.058820
v 0.589583 0.028124 -0.060171
v 0.597928 0.031474 -0.057363
v 0.593787 0.029809 -0.058820
v 0.598100 0.030776 -0.058820
v 0.598100 0.030776 -0.058820
v 0.593787 0.029809 -0.058820
v 0.597928 0.031474 -0.057363
v 0.602171 0.032606 -0.057363
v 0.598100 0.030776 -0.058820
v 0.602370 0.031916 -0.058820
v 0.602370 0.031916 -0.058820
v 0.598100 0.030776 -0.058820
v 0.602171 0.032606 -0.057363
v 0.635333 0.018186 -0.054650
v 0.639002 0.022937 -0.065031
v 0.634333 0.019953 -0.065031
v 0.634333 0.019953 -0.065031
v 0.639002 0.022937 -0.065031
v 0.635333 0.018186 -0.054650
v 0.640075 0.021216 -0.054650
v 0.642364 0.024983 -0.065031
v 0.639002 0.022937 -0.065031
v 0.639002 0.022937 -0.065031
v 0.642364 0.024983 -0.065031
v 0.640075 0.021216 -0.054650
v 0.643399 0.023239 -0.054650
v 0.645770 0.026954 -0.065031
v 0.642364 0.024983 -0.065031
v 0.642364 0.024983 -0.065031
v 0.645770 0.026954 -0.065031
v 0.643399 0.023239 -0.054650
v 0.646766 0.025187 -0.054650
v 0.649218 0.028849 -0.065031
v 0.645770 0.026954 -0.065031
v 0.645770 0.026954 -0.065031
v 0.649218 0.028849 -0.065031
v 0.646766 0.025187 -0.054650
v 0.650175 0.027061 -0.054650
v 0.652708 0.030668 -0.065031
v 0.649218 0.028849 -0.065031
v 0.649218 0.028849 -0.065031
v 0.652708 0.030668 -0.065031
v 0.650175 0.027061 -0.054650
v 0.653625 0.028859 -0.054650
v 0.650960 0.025595 -0.044205
v 0.654377 0.027376 -0.044205
v 0.654377 0.027376 -0.044205
v 0.650960 0.025595 -0.044205
v 0.653625 0.028859 -0.054650
v 0.652708 0.030668 -0.065031
v 0.650175 0.027061 -0.054650
v 0.653625 0.028859 -0.054650
v 0.653625 0.028859 -0.054650
v 0.650175 0.027061 -0.054650
v 0.652708 0.030668 -0.065031
v 0.606364 0.033908 -0.057363
v 0.602370 0.031916 -0.058820
v 0.606591 0.033226 -0.058820
v 0.606591 0.033226 -0.058820
v 0.602370 0.031916 -0.058820
v 0.606364 0.033908 -0.057363
v 0.610502 0.035377 -0.057363
v 0.606591 0.033226 -0.058820
v 0.610756 0.034705 -0.058820
v 0.610756 0.034705 -0.058820
v 0.606591 0.033226 -0.058820
v 0.610502 0.035377 -0.057363
v 0.614578 0.037011 -0.057363
v 0.610756 0.034705 -0.058820
v 0.614859 0.036349 -0.058820
v 0.614859 0.036349 -0.058820
v 0.610756 0.034705 -0.058820
v 0.614578 0.037011 -0.057363
v 0.618585 0.038807 -0.057363
v 0.614859 0.036349 -0.058820
v 0.618892 0.038157 -0.058820
v 0.618892 0.038157 -0.058820
v 0.614859 0.036349 -0.058820
v 0.618585 0.038807 -0.057363
v 0.650612 0.054361 0.056106
v 0.654310 0.056973 0.054755
v 0.654664 0.056143 0.056106
v 0.654664 0.056143 0.056106
v 0.654310 0.056973 0.054755
v 0.650612 0.054361 0.056106
v 0.650240 0.055184 0.054755
v 0.654028 0.057634 0.053297
v 0.654310 0.056973 0.054755
v 0.654310 0.056973 0.054755
v 0.654028 0.057634 0.053297
v 0.650240 0.055184 0.054755
v 0.649943 0.055838 0.053297
v 0.653823 0.058115 0.051759
v 0.654028 0.057634 0.053297
v 0.654028 0.057634 0.053297
v 0.653823 0.058115 0.051759
v 0.649943 0.055838 0.053297
v 0.649728 0.056314 0.051759
v 0.653698 0.058406 0.050165
v 0.653823 0.058115 0.051759
v 0.653823 0.058115 0.051759
v 0.653698 0.058406 0.050165
v 0.649728 0.056314 0.051759
v 0.650364 0.054909 0.041586
v 0.653698 0.058406 0.050165
v 0.649597 0.056603 0.050165
v 0.649597 0.056603 0.050165
v 0.653698 0.058406 0.050165
v 0.650364 0.054909 0.041586
v 0.654664 0.056143 0.056106
v 0.651054 0.053386 0.057327
v 0.650612 0.054361 0.056106
v 0.650612 0.054361 0.056106
v 0.651054 0.053386 0.057327
v 0.654664 0.056143 0.056106
v 0.647000 0.051658 0.032941
v 0.650364 0.054909 0.041586
v 0.646341 0.053033 0.041586
v 0.646341 0.053033 0.041586
v 0.650364 0.054909 0.041586
v 0.647000 0.051658 0.032941
v 0.651054 0.053386 0.057327
v 0.655564 0.054035 0.058399
v 0.651558 0.052273 0.058399
v 0.651558 0.052273 0.058399
v 0.655564 0.054035 0.058399
v 0.651054 0.053386 0.057327
v 0.651558 0.052273 0.058399
v 0.656094 0.052792 0.059301
v 0.652116 0.051043 0.059301
v 0.652116 0.051043 0.059301
v 0.656094 0.052792 0.059301
v 0.651558 0.052273 0.058399
v 0.643587 0.048648 0.024244
v 0.647000 0.051658 0.032941
v 0.643049 0.049708 0.032941
v 0.643049 0.049708 0.032941
v 0.647000 0.051658 0.032941
v 0.643587 0.048648 0.024244
v 0.640104 0.045874 0.015507
v 0.643587 0.048648 0.024244
v 0.639703 0.046624 0.024244
v 0.639703 0.046624 0.024244
v 0.643587 0.048648 0.024244
v 0.640104 0.045874 0.015507
v 0.636533 0.043329 0.006744
v 0.640104 0.045874 0.015507
v 0.636282 0.043774 0.015507
v 0.636282 0.043774 0.015507
v 0.640104 0.045874 0.015507
v 0.636533 0.043329 0.006744
v 0.632855 0.041004 -0.002033
v 0.636533 0.043329 0.006744
v 0.632768 0.041151 0.006744
v 0.632768 0.041151 0.006744
v 0.636533 0.043329 0.006744
v 0.632855 0.041004 -0.002033
v 0.629143 0.038745 -0.002033
v 0.632768 0.041151 -0.010809
v 0.632855 0.041004 -0.002033
v 0.632855 0.041004 -0.002033
v 0.632768 0.041151 -0.010809
v 0.629143 0.038745 -0.002033
v 0.629053 0.038890 -0.010809
v 0.632508 0.041590 -0.019573
v 0.632768 0.041151 -0.010809
v 0.632768 0.041151 -0.010809
v 0.632508 0.041590 -0.019573
v 0.629053 0.038890 -0.010809
v 0.628782 0.039323 -0.019573
v 0.632074 0.042321 -0.028310
v 0.632508 0.041590 -0.019573
v 0.632508 0.041590 -0.019573
v 0.632074 0.042321 -0.028310
v 0.628782 0.039323 -0.019573
v 0.628333 0.040044 -0.028310
v 0.631467 0.043343 -0.037007
v 0.632074 0.042321 -0.028310
v 0.632074 0.042321 -0.028310
v 0.631467 0.043343 -0.037007
v 0.628333 0.040044 -0.028310
v 0.712142 0.052271 0.060966
v 0.647089 0.041744 0.060966
v 0.650863 0.043607 0.060966
v 0.650863 0.043607 0.060966
v 0.647089 0.041744 0.060966
v 0.712142 0.052271 0.060966
v 0.678764 0.039260 0.050585
v 0.678136 0.041188 0.060966
v 0.712142 0.052271 0.060966
v 0.712142 0.052271 0.060966
v 0.678136 0.041188 0.060966
v 0.678764 0.039260 0.050585
v 0.678764 0.039260 0.050585
v 0.676819 0.036878 0.040139
v 0.676269 0.038447 0.050585
v 0.676269 0.038447 0.050585
v 0.676819 0.036878 0.040139
v 0.678764 0.039260 0.050585
v 0.676819 0.036878 0.040139
v 0.668735 0.032466 0.029642
v 0.668260 0.033671 0.040139
v 0.668260 0.033671 0.040139
v 0.668735 0.032466 0.029642
v 0.676819 0.036878 0.040139
v 0.668735 0.032466 0.029642
v 0.665725 0.030218 0.019105
v 0.665362 0.031070 0.029642
v 0.665362 0.031070 0.029642
v 0.665725 0.030218 0.019105
v 0.668735 0.032466 0.029642
v 0.662242 0.028686 0.019105
v 0.665362 0.031070 0.029642
v 0.665725 0.030218 0.019105
v 0.665725 0.030218 0.019105
v 0.665362 0.031070 0.029642
v 0.662242 0.028686 0.019105
v 0.659035 0.026577 0.008543
v 0.662242 0.028686 0.019105
v 0.662472 0.028180 0.008543
v 0.662472 0.028180 0.008543
v 0.662242 0.028686 0.019105
v 0.659035 0.026577 0.008543
v 0.627704 0.041053 -0.037007
v 0.630689 0.044654 -0.045652
v 0.631467 0.043343 -0.037007
v 0.631467 0.043343 -0.037007
v 0.630689 0.044654 -0.045652
v 0.627704 0.041053 -0.037007
v 0.626896 0.042347 -0.045652
v 0.629740 0.046253 -0.054231
v 0.630689 0.044654 -0.045652
v 0.630689 0.044654 -0.045652
v 0.629740 0.046253 -0.054231
v 0.626896 0.042347 -0.045652
v 0.626080 0.043655 -0.055824
v 0.629740 0.046253 -0.054231
v 0.625913 0.043924 -0.054231
v 0.625913 0.043924 -0.054231
v 0.629740 0.046253 -0.054231
v 0.626080 0.043655 -0.055824
v 0.622545 0.040776 -0.057363
v 0.626080 0.043655 -0.055824
v 0.622288 0.041231 -0.055824
v 0.622288 0.041231 -0.055824
v 0.626080 0.043655 -0.055824
v 0.622545 0.040776 -0.057363
v 0.618892 0.038157 -0.058820
v 0.622545 0.040776 -0.057363
v 0.618585 0.038807 -0.057363
v 0.618585 0.038807 -0.057363
v 0.622545 0.040776 -0.057363
v 0.618892 0.038157 -0.058820
v 0.655718 0.024733 -0.002033
v 0.659035 0.026577 0.008543
v 0.659115 0.026410 -0.002033
v 0.659115 0.026410 -0.002033
v 0.659035 0.026577 0.008543
v 0.655718 0.024733 -0.002033
v 0.655718 0.024733 -0.002033
v 0.659035 0.026577 -0.012608
v 0.655634 0.024899 -0.012608
v 0.655634 0.024899 -0.012608
v 0.659035 0.026577 -0.012608
v 0.655718 0.024733 -0.002033
v 0.655634 0.024899 -0.012608
v 0.658794 0.027078 -0.023171
v 0.655382 0.025395 -0.023171
v 0.655382 0.025395 -0.023171
v 0.658794 0.027078 -0.023171
v 0.655634 0.024899 -0.012608
v 0.655382 0.025395 -0.023171
v 0.658394 0.027914 -0.033707
v 0.654963 0.026221 -0.033707
v 0.654963 0.026221 -0.033707
v 0.658394 0.027914 -0.033707
v 0.655382 0.025395 -0.023171
v 0.654963 0.026221 -0.033707
v 0.657833 0.029081 -0.044205
v 0.654377 0.027376 -0.044205
v 0.654377 0.027376 -0.044205
v 0.657833 0.029081 -0.044205
v 0.654963 0.026221 -0.033707
v 0.571931 0.024405 -0.062464
v 0.576435 0.023144 -0.063367
v 0.576381 0.024494 -0.062464
v 0.576381 0.024494 -0.062464
v 0.576435 0.023144 -0.063367
v 0.571931 0.024405 -0.062464
v 0.581146 0.021968 -0.064086
v 0.576435 0.023144 -0.063367
v 0.576494 0.021688 -0.064086
v 0.576494 0.021688 -0.064086
v 0.576435 0.023144 -0.063367
v 0.581146 0.021968 -0.064086
v 0.576494 0.021688 -0.064086
v 0.581269 0.020435 -0.064608
v 0.581146 0.021968 -0.064086
v 0.581146 0.021968 -0.064086
v 0.581269 0.020435 -0.064608
v 0.576494 0.021688 -0.064086
v 0.586160 0.019326 -0.064925
v 0.581269 0.020435 -0.064608
v 0.581397 0.018846 -0.064925
v 0.581397 0.018846 -0.064925
v 0.581269 0.020435 -0.064608
v 0.586160 0.019326 -0.064925
v 0.581397 0.018846 -0.064925
v 0.586354 0.017716 -0.065031
v 0.586160 0.019326 -0.064925
v 0.586160 0.019326 -0.064925
v 0.586354 0.017716 -0.065031
v 0.581397 0.018846 -0.064925
v 0.586354 0.017716 -0.065031
v 0.634333 0.019953 -0.065031
v 0.591158 0.018395 -0.065031
v 0.591158 0.018395 -0.065031
v 0.634333 0.019953 -0.065031
v 0.586354 0.017716 -0.065031
v 0.580921 0.024768 -0.062464
v 0.576332 0.025715 -0.061393
v 0.576381 0.024494 -0.062464
v 0.576381 0.024494 -0.062464
v 0.576332 0.025715 -0.061393
v 0.580921 0.024768 -0.062464
v 0.576332 0.025715 -0.061393
v 0.580737 0.027053 -0.060171
v 0.576289 0.026785 -0.060171
v 0.576289 0.026785 -0.060171
v 0.580737 0.027053 -0.060171
v 0.576332 0.025715 -0.061393
v 0.585062 0.028396 -0.058820
v 0.580737 0.027053 -0.060171
v 0.585171 0.027500 -0.060171
v 0.585171 0.027500 -0.060171
v 0.580737 0.027053 -0.060171
v 0.585062 0.028396 -0.058820
v 0.589439 0.029015 -0.058820
v 0.585171 0.027500 -0.060171
v 0.589583 0.028124 -0.060171
v 0.589583 0.028124 -0.060171
v 0.585171 0.027500 -0.060171
v 0.589439 0.029015 -0.058820
v 0.593787 0.029809 -0.058820
v 0.589583 0.028124 -0.060171
v 0.593967 0.028924 -0.060171
v 0.593967 0.028924 -0.060171
v 0.589583 0.028124 -0.060171
v 0.593787 0.029809 -0.058820
v 0.593967 0.028924 -0.060171
v 0.598100 0.030776 -0.058820
v 0.593787 0.029809 -0.058820
v 0.593787 0.029809 -0.058820
v 0.598100 0.030776 -0.058820
v 0.593967 0.028924 -0.060171
v 0.598315 0.029899 -0.060171
v 0.602370 0.031916 -0.058820
v 0.598100 0.030776 -0.058820
v 0.598100 0.030776 -0.058820
v 0.602370 0.031916 -0.058820
v 0.598315 0.029899 -0.060171
v 0.600665 0.020329 -0.065031
v 0.634333 0.019953 -0.065031
v 0.639002 0.022937 -0.065031
v 0.639002 0.022937 -0.065031
v 0.634333 0.019953 -0.065031
v 0.600665 0.020329 -0.065031
v 0.609986 0.023018 -0.065031
v 0.639002 0.022937 -0.065031
v 0.642364 0.024983 -0.065031
v 0.642364 0.024983 -0.065031
v 0.639002 0.022937 -0.065031
v 0.609986 0.023018 -0.065031
v 0.619061 0.026446 -0.065031
v 0.642364 0.024983 -0.065031
v 0.645770 0.026954 -0.065031
v 0.645770 0.026954 -0.065031
v 0.642364 0.024983 -0.065031
v 0.619061 0.026446 -0.065031
v 0.623488 0.028431 -0.065031
v 0.645770 0.026954 -0.065031
v 0.649218 0.028849 -0.065031
v 0.649218 0.028849 -0.065031
v 0.645770 0.026954 -0.065031
v 0.623488 0.028431 -0.065031
v 0.628206 0.030777 -0.065031
v 0.649218 0.028849 -0.065031
v 0.652708 0.030668 -0.065031
v 0.652708 0.030668 -0.065031
v 0.649218 0.028849 -0.065031
v 0.628206 0.030777 -0.065031
v 0.654377 0.027376 -0.044205
v 0.657114 0.030580 -0.054650
v 0.653625 0.028859 -0.054650
v 0.653625 0.028859 -0.054650
v 0.657114 0.030580 -0.054650
v 0.654377 0.027376 -0.044205
v 0.653625 0.028859 -0.054650
v 0.656236 0.032409 -0.065031
v 0.652708 0.030668 -0.065031
v 0.652708 0.030668 -0.065031
v 0.656236 0.032409 -0.065031
v 0.653625 0.028859 -0.054650
v 0.602620 0.031049 -0.060171
v 0.606591 0.033226 -0.058820
v 0.602370 0.031916 -0.058820
v 0.602370 0.031916 -0.058820
v 0.606591 0.033226 -0.058820
v 0.602620 0.031049 -0.060171
v 0.606876 0.032370 -0.060171
v 0.610756 0.034705 -0.058820
v 0.606591 0.033226 -0.058820
v 0.606591 0.033226 -0.058820
v 0.610756 0.034705 -0.058820
v 0.606876 0.032370 -0.060171
v 0.611075 0.033860 -0.060171
v 0.614859 0.036349 -0.058820
v 0.610756 0.034705 -0.058820
v 0.610756 0.034705 -0.058820
v 0.614859 0.036349 -0.058820
v 0.611075 0.033860 -0.060171
v 0.615212 0.035518 -0.060171
v 0.618892 0.038157 -0.058820
v 0.614859 0.036349 -0.058820
v 0.614859 0.036349 -0.058820
v 0.618892 0.038157 -0.058820
v 0.615212 0.035518 -0.060171
v 0.658409 0.058669 0.054755
v 0.654664 0.056143 0.056106
v 0.654310 0.056973 0.054755
v 0.654310 0.056973 0.054755
v 0.654664 0.056143 0.056106
v 0.658409 0.058669 0.054755
v 0.658146 0.059338 0.053297
v 0.654310 0.056973 0.054755
v 0.654028 0.057634 0.053297
v 0.654028 0.057634 0.053297
v 0.654310 0.056973 0.054755
v 0.658146 0.059338 0.053297
v 0.657954 0.059824 0.051759
v 0.654028 0.057634 0.053297
v 0.653823 0.058115 0.051759
v 0.653823 0.058115 0.051759
v 0.654028 0.057634 0.053297
v 0.657954 0.059824 0.051759
v 0.657838 0.060119 0.050165
v 0.653823 0.058115 0.051759
v 0.653698 0.058406 0.050165
v 0.653698 0.058406 0.050165
v 0.653823 0.058115 0.051759
v 0.657838 0.060119 0.050165
v 0.653698 0.058406 0.050165
v 0.650364 0.054909 0.041586
v 0.654428 0.056696 0.041586
v 0.654428 0.056696 0.041586
v 0.650364 0.054909 0.041586
v 0.653698 0.058406 0.050165
v 0.651054 0.053386 0.057327
v 0.654664 0.056143 0.056106
v 0.655084 0.055158 0.057327
v 0.655084 0.055158 0.057327
v 0.654664 0.056143 0.056106
v 0.651054 0.053386 0.057327
v 0.650364 0.054909 0.041586
v 0.647000 0.051658 0.032941
v 0.650993 0.053520 0.032941
v 0.650993 0.053520 0.032941
v 0.647000 0.051658 0.032941
v 0.650364 0.054909 0.041586
v 0.655564 0.054035 0.058399
v 0.651054 0.053386 0.057327
v 0.655084 0.055158 0.057327
v 0.655084 0.055158 0.057327
v 0.651054 0.053386 0.057327
v 0.655564 0.054035 0.058399
v 0.656094 0.052792 0.059301
v 0.651558 0.052273 0.058399
v 0.655564 0.054035 0.058399
v 0.655564 0.054035 0.058399
v 0.651558 0.052273 0.058399
v 0.656094 0.052792 0.059301
v 0.647000 0.051658 0.032941
v 0.643587 0.048648 0.024244
v 0.647514 0.050586 0.024244
v 0.647514 0.050586 0.024244
v 0.643587 0.048648 0.024244
v 0.647000 0.051658 0.032941
v 0.643587 0.048648 0.024244
v 0.640104 0.045874 0.015507
v 0.643972 0.047890 0.015507
v 0.643972 0.047890 0.015507
v 0.640104 0.045874 0.015507
v 0.643587 0.048648 0.024244
v 0.640104 0.045874 0.015507
v 0.636533 0.043329 0.006744
v 0.640345 0.045424 0.006744
v 0.640345 0.045424 0.006744
v 0.636533 0.043329 0.006744
v 0.640104 0.045874 0.015507
v 0.636533 0.043329 0.006744
v 0.632855 0.041004 -0.002033
v 0.636617 0.043181 -0.002033
v 0.636617 0.043181 -0.002033
v 0.632855 0.041004 -0.002033
v 0.636533 0.043329 0.006744
v 0.636533 0.043329 -0.010809
v 0.632855 0.041004 -0.002033
v 0.632768 0.041151 -0.010809
v 0.632768 0.041151 -0.010809
v 0.632855 0.041004 -0.002033
v 0.636533 0.043329 -0.010809
v 0.636282 0.043774 -0.019573
v 0.632768 0.041151 -0.010809
v 0.632508 0.041590 -0.019573
v 0.632508 0.041590 -0.019573
v 0.632768 0.041151 -0.010809
v 0.636282 0.043774 -0.019573
v 0.635865 0.044514 -0.028310
v 0.632508 0.041590 -0.019573
v 0.632074 0.042321 -0.028310
v 0.632074 0.042321 -0.028310
v 0.632508 0.041590 -0.019573
v 0.635865 0.044514 -0.028310
v 0.635281 0.045550 -0.037007
v 0.632074 0.042321 -0.028310
v 0.631467 0.043343 -0.037007
v 0.631467 0.043343 -0.037007
v 0.632074 0.042321 -0.028310
v 0.635281 0.045550 -0.037007
v 0.712142 0.052271 0.060966
v 0.650863 0.043607 0.060966
v 0.654678 0.045386 0.060966
v 0.654678 0.045386 0.060966
v 0.650863 0.043607 0.060966
v 0.712142 0.052271 0.060966
v 0.678764 0.039260 0.050585
v 0.712142 0.052271 0.060966
v 0.712741 0.050334 0.050585
v 0.712741 0.050334 0.050585
v 0.712142 0.052271 0.060966
v 0.678764 0.039260 0.050585
v 0.676819 0.036878 0.040139
v 0.678764 0.039260 0.050585
v 0.679279 0.037680 0.040139
v 0.679279 0.037680 0.040139
v 0.678764 0.039260 0.050585
v 0.676819 0.036878 0.040139
v 0.668735 0.032466 0.029642
v 0.676819 0.036878 0.040139
v 0.677247 0.035655 0.029642
v 0.677247 0.035655 0.029642
v 0.676819 0.036878 0.040139
v 0.668735 0.032466 0.029642
v 0.665725 0.030218 0.019105
v 0.668735 0.032466 0.029642
v 0.669075 0.031604 0.019105
v 0.669075 0.031604 0.019105
v 0.668735 0.032466 0.029642
v 0.665725 0.030218 0.019105
v 0.665725 0.030218 0.019105
v 0.662472 0.028180 0.008543
v 0.662242 0.028686 0.019105
v 0.662242 0.028686 0.019105
v 0.662472 0.028180 0.008543
v 0.665725 0.030218 0.019105
v 0.662472 0.028180 0.008543
v 0.659115 0.026410 -0.002033
v 0.659035 0.026577 0.008543
v 0.659035 0.026577 0.008543
v 0.659115 0.026410 -0.002033
v 0.662472 0.028180 0.008543
v 0.634532 0.046878 -0.045652
v 0.631467 0.043343 -0.037007
v 0.630689 0.044654 -0.045652
v 0.630689 0.044654 -0.045652
v 0.631467 0.043343 -0.037007
v 0.634532 0.046878 -0.045652
v 0.633618 0.048497 -0.054231
v 0.630689 0.044654 -0.045652
v 0.629740 0.046253 -0.054231
v 0.629740 0.046253 -0.054231
v 0.630689 0.044654 -0.045652
v 0.633618 0.048497 -0.054231
v 0.629740 0.046253 -0.054231
v 0.626080 0.043655 -0.055824
v 0.629902 0.045981 -0.055824
v 0.629902 0.045981 -0.055824
v 0.626080 0.043655 -0.055824
v 0.629740 0.046253 -0.054231
v 0.626080 0.043655 -0.055824
v 0.622545 0.040776 -0.057363
v 0.626357 0.043212 -0.057363
v 0.626357 0.043212 -0.057363
v 0.622545 0.040776 -0.057363
v 0.626080 0.043655 -0.055824
v 0.622545 0.040776 -0.057363
v 0.618892 0.038157 -0.058820
v 0.622900 0.040150 -0.058820
v 0.622900 0.040150 -0.058820
v 0.618892 0.038157 -0.058820
v 0.622545 0.040776 -0.057363
v 0.659035 0.026577 -0.012608
v 0.655718 0.024733 -0.002033
v 0.659115 0.026410 -0.002033
v 0.659115 0.026410 -0.002033
v 0.655718 0.024733 -0.002033
v 0.659035 0.026577 -0.012608
v 0.658794 0.027078 -0.023171
v 0.655634 0.024899 -0.012608
v 0.659035 0.026577 -0.012608
v 0.659035 0.026577 -0.012608
v 0.655634 0.024899 -0.012608
v 0.658794 0.027078 -0.023171
v 0.658394 0.027914 -0.033707
v 0.655382 0.025395 -0.023171
v 0.658794 0.027078 -0.023171
v 0.658794 0.027078 -0.023171
v 0.655382 0.025395 -0.023171
v 0.658394 0.027914 -0.033707
v 0.657833 0.029081 -0.044205
v 0.654963 0.026221 -0.033707
v 0.658394 0.027914 -0.033707
v 0.658394 0.027914 -0.033707
v 0.654963 0.026221 -0.033707
v 0.657833 0.029081 -0.044205
v 0.657114 0.030580 -0.054650
v 0.654377 0.027376 -0.044205
v 0.657833 0.029081 -0.044205
v 0.657833 0.029081 -0.044205
v 0.654377 0.027376 -0.044205
v 0.657114 0.030580 -0.054650
v 0.581029 0.023421 -0.063367
v 0.576381 0.024494 -0.062464
v 0.576435 0.023144 -0.063367
v 0.576435 0.023144 -0.063367
v 0.576381 0.024494 -0.062464
v 0.581029 0.023421 -0.063367
v 0.576435 0.023144 -0.063367
v 0.581146 0.021968 -0.064086
v 0.581029 0.023421 -0.063367
v 0.581029 0.023421 -0.063367
v 0.581146 0.021968 -0.064086
v 0.576435 0.023144 -0.063367
v 0.585968 0.020908 -0.064608
v 0.581146 0.021968 -0.064086
v 0.581269 0.020435 -0.064608
v 0.581269 0.020435 -0.064608
v 0.581146 0.021968 -0.064086
v 0.585968 0.020908 -0.064608
v 0.581269 0.020435 -0.064608
v 0.586160 0.019326 -0.064925
v 0.585968 0.020908 -0.064608
v 0.585968 0.020908 -0.064608
v 0.586160 0.019326 -0.064925
v 0.581269 0.020435 -0.064608
v 0.591158 0.018395 -0.065031
v 0.586160 0.019326 -0.064925
v 0.586354 0.017716 -0.065031
v 0.586354 0.017716 -0.065031
v 0.586160 0.019326 -0.064925
v 0.591158 0.018395 -0.065031
v 0.591158 0.018395 -0.065031
v 0.634333 0.019953 -0.065031
v 0.595931 0.019267 -0.065031
v 0.595931 0.019267 -0.065031
v 0.634333 0.019953 -0.065031
v 0.591158 0.018395 -0.065031
v 0.576332 0.025715 -0.061393
v 0.580921 0.024768 -0.062464
v 0.580823 0.025985 -0.061393
v 0.580823 0.025985 -0.061393
v 0.580921 0.024768 -0.062464
v 0.576332 0.025715 -0.061393
v 0.576381 0.024494 -0.062464
v 0.581029 0.023421 -0.063367
v 0.580921 0.024768 -0.062464
v 0.580921 0.024768 -0.062464
v 0.581029 0.023421 -0.063367
v 0.576381 0.024494 -0.062464
v 0.580737 0.027053 -0.060171
v 0.576332 0.025715 -0.061393
v 0.580823 0.025985 -0.061393
v 0.580823 0.025985 -0.061393
v 0.576332 0.025715 -0.061393
v 0.580737 0.027053 -0.060171
v 0.580823 0.025985 -0.061393
v 0.585171 0.027500 -0.060171
v 0.580737 0.027053 -0.060171
v 0.580737 0.027053 -0.060171
v 0.585171 0.027500 -0.060171
v 0.580823 0.025985 -0.061393
v 0.585300 0.026436 -0.061393
v 0.589583 0.028124 -0.060171
v 0.585171 0.027500 -0.060171
v 0.585171 0.027500 -0.060171
v 0.589583 0.028124 -0.060171
v 0.585300 0.026436 -0.061393
v 0.589754 0.027066 -0.061393
v 0.593967 0.028924 -0.060171
v 0.589583 0.028124 -0.060171
v 0.589583 0.028124 -0.060171
v 0.593967 0.028924 -0.060171
v 0.589754 0.027066 -0.061393
v 0.598100 0.030776 -0.058820
v 0.593967 0.028924 -0.060171
v 0.598315 0.029899 -0.060171
v 0.598315 0.029899 -0.060171
v 0.593967 0.028924 -0.060171
v 0.598100 0.030776 -0.058820
v 0.602370 0.031916 -0.058820
v 0.598315 0.029899 -0.060171
v 0.602620 0.031049 -0.060171
v 0.602620 0.031049 -0.060171
v 0.598315 0.029899 -0.060171
v 0.602370 0.031916 -0.058820
v 0.595931 0.019267 -0.065031
v 0.634333 0.019953 -0.065031
v 0.600665 0.020329 -0.065031
v 0.600665 0.020329 -0.065031
v 0.634333 0.019953 -0.065031
v 0.595931 0.019267 -0.065031
v 0.600665 0.020329 -0.065031
v 0.639002 0.022937 -0.065031
v 0.605352 0.021580 -0.065031
v 0.605352 0.021580 -0.065031
v 0.639002 0.022937 -0.065031
v 0.600665 0.020329 -0.065031
v 0.605352 0.021580 -0.065031
v 0.639002 0.022937 -0.065031
v 0.609986 0.023018 -0.065031
v 0.609986 0.023018 -0.065031
v 0.639002 0.022937 -0.065031
v 0.605352 0.021580 -0.065031
v 0.609986 0.023018 -0.065031
v 0.642364 0.024983 -0.065031
v 0.614558 0.024641 -0.065031
v 0.614558 0.024641 -0.065031
v 0.642364 0.024983 -0.065031
v 0.609986 0.023018 -0.065031
v 0.614558 0.024641 -0.065031
v 0.642364 0.024983 -0.065031
v 0.619061 0.026446 -0.065031
v 0.619061 0.026446 -0.065031
v 0.642364 0.024983 -0.065031
v 0.614558 0.024641 -0.065031
v 0.619061 0.026446 -0.065031
v 0.645770 0.026954 -0.065031
v 0.623488 0.028431 -0.065031
v 0.623488 0.028431 -0.065031
v 0.645770 0.026954 -0.065031
v 0.619061 0.026446 -0.065031
v 0.623488 0.028431 -0.065031
v 0.649218 0.028849 -0.065031
v 0.628206 0.030777 -0.065031
v 0.628206 0.030777 -0.065031
v 0.649218 0.028849 -0.065031
v 0.623488 0.028431 -0.065031
v 0.628206 0.030777 -0.065031
v 0.652708 0.030668 -0.065031
v 0.656236 0.032409 -0.065031
v 0.656236 0.032409 -0.065031
v 0.652708 0.030668 -0.065031
v 0.628206 0.030777 -0.065031
v 0.656236 0.032409 -0.065031
v 0.653625 0.028859 -0.054650
v 0.657114 0.030580 -0.054650
v 0.657114 0.030580 -0.054650
v 0.653625 0.028859 -0.054650
v 0.656236 0.032409 -0.065031
v 0.606591 0.033226 -0.058820
v 0.602620 0.031049 -0.060171
v 0.606876 0.032370 -0.060171
v 0.606876 0.032370 -0.060171
v 0.602620 0.031049 -0.060171
v 0.606591 0.033226 -0.058820
v 0.610756 0.034705 -0.058820
v 0.606876 0.032370 -0.060171
v 0.611075 0.033860 -0.060171
v 0.611075 0.033860 -0.060171
v 0.606876 0.032370 -0.060171
v 0.610756 0.034705 -0.058820
v 0.614859 0.036349 -0.058820
v 0.611075 0.033860 -0.060171
v 0.615212 0.035518 -0.060171
v 0.615212 0.035518 -0.060171
v 0.611075 0.033860 -0.060171
v 0.614859 0.036349 -0.058820
v 0.618892 0.038157 -0.058820
v 0.615212 0.035518 -0.060171
v 0.619278 0.037341 -0.060171
v 0.619278 0.037341 -0.060171
v 0.615212 0.035518 -0.060171
v 0.618892 0.038157 -0.058820
v 0.654664 0.056143 0.056106
v 0.658409 0.058669 0.054755
v 0.658740 0.057830 0.056106
v 0.658740 0.057830 0.056106
v 0.658409 0.058669 0.054755
v 0.654664 0.056143 0.056106
v 0.654310 0.056973 0.054755
v 0.658146 0.059338 0.053297
v 0.658409 0.058669 0.054755
v 0.658409 0.058669 0.054755
v 0.658146 0.059338 0.053297
v 0.654310 0.056973 0.054755
v 0.654028 0.057634 0.053297
v 0.657954 0.059824 0.051759
v 0.658146 0.059338 0.053297
v 0.658146 0.059338 0.053297
v 0.657954 0.059824 0.051759
v 0.654028 0.057634 0.053297
v 0.653823 0.058115 0.051759
v 0.657838 0.060119 0.050165
v 0.657954 0.059824 0.051759
v 0.657954 0.059824 0.051759
v 0.657838 0.060119 0.050165
v 0.653823 0.058115 0.051759
v 0.654428 0.056696 0.041586
v 0.657838 0.060119 0.050165
v 0.653698 0.058406 0.050165
v 0.653698 0.058406 0.050165
v 0.657838 0.060119 0.050165
v 0.654428 0.056696 0.041586
v 0.650993 0.053520 0.032941
v 0.654428 0.056696 0.041586
v 0.650364 0.054909 0.041586
v 0.650364 0.054909 0.041586
v 0.654428 0.056696 0.041586
v 0.650993 0.053520 0.032941
v 0.658740 0.057830 0.056106
v 0.655084 0.055158 0.057327
v 0.654664 0.056143 0.056106
v 0.654664 0.056143 0.056106
v 0.655084 0.055158 0.057327
v 0.658740 0.057830 0.056106
v 0.647514 0.050586 0.024244
v 0.650993 0.053520 0.032941
v 0.647000 0.051658 0.032941
v 0.647000 0.051658 0.032941
v 0.650993 0.053520 0.032941
v 0.647514 0.050586 0.024244
v 0.655084 0.055158 0.057327
v 0.659581 0.055696 0.058399
v 0.655564 0.054035 0.058399
v 0.655564 0.054035 0.058399
v 0.659581 0.055696 0.058399
v 0.655084 0.055158 0.057327
v 0.643972 0.047890 0.015507
v 0.647514 0.050586 0.024244
v 0.643587 0.048648 0.024244
v 0.643587 0.048648 0.024244
v 0.647514 0.050586 0.024244
v 0.643972 0.047890 0.015507
v 0.640345 0.045424 0.006744
v 0.643972 0.047890 0.015507
v 0.640104 0.045874 0.015507
v 0.640104 0.045874 0.015507
v 0.643972 0.047890 0.015507
v 0.640345 0.045424 0.006744
v 0.636617 0.043181 -0.002033
v 0.640345 0.045424 0.006744
v 0.636533 0.043329 0.006744
v 0.636533 0.043329 0.006744
v 0.640345 0.045424 0.006744
v 0.636617 0.043181 -0.002033
v 0.632855 0.041004 -0.002033
v 0.636533 0.043329 -0.010809
v 0.636617 0.043181 -0.002033
v 0.636617 0.043181 -0.002033
v 0.636533 0.043329 -0.010809
v 0.632855 0.041004 -0.002033
v 0.632768 0.041151 -0.010809
v 0.636282 0.043774 -0.019573
v 0.636533 0.043329 -0.010809
v 0.636533 0.043329 -0.010809
v 0.636282 0.043774 -0.019573
v 0.632768 0.041151 -0.010809
v 0.632508 0.041590 -0.019573
v 0.635865 0.044514 -0.028310
v 0.636282 0.043774 -0.019573
v 0.636282 0.043774 -0.019573
v 0.635865 0.044514 -0.028310
v 0.632508 0.041590 -0.019573
v 0.632074 0.042321 -0.028310
v 0.635281 0.045550 -0.037007
v 0.635865 0.044514 -0.028310
v 0.635865 0.044514 -0.028310
v 0.635281 0.045550 -0.037007
v 0.632074 0.042321 -0.028310
v 0.631467 0.043343 -0.037007
v 0.634532 0.046878 -0.045652
v 0.635281 0.045550 -0.037007
v 0.635281 0.045550 -0.037007
v 0.634532 0.046878 -0.045652
v 0.631467 0.043343 -0.037007
v 0.712142 0.052271 0.060966
v 0.654678 0.045386 0.060966
v 0.658531 0.047080 0.060966
v 0.658531 0.047080 0.060966
v 0.654678 0.045386 0.060966
v 0.712142 0.052271 0.060966
v 0.749186 0.063120 0.060966
v 0.712741 0.050334 0.050585
v 0.712142 0.052271 0.060966
v 0.712142 0.052271 0.060966
v 0.712741 0.050334 0.050585
v 0.749186 0.063120 0.060966
v 0.679279 0.037680 0.040139
v 0.678764 0.039260 0.050585
v 0.712741 0.050334 0.050585
v 0.712741 0.050334 0.050585
v 0.678764 0.039260 0.050585
v 0.679279 0.037680 0.040139
v 0.679279 0.037680 0.040139
v 0.677247 0.035655 0.029642
v 0.676819 0.036878 0.040139
v 0.676819 0.036878 0.040139
v 0.677247 0.035655 0.029642
v 0.679279 0.037680 0.040139
v 0.677247 0.035655 0.029642
v 0.669075 0.031604 0.019105
v 0.668735 0.032466 0.029642
v 0.668735 0.032466 0.029642
v 0.669075 0.031604 0.019105
v 0.677247 0.035655 0.029642
v 0.669075 0.031604 0.019105
v 0.665943 0.029706 0.008543
v 0.665725 0.030218 0.019105
v 0.665725 0.030218 0.019105
v 0.665943 0.029706 0.008543
v 0.669075 0.031604 0.019105
v 0.662472 0.028180 0.008543
v 0.665725 0.030218 0.019105
v 0.665943 0.029706 0.008543
v 0.665943 0.029706 0.008543
v 0.665725 0.030218 0.019105
v 0.662472 0.028180 0.008543
v 0.659115 0.026410 -0.002033
v 0.662472 0.028180 0.008543
v 0.662548 0.028011 -0.002033
v 0.662548 0.028011 -0.002033
v 0.662472 0.028180 0.008543
v 0.659115 0.026410 -0.002033
v 0.630689 0.044654 -0.045652
v 0.633618 0.048497 -0.054231
v 0.634532 0.046878 -0.045652
v 0.634532 0.046878 -0.045652
v 0.633618 0.048497 -0.054231
v 0.630689 0.044654 -0.045652
v 0.629902 0.045981 -0.055824
v 0.633618 0.048497 -0.054231
v 0.629740 0.046253 -0.054231
v 0.629740 0.046253 -0.054231
v 0.633618 0.048497 -0.054231
v 0.629902 0.045981 -0.055824
v 0.626357 0.043212 -0.057363
v 0.629902 0.045981 -0.055824
v 0.626080 0.043655 -0.055824
v 0.626080 0.043655 -0.055824
v 0.629902 0.045981 -0.055824
v 0.626357 0.043212 -0.057363
v 0.622900 0.040150 -0.058820
v 0.626357 0.043212 -0.057363
v 0.622545 0.040776 -0.057363
v 0.622545 0.040776 -0.057363
v 0.626357 0.043212 -0.057363
v 0.622900 0.040150 -0.058820
v 0.619278 0.037341 -0.060171
v 0.622900 0.040150 -0.058820
v 0.618892 0.038157 -0.058820
v 0.618892 0.038157 -0.058820
v 0.622900 0.040150 -0.058820
v 0.619278 0.037341 -0.060171
v 0.659115 0.026410 -0.002033
v 0.662472 0.028180 -0.012608
v 0.659035 0.026577 -0.012608
v 0.659035 0.026577 -0.012608
v 0.662472 0.028180 -0.012608
v 0.659115 0.026410 -0.002033
v 0.659035 0.026577 -0.012608
v 0.662242 0.028686 -0.023171
v 0.658794 0.027078 -0.023171
v 0.658794 0.027078 -0.023171
v 0.662242 0.028686 -0.023171
v 0.659035 0.026577 -0.012608
v 0.658794 0.027078 -0.023171
v 0.661860 0.029530 -0.033707
v 0.658394 0.027914 -0.033707
v 0.658394 0.027914 -0.033707
v 0.661860 0.029530 -0.033707
v 0.658794 0.027078 -0.023171
v 0.658394 0.027914 -0.033707
v 0.661326 0.030710 -0.044205
v 0.657833 0.029081 -0.044205
v 0.657833 0.029081 -0.044205
v 0.661326 0.030710 -0.044205
v 0.658394 0.027914 -0.033707
v 0.657833 0.029081 -0.044205
v 0.660640 0.032225 -0.054650
v 0.657114 0.030580 -0.054650
v 0.657114 0.030580 -0.054650
v 0.660640 0.032225 -0.054650
v 0.657833 0.029081 -0.044205
v 0.585783 0.022435 -0.064086
v 0.581029 0.023421 -0.063367
v 0.581146 0.021968 -0.064086
v 0.581146 0.021968 -0.064086
v 0.581029 0.023421 -0.063367
v 0.585783 0.022435 -0.064086
v 0.581146 0.021968 -0.064086
v 0.585968 0.020908 -0.064608
v 0.585783 0.022435 -0.064086
v 0.585783 0.022435 -0.064086
v 0.585968 0.020908 -0.064608
v 0.581146 0.021968 -0.064086
v 0.590899 0.019996 -0.064925
v 0.585968 0.020908 -0.064608
v 0.586160 0.019326 -0.064925
v 0.586160 0.019326 -0.064925
v 0.585968 0.020908 -0.064608
v 0.590899 0.019996 -0.064925
v 0.586160 0.019326 -0.064925
v 0.591158 0.018395 -0.065031
v 0.590899 0.019996 -0.064925
v 0.590899 0.019996 -0.064925
v 0.591158 0.018395 -0.065031
v 0.586160 0.019326 -0.064925
v 0.595931 0.019267 -0.065031
v 0.590899 0.019996 -0.064925
v 0.591158 0.018395 -0.065031
v 0.591158 0.018395 -0.065031
v 0.590899 0.019996 -0.064925
v 0.595931 0.019267 -0.065031
v 0.585446 0.025223 -0.062464
v 0.580823 0.025985 -0.061393
v 0.580921 0.024768 -0.062464
v 0.580921 0.024768 -0.062464
v 0.580823 0.025985 -0.061393
v 0.585446 0.025223 -0.062464
v 0.585608 0.023882 -0.063367
v 0.580921 0.024768 -0.062464
v 0.581029 0.023421 -0.063367
v 0.581029 0.023421 -0.063367
v 0.580921 0.024768 -0.062464
v 0.585608 0.023882 -0.063367
v 0.585171 0.027500 -0.060171
v 0.580823 0.025985 -0.061393
v 0.585300 0.026436 -0.061393
v 0.585300 0.026436 -0.061393
v 0.580823 0.025985 -0.061393
v 0.585171 0.027500 -0.060171
v 0.589583 0.028124 -0.060171
v 0.585300 0.026436 -0.061393
v 0.589754 0.027066 -0.061393
v 0.589754 0.027066 -0.061393
v 0.585300 0.026436 -0.061393
v 0.589583 0.028124 -0.060171
v 0.593967 0.028924 -0.060171
v 0.589754 0.027066 -0.061393
v 0.594180 0.027874 -0.061393
v 0.594180 0.027874 -0.061393
v 0.589754 0.027066 -0.061393
v 0.593967 0.028924 -0.060171
v 0.594180 0.027874 -0.061393
v 0.598315 0.029899 -0.060171
v 0.593967 0.028924 -0.060171
v 0.593967 0.028924 -0.060171
v 0.598315 0.029899 -0.060171
v 0.594180 0.027874 -0.061393
v 0.598570 0.028859 -0.061393
v 0.602620 0.031049 -0.060171
v 0.598315 0.029899 -0.060171
v 0.598315 0.029899 -0.060171
v 0.602620 0.031049 -0.060171
v 0.598570 0.028859 -0.061393
v 0.600665 0.020329 -0.065031
v 0.595608 0.020855 -0.064925
v 0.595931 0.019267 -0.065031
v 0.595931 0.019267 -0.065031
v 0.595608 0.020855 -0.064925
v 0.600665 0.020329 -0.065031
v 0.605352 0.021580 -0.065031
v 0.600278 0.021903 -0.064925
v 0.600665 0.020329 -0.065031
v 0.600665 0.020329 -0.065031
v 0.600278 0.021903 -0.064925
v 0.605352 0.021580 -0.065031
v 0.609986 0.023018 -0.065031
v 0.604903 0.023138 -0.064925
v 0.605352 0.021580 -0.065031
v 0.605352 0.021580 -0.065031
v 0.604903 0.023138 -0.064925
v 0.609986 0.023018 -0.065031
v 0.614558 0.024641 -0.065031
v 0.609474 0.024557 -0.064925
v 0.609986 0.023018 -0.065031
v 0.609986 0.023018 -0.065031
v 0.609474 0.024557 -0.064925
v 0.614558 0.024641 -0.065031
v 0.619061 0.026446 -0.065031
v 0.613985 0.026158 -0.064925
v 0.614558 0.024641 -0.065031
v 0.614558 0.024641 -0.065031
v 0.613985 0.026158 -0.064925
v 0.619061 0.026446 -0.065031
v 0.623488 0.028431 -0.065031
v 0.618428 0.027939 -0.064925
v 0.619061 0.026446 -0.065031
v 0.619061 0.026446 -0.065031
v 0.618428 0.027939 -0.064925
v 0.623488 0.028431 -0.065031
v 0.628206 0.030777 -0.065031
v 0.622796 0.029896 -0.064925
v 0.623488 0.028431 -0.065031
v 0.623488 0.028431 -0.065031
v 0.622796 0.029896 -0.064925
v 0.628206 0.030777 -0.065031
v 0.628206 0.030777 -0.065031
v 0.656236 0.032409 -0.065031
v 0.632429 0.033476 -0.065031
v 0.632429 0.033476 -0.065031
v 0.656236 0.032409 -0.065031
v 0.628206 0.030777 -0.065031
v 0.657114 0.030580 -0.054650
v 0.659803 0.034072 -0.065031
v 0.656236 0.032409 -0.065031
v 0.656236 0.032409 -0.065031
v 0.659803 0.034072 -0.065031
v 0.657114 0.030580 -0.054650
v 0.602917 0.030019 -0.061393
v 0.606876 0.032370 -0.060171
v 0.602620 0.031049 -0.060171
v 0.602620 0.031049 -0.060171
v 0.606876 0.032370 -0.060171
v 0.602917 0.030019 -0.061393
v 0.607214 0.031353 -0.061393
v 0.611075 0.033860 -0.060171
v 0.606876 0.032370 -0.060171
v 0.606876 0.032370 -0.060171
v 0.611075 0.033860 -0.060171
v 0.607214 0.031353 -0.061393
v 0.611454 0.032858 -0.061393
v 0.615212 0.035518 -0.060171
v 0.611075 0.033860 -0.060171
v 0.611075 0.033860 -0.060171
v 0.615212 0.035518 -0.060171
v 0.611454 0.032858 -0.061393
v 0.615630 0.034532 -0.061393
v 0.619278 0.037341 -0.060171
v 0.615212 0.035518 -0.060171
v 0.615212 0.035518 -0.060171
v 0.619278 0.037341 -0.060171
v 0.615630 0.034532 -0.061393
v 0.667939 0.062240 0.054755
v 0.658740 0.057830 0.056106
v 0.658409 0.058669 0.054755
v 0.658409 0.058669 0.054755
v 0.658740 0.057830 0.056106
v 0.667939 0.062240 0.054755
v 0.667701 0.062918 0.053297
v 0.658409 0.058669 0.054755
v 0.658146 0.059338 0.053297
v 0.658146 0.059338 0.053297
v 0.658409 0.058669 0.054755
v 0.667701 0.062918 0.053297
v 0.667529 0.063411 0.051759
v 0.658146 0.059338 0.053297
v 0.657954 0.059824 0.051759
v 0.657954 0.059824 0.051759
v 0.658146 0.059338 0.053297
v 0.667529 0.063411 0.051759
v 0.667424 0.063711 0.050165
v 0.657954 0.059824 0.051759
v 0.657838 0.060119 0.050165
v 0.657838 0.060119 0.050165
v 0.657954 0.059824 0.051759
v 0.667424 0.063711 0.050165
v 0.657838 0.060119 0.050165
v 0.654428 0.056696 0.041586
v 0.658520 0.058389 0.041586
v 0.658520 0.058389 0.041586
v 0.654428 0.056696 0.041586
v 0.657838 0.060119 0.050165
v 0.654428 0.056696 0.041586
v 0.650993 0.053520 0.032941
v 0.655027 0.055294 0.032941
v 0.655027 0.055294 0.032941
v 0.650993 0.053520 0.032941
v 0.654428 0.056696 0.041586
v 0.655084 0.055158 0.057327
v 0.658740 0.057830 0.056106
v 0.659133 0.056833 0.057327
v 0.659133 0.056833 0.057327
v 0.658740 0.057830 0.056106
v 0.655084 0.055158 0.057327
v 0.650993 0.053520 0.032941
v 0.647514 0.050586 0.024244
v 0.651484 0.052437 0.024244
v 0.651484 0.052437 0.024244
v 0.647514 0.050586 0.024244
v 0.650993 0.053520 0.032941
v 0.659581 0.055696 0.058399
v 0.655084 0.055158 0.057327
v 0.659133 0.056833 0.057327
v 0.659133 0.056833 0.057327
v 0.655084 0.055158 0.057327
v 0.659581 0.055696 0.058399
v 0.647514 0.050586 0.024244
v 0.643972 0.047890 0.015507
v 0.647882 0.049820 0.015507
v 0.647882 0.049820 0.015507
v 0.643972 0.047890 0.015507
v 0.647514 0.050586 0.024244
v 0.643972 0.047890 0.015507
v 0.640345 0.045424 0.006744
v 0.644203 0.047434 0.006744
v 0.644203 0.047434 0.006744
v 0.640345 0.045424 0.006744
v 0.643972 0.047890 0.015507
v 0.640345 0.045424 0.006744
v 0.636617 0.043181 -0.002033
v 0.640426 0.045274 -0.002033
v 0.640426 0.045274 -0.002033
v 0.636617 0.043181 -0.002033
v 0.640345 0.045424 0.006744
v 0.640345 0.045424 -0.010809
v 0.636617 0.043181 -0.002033
v 0.636533 0.043329 -0.010809
v 0.636533 0.043329 -0.010809
v 0.636617 0.043181 -0.002033
v 0.640345 0.045424 -0.010809
v 0.640104 0.045874 -0.019573
v 0.636533 0.043329 -0.010809
v 0.636282 0.043774 -0.019573
v 0.636282 0.043774 -0.019573
v 0.636533 0.043329 -0.010809
v 0.640104 0.045874 -0.019573
v 0.639703 0.046624 -0.028310
v 0.636282 0.043774 -0.019573
v 0.635865 0.044514 -0.028310
v 0.635865 0.044514 -0.028310
v 0.636282 0.043774 -0.019573
v 0.639703 0.046624 -0.028310
v 0.639142 0.047672 -0.037007
v 0.635865 0.044514 -0.028310
v 0.635281 0.045550 -0.037007
v 0.635281 0.045550 -0.037007
v 0.635865 0.044514 -0.028310
v 0.639142 0.047672 -0.037007
v 0.638422 0.049016 -0.045652
v 0.635281 0.045550 -0.037007
v 0.634532 0.046878 -0.045652
v 0.634532 0.046878 -0.045652
v 0.635281 0.045550 -0.037007
v 0.638422 0.049016 -0.045652
v 0.712142 0.052271 0.060966
v 0.658531 0.047080 0.060966
v 0.662353 0.048661 0.060966
v 0.662353 0.048661 0.060966
v 0.658531 0.047080 0.060966
v 0.712142 0.052271 0.060966
v 0.712741 0.050334 0.050585
v 0.749186 0.063120 0.060966
v 0.749726 0.061165 0.050585
v 0.749726 0.061165 0.050585
v 0.749186 0.063120 0.060966
v 0.712741 0.050334 0.050585
v 0.712142 0.052271 0.060966
v 0.674287 0.052997 0.060966
v 0.749186 0.063120 0.060966
v 0.749186 0.063120 0.060966
v 0.674287 0.052997 0.060966
v 0.712142 0.052271 0.060966
v 0.679279 0.037680 0.040139
v 0.712741 0.050334 0.050585
v 0.713233 0.048745 0.040139
v 0.713233 0.048745 0.040139
v 0.712741 0.050334 0.050585
v 0.679279 0.037680 0.040139
v 0.677247 0.035655 0.029642
v 0.679279 0.037680 0.040139
v 0.679681 0.036448 0.029642
v 0.679681 0.036448 0.029642
v 0.679279 0.037680 0.040139
v 0.677247 0.035655 0.029642
v 0.669075 0.031604 0.019105
v 0.677247 0.035655 0.029642
v 0.677553 0.034780 0.019105
v 0.677553 0.034780 0.019105
v 0.677247 0.035655 0.029642
v 0.669075 0.031604 0.019105
v 0.665943 0.029706 0.008543
v 0.669075 0.031604 0.019105
v 0.669279 0.031086 0.008543
v 0.669279 0.031086 0.008543
v 0.669075 0.031604 0.019105
v 0.665943 0.029706 0.008543
v 0.665943 0.029706 0.008543
v 0.662548 0.028011 -0.002033
v 0.662472 0.028180 0.008543
v 0.662472 0.028180 0.008543
v 0.662548 0.028011 -0.002033
v 0.665943 0.029706 0.008543
v 0.662472 0.028180 -0.012608
v 0.659115 0.026410 -0.002033
v 0.662548 0.028011 -0.002033
v 0.662548 0.028011 -0.002033
v 0.659115 0.026410 -0.002033
v 0.662472 0.028180 -0.012608
v 0.637545 0.050655 -0.054231
v 0.634532 0.046878 -0.045652
v 0.633618 0.048497 -0.054231
v 0.633618 0.048497 -0.054231
v 0.634532 0.046878 -0.045652
v 0.637545 0.050655 -0.054231
v 0.633618 0.048497 -0.054231
v 0.629902 0.045981 -0.055824
v 0.633774 0.048221 -0.055824
v 0.633774 0.048221 -0.055824
v 0.629902 0.045981 -0.055824
v 0.633618 0.048497 -0.054231
v 0.629902 0.045981 -0.055824
v 0.626357 0.043212 -0.057363
v 0.630168 0.045532 -0.057363
v 0.630168 0.045532 -0.057363
v 0.626357 0.043212 -0.057363
v 0.629902 0.045981 -0.055824
v 0.626357 0.043212 -0.057363
v 0.622900 0.040150 -0.058820
v 0.626737 0.042603 -0.058820
v 0.626737 0.042603 -0.058820
v 0.622900 0.040150 -0.058820
v 0.626357 0.043212 -0.057363
v 0.622900 0.040150 -0.058820
v 0.619278 0.037341 -0.060171
v 0.623345 0.039364 -0.060171
v 0.623345 0.039364 -0.060171
v 0.619278 0.037341 -0.060171
v 0.622900 0.040150 -0.058820
v 0.662242 0.028686 -0.023171
v 0.659035 0.026577 -0.012608
v 0.662472 0.028180 -0.012608
v 0.662472 0.028180 -0.012608
v 0.659035 0.026577 -0.012608
v 0.662242 0.028686 -0.023171
v 0.661860 0.029530 -0.033707
v 0.658794 0.027078 -0.023171
v 0.662242 0.028686 -0.023171
v 0.662242 0.028686 -0.023171
v 0.658794 0.027078 -0.023171
v 0.661860 0.029530 -0.033707
v 0.661326 0.030710 -0.044205
v 0.658394 0.027914 -0.033707
v 0.661860 0.029530 -0.033707
v 0.661860 0.029530 -0.033707
v 0.658394 0.027914 -0.033707
v 0.661326 0.030710 -0.044205
v 0.660640 0.032225 -0.054650
v 0.657833 0.029081 -0.044205
v 0.661326 0.030710 -0.044205
v 0.661326 0.030710 -0.044205
v 0.657833 0.029081 -0.044205
v 0.660640 0.032225 -0.054650
v 0.659803 0.034072 -0.065031
v 0.657114 0.030580 -0.054650
v 0.660640 0.032225 -0.054650
v 0.660640 0.032225 -0.054650
v 0.657114 0.030580 -0.054650
v 0.659803 0.034072 -0.065031
v 0.581029 0.023421 -0.063367
v 0.585783 0.022435 -0.064086
v 0.585608 0.023882 -0.063367
v 0.585608 0.023882 -0.063367
v 0.585783 0.022435 -0.064086
v 0.581029 0.023421 -0.063367
v 0.590644 0.021569 -0.064608
v 0.585783 0.022435 -0.064086
v 0.585968 0.020908 -0.064608
v 0.585968 0.020908 -0.064608
v 0.585783 0.022435 -0.064086
v 0.590644 0.021569 -0.064608
v 0.585968 0.020908 -0.064608
v 0.590899 0.019996 -0.064925
v 0.590644 0.021569 -0.064608
v 0.590644 0.021569 -0.064608
v 0.590899 0.019996 -0.064925
v 0.585968 0.020908 -0.064608
v 0.590899 0.019996 -0.064925
v 0.595931 0.019267 -0.065031
v 0.595608 0.020855 -0.064925
v 0.595608 0.020855 -0.064925
v 0.595931 0.019267 -0.065031
v 0.590899 0.019996 -0.064925
v 0.580823 0.025985 -0.061393
v 0.585446 0.025223 -0.062464
v 0.585300 0.026436 -0.061393
v 0.585300 0.026436 -0.061393
v 0.585446 0.025223 -0.062464
v 0.580823 0.025985 -0.061393
v 0.580921 0.024768 -0.062464
v 0.585608 0.023882 -0.063367
v 0.585446 0.025223 -0.062464
v 0.585446 0.025223 -0.062464
v 0.585608 0.023882 -0.063367
v 0.580921 0.024768 -0.062464
v 0.585300 0.026436 -0.061393
v 0.589950 0.025860 -0.062464
v 0.589754 0.027066 -0.061393
v 0.589754 0.027066 -0.061393
v 0.589950 0.025860 -0.062464
v 0.585300 0.026436 -0.061393
v 0.589754 0.027066 -0.061393
v 0.594424 0.026677 -0.062464
v 0.594180 0.027874 -0.061393
v 0.594180 0.027874 -0.061393
v 0.594424 0.026677 -0.062464
v 0.589754 0.027066 -0.061393
v 0.598315 0.029899 -0.060171
v 0.594180 0.027874 -0.061393
v 0.598570 0.028859 -0.061393
v 0.598570 0.028859 -0.061393
v 0.594180 0.027874 -0.061393
v 0.598315 0.029899 -0.060171
v 0.602620 0.031049 -0.060171
v 0.598570 0.028859 -0.061393
v 0.602917 0.030019 -0.061393
v 0.602917 0.030019 -0.061393
v 0.598570 0.028859 -0.061393
v 0.602620 0.031049 -0.060171
v 0.595608 0.020855 -0.064925
v 0.600665 0.020329 -0.065031
v 0.600278 0.021903 -0.064925
v 0.600278 0.021903 -0.064925
v 0.600665 0.020329 -0.065031
v 0.595608 0.020855 -0.064925
v 0.600278 0.021903 -0.064925
v 0.605352 0.021580 -0.065031
v 0.604903 0.023138 -0.064925
v 0.604903 0.023138 -0.064925
v 0.605352 0.021580 -0.065031
v 0.600278 0.021903 -0.064925
v 0.604903 0.023138 -0.064925
v 0.609986 0.023018 -0.065031
v 0.609474 0.024557 -0.064925
v 0.609474 0.024557 -0.064925
v 0.609986 0.023018 -0.065031
v 0.604903 0.023138 -0.064925
v 0.609474 0.024557 -0.064925
v 0.614558 0.024641 -0.065031
v 0.613985 0.026158 -0.064925
v 0.613985 0.026158 -0.064925
v 0.614558 0.024641 -0.065031
v 0.609474 0.024557 -0.064925
v 0.613985 0.026158 -0.064925
v 0.619061 0.026446 -0.065031
v 0.618428 0.027939 -0.064925
v 0.618428 0.027939 -0.064925
v 0.619061 0.026446 -0.065031
v 0.613985 0.026158 -0.064925
v 0.618428 0.027939 -0.064925
v 0.623488 0.028431 -0.065031
v 0.622796 0.029896 -0.064925
v 0.622796 0.029896 -0.064925
v 0.623488 0.028431 -0.065031
v 0.618428 0.027939 -0.064925
v 0.622796 0.029896 -0.064925
v 0.628206 0.030777 -0.065031
v 0.627406 0.032189 -0.064925
v 0.627406 0.032189 -0.064925
v 0.628206 0.030777 -0.065031
v 0.622796 0.029896 -0.064925
v 0.632429 0.033476 -0.065031
v 0.656236 0.032409 -0.065031
v 0.659803 0.034072 -0.065031
v 0.659803 0.034072 -0.065031
v 0.656236 0.032409 -0.065031
v 0.632429 0.033476 -0.065031
v 0.632429 0.033476 -0.065031
v 0.627406 0.032189 -0.064925
v 0.628206 0.030777 -0.065031
v 0.628206 0.030777 -0.065031
v 0.627406 0.032189 -0.064925
v 0.632429 0.033476 -0.065031
v 0.606876 0.032370 -0.060171
v 0.602917 0.030019 -0.061393
v 0.607214 0.031353 -0.061393
v 0.607214 0.031353 -0.061393
v 0.602917 0.030019 -0.061393
v 0.606876 0.032370 -0.060171
v 0.611075 0.033860 -0.060171
v 0.607214 0.031353 -0.061393
v 0.611454 0.032858 -0.061393
v 0.611454 0.032858 -0.061393
v 0.607214 0.031353 -0.061393
v 0.611075 0.033860 -0.060171
v 0.615212 0.035518 -0.060171
v 0.611454 0.032858 -0.061393
v 0.615630 0.034532 -0.061393
v 0.615630 0.034532 -0.061393
v 0.611454 0.032858 -0.061393
v 0.615212 0.035518 -0.060171
v 0.619278 0.037341 -0.060171
v 0.615630 0.034532 -0.061393
v 0.619736 0.036372 -0.061393
v 0.619736 0.036372 -0.061393
v 0.615630 0.034532 -0.061393
v 0.619278 0.037341 -0.060171
v 0.658740 0.057830 0.056106
v 0.667939 0.062240 0.054755
v 0.668237 0.061388 0.056106
v 0.668237 0.061388 0.056106
v 0.667939 0.062240 0.054755
v 0.658740 0.057830 0.056106
v 0.658409 0.058669 0.054755
v 0.667701 0.062918 0.053297
v 0.667939 0.062240 0.054755
v 0.667939 0.062240 0.054755
v 0.667701 0.062918 0.053297
v 0.658409 0.058669 0.054755
v 0.658146 0.059338 0.053297
v 0.667529 0.063411 0.051759
v 0.667701 0.062918 0.053297
v 0.667701 0.062918 0.053297
v 0.667529 0.063411 0.051759
v 0.658146 0.059338 0.053297
v 0.657954 0.059824 0.051759
v 0.667424 0.063711 0.050165
v 0.667529 0.063411 0.051759
v 0.667529 0.063411 0.051759
v 0.667424 0.063711 0.050165
v 0.657954 0.059824 0.051759
v 0.658520 0.058389 0.041586
v 0.667424 0.063711 0.050165
v 0.657838 0.060119 0.050165
v 0.657838 0.060119 0.050165
v 0.667424 0.063711 0.050165
v 0.658520 0.058389 0.041586
v 0.655027 0.055294 0.032941
v 0.658520 0.058389 0.041586
v 0.654428 0.056696 0.041586
v 0.654428 0.056696 0.041586
v 0.658520 0.058389 0.041586
v 0.655027 0.055294 0.032941
v 0.651484 0.052437 0.024244
v 0.655027 0.055294 0.032941
v 0.650993 0.053520 0.032941
v 0.650993 0.053520 0.032941
v 0.655027 0.055294 0.032941
v 0.651484 0.052437 0.024244
v 0.668237 0.061388 0.056106
v 0.659133 0.056833 0.057327
v 0.658740 0.057830 0.056106
v 0.658740 0.057830 0.056106
v 0.659133 0.056833 0.057327
v 0.668237 0.061388 0.056106
v 0.647882 0.049820 0.015507
v 0.651484 0.052437 0.024244
v 0.647514 0.050586 0.024244
v 0.647514 0.050586 0.024244
v 0.651484 0.052437 0.024244
v 0.647882 0.049820 0.015507
v 0.659133 0.056833 0.057327
v 0.668995 0.059224 0.058399
v 0.659581 0.055696 0.058399
v 0.659581 0.055696 0.058399
v 0.668995 0.059224 0.058399
v 0.659133 0.056833 0.057327
v 0.644203 0.047434 0.006744
v 0.647882 0.049820 0.015507
v 0.643972 0.047890 0.015507
v 0.643972 0.047890 0.015507
v 0.647882 0.049820 0.015507
v 0.644203 0.047434 0.006744
v 0.640426 0.045274 -0.002033
v 0.644203 0.047434 0.006744
v 0.640345 0.045424 0.006744
v 0.640345 0.045424 0.006744
v 0.644203 0.047434 0.006744
v 0.640426 0.045274 -0.002033
v 0.636617 0.043181 -0.002033
v 0.640345 0.045424 -0.010809
v 0.640426 0.045274 -0.002033
v 0.640426 0.045274 -0.002033
v 0.640345 0.045424 -0.010809
v 0.636617 0.043181 -0.002033
v 0.636533 0.043329 -0.010809
v 0.640104 0.045874 -0.019573
v 0.640345 0.045424 -0.010809
v 0.640345 0.045424 -0.010809
v 0.640104 0.045874 -0.019573
v 0.636533 0.043329 -0.010809
v 0.636282 0.043774 -0.019573
v 0.639703 0.046624 -0.028310
v 0.640104 0.045874 -0.019573
v 0.640104 0.045874 -0.019573
v 0.639703 0.046624 -0.028310
v 0.636282 0.043774 -0.019573
v 0.635865 0.044514 -0.028310
v 0.639142 0.047672 -0.037007
v 0.639703 0.046624 -0.028310
v 0.639703 0.046624 -0.028310
v 0.639142 0.047672 -0.037007
v 0.635865 0.044514 -0.028310
v 0.635281 0.045550 -0.037007
v 0.638422 0.049016 -0.045652
v 0.639142 0.047672 -0.037007
v 0.639142 0.047672 -0.037007
v 0.638422 0.049016 -0.045652
v 0.635281 0.045550 -0.037007
v 0.634532 0.046878 -0.045652
v 0.637545 0.050655 -0.054231
v 0.638422 0.049016 -0.045652
v 0.638422 0.049016 -0.045652
v 0.637545 0.050655 -0.054231
v 0.634532 0.046878 -0.045652
v 0.712142 0.052271 0.060966
v 0.662353 0.048661 0.060966
v 0.671494 0.052086 0.060966
v 0.671494 0.052086 0.060966
v 0.662353 0.048661 0.060966
v 0.712142 0.052271 0.060966
v 0.786540 0.072846 0.060966
v 0.749726 0.061165 0.050585
v 0.749186 0.063120 0.060966
v 0.749186 0.063120 0.060966
v 0.749726 0.061165 0.050585
v 0.786540 0.072846 0.060966
v 0.749726 0.061165 0.050585
v 0.713233 0.048745 0.040139
v 0.712741 0.050334 0.050585
v 0.712741 0.050334 0.050585
v 0.713233 0.048745 0.040139
v 0.749726 0.061165 0.050585
v 0.712142 0.052271 0.060966
v 0.671494 0.052086 0.060966
v 0.674287 0.052997 0.060966
v 0.674287 0.052997 0.060966
v 0.671494 0.052086 0.060966
v 0.712142 0.052271 0.060966
v 0.749186 0.063120 0.060966
v 0.674287 0.052997 0.060966
v 0.708472 0.064138 0.060966
v 0.708472 0.064138 0.060966
v 0.674287 0.052997 0.060966
v 0.749186 0.063120 0.060966
v 0.679681 0.036448 0.029642
v 0.679279 0.037680 0.040139
v 0.713233 0.048745 0.040139
v 0.713233 0.048745 0.040139
v 0.679279 0.037680 0.040139
v 0.679681 0.036448 0.029642
v 0.679681 0.036448 0.029642
v 0.677553 0.034780 0.019105
v 0.677247 0.035655 0.029642
v 0.677247 0.035655 0.029642
v 0.677553 0.034780 0.019105
v 0.679681 0.036448 0.029642
v 0.677553 0.034780 0.019105
v 0.669279 0.031086 0.008543
v 0.669075 0.031604 0.019105
v 0.669075 0.031604 0.019105
v 0.669279 0.031086 0.008543
v 0.677553 0.034780 0.019105
v 0.669279 0.031086 0.008543
v 0.666016 0.029536 -0.002033
v 0.665943 0.029706 0.008543
v 0.665943 0.029706 0.008543
v 0.666016 0.029536 -0.002033
v 0.669279 0.031086 0.008543
v 0.662548 0.028011 -0.002033
v 0.665943 0.029706 0.008543
v 0.666016 0.029536 -0.002033
v 0.666016 0.029536 -0.002033
v 0.665943 0.029706 0.008543
v 0.662548 0.028011 -0.002033
v 0.662548 0.028011 -0.002033
v 0.665943 0.029706 -0.012608
v 0.662472 0.028180 -0.012608
v 0.662472 0.028180 -0.012608
v 0.665943 0.029706 -0.012608
v 0.662548 0.028011 -0.002033
v 0.633774 0.048221 -0.055824
v 0.637545 0.050655 -0.054231
v 0.633618 0.048497 -0.054231
v 0.633618 0.048497 -0.054231
v 0.637545 0.050655 -0.054231
v 0.633774 0.048221 -0.055824
v 0.630168 0.045532 -0.057363
v 0.633774 0.048221 -0.055824
v 0.629902 0.045981 -0.055824
v 0.629902 0.045981 -0.055824
v 0.633774 0.048221 -0.055824
v 0.630168 0.045532 -0.057363
v 0.626737 0.042603 -0.058820
v 0.630168 0.045532 -0.057363
v 0.626357 0.043212 -0.057363
v 0.626357 0.043212 -0.057363
v 0.630168 0.045532 -0.057363
v 0.626737 0.042603 -0.058820
v 0.623345 0.039364 -0.060171
v 0.626737 0.042603 -0.058820
v 0.622900 0.040150 -0.058820
v 0.622900 0.040150 -0.058820
v 0.626737 0.042603 -0.058820
v 0.623345 0.039364 -0.060171
v 0.619736 0.036372 -0.061393
v 0.623345 0.039364 -0.060171
v 0.619278 0.037341 -0.060171
v 0.619278 0.037341 -0.060171
v 0.623345 0.039364 -0.060171
v 0.619736 0.036372 -0.061393
v 0.662472 0.028180 -0.012608
v 0.665725 0.030218 -0.023171
v 0.662242 0.028686 -0.023171
v 0.662242 0.028686 -0.023171
v 0.665725 0.030218 -0.023171
v 0.662472 0.028180 -0.012608
v 0.662242 0.028686 -0.023171
v 0.665362 0.031070 -0.033707
v 0.661860 0.029530 -0.033707
v 0.661860 0.029530 -0.033707
v 0.665362 0.031070 -0.033707
v 0.662242 0.028686 -0.023171
v 0.661860 0.029530 -0.033707
v 0.664853 0.032261 -0.044205
v 0.661326 0.030710 -0.044205
v 0.661326 0.030710 -0.044205
v 0.664853 0.032261 -0.044205
v 0.661860 0.029530 -0.033707
v 0.661326 0.030710 -0.044205
v 0.664201 0.033791 -0.054650
v 0.660640 0.032225 -0.054650
v 0.660640 0.032225 -0.054650
v 0.664201 0.033791 -0.054650
v 0.661326 0.030710 -0.044205
v 0.660640 0.032225 -0.054650
v 0.663405 0.035656 -0.065031
v 0.659803 0.034072 -0.065031
v 0.659803 0.034072 -0.065031
v 0.663405 0.035656 -0.065031
v 0.660640 0.032225 -0.054650
v 0.590398 0.023088 -0.064086
v 0.585608 0.023882 -0.063367
v 0.585783 0.022435 -0.064086
v 0.585783 0.022435 -0.064086
v 0.585608 0.023882 -0.063367
v 0.590398 0.023088 -0.064086
v 0.585783 0.022435 -0.064086
v 0.590644 0.021569 -0.064608
v 0.590398 0.023088 -0.064086
v 0.590398 0.023088 -0.064086
v 0.590644 0.021569 -0.064608
v 0.585783 0.022435 -0.064086
v 0.595608 0.020855 -0.064925
v 0.590644 0.021569 -0.064608
v 0.590899 0.019996 -0.064925
v 0.590899 0.019996 -0.064925
v 0.590644 0.021569 -0.064608
v 0.595608 0.020855 -0.064925
v 0.589950 0.025860 -0.062464
v 0.585300 0.026436 -0.061393
v 0.585446 0.025223 -0.062464
v 0.585446 0.025223 -0.062464
v 0.585300 0.026436 -0.061393
v 0.589950 0.025860 -0.062464
v 0.590166 0.024526 -0.063367
v 0.585446 0.025223 -0.062464
v 0.585608 0.023882 -0.063367
v 0.585608 0.023882 -0.063367
v 0.585446 0.025223 -0.062464
v 0.590166 0.024526 -0.063367
v 0.594424 0.026677 -0.062464
v 0.589754 0.027066 -0.061393
v 0.589950 0.025860 -0.062464
v 0.589950 0.025860 -0.062464
v 0.589754 0.027066 -0.061393
v 0.594424 0.026677 -0.062464
v 0.598861 0.027673 -0.062464
v 0.594180 0.027874 -0.061393
v 0.594424 0.026677 -0.062464
v 0.594424 0.026677 -0.062464
v 0.594180 0.027874 -0.061393
v 0.598861 0.027673 -0.062464
v 0.594180 0.027874 -0.061393
v 0.598861 0.027673 -0.062464
v 0.598570 0.028859 -0.061393
v 0.598570 0.028859 -0.061393
v 0.598861 0.027673 -0.062464
v 0.594180 0.027874 -0.061393
v 0.598570 0.028859 -0.061393
v 0.603256 0.028845 -0.062464
v 0.602917 0.030019 -0.061393
v 0.602917 0.030019 -0.061393
v 0.603256 0.028845 -0.062464
v 0.598570 0.028859 -0.061393
v 0.600278 0.021903 -0.064925
v 0.595290 0.022417 -0.064608
v 0.595608 0.020855 -0.064925
v 0.595608 0.020855 -0.064925
v 0.595290 0.022417 -0.064608
v 0.600278 0.021903 -0.064925
v 0.604903 0.023138 -0.064925
v 0.599898 0.023451 -0.064608
v 0.600278 0.021903 -0.064925
v 0.600278 0.021903 -0.064925
v 0.599898 0.023451 -0.064608
v 0.604903 0.023138 -0.064925
v 0.609474 0.024557 -0.064925
v 0.604461 0.024669 -0.064608
v 0.604903 0.023138 -0.064925
v 0.604903 0.023138 -0.064925
v 0.604461 0.024669 -0.064608
v 0.609474 0.024557 -0.064925
v 0.613985 0.026158 -0.064925
v 0.608971 0.026069 -0.064608
v 0.609474 0.024557 -0.064925
v 0.609474 0.024557 -0.064925
v 0.608971 0.026069 -0.064608
v 0.613985 0.026158 -0.064925
v 0.618428 0.027939 -0.064925
v 0.613422 0.027649 -0.064608
v 0.613985 0.026158 -0.064925
v 0.613985 0.026158 -0.064925
v 0.613422 0.027649 -0.064608
v 0.618428 0.027939 -0.064925
v 0.622796 0.029896 -0.064925
v 0.617805 0.029406 -0.064608
v 0.618428 0.027939 -0.064925
v 0.618428 0.027939 -0.064925
v 0.617805 0.029406 -0.064608
v 0.622796 0.029896 -0.064925
v 0.627406 0.032189 -0.064925
v 0.622115 0.031337 -0.064608
v 0.622796 0.029896 -0.064925
v 0.622796 0.029896 -0.064925
v 0.622115 0.031337 -0.064608
v 0.627406 0.032189 -0.064925
v 0.632429 0.033476 -0.065031
v 0.659803 0.034072 -0.065031
v 0.636025 0.035664 -0.065031
v 0.636025 0.035664 -0.065031
v 0.659803 0.034072 -0.065031
v 0.632429 0.033476 -0.065031
v 0.627406 0.032189 -0.064925
v 0.632429 0.033476 -0.065031
v 0.631571 0.034851 -0.064925
v 0.631571 0.034851 -0.064925
v 0.632429 0.033476 -0.065031
v 0.627406 0.032189 -0.064925
v 0.602917 0.030019 -0.061393
v 0.607600 0.030194 -0.062464
v 0.607214 0.031353 -0.061393
v 0.607214 0.031353 -0.061393
v 0.607600 0.030194 -0.062464
v 0.602917 0.030019 -0.061393
v 0.607214 0.031353 -0.061393
v 0.611886 0.031715 -0.062464
v 0.611454 0.032858 -0.061393
v 0.611454 0.032858 -0.061393
v 0.611886 0.031715 -0.062464
v 0.607214 0.031353 -0.061393
v 0.611454 0.032858 -0.061393
v 0.616107 0.033407 -0.062464
v 0.615630 0.034532 -0.061393
v 0.615630 0.034532 -0.061393
v 0.616107 0.033407 -0.062464
v 0.611454 0.032858 -0.061393
v 0.615630 0.034532 -0.061393
v 0.620258 0.035268 -0.062464
v 0.619736 0.036372 -0.061393
v 0.619736 0.036372 -0.061393
v 0.620258 0.035268 -0.062464
v 0.615630 0.034532 -0.061393
v 0.667424 0.063711 0.050165
v 0.658520 0.058389 0.041586
v 0.668039 0.061955 0.041586
v 0.668039 0.061955 0.041586
v 0.658520 0.058389 0.041586
v 0.667424 0.063711 0.050165
v 0.658520 0.058389 0.041586
v 0.655027 0.055294 0.032941
v 0.659079 0.056970 0.032941
v 0.659079 0.056970 0.032941
v 0.655027 0.055294 0.032941
v 0.658520 0.058389 0.041586
v 0.655027 0.055294 0.032941
v 0.651484 0.052437 0.024244
v 0.655493 0.054200 0.024244
v 0.655493 0.054200 0.024244
v 0.651484 0.052437 0.024244
v 0.655027 0.055294 0.032941
v 0.659133 0.056833 0.057327
v 0.668237 0.061388 0.056106
v 0.668591 0.060377 0.057327
v 0.668591 0.060377 0.057327
v 0.668237 0.061388 0.056106
v 0.659133 0.056833 0.057327
v 0.651484 0.052437 0.024244
v 0.647882 0.049820 0.015507
v 0.651835 0.051663 0.015507
v 0.651835 0.051663 0.015507
v 0.647882 0.049820 0.015507
v 0.651484 0.052437 0.024244
v 0.668995 0.059224 0.058399
v 0.659133 0.056833 0.057327
v 0.668591 0.060377 0.057327
v 0.668591 0.060377 0.057327
v 0.659133 0.056833 0.057327
v 0.668995 0.059224 0.058399
v 0.669441 0.057949 0.059301
v 0.659581 0.055696 0.058399
v 0.668995 0.059224 0.058399
v 0.668995 0.059224 0.058399
v 0.659581 0.055696 0.058399
v 0.669441 0.057949 0.059301
v 0.647882 0.049820 0.015507
v 0.644203 0.047434 0.006744
v 0.648103 0.049359 0.006744
v 0.648103 0.049359 0.006744
v 0.644203 0.047434 0.006744
v 0.647882 0.049820 0.015507
v 0.644203 0.047434 0.006744
v 0.640426 0.045274 -0.002033
v 0.644280 0.047283 -0.002033
v 0.644280 0.047283 -0.002033
v 0.640426 0.045274 -0.002033
v 0.644203 0.047434 0.006744
v 0.644203 0.047434 -0.010809
v 0.640426 0.045274 -0.002033
v 0.640345 0.045424 -0.010809
v 0.640345 0.045424 -0.010809
v 0.640426 0.045274 -0.002033
v 0.644203 0.047434 -0.010809
v 0.643972 0.047890 -0.019573
v 0.640345 0.045424 -0.010809
v 0.640104 0.045874 -0.019573
v 0.640104 0.045874 -0.019573
v 0.640345 0.045424 -0.010809
v 0.643972 0.047890 -0.019573
v 0.643587 0.048648 -0.028310
v 0.640104 0.045874 -0.019573
v 0.639703 0.046624 -0.028310
v 0.639703 0.046624 -0.028310
v 0.640104 0.045874 -0.019573
v 0.643587 0.048648 -0.028310
v 0.643049 0.049708 -0.037007
v 0.639703 0.046624 -0.028310
v 0.639142 0.047672 -0.037007
v 0.639142 0.047672 -0.037007
v 0.639703 0.046624 -0.028310
v 0.643049 0.049708 -0.037007
v 0.642359 0.051068 -0.045652
v 0.639142 0.047672 -0.037007
v 0.638422 0.049016 -0.045652
v 0.638422 0.049016 -0.045652
v 0.639142 0.047672 -0.037007
v 0.642359 0.051068 -0.045652
v 0.641518 0.052726 -0.054231
v 0.638422 0.049016 -0.045652
v 0.637545 0.050655 -0.054231
v 0.637545 0.050655 -0.054231
v 0.638422 0.049016 -0.045652
v 0.641518 0.052726 -0.054231
v 0.661759 0.050170 0.060859
v 0.671494 0.052086 0.060966
v 0.662353 0.048661 0.060966
v 0.662353 0.048661 0.060966
v 0.671494 0.052086 0.060966
v 0.661759 0.050170 0.060859
v 0.749726 0.061165 0.050585
v 0.786540 0.072846 0.060966
v 0.787021 0.070876 0.050585
v 0.787021 0.070876 0.050585
v 0.786540 0.072846 0.060966
v 0.749726 0.061165 0.050585
v 0.749186 0.063120 0.060966
v 0.708472 0.064138 0.060966
v 0.786540 0.072846 0.060966
v 0.786540 0.072846 0.060966
v 0.708472 0.064138 0.060966
v 0.749186 0.063120 0.060966
v 0.713233 0.048745 0.040139
v 0.749726 0.061165 0.050585
v 0.750170 0.059562 0.040139
v 0.750170 0.059562 0.040139
v 0.749726 0.061165 0.050585
v 0.713233 0.048745 0.040139
v 0.673785 0.054538 0.060859
v 0.708472 0.064138 0.060966
v 0.674287 0.052997 0.060966
v 0.674287 0.052997 0.060966
v 0.708472 0.064138 0.060966
v 0.673785 0.054538 0.060859
v 0.679681 0.036448 0.029642
v 0.713233 0.048745 0.040139
v 0.713615 0.047508 0.029642
v 0.713615 0.047508 0.029642
v 0.713233 0.048745 0.040139
v 0.679681 0.036448 0.029642
v 0.677553 0.034780 0.019105
v 0.679681 0.036448 0.029642
v 0.679968 0.035567 0.019105
v 0.679968 0.035567 0.019105
v 0.679681 0.036448 0.029642
v 0.677553 0.034780 0.019105
v 0.669279 0.031086 0.008543
v 0.677553 0.034780 0.019105
v 0.677737 0.034255 0.008543
v 0.677737 0.034255 0.008543
v 0.677553 0.034780 0.019105
v 0.669279 0.031086 0.008543
v 0.666016 0.029536 -0.002033
v 0.669279 0.031086 0.008543
v 0.669347 0.030913 -0.002033
v 0.669347 0.030913 -0.002033
v 0.669279 0.031086 0.008543
v 0.666016 0.029536 -0.002033
v 0.665943 0.029706 -0.012608
v 0.662548 0.028011 -0.002033
v 0.666016 0.029536 -0.002033
v 0.666016 0.029536 -0.002033
v 0.662548 0.028011 -0.002033
v 0.665943 0.029706 -0.012608
v 0.665725 0.030218 -0.023171
v 0.662472 0.028180 -0.012608
v 0.665943 0.029706 -0.012608
v 0.665943 0.029706 -0.012608
v 0.662472 0.028180 -0.012608
v 0.665725 0.030218 -0.023171
v 0.637545 0.050655 -0.054231
v 0.633774 0.048221 -0.055824
v 0.637695 0.050376 -0.055824
v 0.637695 0.050376 -0.055824
v 0.633774 0.048221 -0.055824
v 0.637545 0.050655 -0.054231
v 0.633774 0.048221 -0.055824
v 0.630168 0.045532 -0.057363
v 0.634031 0.047766 -0.057363
v 0.634031 0.047766 -0.057363
v 0.630168 0.045532 -0.057363
v 0.633774 0.048221 -0.055824
v 0.630168 0.045532 -0.057363
v 0.626737 0.042603 -0.058820
v 0.630535 0.044914 -0.058820
v 0.630535 0.044914 -0.058820
v 0.626737 0.042603 -0.058820
v 0.630168 0.045532 -0.057363
v 0.626737 0.042603 -0.058820
v 0.623345 0.039364 -0.060171
v 0.627215 0.041837 -0.060171
v 0.627215 0.041837 -0.060171
v 0.623345 0.039364 -0.060171
v 0.626737 0.042603 -0.058820
v 0.623345 0.039364 -0.060171
v 0.619736 0.036372 -0.061393
v 0.623874 0.038430 -0.061393
v 0.623874 0.038430 -0.061393
v 0.619736 0.036372 -0.061393
v 0.623345 0.039364 -0.060171
v 0.665362 0.031070 -0.033707
v 0.662242 0.028686 -0.023171
v 0.665725 0.030218 -0.023171
v 0.665725 0.030218 -0.023171
v 0.662242 0.028686 -0.023171
v 0.665362 0.031070 -0.033707
v 0.664853 0.032261 -0.044205
v 0.661860 0.029530 -0.033707
v 0.665362 0.031070 -0.033707
v 0.665362 0.031070 -0.033707
v 0.661860 0.029530 -0.033707
v 0.664853 0.032261 -0.044205
v 0.664201 0.033791 -0.054650
v 0.661326 0.030710 -0.044205
v 0.664853 0.032261 -0.044205
v 0.664853 0.032261 -0.044205
v 0.661326 0.030710 -0.044205
v 0.664201 0.033791 -0.054650
v 0.663405 0.035656 -0.065031
v 0.660640 0.032225 -0.054650
v 0.664201 0.033791 -0.054650
v 0.664201 0.033791 -0.054650
v 0.660640 0.032225 -0.054650
v 0.663405 0.035656 -0.065031
v 0.636025 0.035664 -0.065031
v 0.659803 0.034072 -0.065031
v 0.663405 0.035656 -0.065031
v 0.663405 0.035656 -0.065031
v 0.659803 0.034072 -0.065031
v 0.636025 0.035664 -0.065031
v 0.585608 0.023882 -0.063367
v 0.590398 0.023088 -0.064086
v 0.590166 0.024526 -0.063367
v 0.590166 0.024526 -0.063367
v 0.590398 0.023088 -0.064086
v 0.585608 0.023882 -0.063367
v 0.595290 0.022417 -0.064608
v 0.590398 0.023088 -0.064086
v 0.590644 0.021569 -0.064608
v 0.590644 0.021569 -0.064608
v 0.590398 0.023088 -0.064086
v 0.595290 0.022417 -0.064608
v 0.590644 0.021569 -0.064608
v 0.595608 0.020855 -0.064925
v 0.595290 0.022417 -0.064608
v 0.595290 0.022417 -0.064608
v 0.595608 0.020855 -0.064925
v 0.590644 0.021569 -0.064608
v 0.585446 0.025223 -0.062464
v 0.590166 0.024526 -0.063367
v 0.589950 0.025860 -0.062464
v 0.589950 0.025860 -0.062464
v 0.590166 0.024526 -0.063367
v 0.585446 0.025223 -0.062464
v 0.589950 0.025860 -0.062464
v 0.594693 0.025353 -0.063367
v 0.594424 0.026677 -0.062464
v 0.594424 0.026677 -0.062464
v 0.594693 0.025353 -0.063367
v 0.589950 0.025860 -0.062464
v 0.594424 0.026677 -0.062464
v 0.599184 0.026360 -0.063367
v 0.598861 0.027673 -0.062464
v 0.598861 0.027673 -0.062464
v 0.599184 0.026360 -0.063367
v 0.594424 0.026677 -0.062464
v 0.603256 0.028845 -0.062464
v 0.598570 0.028859 -0.061393
v 0.598861 0.027673 -0.062464
v 0.598861 0.027673 -0.062464
v 0.598570 0.028859 -0.061393
v 0.603256 0.028845 -0.062464
v 0.607600 0.030194 -0.062464
v 0.602917 0.030019 -0.061393
v 0.603256 0.028845 -0.062464
v 0.603256 0.028845 -0.062464
v 0.602917 0.030019 -0.061393
v 0.607600 0.030194 -0.062464
v 0.595290 0.022417 -0.064608
v 0.600278 0.021903 -0.064925
v 0.599898 0.023451 -0.064608
v 0.599898 0.023451 -0.064608
v 0.600278 0.021903 -0.064925
v 0.595290 0.022417 -0.064608
v 0.599898 0.023451 -0.064608
v 0.604903 0.023138 -0.064925
v 0.604461 0.024669 -0.064608
v 0.604461 0.024669 -0.064608
v 0.604903 0.023138 -0.064925
v 0.599898 0.023451 -0.064608
v 0.604461 0.024669 -0.064608
v 0.609474 0.024557 -0.064925
v 0.608971 0.026069 -0.064608
v 0.608971 0.026069 -0.064608
v 0.609474 0.024557 -0.064925
v 0.604461 0.024669 -0.064608
v 0.608971 0.026069 -0.064608
v 0.613985 0.026158 -0.064925
v 0.613422 0.027649 -0.064608
v 0.613422 0.027649 -0.064608
v 0.613985 0.026158 -0.064925
v 0.608971 0.026069 -0.064608
v 0.613422 0.027649 -0.064608
v 0.618428 0.027939 -0.064925
v 0.617805 0.029406 -0.064608
v 0.617805 0.029406 -0.064608
v 0.618428 0.027939 -0.064925
v 0.613422 0.027649 -0.064608
v 0.617805 0.029406 -0.064608
v 0.622796 0.029896 -0.064925
v 0.622115 0.031337 -0.064608
v 0.622115 0.031337 -0.064608
v 0.622796 0.029896 -0.064925
v 0.617805 0.029406 -0.064608
v 0.622115 0.031337 -0.064608
v 0.627406 0.032189 -0.064925
v 0.626620 0.033578 -0.064608
v 0.626620 0.033578 -0.064608
v 0.627406 0.032189 -0.064925
v 0.622115 0.031337 -0.064608
v 0.631571 0.034851 -0.064925
v 0.626620 0.033578 -0.064608
v 0.627406 0.032189 -0.064925
v 0.627406 0.032189 -0.064925
v 0.626620 0.033578 -0.064608
v 0.631571 0.034851 -0.064925
v 0.611886 0.031715 -0.062464
v 0.607214 0.031353 -0.061393
v 0.607600 0.030194 -0.062464
v 0.607600 0.030194 -0.062464
v 0.607214 0.031353 -0.061393
v 0.611886 0.031715 -0.062464
v 0.616107 0.033407 -0.062464
v 0.611454 0.032858 -0.061393
v 0.611886 0.031715 -0.062464
v 0.611886 0.031715 -0.062464
v 0.611454 0.032858 -0.061393
v 0.616107 0.033407 -0.062464
v 0.620258 0.035268 -0.062464
v 0.615630 0.034532 -0.061393
v 0.616107 0.033407 -0.062464
v 0.616107 0.033407 -0.062464
v 0.615630 0.034532 -0.061393
v 0.620258 0.035268 -0.062464
v 0.624476 0.037366 -0.062464
v 0.619736 0.036372 -0.061393
v 0.620258 0.035268 -0.062464
v 0.620258 0.035268 -0.062464
v 0.619736 0.036372 -0.061393
v 0.624476 0.037366 -0.062464
v 0.659079 0.056970 0.032941
v 0.668039 0.061955 0.041586
v 0.658520 0.058389 0.041586
v 0.658520 0.058389 0.041586
v 0.668039 0.061955 0.041586
v 0.659079 0.056970 0.032941
v 0.668039 0.061955 0.041586
v 0.670472 0.064704 0.050165
v 0.667424 0.063711 0.050165
v 0.667424 0.063711 0.050165
v 0.670472 0.064704 0.050165
v 0.668039 0.061955 0.041586
v 0.655493 0.054200 0.024244
v 0.659079 0.056970 0.032941
v 0.655027 0.055294 0.032941
v 0.655027 0.055294 0.032941
v 0.659079 0.056970 0.032941
v 0.655493 0.054200 0.024244
v 0.651835 0.051663 0.015507
v 0.655493 0.054200 0.024244
v 0.651484 0.052437 0.024244
v 0.651484 0.052437 0.024244
v 0.655493 0.054200 0.024244
v 0.651835 0.051663 0.015507
v 0.648103 0.049359 0.006744
v 0.651835 0.051663 0.015507
v 0.647882 0.049820 0.015507
v 0.647882 0.049820 0.015507
v 0.651835 0.051663 0.015507
v 0.648103 0.049359 0.006744
v 0.659581 0.055696 0.058399
v 0.669441 0.057949 0.059301
v 0.660076 0.054439 0.059301
v 0.660076 0.054439 0.059301
v 0.669441 0.057949 0.059301
v 0.659581 0.055696 0.058399
v 0.644280 0.047283 -0.002033
v 0.648103 0.049359 0.006744
v 0.644203 0.047434 0.006744
v 0.644203 0.047434 0.006744
v 0.648103 0.049359 0.006744
v 0.644280 0.047283 -0.002033
v 0.640426 0.045274 -0.002033
v 0.644203 0.047434 -0.010809
v 0.644280 0.047283 -0.002033
v 0.644280 0.047283 -0.002033
v 0.644203 0.047434 -0.010809
v 0.640426 0.045274 -0.002033
v 0.640345 0.045424 -0.010809
v 0.643972 0.047890 -0.019573
v 0.644203 0.047434 -0.010809
v 0.644203 0.047434 -0.010809
v 0.643972 0.047890 -0.019573
v 0.640345 0.045424 -0.010809
v 0.640104 0.045874 -0.019573
v 0.643587 0.048648 -0.028310
v 0.643972 0.047890 -0.019573
v 0.643972 0.047890 -0.019573
v 0.643587 0.048648 -0.028310
v 0.640104 0.045874 -0.019573
v 0.639703 0.046624 -0.028310
v 0.643049 0.049708 -0.037007
v 0.643587 0.048648 -0.028310
v 0.643587 0.048648 -0.028310
v 0.643049 0.049708 -0.037007
v 0.639703 0.046624 -0.028310
v 0.639142 0.047672 -0.037007
v 0.642359 0.051068 -0.045652
v 0.643049 0.049708 -0.037007
v 0.643049 0.049708 -0.037007
v 0.642359 0.051068 -0.045652
v 0.639142 0.047672 -0.037007
v 0.638422 0.049016 -0.045652
v 0.641518 0.052726 -0.054231
v 0.642359 0.051068 -0.045652
v 0.642359 0.051068 -0.045652
v 0.641518 0.052726 -0.054231
v 0.638422 0.049016 -0.045652
v 0.637695 0.050376 -0.055824
v 0.641518 0.052726 -0.054231
v 0.637545 0.050655 -0.054231
v 0.637545 0.050655 -0.054231
v 0.641518 0.052726 -0.054231
v 0.637695 0.050376 -0.055824
v 0.671494 0.052086 0.060966
v 0.661759 0.050170 0.060859
v 0.670958 0.053617 0.060859
v 0.670958 0.053617 0.060859
v 0.661759 0.050170 0.060859
v 0.671494 0.052086 0.060966
v 0.824171 0.081442 0.060966
v 0.787021 0.070876 0.050585
v 0.786540 0.072846 0.060966
v 0.786540 0.072846 0.060966
v 0.787021 0.070876 0.050585
v 0.824171 0.081442 0.060966
v 0.787021 0.070876 0.050585
v 0.750170 0.059562 0.040139
v 0.749726 0.061165 0.050585
v 0.749726 0.061165 0.050585
v 0.750170 0.059562 0.040139
v 0.787021 0.070876 0.050585
v 0.786540 0.072846 0.060966
v 0.708472 0.064138 0.060966
v 0.745875 0.075091 0.060966
v 0.745875 0.075091 0.060966
v 0.708472 0.064138 0.060966
v 0.786540 0.072846 0.060966
v 0.750170 0.059562 0.040139
v 0.713615 0.047508 0.029642
v 0.713233 0.048745 0.040139
v 0.713233 0.048745 0.040139
v 0.713615 0.047508 0.029642
v 0.750170 0.059562 0.040139
v 0.708472 0.064138 0.060966
v 0.673785 0.054538 0.060859
v 0.707993 0.065686 0.060859
v 0.707993 0.065686 0.060859
v 0.673785 0.054538 0.060859
v 0.708472 0.064138 0.060966
v 0.679968 0.035567 0.019105
v 0.679681 0.036448 0.029642
v 0.713615 0.047508 0.029642
v 0.713615 0.047508 0.029642
v 0.679681 0.036448 0.029642
v 0.679968 0.035567 0.019105
v 0.679968 0.035567 0.019105
v 0.677737 0.034255 0.008543
v 0.677553 0.034780 0.019105
v 0.677553 0.034780 0.019105
v 0.677737 0.034255 0.008543
v 0.679968 0.035567 0.019105
v 0.677737 0.034255 0.008543
v 0.669347 0.030913 -0.002033
v 0.669279 0.031086 0.008543
v 0.669279 0.031086 0.008543
v 0.669347 0.030913 -0.002033
v 0.677737 0.034255 0.008543
v 0.669279 0.031086 -0.012608
v 0.666016 0.029536 -0.002033
v 0.669347 0.030913 -0.002033
v 0.669347 0.030913 -0.002033
v 0.666016 0.029536 -0.002033
v 0.669279 0.031086 -0.012608
v 0.666016 0.029536 -0.002033
v 0.669279 0.031086 -0.012608
v 0.665943 0.029706 -0.012608
v 0.665943 0.029706 -0.012608
v 0.669279 0.031086 -0.012608
v 0.666016 0.029536 -0.002033
v 0.665943 0.029706 -0.012608
v 0.669075 0.031604 -0.023171
v 0.665725 0.030218 -0.023171
v 0.665725 0.030218 -0.023171
v 0.669075 0.031604 -0.023171
v 0.665943 0.029706 -0.012608
v 0.634031 0.047766 -0.057363
v 0.637695 0.050376 -0.055824
v 0.633774 0.048221 -0.055824
v 0.633774 0.048221 -0.055824
v 0.637695 0.050376 -0.055824
v 0.634031 0.047766 -0.057363
v 0.630535 0.044914 -0.058820
v 0.634031 0.047766 -0.057363
v 0.630168 0.045532 -0.057363
v 0.630168 0.045532 -0.057363
v 0.634031 0.047766 -0.057363
v 0.630535 0.044914 -0.058820
v 0.627215 0.041837 -0.060171
v 0.630535 0.044914 -0.058820
v 0.626737 0.042603 -0.058820
v 0.626737 0.042603 -0.058820
v 0.630535 0.044914 -0.058820
v 0.627215 0.041837 -0.060171
v 0.623345 0.039364 -0.060171
v 0.627781 0.040928 -0.061393
v 0.627215 0.041837 -0.060171
v 0.627215 0.041837 -0.060171
v 0.627781 0.040928 -0.061393
v 0.623345 0.039364 -0.060171
v 0.619736 0.036372 -0.061393
v 0.624476 0.037366 -0.062464
v 0.623874 0.038430 -0.061393
v 0.623874 0.038430 -0.061393
v 0.624476 0.037366 -0.062464
v 0.619736 0.036372 -0.061393
v 0.627781 0.040928 -0.061393
v 0.623345 0.039364 -0.060171
v 0.623874 0.038430 -0.061393
v 0.623874 0.038430 -0.061393
v 0.623345 0.039364 -0.060171
v 0.627781 0.040928 -0.061393
v 0.665725 0.030218 -0.023171
v 0.668735 0.032466 -0.033707
v 0.665362 0.031070 -0.033707
v 0.665362 0.031070 -0.033707
v 0.668735 0.032466 -0.033707
v 0.665725 0.030218 -0.023171
v 0.665362 0.031070 -0.033707
v 0.668260 0.033671 -0.044205
v 0.664853 0.032261 -0.044205
v 0.664853 0.032261 -0.044205
v 0.668260 0.033671 -0.044205
v 0.665362 0.031070 -0.033707
v 0.664853 0.032261 -0.044205
v 0.667651 0.035218 -0.054650
v 0.664201 0.033791 -0.054650
v 0.664201 0.033791 -0.054650
v 0.667651 0.035218 -0.054650
v 0.664853 0.032261 -0.044205
v 0.664201 0.033791 -0.054650
v 0.666907 0.037105 -0.065031
v 0.663405 0.035656 -0.065031
v 0.663405 0.035656 -0.065031
v 0.666907 0.037105 -0.065031
v 0.664201 0.033791 -0.054650
v 0.636025 0.035664 -0.065031
v 0.663405 0.035656 -0.065031
v 0.666907 0.037105 -0.065031
v 0.666907 0.037105 -0.065031
v 0.663405 0.035656 -0.065031
v 0.636025 0.035664 -0.065031
v 0.594983 0.023925 -0.064086
v 0.590166 0.024526 -0.063367
v 0.590398 0.023088 -0.064086
v 0.590398 0.023088 -0.064086
v 0.590166 0.024526 -0.063367
v 0.594983 0.023925 -0.064086
v 0.590398 0.023088 -0.064086
v 0.595290 0.022417 -0.064608
v 0.594983 0.023925 -0.064086
v 0.594983 0.023925 -0.064086
v 0.595290 0.022417 -0.064608
v 0.590398 0.023088 -0.064086
v 0.594693 0.025353 -0.063367
v 0.589950 0.025860 -0.062464
v 0.590166 0.024526 -0.063367
v 0.590166 0.024526 -0.063367
v 0.589950 0.025860 -0.062464
v 0.594693 0.025353 -0.063367
v 0.599184 0.026360 -0.063367
v 0.594424 0.026677 -0.062464
v 0.594693 0.025353 -0.063367
v 0.594693 0.025353 -0.063367
v 0.594424 0.026677 -0.062464
v 0.599184 0.026360 -0.063367
v 0.603630 0.027547 -0.063367
v 0.598861 0.027673 -0.062464
v 0.599184 0.026360 -0.063367
v 0.599184 0.026360 -0.063367
v 0.598861 0.027673 -0.062464
v 0.603630 0.027547 -0.063367
v 0.598861 0.027673 -0.062464
v 0.603630 0.027547 -0.063367
v 0.603256 0.028845 -0.062464
v 0.603256 0.028845 -0.062464
v 0.603630 0.027547 -0.063367
v 0.598861 0.027673 -0.062464
v 0.603256 0.028845 -0.062464
v 0.608026 0.028912 -0.063367
v 0.607600 0.030194 -0.062464
v 0.607600 0.030194 -0.062464
v 0.608026 0.028912 -0.063367
v 0.603256 0.028845 -0.062464
v 0.599898 0.023451 -0.064608
v 0.594983 0.023925 -0.064086
v 0.595290 0.022417 -0.064608
v 0.595290 0.022417 -0.064608
v 0.594983 0.023925 -0.064086
v 0.599898 0.023451 -0.064608
v 0.604461 0.024669 -0.064608
v 0.599531 0.024945 -0.064086
v 0.599898 0.023451 -0.064608
v 0.599898 0.023451 -0.064608
v 0.599531 0.024945 -0.064086
v 0.604461 0.024669 -0.064608
v 0.608971 0.026069 -0.064608
v 0.604034 0.026147 -0.064086
v 0.604461 0.024669 -0.064608
v 0.604461 0.024669 -0.064608
v 0.604034 0.026147 -0.064086
v 0.608971 0.026069 -0.064608
v 0.613422 0.027649 -0.064608
v 0.608486 0.027529 -0.064086
v 0.608971 0.026069 -0.064608
v 0.608971 0.026069 -0.064608
v 0.608486 0.027529 -0.064086
v 0.613422 0.027649 -0.064608
v 0.617805 0.029406 -0.064608
v 0.612878 0.029088 -0.064086
v 0.613422 0.027649 -0.064608
v 0.613422 0.027649 -0.064608
v 0.612878 0.029088 -0.064086
v 0.617805 0.029406 -0.064608
v 0.622115 0.031337 -0.064608
v 0.617204 0.030822 -0.064086
v 0.617805 0.029406 -0.064608
v 0.617805 0.029406 -0.064608
v 0.617204 0.030822 -0.064086
v 0.622115 0.031337 -0.064608
v 0.626620 0.033578 -0.064608
v 0.621457 0.032729 -0.064086
v 0.622115 0.031337 -0.064608
v 0.622115 0.031337 -0.064608
v 0.621457 0.032729 -0.064086
v 0.626620 0.033578 -0.064608
v 0.626620 0.033578 -0.064608
v 0.631571 0.034851 -0.064925
v 0.630728 0.036203 -0.064608
v 0.630728 0.036203 -0.064608
v 0.631571 0.034851 -0.064925
v 0.626620 0.033578 -0.064608
v 0.607600 0.030194 -0.062464
v 0.612363 0.030451 -0.063367
v 0.611886 0.031715 -0.062464
v 0.611886 0.031715 -0.062464
v 0.612363 0.030451 -0.063367
v 0.607600 0.030194 -0.062464
v 0.611886 0.031715 -0.062464
v 0.616635 0.032164 -0.063367
v 0.616107 0.033407 -0.062464
v 0.616107 0.033407 -0.062464
v 0.616635 0.032164 -0.063367
v 0.611886 0.031715 -0.062464
v 0.616107 0.033407 -0.062464
v 0.620835 0.034046 -0.063367
v 0.620258 0.035268 -0.062464
v 0.620258 0.035268 -0.062464
v 0.620835 0.034046 -0.063367
v 0.616107 0.033407 -0.062464
v 0.620258 0.035268 -0.062464
v 0.625142 0.036188 -0.063367
v 0.624476 0.037366 -0.062464
v 0.624476 0.037366 -0.062464
v 0.625142 0.036188 -0.063367
v 0.620258 0.035268 -0.062464
v 0.668039 0.061955 0.041586
v 0.659079 0.056970 0.032941
v 0.668543 0.060516 0.032941
v 0.668543 0.060516 0.032941
v 0.659079 0.056970 0.032941
v 0.668039 0.061955 0.041586
v 0.670472 0.064704 0.050165
v 0.668039 0.061955 0.041586
v 0.671048 0.062936 0.041586
v 0.671048 0.062936 0.041586
v 0.668039 0.061955 0.041586
v 0.670472 0.064704 0.050165
v 0.659079 0.056970 0.032941
v 0.655493 0.054200 0.024244
v 0.659515 0.055864 0.024244
v 0.659515 0.055864 0.024244
v 0.655493 0.054200 0.024244
v 0.659079 0.056970 0.032941
v 0.655493 0.054200 0.024244
v 0.651835 0.051663 0.015507
v 0.655827 0.053418 0.015507
v 0.655827 0.053418 0.015507
v 0.651835 0.051663 0.015507
v 0.655493 0.054200 0.024244
v 0.651835 0.051663 0.015507
v 0.648103 0.049359 0.006744
v 0.652045 0.051198 0.006744
v 0.652045 0.051198 0.006744
v 0.648103 0.049359 0.006744
v 0.651835 0.051663 0.015507
v 0.669923 0.056573 0.060020
v 0.660076 0.054439 0.059301
v 0.669441 0.057949 0.059301
v 0.669441 0.057949 0.059301
v 0.660076 0.054439 0.059301
v 0.669923 0.056573 0.060020
v 0.648103 0.049359 0.006744
v 0.644280 0.047283 -0.002033
v 0.648177 0.049206 -0.002033
v 0.648177 0.049206 -0.002033
v 0.644280 0.047283 -0.002033
v 0.648103 0.049359 0.006744
v 0.648103 0.049359 -0.010809
v 0.644280 0.047283 -0.002033
v 0.644203 0.047434 -0.010809
v 0.644203 0.047434 -0.010809
v 0.644280 0.047283 -0.002033
v 0.648103 0.049359 -0.010809
v 0.647882 0.049820 -0.019573
v 0.644203 0.047434 -0.010809
v 0.643972 0.047890 -0.019573
v 0.643972 0.047890 -0.019573
v 0.644203 0.047434 -0.010809
v 0.647882 0.049820 -0.019573
v 0.647514 0.050586 -0.028310
v 0.643972 0.047890 -0.019573
v 0.643587 0.048648 -0.028310
v 0.643587 0.048648 -0.028310
v 0.643972 0.047890 -0.019573
v 0.647514 0.050586 -0.028310
v 0.647000 0.051658 -0.037007
v 0.643587 0.048648 -0.028310
v 0.643049 0.049708 -0.037007
v 0.643049 0.049708 -0.037007
v 0.643587 0.048648 -0.028310
v 0.647000 0.051658 -0.037007
v 0.646341 0.053033 -0.045652
v 0.643049 0.049708 -0.037007
v 0.642359 0.051068 -0.045652
v 0.642359 0.051068 -0.045652
v 0.643049 0.049708 -0.037007
v 0.646341 0.053033 -0.045652
v 0.645536 0.054709 -0.054231
v 0.642359 0.051068 -0.045652
v 0.641518 0.052726 -0.054231
v 0.641518 0.052726 -0.054231
v 0.642359 0.051068 -0.045652
v 0.645536 0.054709 -0.054231
v 0.641518 0.052726 -0.054231
v 0.637695 0.050376 -0.055824
v 0.641662 0.052444 -0.055824
v 0.641662 0.052444 -0.055824
v 0.637695 0.050376 -0.055824
v 0.641518 0.052726 -0.054231
v 0.661174 0.051652 0.060542
v 0.670958 0.053617 0.060859
v 0.661759 0.050170 0.060859
v 0.661759 0.050170 0.060859
v 0.670958 0.053617 0.060859
v 0.661174 0.051652 0.060542
v 0.787021 0.070876 0.050585
v 0.824171 0.081442 0.060966
v 0.824592 0.079458 0.050585
v 0.824592 0.079458 0.050585
v 0.824171 0.081442 0.060966
v 0.787021 0.070876 0.050585
v 0.786540 0.072846 0.060966
v 0.745875 0.075091 0.060966
v 0.824171 0.081442 0.060966
v 0.824171 0.081442 0.060966
v 0.745875 0.075091 0.060966
v 0.786540 0.072846 0.060966
v 0.750170 0.059562 0.040139
v 0.787021 0.070876 0.050585
v 0.787416 0.069261 0.040139
v 0.787416 0.069261 0.040139
v 0.787021 0.070876 0.050585
v 0.750170 0.059562 0.040139
v 0.707993 0.065686 0.060859
v 0.745875 0.075091 0.060966
v 0.708472 0.064138 0.060966
v 0.708472 0.064138 0.060966
v 0.745875 0.075091 0.060966
v 0.707993 0.065686 0.060859
v 0.713615 0.047508 0.029642
v 0.750170 0.059562 0.040139
v 0.750515 0.058314 0.029642
v 0.750515 0.058314 0.029642
v 0.750170 0.059562 0.040139
v 0.713615 0.047508 0.029642
v 0.673291 0.056053 0.060542
v 0.707993 0.065686 0.060859
v 0.673785 0.054538 0.060859
v 0.673785 0.054538 0.060859
v 0.707993 0.065686 0.060859
v 0.673291 0.056053 0.060542
v 0.679968 0.035567 0.019105
v 0.713615 0.047508 0.029642
v 0.713889 0.046623 0.019105
v 0.713889 0.046623 0.019105
v 0.713615 0.047508 0.029642
v 0.679968 0.035567 0.019105
v 0.677737 0.034255 0.008543
v 0.679968 0.035567 0.019105
v 0.680140 0.035038 0.008543
v 0.680140 0.035038 0.008543
v 0.679968 0.035567 0.019105
v 0.677737 0.034255 0.008543
v 0.669347 0.030913 -0.002033
v 0.677737 0.034255 0.008543
v 0.677798 0.034080 -0.002033
v 0.677798 0.034080 -0.002033
v 0.677737 0.034255 0.008543
v 0.669347 0.030913 -0.002033
v 0.669347 0.030913 -0.002033
v 0.677737 0.034255 -0.012608
v 0.669279 0.031086 -0.012608
v 0.669279 0.031086 -0.012608
v 0.677737 0.034255 -0.012608
v 0.669347 0.030913 -0.002033
v 0.669075 0.031604 -0.023171
v 0.665943 0.029706 -0.012608
v 0.669279 0.031086 -0.012608
v 0.669279 0.031086 -0.012608
v 0.665943 0.029706 -0.012608
v 0.669075 0.031604 -0.023171
v 0.668735 0.032466 -0.033707
v 0.665725 0.030218 -0.023171
v 0.669075 0.031604 -0.023171
v 0.669075 0.031604 -0.023171
v 0.665725 0.030218 -0.023171
v 0.668735 0.032466 -0.033707
v 0.637695 0.050376 -0.055824
v 0.634031 0.047766 -0.057363
v 0.637941 0.049915 -0.057363
v 0.637941 0.049915 -0.057363
v 0.634031 0.047766 -0.057363
v 0.637695 0.050376 -0.055824
v 0.634031 0.047766 -0.057363
v 0.630535 0.044914 -0.058820
v 0.634384 0.047140 -0.058820
v 0.634384 0.047140 -0.058820
v 0.630535 0.044914 -0.058820
v 0.634031 0.047766 -0.057363
v 0.630535 0.044914 -0.058820
v 0.627215 0.041837 -0.060171
v 0.630996 0.044137 -0.060171
v 0.630996 0.044137 -0.060171
v 0.627215 0.041837 -0.060171
v 0.630535 0.044914 -0.058820
v 0.631543 0.043216 -0.061393
v 0.627215 0.041837 -0.060171
v 0.627781 0.040928 -0.061393
v 0.627781 0.040928 -0.061393
v 0.627215 0.041837 -0.060171
v 0.631543 0.043216 -0.061393
v 0.628428 0.039891 -0.062464
v 0.623874 0.038430 -0.061393
v 0.624476 0.037366 -0.062464
v 0.624476 0.037366 -0.062464
v 0.623874 0.038430 -0.061393
v 0.628428 0.039891 -0.062464
v 0.623874 0.038430 -0.061393
v 0.628428 0.039891 -0.062464
v 0.627781 0.040928 -0.061393
v 0.627781 0.040928 -0.061393
v 0.628428 0.039891 -0.062464
v 0.623874 0.038430 -0.061393
v 0.668260 0.033671 -0.044205
v 0.665362 0.031070 -0.033707
v 0.668735 0.032466 -0.033707
v 0.668735 0.032466 -0.033707
v 0.665362 0.031070 -0.033707
v 0.668260 0.033671 -0.044205
v 0.667651 0.035218 -0.054650
v 0.664853 0.032261 -0.044205
v 0.668260 0.033671 -0.044205
v 0.668260 0.033671 -0.044205
v 0.664853 0.032261 -0.044205
v 0.667651 0.035218 -0.054650
v 0.666907 0.037105 -0.065031
v 0.664201 0.033791 -0.054650
v 0.667651 0.035218 -0.054650
v 0.667651 0.035218 -0.054650
v 0.664201 0.033791 -0.054650
v 0.666907 0.037105 -0.065031
v 0.636025 0.035664 -0.065031
v 0.666907 0.037105 -0.065031
v 0.639668 0.037772 -0.065031
v 0.639668 0.037772 -0.065031
v 0.666907 0.037105 -0.065031
v 0.636025 0.035664 -0.065031
v 0.590166 0.024526 -0.063367
v 0.594983 0.023925 -0.064086
v 0.594693 0.025353 -0.063367
v 0.594693 0.025353 -0.063367
v 0.594983 0.023925 -0.064086
v 0.590166 0.024526 -0.063367
v 0.594693 0.025353 -0.063367
v 0.599531 0.024945 -0.064086
v 0.599184 0.026360 -0.063367
v 0.599184 0.026360 -0.063367
v 0.599531 0.024945 -0.064086
v 0.594693 0.025353 -0.063367
v 0.599184 0.026360 -0.063367
v 0.604034 0.026147 -0.064086
v 0.603630 0.027547 -0.063367
v 0.603630 0.027547 -0.063367
v 0.604034 0.026147 -0.064086
v 0.599184 0.026360 -0.063367
v 0.608026 0.028912 -0.063367
v 0.603256 0.028845 -0.062464
v 0.603630 0.027547 -0.063367
v 0.603630 0.027547 -0.063367
v 0.603256 0.028845 -0.062464
v 0.608026 0.028912 -0.063367
v 0.612363 0.030451 -0.063367
v 0.607600 0.030194 -0.062464
v 0.608026 0.028912 -0.063367
v 0.608026 0.028912 -0.063367
v 0.607600 0.030194 -0.062464
v 0.612363 0.030451 -0.063367
v 0.594983 0.023925 -0.064086
v 0.599898 0.023451 -0.064608
v 0.599531 0.024945 -0.064086
v 0.599531 0.024945 -0.064086
v 0.599898 0.023451 -0.064608
v 0.594983 0.023925 -0.064086
v 0.599531 0.024945 -0.064086
v 0.604461 0.024669 -0.064608
v 0.604034 0.026147 -0.064086
v 0.604034 0.026147 -0.064086
v 0.604461 0.024669 -0.064608
v 0.599531 0.024945 -0.064086
v 0.604034 0.026147 -0.064086
v 0.608971 0.026069 -0.064608
v 0.608486 0.027529 -0.064086
v 0.608486 0.027529 -0.064086
v 0.608971 0.026069 -0.064608
v 0.604034 0.026147 -0.064086
v 0.608486 0.027529 -0.064086
v 0.613422 0.027649 -0.064608
v 0.612878 0.029088 -0.064086
v 0.612878 0.029088 -0.064086
v 0.613422 0.027649 -0.064608
v 0.608486 0.027529 -0.064086
v 0.612878 0.029088 -0.064086
v 0.617805 0.029406 -0.064608
v 0.617204 0.030822 -0.064086
v 0.617204 0.030822 -0.064086
v 0.617805 0.029406 -0.064608
v 0.612878 0.029088 -0.064086
v 0.617204 0.030822 -0.064086
v 0.622115 0.031337 -0.064608
v 0.621457 0.032729 -0.064086
v 0.621457 0.032729 -0.064086
v 0.622115 0.031337 -0.064608
v 0.617204 0.030822 -0.064086
v 0.621457 0.032729 -0.064086
v 0.626620 0.033578 -0.064608
v 0.625861 0.034919 -0.064086
v 0.625861 0.034919 -0.064086
v 0.626620 0.033578 -0.064608
v 0.621457 0.032729 -0.064086
v 0.630728 0.036203 -0.064608
v 0.625861 0.034919 -0.064086
v 0.626620 0.033578 -0.064608
v 0.626620 0.033578 -0.064608
v 0.625861 0.034919 -0.064086
v 0.630728 0.036203 -0.064608
v 0.616635 0.032164 -0.063367
v 0.611886 0.031715 -0.062464
v 0.612363 0.030451 -0.063367
v 0.612363 0.030451 -0.063367
v 0.611886 0.031715 -0.062464
v 0.616635 0.032164 -0.063367
v 0.620835 0.034046 -0.063367
v 0.616107 0.033407 -0.062464
v 0.616635 0.032164 -0.063367
v 0.616635 0.032164 -0.063367
v 0.616107 0.033407 -0.062464
v 0.620835 0.034046 -0.063367
v 0.625142 0.036188 -0.063367
v 0.620258 0.035268 -0.062464
v 0.620835 0.034046 -0.063367
v 0.620835 0.034046 -0.063367
v 0.620258 0.035268 -0.062464
v 0.625142 0.036188 -0.063367
v 0.629143 0.038745 -0.063367
v 0.624476 0.037366 -0.062464
v 0.625142 0.036188 -0.063367
v 0.625142 0.036188 -0.063367
v 0.624476 0.037366 -0.062464
v 0.629143 0.038745 -0.063367
v 0.659515 0.055864 0.024244
v 0.668543 0.060516 0.032941
v 0.659079 0.056970 0.032941
v 0.659079 0.056970 0.032941
v 0.668543 0.060516 0.032941
v 0.659515 0.055864 0.024244
v 0.668543 0.060516 0.032941
v 0.671048 0.062936 0.041586
v 0.668039 0.061955 0.041586
v 0.668039 0.061955 0.041586
v 0.671048 0.062936 0.041586
v 0.668543 0.060516 0.032941
v 0.670472 0.064704 0.050165
v 0.671048 0.062936 0.041586
v 0.704833 0.075902 0.050165
v 0.704833 0.075902 0.050165
v 0.671048 0.062936 0.041586
v 0.670472 0.064704 0.050165
v 0.655827 0.053418 0.015507
v 0.659515 0.055864 0.024244
v 0.655493 0.054200 0.024244
v 0.655493 0.054200 0.024244
v 0.659515 0.055864 0.024244
v 0.655827 0.053418 0.015507
v 0.652045 0.051198 0.006744
v 0.655827 0.053418 0.015507
v 0.651835 0.051663 0.015507
v 0.651835 0.051663 0.015507
v 0.655827 0.053418 0.015507
v 0.652045 0.051198 0.006744
v 0.648177 0.049206 -0.002033
v 0.652045 0.051198 0.006744
v 0.648103 0.049359 0.006744
v 0.648103 0.049359 0.006744
v 0.652045 0.051198 0.006744
v 0.648177 0.049206 -0.002033
v 0.660076 0.054439 0.059301
v 0.669923 0.056573 0.060020
v 0.660610 0.053084 0.060020
v 0.660610 0.053084 0.060020
v 0.669923 0.056573 0.060020
v 0.660076 0.054439 0.059301
v 0.644280 0.047283 -0.002033
v 0.648103 0.049359 -0.010809
v 0.648177 0.049206 -0.002033
v 0.648177 0.049206 -0.002033
v 0.648103 0.049359 -0.010809
v 0.644280 0.047283 -0.002033
v 0.644203 0.047434 -0.010809
v 0.647882 0.049820 -0.019573
v 0.648103 0.049359 -0.010809
v 0.648103 0.049359 -0.010809
v 0.647882 0.049820 -0.019573
v 0.644203 0.047434 -0.010809
v 0.643972 0.047890 -0.019573
v 0.647514 0.050586 -0.028310
v 0.647882 0.049820 -0.019573
v 0.647882 0.049820 -0.019573
v 0.647514 0.050586 -0.028310
v 0.643972 0.047890 -0.019573
v 0.643587 0.048648 -0.028310
v 0.647000 0.051658 -0.037007
v 0.647514 0.050586 -0.028310
v 0.647514 0.050586 -0.028310
v 0.647000 0.051658 -0.037007
v 0.643587 0.048648 -0.028310
v 0.643049 0.049708 -0.037007
v 0.646341 0.053033 -0.045652
v 0.647000 0.051658 -0.037007
v 0.647000 0.051658 -0.037007
v 0.646341 0.053033 -0.045652
v 0.643049 0.049708 -0.037007
v 0.642359 0.051068 -0.045652
v 0.645536 0.054709 -0.054231
v 0.646341 0.053033 -0.045652
v 0.646341 0.053033 -0.045652
v 0.645536 0.054709 -0.054231
v 0.642359 0.051068 -0.045652
v 0.641662 0.052444 -0.055824
v 0.645536 0.054709 -0.054231
v 0.641518 0.052726 -0.054231
v 0.641518 0.052726 -0.054231
v 0.645536 0.054709 -0.054231
v 0.641662 0.052444 -0.055824
v 0.637941 0.049915 -0.057363
v 0.641662 0.052444 -0.055824
v 0.637695 0.050376 -0.055824
v 0.637695 0.050376 -0.055824
v 0.641662 0.052444 -0.055824
v 0.637941 0.049915 -0.057363
v 0.670958 0.053617 0.060859
v 0.661174 0.051652 0.060542
v 0.670431 0.055121 0.060542
v 0.670431 0.055121 0.060542
v 0.661174 0.051652 0.060542
v 0.670958 0.053617 0.060859
v 0.862043 0.088899 0.060966
v 0.824592 0.079458 0.050585
v 0.824171 0.081442 0.060966
v 0.824171 0.081442 0.060966
v 0.824592 0.079458 0.050585
v 0.862043 0.088899 0.060966
v 0.824592 0.079458 0.050585
v 0.787416 0.069261 0.040139
v 0.787021 0.070876 0.050585
v 0.787021 0.070876 0.050585
v 0.787416 0.069261 0.040139
v 0.824592 0.079458 0.050585
v 0.824171 0.081442 0.060966
v 0.745875 0.075091 0.060966
v 0.783592 0.084912 0.060966
v 0.783592 0.084912 0.060966
v 0.745875 0.075091 0.060966
v 0.824171 0.081442 0.060966
v 0.787416 0.069261 0.040139
v 0.750515 0.058314 0.029642
v 0.750170 0.059562 0.040139
v 0.750170 0.059562 0.040139
v 0.750515 0.058314 0.029642
v 0.787416 0.069261 0.040139
v 0.745875 0.075091 0.060966
v 0.707993 0.065686 0.060859
v 0.745443 0.076654 0.060859
v 0.745443 0.076654 0.060859
v 0.707993 0.065686 0.060859
v 0.745875 0.075091 0.060966
v 0.750515 0.058314 0.029642
v 0.713889 0.046623 0.019105
v 0.713615 0.047508 0.029642
v 0.713615 0.047508 0.029642
v 0.713889 0.046623 0.019105
v 0.750515 0.058314 0.029642
v 0.707993 0.065686 0.060859
v 0.673291 0.056053 0.060542
v 0.707522 0.067209 0.060542
v 0.707522 0.067209 0.060542
v 0.673291 0.056053 0.060542
v 0.707993 0.065686 0.060859
v 0.680140 0.035038 0.008543
v 0.679968 0.035567 0.019105
v 0.713889 0.046623 0.019105
v 0.713889 0.046623 0.019105
v 0.679968 0.035567 0.019105
v 0.680140 0.035038 0.008543
v 0.680140 0.035038 0.008543
v 0.677798 0.034080 -0.002033
v 0.677737 0.034255 0.008543
v 0.677737 0.034255 0.008543
v 0.677798 0.034080 -0.002033
v 0.680140 0.035038 0.008543
v 0.677737 0.034255 -0.012608
v 0.669347 0.030913 -0.002033
v 0.677798 0.034080 -0.002033
v 0.677798 0.034080 -0.002033
v 0.669347 0.030913 -0.002033
v 0.677737 0.034255 -0.012608
v 0.677553 0.034780 -0.023171
v 0.669279 0.031086 -0.012608
v 0.677737 0.034255 -0.012608
v 0.677737 0.034255 -0.012608
v 0.669279 0.031086 -0.012608
v 0.677553 0.034780 -0.023171
v 0.669279 0.031086 -0.012608
v 0.677553 0.034780 -0.023171
v 0.669075 0.031604 -0.023171
v 0.669075 0.031604 -0.023171
v 0.677553 0.034780 -0.023171
v 0.669279 0.031086 -0.012608
v 0.669075 0.031604 -0.023171
v 0.677247 0.035655 -0.033707
v 0.668735 0.032466 -0.033707
v 0.668735 0.032466 -0.033707
v 0.677247 0.035655 -0.033707
v 0.669075 0.031604 -0.023171
v 0.634384 0.047140 -0.058820
v 0.637941 0.049915 -0.057363
v 0.634031 0.047766 -0.057363
v 0.634031 0.047766 -0.057363
v 0.637941 0.049915 -0.057363
v 0.634384 0.047140 -0.058820
v 0.630996 0.044137 -0.060171
v 0.634384 0.047140 -0.058820
v 0.630535 0.044914 -0.058820
v 0.630535 0.044914 -0.058820
v 0.634384 0.047140 -0.058820
v 0.630996 0.044137 -0.060171
v 0.627215 0.041837 -0.060171
v 0.631543 0.043216 -0.061393
v 0.630996 0.044137 -0.060171
v 0.630996 0.044137 -0.060171
v 0.631543 0.043216 -0.061393
v 0.627215 0.041837 -0.060171
v 0.624476 0.037366 -0.062464
v 0.629143 0.038745 -0.063367
v 0.628428 0.039891 -0.062464
v 0.628428 0.039891 -0.062464
v 0.629143 0.038745 -0.063367
v 0.624476 0.037366 -0.062464
v 0.632166 0.042166 -0.062464
v 0.627781 0.040928 -0.061393
v 0.628428 0.039891 -0.062464
v 0.628428 0.039891 -0.062464
v 0.627781 0.040928 -0.061393
v 0.632166 0.042166 -0.062464
v 0.668735 0.032466 -0.033707
v 0.676819 0.036878 -0.044205
v 0.668260 0.033671 -0.044205
v 0.668260 0.033671 -0.044205
v 0.676819 0.036878 -0.044205
v 0.668735 0.032466 -0.033707
v 0.668260 0.033671 -0.044205
v 0.676269 0.038447 -0.054650
v 0.667651 0.035218 -0.054650
v 0.667651 0.035218 -0.054650
v 0.676269 0.038447 -0.054650
v 0.668260 0.033671 -0.044205
v 0.667651 0.035218 -0.054650
v 0.675599 0.040362 -0.065031
v 0.666907 0.037105 -0.065031
v 0.666907 0.037105 -0.065031
v 0.675599 0.040362 -0.065031
v 0.667651 0.035218 -0.054650
v 0.639668 0.037772 -0.065031
v 0.666907 0.037105 -0.065031
v 0.675599 0.040362 -0.065031
v 0.675599 0.040362 -0.065031
v 0.666907 0.037105 -0.065031
v 0.639668 0.037772 -0.065031
v 0.599531 0.024945 -0.064086
v 0.594693 0.025353 -0.063367
v 0.594983 0.023925 -0.064086
v 0.594983 0.023925 -0.064086
v 0.594693 0.025353 -0.063367
v 0.599531 0.024945 -0.064086
v 0.604034 0.026147 -0.064086
v 0.599184 0.026360 -0.063367
v 0.599531 0.024945 -0.064086
v 0.599531 0.024945 -0.064086
v 0.599184 0.026360 -0.063367
v 0.604034 0.026147 -0.064086
v 0.608486 0.027529 -0.064086
v 0.603630 0.027547 -0.063367
v 0.604034 0.026147 -0.064086
v 0.604034 0.026147 -0.064086
v 0.603630 0.027547 -0.063367
v 0.608486 0.027529 -0.064086
v 0.603630 0.027547 -0.063367
v 0.608486 0.027529 -0.064086
v 0.608026 0.028912 -0.063367
v 0.608026 0.028912 -0.063367
v 0.608486 0.027529 -0.064086
v 0.603630 0.027547 -0.063367
v 0.608026 0.028912 -0.063367
v 0.612878 0.029088 -0.064086
v 0.612363 0.030451 -0.063367
v 0.612363 0.030451 -0.063367
v 0.612878 0.029088 -0.064086
v 0.608026 0.028912 -0.063367
v 0.612878 0.029088 -0.064086
v 0.608026 0.028912 -0.063367
v 0.608486 0.027529 -0.064086
v 0.608486 0.027529 -0.064086
v 0.608026 0.028912 -0.063367
v 0.612878 0.029088 -0.064086
v 0.617204 0.030822 -0.064086
v 0.612363 0.030451 -0.063367
v 0.612878 0.029088 -0.064086
v 0.612878 0.029088 -0.064086
v 0.612363 0.030451 -0.063367
v 0.617204 0.030822 -0.064086
v 0.621457 0.032729 -0.064086
v 0.616635 0.032164 -0.063367
v 0.617204 0.030822 -0.064086
v 0.617204 0.030822 -0.064086
v 0.616635 0.032164 -0.063367
v 0.621457 0.032729 -0.064086
v 0.625861 0.034919 -0.064086
v 0.620835 0.034046 -0.063367
v 0.621457 0.032729 -0.064086
v 0.621457 0.032729 -0.064086
v 0.620835 0.034046 -0.063367
v 0.625861 0.034919 -0.064086
v 0.625861 0.034919 -0.064086
v 0.630728 0.036203 -0.064608
v 0.629914 0.037509 -0.064086
v 0.629914 0.037509 -0.064086
v 0.630728 0.036203 -0.064608
v 0.625861 0.034919 -0.064086
v 0.612363 0.030451 -0.063367
v 0.617204 0.030822 -0.064086
v 0.616635 0.032164 -0.063367
v 0.616635 0.032164 -0.063367
v 0.617204 0.030822 -0.064086
v 0.612363 0.030451 -0.063367
v 0.616635 0.032164 -0.063367
v 0.621457 0.032729 -0.064086
v 0.620835 0.034046 -0.063367
v 0.620835 0.034046 -0.063367
v 0.621457 0.032729 -0.064086
v 0.616635 0.032164 -0.063367
v 0.620835 0.034046 -0.063367
v 0.625861 0.034919 -0.064086
v 0.625142 0.036188 -0.063367
v 0.625142 0.036188 -0.063367
v 0.625861 0.034919 -0.064086
v 0.620835 0.034046 -0.063367
v 0.625142 0.036188 -0.063367
v 0.629914 0.037509 -0.064086
v 0.629143 0.038745 -0.063367
v 0.629143 0.038745 -0.063367
v 0.629914 0.037509 -0.064086
v 0.625142 0.036188 -0.063367
v 0.668543 0.060516 0.032941
v 0.659515 0.055864 0.024244
v 0.668935 0.059394 0.024244
v 0.668935 0.059394 0.024244
v 0.659515 0.055864 0.024244
v 0.668543 0.060516 0.032941
v 0.671048 0.062936 0.041586
v 0.668543 0.060516 0.032941
v 0.671521 0.061486 0.032941
v 0.671521 0.061486 0.032941
v 0.668543 0.060516 0.032941
v 0.671048 0.062936 0.041586
v 0.704833 0.075902 0.050165
v 0.671048 0.062936 0.041586
v 0.705382 0.074126 0.041586
v 0.705382 0.074126 0.041586
v 0.671048 0.062936 0.041586
v 0.704833 0.075902 0.050165
v 0.704833 0.075902 0.050165
v 0.670570 0.064403 0.051759
v 0.670472 0.064704 0.050165
v 0.670472 0.064704 0.050165
v 0.670570 0.064403 0.051759
v 0.704833 0.075902 0.050165
v 0.659515 0.055864 0.024244
v 0.655827 0.053418 0.015507
v 0.659826 0.055073 0.015507
v 0.659826 0.055073 0.015507
v 0.655827 0.053418 0.015507
v 0.659515 0.055864 0.024244
v 0.655827 0.053418 0.015507
v 0.652045 0.051198 0.006744
v 0.656027 0.052949 0.006744
v 0.656027 0.052949 0.006744
v 0.652045 0.051198 0.006744
v 0.655827 0.053418 0.015507
v 0.652045 0.051198 0.006744
v 0.648177 0.049206 -0.002033
v 0.652116 0.051043 -0.002033
v 0.652116 0.051043 -0.002033
v 0.648177 0.049206 -0.002033
v 0.652045 0.051198 0.006744
v 0.670431 0.055121 0.060542
v 0.660610 0.053084 0.060020
v 0.669923 0.056573 0.060020
v 0.669923 0.056573 0.060020
v 0.660610 0.053084 0.060020
v 0.670431 0.055121 0.060542
v 0.652045 0.051198 -0.010809
v 0.648177 0.049206 -0.002033
v 0.648103 0.049359 -0.010809
v 0.648103 0.049359 -0.010809
v 0.648177 0.049206 -0.002033
v 0.652045 0.051198 -0.010809
v 0.651835 0.051663 -0.019573
v 0.648103 0.049359 -0.010809
v 0.647882 0.049820 -0.019573
v 0.647882 0.049820 -0.019573
v 0.648103 0.049359 -0.010809
v 0.651835 0.051663 -0.019573
v 0.651484 0.052437 -0.028310
v 0.647882 0.049820 -0.019573
v 0.647514 0.050586 -0.028310
v 0.647514 0.050586 -0.028310
v 0.647882 0.049820 -0.019573
v 0.651484 0.052437 -0.028310
v 0.650993 0.053520 -0.037007
v 0.647514 0.050586 -0.028310
v 0.647000 0.051658 -0.037007
v 0.647000 0.051658 -0.037007
v 0.647514 0.050586 -0.028310
v 0.650993 0.053520 -0.037007
v 0.650364 0.054909 -0.045652
v 0.647000 0.051658 -0.037007
v 0.646341 0.053033 -0.045652
v 0.646341 0.053033 -0.045652
v 0.647000 0.051658 -0.037007
v 0.650364 0.054909 -0.045652
v 0.649597 0.056603 -0.054231
v 0.646341 0.053033 -0.045652
v 0.645536 0.054709 -0.054231
v 0.645536 0.054709 -0.054231
v 0.646341 0.053033 -0.045652
v 0.649597 0.056603 -0.054231
v 0.645536 0.054709 -0.054231
v 0.641662 0.052444 -0.055824
v 0.645673 0.054423 -0.055824
v 0.645673 0.054423 -0.055824
v 0.641662 0.052444 -0.055824
v 0.645536 0.054709 -0.054231
v 0.641662 0.052444 -0.055824
v 0.637941 0.049915 -0.057363
v 0.641898 0.051978 -0.057363
v 0.641898 0.051978 -0.057363
v 0.637941 0.049915 -0.057363
v 0.641662 0.052444 -0.055824
v 0.660610 0.053084 0.060020
v 0.670431 0.055121 0.060542
v 0.661174 0.051652 0.060542
v 0.661174 0.051652 0.060542
v 0.670431 0.055121 0.060542
v 0.660610 0.053084 0.060020
v 0.824592 0.079458 0.050585
v 0.862043 0.088899 0.060966
v 0.862405 0.086903 0.050585
v 0.862405 0.086903 0.050585
v 0.862043 0.088899 0.060966
v 0.824592 0.079458 0.050585
v 0.824171 0.081442 0.060966
v 0.783592 0.084912 0.060966
v 0.862043 0.088899 0.060966
v 0.862043 0.088899 0.060966
v 0.783592 0.084912 0.060966
v 0.824171 0.081442 0.060966
v 0.787416 0.069261 0.040139
v 0.824592 0.079458 0.050585
v 0.824938 0.077832 0.040139
v 0.824938 0.077832 0.040139
v 0.824592 0.079458 0.050585
v 0.787416 0.069261 0.040139
v 0.745443 0.076654 0.060859
v 0.783592 0.084912 0.060966
v 0.745875 0.075091 0.060966
v 0.745875 0.075091 0.060966
v 0.783592 0.084912 0.060966
v 0.745443 0.076654 0.060859
v 0.750515 0.058314 0.029642
v 0.787416 0.069261 0.040139
v 0.787724 0.068003 0.029642
v 0.787724 0.068003 0.029642
v 0.787416 0.069261 0.040139
v 0.750515 0.058314 0.029642
v 0.707522 0.067209 0.060542
v 0.745443 0.076654 0.060859
v 0.707993 0.065686 0.060859
v 0.707993 0.065686 0.060859
v 0.745443 0.076654 0.060859
v 0.707522 0.067209 0.060542
v 0.713889 0.046623 0.019105
v 0.750515 0.058314 0.029642
v 0.750762 0.057421 0.019105
v 0.750762 0.057421 0.019105
v 0.750515 0.058314 0.029642
v 0.713889 0.046623 0.019105
v 0.672815 0.057516 0.060020
v 0.707522 0.067209 0.060542
v 0.673291 0.056053 0.060542
v 0.673291 0.056053 0.060542
v 0.707522 0.067209 0.060542
v 0.672815 0.057516 0.060020
v 0.680140 0.035038 0.008543
v 0.713889 0.046623 0.019105
v 0.714053 0.046091 0.008543
v 0.714053 0.046091 0.008543
v 0.713889 0.046623 0.019105
v 0.680140 0.035038 0.008543
v 0.677798 0.034080 -0.002033
v 0.680140 0.035038 0.008543
v 0.680198 0.034862 -0.002033
v 0.680198 0.034862 -0.002033
v 0.680140 0.035038 0.008543
v 0.677798 0.034080 -0.002033
v 0.677798 0.034080 -0.002033
v 0.680140 0.035038 -0.012608
v 0.677737 0.034255 -0.012608
v 0.677737 0.034255 -0.012608
v 0.680140 0.035038 -0.012608
v 0.677798 0.034080 -0.002033
v 0.677737 0.034255 -0.012608
v 0.679968 0.035567 -0.023171
v 0.677553 0.034780 -0.023171
v 0.677553 0.034780 -0.023171
v 0.679968 0.035567 -0.023171
v 0.677737 0.034255 -0.012608
v 0.677247 0.035655 -0.033707
v 0.669075 0.031604 -0.023171
v 0.677553 0.034780 -0.023171
v 0.677553 0.034780 -0.023171
v 0.669075 0.031604 -0.023171
v 0.677247 0.035655 -0.033707
v 0.676819 0.036878 -0.044205
v 0.668735 0.032466 -0.033707
v 0.677247 0.035655 -0.033707
v 0.677247 0.035655 -0.033707
v 0.668735 0.032466 -0.033707
v 0.676819 0.036878 -0.044205
v 0.637941 0.049915 -0.057363
v 0.634384 0.047140 -0.058820
v 0.638280 0.049282 -0.058820
v 0.638280 0.049282 -0.058820
v 0.634384 0.047140 -0.058820
v 0.637941 0.049915 -0.057363
v 0.634384 0.047140 -0.058820
v 0.630996 0.044137 -0.060171
v 0.634827 0.046354 -0.060171
v 0.634827 0.046354 -0.060171
v 0.630996 0.044137 -0.060171
v 0.634384 0.047140 -0.058820
v 0.635353 0.045421 -0.061393
v 0.630996 0.044137 -0.060171
v 0.631543 0.043216 -0.061393
v 0.632855 0.041004 -0.063367
v 0.628428 0.039891 -0.062464
v 0.629143 0.038745 -0.063367
v 0.629143 0.038745 -0.063367
v 0.628428 0.039891 -0.062464
v 0.632855 0.041004 -0.063367
v 0.627781 0.040928 -0.061393
v 0.632166 0.042166 -0.062464
v 0.631543 0.043216 -0.061393
v 0.631543 0.043216 -0.061393
v 0.632166 0.042166 -0.062464
v 0.627781 0.040928 -0.061393
v 0.628428 0.039891 -0.062464
v 0.632855 0.041004 -0.063367
v 0.632166 0.042166 -0.062464
v 0.632166 0.042166 -0.062464
v 0.632855 0.041004 -0.063367
v 0.628428 0.039891 -0.062464
v 0.676269 0.038447 -0.054650
v 0.668260 0.033671 -0.044205
v 0.676819 0.036878 -0.044205
v 0.676819 0.036878 -0.044205
v 0.668260 0.033671 -0.044205
v 0.676269 0.038447 -0.054650
v 0.675599 0.040362 -0.065031
v 0.667651 0.035218 -0.054650
v 0.676269 0.038447 -0.054650
v 0.676269 0.038447 -0.054650
v 0.667651 0.035218 -0.054650
v 0.675599 0.040362 -0.065031
v 0.639668 0.037772 -0.065031
v 0.675599 0.040362 -0.065031
v 0.643357 0.039799 -0.065031
v 0.643357 0.039799 -0.065031
v 0.675599 0.040362 -0.065031
v 0.639668 0.037772 -0.065031
v 0.629914 0.037509 -0.064086
v 0.625142 0.036188 -0.063367
v 0.625861 0.034919 -0.064086
v 0.625861 0.034919 -0.064086
v 0.625142 0.036188 -0.063367
v 0.629914 0.037509 -0.064086
v 0.659826 0.055073 0.015507
v 0.668935 0.059394 0.024244
v 0.659515 0.055864 0.024244
v 0.659515 0.055864 0.024244
v 0.668935 0.059394 0.024244
v 0.659826 0.055073 0.015507
v 0.668935 0.059394 0.024244
v 0.671521 0.061486 0.032941
v 0.668543 0.060516 0.032941
v 0.668543 0.060516 0.032941
v 0.671521 0.061486 0.032941
v 0.668935 0.059394 0.024244
v 0.671048 0.062936 0.041586
v 0.671521 0.061486 0.032941
v 0.705382 0.074126 0.041586
v 0.705382 0.074126 0.041586
v 0.671521 0.061486 0.032941
v 0.671048 0.062936 0.041586
v 0.705382 0.074126 0.041586
v 0.742593 0.086961 0.050165
v 0.704833 0.075902 0.050165
v 0.704833 0.075902 0.050165
v 0.742593 0.086961 0.050165
v 0.705382 0.074126 0.041586
v 0.670570 0.064403 0.051759
v 0.704833 0.075902 0.050165
v 0.704926 0.075600 0.051759
v 0.704926 0.075600 0.051759
v 0.704833 0.075902 0.050165
v 0.670570 0.064403 0.051759
v 0.656027 0.052949 0.006744
v 0.659826 0.055073 0.015507
v 0.655827 0.053418 0.015507
v 0.655827 0.053418 0.015507
v 0.659826 0.055073 0.015507
v 0.656027 0.052949 0.006744
v 0.652116 0.051043 -0.002033
v 0.656027 0.052949 0.006744
v 0.652045 0.051198 0.006744
v 0.652045 0.051198 0.006744
v 0.656027 0.052949 0.006744
v 0.652116 0.051043 -0.002033
v 0.648177 0.049206 -0.002033
v 0.652045 0.051198 -0.010809
v 0.652116 0.051043 -0.002033
v 0.652116 0.051043 -0.002033
v 0.652045 0.051198 -0.010809
v 0.648177 0.049206 -0.002033
v 0.648103 0.049359 -0.010809
v 0.651835 0.051663 -0.019573
v 0.652045 0.051198 -0.010809
v 0.652045 0.051198 -0.010809
v 0.651835 0.051663 -0.019573
v 0.648103 0.049359 -0.010809
v 0.647882 0.049820 -0.019573
v 0.651484 0.052437 -0.028310
v 0.651835 0.051663 -0.019573
v 0.651835 0.051663 -0.019573
v 0.651484 0.052437 -0.028310
v 0.647882 0.049820 -0.019573
v 0.647514 0.050586 -0.028310
v 0.650993 0.053520 -0.037007
v 0.651484 0.052437 -0.028310
v 0.651484 0.052437 -0.028310
v 0.650993 0.053520 -0.037007
v 0.647514 0.050586 -0.028310
v 0.647000 0.051658 -0.037007
v 0.650364 0.054909 -0.045652
v 0.650993 0.053520 -0.037007
v 0.650993 0.053520 -0.037007
v 0.650364 0.054909 -0.045652
v 0.647000 0.051658 -0.037007
v 0.646341 0.053033 -0.045652
v 0.649597 0.056603 -0.054231
v 0.650364 0.054909 -0.045652
v 0.650364 0.054909 -0.045652
v 0.649597 0.056603 -0.054231
v 0.646341 0.053033 -0.045652
v 0.645673 0.054423 -0.055824
v 0.649597 0.056603 -0.054231
v 0.645536 0.054709 -0.054231
v 0.645536 0.054709 -0.054231
v 0.649597 0.056603 -0.054231
v 0.645673 0.054423 -0.055824
v 0.641898 0.051978 -0.057363
v 0.645673 0.054423 -0.055824
v 0.641662 0.052444 -0.055824
v 0.641662 0.052444 -0.055824
v 0.645673 0.054423 -0.055824
v 0.641898 0.051978 -0.057363
v 0.638280 0.049282 -0.058820
v 0.641898 0.051978 -0.057363
v 0.637941 0.049915 -0.057363
v 0.637941 0.049915 -0.057363
v 0.641898 0.051978 -0.057363
v 0.638280 0.049282 -0.058820
v 0.900124 0.095210 0.060966
v 0.862405 0.086903 0.050585
v 0.862043 0.088899 0.060966
v 0.862043 0.088899 0.060966
v 0.862405 0.086903 0.050585
v 0.900124 0.095210 0.060966
v 0.862405 0.086903 0.050585
v 0.824938 0.077832 0.040139
v 0.824592 0.079458 0.050585
v 0.824592 0.079458 0.050585
v 0.824938 0.077832 0.040139
v 0.862405 0.086903 0.050585
v 0.862043 0.088899 0.060966
v 0.783592 0.084912 0.060966
v 0.821588 0.093591 0.060966
v 0.821588 0.093591 0.060966
v 0.783592 0.084912 0.060966
v 0.862043 0.088899 0.060966
v 0.824938 0.077832 0.040139
v 0.787724 0.068003 0.029642
v 0.787416 0.069261 0.040139
v 0.787416 0.069261 0.040139
v 0.787724 0.068003 0.029642
v 0.824938 0.077832 0.040139
v 0.783592 0.084912 0.060966
v 0.745443 0.076654 0.060859
v 0.783207 0.086487 0.060859
v 0.783207 0.086487 0.060859
v 0.745443 0.076654 0.060859
v 0.783592 0.084912 0.060966
v 0.787724 0.068003 0.029642
v 0.750762 0.057421 0.019105
v 0.750515 0.058314 0.029642
v 0.750515 0.058314 0.029642
v 0.750762 0.057421 0.019105
v 0.787724 0.068003 0.029642
v 0.745443 0.076654 0.060859
v 0.707522 0.067209 0.060542
v 0.745018 0.078190 0.060542
v 0.745018 0.078190 0.060542
v 0.707522 0.067209 0.060542
v 0.745443 0.076654 0.060859
v 0.750762 0.057421 0.019105
v 0.714053 0.046091 0.008543
v 0.713889 0.046623 0.019105
v 0.713889 0.046623 0.019105
v 0.714053 0.046091 0.008543
v 0.750762 0.057421 0.019105
v 0.707522 0.067209 0.060542
v 0.672815 0.057516 0.060020
v 0.707067 0.068679 0.060020
v 0.707067 0.068679 0.060020
v 0.672815 0.057516 0.060020
v 0.707522 0.067209 0.060542
v 0.680198 0.034862 -0.002033
v 0.680140 0.035038 0.008543
v 0.714053 0.046091 0.008543
v 0.714053 0.046091 0.008543
v 0.680140 0.035038 0.008543
v 0.680198 0.034862 -0.002033
v 0.680140 0.035038 -0.012608
v 0.677798 0.034080 -0.002033
v 0.680198 0.034862 -0.002033
v 0.680198 0.034862 -0.002033
v 0.677798 0.034080 -0.002033
v 0.680140 0.035038 -0.012608
v 0.679968 0.035567 -0.023171
v 0.677737 0.034255 -0.012608
v 0.680140 0.035038 -0.012608
v 0.680140 0.035038 -0.012608
v 0.677737 0.034255 -0.012608
v 0.679968 0.035567 -0.023171
v 0.679681 0.036448 -0.033707
v 0.677553 0.034780 -0.023171
v 0.679968 0.035567 -0.023171
v 0.679968 0.035567 -0.023171
v 0.677553 0.034780 -0.023171
v 0.679681 0.036448 -0.033707
v 0.677553 0.034780 -0.023171
v 0.679681 0.036448 -0.033707
v 0.677247 0.035655 -0.033707
v 0.677247 0.035655 -0.033707
v 0.679681 0.036448 -0.033707
v 0.677553 0.034780 -0.023171
v 0.677247 0.035655 -0.033707
v 0.679279 0.037680 -0.044205
v 0.676819 0.036878 -0.044205
v 0.676819 0.036878 -0.044205
v 0.679279 0.037680 -0.044205
v 0.677247 0.035655 -0.033707
v 0.634827 0.046354 -0.060171
v 0.638280 0.049282 -0.058820
v 0.634384 0.047140 -0.058820
v 0.634384 0.047140 -0.058820
v 0.638280 0.049282 -0.058820
v 0.634827 0.046354 -0.060171
v 0.630996 0.044137 -0.060171
v 0.635353 0.045421 -0.061393
v 0.634827 0.046354 -0.060171
v 0.634827 0.046354 -0.060171
v 0.635353 0.045421 -0.061393
v 0.630996 0.044137 -0.060171
v 0.631543 0.043216 -0.061393
v 0.630996 0.044137 -0.060171
v 0.635353 0.045421 -0.061393
v 0.631543 0.043216 -0.061393
v 0.635953 0.044357 -0.062464
v 0.635353 0.045421 -0.061393
v 0.635353 0.045421 -0.061393
v 0.635953 0.044357 -0.062464
v 0.631543 0.043216 -0.061393
v 0.635953 0.044357 -0.062464
v 0.631543 0.043216 -0.061393
v 0.632166 0.042166 -0.062464
v 0.632166 0.042166 -0.062464
v 0.631543 0.043216 -0.061393
v 0.635953 0.044357 -0.062464
v 0.636617 0.043181 -0.063367
v 0.632166 0.042166 -0.062464
v 0.632855 0.041004 -0.063367
v 0.632855 0.041004 -0.063367
v 0.632166 0.042166 -0.062464
v 0.636617 0.043181 -0.063367
v 0.676819 0.036878 -0.044205
v 0.678764 0.039260 -0.054650
v 0.676269 0.038447 -0.054650
v 0.676269 0.038447 -0.054650
v 0.678764 0.039260 -0.054650
v 0.676819 0.036878 -0.044205
v 0.676269 0.038447 -0.054650
v 0.678136 0.041188 -0.065031
v 0.675599 0.040362 -0.065031
v 0.675599 0.040362 -0.065031
v 0.678136 0.041188 -0.065031
v 0.676269 0.038447 -0.054650
v 0.643357 0.039799 -0.065031
v 0.675599 0.040362 -0.065031
v 0.647089 0.041744 -0.065031
v 0.647089 0.041744 -0.065031
v 0.675599 0.040362 -0.065031
v 0.643357 0.039799 -0.065031
v 0.668935 0.059394 0.024244
v 0.659826 0.055073 0.015507
v 0.669216 0.058591 0.015507
v 0.669216 0.058591 0.015507
v 0.659826 0.055073 0.015507
v 0.668935 0.059394 0.024244
v 0.671521 0.061486 0.032941
v 0.668935 0.059394 0.024244
v 0.671889 0.060356 0.024244
v 0.671889 0.060356 0.024244
v 0.668935 0.059394 0.024244
v 0.671521 0.061486 0.032941
v 0.705382 0.074126 0.041586
v 0.671521 0.061486 0.032941
v 0.705833 0.072669 0.032941
v 0.705833 0.072669 0.032941
v 0.671521 0.061486 0.032941
v 0.705382 0.074126 0.041586
v 0.742593 0.086961 0.050165
v 0.705382 0.074126 0.041586
v 0.743088 0.085169 0.041586
v 0.743088 0.085169 0.041586
v 0.705382 0.074126 0.041586
v 0.742593 0.086961 0.050165
v 0.742593 0.086961 0.050165
v 0.704926 0.075600 0.051759
v 0.704833 0.075902 0.050165
v 0.704833 0.075902 0.050165
v 0.704926 0.075600 0.051759
v 0.742593 0.086961 0.050165
v 0.704926 0.075600 0.051759
v 0.670732 0.063906 0.053297
v 0.670570 0.064403 0.051759
v 0.670570 0.064403 0.051759
v 0.670732 0.063906 0.053297
v 0.704926 0.075600 0.051759
v 0.659826 0.055073 0.015507
v 0.656027 0.052949 0.006744
v 0.660014 0.054598 0.006744
v 0.660014 0.054598 0.006744
v 0.656027 0.052949 0.006744
v 0.659826 0.055073 0.015507
v 0.656027 0.052949 0.006744
v 0.652116 0.051043 -0.002033
v 0.656094 0.052792 -0.002033
v 0.656094 0.052792 -0.002033
v 0.652116 0.051043 -0.002033
v 0.656027 0.052949 0.006744
v 0.656027 0.052949 -0.010809
v 0.652116 0.051043 -0.002033
v 0.652045 0.051198 -0.010809
v 0.652045 0.051198 -0.010809
v 0.652116 0.051043 -0.002033
v 0.656027 0.052949 -0.010809
v 0.655827 0.053418 -0.019573
v 0.652045 0.051198 -0.010809
v 0.651835 0.051663 -0.019573
v 0.651835 0.051663 -0.019573
v 0.652045 0.051198 -0.010809
v 0.655827 0.053418 -0.019573
v 0.655493 0.054200 -0.028310
v 0.651835 0.051663 -0.019573
v 0.651484 0.052437 -0.028310
v 0.651484 0.052437 -0.028310
v 0.651835 0.051663 -0.019573
v 0.655493 0.054200 -0.028310
v 0.655027 0.055294 -0.037007
v 0.651484 0.052437 -0.028310
v 0.650993 0.053520 -0.037007
v 0.650993 0.053520 -0.037007
v 0.651484 0.052437 -0.028310
v 0.655027 0.055294 -0.037007
v 0.654428 0.056696 -0.045652
v 0.650993 0.053520 -0.037007
v 0.650364 0.054909 -0.045652
v 0.650364 0.054909 -0.045652
v 0.650993 0.053520 -0.037007
v 0.654428 0.056696 -0.045652
v 0.653698 0.058406 -0.054231
v 0.650364 0.054909 -0.045652
v 0.649597 0.056603 -0.054231
v 0.649597 0.056603 -0.054231
v 0.650364 0.054909 -0.045652
v 0.653698 0.058406 -0.054231
v 0.649597 0.056603 -0.054231
v 0.645673 0.054423 -0.055824
v 0.649728 0.056314 -0.055824
v 0.649728 0.056314 -0.055824
v 0.645673 0.054423 -0.055824
v 0.649597 0.056603 -0.054231
v 0.645673 0.054423 -0.055824
v 0.641898 0.051978 -0.057363
v 0.645899 0.053952 -0.057363
v 0.645899 0.053952 -0.057363
v 0.641898 0.051978 -0.057363
v 0.645673 0.054423 -0.055824
v 0.641898 0.051978 -0.057363
v 0.638280 0.049282 -0.058820
v 0.642223 0.051337 -0.058820
v 0.642223 0.051337 -0.058820
v 0.638280 0.049282 -0.058820
v 0.641898 0.051978 -0.057363
v 0.862405 0.086903 0.050585
v 0.900124 0.095210 0.060966
v 0.900425 0.093204 0.050585
v 0.900425 0.093204 0.050585
v 0.900124 0.095210 0.060966
v 0.862405 0.086903 0.050585
v 0.862043 0.088899 0.060966
v 0.821588 0.093591 0.060966
v 0.900124 0.095210 0.060966
v 0.900124 0.095210 0.060966
v 0.821588 0.093591 0.060966
v 0.862043 0.088899 0.060966
v 0.824938 0.077832 0.040139
v 0.862405 0.086903 0.050585
v 0.862702 0.085267 0.040139
v 0.862702 0.085267 0.040139
v 0.862405 0.086903 0.050585
v 0.824938 0.077832 0.040139
v 0.783207 0.086487 0.060859
v 0.821588 0.093591 0.060966
v 0.783592 0.084912 0.060966
v 0.783592 0.084912 0.060966
v 0.821588 0.093591 0.060966
v 0.783207 0.086487 0.060859
v 0.787724 0.068003 0.029642
v 0.824938 0.077832 0.040139
v 0.825208 0.076565 0.029642
v 0.825208 0.076565 0.029642
v 0.824938 0.077832 0.040139
v 0.787724 0.068003 0.029642
v 0.745018 0.078190 0.060542
v 0.783207 0.086487 0.060859
v 0.745443 0.076654 0.060859
v 0.745443 0.076654 0.060859
v 0.783207 0.086487 0.060859
v 0.745018 0.078190 0.060542
v 0.750762 0.057421 0.019105
v 0.787724 0.068003 0.029642
v 0.787944 0.067103 0.019105
v 0.787944 0.067103 0.019105
v 0.787724 0.068003 0.029642
v 0.750762 0.057421 0.019105
v 0.707067 0.068679 0.060020
v 0.745018 0.078190 0.060542
v 0.707522 0.067209 0.060542
v 0.707522 0.067209 0.060542
v 0.745018 0.078190 0.060542
v 0.707067 0.068679 0.060020
v 0.714053 0.046091 0.008543
v 0.750762 0.057421 0.019105
v 0.750910 0.056885 0.008543
v 0.750910 0.056885 0.008543
v 0.750762 0.057421 0.019105
v 0.714053 0.046091 0.008543
v 0.672363 0.058901 0.059301
v 0.707067 0.068679 0.060020
v 0.672815 0.057516 0.060020
v 0.672815 0.057516 0.060020
v 0.707067 0.068679 0.060020
v 0.672363 0.058901 0.059301
v 0.680198 0.034862 -0.002033
v 0.714053 0.046091 0.008543
v 0.714108 0.045914 -0.002033
v 0.714108 0.045914 -0.002033
v 0.714053 0.046091 0.008543
v 0.680198 0.034862 -0.002033
v 0.680140 0.035038 -0.012608
v 0.680198 0.034862 -0.002033
v 0.714053 0.046091 -0.012608
v 0.714053 0.046091 -0.012608
v 0.680198 0.034862 -0.002033
v 0.680140 0.035038 -0.012608
v 0.679968 0.035567 -0.023171
v 0.680140 0.035038 -0.012608
v 0.713889 0.046623 -0.023171
v 0.713889 0.046623 -0.023171
v 0.680140 0.035038 -0.012608
v 0.679968 0.035567 -0.023171
v 0.679681 0.036448 -0.033707
v 0.679968 0.035567 -0.023171
v 0.713615 0.047508 -0.033707
v 0.713615 0.047508 -0.033707
v 0.679968 0.035567 -0.023171
v 0.679681 0.036448 -0.033707
v 0.679279 0.037680 -0.044205
v 0.677247 0.035655 -0.033707
v 0.679681 0.036448 -0.033707
v 0.679681 0.036448 -0.033707
v 0.677247 0.035655 -0.033707
v 0.679279 0.037680 -0.044205
v 0.678764 0.039260 -0.054650
v 0.676819 0.036878 -0.044205
v 0.679279 0.037680 -0.044205
v 0.679279 0.037680 -0.044205
v 0.676819 0.036878 -0.044205
v 0.678764 0.039260 -0.054650
v 0.638280 0.049282 -0.058820
v 0.634827 0.046354 -0.060171
v 0.638706 0.048486 -0.060171
v 0.638706 0.048486 -0.060171
v 0.634827 0.046354 -0.060171
v 0.638280 0.049282 -0.058820
v 0.639212 0.047542 -0.061393
v 0.634827 0.046354 -0.060171
v 0.635353 0.045421 -0.061393
v 0.635353 0.045421 -0.061393
v 0.634827 0.046354 -0.060171
v 0.639212 0.047542 -0.061393
v 0.639788 0.046465 -0.062464
v 0.635353 0.045421 -0.061393
v 0.635953 0.044357 -0.062464
v 0.635953 0.044357 -0.062464
v 0.635353 0.045421 -0.061393
v 0.639788 0.046465 -0.062464
v 0.632166 0.042166 -0.062464
v 0.636617 0.043181 -0.063367
v 0.635953 0.044357 -0.062464
v 0.635953 0.044357 -0.062464
v 0.636617 0.043181 -0.063367
v 0.632166 0.042166 -0.062464
v 0.678136 0.041188 -0.065031
v 0.676269 0.038447 -0.054650
v 0.678764 0.039260 -0.054650
v 0.678764 0.039260 -0.054650
v 0.676269 0.038447 -0.054650
v 0.678136 0.041188 -0.065031
v 0.647089 0.041744 -0.065031
v 0.675599 0.040362 -0.065031
v 0.678136 0.041188 -0.065031
v 0.678136 0.041188 -0.065031
v 0.675599 0.040362 -0.065031
v 0.647089 0.041744 -0.065031
v 0.660014 0.054598 0.006744
v 0.669216 0.058591 0.015507
v 0.659826 0.055073 0.015507
v 0.659826 0.055073 0.015507
v 0.669216 0.058591 0.015507
v 0.660014 0.054598 0.006744
v 0.669216 0.058591 0.015507
v 0.671889 0.060356 0.024244
v 0.668935 0.059394 0.024244
v 0.668935 0.059394 0.024244
v 0.671889 0.060356 0.024244
v 0.669216 0.058591 0.015507
v 0.671521 0.061486 0.032941
v 0.671889 0.060356 0.024244
v 0.705833 0.072669 0.032941
v 0.705833 0.072669 0.032941
v 0.671889 0.060356 0.024244
v 0.671521 0.061486 0.032941
v 0.705833 0.072669 0.032941
v 0.743088 0.085169 0.041586
v 0.705382 0.074126 0.041586
v 0.705382 0.074126 0.041586
v 0.743088 0.085169 0.041586
v 0.705833 0.072669 0.032941
v 0.743088 0.085169 0.041586
v 0.780669 0.096875 0.050165
v 0.742593 0.086961 0.050165
v 0.742593 0.086961 0.050165
v 0.780669 0.096875 0.050165
v 0.743088 0.085169 0.041586
v 0.704926 0.075600 0.051759
v 0.742593 0.086961 0.050165
v 0.742677 0.086655 0.051759
v 0.742677 0.086655 0.051759
v 0.742593 0.086961 0.050165
v 0.704926 0.075600 0.051759
v 0.670732 0.063906 0.053297
v 0.704926 0.075600 0.051759
v 0.705081 0.075101 0.053297
v 0.705081 0.075101 0.053297
v 0.704926 0.075600 0.051759
v 0.670732 0.063906 0.053297
v 0.656094 0.052792 -0.002033
v 0.660014 0.054598 0.006744
v 0.656027 0.052949 0.006744
v 0.656027 0.052949 0.006744
v 0.660014 0.054598 0.006744
v 0.656094 0.052792 -0.002033
v 0.652116 0.051043 -0.002033
v 0.656027 0.052949 -0.010809
v 0.656094 0.052792 -0.002033
v 0.656094 0.052792 -0.002033
v 0.656027 0.052949 -0.010809
v 0.652116 0.051043 -0.002033
v 0.652045 0.051198 -0.010809
v 0.655827 0.053418 -0.019573
v 0.656027 0.052949 -0.010809
v 0.656027 0.052949 -0.010809
v 0.655827 0.053418 -0.019573
v 0.652045 0.051198 -0.010809
v 0.651835 0.051663 -0.019573
v 0.655493 0.054200 -0.028310
v 0.655827 0.053418 -0.019573
v 0.655827 0.053418 -0.019573
v 0.655493 0.054200 -0.028310
v 0.651835 0.051663 -0.019573
v 0.651484 0.052437 -0.028310
v 0.655027 0.055294 -0.037007
v 0.655493 0.054200 -0.028310
v 0.655493 0.054200 -0.028310
v 0.655027 0.055294 -0.037007
v 0.651484 0.052437 -0.028310
v 0.650993 0.053520 -0.037007
v 0.654428 0.056696 -0.045652
v 0.655027 0.055294 -0.037007
v 0.655027 0.055294 -0.037007
v 0.654428 0.056696 -0.045652
v 0.650993 0.053520 -0.037007
v 0.650364 0.054909 -0.045652
v 0.653698 0.058406 -0.054231
v 0.654428 0.056696 -0.045652
v 0.654428 0.056696 -0.045652
v 0.653698 0.058406 -0.054231
v 0.650364 0.054909 -0.045652
v 0.649728 0.056314 -0.055824
v 0.653698 0.058406 -0.054231
v 0.649597 0.056603 -0.054231
v 0.649597 0.056603 -0.054231
v 0.653698 0.058406 -0.054231
v 0.649728 0.056314 -0.055824
v 0.645899 0.053952 -0.057363
v 0.649728 0.056314 -0.055824
v 0.645673 0.054423 -0.055824
v 0.645673 0.054423 -0.055824
v 0.649728 0.056314 -0.055824
v 0.645899 0.053952 -0.057363
v 0.642223 0.051337 -0.058820
v 0.645899 0.053952 -0.057363
v 0.641898 0.051978 -0.057363
v 0.641898 0.051978 -0.057363
v 0.645899 0.053952 -0.057363
v 0.642223 0.051337 -0.058820
v 0.638706 0.048486 -0.060171
v 0.642223 0.051337 -0.058820
v 0.638280 0.049282 -0.058820
v 0.638280 0.049282 -0.058820
v 0.642223 0.051337 -0.058820
v 0.638706 0.048486 -0.060171
v 0.938377 0.100370 0.060966
v 0.900425 0.093204 0.050585
v 0.900124 0.095210 0.060966
v 0.900124 0.095210 0.060966
v 0.900425 0.093204 0.050585
v 0.938377 0.100370 0.060966
v 0.900425 0.093204 0.050585
v 0.862702 0.085267 0.040139
v 0.862405 0.086903 0.050585
v 0.862405 0.086903 0.050585
v 0.862702 0.085267 0.040139
v 0.900425 0.093204 0.050585
v 0.900124 0.095210 0.060966
v 0.821588 0.093591 0.060966
v 0.859828 0.101120 0.060966
v 0.859828 0.101120 0.060966
v 0.821588 0.093591 0.060966
v 0.900124 0.095210 0.060966
v 0.862702 0.085267 0.040139
v 0.825208 0.076565 0.029642
v 0.824938 0.077832 0.040139
v 0.824938 0.077832 0.040139
v 0.825208 0.076565 0.029642
v 0.862702 0.085267 0.040139
v 0.821588 0.093591 0.060966
v 0.783207 0.086487 0.060859
v 0.821250 0.095177 0.060859
v 0.821250 0.095177 0.060859
v 0.783207 0.086487 0.060859
v 0.821588 0.093591 0.060966
v 0.825208 0.076565 0.029642
v 0.787944 0.067103 0.019105
v 0.787724 0.068003 0.029642
v 0.787724 0.068003 0.029642
v 0.787944 0.067103 0.019105
v 0.825208 0.076565 0.029642
v 0.783207 0.086487 0.060859
v 0.745018 0.078190 0.060542
v 0.782829 0.088035 0.060542
v 0.782829 0.088035 0.060542
v 0.745018 0.078190 0.060542
v 0.783207 0.086487 0.060859
v 0.787944 0.067103 0.019105
v 0.750910 0.056885 0.008543
v 0.750762 0.057421 0.019105
v 0.750762 0.057421 0.019105
v 0.750910 0.056885 0.008543
v 0.787944 0.067103 0.019105
v 0.745018 0.078190 0.060542
v 0.707067 0.068679 0.060020
v 0.744608 0.079673 0.060020
v 0.744608 0.079673 0.060020
v 0.707067 0.068679 0.060020
v 0.745018 0.078190 0.060542
v 0.750910 0.056885 0.008543
v 0.714108 0.045914 -0.002033
v 0.714053 0.046091 0.008543
v 0.714053 0.046091 0.008543
v 0.714108 0.045914 -0.002033
v 0.750910 0.056885 0.008543
v 0.707067 0.068679 0.060020
v 0.672363 0.058901 0.059301
v 0.706636 0.070071 0.059301
v 0.706636 0.070071 0.059301
v 0.672363 0.058901 0.059301
v 0.707067 0.068679 0.060020
v 0.714053 0.046091 -0.012608
v 0.680198 0.034862 -0.002033
v 0.714108 0.045914 -0.002033
v 0.714108 0.045914 -0.002033
v 0.680198 0.034862 -0.002033
v 0.714053 0.046091 -0.012608
v 0.713889 0.046623 -0.023171
v 0.680140 0.035038 -0.012608
v 0.714053 0.046091 -0.012608
v 0.714053 0.046091 -0.012608
v 0.680140 0.035038 -0.012608
v 0.713889 0.046623 -0.023171
v 0.713615 0.047508 -0.033707
v 0.679968 0.035567 -0.023171
v 0.713889 0.046623 -0.023171
v 0.713889 0.046623 -0.023171
v 0.679968 0.035567 -0.023171
v 0.713615 0.047508 -0.033707
v 0.713233 0.048745 -0.044205
v 0.679681 0.036448 -0.033707
v 0.713615 0.047508 -0.033707
v 0.713615 0.047508 -0.033707
v 0.679681 0.036448 -0.033707
v 0.713233 0.048745 -0.044205
v 0.679279 0.037680 -0.044205
v 0.679681 0.036448 -0.033707
v 0.713233 0.048745 -0.044205
v 0.713233 0.048745 -0.044205
v 0.679681 0.036448 -0.033707
v 0.679279 0.037680 -0.044205
v 0.678764 0.039260 -0.054650
v 0.679279 0.037680 -0.044205
v 0.712741 0.050334 -0.054650
v 0.712741 0.050334 -0.054650
v 0.679279 0.037680 -0.044205
v 0.678764 0.039260 -0.054650
v 0.634827 0.046354 -0.060171
v 0.639212 0.047542 -0.061393
v 0.638706 0.048486 -0.060171
v 0.638706 0.048486 -0.060171
v 0.639212 0.047542 -0.061393
v 0.634827 0.046354 -0.060171
v 0.635353 0.045421 -0.061393
v 0.639788 0.046465 -0.062464
v 0.639212 0.047542 -0.061393
v 0.639212 0.047542 -0.061393
v 0.639788 0.046465 -0.062464
v 0.635353 0.045421 -0.061393
v 0.635953 0.044357 -0.062464
v 0.640426 0.045274 -0.063367
v 0.639788 0.046465 -0.062464
v 0.639788 0.046465 -0.062464
v 0.640426 0.045274 -0.063367
v 0.635953 0.044357 -0.062464
v 0.640426 0.045274 -0.063367
v 0.635953 0.044357 -0.062464
v 0.636617 0.043181 -0.063367
v 0.636617 0.043181 -0.063367
v 0.635953 0.044357 -0.062464
v 0.640426 0.045274 -0.063367
v 0.678136 0.041188 -0.065031
v 0.678764 0.039260 -0.054650
v 0.712142 0.052271 -0.065031
v 0.712142 0.052271 -0.065031
v 0.678764 0.039260 -0.054650
v 0.678136 0.041188 -0.065031
v 0.647089 0.041744 -0.065031
v 0.678136 0.041188 -0.065031
v 0.712142 0.052271 -0.065031
v 0.712142 0.052271 -0.065031
v 0.678136 0.041188 -0.065031
v 0.647089 0.041744 -0.065031
v 0.669216 0.058591 0.015507
v 0.660014 0.054598 0.006744
v 0.669385 0.058109 0.006744
v 0.669385 0.058109 0.006744
v 0.660014 0.054598 0.006744
v 0.669216 0.058591 0.015507
v 0.671889 0.060356 0.024244
v 0.669216 0.058591 0.015507
v 0.672152 0.059548 0.015507
v 0.672152 0.059548 0.015507
v 0.669216 0.058591 0.015507
v 0.671889 0.060356 0.024244
v 0.705833 0.072669 0.032941
v 0.671889 0.060356 0.024244
v 0.706184 0.071534 0.024244
v 0.706184 0.071534 0.024244
v 0.671889 0.060356 0.024244
v 0.705833 0.072669 0.032941
v 0.743088 0.085169 0.041586
v 0.705833 0.072669 0.032941
v 0.743495 0.083699 0.032941
v 0.743495 0.083699 0.032941
v 0.705833 0.072669 0.032941
v 0.743088 0.085169 0.041586
v 0.780669 0.096875 0.050165
v 0.743088 0.085169 0.041586
v 0.781110 0.095069 0.041586
v 0.781110 0.095069 0.041586
v 0.743088 0.085169 0.041586
v 0.780669 0.096875 0.050165
v 0.780669 0.096875 0.050165
v 0.742677 0.086655 0.051759
v 0.742593 0.086961 0.050165
v 0.742593 0.086961 0.050165
v 0.742677 0.086655 0.051759
v 0.780669 0.096875 0.050165
v 0.742677 0.086655 0.051759
v 0.705081 0.075101 0.053297
v 0.704926 0.075600 0.051759
v 0.704926 0.075600 0.051759
v 0.705081 0.075101 0.053297
v 0.742677 0.086655 0.051759
v 0.705081 0.075101 0.053297
v 0.670955 0.063223 0.054755
v 0.670732 0.063906 0.053297
v 0.670732 0.063906 0.053297
v 0.670955 0.063223 0.054755
v 0.705081 0.075101 0.053297
v 0.660014 0.054598 0.006744
v 0.656094 0.052792 -0.002033
v 0.660076 0.054439 -0.002033
v 0.660076 0.054439 -0.002033
v 0.656094 0.052792 -0.002033
v 0.660014 0.054598 0.006744
v 0.660014 0.054598 -0.010809
v 0.656094 0.052792 -0.002033
v 0.656027 0.052949 -0.010809
v 0.656027 0.052949 -0.010809
v 0.656094 0.052792 -0.002033
v 0.660014 0.054598 -0.010809
v 0.659826 0.055073 -0.019573
v 0.656027 0.052949 -0.010809
v 0.655827 0.053418 -0.019573
v 0.655827 0.053418 -0.019573
v 0.656027 0.052949 -0.010809
v 0.659826 0.055073 -0.019573
v 0.659515 0.055864 -0.028310
v 0.655827 0.053418 -0.019573
v 0.655493 0.054200 -0.028310
v 0.655493 0.054200 -0.028310
v 0.655827 0.053418 -0.019573
v 0.659515 0.055864 -0.028310
v 0.659079 0.056970 -0.037007
v 0.655493 0.054200 -0.028310
v 0.655027 0.055294 -0.037007
v 0.655027 0.055294 -0.037007
v 0.655493 0.054200 -0.028310
v 0.659079 0.056970 -0.037007
v 0.658520 0.058389 -0.045652
v 0.655027 0.055294 -0.037007
v 0.654428 0.056696 -0.045652
v 0.654428 0.056696 -0.045652
v 0.655027 0.055294 -0.037007
v 0.658520 0.058389 -0.045652
v 0.657838 0.060119 -0.054231
v 0.654428 0.056696 -0.045652
v 0.653698 0.058406 -0.054231
v 0.653698 0.058406 -0.054231
v 0.654428 0.056696 -0.045652
v 0.657838 0.060119 -0.054231
v 0.653698 0.058406 -0.054231
v 0.649728 0.056314 -0.055824
v 0.653823 0.058115 -0.055824
v 0.653823 0.058115 -0.055824
v 0.649728 0.056314 -0.055824
v 0.653698 0.058406 -0.054231
v 0.649728 0.056314 -0.055824
v 0.645899 0.053952 -0.057363
v 0.649943 0.055838 -0.057363
v 0.649943 0.055838 -0.057363
v 0.645899 0.053952 -0.057363
v 0.649728 0.056314 -0.055824
v 0.645899 0.053952 -0.057363
v 0.642223 0.051337 -0.058820
v 0.646210 0.053305 -0.058820
v 0.646210 0.053305 -0.058820
v 0.642223 0.051337 -0.058820
v 0.645899 0.053952 -0.057363
v 0.642223 0.051337 -0.058820
v 0.638706 0.048486 -0.060171
v 0.642631 0.050532 -0.060171
v 0.642631 0.050532 -0.060171
v 0.638706 0.048486 -0.060171
v 0.642223 0.051337 -0.058820
v 0.900425 0.093204 0.050585
v 0.938377 0.100370 0.060966
v 0.938618 0.098356 0.050585
v 0.938618 0.098356 0.050585
v 0.938377 0.100370 0.060966
v 0.900425 0.093204 0.050585
v 0.900124 0.095210 0.060966
v 0.859828 0.101120 0.060966
v 0.938377 0.100370 0.060966
v 0.938377 0.100370 0.060966
v 0.859828 0.101120 0.060966
v 0.900124 0.095210 0.060966
v 0.862702 0.085267 0.040139
v 0.900425 0.093204 0.050585
v 0.900672 0.091560 0.040139
v 0.900672 0.091560 0.040139
v 0.900425 0.093204 0.050585
v 0.862702 0.085267 0.040139
v 0.821250 0.095177 0.060859
v 0.859828 0.101120 0.060966
v 0.821588 0.093591 0.060966
v 0.821588 0.093591 0.060966
v 0.859828 0.101120 0.060966
v 0.821250 0.095177 0.060859
v 0.825208 0.076565 0.029642
v 0.862702 0.085267 0.040139
v 0.862933 0.083992 0.029642
v 0.862933 0.083992 0.029642
v 0.862702 0.085267 0.040139
v 0.825208 0.076565 0.029642
v 0.782829 0.088035 0.060542
v 0.821250 0.095177 0.060859
v 0.783207 0.086487 0.060859
v 0.783207 0.086487 0.060859
v 0.821250 0.095177 0.060859
v 0.782829 0.088035 0.060542
v 0.787944 0.067103 0.019105
v 0.825208 0.076565 0.029642
v 0.825400 0.075658 0.019105
v 0.825400 0.075658 0.019105
v 0.825208 0.076565 0.029642
v 0.787944 0.067103 0.019105
v 0.744608 0.079673 0.060020
v 0.782829 0.088035 0.060542
v 0.745018 0.078190 0.060542
v 0.745018 0.078190 0.060542
v 0.782829 0.088035 0.060542
v 0.744608 0.079673 0.060020
v 0.750910 0.056885 0.008543
v 0.787944 0.067103 0.019105
v 0.788076 0.066562 0.008543
v 0.788076 0.066562 0.008543
v 0.787944 0.067103 0.019105
v 0.750910 0.056885 0.008543
v 0.706636 0.070071 0.059301
v 0.744608 0.079673 0.060020
v 0.707067 0.068679 0.060020
v 0.707067 0.068679 0.060020
v 0.744608 0.079673 0.060020
v 0.706636 0.070071 0.059301
v 0.714108 0.045914 -0.002033
v 0.750910 0.056885 0.008543
v 0.750960 0.056706 -0.002033
v 0.750960 0.056706 -0.002033
v 0.750910 0.056885 0.008543
v 0.714108 0.045914 -0.002033
v 0.671945 0.060185 0.058399
v 0.706636 0.070071 0.059301
v 0.672363 0.058901 0.059301
v 0.672363 0.058901 0.059301
v 0.706636 0.070071 0.059301
v 0.671945 0.060185 0.058399
v 0.714108 0.045914 -0.002033
v 0.750910 0.056885 -0.012608
v 0.714053 0.046091 -0.012608
v 0.714053 0.046091 -0.012608
v 0.750910 0.056885 -0.012608
v 0.714108 0.045914 -0.002033
v 0.714053 0.046091 -0.012608
v 0.750762 0.057421 -0.023171
v 0.713889 0.046623 -0.023171
v 0.713889 0.046623 -0.023171
v 0.750762 0.057421 -0.023171
v 0.714053 0.046091 -0.012608
v 0.713889 0.046623 -0.023171
v 0.750515 0.058314 -0.033707
v 0.713615 0.047508 -0.033707
v 0.713615 0.047508 -0.033707
v 0.750515 0.058314 -0.033707
v 0.713889 0.046623 -0.023171
v 0.713615 0.047508 -0.033707
v 0.750170 0.059562 -0.044205
v 0.713233 0.048745 -0.044205
v 0.713233 0.048745 -0.044205
v 0.750170 0.059562 -0.044205
v 0.713615 0.047508 -0.033707
v 0.712741 0.050334 -0.054650
v 0.679279 0.037680 -0.044205
v 0.713233 0.048745 -0.044205
v 0.713233 0.048745 -0.044205
v 0.679279 0.037680 -0.044205
v 0.712741 0.050334 -0.054650
v 0.712142 0.052271 -0.065031
v 0.678764 0.039260 -0.054650
v 0.712741 0.050334 -0.054650
v 0.712741 0.050334 -0.054650
v 0.678764 0.039260 -0.054650
v 0.712142 0.052271 -0.065031
v 0.639212 0.047542 -0.061393
v 0.642631 0.050532 -0.060171
v 0.638706 0.048486 -0.060171
v 0.638706 0.048486 -0.060171
v 0.642631 0.050532 -0.060171
v 0.639212 0.047542 -0.061393
v 0.643668 0.048487 -0.062464
v 0.639212 0.047542 -0.061393
v 0.639788 0.046465 -0.062464
v 0.639788 0.046465 -0.062464
v 0.639212 0.047542 -0.061393
v 0.643668 0.048487 -0.062464
v 0.644280 0.047283 -0.063367
v 0.639788 0.046465 -0.062464
v 0.640426 0.045274 -0.063367
v 0.640426 0.045274 -0.063367
v 0.639788 0.046465 -0.062464
v 0.644280 0.047283 -0.063367
v 0.647089 0.041744 -0.065031
v 0.712142 0.052271 -0.065031
v 0.650863 0.043607 -0.065031
v 0.650863 0.043607 -0.065031
v 0.712142 0.052271 -0.065031
v 0.647089 0.041744 -0.065031
v 0.660076 0.054439 -0.002033
v 0.669385 0.058109 0.006744
v 0.660014 0.054598 0.006744
v 0.660014 0.054598 0.006744
v 0.669385 0.058109 0.006744
v 0.660076 0.054439 -0.002033
v 0.669385 0.058109 0.006744
v 0.672152 0.059548 0.015507
v 0.669216 0.058591 0.015507
v 0.669216 0.058591 0.015507
v 0.672152 0.059548 0.015507
v 0.669385 0.058109 0.006744
v 0.671889 0.060356 0.024244
v 0.672152 0.059548 0.015507
v 0.706184 0.071534 0.024244
v 0.706184 0.071534 0.024244
v 0.672152 0.059548 0.015507
v 0.671889 0.060356 0.024244
v 0.706184 0.071534 0.024244
v 0.743495 0.083699 0.032941
v 0.705833 0.072669 0.032941
v 0.705833 0.072669 0.032941
v 0.743495 0.083699 0.032941
v 0.706184 0.071534 0.024244
v 0.743495 0.083699 0.032941
v 0.781110 0.095069 0.041586
v 0.743088 0.085169 0.041586
v 0.743088 0.085169 0.041586
v 0.781110 0.095069 0.041586
v 0.743495 0.083699 0.032941
v 0.781110 0.095069 0.041586
v 0.819027 0.105637 0.050165
v 0.780669 0.096875 0.050165
v 0.780669 0.096875 0.050165
v 0.819027 0.105637 0.050165
v 0.781110 0.095069 0.041586
v 0.742677 0.086655 0.051759
v 0.780669 0.096875 0.050165
v 0.780744 0.096567 0.051759
v 0.780744 0.096567 0.051759
v 0.780669 0.096875 0.050165
v 0.742677 0.086655 0.051759
v 0.705081 0.075101 0.053297
v 0.742677 0.086655 0.051759
v 0.742816 0.086152 0.053297
v 0.742816 0.086152 0.053297
v 0.742677 0.086655 0.051759
v 0.705081 0.075101 0.053297
v 0.670955 0.063223 0.054755
v 0.705081 0.075101 0.053297
v 0.705293 0.074414 0.054755
v 0.705293 0.074414 0.054755
v 0.705081 0.075101 0.053297
v 0.670955 0.063223 0.054755
v 0.656094 0.052792 -0.002033
v 0.660014 0.054598 -0.010809
v 0.660076 0.054439 -0.002033
v 0.660076 0.054439 -0.002033
v 0.660014 0.054598 -0.010809
v 0.656094 0.052792 -0.002033
v 0.656027 0.052949 -0.010809
v 0.659826 0.055073 -0.019573
v 0.660014 0.054598 -0.010809
v 0.660014 0.054598 -0.010809
v 0.659826 0.055073 -0.019573
v 0.656027 0.052949 -0.010809
v 0.655827 0.053418 -0.019573
v 0.659515 0.055864 -0.028310
v 0.659826 0.055073 -0.019573
v 0.659826 0.055073 -0.019573
v 0.659515 0.055864 -0.028310
v 0.655827 0.053418 -0.019573
v 0.655493 0.054200 -0.028310
v 0.659079 0.056970 -0.037007
v 0.659515 0.055864 -0.028310
v 0.659515 0.055864 -0.028310
v 0.659079 0.056970 -0.037007
v 0.655493 0.054200 -0.028310
v 0.655027 0.055294 -0.037007
v 0.658520 0.058389 -0.045652
v 0.659079 0.056970 -0.037007
v 0.659079 0.056970 -0.037007
v 0.658520 0.058389 -0.045652
v 0.655027 0.055294 -0.037007
v 0.654428 0.056696 -0.045652
v 0.657838 0.060119 -0.054231
v 0.658520 0.058389 -0.045652
v 0.658520 0.058389 -0.045652
v 0.657838 0.060119 -0.054231
v 0.654428 0.056696 -0.045652
v 0.653823 0.058115 -0.055824
v 0.657838 0.060119 -0.054231
v 0.653698 0.058406 -0.054231
v 0.653698 0.058406 -0.054231
v 0.657838 0.060119 -0.054231
v 0.653823 0.058115 -0.055824
v 0.649943 0.055838 -0.057363
v 0.653823 0.058115 -0.055824
v 0.649728 0.056314 -0.055824
v 0.649728 0.056314 -0.055824
v 0.653823 0.058115 -0.055824
v 0.649943 0.055838 -0.057363
v 0.646210 0.053305 -0.058820
v 0.649943 0.055838 -0.057363
v 0.645899 0.053952 -0.057363
v 0.645899 0.053952 -0.057363
v 0.649943 0.055838 -0.057363
v 0.646210 0.053305 -0.058820
v 0.642631 0.050532 -0.060171
v 0.646210 0.053305 -0.058820
v 0.642223 0.051337 -0.058820
v 0.642223 0.051337 -0.058820
v 0.646210 0.053305 -0.058820
v 0.642631 0.050532 -0.060171
v 0.976769 0.104374 0.060966
v 0.938618 0.098356 0.050585
v 0.938377 0.100370 0.060966
v 0.938377 0.100370 0.060966
v 0.938618 0.098356 0.050585
v 0.976769 0.104374 0.060966
v 0.938618 0.098356 0.050585
v 0.900672 0.091560 0.040139
v 0.900425 0.093204 0.050585
v 0.900425 0.093204 0.050585
v 0.900672 0.091560 0.040139
v 0.938618 0.098356 0.050585
v 0.938377 0.100370 0.060966
v 0.859828 0.101120 0.060966
v 0.976769 0.104374 0.060966
v 0.976769 0.104374 0.060966
v 0.859828 0.101120 0.060966
v 0.938377 0.100370 0.060966
v 0.900672 0.091560 0.040139
v 0.862933 0.083992 0.029642
v 0.862702 0.085267 0.040139
v 0.862702 0.085267 0.040139
v 0.862933 0.083992 0.029642
v 0.900672 0.091560 0.040139
v 0.859828 0.101120 0.060966
v 0.821250 0.095177 0.060859
v 0.859539 0.102716 0.060859
v 0.859539 0.102716 0.060859
v 0.821250 0.095177 0.060859
v 0.859828 0.101120 0.060966
v 0.862933 0.083992 0.029642
v 0.825400 0.075658 0.019105
v 0.825208 0.076565 0.029642
v 0.825208 0.076565 0.029642
v 0.825400 0.075658 0.019105
v 0.862933 0.083992 0.029642
v 0.821250 0.095177 0.060859
v 0.782829 0.088035 0.060542
v 0.820919 0.096736 0.060542
v 0.820919 0.096736 0.060542
v 0.782829 0.088035 0.060542
v 0.821250 0.095177 0.060859
v 0.825400 0.075658 0.019105
v 0.788076 0.066562 0.008543
v 0.787944 0.067103 0.019105
v 0.787944 0.067103 0.019105
v 0.788076 0.066562 0.008543
v 0.825400 0.075658 0.019105
v 0.782829 0.088035 0.060542
v 0.744608 0.079673 0.060020
v 0.782464 0.089530 0.060020
v 0.782464 0.089530 0.060020
v 0.744608 0.079673 0.060020
v 0.782829 0.088035 0.060542
v 0.788076 0.066562 0.008543
v 0.750960 0.056706 -0.002033
v 0.750910 0.056885 0.008543
v 0.750910 0.056885 0.008543
v 0.750960 0.056706 -0.002033
v 0.788076 0.066562 0.008543
v 0.744608 0.079673 0.060020
v 0.706636 0.070071 0.059301
v 0.744220 0.081077 0.059301
v 0.744220 0.081077 0.059301
v 0.706636 0.070071 0.059301
v 0.744608 0.079673 0.060020
v 0.750910 0.056885 -0.012608
v 0.714108 0.045914 -0.002033
v 0.750960 0.056706 -0.002033
v 0.750960 0.056706 -0.002033
v 0.714108 0.045914 -0.002033
v 0.750910 0.056885 -0.012608
v 0.706636 0.070071 0.059301
v 0.671945 0.060185 0.058399
v 0.706237 0.071361 0.058399
v 0.706237 0.071361 0.058399
v 0.671945 0.060185 0.058399
v 0.706636 0.070071 0.059301
v 0.750762 0.057421 -0.023171
v 0.714053 0.046091 -0.012608
v 0.750910 0.056885 -0.012608
v 0.750910 0.056885 -0.012608
v 0.714053 0.046091 -0.012608
v 0.750762 0.057421 -0.023171
v 0.750515 0.058314 -0.033707
v 0.713889 0.046623 -0.023171
v 0.750762 0.057421 -0.023171
v 0.750762 0.057421 -0.023171
v 0.713889 0.046623 -0.023171
v 0.750515 0.058314 -0.033707
v 0.750170 0.059562 -0.044205
v 0.713615 0.047508 -0.033707
v 0.750515 0.058314 -0.033707
v 0.750515 0.058314 -0.033707
v 0.713615 0.047508 -0.033707
v 0.750170 0.059562 -0.044205
v 0.749726 0.061165 -0.054650
v 0.713233 0.048745 -0.044205
v 0.750170 0.059562 -0.044205
v 0.750170 0.059562 -0.044205
v 0.713233 0.048745 -0.044205
v 0.749726 0.061165 -0.054650
v 0.713233 0.048745 -0.044205
v 0.749726 0.061165 -0.054650
v 0.712741 0.050334 -0.054650
v 0.712741 0.050334 -0.054650
v 0.749726 0.061165 -0.054650
v 0.713233 0.048745 -0.044205
v 0.712741 0.050334 -0.054650
v 0.749186 0.063120 -0.065031
v 0.712142 0.052271 -0.065031
v 0.712142 0.052271 -0.065031
v 0.749186 0.063120 -0.065031
v 0.712741 0.050334 -0.054650
v 0.642631 0.050532 -0.060171
v 0.639212 0.047542 -0.061393
v 0.643116 0.049577 -0.061393
v 0.643116 0.049577 -0.061393
v 0.639212 0.047542 -0.061393
v 0.642631 0.050532 -0.060171
v 0.639212 0.047542 -0.061393
v 0.643668 0.048487 -0.062464
v 0.643116 0.049577 -0.061393
v 0.643116 0.049577 -0.061393
v 0.643668 0.048487 -0.062464
v 0.639212 0.047542 -0.061393
v 0.639788 0.046465 -0.062464
v 0.644280 0.047283 -0.063367
v 0.643668 0.048487 -0.062464
v 0.643668 0.048487 -0.062464
v 0.644280 0.047283 -0.063367
v 0.639788 0.046465 -0.062464
v 0.650863 0.043607 -0.065031
v 0.712142 0.052271 -0.065031
v 0.654678 0.045386 -0.065031
v 0.654678 0.045386 -0.065031
v 0.712142 0.052271 -0.065031
v 0.650863 0.043607 -0.065031
v 0.669385 0.058109 0.006744
v 0.660076 0.054439 -0.002033
v 0.669441 0.057949 -0.002033
v 0.669441 0.057949 -0.002033
v 0.660076 0.054439 -0.002033
v 0.669385 0.058109 0.006744
v 0.672152 0.059548 0.015507
v 0.669385 0.058109 0.006744
v 0.672311 0.059063 0.006744
v 0.672311 0.059063 0.006744
v 0.669385 0.058109 0.006744
v 0.672152 0.059548 0.015507
v 0.706184 0.071534 0.024244
v 0.672152 0.059548 0.015507
v 0.706435 0.070721 0.015507
v 0.706435 0.070721 0.015507
v 0.672152 0.059548 0.015507
v 0.706184 0.071534 0.024244
v 0.743495 0.083699 0.032941
v 0.706184 0.071534 0.024244
v 0.743812 0.082553 0.024244
v 0.743812 0.082553 0.024244
v 0.706184 0.071534 0.024244
v 0.743495 0.083699 0.032941
v 0.781110 0.095069 0.041586
v 0.743495 0.083699 0.032941
v 0.781472 0.093587 0.032941
v 0.781472 0.093587 0.032941
v 0.743495 0.083699 0.032941
v 0.781110 0.095069 0.041586
v 0.819027 0.105637 0.050165
v 0.781110 0.095069 0.041586
v 0.819413 0.103818 0.041586
v 0.819413 0.103818 0.041586
v 0.781110 0.095069 0.041586
v 0.819027 0.105637 0.050165
v 0.819027 0.105637 0.050165
v 0.780744 0.096567 0.051759
v 0.780669 0.096875 0.050165
v 0.780669 0.096875 0.050165
v 0.780744 0.096567 0.051759
v 0.819027 0.105637 0.050165
v 0.780744 0.096567 0.051759
v 0.742816 0.086152 0.053297
v 0.742677 0.086655 0.051759
v 0.742677 0.086655 0.051759
v 0.742816 0.086152 0.053297
v 0.780744 0.096567 0.051759
v 0.742816 0.086152 0.053297
v 0.705293 0.074414 0.054755
v 0.705081 0.075101 0.053297
v 0.705081 0.075101 0.053297
v 0.705293 0.074414 0.054755
v 0.742816 0.086152 0.053297
v 0.705293 0.074414 0.054755
v 0.671234 0.062365 0.056106
v 0.670955 0.063223 0.054755
v 0.670955 0.063223 0.054755
v 0.671234 0.062365 0.056106
v 0.705293 0.074414 0.054755
v 0.669385 0.058109 -0.010809
v 0.660076 0.054439 -0.002033
v 0.660014 0.054598 -0.010809
v 0.660014 0.054598 -0.010809
v 0.660076 0.054439 -0.002033
v 0.669385 0.058109 -0.010809
v 0.669216 0.058591 -0.019573
v 0.660014 0.054598 -0.010809
v 0.659826 0.055073 -0.019573
v 0.659826 0.055073 -0.019573
v 0.660014 0.054598 -0.010809
v 0.669216 0.058591 -0.019573
v 0.668935 0.059394 -0.028310
v 0.659826 0.055073 -0.019573
v 0.659515 0.055864 -0.028310
v 0.659515 0.055864 -0.028310
v 0.659826 0.055073 -0.019573
v 0.668935 0.059394 -0.028310
v 0.668543 0.060516 -0.037007
v 0.659515 0.055864 -0.028310
v 0.659079 0.056970 -0.037007
v 0.659079 0.056970 -0.037007
v 0.659515 0.055864 -0.028310
v 0.668543 0.060516 -0.037007
v 0.668039 0.061955 -0.045652
v 0.659079 0.056970 -0.037007
v 0.658520 0.058389 -0.045652
v 0.658520 0.058389 -0.045652
v 0.659079 0.056970 -0.037007
v 0.668039 0.061955 -0.045652
v 0.667424 0.063711 -0.054231
v 0.658520 0.058389 -0.045652
v 0.657838 0.060119 -0.054231
v 0.657838 0.060119 -0.054231
v 0.658520 0.058389 -0.045652
v 0.667424 0.063711 -0.054231
v 0.657838 0.060119 -0.054231
v 0.653823 0.058115 -0.055824
v 0.657954 0.059824 -0.055824
v 0.657954 0.059824 -0.055824
v 0.653823 0.058115 -0.055824
v 0.657838 0.060119 -0.054231
v 0.653823 0.058115 -0.055824
v 0.649943 0.055838 -0.057363
v 0.654028 0.057634 -0.057363
v 0.654028 0.057634 -0.057363
v 0.649943 0.055838 -0.057363
v 0.653823 0.058115 -0.055824
v 0.649943 0.055838 -0.057363
v 0.646210 0.053305 -0.058820
v 0.650240 0.055184 -0.058820
v 0.650240 0.055184 -0.058820
v 0.646210 0.053305 -0.058820
v 0.649943 0.055838 -0.057363
v 0.646210 0.053305 -0.058820
v 0.642631 0.050532 -0.060171
v 0.646601 0.052491 -0.060171
v 0.646601 0.052491 -0.060171
v 0.642631 0.050532 -0.060171
v 0.646210 0.053305 -0.058820
v 0.938618 0.098356 0.050585
v 0.976769 0.104374 0.060966
v 0.976949 0.102354 0.050585
v 0.976949 0.102354 0.050585
v 0.976769 0.104374 0.060966
v 0.938618 0.098356 0.050585
v 0.900672 0.091560 0.040139
v 0.938618 0.098356 0.050585
v 0.938815 0.096705 0.040139
v 0.938815 0.096705 0.040139
v 0.938618 0.098356 0.050585
v 0.900672 0.091560 0.040139
v 0.976769 0.104374 0.060966
v 0.859828 0.101120 0.060966
v 0.898278 0.107493 0.060966
v 0.898278 0.107493 0.060966
v 0.859828 0.101120 0.060966
v 0.976769 0.104374 0.060966
v 0.862933 0.083992 0.029642
v 0.900672 0.091560 0.040139
v 0.900865 0.090279 0.029642
v 0.900865 0.090279 0.029642
v 0.900672 0.091560 0.040139
v 0.862933 0.083992 0.029642
v 0.820919 0.096736 0.060542
v 0.859539 0.102716 0.060859
v 0.821250 0.095177 0.060859
v 0.821250 0.095177 0.060859
v 0.859539 0.102716 0.060859
v 0.820919 0.096736 0.060542
v 0.859539 0.102716 0.060859
v 0.898278 0.107493 0.060966
v 0.859828 0.101120 0.060966
v 0.859828 0.101120 0.060966
v 0.898278 0.107493 0.060966
v 0.859539 0.102716 0.060859
v 0.825400 0.075658 0.019105
v 0.862933 0.083992 0.029642
v 0.863098 0.083081 0.019105
v 0.863098 0.083081 0.019105
v 0.862933 0.083992 0.029642
v 0.825400 0.075658 0.019105
v 0.782464 0.089530 0.060020
v 0.820919 0.096736 0.060542
v 0.782829 0.088035 0.060542
v 0.782829 0.088035 0.060542
v 0.820919 0.096736 0.060542
v 0.782464 0.089530 0.060020
v 0.788076 0.066562 0.008543
v 0.825400 0.075658 0.019105
v 0.825516 0.075114 0.008543
v 0.825516 0.075114 0.008543
v 0.825400 0.075658 0.019105
v 0.788076 0.066562 0.008543
v 0.744220 0.081077 0.059301
v 0.782464 0.089530 0.060020
v 0.744608 0.079673 0.060020
v 0.744608 0.079673 0.060020
v 0.782464 0.089530 0.060020
v 0.744220 0.081077 0.059301
v 0.750960 0.056706 -0.002033
v 0.788076 0.066562 0.008543
v 0.788120 0.066382 -0.002033
v 0.788120 0.066382 -0.002033
v 0.788076 0.066562 0.008543
v 0.750960 0.056706 -0.002033
v 0.706237 0.071361 0.058399
v 0.744220 0.081077 0.059301
v 0.706636 0.070071 0.059301
v 0.706636 0.070071 0.059301
v 0.744220 0.081077 0.059301
v 0.706237 0.071361 0.058399
v 0.750960 0.056706 -0.002033
v 0.788076 0.066562 -0.012608
v 0.750910 0.056885 -0.012608
v 0.750910 0.056885 -0.012608
v 0.788076 0.066562 -0.012608
v 0.750960 0.056706 -0.002033
v 0.671566 0.061346 0.057327
v 0.706237 0.071361 0.058399
v 0.671945 0.060185 0.058399
v 0.671945 0.060185 0.058399
v 0.706237 0.071361 0.058399
v 0.671566 0.061346 0.057327
v 0.750910 0.056885 -0.012608
v 0.787944 0.067103 -0.023171
v 0.750762 0.057421 -0.023171
v 0.750762 0.057421 -0.023171
v 0.787944 0.067103 -0.023171
v 0.750910 0.056885 -0.012608
v 0.750762 0.057421 -0.023171
v 0.787724 0.068003 -0.033707
v 0.750515 0.058314 -0.033707
v 0.750515 0.058314 -0.033707
v 0.787724 0.068003 -0.033707
v 0.750762 0.057421 -0.023171
v 0.750515 0.058314 -0.033707
v 0.787416 0.069261 -0.044205
v 0.750170 0.059562 -0.044205
v 0.750170 0.059562 -0.044205
v 0.787416 0.069261 -0.044205
v 0.750515 0.058314 -0.033707
v 0.750170 0.059562 -0.044205
v 0.787021 0.070876 -0.054650
v 0.749726 0.061165 -0.054650
v 0.749726 0.061165 -0.054650
v 0.787021 0.070876 -0.054650
v 0.750170 0.059562 -0.044205
v 0.749186 0.063120 -0.065031
v 0.712741 0.050334 -0.054650
v 0.749726 0.061165 -0.054650
v 0.749726 0.061165 -0.054650
v 0.712741 0.050334 -0.054650
v 0.749186 0.063120 -0.065031
v 0.674287 0.052997 -0.065031
v 0.712142 0.052271 -0.065031
v 0.749186 0.063120 -0.065031
v 0.749186 0.063120 -0.065031
v 0.712142 0.052271 -0.065031
v 0.674287 0.052997 -0.065031
v 0.643116 0.049577 -0.061393
v 0.646601 0.052491 -0.060171
v 0.642631 0.050532 -0.060171
v 0.642631 0.050532 -0.060171
v 0.646601 0.052491 -0.060171
v 0.643116 0.049577 -0.061393
v 0.647592 0.050424 -0.062464
v 0.643116 0.049577 -0.061393
v 0.643668 0.048487 -0.062464
v 0.643668 0.048487 -0.062464
v 0.643116 0.049577 -0.061393
v 0.647592 0.050424 -0.062464
v 0.648177 0.049206 -0.063367
v 0.643668 0.048487 -0.062464
v 0.644280 0.047283 -0.063367
v 0.644280 0.047283 -0.063367
v 0.643668 0.048487 -0.062464
v 0.648177 0.049206 -0.063367
v 0.654678 0.045386 -0.065031
v 0.712142 0.052271 -0.065031
v 0.658531 0.047080 -0.065031
v 0.658531 0.047080 -0.065031
v 0.712142 0.052271 -0.065031
v 0.654678 0.045386 -0.065031
v 0.660076 0.054439 -0.002033
v 0.669385 0.058109 -0.010809
v 0.669441 0.057949 -0.002033
v 0.669441 0.057949 -0.002033
v 0.669385 0.058109 -0.010809
v 0.660076 0.054439 -0.002033
v 0.669441 0.057949 -0.002033
v 0.672311 0.059063 0.006744
v 0.669385 0.058109 0.006744
v 0.669385 0.058109 0.006744
v 0.672311 0.059063 0.006744
v 0.669441 0.057949 -0.002033
v 0.672152 0.059548 0.015507
v 0.672311 0.059063 0.006744
v 0.706435 0.070721 0.015507
v 0.706435 0.070721 0.015507
v 0.672311 0.059063 0.006744
v 0.672152 0.059548 0.015507
v 0.706435 0.070721 0.015507
v 0.743812 0.082553 0.024244
v 0.706184 0.071534 0.024244
v 0.706184 0.071534 0.024244
v 0.743812 0.082553 0.024244
v 0.706435 0.070721 0.015507
v 0.743812 0.082553 0.024244
v 0.781472 0.093587 0.032941
v 0.743495 0.083699 0.032941
v 0.743495 0.083699 0.032941
v 0.781472 0.093587 0.032941
v 0.743812 0.082553 0.024244
v 0.781472 0.093587 0.032941
v 0.819413 0.103818 0.041586
v 0.781110 0.095069 0.041586
v 0.781110 0.095069 0.041586
v 0.819413 0.103818 0.041586
v 0.781472 0.093587 0.032941
v 0.819413 0.103818 0.041586
v 0.857631 0.113238 0.050165
v 0.819027 0.105637 0.050165
v 0.819027 0.105637 0.050165
v 0.857631 0.113238 0.050165
v 0.819413 0.103818 0.041586
v 0.780744 0.096567 0.051759
v 0.819027 0.105637 0.050165
v 0.819093 0.105327 0.051759
v 0.819093 0.105327 0.051759
v 0.819027 0.105637 0.050165
v 0.780744 0.096567 0.051759
v 0.742816 0.086152 0.053297
v 0.780744 0.096567 0.051759
v 0.780868 0.096060 0.053297
v 0.780868 0.096060 0.053297
v 0.780744 0.096567 0.051759
v 0.742816 0.086152 0.053297
v 0.705293 0.074414 0.054755
v 0.742816 0.086152 0.053297
v 0.743008 0.085459 0.054755
v 0.743008 0.085459 0.054755
v 0.742816 0.086152 0.053297
v 0.705293 0.074414 0.054755
v 0.671234 0.062365 0.056106
v 0.705293 0.074414 0.054755
v 0.705560 0.073552 0.056106
v 0.705560 0.073552 0.056106
v 0.705293 0.074414 0.054755
v 0.671234 0.062365 0.056106
v 0.660014 0.054598 -0.010809
v 0.669216 0.058591 -0.019573
v 0.669385 0.058109 -0.010809
v 0.669385 0.058109 -0.010809
v 0.669216 0.058591 -0.019573
v 0.660014 0.054598 -0.010809
v 0.659826 0.055073 -0.019573
v 0.668935 0.059394 -0.028310
v 0.669216 0.058591 -0.019573
v 0.669216 0.058591 -0.019573
v 0.668935 0.059394 -0.028310
v 0.659826 0.055073 -0.019573
v 0.659515 0.055864 -0.028310
v 0.668543 0.060516 -0.037007
v 0.668935 0.059394 -0.028310
v 0.668935 0.059394 -0.028310
v 0.668543 0.060516 -0.037007
v 0.659515 0.055864 -0.028310
v 0.659079 0.056970 -0.037007
v 0.668039 0.061955 -0.045652
v 0.668543 0.060516 -0.037007
v 0.668543 0.060516 -0.037007
v 0.668039 0.061955 -0.045652
v 0.659079 0.056970 -0.037007
v 0.658520 0.058389 -0.045652
v 0.667424 0.063711 -0.054231
v 0.668039 0.061955 -0.045652
v 0.668039 0.061955 -0.045652
v 0.667424 0.063711 -0.054231
v 0.658520 0.058389 -0.045652
v 0.657954 0.059824 -0.055824
v 0.667424 0.063711 -0.054231
v 0.657838 0.060119 -0.054231
v 0.657838 0.060119 -0.054231
v 0.667424 0.063711 -0.054231
v 0.657954 0.059824 -0.055824
v 0.654028 0.057634 -0.057363
v 0.657954 0.059824 -0.055824
v 0.653823 0.058115 -0.055824
v 0.653823 0.058115 -0.055824
v 0.657954 0.059824 -0.055824
v 0.654028 0.057634 -0.057363
v 0.650240 0.055184 -0.058820
v 0.654028 0.057634 -0.057363
v 0.649943 0.055838 -0.057363
v 0.649943 0.055838 -0.057363
v 0.654028 0.057634 -0.057363
v 0.650240 0.055184 -0.058820
v 0.646601 0.052491 -0.060171
v 0.650240 0.055184 -0.058820
v 0.646210 0.053305 -0.058820
v 0.646210 0.053305 -0.058820
v 0.650240 0.055184 -0.058820
v 0.646601 0.052491 -0.060171
v 1.015263 0.107218 0.060966
v 0.976949 0.102354 0.050585
v 0.976769 0.104374 0.060966
v 0.976769 0.104374 0.060966
v 0.976949 0.102354 0.050585
v 1.015263 0.107218 0.060966
v 0.976949 0.102354 0.050585
v 0.938815 0.096705 0.040139
v 0.938618 0.098356 0.050585
v 0.938618 0.098356 0.050585
v 0.938815 0.096705 0.040139
v 0.976949 0.102354 0.050585
v 0.938815 0.096705 0.040139
v 0.900865 0.090279 0.029642
v 0.900672 0.091560 0.040139
v 0.900672 0.091560 0.040139
v 0.900865 0.090279 0.029642
v 0.938815 0.096705 0.040139
v 0.976769 0.104374 0.060966
v 0.898278 0.107493 0.060966
v 1.015263 0.107218 0.060966
v 1.015263 0.107218 0.060966
v 0.898278 0.107493 0.060966
v 0.976769 0.104374 0.060966
v 0.900865 0.090279 0.029642
v 0.863098 0.083081 0.019105
v 0.862933 0.083992 0.029642
v 0.862933 0.083992 0.029642
v 0.863098 0.083081 0.019105
v 0.900865 0.090279 0.029642
v 0.859539 0.102716 0.060859
v 0.820919 0.096736 0.060542
v 0.859255 0.104284 0.060542
v 0.859255 0.104284 0.060542
v 0.820919 0.096736 0.060542
v 0.859539 0.102716 0.060859
v 0.898278 0.107493 0.060966
v 0.859539 0.102716 0.060859
v 0.898037 0.109096 0.060859
v 0.898037 0.109096 0.060859
v 0.859539 0.102716 0.060859
v 0.898278 0.107493 0.060966
v 0.863098 0.083081 0.019105
v 0.825516 0.075114 0.008543
v 0.825400 0.075658 0.019105
v 0.825400 0.075658 0.019105
v 0.825516 0.075114 0.008543
v 0.863098 0.083081 0.019105
v 0.820919 0.096736 0.060542
v 0.782464 0.089530 0.060020
v 0.820599 0.098241 0.060020
v 0.820599 0.098241 0.060020
v 0.782464 0.089530 0.060020
v 0.820919 0.096736 0.060542
v 0.825516 0.075114 0.008543
v 0.788120 0.066382 -0.002033
v 0.788076 0.066562 0.008543
v 0.788076 0.066562 0.008543
v 0.788120 0.066382 -0.002033
v 0.825516 0.075114 0.008543
v 0.782464 0.089530 0.060020
v 0.744220 0.081077 0.059301
v 0.782118 0.090945 0.059301
v 0.782118 0.090945 0.059301
v 0.744220 0.081077 0.059301
v 0.782464 0.089530 0.060020
v 0.788076 0.066562 -0.012608
v 0.750960 0.056706 -0.002033
v 0.788120 0.066382 -0.002033
v 0.788120 0.066382 -0.002033
v 0.750960 0.056706 -0.002033
v 0.788076 0.066562 -0.012608
v 0.744220 0.081077 0.059301
v 0.706237 0.071361 0.058399
v 0.743860 0.082379 0.058399
v 0.743860 0.082379 0.058399
v 0.706237 0.071361 0.058399
v 0.744220 0.081077 0.059301
v 0.787944 0.067103 -0.023171
v 0.750910 0.056885 -0.012608
v 0.788076 0.066562 -0.012608
v 0.788076 0.066562 -0.012608
v 0.750910 0.056885 -0.012608
v 0.787944 0.067103 -0.023171
v 0.706237 0.071361 0.058399
v 0.671566 0.061346 0.057327
v 0.705876 0.072528 0.057327
v 0.705876 0.072528 0.057327
v 0.671566 0.061346 0.057327
v 0.706237 0.071361 0.058399
v 0.787724 0.068003 -0.033707
v 0.750762 0.057421 -0.023171
v 0.787944 0.067103 -0.023171
v 0.787944 0.067103 -0.023171
v 0.750762 0.057421 -0.023171
v 0.787724 0.068003 -0.033707
v 0.787416 0.069261 -0.044205
v 0.750515 0.058314 -0.033707
v 0.787724 0.068003 -0.033707
v 0.787724 0.068003 -0.033707
v 0.750515 0.058314 -0.033707
v 0.787416 0.069261 -0.044205
v 0.787021 0.070876 -0.054650
v 0.750170 0.059562 -0.044205
v 0.787416 0.069261 -0.044205
v 0.787416 0.069261 -0.044205
v 0.750170 0.059562 -0.044205
v 0.787021 0.070876 -0.054650
v 0.786540 0.072846 -0.065031
v 0.749726 0.061165 -0.054650
v 0.787021 0.070876 -0.054650
v 0.787021 0.070876 -0.054650
v 0.749726 0.061165 -0.054650
v 0.786540 0.072846 -0.065031
v 0.749726 0.061165 -0.054650
v 0.786540 0.072846 -0.065031
v 0.749186 0.063120 -0.065031
v 0.749186 0.063120 -0.065031
v 0.786540 0.072846 -0.065031
v 0.749726 0.061165 -0.054650
v 0.671494 0.052086 -0.065031
v 0.712142 0.052271 -0.065031
v 0.674287 0.052997 -0.065031
v 0.674287 0.052997 -0.065031
v 0.712142 0.052271 -0.065031
v 0.671494 0.052086 -0.065031
v 0.674287 0.052997 -0.065031
v 0.749186 0.063120 -0.065031
v 0.708472 0.064138 -0.065031
v 0.708472 0.064138 -0.065031
v 0.749186 0.063120 -0.065031
v 0.674287 0.052997 -0.065031
v 0.646601 0.052491 -0.060171
v 0.643116 0.049577 -0.061393
v 0.647064 0.051525 -0.061393
v 0.647064 0.051525 -0.061393
v 0.643116 0.049577 -0.061393
v 0.646601 0.052491 -0.060171
v 0.643116 0.049577 -0.061393
v 0.647592 0.050424 -0.062464
v 0.647064 0.051525 -0.061393
v 0.647064 0.051525 -0.061393
v 0.647592 0.050424 -0.062464
v 0.643116 0.049577 -0.061393
v 0.643668 0.048487 -0.062464
v 0.648177 0.049206 -0.063367
v 0.647592 0.050424 -0.062464
v 0.647592 0.050424 -0.062464
v 0.648177 0.049206 -0.063367
v 0.643668 0.048487 -0.062464
v 0.658531 0.047080 -0.065031
v 0.712142 0.052271 -0.065031
v 0.662353 0.048661 -0.065031
v 0.662353 0.048661 -0.065031
v 0.712142 0.052271 -0.065031
v 0.658531 0.047080 -0.065031
v 0.672311 0.059063 -0.010809
v 0.669441 0.057949 -0.002033
v 0.669385 0.058109 -0.010809
v 0.669385 0.058109 -0.010809
v 0.669441 0.057949 -0.002033
v 0.672311 0.059063 -0.010809
v 0.672311 0.059063 0.006744
v 0.669441 0.057949 -0.002033
v 0.672363 0.058901 -0.002033
v 0.672363 0.058901 -0.002033
v 0.669441 0.057949 -0.002033
v 0.672311 0.059063 0.006744
v 0.706435 0.070721 0.015507
v 0.672311 0.059063 0.006744
v 0.706586 0.070233 0.006744
v 0.706586 0.070233 0.006744
v 0.672311 0.059063 0.006744
v 0.706435 0.070721 0.015507
v 0.743812 0.082553 0.024244
v 0.706435 0.070721 0.015507
v 0.744038 0.081734 0.015507
v 0.744038 0.081734 0.015507
v 0.706435 0.070721 0.015507
v 0.743812 0.082553 0.024244
v 0.781472 0.093587 0.032941
v 0.743812 0.082553 0.024244
v 0.781754 0.092433 0.024244
v 0.781754 0.092433 0.024244
v 0.743812 0.082553 0.024244
v 0.781472 0.093587 0.032941
v 0.819413 0.103818 0.041586
v 0.781472 0.093587 0.032941
v 0.819731 0.102326 0.032941
v 0.819731 0.102326 0.032941
v 0.781472 0.093587 0.032941
v 0.819413 0.103818 0.041586
v 0.857631 0.113238 0.050165
v 0.819413 0.103818 0.041586
v 0.857963 0.111408 0.041586
v 0.857963 0.111408 0.041586
v 0.819413 0.103818 0.041586
v 0.857631 0.113238 0.050165
v 0.857631 0.113238 0.050165
v 0.819093 0.105327 0.051759
v 0.819027 0.105637 0.050165
v 0.819027 0.105637 0.050165
v 0.819093 0.105327 0.051759
v 0.857631 0.113238 0.050165
v 0.819093 0.105327 0.051759
v 0.780868 0.096060 0.053297
v 0.780744 0.096567 0.051759
v 0.780744 0.096567 0.051759
v 0.780868 0.096060 0.053297
v 0.819093 0.105327 0.051759
v 0.780868 0.096060 0.053297
v 0.743008 0.085459 0.054755
v 0.742816 0.086152 0.053297
v 0.742816 0.086152 0.053297
v 0.743008 0.085459 0.054755
v 0.780868 0.096060 0.053297
v 0.743008 0.085459 0.054755
v 0.705560 0.073552 0.056106
v 0.705293 0.074414 0.054755
v 0.705293 0.074414 0.054755
v 0.705560 0.073552 0.056106
v 0.743008 0.085459 0.054755
v 0.705560 0.073552 0.056106
v 0.671566 0.061346 0.057327
v 0.671234 0.062365 0.056106
v 0.671234 0.062365 0.056106
v 0.671566 0.061346 0.057327
v 0.705560 0.073552 0.056106
v 0.672152 0.059548 -0.019573
v 0.669385 0.058109 -0.010809
v 0.669216 0.058591 -0.019573
v 0.669216 0.058591 -0.019573
v 0.669385 0.058109 -0.010809
v 0.672152 0.059548 -0.019573
v 0.671889 0.060356 -0.028310
v 0.669216 0.058591 -0.019573
v 0.668935 0.059394 -0.028310
v 0.668935 0.059394 -0.028310
v 0.669216 0.058591 -0.019573
v 0.671889 0.060356 -0.028310
v 0.671521 0.061486 -0.037007
v 0.668935 0.059394 -0.028310
v 0.668543 0.060516 -0.037007
v 0.668543 0.060516 -0.037007
v 0.668935 0.059394 -0.028310
v 0.671521 0.061486 -0.037007
v 0.671048 0.062936 -0.045652
v 0.668543 0.060516 -0.037007
v 0.668039 0.061955 -0.045652
v 0.668039 0.061955 -0.045652
v 0.668543 0.060516 -0.037007
v 0.671048 0.062936 -0.045652
v 0.670472 0.064704 -0.054231
v 0.668039 0.061955 -0.045652
v 0.667424 0.063711 -0.054231
v 0.667424 0.063711 -0.054231
v 0.668039 0.061955 -0.045652
v 0.670472 0.064704 -0.054231
v 0.667424 0.063711 -0.054231
v 0.657954 0.059824 -0.055824
v 0.667529 0.063411 -0.055824
v 0.667529 0.063411 -0.055824
v 0.657954 0.059824 -0.055824
v 0.667424 0.063711 -0.054231
v 0.657954 0.059824 -0.055824
v 0.654028 0.057634 -0.057363
v 0.658146 0.059338 -0.057363
v 0.658146 0.059338 -0.057363
v 0.654028 0.057634 -0.057363
v 0.657954 0.059824 -0.055824
v 0.654028 0.057634 -0.057363
v 0.650240 0.055184 -0.058820
v 0.654310 0.056973 -0.058820
v 0.654310 0.056973 -0.058820
v 0.650240 0.055184 -0.058820
v 0.654028 0.057634 -0.057363
v 0.650240 0.055184 -0.058820
v 0.646601 0.052491 -0.060171
v 0.650612 0.054361 -0.060171
v 0.650612 0.054361 -0.060171
v 0.646601 0.052491 -0.060171
v 0.650240 0.055184 -0.058820
v 0.976949 0.102354 0.050585
v 1.015263 0.107218 0.060966
v 1.015383 0.105193 0.050585
v 1.015383 0.105193 0.050585
v 1.015263 0.107218 0.060966
v 0.976949 0.102354 0.050585
v 0.938815 0.096705 0.040139
v 0.976949 0.102354 0.050585
v 0.977096 0.100697 0.040139
v 0.977096 0.100697 0.040139
v 0.976949 0.102354 0.050585
v 0.938815 0.096705 0.040139
v 0.900865 0.090279 0.029642
v 0.938815 0.096705 0.040139
v 0.938969 0.095419 0.029642
v 0.938969 0.095419 0.029642
v 0.938815 0.096705 0.040139
v 0.900865 0.090279 0.029642
v 1.015263 0.107218 0.060966
v 0.898278 0.107493 0.060966
v 1.053827 0.108900 0.060966
v 1.053827 0.108900 0.060966
v 0.898278 0.107493 0.060966
v 1.015263 0.107218 0.060966
v 0.863098 0.083081 0.019105
v 0.900865 0.090279 0.029642
v 0.901002 0.089363 0.019105
v 0.901002 0.089363 0.019105
v 0.900865 0.090279 0.029642
v 0.863098 0.083081 0.019105
v 0.820599 0.098241 0.060020
v 0.859255 0.104284 0.060542
v 0.820919 0.096736 0.060542
v 0.820919 0.096736 0.060542
v 0.859255 0.104284 0.060542
v 0.820599 0.098241 0.060020
v 0.859255 0.104284 0.060542
v 0.898037 0.109096 0.060859
v 0.859539 0.102716 0.060859
v 0.859539 0.102716 0.060859
v 0.898037 0.109096 0.060859
v 0.859255 0.104284 0.060542
v 0.898037 0.109096 0.060859
v 0.936902 0.112703 0.060966
v 0.898278 0.107493 0.060966
v 0.898278 0.107493 0.060966
v 0.936902 0.112703 0.060966
v 0.898037 0.109096 0.060859
v 0.825516 0.075114 0.008543
v 0.863098 0.083081 0.019105
v 0.863197 0.082533 0.008543
v 0.863197 0.082533 0.008543
v 0.863098 0.083081 0.019105
v 0.825516 0.075114 0.008543
v 0.782118 0.090945 0.059301
v 0.820599 0.098241 0.060020
v 0.782464 0.089530 0.060020
v 0.782464 0.089530 0.060020
v 0.820599 0.098241 0.060020
v 0.782118 0.090945 0.059301
v 0.788120 0.066382 -0.002033
v 0.825516 0.075114 0.008543
v 0.825554 0.074933 -0.002033
v 0.825554 0.074933 -0.002033
v 0.825516 0.075114 0.008543
v 0.788120 0.066382 -0.002033
v 0.743860 0.082379 0.058399
v 0.782118 0.090945 0.059301
v 0.744220 0.081077 0.059301
v 0.744220 0.081077 0.059301
v 0.782118 0.090945 0.059301
v 0.743860 0.082379 0.058399
v 0.788120 0.066382 -0.002033
v 0.825516 0.075114 -0.012608
v 0.788076 0.066562 -0.012608
v 0.788076 0.066562 -0.012608
v 0.825516 0.075114 -0.012608
v 0.788120 0.066382 -0.002033
v 0.705876 0.072528 0.057327
v 0.743860 0.082379 0.058399
v 0.706237 0.071361 0.058399
v 0.706237 0.071361 0.058399
v 0.743860 0.082379 0.058399
v 0.705876 0.072528 0.057327
v 0.788076 0.066562 -0.012608
v 0.825400 0.075658 -0.023171
v 0.787944 0.067103 -0.023171
v 0.787944 0.067103 -0.023171
v 0.825400 0.075658 -0.023171
v 0.788076 0.066562 -0.012608
v 0.671566 0.061346 0.057327
v 0.705560 0.073552 0.056106
v 0.705876 0.072528 0.057327
v 0.705876 0.072528 0.057327
v 0.705560 0.073552 0.056106
v 0.671566 0.061346 0.057327
v 0.787944 0.067103 -0.023171
v 0.825208 0.076565 -0.033707
v 0.787724 0.068003 -0.033707
v 0.787724 0.068003 -0.033707
v 0.825208 0.076565 -0.033707
v 0.787944 0.067103 -0.023171
v 0.787724 0.068003 -0.033707
v 0.824938 0.077832 -0.044205
v 0.787416 0.069261 -0.044205
v 0.787416 0.069261 -0.044205
v 0.824938 0.077832 -0.044205
v 0.787724 0.068003 -0.033707
v 0.787416 0.069261 -0.044205
v 0.824592 0.079458 -0.054650
v 0.787021 0.070876 -0.054650
v 0.787021 0.070876 -0.054650
v 0.824592 0.079458 -0.054650
v 0.787416 0.069261 -0.044205
v 0.787021 0.070876 -0.054650
v 0.824171 0.081442 -0.065031
v 0.786540 0.072846 -0.065031
v 0.786540 0.072846 -0.065031
v 0.824171 0.081442 -0.065031
v 0.787021 0.070876 -0.054650
v 0.708472 0.064138 -0.065031
v 0.749186 0.063120 -0.065031
v 0.786540 0.072846 -0.065031
v 0.786540 0.072846 -0.065031
v 0.749186 0.063120 -0.065031
v 0.708472 0.064138 -0.065031
v 0.662353 0.048661 -0.065031
v 0.712142 0.052271 -0.065031
v 0.671494 0.052086 -0.065031
v 0.671494 0.052086 -0.065031
v 0.712142 0.052271 -0.065031
v 0.662353 0.048661 -0.065031
v 0.708472 0.064138 -0.065031
v 0.673785 0.054538 -0.064925
v 0.674287 0.052997 -0.065031
v 0.674287 0.052997 -0.065031
v 0.673785 0.054538 -0.064925
v 0.708472 0.064138 -0.065031
v 0.647064 0.051525 -0.061393
v 0.650612 0.054361 -0.060171
v 0.646601 0.052491 -0.060171
v 0.646601 0.052491 -0.060171
v 0.650612 0.054361 -0.060171
v 0.647064 0.051525 -0.061393
v 0.651558 0.052273 -0.062464
v 0.647064 0.051525 -0.061393
v 0.647592 0.050424 -0.062464
v 0.647592 0.050424 -0.062464
v 0.647064 0.051525 -0.061393
v 0.651558 0.052273 -0.062464
v 0.652116 0.051043 -0.063367
v 0.647592 0.050424 -0.062464
v 0.648177 0.049206 -0.063367
v 0.648177 0.049206 -0.063367
v 0.647592 0.050424 -0.062464
v 0.652116 0.051043 -0.063367
v 0.669441 0.057949 -0.002033
v 0.672311 0.059063 -0.010809
v 0.672363 0.058901 -0.002033
v 0.672363 0.058901 -0.002033
v 0.672311 0.059063 -0.010809
v 0.669441 0.057949 -0.002033
v 0.669385 0.058109 -0.010809
v 0.672152 0.059548 -0.019573
v 0.672311 0.059063 -0.010809
v 0.672311 0.059063 -0.010809
v 0.672152 0.059548 -0.019573
v 0.669385 0.058109 -0.010809
v 0.672311 0.059063 0.006744
v 0.672363 0.058901 -0.002033
v 0.706586 0.070233 0.006744
v 0.706586 0.070233 0.006744
v 0.672363 0.058901 -0.002033
v 0.672311 0.059063 0.006744
v 0.706586 0.070233 0.006744
v 0.744038 0.081734 0.015507
v 0.706435 0.070721 0.015507
v 0.706435 0.070721 0.015507
v 0.744038 0.081734 0.015507
v 0.706586 0.070233 0.006744
v 0.744038 0.081734 0.015507
v 0.781754 0.092433 0.024244
v 0.743812 0.082553 0.024244
v 0.743812 0.082553 0.024244
v 0.781754 0.092433 0.024244
v 0.744038 0.081734 0.015507
v 0.781754 0.092433 0.024244
v 0.819731 0.102326 0.032941
v 0.781472 0.093587 0.032941
v 0.781472 0.093587 0.032941
v 0.819731 0.102326 0.032941
v 0.781754 0.092433 0.024244
v 0.819731 0.102326 0.032941
v 0.857963 0.111408 0.041586
v 0.819413 0.103818 0.041586
v 0.819413 0.103818 0.041586
v 0.857963 0.111408 0.041586
v 0.819731 0.102326 0.032941
v 0.857963 0.111408 0.041586
v 0.896448 0.119671 0.050165
v 0.857631 0.113238 0.050165
v 0.857631 0.113238 0.050165
v 0.896448 0.119671 0.050165
v 0.857963 0.111408 0.041586
v 0.819093 0.105327 0.051759
v 0.857631 0.113238 0.050165
v 0.857688 0.112926 0.051759
v 0.857688 0.112926 0.051759
v 0.857631 0.113238 0.050165
v 0.819093 0.105327 0.051759
v 0.780868 0.096060 0.053297
v 0.819093 0.105327 0.051759
v 0.819201 0.104816 0.053297
v 0.819201 0.104816 0.053297
v 0.819093 0.105327 0.051759
v 0.780868 0.096060 0.053297
v 0.743008 0.085459 0.054755
v 0.780868 0.096060 0.053297
v 0.781039 0.095362 0.054755
v 0.781039 0.095362 0.054755
v 0.780868 0.096060 0.053297
v 0.743008 0.085459 0.054755
v 0.705560 0.073552 0.056106
v 0.743008 0.085459 0.054755
v 0.743248 0.084589 0.056106
v 0.743248 0.084589 0.056106
v 0.743008 0.085459 0.054755
v 0.705560 0.073552 0.056106
v 0.669216 0.058591 -0.019573
v 0.671889 0.060356 -0.028310
v 0.672152 0.059548 -0.019573
v 0.672152 0.059548 -0.019573
v 0.671889 0.060356 -0.028310
v 0.669216 0.058591 -0.019573
v 0.668935 0.059394 -0.028310
v 0.671521 0.061486 -0.037007
v 0.671889 0.060356 -0.028310
v 0.671889 0.060356 -0.028310
v 0.671521 0.061486 -0.037007
v 0.668935 0.059394 -0.028310
v 0.668543 0.060516 -0.037007
v 0.671048 0.062936 -0.045652
v 0.671521 0.061486 -0.037007
v 0.671521 0.061486 -0.037007
v 0.671048 0.062936 -0.045652
v 0.668543 0.060516 -0.037007
v 0.668039 0.061955 -0.045652
v 0.670472 0.064704 -0.054231
v 0.671048 0.062936 -0.045652
v 0.671048 0.062936 -0.045652
v 0.670472 0.064704 -0.054231
v 0.668039 0.061955 -0.045652
v 0.658146 0.059338 -0.057363
v 0.667529 0.063411 -0.055824
v 0.657954 0.059824 -0.055824
v 0.657954 0.059824 -0.055824
v 0.667529 0.063411 -0.055824
v 0.658146 0.059338 -0.057363
v 0.654310 0.056973 -0.058820
v 0.658146 0.059338 -0.057363
v 0.654028 0.057634 -0.057363
v 0.654028 0.057634 -0.057363
v 0.658146 0.059338 -0.057363
v 0.654310 0.056973 -0.058820
v 0.650612 0.054361 -0.060171
v 0.654310 0.056973 -0.058820
v 0.650240 0.055184 -0.058820
v 0.650240 0.055184 -0.058820
v 0.654310 0.056973 -0.058820
v 0.650612 0.054361 -0.060171
v 1.053827 0.108900 0.060966
v 1.015383 0.105193 0.050585
v 1.015263 0.107218 0.060966
v 1.015263 0.107218 0.060966
v 1.015383 0.105193 0.050585
v 1.053827 0.108900 0.060966
v 1.015383 0.105193 0.050585
v 0.977096 0.100697 0.040139
v 0.976949 0.102354 0.050585
v 0.976949 0.102354 0.050585
v 0.977096 0.100697 0.040139
v 1.015383 0.105193 0.050585
v 0.977096 0.100697 0.040139
v 0.938969 0.095419 0.029642
v 0.938815 0.096705 0.040139
v 0.938815 0.096705 0.040139
v 0.938969 0.095419 0.029642
v 0.977096 0.100697 0.040139
v 0.938969 0.095419 0.029642
v 0.901002 0.089363 0.019105
v 0.900865 0.090279 0.029642
v 0.900865 0.090279 0.029642
v 0.901002 0.089363 0.019105
v 0.938969 0.095419 0.029642
v 1.053827 0.108900 0.060966
v 0.898278 0.107493 0.060966
v 0.936902 0.112703 0.060966
v 0.936902 0.112703 0.060966
v 0.898278 0.107493 0.060966
v 1.053827 0.108900 0.060966
v 0.901002 0.089363 0.019105
v 0.863197 0.082533 0.008543
v 0.863098 0.083081 0.019105
v 0.863098 0.083081 0.019105
v 0.863197 0.082533 0.008543
v 0.901002 0.089363 0.019105
v 0.859255 0.104284 0.060542
v 0.820599 0.098241 0.060020
v 0.858980 0.105798 0.060020
v 0.858980 0.105798 0.060020
v 0.820599 0.098241 0.060020
v 0.859255 0.104284 0.060542
v 0.898037 0.109096 0.060859
v 0.859255 0.104284 0.060542
v 0.897800 0.110672 0.060542
v 0.897800 0.110672 0.060542
v 0.859255 0.104284 0.060542
v 0.898037 0.109096 0.060859
v 0.936902 0.112703 0.060966
v 0.898037 0.109096 0.060859
v 0.936710 0.114313 0.060859
v 0.936710 0.114313 0.060859
v 0.898037 0.109096 0.060859
v 0.936902 0.112703 0.060966
v 0.863197 0.082533 0.008543
v 0.825554 0.074933 -0.002033
v 0.825516 0.075114 0.008543
v 0.825516 0.075114 0.008543
v 0.825554 0.074933 -0.002033
v 0.863197 0.082533 0.008543
v 0.820599 0.098241 0.060020
v 0.782118 0.090945 0.059301
v 0.820296 0.099666 0.059301
v 0.820296 0.099666 0.059301
v 0.782118 0.090945 0.059301
v 0.820599 0.098241 0.060020
v 0.825516 0.075114 -0.012608
v 0.788120 0.066382 -0.002033
v 0.825554 0.074933 -0.002033
v 0.825554 0.074933 -0.002033
v 0.788120 0.066382 -0.002033
v 0.825516 0.075114 -0.012608
v 0.782118 0.090945 0.059301
v 0.743860 0.082379 0.058399
v 0.781797 0.092258 0.058399
v 0.781797 0.092258 0.058399
v 0.743860 0.082379 0.058399
v 0.782118 0.090945 0.059301
v 0.825400 0.075658 -0.023171
v 0.788076 0.066562 -0.012608
v 0.825516 0.075114 -0.012608
v 0.825516 0.075114 -0.012608
v 0.788076 0.066562 -0.012608
v 0.825400 0.075658 -0.023171
v 0.743860 0.082379 0.058399
v 0.705876 0.072528 0.057327
v 0.743534 0.083557 0.057327
v 0.743534 0.083557 0.057327
v 0.705876 0.072528 0.057327
v 0.743860 0.082379 0.058399
v 0.825208 0.076565 -0.033707
v 0.787944 0.067103 -0.023171
v 0.825400 0.075658 -0.023171
v 0.825400 0.075658 -0.023171
v 0.787944 0.067103 -0.023171
v 0.825208 0.076565 -0.033707
v 0.743248 0.084589 0.056106
v 0.705876 0.072528 0.057327
v 0.705560 0.073552 0.056106
v 0.705560 0.073552 0.056106
v 0.705876 0.072528 0.057327
v 0.743248 0.084589 0.056106
v 0.824938 0.077832 -0.044205
v 0.787724 0.068003 -0.033707
v 0.825208 0.076565 -0.033707
v 0.825208 0.076565 -0.033707
v 0.787724 0.068003 -0.033707
v 0.824938 0.077832 -0.044205
v 0.824592 0.079458 -0.054650
v 0.787416 0.069261 -0.044205
v 0.824938 0.077832 -0.044205
v 0.824938 0.077832 -0.044205
v 0.787416 0.069261 -0.044205
v 0.824592 0.079458 -0.054650
v 0.824171 0.081442 -0.065031
v 0.787021 0.070876 -0.054650
v 0.824592 0.079458 -0.054650
v 0.824592 0.079458 -0.054650
v 0.787021 0.070876 -0.054650
v 0.824171 0.081442 -0.065031
v 0.745875 0.075091 -0.065031
v 0.786540 0.072846 -0.065031
v 0.824171 0.081442 -0.065031
v 0.824171 0.081442 -0.065031
v 0.786540 0.072846 -0.065031
v 0.745875 0.075091 -0.065031
v 0.708472 0.064138 -0.065031
v 0.786540 0.072846 -0.065031
v 0.745875 0.075091 -0.065031
v 0.745875 0.075091 -0.065031
v 0.786540 0.072846 -0.065031
v 0.708472 0.064138 -0.065031
v 0.671494 0.052086 -0.065031
v 0.661759 0.050170 -0.064925
v 0.662353 0.048661 -0.065031
v 0.662353 0.048661 -0.065031
v 0.661759 0.050170 -0.064925
v 0.671494 0.052086 -0.065031
v 0.673785 0.054538 -0.064925
v 0.708472 0.064138 -0.065031
v 0.707993 0.065686 -0.064925
v 0.707993 0.065686 -0.064925
v 0.708472 0.064138 -0.065031
v 0.673785 0.054538 -0.064925
v 0.650612 0.054361 -0.060171
v 0.647064 0.051525 -0.061393
v 0.651054 0.053386 -0.061393
v 0.651054 0.053386 -0.061393
v 0.647064 0.051525 -0.061393
v 0.650612 0.054361 -0.060171
v 0.647064 0.051525 -0.061393
v 0.651558 0.052273 -0.062464
v 0.651054 0.053386 -0.061393
v 0.651054 0.053386 -0.061393
v 0.651558 0.052273 -0.062464
v 0.647064 0.051525 -0.061393
v 0.647592 0.050424 -0.062464
v 0.652116 0.051043 -0.063367
v 0.651558 0.052273 -0.062464
v 0.651558 0.052273 -0.062464
v 0.652116 0.051043 -0.063367
v 0.647592 0.050424 -0.062464
v 0.672363 0.058901 -0.002033
v 0.672311 0.059063 -0.010809
v 0.706586 0.070233 -0.010809
v 0.706586 0.070233 -0.010809
v 0.672311 0.059063 -0.010809
v 0.672363 0.058901 -0.002033
v 0.672311 0.059063 -0.010809
v 0.672152 0.059548 -0.019573
v 0.706435 0.070721 -0.019573
v 0.706435 0.070721 -0.019573
v 0.672152 0.059548 -0.019573
v 0.672311 0.059063 -0.010809
v 0.706586 0.070233 0.006744
v 0.672363 0.058901 -0.002033
v 0.706636 0.070071 -0.002033
v 0.706636 0.070071 -0.002033
v 0.672363 0.058901 -0.002033
v 0.706586 0.070233 0.006744
v 0.744038 0.081734 0.015507
v 0.706586 0.070233 0.006744
v 0.744174 0.081241 0.006744
v 0.744174 0.081241 0.006744
v 0.706586 0.070233 0.006744
v 0.744038 0.081734 0.015507
v 0.781754 0.092433 0.024244
v 0.744038 0.081734 0.015507
v 0.781956 0.091607 0.015507
v 0.781956 0.091607 0.015507
v 0.744038 0.081734 0.015507
v 0.781754 0.092433 0.024244
v 0.819731 0.102326 0.032941
v 0.781754 0.092433 0.024244
v 0.819978 0.101164 0.024244
v 0.819978 0.101164 0.024244
v 0.781754 0.092433 0.024244
v 0.819731 0.102326 0.032941
v 0.857963 0.111408 0.041586
v 0.819731 0.102326 0.032941
v 0.858235 0.109908 0.032941
v 0.858235 0.109908 0.032941
v 0.819731 0.102326 0.032941
v 0.857963 0.111408 0.041586
v 0.896448 0.119671 0.050165
v 0.857963 0.111408 0.041586
v 0.896724 0.117832 0.041586
v 0.896724 0.117832 0.041586
v 0.857963 0.111408 0.041586
v 0.896448 0.119671 0.050165
v 0.896448 0.119671 0.050165
v 0.857688 0.112926 0.051759
v 0.857631 0.113238 0.050165
v 0.857631 0.113238 0.050165
v 0.857688 0.112926 0.051759
v 0.896448 0.119671 0.050165
v 0.857688 0.112926 0.051759
v 0.819201 0.104816 0.053297
v 0.819093 0.105327 0.051759
v 0.819093 0.105327 0.051759
v 0.819201 0.104816 0.053297
v 0.857688 0.112926 0.051759
v 0.819201 0.104816 0.053297
v 0.781039 0.095362 0.054755
v 0.780868 0.096060 0.053297
v 0.780868 0.096060 0.053297
v 0.781039 0.095362 0.054755
v 0.819201 0.104816 0.053297
v 0.781039 0.095362 0.054755
v 0.743248 0.084589 0.056106
v 0.743008 0.085459 0.054755
v 0.743008 0.085459 0.054755
v 0.743248 0.084589 0.056106
v 0.781039 0.095362 0.054755
v 0.672152 0.059548 -0.019573
v 0.671889 0.060356 -0.028310
v 0.706184 0.071534 -0.028310
v 0.706184 0.071534 -0.028310
v 0.671889 0.060356 -0.028310
v 0.672152 0.059548 -0.019573
v 0.671889 0.060356 -0.028310
v 0.671521 0.061486 -0.037007
v 0.705833 0.072669 -0.037007
v 0.705833 0.072669 -0.037007
v 0.671521 0.061486 -0.037007
v 0.671889 0.060356 -0.028310
v 0.671521 0.061486 -0.037007
v 0.671048 0.062936 -0.045652
v 0.705382 0.074126 -0.045652
v 0.705382 0.074126 -0.045652
v 0.671048 0.062936 -0.045652
v 0.671521 0.061486 -0.037007
v 0.671048 0.062936 -0.045652
v 0.670472 0.064704 -0.054231
v 0.704833 0.075902 -0.054231
v 0.704833 0.075902 -0.054231
v 0.670472 0.064704 -0.054231
v 0.671048 0.062936 -0.045652
v 0.667529 0.063411 -0.055824
v 0.658146 0.059338 -0.057363
v 0.667701 0.062918 -0.057363
v 0.667701 0.062918 -0.057363
v 0.658146 0.059338 -0.057363
v 0.667529 0.063411 -0.055824
v 0.658146 0.059338 -0.057363
v 0.654310 0.056973 -0.058820
v 0.658409 0.058669 -0.058820
v 0.658409 0.058669 -0.058820
v 0.654310 0.056973 -0.058820
v 0.658146 0.059338 -0.057363
v 0.654310 0.056973 -0.058820
v 0.650612 0.054361 -0.060171
v 0.654664 0.056143 -0.060171
v 0.654664 0.056143 -0.060171
v 0.650612 0.054361 -0.060171
v 0.654310 0.056973 -0.058820
v 1.015383 0.105193 0.050585
v 1.053827 0.108900 0.060966
v 1.053885 0.106873 0.050585
v 1.053885 0.106873 0.050585
v 1.053827 0.108900 0.060966
v 1.015383 0.105193 0.050585
v 0.977096 0.100697 0.040139
v 1.015383 0.105193 0.050585
v 1.015480 0.103533 0.040139
v 1.015480 0.103533 0.040139
v 1.015383 0.105193 0.050585
v 0.977096 0.100697 0.040139
v 0.938969 0.095419 0.029642
v 0.977096 0.100697 0.040139
v 0.977211 0.099407 0.029642
v 0.977211 0.099407 0.029642
v 0.977096 0.100697 0.040139
v 0.938969 0.095419 0.029642
v 0.901002 0.089363 0.019105
v 0.938969 0.095419 0.029642
v 0.939079 0.094499 0.019105
v 0.939079 0.094499 0.019105
v 0.938969 0.095419 0.029642
v 0.901002 0.089363 0.019105
v 1.053827 0.108900 0.060966
v 0.936902 0.112703 0.060966
v 1.092798 0.109423 0.060966
v 1.092798 0.109423 0.060966
v 0.936902 0.112703 0.060966
v 1.053827 0.108900 0.060966
v 0.863197 0.082533 0.008543
v 0.901002 0.089363 0.019105
v 0.901085 0.088813 0.008543
v 0.901085 0.088813 0.008543
v 0.901002 0.089363 0.019105
v 0.863197 0.082533 0.008543
v 0.820296 0.099666 0.059301
v 0.858980 0.105798 0.060020
v 0.820599 0.098241 0.060020
v 0.820599 0.098241 0.060020
v 0.858980 0.105798 0.060020
v 0.820296 0.099666 0.059301
v 0.858980 0.105798 0.060020
v 0.897800 0.110672 0.060542
v 0.859255 0.104284 0.060542
v 0.859255 0.104284 0.060542
v 0.897800 0.110672 0.060542
v 0.858980 0.105798 0.060020
v 0.897800 0.110672 0.060542
v 0.936710 0.114313 0.060859
v 0.898037 0.109096 0.060859
v 0.898037 0.109096 0.060859
v 0.936710 0.114313 0.060859
v 0.897800 0.110672 0.060542
v 0.936710 0.114313 0.060859
v 0.975667 0.116746 0.060966
v 0.936902 0.112703 0.060966
v 0.936902 0.112703 0.060966
v 0.975667 0.116746 0.060966
v 0.936710 0.114313 0.060859
v 0.825554 0.074933 -0.002033
v 0.863197 0.082533 0.008543
v 0.863230 0.082351 -0.002033
v 0.863230 0.082351 -0.002033
v 0.863197 0.082533 0.008543
v 0.825554 0.074933 -0.002033
v 0.781797 0.092258 0.058399
v 0.820296 0.099666 0.059301
v 0.782118 0.090945 0.059301
v 0.782118 0.090945 0.059301
v 0.820296 0.099666 0.059301
v 0.781797 0.092258 0.058399
v 0.825554 0.074933 -0.002033
v 0.863197 0.082533 -0.012608
v 0.825516 0.075114 -0.012608
v 0.825516 0.075114 -0.012608
v 0.863197 0.082533 -0.012608
v 0.825554 0.074933 -0.002033
v 0.743534 0.083557 0.057327
v 0.781797 0.092258 0.058399
v 0.743860 0.082379 0.058399
v 0.743860 0.082379 0.058399
v 0.781797 0.092258 0.058399
v 0.743534 0.083557 0.057327
v 0.825516 0.075114 -0.012608
v 0.863098 0.083081 -0.023171
v 0.825400 0.075658 -0.023171
v 0.825400 0.075658 -0.023171
v 0.863098 0.083081 -0.023171
v 0.825516 0.075114 -0.012608
v 0.705876 0.072528 0.057327
v 0.743248 0.084589 0.056106
v 0.743534 0.083557 0.057327
v 0.743534 0.083557 0.057327
v 0.743248 0.084589 0.056106
v 0.705876 0.072528 0.057327
v 0.825400 0.075658 -0.023171
v 0.862933 0.083992 -0.033707
v 0.825208 0.076565 -0.033707
v 0.825208 0.076565 -0.033707
v 0.862933 0.083992 -0.033707
v 0.825400 0.075658 -0.023171
v 0.825208 0.076565 -0.033707
v 0.862702 0.085267 -0.044205
v 0.824938 0.077832 -0.044205
v 0.824938 0.077832 -0.044205
v 0.862702 0.085267 -0.044205
v 0.825208 0.076565 -0.033707
v 0.824938 0.077832 -0.044205
v 0.862405 0.086903 -0.054650
v 0.824592 0.079458 -0.054650
v 0.824592 0.079458 -0.054650
v 0.862405 0.086903 -0.054650
v 0.824938 0.077832 -0.044205
v 0.824592 0.079458 -0.054650
v 0.862043 0.088899 -0.065031
v 0.824171 0.081442 -0.065031
v 0.824171 0.081442 -0.065031
v 0.862043 0.088899 -0.065031
v 0.824592 0.079458 -0.054650
v 0.745875 0.075091 -0.065031
v 0.824171 0.081442 -0.065031
v 0.783592 0.084912 -0.065031
v 0.783592 0.084912 -0.065031
v 0.824171 0.081442 -0.065031
v 0.745875 0.075091 -0.065031
v 0.745875 0.075091 -0.065031
v 0.707993 0.065686 -0.064925
v 0.708472 0.064138 -0.065031
v 0.708472 0.064138 -0.065031
v 0.707993 0.065686 -0.064925
v 0.745875 0.075091 -0.065031
v 0.661759 0.050170 -0.064925
v 0.671494 0.052086 -0.065031
v 0.670958 0.053617 -0.064925
v 0.670958 0.053617 -0.064925
v 0.671494 0.052086 -0.065031
v 0.661759 0.050170 -0.064925
v 0.707993 0.065686 -0.064925
v 0.673291 0.056053 -0.064608
v 0.673785 0.054538 -0.064925
v 0.673785 0.054538 -0.064925
v 0.673291 0.056053 -0.064608
v 0.707993 0.065686 -0.064925
v 0.651054 0.053386 -0.061393
v 0.654664 0.056143 -0.060171
v 0.650612 0.054361 -0.060171
v 0.650612 0.054361 -0.060171
v 0.654664 0.056143 -0.060171
v 0.651054 0.053386 -0.061393
v 0.655564 0.054035 -0.062464
v 0.651054 0.053386 -0.061393
v 0.651558 0.052273 -0.062464
v 0.651558 0.052273 -0.062464
v 0.651054 0.053386 -0.061393
v 0.655564 0.054035 -0.062464
v 0.656094 0.052792 -0.063367
v 0.651558 0.052273 -0.062464
v 0.652116 0.051043 -0.063367
v 0.652116 0.051043 -0.063367
v 0.651558 0.052273 -0.062464
v 0.656094 0.052792 -0.063367
v 0.672311 0.059063 -0.010809
v 0.706435 0.070721 -0.019573
v 0.706586 0.070233 -0.010809
v 0.706586 0.070233 -0.010809
v 0.706435 0.070721 -0.019573
v 0.672311 0.059063 -0.010809
v 0.672363 0.058901 -0.002033
v 0.706586 0.070233 -0.010809
v 0.706636 0.070071 -0.002033
v 0.706636 0.070071 -0.002033
v 0.706586 0.070233 -0.010809
v 0.672363 0.058901 -0.002033
v 0.672152 0.059548 -0.019573
v 0.706184 0.071534 -0.028310
v 0.706435 0.070721 -0.019573
v 0.706435 0.070721 -0.019573
v 0.706184 0.071534 -0.028310
v 0.672152 0.059548 -0.019573
v 0.706636 0.070071 -0.002033
v 0.744174 0.081241 0.006744
v 0.706586 0.070233 0.006744
v 0.706586 0.070233 0.006744
v 0.744174 0.081241 0.006744
v 0.706636 0.070071 -0.002033
v 0.744174 0.081241 0.006744
v 0.781956 0.091607 0.015507
v 0.744038 0.081734 0.015507
v 0.744038 0.081734 0.015507
v 0.781956 0.091607 0.015507
v 0.744174 0.081241 0.006744
v 0.781956 0.091607 0.015507
v 0.819978 0.101164 0.024244
v 0.781754 0.092433 0.024244
v 0.781754 0.092433 0.024244
v 0.819978 0.101164 0.024244
v 0.781956 0.091607 0.015507
v 0.819978 0.101164 0.024244
v 0.858235 0.109908 0.032941
v 0.819731 0.102326 0.032941
v 0.819731 0.102326 0.032941
v 0.858235 0.109908 0.032941
v 0.819978 0.101164 0.024244
v 0.858235 0.109908 0.032941
v 0.896724 0.117832 0.041586
v 0.857963 0.111408 0.041586
v 0.857963 0.111408 0.041586
v 0.896724 0.117832 0.041586
v 0.858235 0.109908 0.032941
v 0.896724 0.117832 0.041586
v 0.935441 0.124931 0.050165
v 0.896448 0.119671 0.050165
v 0.896448 0.119671 0.050165
v 0.935441 0.124931 0.050165
v 0.896724 0.117832 0.041586
v 0.857688 0.112926 0.051759
v 0.896448 0.119671 0.050165
v 0.896495 0.119357 0.051759
v 0.896495 0.119357 0.051759
v 0.896448 0.119671 0.050165
v 0.857688 0.112926 0.051759
v 0.819201 0.104816 0.053297
v 0.857688 0.112926 0.051759
v 0.857781 0.112412 0.053297
v 0.857781 0.112412 0.053297
v 0.857688 0.112926 0.051759
v 0.819201 0.104816 0.053297
v 0.781039 0.095362 0.054755
v 0.819201 0.104816 0.053297
v 0.819351 0.104113 0.054755
v 0.819351 0.104113 0.054755
v 0.819201 0.104816 0.053297
v 0.781039 0.095362 0.054755
v 0.743248 0.084589 0.056106
v 0.781039 0.095362 0.054755
v 0.781253 0.094485 0.056106
v 0.781253 0.094485 0.056106
v 0.781039 0.095362 0.054755
v 0.743248 0.084589 0.056106
v 0.671889 0.060356 -0.028310
v 0.705833 0.072669 -0.037007
v 0.706184 0.071534 -0.028310
v 0.706184 0.071534 -0.028310
v 0.705833 0.072669 -0.037007
v 0.671889 0.060356 -0.028310
v 0.671521 0.061486 -0.037007
v 0.705382 0.074126 -0.045652
v 0.705833 0.072669 -0.037007
v 0.705833 0.072669 -0.037007
v 0.705382 0.074126 -0.045652
v 0.671521 0.061486 -0.037007
v 0.671048 0.062936 -0.045652
v 0.704833 0.075902 -0.054231
v 0.705382 0.074126 -0.045652
v 0.705382 0.074126 -0.045652
v 0.704833 0.075902 -0.054231
v 0.671048 0.062936 -0.045652
v 0.670570 0.064403 -0.055824
v 0.704833 0.075902 -0.054231
v 0.670472 0.064704 -0.054231
v 0.670472 0.064704 -0.054231
v 0.704833 0.075902 -0.054231
v 0.670570 0.064403 -0.055824
v 0.658409 0.058669 -0.058820
v 0.667701 0.062918 -0.057363
v 0.658146 0.059338 -0.057363
v 0.658146 0.059338 -0.057363
v 0.667701 0.062918 -0.057363
v 0.658409 0.058669 -0.058820
v 0.654664 0.056143 -0.060171
v 0.658409 0.058669 -0.058820
v 0.654310 0.056973 -0.058820
v 0.654310 0.056973 -0.058820
v 0.658409 0.058669 -0.058820
v 0.654664 0.056143 -0.060171
v 1.092798 0.109423 0.060966
v 1.053885 0.106873 0.050585
v 1.053827 0.108900 0.060966
v 1.053827 0.108900 0.060966
v 1.053885 0.106873 0.050585
v 1.092798 0.109423 0.060966
v 1.053885 0.106873 0.050585
v 1.015480 0.103533 0.040139
v 1.015383 0.105193 0.050585
v 1.015383 0.105193 0.050585
v 1.015480 0.103533 0.040139
v 1.053885 0.106873 0.050585
v 1.015480 0.103533 0.040139
v 0.977211 0.099407 0.029642
v 0.977096 0.100697 0.040139
v 0.977096 0.100697 0.040139
v 0.977211 0.099407 0.029642
v 1.015480 0.103533 0.040139
v 0.977211 0.099407 0.029642
v 0.939079 0.094499 0.019105
v 0.938969 0.095419 0.029642
v 0.938969 0.095419 0.029642
v 0.939079 0.094499 0.019105
v 0.977211 0.099407 0.029642
v 0.939079 0.094499 0.019105
v 0.901085 0.088813 0.008543
v 0.901002 0.089363 0.019105
v 0.901002 0.089363 0.019105
v 0.901085 0.088813 0.008543
v 0.939079 0.094499 0.019105
v 1.092798 0.109423 0.060966
v 0.936902 0.112703 0.060966
v 1.092631 0.121842 0.060966
v 1.092631 0.121842 0.060966
v 0.936902 0.112703 0.060966
v 1.092798 0.109423 0.060966
v 0.901085 0.088813 0.008543
v 0.863230 0.082351 -0.002033
v 0.863197 0.082533 0.008543
v 0.863197 0.082533 0.008543
v 0.863230 0.082351 -0.002033
v 0.901085 0.088813 0.008543
v 0.858980 0.105798 0.060020
v 0.820296 0.099666 0.059301
v 0.858720 0.107231 0.059301
v 0.858720 0.107231 0.059301
v 0.820296 0.099666 0.059301
v 0.858980 0.105798 0.060020
v 0.897800 0.110672 0.060542
v 0.858980 0.105798 0.060020
v 0.897572 0.112193 0.060020
v 0.897572 0.112193 0.060020
v 0.858980 0.105798 0.060020
v 0.897800 0.110672 0.060542
v 0.936710 0.114313 0.060859
v 0.897800 0.110672 0.060542
v 0.936521 0.115895 0.060542
v 0.936521 0.115895 0.060542
v 0.897800 0.110672 0.060542
v 0.936710 0.114313 0.060859
v 0.975667 0.116746 0.060966
v 0.936710 0.114313 0.060859
v 0.975523 0.118361 0.060859
v 0.975523 0.118361 0.060859
v 0.936710 0.114313 0.060859
v 0.975667 0.116746 0.060966
v 1.092631 0.121842 0.060966
v 0.936902 0.112703 0.060966
v 0.975667 0.116746 0.060966
v 0.975667 0.116746 0.060966
v 0.936902 0.112703 0.060966
v 1.092631 0.121842 0.060966
v 0.863197 0.082533 -0.012608
v 0.825554 0.074933 -0.002033
v 0.863230 0.082351 -0.002033
v 0.863230 0.082351 -0.002033
v 0.825554 0.074933 -0.002033
v 0.863197 0.082533 -0.012608
v 0.820296 0.099666 0.059301
v 0.781797 0.092258 0.058399
v 0.820015 0.100987 0.058399
v 0.820015 0.100987 0.058399
v 0.781797 0.092258 0.058399
v 0.820296 0.099666 0.059301
v 0.863098 0.083081 -0.023171
v 0.825516 0.075114 -0.012608
v 0.863197 0.082533 -0.012608
v 0.863197 0.082533 -0.012608
v 0.825516 0.075114 -0.012608
v 0.863098 0.083081 -0.023171
v 0.781797 0.092258 0.058399
v 0.743534 0.083557 0.057327
v 0.781507 0.093444 0.057327
v 0.781507 0.093444 0.057327
v 0.743534 0.083557 0.057327
v 0.781797 0.092258 0.058399
v 0.862933 0.083992 -0.033707
v 0.825400 0.075658 -0.023171
v 0.863098 0.083081 -0.023171
v 0.863098 0.083081 -0.023171
v 0.825400 0.075658 -0.023171
v 0.862933 0.083992 -0.033707
v 0.781253 0.094485 0.056106
v 0.743534 0.083557 0.057327
v 0.743248 0.084589 0.056106
v 0.743248 0.084589 0.056106
v 0.743534 0.083557 0.057327
v 0.781253 0.094485 0.056106
v 0.862702 0.085267 -0.044205
v 0.825208 0.076565 -0.033707
v 0.862933 0.083992 -0.033707
v 0.862933 0.083992 -0.033707
v 0.825208 0.076565 -0.033707
v 0.862702 0.085267 -0.044205
v 0.862405 0.086903 -0.054650
v 0.824938 0.077832 -0.044205
v 0.862702 0.085267 -0.044205
v 0.862702 0.085267 -0.044205
v 0.824938 0.077832 -0.044205
v 0.862405 0.086903 -0.054650
v 0.862043 0.088899 -0.065031
v 0.824592 0.079458 -0.054650
v 0.862405 0.086903 -0.054650
v 0.862405 0.086903 -0.054650
v 0.824592 0.079458 -0.054650
v 0.862043 0.088899 -0.065031
v 0.783592 0.084912 -0.065031
v 0.824171 0.081442 -0.065031
v 0.862043 0.088899 -0.065031
v 0.862043 0.088899 -0.065031
v 0.824171 0.081442 -0.065031
v 0.783592 0.084912 -0.065031
v 0.783592 0.084912 -0.065031
v 0.745443 0.076654 -0.064925
v 0.745875 0.075091 -0.065031
v 0.745875 0.075091 -0.065031
v 0.745443 0.076654 -0.064925
v 0.783592 0.084912 -0.065031
v 0.707993 0.065686 -0.064925
v 0.745875 0.075091 -0.065031
v 0.745443 0.076654 -0.064925
v 0.745443 0.076654 -0.064925
v 0.745875 0.075091 -0.065031
v 0.707993 0.065686 -0.064925
v 0.670958 0.053617 -0.064925
v 0.661174 0.051652 -0.064608
v 0.661759 0.050170 -0.064925
v 0.661759 0.050170 -0.064925
v 0.661174 0.051652 -0.064608
v 0.670958 0.053617 -0.064925
v 0.673291 0.056053 -0.064608
v 0.707993 0.065686 -0.064925
v 0.707522 0.067209 -0.064608
v 0.707522 0.067209 -0.064608
v 0.707993 0.065686 -0.064925
v 0.673291 0.056053 -0.064608
v 0.654664 0.056143 -0.060171
v 0.651054 0.053386 -0.061393
v 0.655084 0.055158 -0.061393
v 0.655084 0.055158 -0.061393
v 0.651054 0.053386 -0.061393
v 0.654664 0.056143 -0.060171
v 0.651054 0.053386 -0.061393
v 0.655564 0.054035 -0.062464
v 0.655084 0.055158 -0.061393
v 0.655084 0.055158 -0.061393
v 0.655564 0.054035 -0.062464
v 0.651054 0.053386 -0.061393
v 0.651558 0.052273 -0.062464
v 0.656094 0.052792 -0.063367
v 0.655564 0.054035 -0.062464
v 0.655564 0.054035 -0.062464
v 0.656094 0.052792 -0.063367
v 0.651558 0.052273 -0.062464
v 0.744038 0.081734 -0.019573
v 0.706586 0.070233 -0.010809
v 0.706435 0.070721 -0.019573
v 0.706435 0.070721 -0.019573
v 0.706586 0.070233 -0.010809
v 0.744038 0.081734 -0.019573
v 0.744174 0.081241 -0.010809
v 0.706636 0.070071 -0.002033
v 0.706586 0.070233 -0.010809
v 0.706586 0.070233 -0.010809
v 0.706636 0.070071 -0.002033
v 0.744174 0.081241 -0.010809
v 0.743812 0.082553 -0.028310
v 0.706435 0.070721 -0.019573
v 0.706184 0.071534 -0.028310
v 0.706184 0.071534 -0.028310
v 0.706435 0.070721 -0.019573
v 0.743812 0.082553 -0.028310
v 0.744174 0.081241 0.006744
v 0.706636 0.070071 -0.002033
v 0.744220 0.081077 -0.002033
v 0.744220 0.081077 -0.002033
v 0.706636 0.070071 -0.002033
v 0.744174 0.081241 0.006744
v 0.781956 0.091607 0.015507
v 0.744174 0.081241 0.006744
v 0.782077 0.091111 0.006744
v 0.782077 0.091111 0.006744
v 0.744174 0.081241 0.006744
v 0.781956 0.091607 0.015507
v 0.819978 0.101164 0.024244
v 0.781956 0.091607 0.015507
v 0.820155 0.100332 0.015507
v 0.820155 0.100332 0.015507
v 0.781956 0.091607 0.015507
v 0.819978 0.101164 0.024244
v 0.858235 0.109908 0.032941
v 0.819978 0.101164 0.024244
v 0.858447 0.108738 0.024244
v 0.858447 0.108738 0.024244
v 0.819978 0.101164 0.024244
v 0.858235 0.109908 0.032941
v 0.896724 0.117832 0.041586
v 0.858235 0.109908 0.032941
v 0.896951 0.116324 0.032941
v 0.896951 0.116324 0.032941
v 0.858235 0.109908 0.032941
v 0.896724 0.117832 0.041586
v 0.935441 0.124931 0.050165
v 0.896724 0.117832 0.041586
v 0.935661 0.123084 0.041586
v 0.935661 0.123084 0.041586
v 0.896724 0.117832 0.041586
v 0.935441 0.124931 0.050165
v 0.935441 0.124931 0.050165
v 0.896495 0.119357 0.051759
v 0.896448 0.119671 0.050165
v 0.896448 0.119671 0.050165
v 0.896495 0.119357 0.051759
v 0.935441 0.124931 0.050165
v 0.896495 0.119357 0.051759
v 0.857781 0.112412 0.053297
v 0.857688 0.112926 0.051759
v 0.857688 0.112926 0.051759
v 0.857781 0.112412 0.053297
v 0.896495 0.119357 0.051759
v 0.857781 0.112412 0.053297
v 0.819351 0.104113 0.054755
v 0.819201 0.104816 0.053297
v 0.819201 0.104816 0.053297
v 0.819351 0.104113 0.054755
v 0.857781 0.112412 0.053297
v 0.819351 0.104113 0.054755
v 0.781253 0.094485 0.056106
v 0.781039 0.095362 0.054755
v 0.781039 0.095362 0.054755
v 0.781253 0.094485 0.056106
v 0.819351 0.104113 0.054755
v 0.743495 0.083699 -0.037007
v 0.706184 0.071534 -0.028310
v 0.705833 0.072669 -0.037007
v 0.705833 0.072669 -0.037007
v 0.706184 0.071534 -0.028310
v 0.743495 0.083699 -0.037007
v 0.743088 0.085169 -0.045652
v 0.705833 0.072669 -0.037007
v 0.705382 0.074126 -0.045652
v 0.705382 0.074126 -0.045652
v 0.705833 0.072669 -0.037007
v 0.743088 0.085169 -0.045652
v 0.742593 0.086961 -0.054231
v 0.705382 0.074126 -0.045652
v 0.704833 0.075902 -0.054231
v 0.704833 0.075902 -0.054231
v 0.705382 0.074126 -0.045652
v 0.742593 0.086961 -0.054231
v 0.704833 0.075902 -0.054231
v 0.670570 0.064403 -0.055824
v 0.704926 0.075600 -0.055824
v 0.704926 0.075600 -0.055824
v 0.670570 0.064403 -0.055824
v 0.704833 0.075902 -0.054231
v 0.667701 0.062918 -0.057363
v 0.658409 0.058669 -0.058820
v 0.667939 0.062240 -0.058820
v 0.667939 0.062240 -0.058820
v 0.658409 0.058669 -0.058820
v 0.667701 0.062918 -0.057363
v 0.658409 0.058669 -0.058820
v 0.654664 0.056143 -0.060171
v 0.658740 0.057830 -0.060171
v 0.658740 0.057830 -0.060171
v 0.654664 0.056143 -0.060171
v 0.658409 0.058669 -0.058820
v 1.053885 0.106873 0.050585
v 1.092798 0.109423 0.060966
v 1.092825 0.107396 0.050585
v 1.092825 0.107396 0.050585
v 1.092798 0.109423 0.060966
v 1.053885 0.106873 0.050585
v 1.015480 0.103533 0.040139
v 1.053885 0.106873 0.050585
v 1.053932 0.105211 0.040139
v 1.053932 0.105211 0.040139
v 1.053885 0.106873 0.050585
v 1.015480 0.103533 0.040139
v 0.977211 0.099407 0.029642
v 1.015480 0.103533 0.040139
v 1.015556 0.102240 0.029642
v 1.015556 0.102240 0.029642
v 1.015480 0.103533 0.040139
v 0.977211 0.099407 0.029642
v 0.939079 0.094499 0.019105
v 0.977211 0.099407 0.029642
v 0.977293 0.098484 0.019105
v 0.977293 0.098484 0.019105
v 0.977211 0.099407 0.029642
v 0.939079 0.094499 0.019105
v 0.901085 0.088813 0.008543
v 0.939079 0.094499 0.019105
v 0.939145 0.093947 0.008543
v 0.939145 0.093947 0.008543
v 0.939079 0.094499 0.019105
v 0.901085 0.088813 0.008543
v 1.092609 0.123463 0.060859
v 1.092798 0.109423 0.060966
v 1.092631 0.121842 0.060966
v 1.092631 0.121842 0.060966
v 1.092798 0.109423 0.060966
v 1.092609 0.123463 0.060859
v 0.863230 0.082351 -0.002033
v 0.901085 0.088813 0.008543
v 0.901113 0.088629 -0.002033
v 0.901113 0.088629 -0.002033
v 0.901085 0.088813 0.008543
v 0.863230 0.082351 -0.002033
v 0.820015 0.100987 0.058399
v 0.858720 0.107231 0.059301
v 0.820296 0.099666 0.059301
v 0.820296 0.099666 0.059301
v 0.858720 0.107231 0.059301
v 0.820015 0.100987 0.058399
v 0.858720 0.107231 0.059301
v 0.897572 0.112193 0.060020
v 0.858980 0.105798 0.060020
v 0.858980 0.105798 0.060020
v 0.897572 0.112193 0.060020
v 0.858720 0.107231 0.059301
v 0.897572 0.112193 0.060020
v 0.936521 0.115895 0.060542
v 0.897800 0.110672 0.060542
v 0.897800 0.110672 0.060542
v 0.936521 0.115895 0.060542
v 0.897572 0.112193 0.060020
v 0.936521 0.115895 0.060542
v 0.975523 0.118361 0.060859
v 0.936710 0.114313 0.060859
v 0.936710 0.114313 0.060859
v 0.975523 0.118361 0.060859
v 0.936521 0.115895 0.060542
v 0.975523 0.118361 0.060859
v 1.014535 0.119618 0.060966
v 0.975667 0.116746 0.060966
v 0.975667 0.116746 0.060966
v 1.014535 0.119618 0.060966
v 0.975523 0.118361 0.060859
v 1.092631 0.121842 0.060966
v 0.975667 0.116746 0.060966
v 1.014535 0.119618 0.060966
v 1.014535 0.119618 0.060966
v 0.975667 0.116746 0.060966
v 1.092631 0.121842 0.060966
v 0.863230 0.082351 -0.002033
v 0.901085 0.088813 -0.012608
v 0.863197 0.082533 -0.012608
v 0.863197 0.082533 -0.012608
v 0.901085 0.088813 -0.012608
v 0.863230 0.082351 -0.002033
v 0.781507 0.093444 0.057327
v 0.820015 0.100987 0.058399
v 0.781797 0.092258 0.058399
v 0.781797 0.092258 0.058399
v 0.820015 0.100987 0.058399
v 0.781507 0.093444 0.057327
v 0.863197 0.082533 -0.012608
v 0.901002 0.089363 -0.023171
v 0.863098 0.083081 -0.023171
v 0.863098 0.083081 -0.023171
v 0.901002 0.089363 -0.023171
v 0.863197 0.082533 -0.012608
v 0.743534 0.083557 0.057327
v 0.781253 0.094485 0.056106
v 0.781507 0.093444 0.057327
v 0.781507 0.093444 0.057327
v 0.781253 0.094485 0.056106
v 0.743534 0.083557 0.057327
v 0.863098 0.083081 -0.023171
v 0.900865 0.090279 -0.033707
v 0.862933 0.083992 -0.033707
v 0.862933 0.083992 -0.033707
v 0.900865 0.090279 -0.033707
v 0.863098 0.083081 -0.023171
v 0.862933 0.083992 -0.033707
v 0.900672 0.091560 -0.044205
v 0.862702 0.085267 -0.044205
v 0.862702 0.085267 -0.044205
v 0.900672 0.091560 -0.044205
v 0.862933 0.083992 -0.033707
v 0.862702 0.085267 -0.044205
v 0.900425 0.093204 -0.054650
v 0.862405 0.086903 -0.054650
v 0.862405 0.086903 -0.054650
v 0.900425 0.093204 -0.054650
v 0.862702 0.085267 -0.044205
v 0.862405 0.086903 -0.054650
v 0.900124 0.095210 -0.065031
v 0.862043 0.088899 -0.065031
v 0.862043 0.088899 -0.065031
v 0.900124 0.095210 -0.065031
v 0.862405 0.086903 -0.054650
v 0.783592 0.084912 -0.065031
v 0.862043 0.088899 -0.065031
v 0.821588 0.093591 -0.065031
v 0.821588 0.093591 -0.065031
v 0.862043 0.088899 -0.065031
v 0.783592 0.084912 -0.065031
v 0.745443 0.076654 -0.064925
v 0.783592 0.084912 -0.065031
v 0.783207 0.086487 -0.064925
v 0.783207 0.086487 -0.064925
v 0.783592 0.084912 -0.065031
v 0.745443 0.076654 -0.064925
v 0.745443 0.076654 -0.064925
v 0.707522 0.067209 -0.064608
v 0.707993 0.065686 -0.064925
v 0.707993 0.065686 -0.064925
v 0.707522 0.067209 -0.064608
v 0.745443 0.076654 -0.064925
v 0.661174 0.051652 -0.064608
v 0.670958 0.053617 -0.064925
v 0.670431 0.055121 -0.064608
v 0.670431 0.055121 -0.064608
v 0.670958 0.053617 -0.064925
v 0.661174 0.051652 -0.064608
v 0.707522 0.067209 -0.064608
v 0.672815 0.057516 -0.064086
v 0.673291 0.056053 -0.064608
v 0.673291 0.056053 -0.064608
v 0.672815 0.057516 -0.064086
v 0.707522 0.067209 -0.064608
v 0.655084 0.055158 -0.061393
v 0.658740 0.057830 -0.060171
v 0.654664 0.056143 -0.060171
v 0.654664 0.056143 -0.060171
v 0.658740 0.057830 -0.060171
v 0.655084 0.055158 -0.061393
v 0.659581 0.055696 -0.062464
v 0.655084 0.055158 -0.061393
v 0.655564 0.054035 -0.062464
v 0.655564 0.054035 -0.062464
v 0.655084 0.055158 -0.061393
v 0.659581 0.055696 -0.062464
v 0.706586 0.070233 -0.010809
v 0.744038 0.081734 -0.019573
v 0.744174 0.081241 -0.010809
v 0.744174 0.081241 -0.010809
v 0.744038 0.081734 -0.019573
v 0.706586 0.070233 -0.010809
v 0.706435 0.070721 -0.019573
v 0.743812 0.082553 -0.028310
v 0.744038 0.081734 -0.019573
v 0.744038 0.081734 -0.019573
v 0.743812 0.082553 -0.028310
v 0.706435 0.070721 -0.019573
v 0.706636 0.070071 -0.002033
v 0.744174 0.081241 -0.010809
v 0.744220 0.081077 -0.002033
v 0.744220 0.081077 -0.002033
v 0.744174 0.081241 -0.010809
v 0.706636 0.070071 -0.002033
v 0.706184 0.071534 -0.028310
v 0.743495 0.083699 -0.037007
v 0.743812 0.082553 -0.028310
v 0.743812 0.082553 -0.028310
v 0.743495 0.083699 -0.037007
v 0.706184 0.071534 -0.028310
v 0.744220 0.081077 -0.002033
v 0.782077 0.091111 0.006744
v 0.744174 0.081241 0.006744
v 0.744174 0.081241 0.006744
v 0.782077 0.091111 0.006744
v 0.744220 0.081077 -0.002033
v 0.782077 0.091111 0.006744
v 0.820155 0.100332 0.015507
v 0.781956 0.091607 0.015507
v 0.781956 0.091607 0.015507
v 0.820155 0.100332 0.015507
v 0.782077 0.091111 0.006744
v 0.820155 0.100332 0.015507
v 0.858447 0.108738 0.024244
v 0.819978 0.101164 0.024244
v 0.819978 0.101164 0.024244
v 0.858447 0.108738 0.024244
v 0.820155 0.100332 0.015507
v 0.858447 0.108738 0.024244
v 0.896951 0.116324 0.032941
v 0.858235 0.109908 0.032941
v 0.858235 0.109908 0.032941
v 0.896951 0.116324 0.032941
v 0.858447 0.108738 0.024244
v 0.896951 0.116324 0.032941
v 0.935661 0.123084 0.041586
v 0.896724 0.117832 0.041586
v 0.896724 0.117832 0.041586
v 0.935661 0.123084 0.041586
v 0.896951 0.116324 0.032941
v 0.935661 0.123084 0.041586
v 0.974574 0.129012 0.050165
v 0.935441 0.124931 0.050165
v 0.935441 0.124931 0.050165
v 0.974574 0.129012 0.050165
v 0.935661 0.123084 0.041586
v 0.896495 0.119357 0.051759
v 0.935441 0.124931 0.050165
v 0.935478 0.124616 0.051759
v 0.935478 0.124616 0.051759
v 0.935441 0.124931 0.050165
v 0.896495 0.119357 0.051759
v 0.857781 0.112412 0.053297
v 0.896495 0.119357 0.051759
v 0.896573 0.118841 0.053297
v 0.896573 0.118841 0.053297
v 0.896495 0.119357 0.051759
v 0.857781 0.112412 0.053297
v 0.819351 0.104113 0.054755
v 0.857781 0.112412 0.053297
v 0.857909 0.111705 0.054755
v 0.857909 0.111705 0.054755
v 0.857781 0.112412 0.053297
v 0.819351 0.104113 0.054755
v 0.781253 0.094485 0.056106
v 0.819351 0.104113 0.054755
v 0.819538 0.103230 0.056106
v 0.819538 0.103230 0.056106
v 0.819351 0.104113 0.054755
v 0.781253 0.094485 0.056106
v 0.705833 0.072669 -0.037007
v 0.743088 0.085169 -0.045652
v 0.743495 0.083699 -0.037007
v 0.743495 0.083699 -0.037007
v 0.743088 0.085169 -0.045652
v 0.705833 0.072669 -0.037007
v 0.705382 0.074126 -0.045652
v 0.742593 0.086961 -0.054231
v 0.743088 0.085169 -0.045652
v 0.743088 0.085169 -0.045652
v 0.742593 0.086961 -0.054231
v 0.705382 0.074126 -0.045652
v 0.704926 0.075600 -0.055824
v 0.742593 0.086961 -0.054231
v 0.704833 0.075902 -0.054231
v 0.704833 0.075902 -0.054231
v 0.742593 0.086961 -0.054231
v 0.704926 0.075600 -0.055824
v 0.670732 0.063906 -0.057363
v 0.704926 0.075600 -0.055824
v 0.670570 0.064403 -0.055824
v 0.670570 0.064403 -0.055824
v 0.704926 0.075600 -0.055824
v 0.670732 0.063906 -0.057363
v 0.658740 0.057830 -0.060171
v 0.667939 0.062240 -0.058820
v 0.658409 0.058669 -0.058820
v 0.658409 0.058669 -0.058820
v 0.667939 0.062240 -0.058820
v 0.658740 0.057830 -0.060171
v 1.092798 0.109423 0.060966
v 1.092609 0.123463 0.060859
v 1.092825 0.107396 0.050585
v 1.092825 0.107396 0.050585
v 1.092609 0.123463 0.060859
v 1.092798 0.109423 0.060966
v 1.092825 0.107396 0.050585
v 1.053932 0.105211 0.040139
v 1.053885 0.106873 0.050585
v 1.053885 0.106873 0.050585
v 1.053932 0.105211 0.040139
v 1.092825 0.107396 0.050585
v 1.053932 0.105211 0.040139
v 1.015556 0.102240 0.029642
v 1.015480 0.103533 0.040139
v 1.015480 0.103533 0.040139
v 1.015556 0.102240 0.029642
v 1.053932 0.105211 0.040139
v 1.015556 0.102240 0.029642
v 0.977293 0.098484 0.019105
v 0.977211 0.099407 0.029642
v 0.977211 0.099407 0.029642
v 0.977293 0.098484 0.019105
v 1.015556 0.102240 0.029642
v 0.977293 0.098484 0.019105
v 0.939145 0.093947 0.008543
v 0.939079 0.094499 0.019105
v 0.939079 0.094499 0.019105
v 0.939145 0.093947 0.008543
v 0.977293 0.098484 0.019105
v 0.939145 0.093947 0.008543
v 0.901113 0.088629 -0.002033
v 0.901085 0.088813 0.008543
v 0.901085 0.088813 0.008543
v 0.901113 0.088629 -0.002033
v 0.939145 0.093947 0.008543
v 1.092631 0.121842 0.060966
v 1.053426 0.122937 0.060859
v 1.092609 0.123463 0.060859
v 1.092609 0.123463 0.060859
v 1.053426 0.122937 0.060859
v 1.092631 0.121842 0.060966
v 0.901085 0.088813 -0.012608
v 0.863230 0.082351 -0.002033
v 0.901113 0.088629 -0.002033
v 0.901113 0.088629 -0.002033
v 0.863230 0.082351 -0.002033
v 0.901085 0.088813 -0.012608
v 0.858720 0.107231 0.059301
v 0.820015 0.100987 0.058399
v 0.858479 0.108561 0.058399
v 0.858479 0.108561 0.058399
v 0.820015 0.100987 0.058399
v 0.858720 0.107231 0.059301
v 0.897572 0.112193 0.060020
v 0.858720 0.107231 0.059301
v 0.897355 0.113634 0.059301
v 0.897355 0.113634 0.059301
v 0.858720 0.107231 0.059301
v 0.897572 0.112193 0.060020
v 0.936521 0.115895 0.060542
v 0.897572 0.112193 0.060020
v 0.936338 0.117423 0.060020
v 0.936338 0.117423 0.060020
v 0.897572 0.112193 0.060020
v 0.936521 0.115895 0.060542
v 0.975523 0.118361 0.060859
v 0.936521 0.115895 0.060542
v 0.975382 0.119948 0.060542
v 0.975382 0.119948 0.060542
v 0.936521 0.115895 0.060542
v 0.975523 0.118361 0.060859
v 1.014535 0.119618 0.060966
v 0.975523 0.118361 0.060859
v 1.014440 0.121236 0.060859
v 1.014440 0.121236 0.060859
v 0.975523 0.118361 0.060859
v 1.014535 0.119618 0.060966
v 1.092631 0.121842 0.060966
v 1.014535 0.119618 0.060966
v 1.053473 0.121316 0.060966
v 1.053473 0.121316 0.060966
v 1.014535 0.119618 0.060966
v 1.092631 0.121842 0.060966
v 0.901002 0.089363 -0.023171
v 0.863197 0.082533 -0.012608
v 0.901085 0.088813 -0.012608
v 0.901085 0.088813 -0.012608
v 0.863197 0.082533 -0.012608
v 0.901002 0.089363 -0.023171
v 0.820015 0.100987 0.058399
v 0.781507 0.093444 0.057327
v 0.819761 0.102182 0.057327
v 0.819761 0.102182 0.057327
v 0.781507 0.093444 0.057327
v 0.820015 0.100987 0.058399
v 0.900865 0.090279 -0.033707
v 0.863098 0.083081 -0.023171
v 0.901002 0.089363 -0.023171
v 0.901002 0.089363 -0.023171
v 0.863098 0.083081 -0.023171
v 0.900865 0.090279 -0.033707
v 0.819538 0.103230 0.056106
v 0.781507 0.093444 0.057327
v 0.781253 0.094485 0.056106
v 0.781253 0.094485 0.056106
v 0.781507 0.093444 0.057327
v 0.819538 0.103230 0.056106
v 0.900672 0.091560 -0.044205
v 0.862933 0.083992 -0.033707
v 0.900865 0.090279 -0.033707
v 0.900865 0.090279 -0.033707
v 0.862933 0.083992 -0.033707
v 0.900672 0.091560 -0.044205
v 0.900425 0.093204 -0.054650
v 0.862702 0.085267 -0.044205
v 0.900672 0.091560 -0.044205
v 0.900672 0.091560 -0.044205
v 0.862702 0.085267 -0.044205
v 0.900425 0.093204 -0.054650
v 0.900124 0.095210 -0.065031
v 0.862405 0.086903 -0.054650
v 0.900425 0.093204 -0.054650
v 0.900425 0.093204 -0.054650
v 0.862405 0.086903 -0.054650
v 0.900124 0.095210 -0.065031
v 0.821588 0.093591 -0.065031
v 0.862043 0.088899 -0.065031
v 0.900124 0.095210 -0.065031
v 0.900124 0.095210 -0.065031
v 0.862043 0.088899 -0.065031
v 0.821588 0.093591 -0.065031
v 0.821588 0.093591 -0.065031
v 0.783207 0.086487 -0.064925
v 0.783592 0.084912 -0.065031
v 0.783592 0.084912 -0.065031
v 0.783207 0.086487 -0.064925
v 0.821588 0.093591 -0.065031
v 0.783207 0.086487 -0.064925
v 0.745018 0.078190 -0.064608
v 0.745443 0.076654 -0.064925
v 0.745443 0.076654 -0.064925
v 0.745018 0.078190 -0.064608
v 0.783207 0.086487 -0.064925
v 0.707522 0.067209 -0.064608
v 0.745443 0.076654 -0.064925
v 0.745018 0.078190 -0.064608
v 0.745018 0.078190 -0.064608
v 0.745443 0.076654 -0.064925
v 0.707522 0.067209 -0.064608
v 0.670431 0.055121 -0.064608
v 0.660610 0.053084 -0.064086
v 0.661174 0.051652 -0.064608
v 0.661174 0.051652 -0.064608
v 0.660610 0.053084 -0.064086
v 0.670431 0.055121 -0.064608
v 0.672815 0.057516 -0.064086
v 0.707522 0.067209 -0.064608
v 0.707067 0.068679 -0.064086
v 0.707067 0.068679 -0.064086
v 0.707522 0.067209 -0.064608
v 0.672815 0.057516 -0.064086
v 0.658740 0.057830 -0.060171
v 0.655084 0.055158 -0.061393
v 0.659133 0.056833 -0.061393
v 0.659133 0.056833 -0.061393
v 0.655084 0.055158 -0.061393
v 0.658740 0.057830 -0.060171
v 0.655084 0.055158 -0.061393
v 0.659581 0.055696 -0.062464
v 0.659133 0.056833 -0.061393
v 0.659133 0.056833 -0.061393
v 0.659581 0.055696 -0.062464
v 0.655084 0.055158 -0.061393
v 0.781956 0.091607 -0.019573
v 0.744174 0.081241 -0.010809
v 0.744038 0.081734 -0.019573
v 0.744038 0.081734 -0.019573
v 0.744174 0.081241 -0.010809
v 0.781956 0.091607 -0.019573
v 0.781754 0.092433 -0.028310
v 0.744038 0.081734 -0.019573
v 0.743812 0.082553 -0.028310
v 0.743812 0.082553 -0.028310
v 0.744038 0.081734 -0.019573
v 0.781754 0.092433 -0.028310
v 0.782077 0.091111 -0.010809
v 0.744220 0.081077 -0.002033
v 0.744174 0.081241 -0.010809
v 0.744174 0.081241 -0.010809
v 0.744220 0.081077 -0.002033
v 0.782077 0.091111 -0.010809
v 0.781472 0.093587 -0.037007
v 0.743812 0.082553 -0.028310
v 0.743495 0.083699 -0.037007
v 0.743495 0.083699 -0.037007
v 0.743812 0.082553 -0.028310
v 0.781472 0.093587 -0.037007
v 0.782077 0.091111 0.006744
v 0.744220 0.081077 -0.002033
v 0.782118 0.090945 -0.002033
v 0.782118 0.090945 -0.002033
v 0.744220 0.081077 -0.002033
v 0.782077 0.091111 0.006744
v 0.820155 0.100332 0.015507
v 0.782077 0.091111 0.006744
v 0.820261 0.099833 0.006744
v 0.820261 0.099833 0.006744
v 0.782077 0.091111 0.006744
v 0.820155 0.100332 0.015507
v 0.858447 0.108738 0.024244
v 0.820155 0.100332 0.015507
v 0.858599 0.107901 0.015507
v 0.858599 0.107901 0.015507
v 0.820155 0.100332 0.015507
v 0.858447 0.108738 0.024244
v 0.896951 0.116324 0.032941
v 0.858447 0.108738 0.024244
v 0.897127 0.115149 0.024244
v 0.897127 0.115149 0.024244
v 0.858447 0.108738 0.024244
v 0.896951 0.116324 0.032941
v 0.935661 0.123084 0.041586
v 0.896951 0.116324 0.032941
v 0.935842 0.121570 0.032941
v 0.935842 0.121570 0.032941
v 0.896951 0.116324 0.032941
v 0.935661 0.123084 0.041586
v 0.974574 0.129012 0.050165
v 0.935661 0.123084 0.041586
v 0.974739 0.127160 0.041586
v 0.974739 0.127160 0.041586
v 0.935661 0.123084 0.041586
v 0.974574 0.129012 0.050165
v 0.974574 0.129012 0.050165
v 0.935478 0.124616 0.051759
v 0.935441 0.124931 0.050165
v 0.935441 0.124931 0.050165
v 0.935478 0.124616 0.051759
v 0.974574 0.129012 0.050165
v 0.935478 0.124616 0.051759
v 0.896573 0.118841 0.053297
v 0.896495 0.119357 0.051759
v 0.896495 0.119357 0.051759
v 0.896573 0.118841 0.053297
v 0.935478 0.124616 0.051759
v 0.896573 0.118841 0.053297
v 0.857909 0.111705 0.054755
v 0.857781 0.112412 0.053297
v 0.857781 0.112412 0.053297
v 0.857909 0.111705 0.054755
v 0.896573 0.118841 0.053297
v 0.857909 0.111705 0.054755
v 0.819538 0.103230 0.056106
v 0.819351 0.104113 0.054755
v 0.819351 0.104113 0.054755
v 0.819538 0.103230 0.056106
v 0.857909 0.111705 0.054755
v 0.781110 0.095069 -0.045652
v 0.743495 0.083699 -0.037007
v 0.743088 0.085169 -0.045652
v 0.743088 0.085169 -0.045652
v 0.743495 0.083699 -0.037007
v 0.781110 0.095069 -0.045652
v 0.780669 0.096875 -0.054231
v 0.743088 0.085169 -0.045652
v 0.742593 0.086961 -0.054231
v 0.742593 0.086961 -0.054231
v 0.743088 0.085169 -0.045652
v 0.780669 0.096875 -0.054231
v 0.742593 0.086961 -0.054231
v 0.704926 0.075600 -0.055824
v 0.742677 0.086655 -0.055824
v 0.742677 0.086655 -0.055824
v 0.704926 0.075600 -0.055824
v 0.742593 0.086961 -0.054231
v 0.704926 0.075600 -0.055824
v 0.670732 0.063906 -0.057363
v 0.705081 0.075101 -0.057363
v 0.705081 0.075101 -0.057363
v 0.670732 0.063906 -0.057363
v 0.704926 0.075600 -0.055824
v 0.667939 0.062240 -0.058820
v 0.658740 0.057830 -0.060171
v 0.668237 0.061388 -0.060171
v 0.668237 0.061388 -0.060171
v 0.658740 0.057830 -0.060171
v 0.667939 0.062240 -0.058820
v 1.092825 0.107396 0.050585
v 1.092609 0.123463 0.060859
v 1.092588 0.125056 0.060542
v 1.092588 0.125056 0.060542
v 1.092609 0.123463 0.060859
v 1.092825 0.107396 0.050585
v 1.053932 0.105211 0.040139
v 1.092825 0.107396 0.050585
v 1.092847 0.105733 0.040139
v 1.092847 0.105733 0.040139
v 1.092825 0.107396 0.050585
v 1.053932 0.105211 0.040139
v 1.015556 0.102240 0.029642
v 1.053932 0.105211 0.040139
v 1.053969 0.103916 0.029642
v 1.053969 0.103916 0.029642
v 1.053932 0.105211 0.040139
v 1.015556 0.102240 0.029642
v 0.977293 0.098484 0.019105
v 1.015556 0.102240 0.029642
v 1.015610 0.101315 0.019105
v 1.015610 0.101315 0.019105
v 1.015556 0.102240 0.029642
v 0.977293 0.098484 0.019105
v 0.939145 0.093947 0.008543
v 0.977293 0.098484 0.019105
v 0.977343 0.097930 0.008543
v 0.977343 0.097930 0.008543
v 0.977293 0.098484 0.019105
v 0.939145 0.093947 0.008543
v 0.901113 0.088629 -0.002033
v 0.939145 0.093947 0.008543
v 0.939167 0.093762 -0.002033
v 0.939167 0.093762 -0.002033
v 0.939145 0.093947 0.008543
v 0.901113 0.088629 -0.002033
v 1.053426 0.122937 0.060859
v 1.092631 0.121842 0.060966
v 1.053473 0.121316 0.060966
v 1.053473 0.121316 0.060966
v 1.092631 0.121842 0.060966
v 1.053426 0.122937 0.060859
v 1.053381 0.124529 0.060542
v 1.092609 0.123463 0.060859
v 1.053426 0.122937 0.060859
v 1.053426 0.122937 0.060859
v 1.092609 0.123463 0.060859
v 1.053381 0.124529 0.060542
v 0.901113 0.088629 -0.002033
v 0.939145 0.093947 -0.012608
v 0.901085 0.088813 -0.012608
v 0.901085 0.088813 -0.012608
v 0.939145 0.093947 -0.012608
v 0.901113 0.088629 -0.002033
v 0.819761 0.102182 0.057327
v 0.858479 0.108561 0.058399
v 0.820015 0.100987 0.058399
v 0.820015 0.100987 0.058399
v 0.858479 0.108561 0.058399
v 0.819761 0.102182 0.057327
v 0.858479 0.108561 0.058399
v 0.897355 0.113634 0.059301
v 0.858720 0.107231 0.059301
v 0.858720 0.107231 0.059301
v 0.897355 0.113634 0.059301
v 0.858479 0.108561 0.058399
v 0.897355 0.113634 0.059301
v 0.936338 0.117423 0.060020
v 0.897572 0.112193 0.060020
v 0.897572 0.112193 0.060020
v 0.936338 0.117423 0.060020
v 0.897355 0.113634 0.059301
v 0.936338 0.117423 0.060020
v 0.975382 0.119948 0.060542
v 0.936521 0.115895 0.060542
v 0.936521 0.115895 0.060542
v 0.975382 0.119948 0.060542
v 0.936338 0.117423 0.060020
v 0.975382 0.119948 0.060542
v 1.014440 0.121236 0.060859
v 0.975523 0.118361 0.060859
v 0.975523 0.118361 0.060859
v 1.014440 0.121236 0.060859
v 0.975382 0.119948 0.060542
v 1.014440 0.121236 0.060859
v 1.053473 0.121316 0.060966
v 1.014535 0.119618 0.060966
v 1.014535 0.119618 0.060966
v 1.053473 0.121316 0.060966
v 1.014440 0.121236 0.060859
v 0.901085 0.088813 -0.012608
v 0.939079 0.094499 -0.023171
v 0.901002 0.089363 -0.023171
v 0.901002 0.089363 -0.023171
v 0.939079 0.094499 -0.023171
v 0.901085 0.088813 -0.012608
v 0.781507 0.093444 0.057327
v 0.819538 0.103230 0.056106
v 0.819761 0.102182 0.057327
v 0.819761 0.102182 0.057327
v 0.819538 0.103230 0.056106
v 0.781507 0.093444 0.057327
v 0.901002 0.089363 -0.023171
v 0.938969 0.095419 -0.033707
v 0.900865 0.090279 -0.033707
v 0.900865 0.090279 -0.033707
v 0.938969 0.095419 -0.033707
v 0.901002 0.089363 -0.023171
v 0.900865 0.090279 -0.033707
v 0.938815 0.096705 -0.044205
v 0.900672 0.091560 -0.044205
v 0.900672 0.091560 -0.044205
v 0.938815 0.096705 -0.044205
v 0.900865 0.090279 -0.033707
v 0.900672 0.091560 -0.044205
v 0.938618 0.098356 -0.054650
v 0.900425 0.093204 -0.054650
v 0.900425 0.093204 -0.054650
v 0.938618 0.098356 -0.054650
v 0.900672 0.091560 -0.044205
v 0.900425 0.093204 -0.054650
v 0.938377 0.100370 -0.065031
v 0.900124 0.095210 -0.065031
v 0.900124 0.095210 -0.065031
v 0.938377 0.100370 -0.065031
v 0.900425 0.093204 -0.054650
v 0.821588 0.093591 -0.065031
v 0.900124 0.095210 -0.065031
v 0.859828 0.101120 -0.065031
v 0.859828 0.101120 -0.065031
v 0.900124 0.095210 -0.065031
v 0.821588 0.093591 -0.065031
v 0.783207 0.086487 -0.064925
v 0.821588 0.093591 -0.065031
v 0.821250 0.095177 -0.064925
v 0.821250 0.095177 -0.064925
v 0.821588 0.093591 -0.065031
v 0.783207 0.086487 -0.064925
v 0.745018 0.078190 -0.064608
v 0.783207 0.086487 -0.064925
v 0.782829 0.088035 -0.064608
v 0.782829 0.088035 -0.064608
v 0.783207 0.086487 -0.064925
v 0.745018 0.078190 -0.064608
v 0.745018 0.078190 -0.064608
v 0.707067 0.068679 -0.064086
v 0.707522 0.067209 -0.064608
v 0.707522 0.067209 -0.064608
v 0.707067 0.068679 -0.064086
v 0.745018 0.078190 -0.064608
v 0.660610 0.053084 -0.064086
v 0.670431 0.055121 -0.064608
v 0.669923 0.056573 -0.064086
v 0.669923 0.056573 -0.064086
v 0.670431 0.055121 -0.064608
v 0.660610 0.053084 -0.064086
v 0.707067 0.068679 -0.064086
v 0.672363 0.058901 -0.063367
v 0.672815 0.057516 -0.064086
v 0.672815 0.057516 -0.064086
v 0.672363 0.058901 -0.063367
v 0.707067 0.068679 -0.064086
v 0.659133 0.056833 -0.061393
v 0.668237 0.061388 -0.060171
v 0.658740 0.057830 -0.060171
v 0.658740 0.057830 -0.060171
v 0.668237 0.061388 -0.060171
v 0.659133 0.056833 -0.061393
v 0.668995 0.059224 -0.062464
v 0.659133 0.056833 -0.061393
v 0.659581 0.055696 -0.062464
v 0.659581 0.055696 -0.062464
v 0.659133 0.056833 -0.061393
v 0.668995 0.059224 -0.062464
v 0.744174 0.081241 -0.010809
v 0.781956 0.091607 -0.019573
v 0.782077 0.091111 -0.010809
v 0.782077 0.091111 -0.010809
v 0.781956 0.091607 -0.019573
v 0.744174 0.081241 -0.010809
v 0.744038 0.081734 -0.019573
v 0.781754 0.092433 -0.028310
v 0.781956 0.091607 -0.019573
v 0.781956 0.091607 -0.019573
v 0.781754 0.092433 -0.028310
v 0.744038 0.081734 -0.019573
v 0.743812 0.082553 -0.028310
v 0.781472 0.093587 -0.037007
v 0.781754 0.092433 -0.028310
v 0.781754 0.092433 -0.028310
v 0.781472 0.093587 -0.037007
v 0.743812 0.082553 -0.028310
v 0.744220 0.081077 -0.002033
v 0.782077 0.091111 -0.010809
v 0.782118 0.090945 -0.002033
v 0.782118 0.090945 -0.002033
v 0.782077 0.091111 -0.010809
v 0.744220 0.081077 -0.002033
v 0.743495 0.083699 -0.037007
v 0.781110 0.095069 -0.045652
v 0.781472 0.093587 -0.037007
v 0.781472 0.093587 -0.037007
v 0.781110 0.095069 -0.045652
v 0.743495 0.083699 -0.037007
v 0.782118 0.090945 -0.002033
v 0.820261 0.099833 0.006744
v 0.782077 0.091111 0.006744
v 0.782077 0.091111 0.006744
v 0.820261 0.099833 0.006744
v 0.782118 0.090945 -0.002033
v 0.820261 0.099833 0.006744
v 0.858599 0.107901 0.015507
v 0.820155 0.100332 0.015507
v 0.820155 0.100332 0.015507
v 0.858599 0.107901 0.015507
v 0.820261 0.099833 0.006744
v 0.858599 0.107901 0.015507
v 0.897127 0.115149 0.024244
v 0.858447 0.108738 0.024244
v 0.858447 0.108738 0.024244
v 0.897127 0.115149 0.024244
v 0.858599 0.107901 0.015507
v 0.897127 0.115149 0.024244
v 0.935842 0.121570 0.032941
v 0.896951 0.116324 0.032941
v 0.896951 0.116324 0.032941
v 0.935842 0.121570 0.032941
v 0.897127 0.115149 0.024244
v 0.935842 0.121570 0.032941
v 0.974739 0.127160 0.041586
v 0.935661 0.123084 0.041586
v 0.935661 0.123084 0.041586
v 0.974739 0.127160 0.041586
v 0.935842 0.121570 0.032941
v 0.974739 0.127160 0.041586
v 1.013813 0.131911 0.050165
v 0.974574 0.129012 0.050165
v 0.974574 0.129012 0.050165
v 1.013813 0.131911 0.050165
v 0.974739 0.127160 0.041586
v 0.935478 0.124616 0.051759
v 0.974574 0.129012 0.050165
v 0.974602 0.128696 0.051759
v 0.974602 0.128696 0.051759
v 0.974574 0.129012 0.050165
v 0.935478 0.124616 0.051759
v 0.896573 0.118841 0.053297
v 0.935478 0.124616 0.051759
v 0.935540 0.124097 0.053297
v 0.935540 0.124097 0.053297
v 0.935478 0.124616 0.051759
v 0.896573 0.118841 0.053297
v 0.857909 0.111705 0.054755
v 0.896573 0.118841 0.053297
v 0.896679 0.118130 0.054755
v 0.896679 0.118130 0.054755
v 0.896573 0.118841 0.053297
v 0.857909 0.111705 0.054755
v 0.819538 0.103230 0.056106
v 0.857909 0.111705 0.054755
v 0.858070 0.110817 0.056106
v 0.858070 0.110817 0.056106
v 0.857909 0.111705 0.054755
v 0.819538 0.103230 0.056106
v 0.743088 0.085169 -0.045652
v 0.780669 0.096875 -0.054231
v 0.781110 0.095069 -0.045652
v 0.781110 0.095069 -0.045652
v 0.780669 0.096875 -0.054231
v 0.743088 0.085169 -0.045652
v 0.742677 0.086655 -0.055824
v 0.780669 0.096875 -0.054231
v 0.742593 0.086961 -0.054231
v 0.742593 0.086961 -0.054231
v 0.780669 0.096875 -0.054231
v 0.742677 0.086655 -0.055824
v 0.705081 0.075101 -0.057363
v 0.742677 0.086655 -0.055824
v 0.704926 0.075600 -0.055824
v 0.704926 0.075600 -0.055824
v 0.742677 0.086655 -0.055824
v 0.705081 0.075101 -0.057363
v 0.670955 0.063223 -0.058820
v 0.705081 0.075101 -0.057363
v 0.670732 0.063906 -0.057363
v 0.670732 0.063906 -0.057363
v 0.705081 0.075101 -0.057363
v 0.670955 0.063223 -0.058820
v 1.092609 0.123463 0.060859
v 1.053381 0.124529 0.060542
v 1.092588 0.125056 0.060542
v 1.092588 0.125056 0.060542
v 1.053381 0.124529 0.060542
v 1.092609 0.123463 0.060859
v 1.092825 0.107396 0.050585
v 1.092588 0.125056 0.060542
v 1.092567 0.126594 0.060020
v 1.092567 0.126594 0.060020
v 1.092588 0.125056 0.060542
v 1.092825 0.107396 0.050585
v 1.092825 0.107396 0.050585
v 1.092465 0.134154 0.050165
v 1.092847 0.105733 0.040139
v 1.092847 0.105733 0.040139
v 1.092465 0.134154 0.050165
v 1.092825 0.107396 0.050585
v 1.092847 0.105733 0.040139
v 1.053969 0.103916 0.029642
v 1.053932 0.105211 0.040139
v 1.053932 0.105211 0.040139
v 1.053969 0.103916 0.029642
v 1.092847 0.105733 0.040139
v 1.053969 0.103916 0.029642
v 1.015610 0.101315 0.019105
v 1.015556 0.102240 0.029642
v 1.015556 0.102240 0.029642
v 1.015610 0.101315 0.019105
v 1.053969 0.103916 0.029642
v 1.015610 0.101315 0.019105
v 0.977343 0.097930 0.008543
v 0.977293 0.098484 0.019105
v 0.977293 0.098484 0.019105
v 0.977343 0.097930 0.008543
v 1.015610 0.101315 0.019105
v 0.977343 0.097930 0.008543
v 0.939167 0.093762 -0.002033
v 0.939145 0.093947 0.008543
v 0.939145 0.093947 0.008543
v 0.939167 0.093762 -0.002033
v 0.977343 0.097930 0.008543
v 0.939145 0.093947 -0.012608
v 0.901113 0.088629 -0.002033
v 0.939167 0.093762 -0.002033
v 0.939167 0.093762 -0.002033
v 0.901113 0.088629 -0.002033
v 0.939145 0.093947 -0.012608
v 1.053473 0.121316 0.060966
v 1.014440 0.121236 0.060859
v 1.053426 0.122937 0.060859
v 1.053426 0.122937 0.060859
v 1.014440 0.121236 0.060859
v 1.053473 0.121316 0.060966
v 0.939079 0.094499 -0.023171
v 0.901085 0.088813 -0.012608
v 0.939145 0.093947 -0.012608
v 0.939145 0.093947 -0.012608
v 0.901085 0.088813 -0.012608
v 0.939079 0.094499 -0.023171
v 0.858479 0.108561 0.058399
v 0.819761 0.102182 0.057327
v 0.858261 0.109763 0.057327
v 0.858261 0.109763 0.057327
v 0.819761 0.102182 0.057327
v 0.858479 0.108561 0.058399
v 0.897355 0.113634 0.059301
v 0.858479 0.108561 0.058399
v 0.897154 0.114970 0.058399
v 0.897154 0.114970 0.058399
v 0.858479 0.108561 0.058399
v 0.897355 0.113634 0.059301
v 0.936338 0.117423 0.060020
v 0.897355 0.113634 0.059301
v 0.936165 0.118869 0.059301
v 0.936165 0.118869 0.059301
v 0.897355 0.113634 0.059301
v 0.936338 0.117423 0.060020
v 0.975382 0.119948 0.060542
v 0.936338 0.117423 0.060020
v 0.975245 0.121480 0.060020
v 0.975245 0.121480 0.060020
v 0.936338 0.117423 0.060020
v 0.975382 0.119948 0.060542
v 1.014440 0.121236 0.060859
v 0.975382 0.119948 0.060542
v 1.014347 0.122827 0.060542
v 1.014347 0.122827 0.060542
v 0.975382 0.119948 0.060542
v 1.014440 0.121236 0.060859
v 0.938969 0.095419 -0.033707
v 0.901002 0.089363 -0.023171
v 0.939079 0.094499 -0.023171
v 0.939079 0.094499 -0.023171
v 0.901002 0.089363 -0.023171
v 0.938969 0.095419 -0.033707
v 0.858070 0.110817 0.056106
v 0.819761 0.102182 0.057327
v 0.819538 0.103230 0.056106
v 0.819538 0.103230 0.056106
v 0.819761 0.102182 0.057327
v 0.858070 0.110817 0.056106
v 0.938815 0.096705 -0.044205
v 0.900865 0.090279 -0.033707
v 0.938969 0.095419 -0.033707
v 0.938969 0.095419 -0.033707
v 0.900865 0.090279 -0.033707
v 0.938815 0.096705 -0.044205
v 0.938618 0.098356 -0.054650
v 0.900672 0.091560 -0.044205
v 0.938815 0.096705 -0.044205
v 0.938815 0.096705 -0.044205
v 0.900672 0.091560 -0.044205
v 0.938618 0.098356 -0.054650
v 0.938377 0.100370 -0.065031
v 0.900425 0.093204 -0.054650
v 0.938618 0.098356 -0.054650
v 0.938618 0.098356 -0.054650
v 0.900425 0.093204 -0.054650
v 0.938377 0.100370 -0.065031
v 0.859828 0.101120 -0.065031
v 0.900124 0.095210 -0.065031
v 0.938377 0.100370 -0.065031
v 0.938377 0.100370 -0.065031
v 0.900124 0.095210 -0.065031
v 0.859828 0.101120 -0.065031
v 0.859828 0.101120 -0.065031
v 0.821250 0.095177 -0.064925
v 0.821588 0.093591 -0.065031
v 0.821588 0.093591 -0.065031
v 0.821250 0.095177 -0.064925
v 0.859828 0.101120 -0.065031
v 0.821250 0.095177 -0.064925
v 0.782829 0.088035 -0.064608
v 0.783207 0.086487 -0.064925
v 0.783207 0.086487 -0.064925
v 0.782829 0.088035 -0.064608
v 0.821250 0.095177 -0.064925
v 0.782829 0.088035 -0.064608
v 0.744608 0.079673 -0.064086
v 0.745018 0.078190 -0.064608
v 0.745018 0.078190 -0.064608
v 0.744608 0.079673 -0.064086
v 0.782829 0.088035 -0.064608
v 0.707067 0.068679 -0.064086
v 0.745018 0.078190 -0.064608
v 0.744608 0.079673 -0.064086
v 0.744608 0.079673 -0.064086
v 0.745018 0.078190 -0.064608
v 0.707067 0.068679 -0.064086
v 0.669923 0.056573 -0.064086
v 0.660076 0.054439 -0.063367
v 0.660610 0.053084 -0.064086
v 0.660610 0.053084 -0.064086
v 0.660076 0.054439 -0.063367
v 0.669923 0.056573 -0.064086
v 0.672363 0.058901 -0.063367
v 0.707067 0.068679 -0.064086
v 0.706636 0.070071 -0.063367
v 0.706636 0.070071 -0.063367
v 0.707067 0.068679 -0.064086
v 0.672363 0.058901 -0.063367
v 0.668237 0.061388 -0.060171
v 0.659133 0.056833 -0.061393
v 0.668591 0.060377 -0.061393
v 0.668591 0.060377 -0.061393
v 0.659133 0.056833 -0.061393
v 0.668237 0.061388 -0.060171
v 0.659133 0.056833 -0.061393
v 0.668995 0.059224 -0.062464
v 0.668591 0.060377 -0.061393
v 0.668591 0.060377 -0.061393
v 0.668995 0.059224 -0.062464
v 0.659133 0.056833 -0.061393
v 0.659581 0.055696 -0.062464
v 0.669441 0.057949 -0.063367
v 0.668995 0.059224 -0.062464
v 0.668995 0.059224 -0.062464
v 0.669441 0.057949 -0.063367
v 0.659581 0.055696 -0.062464
v 0.820155 0.100332 -0.019573
v 0.782077 0.091111 -0.010809
v 0.781956 0.091607 -0.019573
v 0.781956 0.091607 -0.019573
v 0.782077 0.091111 -0.010809
v 0.820155 0.100332 -0.019573
v 0.819978 0.101164 -0.028310
v 0.781956 0.091607 -0.019573
v 0.781754 0.092433 -0.028310
v 0.781754 0.092433 -0.028310
v 0.781956 0.091607 -0.019573
v 0.819978 0.101164 -0.028310
v 0.819731 0.102326 -0.037007
v 0.781754 0.092433 -0.028310
v 0.781472 0.093587 -0.037007
v 0.781472 0.093587 -0.037007
v 0.781754 0.092433 -0.028310
v 0.819731 0.102326 -0.037007
v 0.820261 0.099833 -0.010809
v 0.782118 0.090945 -0.002033
v 0.782077 0.091111 -0.010809
v 0.782077 0.091111 -0.010809
v 0.782118 0.090945 -0.002033
v 0.820261 0.099833 -0.010809
v 0.819413 0.103818 -0.045652
v 0.781472 0.093587 -0.037007
v 0.781110 0.095069 -0.045652
v 0.781110 0.095069 -0.045652
v 0.781472 0.093587 -0.037007
v 0.819413 0.103818 -0.045652
v 0.820261 0.099833 0.006744
v 0.782118 0.090945 -0.002033
v 0.820296 0.099666 -0.002033
v 0.820296 0.099666 -0.002033
v 0.782118 0.090945 -0.002033
v 0.820261 0.099833 0.006744
v 0.858599 0.107901 0.015507
v 0.820261 0.099833 0.006744
v 0.858690 0.107399 0.006744
v 0.858690 0.107399 0.006744
v 0.820261 0.099833 0.006744
v 0.858599 0.107901 0.015507
v 0.897127 0.115149 0.024244
v 0.858599 0.107901 0.015507
v 0.897254 0.114308 0.015507
v 0.897254 0.114308 0.015507
v 0.858599 0.107901 0.015507
v 0.897127 0.115149 0.024244
v 0.935842 0.121570 0.032941
v 0.897127 0.115149 0.024244
v 0.935983 0.120390 0.024244
v 0.935983 0.120390 0.024244
v 0.897127 0.115149 0.024244
v 0.935842 0.121570 0.032941
v 0.974739 0.127160 0.041586
v 0.935842 0.121570 0.032941
v 0.974874 0.125641 0.032941
v 0.974874 0.125641 0.032941
v 0.935842 0.121570 0.032941
v 0.974739 0.127160 0.041586
v 1.013813 0.131911 0.050165
v 0.974739 0.127160 0.041586
v 1.013922 0.130055 0.041586
v 1.013922 0.130055 0.041586
v 0.974739 0.127160 0.041586
v 1.013813 0.131911 0.050165
v 1.013813 0.131911 0.050165
v 0.974602 0.128696 0.051759
v 0.974574 0.129012 0.050165
v 0.974574 0.129012 0.050165
v 0.974602 0.128696 0.051759
v 1.013813 0.131911 0.050165
v 0.974602 0.128696 0.051759
v 0.935540 0.124097 0.053297
v 0.935478 0.124616 0.051759
v 0.935478 0.124616 0.051759
v 0.935540 0.124097 0.053297
v 0.974602 0.128696 0.051759
v 0.935540 0.124097 0.053297
v 0.896679 0.118130 0.054755
v 0.896573 0.118841 0.053297
v 0.896573 0.118841 0.053297
v 0.896679 0.118130 0.054755
v 0.935540 0.124097 0.053297
v 0.896679 0.118130 0.054755
v 0.858070 0.110817 0.056106
v 0.857909 0.111705 0.054755
v 0.857909 0.111705 0.054755
v 0.858070 0.110817 0.056106
v 0.896679 0.118130 0.054755
v 0.819027 0.105637 -0.054231
v 0.781110 0.095069 -0.045652
v 0.780669 0.096875 -0.054231
v 0.780669 0.096875 -0.054231
v 0.781110 0.095069 -0.045652
v 0.819027 0.105637 -0.054231
v 0.780669 0.096875 -0.054231
v 0.742677 0.086655 -0.055824
v 0.780744 0.096567 -0.055824
v 0.780744 0.096567 -0.055824
v 0.742677 0.086655 -0.055824
v 0.780669 0.096875 -0.054231
v 0.742677 0.086655 -0.055824
v 0.705081 0.075101 -0.057363
v 0.742816 0.086152 -0.057363
v 0.742816 0.086152 -0.057363
v 0.705081 0.075101 -0.057363
v 0.742677 0.086655 -0.055824
v 0.705081 0.075101 -0.057363
v 0.670955 0.063223 -0.058820
v 0.705293 0.074414 -0.058820
v 0.705293 0.074414 -0.058820
v 0.670955 0.063223 -0.058820
v 0.705081 0.075101 -0.057363
v 1.053337 0.126067 0.060020
v 1.092588 0.125056 0.060542
v 1.053381 0.124529 0.060542
v 1.053381 0.124529 0.060542
v 1.092588 0.125056 0.060542
v 1.053337 0.126067 0.060020
v 1.092588 0.125056 0.060542
v 1.053337 0.126067 0.060020
v 1.092567 0.126594 0.060020
v 1.092567 0.126594 0.060020
v 1.053337 0.126067 0.060020
v 1.092588 0.125056 0.060542
v 1.092825 0.107396 0.050585
v 1.092567 0.126594 0.060020
v 1.092547 0.128051 0.059301
v 1.092547 0.128051 0.059301
v 1.092567 0.126594 0.060020
v 1.092825 0.107396 0.050585
v 1.092825 0.107396 0.050585
v 1.092470 0.133837 0.051759
v 1.092465 0.134154 0.050165
v 1.092465 0.134154 0.050165
v 1.092470 0.133837 0.051759
v 1.092825 0.107396 0.050585
v 1.092847 0.105733 0.040139
v 1.092465 0.134154 0.050165
v 1.092490 0.132295 0.041586
v 1.092490 0.132295 0.041586
v 1.092465 0.134154 0.050165
v 1.092847 0.105733 0.040139
v 1.053969 0.103916 0.029642
v 1.092847 0.105733 0.040139
v 1.092865 0.104438 0.029642
v 1.092865 0.104438 0.029642
v 1.092847 0.105733 0.040139
v 1.053969 0.103916 0.029642
v 1.015610 0.101315 0.019105
v 1.053969 0.103916 0.029642
v 1.053995 0.102990 0.019105
v 1.053995 0.102990 0.019105
v 1.053969 0.103916 0.029642
v 1.015610 0.101315 0.019105
v 0.977343 0.097930 0.008543
v 1.015610 0.101315 0.019105
v 1.015643 0.100760 0.008543
v 1.015643 0.100760 0.008543
v 1.015610 0.101315 0.019105
v 0.977343 0.097930 0.008543
v 0.939167 0.093762 -0.002033
v 0.977343 0.097930 0.008543
v 0.977359 0.097745 -0.002033
v 0.977359 0.097745 -0.002033
v 0.977343 0.097930 0.008543
v 0.939167 0.093762 -0.002033
v 0.939167 0.093762 -0.002033
v 0.977343 0.097930 -0.012608
v 0.939145 0.093947 -0.012608
v 0.939145 0.093947 -0.012608
v 0.977343 0.097930 -0.012608
v 0.939167 0.093762 -0.002033
v 1.014347 0.122827 0.060542
v 1.053426 0.122937 0.060859
v 1.014440 0.121236 0.060859
v 1.014440 0.121236 0.060859
v 1.053426 0.122937 0.060859
v 1.014347 0.122827 0.060542
v 0.819761 0.102182 0.057327
v 0.858070 0.110817 0.056106
v 0.858261 0.109763 0.057327
v 0.858261 0.109763 0.057327
v 0.858070 0.110817 0.056106
v 0.819761 0.102182 0.057327
v 0.858261 0.109763 0.057327
v 0.897154 0.114970 0.058399
v 0.858479 0.108561 0.058399
v 0.858479 0.108561 0.058399
v 0.897154 0.114970 0.058399
v 0.858261 0.109763 0.057327
v 0.897154 0.114970 0.058399
v 0.936165 0.118869 0.059301
v 0.897355 0.113634 0.059301
v 0.897355 0.113634 0.059301
v 0.936165 0.118869 0.059301
v 0.897154 0.114970 0.058399
v 0.936165 0.118869 0.059301
v 0.975245 0.121480 0.060020
v 0.936338 0.117423 0.060020
v 0.936338 0.117423 0.060020
v 0.975245 0.121480 0.060020
v 0.936165 0.118869 0.059301
v 0.975245 0.121480 0.060020
v 1.014347 0.122827 0.060542
v 0.975382 0.119948 0.060542
v 0.975382 0.119948 0.060542
v 1.014347 0.122827 0.060542
v 0.975245 0.121480 0.060020
v 0.939079 0.094499 -0.023171
v 0.977211 0.099407 -0.033707
v 0.938969 0.095419 -0.033707
v 0.938969 0.095419 -0.033707
v 0.977211 0.099407 -0.033707
v 0.939079 0.094499 -0.023171
v 0.938969 0.095419 -0.033707
v 0.977096 0.100697 -0.044205
v 0.938815 0.096705 -0.044205
v 0.938815 0.096705 -0.044205
v 0.977096 0.100697 -0.044205
v 0.938969 0.095419 -0.033707
v 0.938815 0.096705 -0.044205
v 0.976949 0.102354 -0.054650
v 0.938618 0.098356 -0.054650
v 0.938618 0.098356 -0.054650
v 0.976949 0.102354 -0.054650
v 0.938815 0.096705 -0.044205
v 0.938618 0.098356 -0.054650
v 0.976769 0.104374 -0.065031
v 0.938377 0.100370 -0.065031
v 0.938377 0.100370 -0.065031
v 0.976769 0.104374 -0.065031
v 0.938618 0.098356 -0.054650
v 0.859828 0.101120 -0.065031
v 0.938377 0.100370 -0.065031
v 0.976769 0.104374 -0.065031
v 0.976769 0.104374 -0.065031
v 0.938377 0.100370 -0.065031
v 0.859828 0.101120 -0.065031
v 0.821250 0.095177 -0.064925
v 0.859828 0.101120 -0.065031
v 0.859539 0.102716 -0.064925
v 0.859539 0.102716 -0.064925
v 0.859828 0.101120 -0.065031
v 0.821250 0.095177 -0.064925
v 0.782829 0.088035 -0.064608
v 0.821250 0.095177 -0.064925
v 0.820919 0.096736 -0.064608
v 0.820919 0.096736 -0.064608
v 0.821250 0.095177 -0.064925
v 0.782829 0.088035 -0.064608
v 0.744608 0.079673 -0.064086
v 0.782829 0.088035 -0.064608
v 0.782464 0.089530 -0.064086
v 0.782464 0.089530 -0.064086
v 0.782829 0.088035 -0.064608
v 0.744608 0.079673 -0.064086
v 0.744608 0.079673 -0.064086
v 0.706636 0.070071 -0.063367
v 0.707067 0.068679 -0.064086
v 0.707067 0.068679 -0.064086
v 0.706636 0.070071 -0.063367
v 0.744608 0.079673 -0.064086
v 0.660076 0.054439 -0.063367
v 0.669923 0.056573 -0.064086
v 0.669441 0.057949 -0.063367
v 0.669441 0.057949 -0.063367
v 0.669923 0.056573 -0.064086
v 0.660076 0.054439 -0.063367
v 0.706636 0.070071 -0.063367
v 0.671945 0.060185 -0.062464
v 0.672363 0.058901 -0.063367
v 0.672363 0.058901 -0.063367
v 0.671945 0.060185 -0.062464
v 0.706636 0.070071 -0.063367
v 0.669441 0.057949 -0.063367
v 0.659581 0.055696 -0.062464
v 0.660076 0.054439 -0.063367
v 0.660076 0.054439 -0.063367
v 0.659581 0.055696 -0.062464
v 0.669441 0.057949 -0.063367
v 0.782077 0.091111 -0.010809
v 0.820155 0.100332 -0.019573
v 0.820261 0.099833 -0.010809
v 0.820261 0.099833 -0.010809
v 0.820155 0.100332 -0.019573
v 0.782077 0.091111 -0.010809
v 0.781956 0.091607 -0.019573
v 0.819978 0.101164 -0.028310
v 0.820155 0.100332 -0.019573
v 0.820155 0.100332 -0.019573
v 0.819978 0.101164 -0.028310
v 0.781956 0.091607 -0.019573
v 0.781754 0.092433 -0.028310
v 0.819731 0.102326 -0.037007
v 0.819978 0.101164 -0.028310
v 0.819978 0.101164 -0.028310
v 0.819731 0.102326 -0.037007
v 0.781754 0.092433 -0.028310
v 0.781472 0.093587 -0.037007
v 0.819413 0.103818 -0.045652
v 0.819731 0.102326 -0.037007
v 0.819731 0.102326 -0.037007
v 0.819413 0.103818 -0.045652
v 0.781472 0.093587 -0.037007
v 0.782118 0.090945 -0.002033
v 0.820261 0.099833 -0.010809
v 0.820296 0.099666 -0.002033
v 0.820296 0.099666 -0.002033
v 0.820261 0.099833 -0.010809
v 0.782118 0.090945 -0.002033
v 0.781110 0.095069 -0.045652
v 0.819027 0.105637 -0.054231
v 0.819413 0.103818 -0.045652
v 0.819413 0.103818 -0.045652
v 0.819027 0.105637 -0.054231
v 0.781110 0.095069 -0.045652
v 0.820296 0.099666 -0.002033
v 0.858690 0.107399 0.006744
v 0.820261 0.099833 0.006744
v 0.820261 0.099833 0.006744
v 0.858690 0.107399 0.006744
v 0.820296 0.099666 -0.002033
v 0.858690 0.107399 0.006744
v 0.897254 0.114308 0.015507
v 0.858599 0.107901 0.015507
v 0.858599 0.107901 0.015507
v 0.897254 0.114308 0.015507
v 0.858690 0.107399 0.006744
v 0.897254 0.114308 0.015507
v 0.935983 0.120390 0.024244
v 0.897127 0.115149 0.024244
v 0.897127 0.115149 0.024244
v 0.935983 0.120390 0.024244
v 0.897254 0.114308 0.015507
v 0.935983 0.120390 0.024244
v 0.974874 0.125641 0.032941
v 0.935842 0.121570 0.032941
v 0.935842 0.121570 0.032941
v 0.974874 0.125641 0.032941
v 0.935983 0.120390 0.024244
v 0.974874 0.125641 0.032941
v 1.013922 0.130055 0.041586
v 0.974739 0.127160 0.041586
v 0.974739 0.127160 0.041586
v 1.013922 0.130055 0.041586
v 0.974874 0.125641 0.032941
v 1.013922 0.130055 0.041586
v 1.053122 0.133626 0.050165
v 1.013813 0.131911 0.050165
v 1.013813 0.131911 0.050165
v 1.053122 0.133626 0.050165
v 1.013922 0.130055 0.041586
v 0.974602 0.128696 0.051759
v 1.013813 0.131911 0.050165
v 1.013832 0.131595 0.051759
v 1.013832 0.131595 0.051759
v 1.013813 0.131911 0.050165
v 0.974602 0.128696 0.051759
v 0.935540 0.124097 0.053297
v 0.974602 0.128696 0.051759
v 0.974649 0.128176 0.053297
v 0.974649 0.128176 0.053297
v 0.974602 0.128696 0.051759
v 0.935540 0.124097 0.053297
v 0.896679 0.118130 0.054755
v 0.935540 0.124097 0.053297
v 0.935625 0.123384 0.054755
v 0.935625 0.123384 0.054755
v 0.935540 0.124097 0.053297
v 0.896679 0.118130 0.054755
v 0.858070 0.110817 0.056106
v 0.896679 0.118130 0.054755
v 0.896814 0.117238 0.056106
v 0.896814 0.117238 0.056106
v 0.896679 0.118130 0.054755
v 0.858070 0.110817 0.056106
v 0.780744 0.096567 -0.055824
v 0.819027 0.105637 -0.054231
v 0.780669 0.096875 -0.054231
v 0.780669 0.096875 -0.054231
v 0.819027 0.105637 -0.054231
v 0.780744 0.096567 -0.055824
v 0.742816 0.086152 -0.057363
v 0.780744 0.096567 -0.055824
v 0.742677 0.086655 -0.055824
v 0.742677 0.086655 -0.055824
v 0.780744 0.096567 -0.055824
v 0.742816 0.086152 -0.057363
v 0.705293 0.074414 -0.058820
v 0.742816 0.086152 -0.057363
v 0.705081 0.075101 -0.057363
v 0.705081 0.075101 -0.057363
v 0.742816 0.086152 -0.057363
v 0.705293 0.074414 -0.058820
v 0.671234 0.062365 -0.060171
v 0.705293 0.074414 -0.058820
v 0.670955 0.063223 -0.058820
v 0.670955 0.063223 -0.058820
v 0.705293 0.074414 -0.058820
v 0.671234 0.062365 -0.060171
v 1.053381 0.124529 0.060542
v 1.014257 0.124363 0.060020
v 1.053337 0.126067 0.060020
v 1.053337 0.126067 0.060020
v 1.014257 0.124363 0.060020
v 1.053381 0.124529 0.060542
v 1.053296 0.127524 0.059301
v 1.092567 0.126594 0.060020
v 1.053337 0.126067 0.060020
v 1.053337 0.126067 0.060020
v 1.092567 0.126594 0.060020
v 1.053296 0.127524 0.059301
v 1.092567 0.126594 0.060020
v 1.053296 0.127524 0.059301
v 1.092547 0.128051 0.059301
v 1.092547 0.128051 0.059301
v 1.053296 0.127524 0.059301
v 1.092567 0.126594 0.060020
v 1.092825 0.107396 0.050585
v 1.092547 0.128051 0.059301
v 1.092529 0.129402 0.058399
v 1.092529 0.129402 0.058399
v 1.092547 0.128051 0.059301
v 1.092825 0.107396 0.050585
v 1.092825 0.107396 0.050585
v 1.092477 0.133315 0.053297
v 1.092470 0.133837 0.051759
v 1.092470 0.133837 0.051759
v 1.092477 0.133315 0.053297
v 1.092825 0.107396 0.050585
v 1.053131 0.133309 0.051759
v 1.092465 0.134154 0.050165
v 1.092470 0.133837 0.051759
v 1.092470 0.133837 0.051759
v 1.092465 0.134154 0.050165
v 1.053131 0.133309 0.051759
v 1.092465 0.134154 0.050165
v 1.053175 0.131767 0.041586
v 1.092490 0.132295 0.041586
v 1.092490 0.132295 0.041586
v 1.053175 0.131767 0.041586
v 1.092465 0.134154 0.050165
v 1.092847 0.105733 0.040139
v 1.092490 0.132295 0.041586
v 1.092511 0.130770 0.032941
v 1.092511 0.130770 0.032941
v 1.092490 0.132295 0.041586
v 1.092847 0.105733 0.040139
v 1.092847 0.105733 0.040139
v 1.092511 0.130770 0.032941
v 1.092865 0.104438 0.029642
v 1.092865 0.104438 0.029642
v 1.092511 0.130770 0.032941
v 1.092847 0.105733 0.040139
v 1.092865 0.104438 0.029642
v 1.053995 0.102990 0.019105
v 1.053969 0.103916 0.029642
v 1.053969 0.103916 0.029642
v 1.053995 0.102990 0.019105
v 1.092865 0.104438 0.029642
v 1.053995 0.102990 0.019105
v 1.015643 0.100760 0.008543
v 1.015610 0.101315 0.019105
v 1.015610 0.101315 0.019105
v 1.015643 0.100760 0.008543
v 1.053995 0.102990 0.019105
v 1.015643 0.100760 0.008543
v 0.977359 0.097745 -0.002033
v 0.977343 0.097930 0.008543
v 0.977343 0.097930 0.008543
v 0.977359 0.097745 -0.002033
v 1.015643 0.100760 0.008543
v 0.977343 0.097930 -0.012608
v 0.939167 0.093762 -0.002033
v 0.977359 0.097745 -0.002033
v 0.977359 0.097745 -0.002033
v 0.939167 0.093762 -0.002033
v 0.977343 0.097930 -0.012608
v 0.977293 0.098484 -0.023171
v 0.939145 0.093947 -0.012608
v 0.977343 0.097930 -0.012608
v 0.977343 0.097930 -0.012608
v 0.939145 0.093947 -0.012608
v 0.977293 0.098484 -0.023171
v 1.053426 0.122937 0.060859
v 1.014347 0.122827 0.060542
v 1.053381 0.124529 0.060542
v 1.053381 0.124529 0.060542
v 1.014347 0.122827 0.060542
v 1.053426 0.122937 0.060859
v 0.896814 0.117238 0.056106
v 0.858261 0.109763 0.057327
v 0.858070 0.110817 0.056106
v 0.858070 0.110817 0.056106
v 0.858261 0.109763 0.057327
v 0.896814 0.117238 0.056106
v 0.897154 0.114970 0.058399
v 0.858261 0.109763 0.057327
v 0.896973 0.116178 0.057327
v 0.896973 0.116178 0.057327
v 0.858261 0.109763 0.057327
v 0.897154 0.114970 0.058399
v 0.936165 0.118869 0.059301
v 0.897154 0.114970 0.058399
v 0.936005 0.120211 0.058399
v 0.936005 0.120211 0.058399
v 0.897154 0.114970 0.058399
v 0.936165 0.118869 0.059301
v 0.975245 0.121480 0.060020
v 0.936165 0.118869 0.059301
v 0.975116 0.122932 0.059301
v 0.975116 0.122932 0.059301
v 0.936165 0.118869 0.059301
v 0.975245 0.121480 0.060020
v 1.014347 0.122827 0.060542
v 0.975245 0.121480 0.060020
v 1.014257 0.124363 0.060020
v 1.014257 0.124363 0.060020
v 0.975245 0.121480 0.060020
v 1.014347 0.122827 0.060542
v 0.977211 0.099407 -0.033707
v 0.939079 0.094499 -0.023171
v 0.977293 0.098484 -0.023171
v 0.977293 0.098484 -0.023171
v 0.939079 0.094499 -0.023171
v 0.977211 0.099407 -0.033707
v 0.977096 0.100697 -0.044205
v 0.938969 0.095419 -0.033707
v 0.977211 0.099407 -0.033707
v 0.977211 0.099407 -0.033707
v 0.938969 0.095419 -0.033707
v 0.977096 0.100697 -0.044205
v 0.976949 0.102354 -0.054650
v 0.938815 0.096705 -0.044205
v 0.977096 0.100697 -0.044205
v 0.977096 0.100697 -0.044205
v 0.938815 0.096705 -0.044205
v 0.976949 0.102354 -0.054650
v 0.976769 0.104374 -0.065031
v 0.938618 0.098356 -0.054650
v 0.976949 0.102354 -0.054650
v 0.976949 0.102354 -0.054650
v 0.938618 0.098356 -0.054650
v 0.976769 0.104374 -0.065031
v 0.859828 0.101120 -0.065031
v 0.976769 0.104374 -0.065031
v 0.898278 0.107493 -0.065031
v 0.898278 0.107493 -0.065031
v 0.976769 0.104374 -0.065031
v 0.859828 0.101120 -0.065031
v 0.898278 0.107493 -0.065031
v 0.859539 0.102716 -0.064925
v 0.859828 0.101120 -0.065031
v 0.859828 0.101120 -0.065031
v 0.859539 0.102716 -0.064925
v 0.898278 0.107493 -0.065031
v 0.859539 0.102716 -0.064925
v 0.820919 0.096736 -0.064608
v 0.821250 0.095177 -0.064925
v 0.821250 0.095177 -0.064925
v 0.820919 0.096736 -0.064608
v 0.859539 0.102716 -0.064925
v 0.820919 0.096736 -0.064608
v 0.782464 0.089530 -0.064086
v 0.782829 0.088035 -0.064608
v 0.782829 0.088035 -0.064608
v 0.782464 0.089530 -0.064086
v 0.820919 0.096736 -0.064608
v 0.782464 0.089530 -0.064086
v 0.744220 0.081077 -0.063367
v 0.744608 0.079673 -0.064086
v 0.744608 0.079673 -0.064086
v 0.744220 0.081077 -0.063367
v 0.782464 0.089530 -0.064086
v 0.706636 0.070071 -0.063367
v 0.744608 0.079673 -0.064086
v 0.744220 0.081077 -0.063367
v 0.744220 0.081077 -0.063367
v 0.744608 0.079673 -0.064086
v 0.706636 0.070071 -0.063367
v 0.671945 0.060185 -0.062464
v 0.706636 0.070071 -0.063367
v 0.706237 0.071361 -0.062464
v 0.706237 0.071361 -0.062464
v 0.706636 0.070071 -0.063367
v 0.671945 0.060185 -0.062464
v 0.858599 0.107901 -0.019573
v 0.820261 0.099833 -0.010809
v 0.820155 0.100332 -0.019573
v 0.820155 0.100332 -0.019573
v 0.820261 0.099833 -0.010809
v 0.858599 0.107901 -0.019573
v 0.858447 0.108738 -0.028310
v 0.820155 0.100332 -0.019573
v 0.819978 0.101164 -0.028310
v 0.819978 0.101164 -0.028310
v 0.820155 0.100332 -0.019573
v 0.858447 0.108738 -0.028310
v 0.858235 0.109908 -0.037007
v 0.819978 0.101164 -0.028310
v 0.819731 0.102326 -0.037007
v 0.819731 0.102326 -0.037007
v 0.819978 0.101164 -0.028310
v 0.858235 0.109908 -0.037007
v 0.857963 0.111408 -0.045652
v 0.819731 0.102326 -0.037007
v 0.819413 0.103818 -0.045652
v 0.819413 0.103818 -0.045652
v 0.819731 0.102326 -0.037007
v 0.857963 0.111408 -0.045652
v 0.858690 0.107399 -0.010809
v 0.820296 0.099666 -0.002033
v 0.820261 0.099833 -0.010809
v 0.820261 0.099833 -0.010809
v 0.820296 0.099666 -0.002033
v 0.858690 0.107399 -0.010809
v 0.857631 0.113238 -0.054231
v 0.819413 0.103818 -0.045652
v 0.819027 0.105637 -0.054231
v 0.819027 0.105637 -0.054231
v 0.819413 0.103818 -0.045652
v 0.857631 0.113238 -0.054231
v 0.858690 0.107399 0.006744
v 0.820296 0.099666 -0.002033
v 0.858720 0.107231 -0.002033
v 0.858720 0.107231 -0.002033
v 0.820296 0.099666 -0.002033
v 0.858690 0.107399 0.006744
v 0.897254 0.114308 0.015507
v 0.858690 0.107399 0.006744
v 0.897330 0.113803 0.006744
v 0.897330 0.113803 0.006744
v 0.858690 0.107399 0.006744
v 0.897254 0.114308 0.015507
v 0.935983 0.120390 0.024244
v 0.897254 0.114308 0.015507
v 0.936084 0.119546 0.015507
v 0.936084 0.119546 0.015507
v 0.897254 0.114308 0.015507
v 0.935983 0.120390 0.024244
v 0.974874 0.125641 0.032941
v 0.935983 0.120390 0.024244
v 0.974980 0.124457 0.024244
v 0.974980 0.124457 0.024244
v 0.935983 0.120390 0.024244
v 0.974874 0.125641 0.032941
v 1.013922 0.130055 0.041586
v 0.974874 0.125641 0.032941
v 1.014012 0.128532 0.032941
v 1.014012 0.128532 0.032941
v 0.974874 0.125641 0.032941
v 1.013922 0.130055 0.041586
v 1.053122 0.133626 0.050165
v 1.013922 0.130055 0.041586
v 1.053175 0.131767 0.041586
v 1.053175 0.131767 0.041586
v 1.013922 0.130055 0.041586
v 1.053122 0.133626 0.050165
v 1.053122 0.133626 0.050165
v 1.013832 0.131595 0.051759
v 1.013813 0.131911 0.050165
v 1.013813 0.131911 0.050165
v 1.013832 0.131595 0.051759
v 1.053122 0.133626 0.050165
v 1.013832 0.131595 0.051759
v 0.974649 0.128176 0.053297
v 0.974602 0.128696 0.051759
v 0.974602 0.128696 0.051759
v 0.974649 0.128176 0.053297
v 1.013832 0.131595 0.051759
v 0.974649 0.128176 0.053297
v 0.935625 0.123384 0.054755
v 0.935540 0.124097 0.053297
v 0.935540 0.124097 0.053297
v 0.935625 0.123384 0.054755
v 0.974649 0.128176 0.053297
v 0.935625 0.123384 0.054755
v 0.896814 0.117238 0.056106
v 0.896679 0.118130 0.054755
v 0.896679 0.118130 0.054755
v 0.896814 0.117238 0.056106
v 0.935625 0.123384 0.054755
v 0.819027 0.105637 -0.054231
v 0.780744 0.096567 -0.055824
v 0.819093 0.105327 -0.055824
v 0.819093 0.105327 -0.055824
v 0.780744 0.096567 -0.055824
v 0.819027 0.105637 -0.054231
v 0.780744 0.096567 -0.055824
v 0.742816 0.086152 -0.057363
v 0.780868 0.096060 -0.057363
v 0.780868 0.096060 -0.057363
v 0.742816 0.086152 -0.057363
v 0.780744 0.096567 -0.055824
v 0.742816 0.086152 -0.057363
v 0.705293 0.074414 -0.058820
v 0.743008 0.085459 -0.058820
v 0.743008 0.085459 -0.058820
v 0.705293 0.074414 -0.058820
v 0.742816 0.086152 -0.057363
v 0.705293 0.074414 -0.058820
v 0.671234 0.062365 -0.060171
v 0.705560 0.073552 -0.060171
v 0.705560 0.073552 -0.060171
v 0.671234 0.062365 -0.060171
v 0.705293 0.074414 -0.058820
v 1.014257 0.124363 0.060020
v 1.053381 0.124529 0.060542
v 1.014347 0.122827 0.060542
v 1.014347 0.122827 0.060542
v 1.053381 0.124529 0.060542
v 1.014257 0.124363 0.060020
v 1.014171 0.125817 0.059301
v 1.053337 0.126067 0.060020
v 1.014257 0.124363 0.060020
v 1.014257 0.124363 0.060020
v 1.053337 0.126067 0.060020
v 1.014171 0.125817 0.059301
v 1.053337 0.126067 0.060020
v 1.014171 0.125817 0.059301
v 1.053296 0.127524 0.059301
v 1.053296 0.127524 0.059301
v 1.014171 0.125817 0.059301
v 1.053337 0.126067 0.060020
v 1.053257 0.128874 0.058399
v 1.092547 0.128051 0.059301
v 1.053296 0.127524 0.059301
v 1.053296 0.127524 0.059301
v 1.092547 0.128051 0.059301
v 1.053257 0.128874 0.058399
v 1.092547 0.128051 0.059301
v 1.053257 0.128874 0.058399
v 1.092529 0.129402 0.058399
v 1.092529 0.129402 0.058399
v 1.053257 0.128874 0.058399
v 1.092547 0.128051 0.059301
v 1.092825 0.107396 0.050585
v 1.092529 0.129402 0.058399
v 1.092513 0.130623 0.057327
v 1.092513 0.130623 0.057327
v 1.092529 0.129402 0.058399
v 1.092825 0.107396 0.050585
v 1.092825 0.107396 0.050585
v 1.092486 0.132597 0.054755
v 1.092477 0.133315 0.053297
v 1.092477 0.133315 0.053297
v 1.092486 0.132597 0.054755
v 1.092825 0.107396 0.050585
v 1.053145 0.132787 0.053297
v 1.092470 0.133837 0.051759
v 1.092477 0.133315 0.053297
v 1.092477 0.133315 0.053297
v 1.092470 0.133837 0.051759
v 1.053145 0.132787 0.053297
v 1.092465 0.134154 0.050165
v 1.053131 0.133309 0.051759
v 1.053122 0.133626 0.050165
v 1.053122 0.133626 0.050165
v 1.053131 0.133309 0.051759
v 1.092465 0.134154 0.050165
v 1.092470 0.133837 0.051759
v 1.053145 0.132787 0.053297
v 1.053131 0.133309 0.051759
v 1.053131 0.133309 0.051759
v 1.053145 0.132787 0.053297
v 1.092470 0.133837 0.051759
v 1.053175 0.131767 0.041586
v 1.092465 0.134154 0.050165
v 1.053122 0.133626 0.050165
v 1.053122 0.133626 0.050165
v 1.092465 0.134154 0.050165
v 1.053175 0.131767 0.041586
v 1.053218 0.130243 0.032941
v 1.092490 0.132295 0.041586
v 1.053175 0.131767 0.041586
v 1.053175 0.131767 0.041586
v 1.092490 0.132295 0.041586
v 1.053218 0.130243 0.032941
v 1.092490 0.132295 0.041586
v 1.053218 0.130243 0.032941
v 1.092511 0.130770 0.032941
v 1.092511 0.130770 0.032941
v 1.053218 0.130243 0.032941
v 1.092490 0.132295 0.041586
v 1.092865 0.104438 0.029642
v 1.092511 0.130770 0.032941
v 1.092527 0.129582 0.024244
v 1.092527 0.129582 0.024244
v 1.092511 0.130770 0.032941
v 1.092865 0.104438 0.029642
v 1.053995 0.102990 0.019105
v 1.092865 0.104438 0.029642
v 1.092877 0.103512 0.019105
v 1.092877 0.103512 0.019105
v 1.092865 0.104438 0.029642
v 1.053995 0.102990 0.019105
v 1.015643 0.100760 0.008543
v 1.053995 0.102990 0.019105
v 1.054011 0.102434 0.008543
v 1.054011 0.102434 0.008543
v 1.053995 0.102990 0.019105
v 1.015643 0.100760 0.008543
v 0.977359 0.097745 -0.002033
v 1.015643 0.100760 0.008543
v 1.015654 0.100575 -0.002033
v 1.015654 0.100575 -0.002033
v 1.015643 0.100760 0.008543
v 0.977359 0.097745 -0.002033
v 0.939145 0.093947 -0.012608
v 0.977293 0.098484 -0.023171
v 0.939079 0.094499 -0.023171
v 0.939079 0.094499 -0.023171
v 0.977293 0.098484 -0.023171
v 0.939145 0.093947 -0.012608
v 0.977343 0.097930 -0.012608
v 1.015610 0.101315 -0.023171
v 0.977293 0.098484 -0.023171
v 0.858261 0.109763 0.057327
v 0.896814 0.117238 0.056106
v 0.896973 0.116178 0.057327
v 0.896973 0.116178 0.057327
v 0.896814 0.117238 0.056106
v 0.858261 0.109763 0.057327
v 0.896973 0.116178 0.057327
v 0.936005 0.120211 0.058399
v 0.897154 0.114970 0.058399
v 0.897154 0.114970 0.058399
v 0.936005 0.120211 0.058399
v 0.896973 0.116178 0.057327
v 0.936005 0.120211 0.058399
v 0.975116 0.122932 0.059301
v 0.936165 0.118869 0.059301
v 0.936165 0.118869 0.059301
v 0.975116 0.122932 0.059301
v 0.936005 0.120211 0.058399
v 0.975116 0.122932 0.059301
v 1.014257 0.124363 0.060020
v 0.975245 0.121480 0.060020
v 0.975245 0.121480 0.060020
v 1.014257 0.124363 0.060020
v 0.975116 0.122932 0.059301
v 0.977293 0.098484 -0.023171
v 1.015556 0.102240 -0.033707
v 0.977211 0.099407 -0.033707
v 0.977211 0.099407 -0.033707
v 1.015556 0.102240 -0.033707
v 0.977293 0.098484 -0.023171
v 0.977211 0.099407 -0.033707
v 1.015480 0.103533 -0.044205
v 0.977096 0.100697 -0.044205
v 0.977096 0.100697 -0.044205
v 1.015383 0.105193 -0.054650
v 0.976949 0.102354 -0.054650
v 0.976949 0.102354 -0.054650
v 1.015383 0.105193 -0.054650
v 0.977096 0.100697 -0.044205
v 0.976949 0.102354 -0.054650
v 1.015263 0.107218 -0.065031
v 0.976769 0.104374 -0.065031
v 0.976769 0.104374 -0.065031
v 1.015263 0.107218 -0.065031
v 0.976949 0.102354 -0.054650
v 0.898278 0.107493 -0.065031
v 0.976769 0.104374 -0.065031
v 1.015263 0.107218 -0.065031
v 1.015263 0.107218 -0.065031
v 0.976769 0.104374 -0.065031
v 0.898278 0.107493 -0.065031
v 0.859539 0.102716 -0.064925
v 0.898278 0.107493 -0.065031
v 0.898037 0.109096 -0.064925
v 0.898037 0.109096 -0.064925
v 0.898278 0.107493 -0.065031
v 0.859539 0.102716 -0.064925
v 0.820919 0.096736 -0.064608
v 0.859539 0.102716 -0.064925
v 0.859255 0.104284 -0.064608
v 0.859255 0.104284 -0.064608
v 0.859539 0.102716 -0.064925
v 0.820919 0.096736 -0.064608
v 0.782464 0.089530 -0.064086
v 0.820919 0.096736 -0.064608
v 0.820599 0.098241 -0.064086
v 0.820599 0.098241 -0.064086
v 0.820919 0.096736 -0.064608
v 0.782464 0.089530 -0.064086
v 0.744220 0.081077 -0.063367
v 0.782464 0.089530 -0.064086
v 0.782118 0.090945 -0.063367
v 0.782118 0.090945 -0.063367
v 0.782464 0.089530 -0.064086
v 0.744220 0.081077 -0.063367
v 0.744220 0.081077 -0.063367
v 0.706237 0.071361 -0.062464
v 0.706636 0.070071 -0.063367
v 0.706636 0.070071 -0.063367
v 0.706237 0.071361 -0.062464
v 0.744220 0.081077 -0.063367
v 0.706237 0.071361 -0.062464
v 0.671566 0.061346 -0.061393
v 0.671945 0.060185 -0.062464
v 0.671945 0.060185 -0.062464
v 0.671566 0.061346 -0.061393
v 0.706237 0.071361 -0.062464
v 0.820261 0.099833 -0.010809
v 0.858599 0.107901 -0.019573
v 0.858690 0.107399 -0.010809
v 0.858690 0.107399 -0.010809
v 0.858599 0.107901 -0.019573
v 0.820261 0.099833 -0.010809
v 0.820155 0.100332 -0.019573
v 0.858447 0.108738 -0.028310
v 0.858599 0.107901 -0.019573
v 0.858599 0.107901 -0.019573
v 0.858447 0.108738 -0.028310
v 0.820155 0.100332 -0.019573
v 0.819978 0.101164 -0.028310
v 0.858235 0.109908 -0.037007
v 0.858447 0.108738 -0.028310
v 0.858447 0.108738 -0.028310
v 0.858235 0.109908 -0.037007
v 0.819978 0.101164 -0.028310
v 0.819731 0.102326 -0.037007
v 0.857963 0.111408 -0.045652
v 0.858235 0.109908 -0.037007
v 0.858235 0.109908 -0.037007
v 0.857963 0.111408 -0.045652
v 0.819731 0.102326 -0.037007
v 0.819413 0.103818 -0.045652
v 0.857631 0.113238 -0.054231
v 0.857963 0.111408 -0.045652
v 0.857963 0.111408 -0.045652
v 0.857631 0.113238 -0.054231
v 0.819413 0.103818 -0.045652
v 0.820296 0.099666 -0.002033
v 0.858690 0.107399 -0.010809
v 0.858720 0.107231 -0.002033
v 0.858720 0.107231 -0.002033
v 0.858690 0.107399 -0.010809
v 0.820296 0.099666 -0.002033
v 0.819093 0.105327 -0.055824
v 0.857631 0.113238 -0.054231
v 0.819027 0.105637 -0.054231
v 0.819027 0.105637 -0.054231
v 0.857631 0.113238 -0.054231
v 0.819093 0.105327 -0.055824
v 0.858720 0.107231 -0.002033
v 0.897330 0.113803 0.006744
v 0.858690 0.107399 0.006744
v 0.858690 0.107399 0.006744
v 0.897330 0.113803 0.006744
v 0.858720 0.107231 -0.002033
v 0.897330 0.113803 0.006744
v 0.936084 0.119546 0.015507
v 0.897254 0.114308 0.015507
v 0.897254 0.114308 0.015507
v 0.936084 0.119546 0.015507
v 0.897330 0.113803 0.006744
v 0.936084 0.119546 0.015507
v 0.974980 0.124457 0.024244
v 0.935983 0.120390 0.024244
v 0.935983 0.120390 0.024244
v 0.974980 0.124457 0.024244
v 0.936084 0.119546 0.015507
v 0.974980 0.124457 0.024244
v 1.014012 0.128532 0.032941
v 0.974874 0.125641 0.032941
v 0.974874 0.125641 0.032941
v 1.014012 0.128532 0.032941
v 0.974980 0.124457 0.024244
v 1.014012 0.128532 0.032941
v 1.053175 0.131767 0.041586
v 1.013922 0.130055 0.041586
v 1.013922 0.130055 0.041586
v 1.053175 0.131767 0.041586
v 1.014012 0.128532 0.032941
v 1.013832 0.131595 0.051759
v 1.053122 0.133626 0.050165
v 1.053131 0.133309 0.051759
v 1.053131 0.133309 0.051759
v 1.053122 0.133626 0.050165
v 1.013832 0.131595 0.051759
v 0.974649 0.128176 0.053297
v 1.013832 0.131595 0.051759
v 1.013862 0.131073 0.053297
v 1.013862 0.131073 0.053297
v 1.013832 0.131595 0.051759
v 0.974649 0.128176 0.053297
v 0.935625 0.123384 0.054755
v 0.974649 0.128176 0.053297
v 0.974712 0.127460 0.054755
v 0.974712 0.127460 0.054755
v 0.974649 0.128176 0.053297
v 0.935625 0.123384 0.054755
v 0.896814 0.117238 0.056106
v 0.935625 0.123384 0.054755
v 0.935733 0.122487 0.056106
v 0.935733 0.122487 0.056106
v 0.935625 0.123384 0.054755
v 0.896814 0.117238 0.056106
v 0.780868 0.096060 -0.057363
v 0.819093 0.105327 -0.055824
v 0.780744 0.096567 -0.055824
v 0.780744 0.096567 -0.055824
v 0.819093 0.105327 -0.055824
v 0.780868 0.096060 -0.057363
v 0.743008 0.085459 -0.058820
v 0.780868 0.096060 -0.057363
v 0.742816 0.086152 -0.057363
v 0.742816 0.086152 -0.057363
v 0.780868 0.096060 -0.057363
v 0.743008 0.085459 -0.058820
v 0.705560 0.073552 -0.060171
v 0.743008 0.085459 -0.058820
v 0.705293 0.074414 -0.058820
v 0.705293 0.074414 -0.058820
v 0.743008 0.085459 -0.058820
v 0.705560 0.073552 -0.060171
v 0.671566 0.061346 -0.061393
v 0.705560 0.073552 -0.060171
v 0.671234 0.062365 -0.060171
v 0.671234 0.062365 -0.060171
v 0.705560 0.073552 -0.060171
v 0.671566 0.061346 -0.061393
v 1.014257 0.124363 0.060020
v 0.975116 0.122932 0.059301
v 1.014171 0.125817 0.059301
v 1.014171 0.125817 0.059301
v 0.975116 0.122932 0.059301
v 1.014257 0.124363 0.060020
v 1.014092 0.127166 0.058399
v 1.053296 0.127524 0.059301
v 1.014171 0.125817 0.059301
v 1.014171 0.125817 0.059301
v 1.053296 0.127524 0.059301
v 1.014092 0.127166 0.058399
v 1.053296 0.127524 0.059301
v 1.014092 0.127166 0.058399
v 1.053257 0.128874 0.058399
v 1.053257 0.128874 0.058399
v 1.014092 0.127166 0.058399
v 1.053296 0.127524 0.059301
v 1.053222 0.130095 0.057327
v 1.092529 0.129402 0.058399
v 1.053257 0.128874 0.058399
v 1.053257 0.128874 0.058399
v 1.092529 0.129402 0.058399
v 1.053222 0.130095 0.057327
v 1.092529 0.129402 0.058399
v 1.053222 0.130095 0.057327
v 1.092513 0.130623 0.057327
v 1.092513 0.130623 0.057327
v 1.053222 0.130095 0.057327
v 1.092529 0.129402 0.058399
v 1.092825 0.107396 0.050585
v 1.092513 0.130623 0.057327
v 1.092499 0.131694 0.056106
v 1.092499 0.131694 0.056106
v 1.092513 0.130623 0.057327
v 1.092825 0.107396 0.050585
v 1.092825 0.107396 0.050585
v 1.092499 0.131694 0.056106
v 1.092486 0.132597 0.054755
v 1.092486 0.132597 0.054755
v 1.092499 0.131694 0.056106
v 1.092825 0.107396 0.050585
v 1.053166 0.132068 0.054755
v 1.092477 0.133315 0.053297
v 1.092486 0.132597 0.054755
v 1.092486 0.132597 0.054755
v 1.092477 0.133315 0.053297
v 1.053166 0.132068 0.054755
v 1.092477 0.133315 0.053297
v 1.053166 0.132068 0.054755
v 1.053145 0.132787 0.053297
v 1.053145 0.132787 0.053297
v 1.053166 0.132068 0.054755
v 1.092477 0.133315 0.053297
v 1.013862 0.131073 0.053297
v 1.053131 0.133309 0.051759
v 1.053145 0.132787 0.053297
v 1.053145 0.132787 0.053297
v 1.053131 0.133309 0.051759
v 1.013862 0.131073 0.053297
v 1.053175 0.131767 0.041586
v 1.014012 0.128532 0.032941
v 1.053218 0.130243 0.032941
v 1.053218 0.130243 0.032941
v 1.014012 0.128532 0.032941
v 1.053175 0.131767 0.041586
v 1.053252 0.129055 0.024244
v 1.092511 0.130770 0.032941
v 1.053218 0.130243 0.032941
v 1.053218 0.130243 0.032941
v 1.092511 0.130770 0.032941
v 1.053252 0.129055 0.024244
v 1.092511 0.130770 0.032941
v 1.053252 0.129055 0.024244
v 1.092527 0.129582 0.024244
v 1.092527 0.129582 0.024244
v 1.053252 0.129055 0.024244
v 1.092511 0.130770 0.032941
v 1.092865 0.104438 0.029642
v 1.092527 0.129582 0.024244
v 1.092877 0.103512 0.019105
v 1.092877 0.103512 0.019105
v 1.092527 0.129582 0.024244
v 1.092865 0.104438 0.029642
v 1.092877 0.103512 0.019105
v 1.054011 0.102434 0.008543
v 1.053995 0.102990 0.019105
v 1.053995 0.102990 0.019105
v 1.054011 0.102434 0.008543
v 1.092877 0.103512 0.019105
v 1.054011 0.102434 0.008543
v 1.015654 0.100575 -0.002033
v 1.015643 0.100760 0.008543
v 1.015643 0.100760 0.008543
v 1.015654 0.100575 -0.002033
v 1.054011 0.102434 0.008543
v 1.015643 0.100760 -0.012608
v 0.977359 0.097745 -0.002033
v 1.015654 0.100575 -0.002033
v 1.015654 0.100575 -0.002033
v 0.977359 0.097745 -0.002033
v 1.015643 0.100760 -0.012608
v 1.015610 0.101315 -0.023171
v 0.977343 0.097930 -0.012608
v 1.015643 0.100760 -0.012608
v 0.977293 0.098484 -0.023171
v 1.015610 0.101315 -0.023171
v 0.977343 0.097930 -0.012608
v 1.015643 0.100760 -0.012608
v 0.977343 0.097930 -0.012608
v 1.015610 0.101315 -0.023171
v 1.015556 0.102240 -0.033707
v 0.977293 0.098484 -0.023171
v 1.015610 0.101315 -0.023171
v 1.015610 0.101315 -0.023171
v 0.977293 0.098484 -0.023171
v 1.015556 0.102240 -0.033707
v 0.935733 0.122487 0.056106
v 0.896973 0.116178 0.057327
v 0.896814 0.117238 0.056106
v 0.896814 0.117238 0.056106
v 0.896973 0.116178 0.057327
v 0.935733 0.122487 0.056106
v 0.936005 0.120211 0.058399
v 0.896973 0.116178 0.057327
v 0.935860 0.121424 0.057327
v 0.935860 0.121424 0.057327
v 0.896973 0.116178 0.057327
v 0.936005 0.120211 0.058399
v 0.975116 0.122932 0.059301
v 0.936005 0.120211 0.058399
v 0.974996 0.124277 0.058399
v 0.974996 0.124277 0.058399
v 0.936005 0.120211 0.058399
v 0.975116 0.122932 0.059301
v 1.015480 0.103533 -0.044205
v 0.977211 0.099407 -0.033707
v 1.015556 0.102240 -0.033707
v 1.015556 0.102240 -0.033707
v 0.977211 0.099407 -0.033707
v 1.015480 0.103533 -0.044205
v 0.977096 0.100697 -0.044205
v 1.015480 0.103533 -0.044205
v 0.977211 0.099407 -0.033707
v 1.015383 0.105193 -0.054650
v 0.977096 0.100697 -0.044205
v 1.015480 0.103533 -0.044205
v 1.015480 0.103533 -0.044205
v 0.977096 0.100697 -0.044205
v 1.015383 0.105193 -0.054650
v 1.015263 0.107218 -0.065031
v 0.976949 0.102354 -0.054650
v 1.015383 0.105193 -0.054650
v 1.015383 0.105193 -0.054650
v 0.976949 0.102354 -0.054650
v 1.015263 0.107218 -0.065031
v 0.898278 0.107493 -0.065031
v 1.015263 0.107218 -0.065031
v 1.053827 0.108900 -0.065031
v 1.053827 0.108900 -0.065031
v 1.015263 0.107218 -0.065031
v 0.898278 0.107493 -0.065031
v 0.936902 0.112703 -0.065031
v 0.898037 0.109096 -0.064925
v 0.898278 0.107493 -0.065031
v 0.898278 0.107493 -0.065031
v 0.898037 0.109096 -0.064925
v 0.936902 0.112703 -0.065031
v 0.898037 0.109096 -0.064925
v 0.859255 0.104284 -0.064608
v 0.859539 0.102716 -0.064925
v 0.859539 0.102716 -0.064925
v 0.859255 0.104284 -0.064608
v 0.898037 0.109096 -0.064925
v 0.859255 0.104284 -0.064608
v 0.820599 0.098241 -0.064086
v 0.820919 0.096736 -0.064608
v 0.820919 0.096736 -0.064608
v 0.820599 0.098241 -0.064086
v 0.859255 0.104284 -0.064608
v 0.820599 0.098241 -0.064086
v 0.782118 0.090945 -0.063367
v 0.782464 0.089530 -0.064086
v 0.782464 0.089530 -0.064086
v 0.782118 0.090945 -0.063367
v 0.820599 0.098241 -0.064086
v 0.782118 0.090945 -0.063367
v 0.743860 0.082379 -0.062464
v 0.744220 0.081077 -0.063367
v 0.744220 0.081077 -0.063367
v 0.743860 0.082379 -0.062464
v 0.782118 0.090945 -0.063367
v 0.706237 0.071361 -0.062464
v 0.744220 0.081077 -0.063367
v 0.743860 0.082379 -0.062464
v 0.743860 0.082379 -0.062464
v 0.744220 0.081077 -0.063367
v 0.706237 0.071361 -0.062464
v 0.671566 0.061346 -0.061393
v 0.706237 0.071361 -0.062464
v 0.705876 0.072528 -0.061393
v 0.705876 0.072528 -0.061393
v 0.706237 0.071361 -0.062464
v 0.671566 0.061346 -0.061393
v 0.897254 0.114308 -0.019573
v 0.858690 0.107399 -0.010809
v 0.858599 0.107901 -0.019573
v 0.858599 0.107901 -0.019573
v 0.858690 0.107399 -0.010809
v 0.897254 0.114308 -0.019573
v 0.897127 0.115149 -0.028310
v 0.858599 0.107901 -0.019573
v 0.858447 0.108738 -0.028310
v 0.858447 0.108738 -0.028310
v 0.858599 0.107901 -0.019573
v 0.897127 0.115149 -0.028310
v 0.896951 0.116324 -0.037007
v 0.858447 0.108738 -0.028310
v 0.858235 0.109908 -0.037007
v 0.858235 0.109908 -0.037007
v 0.858447 0.108738 -0.028310
v 0.896951 0.116324 -0.037007
v 0.896724 0.117832 -0.045652
v 0.858235 0.109908 -0.037007
v 0.857963 0.111408 -0.045652
v 0.857963 0.111408 -0.045652
v 0.858235 0.109908 -0.037007
v 0.896724 0.117832 -0.045652
v 0.896448 0.119671 -0.054231
v 0.857963 0.111408 -0.045652
v 0.857631 0.113238 -0.054231
v 0.857631 0.113238 -0.054231
v 0.857963 0.111408 -0.045652
v 0.896448 0.119671 -0.054231
v 0.897330 0.113803 -0.010809
v 0.858720 0.107231 -0.002033
v 0.858690 0.107399 -0.010809
v 0.858690 0.107399 -0.010809
v 0.858720 0.107231 -0.002033
v 0.897330 0.113803 -0.010809
v 0.857631 0.113238 -0.054231
v 0.819093 0.105327 -0.055824
v 0.857688 0.112926 -0.055824
v 0.857688 0.112926 -0.055824
v 0.819093 0.105327 -0.055824
v 0.857631 0.113238 -0.054231
v 0.897330 0.113803 0.006744
v 0.858720 0.107231 -0.002033
v 0.897355 0.113634 -0.002033
v 0.897355 0.113634 -0.002033
v 0.858720 0.107231 -0.002033
v 0.897330 0.113803 0.006744
v 0.936084 0.119546 0.015507
v 0.897330 0.113803 0.006744
v 0.936145 0.119039 0.006744
v 0.936145 0.119039 0.006744
v 0.897330 0.113803 0.006744
v 0.936084 0.119546 0.015507
v 0.974980 0.124457 0.024244
v 0.936084 0.119546 0.015507
v 0.975055 0.123610 0.015507
v 0.975055 0.123610 0.015507
v 0.936084 0.119546 0.015507
v 0.974980 0.124457 0.024244
v 1.014012 0.128532 0.032941
v 0.974980 0.124457 0.024244
v 1.014081 0.127346 0.024244
v 1.014081 0.127346 0.024244
v 0.974980 0.124457 0.024244
v 1.014012 0.128532 0.032941
v 1.053131 0.133309 0.051759
v 1.013862 0.131073 0.053297
v 1.013832 0.131595 0.051759
v 1.013832 0.131595 0.051759
v 1.013862 0.131073 0.053297
v 1.053131 0.133309 0.051759
v 1.013862 0.131073 0.053297
v 0.974712 0.127460 0.054755
v 0.974649 0.128176 0.053297
v 0.974649 0.128176 0.053297
v 0.974712 0.127460 0.054755
v 1.013862 0.131073 0.053297
v 0.974712 0.127460 0.054755
v 0.935733 0.122487 0.056106
v 0.935625 0.123384 0.054755
v 0.935625 0.123384 0.054755
v 0.935733 0.122487 0.056106
v 0.974712 0.127460 0.054755
v 0.819093 0.105327 -0.055824
v 0.780868 0.096060 -0.057363
v 0.819201 0.104816 -0.057363
v 0.819201 0.104816 -0.057363
v 0.780868 0.096060 -0.057363
v 0.819093 0.105327 -0.055824
v 0.780868 0.096060 -0.057363
v 0.743008 0.085459 -0.058820
v 0.781039 0.095362 -0.058820
v 0.781039 0.095362 -0.058820
v 0.743008 0.085459 -0.058820
v 0.780868 0.096060 -0.057363
v 0.743008 0.085459 -0.058820
v 0.705560 0.073552 -0.060171
v 0.743248 0.084589 -0.060171
v 0.743248 0.084589 -0.060171
v 0.705560 0.073552 -0.060171
v 0.743008 0.085459 -0.058820
v 0.705560 0.073552 -0.060171
v 0.671566 0.061346 -0.061393
v 0.705876 0.072528 -0.061393
v 0.705876 0.072528 -0.061393
v 0.671566 0.061346 -0.061393
v 0.705560 0.073552 -0.060171
v 0.974996 0.124277 0.058399
v 1.014171 0.125817 0.059301
v 0.975116 0.122932 0.059301
v 0.975116 0.122932 0.059301
v 1.014171 0.125817 0.059301
v 0.974996 0.124277 0.058399
v 1.014171 0.125817 0.059301
v 0.974996 0.124277 0.058399
v 1.014092 0.127166 0.058399
v 1.014092 0.127166 0.058399
v 0.974996 0.124277 0.058399
v 1.014171 0.125817 0.059301
v 1.014020 0.128385 0.057327
v 1.053257 0.128874 0.058399
v 1.014092 0.127166 0.058399
v 1.014092 0.127166 0.058399
v 1.053257 0.128874 0.058399
v 1.014020 0.128385 0.057327
v 1.053257 0.128874 0.058399
v 1.014020 0.128385 0.057327
v 1.053222 0.130095 0.057327
v 1.053222 0.130095 0.057327
v 1.014020 0.128385 0.057327
v 1.053257 0.128874 0.058399
v 1.053222 0.130095 0.057327
v 1.092499 0.131694 0.056106
v 1.092513 0.130623 0.057327
v 1.092513 0.130623 0.057327
v 1.092499 0.131694 0.056106
v 1.053222 0.130095 0.057327
v 1.053192 0.131166 0.056106
v 1.092486 0.132597 0.054755
v 1.092499 0.131694 0.056106
v 1.092499 0.131694 0.056106
v 1.092486 0.132597 0.054755
v 1.053192 0.131166 0.056106
v 1.092486 0.132597 0.054755
v 1.053192 0.131166 0.056106
v 1.053166 0.132068 0.054755
v 1.053166 0.132068 0.054755
v 1.053192 0.131166 0.056106
v 1.092486 0.132597 0.054755
v 1.013904 0.130356 0.054755
v 1.053145 0.132787 0.053297
v 1.053166 0.132068 0.054755
v 1.053166 0.132068 0.054755
v 1.053145 0.132787 0.053297
v 1.013904 0.130356 0.054755
v 1.053145 0.132787 0.053297
v 1.013904 0.130356 0.054755
v 1.013862 0.131073 0.053297
v 1.013862 0.131073 0.053297
v 1.013904 0.130356 0.054755
v 1.053145 0.132787 0.053297
v 1.014081 0.127346 0.024244
v 1.053218 0.130243 0.032941
v 1.014012 0.128532 0.032941
v 1.014012 0.128532 0.032941
v 1.053218 0.130243 0.032941
v 1.014081 0.127346 0.024244
v 1.053218 0.130243 0.032941
v 1.014081 0.127346 0.024244
v 1.053252 0.129055 0.024244
v 1.053252 0.129055 0.024244
v 1.014081 0.127346 0.024244
v 1.053218 0.130243 0.032941
v 1.053276 0.128205 0.015507
v 1.092527 0.129582 0.024244
v 1.053252 0.129055 0.024244
v 1.053252 0.129055 0.024244
v 1.092527 0.129582 0.024244
v 1.053276 0.128205 0.015507
v 1.092877 0.103512 0.019105
v 1.092527 0.129582 0.024244
v 1.092538 0.128732 0.015507
v 1.092538 0.128732 0.015507
v 1.092527 0.129582 0.024244
v 1.092877 0.103512 0.019105
v 1.054011 0.102434 0.008543
v 1.092877 0.103512 0.019105
v 1.092884 0.102956 0.008543
v 1.092884 0.102956 0.008543
v 1.092877 0.103512 0.019105
v 1.054011 0.102434 0.008543
v 1.015654 0.100575 -0.002033
v 1.054011 0.102434 0.008543
v 1.054016 0.102248 -0.002033
v 1.054016 0.102248 -0.002033
v 1.054011 0.102434 0.008543
v 1.015654 0.100575 -0.002033
v 0.977359 0.097745 -0.002033
v 1.015643 0.100760 -0.012608
v 0.977343 0.097930 -0.012608
v 0.977343 0.097930 -0.012608
v 1.015643 0.100760 -0.012608
v 0.977359 0.097745 -0.002033
v 1.015654 0.100575 -0.002033
v 1.054011 0.102434 -0.012608
v 1.015643 0.100760 -0.012608
v 1.015643 0.100760 -0.012608
v 1.054011 0.102434 -0.012608
v 1.015654 0.100575 -0.002033
v 1.015643 0.100760 -0.012608
v 1.053995 0.102990 -0.023171
v 1.015610 0.101315 -0.023171
v 1.015610 0.101315 -0.023171
v 1.053995 0.102990 -0.023171
v 1.015643 0.100760 -0.012608
v 1.015610 0.101315 -0.023171
v 1.053969 0.103916 -0.033707
v 1.015556 0.102240 -0.033707
v 1.015556 0.102240 -0.033707
v 1.053969 0.103916 -0.033707
v 1.015610 0.101315 -0.023171
v 0.896973 0.116178 0.057327
v 0.935733 0.122487 0.056106
v 0.935860 0.121424 0.057327
v 0.935860 0.121424 0.057327
v 0.935733 0.122487 0.056106
v 0.896973 0.116178 0.057327
v 0.935860 0.121424 0.057327
v 0.974996 0.124277 0.058399
v 0.936005 0.120211 0.058399
v 0.936005 0.120211 0.058399
v 0.974996 0.124277 0.058399
v 0.935860 0.121424 0.057327
v 1.015556 0.102240 -0.033707
v 1.053932 0.105211 -0.044205
v 1.015480 0.103533 -0.044205
v 1.015480 0.103533 -0.044205
v 1.053932 0.105211 -0.044205
v 1.015556 0.102240 -0.033707
v 1.015480 0.103533 -0.044205
v 1.053885 0.106873 -0.054650
v 1.015383 0.105193 -0.054650
v 1.015383 0.105193 -0.054650
v 1.053885 0.106873 -0.054650
v 1.015480 0.103533 -0.044205
v 1.015383 0.105193 -0.054650
v 1.053827 0.108900 -0.065031
v 1.015263 0.107218 -0.065031
v 1.015263 0.107218 -0.065031
v 1.053827 0.108900 -0.065031
v 1.015383 0.105193 -0.054650
v 0.898278 0.107493 -0.065031
v 1.053827 0.108900 -0.065031
v 0.936902 0.112703 -0.065031
v 0.936902 0.112703 -0.065031
v 1.053827 0.108900 -0.065031
v 0.898278 0.107493 -0.065031
v 0.898037 0.109096 -0.064925
v 0.936902 0.112703 -0.065031
v 0.936710 0.114313 -0.064925
v 0.936710 0.114313 -0.064925
v 0.936902 0.112703 -0.065031
v 0.898037 0.109096 -0.064925
v 0.859255 0.104284 -0.064608
v 0.898037 0.109096 -0.064925
v 0.897800 0.110672 -0.064608
v 0.897800 0.110672 -0.064608
v 0.898037 0.109096 -0.064925
v 0.859255 0.104284 -0.064608
v 0.820599 0.098241 -0.064086
v 0.859255 0.104284 -0.064608
v 0.858980 0.105798 -0.064086
v 0.858980 0.105798 -0.064086
v 0.859255 0.104284 -0.064608
v 0.820599 0.098241 -0.064086
v 0.782118 0.090945 -0.063367
v 0.820599 0.098241 -0.064086
v 0.820296 0.099666 -0.063367
v 0.820296 0.099666 -0.063367
v 0.820599 0.098241 -0.064086
v 0.782118 0.090945 -0.063367
v 0.743860 0.082379 -0.062464
v 0.782118 0.090945 -0.063367
v 0.781797 0.092258 -0.062464
v 0.781797 0.092258 -0.062464
v 0.782118 0.090945 -0.063367
v 0.743860 0.082379 -0.062464
v 0.743860 0.082379 -0.062464
v 0.705876 0.072528 -0.061393
v 0.706237 0.071361 -0.062464
v 0.706237 0.071361 -0.062464
v 0.705876 0.072528 -0.061393
v 0.743860 0.082379 -0.062464
v 0.858690 0.107399 -0.010809
v 0.897254 0.114308 -0.019573
v 0.897330 0.113803 -0.010809
v 0.897330 0.113803 -0.010809
v 0.897254 0.114308 -0.019573
v 0.858690 0.107399 -0.010809
v 0.858599 0.107901 -0.019573
v 0.897127 0.115149 -0.028310
v 0.897254 0.114308 -0.019573
v 0.897254 0.114308 -0.019573
v 0.897127 0.115149 -0.028310
v 0.858599 0.107901 -0.019573
v 0.858447 0.108738 -0.028310
v 0.896951 0.116324 -0.037007
v 0.897127 0.115149 -0.028310
v 0.897127 0.115149 -0.028310
v 0.896951 0.116324 -0.037007
v 0.858447 0.108738 -0.028310
v 0.858235 0.109908 -0.037007
v 0.896724 0.117832 -0.045652
v 0.896951 0.116324 -0.037007
v 0.896951 0.116324 -0.037007
v 0.896724 0.117832 -0.045652
v 0.858235 0.109908 -0.037007
v 0.857963 0.111408 -0.045652
v 0.896448 0.119671 -0.054231
v 0.896724 0.117832 -0.045652
v 0.896724 0.117832 -0.045652
v 0.896448 0.119671 -0.054231
v 0.857963 0.111408 -0.045652
v 0.857688 0.112926 -0.055824
v 0.896448 0.119671 -0.054231
v 0.857631 0.113238 -0.054231
v 0.857631 0.113238 -0.054231
v 0.896448 0.119671 -0.054231
v 0.857688 0.112926 -0.055824
v 0.858720 0.107231 -0.002033
v 0.897330 0.113803 -0.010809
v 0.897355 0.113634 -0.002033
v 0.897355 0.113634 -0.002033
v 0.897330 0.113803 -0.010809
v 0.858720 0.107231 -0.002033
v 0.819201 0.104816 -0.057363
v 0.857688 0.112926 -0.055824
v 0.819093 0.105327 -0.055824
v 0.819093 0.105327 -0.055824
v 0.857688 0.112926 -0.055824
v 0.819201 0.104816 -0.057363
v 0.897355 0.113634 -0.002033
v 0.936145 0.119039 0.006744
v 0.897330 0.113803 0.006744
v 0.897330 0.113803 0.006744
v 0.936145 0.119039 0.006744
v 0.897355 0.113634 -0.002033
v 0.936145 0.119039 0.006744
v 0.975055 0.123610 0.015507
v 0.936084 0.119546 0.015507
v 0.936084 0.119546 0.015507
v 0.975055 0.123610 0.015507
v 0.936145 0.119039 0.006744
v 0.975055 0.123610 0.015507
v 1.014081 0.127346 0.024244
v 0.974980 0.124457 0.024244
v 0.974980 0.124457 0.024244
v 1.014081 0.127346 0.024244
v 0.975055 0.123610 0.015507
v 0.974712 0.127460 0.054755
v 1.013862 0.131073 0.053297
v 1.013904 0.130356 0.054755
v 1.013904 0.130356 0.054755
v 1.013862 0.131073 0.053297
v 0.974712 0.127460 0.054755
v 0.935733 0.122487 0.056106
v 0.974712 0.127460 0.054755
v 0.974792 0.126561 0.056106
v 0.974792 0.126561 0.056106
v 0.974712 0.127460 0.054755
v 0.935733 0.122487 0.056106
v 0.781039 0.095362 -0.058820
v 0.819201 0.104816 -0.057363
v 0.780868 0.096060 -0.057363
v 0.780868 0.096060 -0.057363
v 0.819201 0.104816 -0.057363
v 0.781039 0.095362 -0.058820
v 0.743248 0.084589 -0.060171
v 0.781039 0.095362 -0.058820
v 0.743008 0.085459 -0.058820
v 0.743008 0.085459 -0.058820
v 0.781039 0.095362 -0.058820
v 0.743248 0.084589 -0.060171
v 0.705876 0.072528 -0.061393
v 0.743248 0.084589 -0.060171
v 0.705560 0.073552 -0.060171
v 0.705560 0.073552 -0.060171
v 0.743248 0.084589 -0.060171
v 0.705876 0.072528 -0.061393
v 0.974888 0.125494 0.057327
v 1.014092 0.127166 0.058399
v 0.974996 0.124277 0.058399
v 0.974996 0.124277 0.058399
v 1.014092 0.127166 0.058399
v 0.974888 0.125494 0.057327
v 1.014092 0.127166 0.058399
v 0.974888 0.125494 0.057327
v 1.014020 0.128385 0.057327
v 1.014020 0.128385 0.057327
v 0.974888 0.125494 0.057327
v 1.014092 0.127166 0.058399
v 1.014020 0.128385 0.057327
v 1.053192 0.131166 0.056106
v 1.053222 0.130095 0.057327
v 1.053222 0.130095 0.057327
v 1.053192 0.131166 0.056106
v 1.014020 0.128385 0.057327
v 1.092499 0.131694 0.056106
v 1.053222 0.130095 0.057327
v 1.053192 0.131166 0.056106
v 1.053192 0.131166 0.056106
v 1.053222 0.130095 0.057327
v 1.092499 0.131694 0.056106
v 1.013957 0.129455 0.056106
v 1.053166 0.132068 0.054755
v 1.053192 0.131166 0.056106
v 1.053192 0.131166 0.056106
v 1.053166 0.132068 0.054755
v 1.013957 0.129455 0.056106
v 1.053166 0.132068 0.054755
v 1.013957 0.129455 0.056106
v 1.013904 0.130356 0.054755
v 1.013904 0.130356 0.054755
v 1.013957 0.129455 0.056106
v 1.053166 0.132068 0.054755
v 1.014131 0.126497 0.015507
v 1.053252 0.129055 0.024244
v 1.014081 0.127346 0.024244
v 1.014081 0.127346 0.024244
v 1.053252 0.129055 0.024244
v 1.014131 0.126497 0.015507
v 1.092527 0.129582 0.024244
v 1.053276 0.128205 0.015507
v 1.092538 0.128732 0.015507
v 1.092538 0.128732 0.015507
v 1.053276 0.128205 0.015507
v 1.092527 0.129582 0.024244
v 1.053252 0.129055 0.024244
v 1.014131 0.126497 0.015507
v 1.053276 0.128205 0.015507
v 1.053276 0.128205 0.015507
v 1.014131 0.126497 0.015507
v 1.053252 0.129055 0.024244
v 1.092877 0.103512 0.019105
v 1.092538 0.128732 0.015507
v 1.092884 0.102956 0.008543
v 1.092884 0.102956 0.008543
v 1.092538 0.128732 0.015507
v 1.092877 0.103512 0.019105
v 1.092884 0.102956 0.008543
v 1.054016 0.102248 -0.002033
v 1.054011 0.102434 0.008543
v 1.054011 0.102434 0.008543
v 1.054016 0.102248 -0.002033
v 1.092884 0.102956 0.008543
v 1.054011 0.102434 -0.012608
v 1.015654 0.100575 -0.002033
v 1.054016 0.102248 -0.002033
v 1.054016 0.102248 -0.002033
v 1.015654 0.100575 -0.002033
v 1.054011 0.102434 -0.012608
v 1.053995 0.102990 -0.023171
v 1.015643 0.100760 -0.012608
v 1.054011 0.102434 -0.012608
v 1.054011 0.102434 -0.012608
v 1.015643 0.100760 -0.012608
v 1.053995 0.102990 -0.023171
v 1.053969 0.103916 -0.033707
v 1.015610 0.101315 -0.023171
v 1.053995 0.102990 -0.023171
v 1.053995 0.102990 -0.023171
v 1.015610 0.101315 -0.023171
v 1.053969 0.103916 -0.033707
v 1.053932 0.105211 -0.044205
v 1.015556 0.102240 -0.033707
v 1.053969 0.103916 -0.033707
v 1.053969 0.103916 -0.033707
v 1.015556 0.102240 -0.033707
v 1.053932 0.105211 -0.044205
v 0.974792 0.126561 0.056106
v 0.935860 0.121424 0.057327
v 0.935733 0.122487 0.056106
v 0.935733 0.122487 0.056106
v 0.935860 0.121424 0.057327
v 0.974792 0.126561 0.056106
v 0.974996 0.124277 0.058399
v 0.935860 0.121424 0.057327
v 0.974888 0.125494 0.057327
v 0.974888 0.125494 0.057327
v 0.935860 0.121424 0.057327
v 0.974996 0.124277 0.058399
v 1.053885 0.106873 -0.054650
v 1.015480 0.103533 -0.044205
v 1.053932 0.105211 -0.044205
v 1.053932 0.105211 -0.044205
v 1.015480 0.103533 -0.044205
v 1.053885 0.106873 -0.054650
v 1.053827 0.108900 -0.065031
v 1.015383 0.105193 -0.054650
v 1.053885 0.106873 -0.054650
v 1.053885 0.106873 -0.054650
v 1.015383 0.105193 -0.054650
v 1.053827 0.108900 -0.065031
v 0.936902 0.112703 -0.065031
v 1.053827 0.108900 -0.065031
v 1.092798 0.109423 -0.065031
v 1.092798 0.109423 -0.065031
v 1.053827 0.108900 -0.065031
v 0.936902 0.112703 -0.065031
v 0.975667 0.116746 -0.065031
v 0.936710 0.114313 -0.064925
v 0.936902 0.112703 -0.065031
v 0.936902 0.112703 -0.065031
v 0.936710 0.114313 -0.064925
v 0.975667 0.116746 -0.065031
v 0.936710 0.114313 -0.064925
v 0.897800 0.110672 -0.064608
v 0.898037 0.109096 -0.064925
v 0.898037 0.109096 -0.064925
v 0.897800 0.110672 -0.064608
v 0.936710 0.114313 -0.064925
v 0.897800 0.110672 -0.064608
v 0.858980 0.105798 -0.064086
v 0.859255 0.104284 -0.064608
v 0.859255 0.104284 -0.064608
v 0.858980 0.105798 -0.064086
v 0.897800 0.110672 -0.064608
v 0.858980 0.105798 -0.064086
v 0.820296 0.099666 -0.063367
v 0.820599 0.098241 -0.064086
v 0.820599 0.098241 -0.064086
v 0.820296 0.099666 -0.063367
v 0.858980 0.105798 -0.064086
v 0.820296 0.099666 -0.063367
v 0.781797 0.092258 -0.062464
v 0.782118 0.090945 -0.063367
v 0.782118 0.090945 -0.063367
v 0.781797 0.092258 -0.062464
v 0.820296 0.099666 -0.063367
v 0.781797 0.092258 -0.062464
v 0.743534 0.083557 -0.061393
v 0.743860 0.082379 -0.062464
v 0.743860 0.082379 -0.062464
v 0.743534 0.083557 -0.061393
v 0.781797 0.092258 -0.062464
v 0.705876 0.072528 -0.061393
v 0.743860 0.082379 -0.062464
v 0.743534 0.083557 -0.061393
v 0.743534 0.083557 -0.061393
v 0.743860 0.082379 -0.062464
v 0.705876 0.072528 -0.061393
v 0.936084 0.119546 -0.019573
v 0.897330 0.113803 -0.010809
v 0.897254 0.114308 -0.019573
v 0.897254 0.114308 -0.019573
v 0.897330 0.113803 -0.010809
v 0.936084 0.119546 -0.019573
v 0.935983 0.120390 -0.028310
v 0.897254 0.114308 -0.019573
v 0.897127 0.115149 -0.028310
v 0.897127 0.115149 -0.028310
v 0.897254 0.114308 -0.019573
v 0.935983 0.120390 -0.028310
v 0.935842 0.121570 -0.037007
v 0.897127 0.115149 -0.028310
v 0.896951 0.116324 -0.037007
v 0.896951 0.116324 -0.037007
v 0.897127 0.115149 -0.028310
v 0.935842 0.121570 -0.037007
v 0.935661 0.123084 -0.045652
v 0.896951 0.116324 -0.037007
v 0.896724 0.117832 -0.045652
v 0.896724 0.117832 -0.045652
v 0.896951 0.116324 -0.037007
v 0.935661 0.123084 -0.045652
v 0.935441 0.124931 -0.054231
v 0.896724 0.117832 -0.045652
v 0.896448 0.119671 -0.054231
v 0.896448 0.119671 -0.054231
v 0.896724 0.117832 -0.045652
v 0.935441 0.124931 -0.054231
v 0.896448 0.119671 -0.054231
v 0.857688 0.112926 -0.055824
v 0.896495 0.119357 -0.055824
v 0.896495 0.119357 -0.055824
v 0.857688 0.112926 -0.055824
v 0.896448 0.119671 -0.054231
v 0.936145 0.119039 -0.010809
v 0.897355 0.113634 -0.002033
v 0.897330 0.113803 -0.010809
v 0.897330 0.113803 -0.010809
v 0.897355 0.113634 -0.002033
v 0.936145 0.119039 -0.010809
v 0.857688 0.112926 -0.055824
v 0.819201 0.104816 -0.057363
v 0.857781 0.112412 -0.057363
v 0.857781 0.112412 -0.057363
v 0.819201 0.104816 -0.057363
v 0.857688 0.112926 -0.055824
v 0.936145 0.119039 0.006744
v 0.897355 0.113634 -0.002033
v 0.936165 0.118869 -0.002033
v 0.936165 0.118869 -0.002033
v 0.897355 0.113634 -0.002033
v 0.936145 0.119039 0.006744
v 0.975055 0.123610 0.015507
v 0.936145 0.119039 0.006744
v 0.975101 0.123101 0.006744
v 0.975101 0.123101 0.006744
v 0.936145 0.119039 0.006744
v 0.975055 0.123610 0.015507
v 1.014081 0.127346 0.024244
v 0.975055 0.123610 0.015507
v 1.014131 0.126497 0.015507
v 1.014131 0.126497 0.015507
v 0.975055 0.123610 0.015507
v 1.014081 0.127346 0.024244
v 1.013904 0.130356 0.054755
v 0.974792 0.126561 0.056106
v 0.974712 0.127460 0.054755
v 0.974712 0.127460 0.054755
v 0.974792 0.126561 0.056106
v 1.013904 0.130356 0.054755
v 0.819201 0.104816 -0.057363
v 0.781039 0.095362 -0.058820
v 0.819351 0.104113 -0.058820
v 0.819351 0.104113 -0.058820
v 0.781039 0.095362 -0.058820
v 0.819201 0.104816 -0.057363
v 0.781039 0.095362 -0.058820
v 0.743248 0.084589 -0.060171
v 0.781253 0.094485 -0.060171
v 0.781253 0.094485 -0.060171
v 0.743248 0.084589 -0.060171
v 0.781039 0.095362 -0.058820
v 0.743248 0.084589 -0.060171
v 0.705876 0.072528 -0.061393
v 0.743534 0.083557 -0.061393
v 0.743534 0.083557 -0.061393
v 0.705876 0.072528 -0.061393
v 0.743248 0.084589 -0.060171
v 0.974888 0.125494 0.057327
v 1.013957 0.129455 0.056106
v 1.014020 0.128385 0.057327
v 1.014020 0.128385 0.057327
v 1.013957 0.129455 0.056106
v 0.974888 0.125494 0.057327
v 1.053192 0.131166 0.056106
v 1.014020 0.128385 0.057327
v 1.013957 0.129455 0.056106
v 1.013957 0.129455 0.056106
v 1.014020 0.128385 0.057327
v 1.053192 0.131166 0.056106
v 0.974792 0.126561 0.056106
v 1.013904 0.130356 0.054755
v 1.013957 0.129455 0.056106
v 1.013957 0.129455 0.056106
v 1.013904 0.130356 0.054755
v 0.974792 0.126561 0.056106
v 1.053291 0.127694 0.006744
v 1.092538 0.128732 0.015507
v 1.053276 0.128205 0.015507
v 1.053276 0.128205 0.015507
v 1.092538 0.128732 0.015507
v 1.053291 0.127694 0.006744
v 1.014161 0.125987 0.006744
v 1.053276 0.128205 0.015507
v 1.014131 0.126497 0.015507
v 1.014131 0.126497 0.015507
v 1.053276 0.128205 0.015507
v 1.014161 0.125987 0.006744
v 1.092884 0.102956 0.008543
v 1.092538 0.128732 0.015507
v 1.092545 0.128221 0.006744
v 1.092545 0.128221 0.006744
v 1.092538 0.128732 0.015507
v 1.092884 0.102956 0.008543
v 1.054016 0.102248 -0.002033
v 1.092884 0.102956 0.008543
v 1.092887 0.102770 -0.002033
v 1.092887 0.102770 -0.002033
v 1.092884 0.102956 0.008543
v 1.054016 0.102248 -0.002033
v 1.053969 0.103916 -0.033707
v 1.092847 0.105733 -0.044205
v 1.053932 0.105211 -0.044205
v 0.935860 0.121424 0.057327
v 0.974792 0.126561 0.056106
v 0.974888 0.125494 0.057327
v 0.974888 0.125494 0.057327
v 0.974792 0.126561 0.056106
v 0.935860 0.121424 0.057327
v 1.053932 0.105211 -0.044205
v 1.092825 0.107396 -0.054650
v 1.053885 0.106873 -0.054650
v 1.053885 0.106873 -0.054650
v 1.092825 0.107396 -0.054650
v 1.053932 0.105211 -0.044205
v 1.053885 0.106873 -0.054650
v 1.092798 0.109423 -0.065031
v 1.053827 0.108900 -0.065031
v 1.053827 0.108900 -0.065031
v 1.092798 0.109423 -0.065031
v 1.053885 0.106873 -0.054650
v 0.936902 0.112703 -0.065031
v 1.092798 0.109423 -0.065031
v 1.092631 0.121842 -0.065031
v 1.092631 0.121842 -0.065031
v 1.092798 0.109423 -0.065031
v 0.936902 0.112703 -0.065031
v 0.936710 0.114313 -0.064925
v 0.975667 0.116746 -0.065031
v 0.975523 0.118361 -0.064925
v 0.975523 0.118361 -0.064925
v 0.975667 0.116746 -0.065031
v 0.936710 0.114313 -0.064925
v 0.936902 0.112703 -0.065031
v 1.092631 0.121842 -0.065031
v 0.975667 0.116746 -0.065031
v 0.975667 0.116746 -0.065031
v 1.092631 0.121842 -0.065031
v 0.936902 0.112703 -0.065031
v 0.897800 0.110672 -0.064608
v 0.936710 0.114313 -0.064925
v 0.936521 0.115895 -0.064608
v 0.936521 0.115895 -0.064608
v 0.936710 0.114313 -0.064925
v 0.897800 0.110672 -0.064608
v 0.858980 0.105798 -0.064086
v 0.897800 0.110672 -0.064608
v 0.897572 0.112193 -0.064086
v 0.897572 0.112193 -0.064086
v 0.897800 0.110672 -0.064608
v 0.858980 0.105798 -0.064086
v 0.820296 0.099666 -0.063367
v 0.858980 0.105798 -0.064086
v 0.858720 0.107231 -0.063367
v 0.858720 0.107231 -0.063367
v 0.858980 0.105798 -0.064086
v 0.820296 0.099666 -0.063367
v 0.781797 0.092258 -0.062464
v 0.820296 0.099666 -0.063367
v 0.820015 0.100987 -0.062464
v 0.820015 0.100987 -0.062464
v 0.820296 0.099666 -0.063367
v 0.781797 0.092258 -0.062464
v 0.743534 0.083557 -0.061393
v 0.781797 0.092258 -0.062464
v 0.781507 0.093444 -0.061393
v 0.781507 0.093444 -0.061393
v 0.781797 0.092258 -0.062464
v 0.743534 0.083557 -0.061393
v 0.897330 0.113803 -0.010809
v 0.936084 0.119546 -0.019573
v 0.936145 0.119039 -0.010809
v 0.936145 0.119039 -0.010809
v 0.936084 0.119546 -0.019573
v 0.897330 0.113803 -0.010809
v 0.897254 0.114308 -0.019573
v 0.935983 0.120390 -0.028310
v 0.936084 0.119546 -0.019573
v 0.936084 0.119546 -0.019573
v 0.935983 0.120390 -0.028310
v 0.897254 0.114308 -0.019573
v 0.897127 0.115149 -0.028310
v 0.935842 0.121570 -0.037007
v 0.935983 0.120390 -0.028310
v 0.935983 0.120390 -0.028310
v 0.935842 0.121570 -0.037007
v 0.897127 0.115149 -0.028310
v 0.896951 0.116324 -0.037007
v 0.935661 0.123084 -0.045652
v 0.935842 0.121570 -0.037007
v 0.935842 0.121570 -0.037007
v 0.935661 0.123084 -0.045652
v 0.896951 0.116324 -0.037007
v 0.896724 0.117832 -0.045652
v 0.935441 0.124931 -0.054231
v 0.935661 0.123084 -0.045652
v 0.935661 0.123084 -0.045652
v 0.935441 0.124931 -0.054231
v 0.896724 0.117832 -0.045652
v 0.896495 0.119357 -0.055824
v 0.935441 0.124931 -0.054231
v 0.896448 0.119671 -0.054231
v 0.896448 0.119671 -0.054231
v 0.935441 0.124931 -0.054231
v 0.896495 0.119357 -0.055824
v 0.857781 0.112412 -0.057363
v 0.896495 0.119357 -0.055824
v 0.857688 0.112926 -0.055824
v 0.857688 0.112926 -0.055824
v 0.896495 0.119357 -0.055824
v 0.857781 0.112412 -0.057363
v 0.897355 0.113634 -0.002033
v 0.936145 0.119039 -0.010809
v 0.936165 0.118869 -0.002033
v 0.936165 0.118869 -0.002033
v 0.936145 0.119039 -0.010809
v 0.897355 0.113634 -0.002033
v 0.819351 0.104113 -0.058820
v 0.857781 0.112412 -0.057363
v 0.819201 0.104816 -0.057363
v 0.819201 0.104816 -0.057363
v 0.857781 0.112412 -0.057363
v 0.819351 0.104113 -0.058820
v 0.936165 0.118869 -0.002033
v 0.975101 0.123101 0.006744
v 0.936145 0.119039 0.006744
v 0.936145 0.119039 0.006744
v 0.975101 0.123101 0.006744
v 0.936165 0.118869 -0.002033
v 0.975101 0.123101 0.006744
v 1.014131 0.126497 0.015507
v 0.975055 0.123610 0.015507
v 0.975055 0.123610 0.015507
v 1.014131 0.126497 0.015507
v 0.975101 0.123101 0.006744
v 0.781253 0.094485 -0.060171
v 0.819351 0.104113 -0.058820
v 0.781039 0.095362 -0.058820
v 0.781039 0.095362 -0.058820
v 0.819351 0.104113 -0.058820
v 0.781253 0.094485 -0.060171
v 0.743534 0.083557 -0.061393
v 0.781253 0.094485 -0.060171
v 0.743248 0.084589 -0.060171
v 0.743248 0.084589 -0.060171
v 0.781253 0.094485 -0.060171
v 0.743534 0.083557 -0.061393
v 1.013957 0.129455 0.056106
v 0.974888 0.125494 0.057327
v 0.974792 0.126561 0.056106
v 0.974792 0.126561 0.056106
v 0.974888 0.125494 0.057327
v 1.013957 0.129455 0.056106
v 1.092538 0.128732 0.015507
v 1.053291 0.127694 0.006744
v 1.092545 0.128221 0.006744
v 1.092545 0.128221 0.006744
v 1.053291 0.127694 0.006744
v 1.092538 0.128732 0.015507
v 1.053276 0.128205 0.015507
v 1.014161 0.125987 0.006744
v 1.053291 0.127694 0.006744
v 1.053291 0.127694 0.006744
v 1.014161 0.125987 0.006744
v 1.053276 0.128205 0.015507
v 1.014131 0.126497 0.015507
v 0.975101 0.123101 0.006744
v 1.014161 0.125987 0.006744
v 1.014161 0.125987 0.006744
v 0.975101 0.123101 0.006744
v 1.014131 0.126497 0.015507
v 1.092884 0.102956 0.008543
v 1.092545 0.128221 0.006744
v 1.092887 0.102770 -0.002033
v 1.092887 0.102770 -0.002033
v 1.092545 0.128221 0.006744
v 1.092884 0.102956 0.008543
v 1.092884 0.102956 -0.012608
v 1.054016 0.102248 -0.002033
v 1.092887 0.102770 -0.002033
v 1.092887 0.102770 -0.002033
v 1.054016 0.102248 -0.002033
v 1.092884 0.102956 -0.012608
v 1.092847 0.105733 -0.044205
v 1.053969 0.103916 -0.033707
v 1.092865 0.104438 -0.033707
v 1.053932 0.105211 -0.044205
v 1.092847 0.105733 -0.044205
v 1.053969 0.103916 -0.033707
v 1.092865 0.104438 -0.033707
v 1.053969 0.103916 -0.033707
v 1.092847 0.105733 -0.044205
v 1.092825 0.107396 -0.054650
v 1.053932 0.105211 -0.044205
v 1.092847 0.105733 -0.044205
v 1.092847 0.105733 -0.044205
v 1.053932 0.105211 -0.044205
v 1.092825 0.107396 -0.054650
v 1.092798 0.109423 -0.065031
v 1.053885 0.106873 -0.054650
v 1.092825 0.107396 -0.054650
v 1.092825 0.107396 -0.054650
v 1.053885 0.106873 -0.054650
v 1.092798 0.109423 -0.065031
v 1.092798 0.109423 -0.065031
v 1.092609 0.123463 -0.064925
v 1.092631 0.121842 -0.065031
v 1.092631 0.121842 -0.065031
v 1.092609 0.123463 -0.064925
v 1.092798 0.109423 -0.065031
v 1.014535 0.119618 -0.065031
v 0.975523 0.118361 -0.064925
v 0.975667 0.116746 -0.065031
v 0.975667 0.116746 -0.065031
v 0.975523 0.118361 -0.064925
v 1.014535 0.119618 -0.065031
v 0.975523 0.118361 -0.064925
v 0.936521 0.115895 -0.064608
v 0.936710 0.114313 -0.064925
v 0.936710 0.114313 -0.064925
v 0.936521 0.115895 -0.064608
v 0.975523 0.118361 -0.064925
v 0.975667 0.116746 -0.065031
v 1.092631 0.121842 -0.065031
v 1.014535 0.119618 -0.065031
v 1.014535 0.119618 -0.065031
v 1.092631 0.121842 -0.065031
v 0.975667 0.116746 -0.065031
v 0.936521 0.115895 -0.064608
v 0.897572 0.112193 -0.064086
v 0.897800 0.110672 -0.064608
v 0.897800 0.110672 -0.064608
v 0.897572 0.112193 -0.064086
v 0.936521 0.115895 -0.064608
v 0.897572 0.112193 -0.064086
v 0.858720 0.107231 -0.063367
v 0.858980 0.105798 -0.064086
v 0.858980 0.105798 -0.064086
v 0.858720 0.107231 -0.063367
v 0.897572 0.112193 -0.064086
v 0.858720 0.107231 -0.063367
v 0.820015 0.100987 -0.062464
v 0.820296 0.099666 -0.063367
v 0.820296 0.099666 -0.063367
v 0.820015 0.100987 -0.062464
v 0.858720 0.107231 -0.063367
v 0.820015 0.100987 -0.062464
v 0.781507 0.093444 -0.061393
v 0.781797 0.092258 -0.062464
v 0.781797 0.092258 -0.062464
v 0.781507 0.093444 -0.061393
v 0.820015 0.100987 -0.062464
v 0.781253 0.094485 -0.060171
v 0.743534 0.083557 -0.061393
v 0.781507 0.093444 -0.061393
v 0.781507 0.093444 -0.061393
v 0.743534 0.083557 -0.061393
v 0.781253 0.094485 -0.060171
v 0.975055 0.123610 -0.019573
v 0.936145 0.119039 -0.010809
v 0.936084 0.119546 -0.019573
v 0.936084 0.119546 -0.019573
v 0.936145 0.119039 -0.010809
v 0.975055 0.123610 -0.019573
v 0.974980 0.124457 -0.028310
v 0.936084 0.119546 -0.019573
v 0.935983 0.120390 -0.028310
v 0.935983 0.120390 -0.028310
v 0.936084 0.119546 -0.019573
v 0.974980 0.124457 -0.028310
v 0.974874 0.125641 -0.037007
v 0.935983 0.120390 -0.028310
v 0.935842 0.121570 -0.037007
v 0.935842 0.121570 -0.037007
v 0.935983 0.120390 -0.028310
v 0.974874 0.125641 -0.037007
v 0.974739 0.127160 -0.045652
v 0.935842 0.121570 -0.037007
v 0.935661 0.123084 -0.045652
v 0.935661 0.123084 -0.045652
v 0.935842 0.121570 -0.037007
v 0.974739 0.127160 -0.045652
v 0.974574 0.129012 -0.054231
v 0.935661 0.123084 -0.045652
v 0.935441 0.124931 -0.054231
v 0.935441 0.124931 -0.054231
v 0.935661 0.123084 -0.045652
v 0.974574 0.129012 -0.054231
v 0.935441 0.124931 -0.054231
v 0.896495 0.119357 -0.055824
v 0.935478 0.124616 -0.055824
v 0.935478 0.124616 -0.055824
v 0.896495 0.119357 -0.055824
v 0.935441 0.124931 -0.054231
v 0.896495 0.119357 -0.055824
v 0.857781 0.112412 -0.057363
v 0.896573 0.118841 -0.057363
v 0.896573 0.118841 -0.057363
v 0.857781 0.112412 -0.057363
v 0.896495 0.119357 -0.055824
v 0.975101 0.123101 -0.010809
v 0.936165 0.118869 -0.002033
v 0.936145 0.119039 -0.010809
v 0.936145 0.119039 -0.010809
v 0.936165 0.118869 -0.002033
v 0.975101 0.123101 -0.010809
v 0.857781 0.112412 -0.057363
v 0.819351 0.104113 -0.058820
v 0.857909 0.111705 -0.058820
v 0.857909 0.111705 -0.058820
v 0.819351 0.104113 -0.058820
v 0.857781 0.112412 -0.057363
v 0.975101 0.123101 0.006744
v 0.936165 0.118869 -0.002033
v 0.975116 0.122932 -0.002033
v 0.975116 0.122932 -0.002033
v 0.936165 0.118869 -0.002033
v 0.975101 0.123101 0.006744
v 0.819351 0.104113 -0.058820
v 0.781253 0.094485 -0.060171
v 0.819538 0.103230 -0.060171
v 0.819538 0.103230 -0.060171
v 0.781253 0.094485 -0.060171
v 0.819351 0.104113 -0.058820
v 1.053296 0.127524 -0.002033
v 1.092545 0.128221 0.006744
v 1.053291 0.127694 0.006744
v 1.053291 0.127694 0.006744
v 1.092545 0.128221 0.006744
v 1.053296 0.127524 -0.002033
v 1.014171 0.125817 -0.002033
v 1.053291 0.127694 0.006744
v 1.014161 0.125987 0.006744
v 1.014161 0.125987 0.006744
v 1.053291 0.127694 0.006744
v 1.014171 0.125817 -0.002033
v 0.975116 0.122932 -0.002033
v 1.014161 0.125987 0.006744
v 0.975101 0.123101 0.006744
v 0.975101 0.123101 0.006744
v 1.014161 0.125987 0.006744
v 0.975116 0.122932 -0.002033
v 1.092887 0.102770 -0.002033
v 1.092545 0.128221 0.006744
v 1.092547 0.128051 -0.002033
v 1.092547 0.128051 -0.002033
v 1.092545 0.128221 0.006744
v 1.092887 0.102770 -0.002033
v 1.054016 0.102248 -0.002033
v 1.092884 0.102956 -0.012608
v 1.054011 0.102434 -0.012608
v 1.054011 0.102434 -0.012608
v 1.092884 0.102956 -0.012608
v 1.054016 0.102248 -0.002033
v 1.053995 0.102990 -0.023171
v 1.092865 0.104438 -0.033707
v 1.053969 0.103916 -0.033707
v 1.053969 0.103916 -0.033707
v 1.092865 0.104438 -0.033707
v 1.053995 0.102990 -0.023171
v 1.092865 0.104438 -0.033707
v 1.092511 0.130770 -0.037007
v 1.092847 0.105733 -0.044205
v 1.092847 0.105733 -0.044205
v 1.092511 0.130770 -0.037007
v 1.092865 0.104438 -0.033707
v 1.092847 0.105733 -0.044205
v 1.092490 0.132295 -0.045652
v 1.092825 0.107396 -0.054650
v 1.092825 0.107396 -0.054650
v 1.092490 0.132295 -0.045652
v 1.092847 0.105733 -0.044205
v 1.092825 0.107396 -0.054650
v 1.092470 0.133837 -0.055824
v 1.092798 0.109423 -0.065031
v 1.092798 0.109423 -0.065031
v 1.092470 0.133837 -0.055824
v 1.092825 0.107396 -0.054650
v 1.092798 0.109423 -0.065031
v 1.092588 0.125056 -0.064608
v 1.092609 0.123463 -0.064925
v 1.092609 0.123463 -0.064925
v 1.092588 0.125056 -0.064608
v 1.092798 0.109423 -0.065031
v 1.053426 0.122937 -0.064925
v 1.092631 0.121842 -0.065031
v 1.092609 0.123463 -0.064925
v 1.092609 0.123463 -0.064925
v 1.092631 0.121842 -0.065031
v 1.053426 0.122937 -0.064925
v 0.975523 0.118361 -0.064925
v 1.014535 0.119618 -0.065031
v 1.014440 0.121236 -0.064925
v 1.014440 0.121236 -0.064925
v 1.014535 0.119618 -0.065031
v 0.975523 0.118361 -0.064925
v 0.936521 0.115895 -0.064608
v 0.975523 0.118361 -0.064925
v 0.975382 0.119948 -0.064608
v 0.975382 0.119948 -0.064608
v 0.975523 0.118361 -0.064925
v 0.936521 0.115895 -0.064608
v 1.014535 0.119618 -0.065031
v 1.092631 0.121842 -0.065031
v 1.053473 0.121316 -0.065031
v 1.053473 0.121316 -0.065031
v 1.092631 0.121842 -0.065031
v 1.014535 0.119618 -0.065031
v 0.897572 0.112193 -0.064086
v 0.936521 0.115895 -0.064608
v 0.936338 0.117423 -0.064086
v 0.936338 0.117423 -0.064086
v 0.936521 0.115895 -0.064608
v 0.897572 0.112193 -0.064086
v 0.858720 0.107231 -0.063367
v 0.897572 0.112193 -0.064086
v 0.897355 0.113634 -0.063367
v 0.897355 0.113634 -0.063367
v 0.897572 0.112193 -0.064086
v 0.858720 0.107231 -0.063367
v 0.820015 0.100987 -0.062464
v 0.858720 0.107231 -0.063367
v 0.858479 0.108561 -0.062464
v 0.858479 0.108561 -0.062464
v 0.858720 0.107231 -0.063367
v 0.820015 0.100987 -0.062464
v 0.781507 0.093444 -0.061393
v 0.820015 0.100987 -0.062464
v 0.819761 0.102182 -0.061393
v 0.819761 0.102182 -0.061393
v 0.820015 0.100987 -0.062464
v 0.781507 0.093444 -0.061393
v 0.781507 0.093444 -0.061393
v 0.819538 0.103230 -0.060171
v 0.781253 0.094485 -0.060171
v 0.781253 0.094485 -0.060171
v 0.819538 0.103230 -0.060171
v 0.781507 0.093444 -0.061393
v 0.936145 0.119039 -0.010809
v 0.975055 0.123610 -0.019573
v 0.975101 0.123101 -0.010809
v 0.975101 0.123101 -0.010809
v 0.975055 0.123610 -0.019573
v 0.936145 0.119039 -0.010809
v 0.936084 0.119546 -0.019573
v 0.974980 0.124457 -0.028310
v 0.975055 0.123610 -0.019573
v 0.975055 0.123610 -0.019573
v 0.974980 0.124457 -0.028310
v 0.936084 0.119546 -0.019573
v 0.935983 0.120390 -0.028310
v 0.974874 0.125641 -0.037007
v 0.974980 0.124457 -0.028310
v 0.974980 0.124457 -0.028310
v 0.974874 0.125641 -0.037007
v 0.935983 0.120390 -0.028310
v 0.935842 0.121570 -0.037007
v 0.974739 0.127160 -0.045652
v 0.974874 0.125641 -0.037007
v 0.974874 0.125641 -0.037007
v 0.974739 0.127160 -0.045652
v 0.935842 0.121570 -0.037007
v 0.935661 0.123084 -0.045652
v 0.974574 0.129012 -0.054231
v 0.974739 0.127160 -0.045652
v 0.974739 0.127160 -0.045652
v 0.974574 0.129012 -0.054231
v 0.935661 0.123084 -0.045652
v 0.935478 0.124616 -0.055824
v 0.974574 0.129012 -0.054231
v 0.935441 0.124931 -0.054231
v 0.935441 0.124931 -0.054231
v 0.974574 0.129012 -0.054231
v 0.935478 0.124616 -0.055824
v 0.896573 0.118841 -0.057363
v 0.935478 0.124616 -0.055824
v 0.896495 0.119357 -0.055824
v 0.896495 0.119357 -0.055824
v 0.935478 0.124616 -0.055824
v 0.896573 0.118841 -0.057363
v 0.857909 0.111705 -0.058820
v 0.896573 0.118841 -0.057363
v 0.857781 0.112412 -0.057363
v 0.857781 0.112412 -0.057363
v 0.896573 0.118841 -0.057363
v 0.857909 0.111705 -0.058820
v 0.936165 0.118869 -0.002033
v 0.975101 0.123101 -0.010809
v 0.975116 0.122932 -0.002033
v 0.975116 0.122932 -0.002033
v 0.975101 0.123101 -0.010809
v 0.936165 0.118869 -0.002033
v 0.819538 0.103230 -0.060171
v 0.857909 0.111705 -0.058820
v 0.819351 0.104113 -0.058820
v 0.819351 0.104113 -0.058820
v 0.857909 0.111705 -0.058820
v 0.819538 0.103230 -0.060171
v 1.092545 0.128221 0.006744
v 1.053296 0.127524 -0.002033
v 1.092547 0.128051 -0.002033
v 1.092547 0.128051 -0.002033
v 1.053296 0.127524 -0.002033
v 1.092545 0.128221 0.006744
v 1.053291 0.127694 0.006744
v 1.014171 0.125817 -0.002033
v 1.053296 0.127524 -0.002033
v 1.053296 0.127524 -0.002033
v 1.014171 0.125817 -0.002033
v 1.053291 0.127694 0.006744
v 1.014161 0.125987 0.006744
v 0.975116 0.122932 -0.002033
v 1.014171 0.125817 -0.002033
v 1.014171 0.125817 -0.002033
v 0.975116 0.122932 -0.002033
v 1.014161 0.125987 0.006744
v 1.092887 0.102770 -0.002033
v 1.092547 0.128051 -0.002033
v 1.092545 0.128221 -0.010809
v 1.092545 0.128221 -0.010809
v 1.092547 0.128051 -0.002033
v 1.092887 0.102770 -0.002033
v 1.092877 0.103512 -0.023171
v 1.054011 0.102434 -0.012608
v 1.092884 0.102956 -0.012608
v 1.092884 0.102956 -0.012608
v 1.054011 0.102434 -0.012608
v 1.092877 0.103512 -0.023171
v 1.092865 0.104438 -0.033707
v 1.053995 0.102990 -0.023171
v 1.092877 0.103512 -0.023171
v 1.092877 0.103512 -0.023171
v 1.053995 0.102990 -0.023171
v 1.092865 0.104438 -0.033707
v 1.092865 0.104438 -0.033707
v 1.092527 0.129582 -0.028310
v 1.092511 0.130770 -0.037007
v 1.092511 0.130770 -0.037007
v 1.092527 0.129582 -0.028310
v 1.092865 0.104438 -0.033707
v 1.092847 0.105733 -0.044205
v 1.092511 0.130770 -0.037007
v 1.092490 0.132295 -0.045652
v 1.092490 0.132295 -0.045652
v 1.092511 0.130770 -0.037007
v 1.092847 0.105733 -0.044205
v 1.092825 0.107396 -0.054650
v 1.092490 0.132295 -0.045652
v 1.092465 0.134154 -0.054231
v 1.092465 0.134154 -0.054231
v 1.092490 0.132295 -0.045652
v 1.092825 0.107396 -0.054650
v 1.092825 0.107396 -0.054650
v 1.092465 0.134154 -0.054231
v 1.092470 0.133837 -0.055824
v 1.092470 0.133837 -0.055824
v 1.092465 0.134154 -0.054231
v 1.092825 0.107396 -0.054650
v 1.092798 0.109423 -0.065031
v 1.092470 0.133837 -0.055824
v 1.092477 0.133315 -0.057363
v 1.092477 0.133315 -0.057363
v 1.092470 0.133837 -0.055824
v 1.092798 0.109423 -0.065031
v 1.092798 0.109423 -0.065031
v 1.092567 0.126594 -0.064086
v 1.092588 0.125056 -0.064608
v 1.092588 0.125056 -0.064608
v 1.092567 0.126594 -0.064086
v 1.092798 0.109423 -0.065031
v 1.053381 0.124529 -0.064608
v 1.092609 0.123463 -0.064925
v 1.092588 0.125056 -0.064608
v 1.092588 0.125056 -0.064608
v 1.092609 0.123463 -0.064925
v 1.053381 0.124529 -0.064608
v 1.092631 0.121842 -0.065031
v 1.053426 0.122937 -0.064925
v 1.053473 0.121316 -0.065031
v 1.053473 0.121316 -0.065031
v 1.053426 0.122937 -0.064925
v 1.092631 0.121842 -0.065031
v 1.092609 0.123463 -0.064925
v 1.053381 0.124529 -0.064608
v 1.053426 0.122937 -0.064925
v 1.053426 0.122937 -0.064925
v 1.053381 0.124529 -0.064608
v 1.092609 0.123463 -0.064925
v 1.053473 0.121316 -0.065031
v 1.014440 0.121236 -0.064925
v 1.014535 0.119618 -0.065031
v 1.014535 0.119618 -0.065031
v 1.014440 0.121236 -0.064925
v 1.053473 0.121316 -0.065031
v 1.014440 0.121236 -0.064925
v 0.975382 0.119948 -0.064608
v 0.975523 0.118361 -0.064925
v 0.975523 0.118361 -0.064925
v 0.975382 0.119948 -0.064608
v 1.014440 0.121236 -0.064925
v 0.975382 0.119948 -0.064608
v 0.936338 0.117423 -0.064086
v 0.936521 0.115895 -0.064608
v 0.936521 0.115895 -0.064608
v 0.936338 0.117423 -0.064086
v 0.975382 0.119948 -0.064608
v 0.936338 0.117423 -0.064086
v 0.897355 0.113634 -0.063367
v 0.897572 0.112193 -0.064086
v 0.897572 0.112193 -0.064086
v 0.897355 0.113634 -0.063367
v 0.936338 0.117423 -0.064086
v 0.897355 0.113634 -0.063367
v 0.858479 0.108561 -0.062464
v 0.858720 0.107231 -0.063367
v 0.858720 0.107231 -0.063367
v 0.858479 0.108561 -0.062464
v 0.897355 0.113634 -0.063367
v 0.858479 0.108561 -0.062464
v 0.819761 0.102182 -0.061393
v 0.820015 0.100987 -0.062464
v 0.820015 0.100987 -0.062464
v 0.819761 0.102182 -0.061393
v 0.858479 0.108561 -0.062464
v 0.819538 0.103230 -0.060171
v 0.781507 0.093444 -0.061393
v 0.819761 0.102182 -0.061393
v 0.819761 0.102182 -0.061393
v 0.781507 0.093444 -0.061393
v 0.819538 0.103230 -0.060171
v 1.014131 0.126497 -0.019573
v 0.975101 0.123101 -0.010809
v 0.975055 0.123610 -0.019573
v 0.975055 0.123610 -0.019573
v 0.975101 0.123101 -0.010809
v 1.014131 0.126497 -0.019573
v 1.014081 0.127346 -0.028310
v 0.975055 0.123610 -0.019573
v 0.974980 0.124457 -0.028310
v 0.974980 0.124457 -0.028310
v 0.975055 0.123610 -0.019573
v 1.014081 0.127346 -0.028310
v 1.014012 0.128532 -0.037007
v 0.974980 0.124457 -0.028310
v 0.974874 0.125641 -0.037007
v 0.974874 0.125641 -0.037007
v 0.974980 0.124457 -0.028310
v 1.014012 0.128532 -0.037007
v 1.013922 0.130055 -0.045652
v 0.974874 0.125641 -0.037007
v 0.974739 0.127160 -0.045652
v 0.974739 0.127160 -0.045652
v 0.974874 0.125641 -0.037007
v 1.013922 0.130055 -0.045652
v 1.013813 0.131911 -0.054231
v 0.974739 0.127160 -0.045652
v 0.974574 0.129012 -0.054231
v 0.974574 0.129012 -0.054231
v 0.974739 0.127160 -0.045652
v 1.013813 0.131911 -0.054231
v 0.974574 0.129012 -0.054231
v 0.935478 0.124616 -0.055824
v 0.974602 0.128696 -0.055824
v 0.974602 0.128696 -0.055824
v 0.935478 0.124616 -0.055824
v 0.974574 0.129012 -0.054231
v 0.935478 0.124616 -0.055824
v 0.896573 0.118841 -0.057363
v 0.935540 0.124097 -0.057363
v 0.935540 0.124097 -0.057363
v 0.896573 0.118841 -0.057363
v 0.935478 0.124616 -0.055824
v 0.896573 0.118841 -0.057363
v 0.857909 0.111705 -0.058820
v 0.896679 0.118130 -0.058820
v 0.896679 0.118130 -0.058820
v 0.857909 0.111705 -0.058820
v 0.896573 0.118841 -0.057363
v 1.014161 0.125987 -0.010809
v 0.975116 0.122932 -0.002033
v 0.975101 0.123101 -0.010809
v 0.975101 0.123101 -0.010809
v 0.975116 0.122932 -0.002033
v 1.014161 0.125987 -0.010809
v 0.857909 0.111705 -0.058820
v 0.819538 0.103230 -0.060171
v 0.858070 0.110817 -0.060171
v 0.858070 0.110817 -0.060171
v 0.819538 0.103230 -0.060171
v 0.857909 0.111705 -0.058820
v 1.053296 0.127524 -0.002033
v 1.092545 0.128221 -0.010809
v 1.092547 0.128051 -0.002033
v 1.092547 0.128051 -0.002033
v 1.092545 0.128221 -0.010809
v 1.053296 0.127524 -0.002033
v 1.014171 0.125817 -0.002033
v 1.053291 0.127694 -0.010809
v 1.053296 0.127524 -0.002033
v 1.053296 0.127524 -0.002033
v 1.053291 0.127694 -0.010809
v 1.014171 0.125817 -0.002033
v 0.975116 0.122932 -0.002033
v 1.014161 0.125987 -0.010809
v 1.014171 0.125817 -0.002033
v 1.014171 0.125817 -0.002033
v 1.014161 0.125987 -0.010809
v 0.975116 0.122932 -0.002033
v 1.092887 0.102770 -0.002033
v 1.092545 0.128221 -0.010809
v 1.092884 0.102956 -0.012608
v 1.092884 0.102956 -0.012608
v 1.092545 0.128221 -0.010809
v 1.092887 0.102770 -0.002033
v 1.054011 0.102434 -0.012608
v 1.092877 0.103512 -0.023171
v 1.053995 0.102990 -0.023171
v 1.053995 0.102990 -0.023171
v 1.092877 0.103512 -0.023171
v 1.054011 0.102434 -0.012608
v 1.092884 0.102956 -0.012608
v 1.092538 0.128732 -0.019573
v 1.092877 0.103512 -0.023171
v 1.092877 0.103512 -0.023171
v 1.092527 0.129582 -0.028310
v 1.092865 0.104438 -0.033707
v 1.092865 0.104438 -0.033707
v 1.092527 0.129582 -0.028310
v 1.092877 0.103512 -0.023171
v 1.053252 0.129055 -0.028310
v 1.092511 0.130770 -0.037007
v 1.092527 0.129582 -0.028310
v 1.092527 0.129582 -0.028310
v 1.092511 0.130770 -0.037007
v 1.053252 0.129055 -0.028310
v 1.053218 0.130243 -0.037007
v 1.092490 0.132295 -0.045652
v 1.092511 0.130770 -0.037007
v 1.092511 0.130770 -0.037007
v 1.092490 0.132295 -0.045652
v 1.053218 0.130243 -0.037007
v 1.053175 0.131767 -0.045652
v 1.092465 0.134154 -0.054231
v 1.092490 0.132295 -0.045652
v 1.092490 0.132295 -0.045652
v 1.092465 0.134154 -0.054231
v 1.053175 0.131767 -0.045652
v 1.092465 0.134154 -0.054231
v 1.053131 0.133309 -0.055824
v 1.092470 0.133837 -0.055824
v 1.092470 0.133837 -0.055824
v 1.053131 0.133309 -0.055824
v 1.092465 0.134154 -0.054231
v 1.092470 0.133837 -0.055824
v 1.053145 0.132787 -0.057363
v 1.092477 0.133315 -0.057363
v 1.092477 0.133315 -0.057363
v 1.053145 0.132787 -0.057363
v 1.092470 0.133837 -0.055824
v 1.092798 0.109423 -0.065031
v 1.092477 0.133315 -0.057363
v 1.092486 0.132597 -0.058820
v 1.092486 0.132597 -0.058820
v 1.092477 0.133315 -0.057363
v 1.092798 0.109423 -0.065031
v 1.092798 0.109423 -0.065031
v 1.092547 0.128051 -0.063367
v 1.092567 0.126594 -0.064086
v 1.092567 0.126594 -0.064086
v 1.092547 0.128051 -0.063367
v 1.092798 0.109423 -0.065031
v 1.053337 0.126067 -0.064086
v 1.092588 0.125056 -0.064608
v 1.092567 0.126594 -0.064086
v 1.092567 0.126594 -0.064086
v 1.092588 0.125056 -0.064608
v 1.053337 0.126067 -0.064086
v 1.092588 0.125056 -0.064608
v 1.053337 0.126067 -0.064086
v 1.053381 0.124529 -0.064608
v 1.053381 0.124529 -0.064608
v 1.053337 0.126067 -0.064086
v 1.092588 0.125056 -0.064608
v 1.014440 0.121236 -0.064925
v 1.053473 0.121316 -0.065031
v 1.053426 0.122937 -0.064925
v 1.053426 0.122937 -0.064925
v 1.053473 0.121316 -0.065031
v 1.014440 0.121236 -0.064925
v 1.014347 0.122827 -0.064608
v 1.053426 0.122937 -0.064925
v 1.053381 0.124529 -0.064608
v 1.053381 0.124529 -0.064608
v 1.053426 0.122937 -0.064925
v 1.014347 0.122827 -0.064608
v 0.975382 0.119948 -0.064608
v 1.014440 0.121236 -0.064925
v 1.014347 0.122827 -0.064608
v 1.014347 0.122827 -0.064608
v 1.014440 0.121236 -0.064925
v 0.975382 0.119948 -0.064608
v 0.936338 0.117423 -0.064086
v 0.975382 0.119948 -0.064608
v 0.975245 0.121480 -0.064086
v 0.975245 0.121480 -0.064086
v 0.975382 0.119948 -0.064608
v 0.936338 0.117423 -0.064086
v 0.897355 0.113634 -0.063367
v 0.936338 0.117423 -0.064086
v 0.936165 0.118869 -0.063367
v 0.936165 0.118869 -0.063367
v 0.936338 0.117423 -0.064086
v 0.897355 0.113634 -0.063367
v 0.858479 0.108561 -0.062464
v 0.897355 0.113634 -0.063367
v 0.897154 0.114970 -0.062464
v 0.897154 0.114970 -0.062464
v 0.897355 0.113634 -0.063367
v 0.858479 0.108561 -0.062464
v 0.819761 0.102182 -0.061393
v 0.858479 0.108561 -0.062464
v 0.858261 0.109763 -0.061393
v 0.858261 0.109763 -0.061393
v 0.858479 0.108561 -0.062464
v 0.819761 0.102182 -0.061393
v 0.819761 0.102182 -0.061393
v 0.858070 0.110817 -0.060171
v 0.819538 0.103230 -0.060171
v 0.819538 0.103230 -0.060171
v 0.858070 0.110817 -0.060171
v 0.819761 0.102182 -0.061393
v 0.975101 0.123101 -0.010809
v 1.014131 0.126497 -0.019573
v 1.014161 0.125987 -0.010809
v 1.014161 0.125987 -0.010809
v 1.014131 0.126497 -0.019573
v 0.975101 0.123101 -0.010809
v 0.975055 0.123610 -0.019573
v 1.014081 0.127346 -0.028310
v 1.014131 0.126497 -0.019573
v 1.014131 0.126497 -0.019573
v 1.014081 0.127346 -0.028310
v 0.975055 0.123610 -0.019573
v 0.974980 0.124457 -0.028310
v 1.014012 0.128532 -0.037007
v 1.014081 0.127346 -0.028310
v 1.014081 0.127346 -0.028310
v 1.014012 0.128532 -0.037007
v 0.974980 0.124457 -0.028310
v 0.974874 0.125641 -0.037007
v 1.013922 0.130055 -0.045652
v 1.014012 0.128532 -0.037007
v 1.014012 0.128532 -0.037007
v 1.013922 0.130055 -0.045652
v 0.974874 0.125641 -0.037007
v 0.974739 0.127160 -0.045652
v 1.013813 0.131911 -0.054231
v 1.013922 0.130055 -0.045652
v 1.013922 0.130055 -0.045652
v 1.013813 0.131911 -0.054231
v 0.974739 0.127160 -0.045652
v 0.974602 0.128696 -0.055824
v 1.013813 0.131911 -0.054231
v 0.974574 0.129012 -0.054231
v 0.974574 0.129012 -0.054231
v 1.013813 0.131911 -0.054231
v 0.974602 0.128696 -0.055824
v 0.935540 0.124097 -0.057363
v 0.974602 0.128696 -0.055824
v 0.935478 0.124616 -0.055824
v 0.935478 0.124616 -0.055824
v 0.974602 0.128696 -0.055824
v 0.935540 0.124097 -0.057363
v 0.896679 0.118130 -0.058820
v 0.935540 0.124097 -0.057363
v 0.896573 0.118841 -0.057363
v 0.896573 0.118841 -0.057363
v 0.935540 0.124097 -0.057363
v 0.896679 0.118130 -0.058820
v 0.858070 0.110817 -0.060171
v 0.896679 0.118130 -0.058820
v 0.857909 0.111705 -0.058820
v 0.857909 0.111705 -0.058820
v 0.896679 0.118130 -0.058820
v 0.858070 0.110817 -0.060171
v 1.092545 0.128221 -0.010809
v 1.053296 0.127524 -0.002033
v 1.053291 0.127694 -0.010809
v 1.053291 0.127694 -0.010809
v 1.053296 0.127524 -0.002033
v 1.092545 0.128221 -0.010809
v 1.053291 0.127694 -0.010809
v 1.014171 0.125817 -0.002033
v 1.014161 0.125987 -0.010809
v 1.014161 0.125987 -0.010809
v 1.014171 0.125817 -0.002033
v 1.053291 0.127694 -0.010809
v 1.092884 0.102956 -0.012608
v 1.092545 0.128221 -0.010809
v 1.092538 0.128732 -0.019573
v 1.092538 0.128732 -0.019573
v 1.092545 0.128221 -0.010809
v 1.092884 0.102956 -0.012608
v 1.092877 0.103512 -0.023171
v 1.092538 0.128732 -0.019573
v 1.092884 0.102956 -0.012608
v 1.092877 0.103512 -0.023171
v 1.092538 0.128732 -0.019573
v 1.092527 0.129582 -0.028310
v 1.092527 0.129582 -0.028310
v 1.092538 0.128732 -0.019573
v 1.092877 0.103512 -0.023171
v 1.092511 0.130770 -0.037007
v 1.053252 0.129055 -0.028310
v 1.053218 0.130243 -0.037007
v 1.053218 0.130243 -0.037007
v 1.053252 0.129055 -0.028310
v 1.092511 0.130770 -0.037007
v 1.092527 0.129582 -0.028310
v 1.053276 0.128205 -0.019573
v 1.053252 0.129055 -0.028310
v 1.053252 0.129055 -0.028310
v 1.053276 0.128205 -0.019573
v 1.092527 0.129582 -0.028310
v 1.092490 0.132295 -0.045652
v 1.053218 0.130243 -0.037007
v 1.053175 0.131767 -0.045652
v 1.053175 0.131767 -0.045652
v 1.053218 0.130243 -0.037007
v 1.092490 0.132295 -0.045652
v 1.092465 0.134154 -0.054231
v 1.053175 0.131767 -0.045652
v 1.053122 0.133626 -0.054231
v 1.053122 0.133626 -0.054231
v 1.053175 0.131767 -0.045652
v 1.092465 0.134154 -0.054231
v 1.053131 0.133309 -0.055824
v 1.092465 0.134154 -0.054231
v 1.053122 0.133626 -0.054231
v 1.053122 0.133626 -0.054231
v 1.092465 0.134154 -0.054231
v 1.053131 0.133309 -0.055824
v 1.053145 0.132787 -0.057363
v 1.092470 0.133837 -0.055824
v 1.053131 0.133309 -0.055824
v 1.053131 0.133309 -0.055824
v 1.092470 0.133837 -0.055824
v 1.053145 0.132787 -0.057363
v 1.053166 0.132068 -0.058820
v 1.092477 0.133315 -0.057363
v 1.053145 0.132787 -0.057363
v 1.053145 0.132787 -0.057363
v 1.092477 0.133315 -0.057363
v 1.053166 0.132068 -0.058820
v 1.092477 0.133315 -0.057363
v 1.053166 0.132068 -0.058820
v 1.092486 0.132597 -0.058820
v 1.092486 0.132597 -0.058820
v 1.053166 0.132068 -0.058820
v 1.092477 0.133315 -0.057363
v 1.092798 0.109423 -0.065031
v 1.092486 0.132597 -0.058820
v 1.092499 0.131694 -0.060171
v 1.092499 0.131694 -0.060171
v 1.092486 0.132597 -0.058820
v 1.092798 0.109423 -0.065031
v 1.092798 0.109423 -0.065031
v 1.092529 0.129402 -0.062464
v 1.092547 0.128051 -0.063367
v 1.092547 0.128051 -0.063367
v 1.092529 0.129402 -0.062464
v 1.092798 0.109423 -0.065031
v 1.053296 0.127524 -0.063367
v 1.092567 0.126594 -0.064086
v 1.092547 0.128051 -0.063367
v 1.092547 0.128051 -0.063367
v 1.092567 0.126594 -0.064086
v 1.053296 0.127524 -0.063367
v 1.092567 0.126594 -0.064086
v 1.053296 0.127524 -0.063367
v 1.053337 0.126067 -0.064086
v 1.053337 0.126067 -0.064086
v 1.053296 0.127524 -0.063367
v 1.092567 0.126594 -0.064086
v 1.014257 0.124363 -0.064086
v 1.053381 0.124529 -0.064608
v 1.053337 0.126067 -0.064086
v 1.053337 0.126067 -0.064086
v 1.053381 0.124529 -0.064608
v 1.014257 0.124363 -0.064086
v 1.053426 0.122937 -0.064925
v 1.014347 0.122827 -0.064608
v 1.014440 0.121236 -0.064925
v 1.014440 0.121236 -0.064925
v 1.014347 0.122827 -0.064608
v 1.053426 0.122937 -0.064925
v 1.053381 0.124529 -0.064608
v 1.014257 0.124363 -0.064086
v 1.014347 0.122827 -0.064608
v 1.014347 0.122827 -0.064608
v 1.014257 0.124363 -0.064086
v 1.053381 0.124529 -0.064608
v 1.014347 0.122827 -0.064608
v 0.975245 0.121480 -0.064086
v 0.975382 0.119948 -0.064608
v 0.975382 0.119948 -0.064608
v 0.975245 0.121480 -0.064086
v 1.014347 0.122827 -0.064608
v 0.975245 0.121480 -0.064086
v 0.936165 0.118869 -0.063367
v 0.936338 0.117423 -0.064086
v 0.936338 0.117423 -0.064086
v 0.936165 0.118869 -0.063367
v 0.975245 0.121480 -0.064086
v 0.936165 0.118869 -0.063367
v 0.897154 0.114970 -0.062464
v 0.897355 0.113634 -0.063367
v 0.897355 0.113634 -0.063367
v 0.897154 0.114970 -0.062464
v 0.936165 0.118869 -0.063367
v 0.897154 0.114970 -0.062464
v 0.858261 0.109763 -0.061393
v 0.858479 0.108561 -0.062464
v 0.858479 0.108561 -0.062464
v 0.858261 0.109763 -0.061393
v 0.897154 0.114970 -0.062464
v 0.858070 0.110817 -0.060171
v 0.819761 0.102182 -0.061393
v 0.858261 0.109763 -0.061393
v 0.858261 0.109763 -0.061393
v 0.819761 0.102182 -0.061393
v 0.858070 0.110817 -0.060171
v 1.053276 0.128205 -0.019573
v 1.014161 0.125987 -0.010809
v 1.014131 0.126497 -0.019573
v 1.014131 0.126497 -0.019573
v 1.014161 0.125987 -0.010809
v 1.053276 0.128205 -0.019573
v 1.053252 0.129055 -0.028310
v 1.014131 0.126497 -0.019573
v 1.014081 0.127346 -0.028310
v 1.053175 0.131767 -0.045652
v 1.014012 0.128532 -0.037007
v 1.013922 0.130055 -0.045652
v 1.013922 0.130055 -0.045652
v 1.014012 0.128532 -0.037007
v 1.053175 0.131767 -0.045652
v 1.053122 0.133626 -0.054231
v 1.013922 0.130055 -0.045652
v 1.013813 0.131911 -0.054231
v 1.013813 0.131911 -0.054231
v 1.013922 0.130055 -0.045652
v 1.053122 0.133626 -0.054231
v 1.013813 0.131911 -0.054231
v 0.974602 0.128696 -0.055824
v 1.013832 0.131595 -0.055824
v 1.013832 0.131595 -0.055824
v 0.974602 0.128696 -0.055824
v 1.013813 0.131911 -0.054231
v 0.974602 0.128696 -0.055824
v 0.935540 0.124097 -0.057363
v 0.974649 0.128176 -0.057363
v 0.974649 0.128176 -0.057363
v 0.935540 0.124097 -0.057363
v 0.974602 0.128696 -0.055824
v 0.935540 0.124097 -0.057363
v 0.896679 0.118130 -0.058820
v 0.935625 0.123384 -0.058820
v 0.935625 0.123384 -0.058820
v 0.896679 0.118130 -0.058820
v 0.935540 0.124097 -0.057363
v 0.896679 0.118130 -0.058820
v 0.858070 0.110817 -0.060171
v 0.896814 0.117238 -0.060171
v 0.896814 0.117238 -0.060171
v 0.858070 0.110817 -0.060171
v 0.896679 0.118130 -0.058820
v 1.053291 0.127694 -0.010809
v 1.092538 0.128732 -0.019573
v 1.092545 0.128221 -0.010809
v 1.092545 0.128221 -0.010809
v 1.092538 0.128732 -0.019573
v 1.053291 0.127694 -0.010809
v 1.014161 0.125987 -0.010809
v 1.053276 0.128205 -0.019573
v 1.053291 0.127694 -0.010809
v 1.053291 0.127694 -0.010809
v 1.053276 0.128205 -0.019573
v 1.014161 0.125987 -0.010809
v 1.053276 0.128205 -0.019573
v 1.092527 0.129582 -0.028310
v 1.092538 0.128732 -0.019573
v 1.092538 0.128732 -0.019573
v 1.092527 0.129582 -0.028310
v 1.053276 0.128205 -0.019573
v 1.014081 0.127346 -0.028310
v 1.053218 0.130243 -0.037007
v 1.053252 0.129055 -0.028310
v 1.053252 0.129055 -0.028310
v 1.053218 0.130243 -0.037007
v 1.014081 0.127346 -0.028310
v 1.014131 0.126497 -0.019573
v 1.053252 0.129055 -0.028310
v 1.053276 0.128205 -0.019573
v 1.053276 0.128205 -0.019573
v 1.053252 0.129055 -0.028310
v 1.014131 0.126497 -0.019573
v 1.013922 0.130055 -0.045652
v 1.053122 0.133626 -0.054231
v 1.053175 0.131767 -0.045652
v 1.053122 0.133626 -0.054231
v 1.013832 0.131595 -0.055824
v 1.053131 0.133309 -0.055824
v 1.053131 0.133309 -0.055824
v 1.013832 0.131595 -0.055824
v 1.053122 0.133626 -0.054231
v 1.053131 0.133309 -0.055824
v 1.013862 0.131073 -0.057363
v 1.053145 0.132787 -0.057363
v 1.053145 0.132787 -0.057363
v 1.013862 0.131073 -0.057363
v 1.053131 0.133309 -0.055824
v 1.053145 0.132787 -0.057363
v 1.013904 0.130356 -0.058820
v 1.053166 0.132068 -0.058820
v 1.053166 0.132068 -0.058820
v 1.013904 0.130356 -0.058820
v 1.053145 0.132787 -0.057363
v 1.053192 0.131166 -0.060171
v 1.092486 0.132597 -0.058820
v 1.053166 0.132068 -0.058820
v 1.053166 0.132068 -0.058820
v 1.092486 0.132597 -0.058820
v 1.053192 0.131166 -0.060171
v 1.092486 0.132597 -0.058820
v 1.053192 0.131166 -0.060171
v 1.092499 0.131694 -0.060171
v 1.092499 0.131694 -0.060171
v 1.053192 0.131166 -0.060171
v 1.092486 0.132597 -0.058820
v 1.092798 0.109423 -0.065031
v 1.092499 0.131694 -0.060171
v 1.092513 0.130623 -0.061393
v 1.092513 0.130623 -0.061393
v 1.092499 0.131694 -0.060171
v 1.092798 0.109423 -0.065031
v 1.092798 0.109423 -0.065031
v 1.092513 0.130623 -0.061393
v 1.092529 0.129402 -0.062464
v 1.092529 0.129402 -0.062464
v 1.092513 0.130623 -0.061393
v 1.092798 0.109423 -0.065031
v 1.053257 0.128874 -0.062464
v 1.092547 0.128051 -0.063367
v 1.092529 0.129402 -0.062464
v 1.092529 0.129402 -0.062464
v 1.092547 0.128051 -0.063367
v 1.053257 0.128874 -0.062464
v 1.092547 0.128051 -0.063367
v 1.053257 0.128874 -0.062464
v 1.053296 0.127524 -0.063367
v 1.053296 0.127524 -0.063367
v 1.053257 0.128874 -0.062464
v 1.092547 0.128051 -0.063367
v 1.014171 0.125817 -0.063367
v 1.053337 0.126067 -0.064086
v 1.053296 0.127524 -0.063367
v 1.053296 0.127524 -0.063367
v 1.053337 0.126067 -0.064086
v 1.014171 0.125817 -0.063367
v 1.053337 0.126067 -0.064086
v 1.014171 0.125817 -0.063367
v 1.014257 0.124363 -0.064086
v 1.014257 0.124363 -0.064086
v 1.014171 0.125817 -0.063367
v 1.053337 0.126067 -0.064086
v 0.975245 0.121480 -0.064086
v 1.014347 0.122827 -0.064608
v 1.014257 0.124363 -0.064086
v 1.014257 0.124363 -0.064086
v 1.014347 0.122827 -0.064608
v 0.975245 0.121480 -0.064086
v 0.936165 0.118869 -0.063367
v 0.975245 0.121480 -0.064086
v 0.975116 0.122932 -0.063367
v 0.975116 0.122932 -0.063367
v 0.975245 0.121480 -0.064086
v 0.936165 0.118869 -0.063367
v 0.897154 0.114970 -0.062464
v 0.936165 0.118869 -0.063367
v 0.936005 0.120211 -0.062464
v 0.936005 0.120211 -0.062464
v 0.936165 0.118869 -0.063367
v 0.897154 0.114970 -0.062464
v 0.858261 0.109763 -0.061393
v 0.897154 0.114970 -0.062464
v 0.896973 0.116178 -0.061393
v 0.896973 0.116178 -0.061393
v 0.897154 0.114970 -0.062464
v 0.858261 0.109763 -0.061393
v 0.858261 0.109763 -0.061393
v 0.896814 0.117238 -0.060171
v 0.858070 0.110817 -0.060171
v 0.858070 0.110817 -0.060171
v 0.896814 0.117238 -0.060171
v 0.858261 0.109763 -0.061393
v 1.014081 0.127346 -0.028310
v 1.014131 0.126497 -0.019573
v 1.053252 0.129055 -0.028310
v 1.014012 0.128532 -0.037007
v 1.053175 0.131767 -0.045652
v 1.053218 0.130243 -0.037007
v 1.053218 0.130243 -0.037007
v 1.053175 0.131767 -0.045652
v 1.014012 0.128532 -0.037007
v 1.053175 0.131767 -0.045652
v 1.053122 0.133626 -0.054231
v 1.013922 0.130055 -0.045652
v 1.013832 0.131595 -0.055824
v 1.053122 0.133626 -0.054231
v 1.013813 0.131911 -0.054231
v 1.013813 0.131911 -0.054231
v 1.053122 0.133626 -0.054231
v 1.013832 0.131595 -0.055824
v 0.974649 0.128176 -0.057363
v 1.013832 0.131595 -0.055824
v 0.974602 0.128696 -0.055824
v 0.974602 0.128696 -0.055824
v 1.013832 0.131595 -0.055824
v 0.974649 0.128176 -0.057363
v 0.935625 0.123384 -0.058820
v 0.974649 0.128176 -0.057363
v 0.935540 0.124097 -0.057363
v 0.935540 0.124097 -0.057363
v 0.974649 0.128176 -0.057363
v 0.935625 0.123384 -0.058820
v 0.896814 0.117238 -0.060171
v 0.935625 0.123384 -0.058820
v 0.896679 0.118130 -0.058820
v 0.896679 0.118130 -0.058820
v 0.935625 0.123384 -0.058820
v 0.896814 0.117238 -0.060171
v 1.092538 0.128732 -0.019573
v 1.053291 0.127694 -0.010809
v 1.053276 0.128205 -0.019573
v 1.053276 0.128205 -0.019573
v 1.053291 0.127694 -0.010809
v 1.092538 0.128732 -0.019573
v 1.053218 0.130243 -0.037007
v 1.014081 0.127346 -0.028310
v 1.014012 0.128532 -0.037007
v 1.014012 0.128532 -0.037007
v 1.014081 0.127346 -0.028310
v 1.053218 0.130243 -0.037007
v 1.013862 0.131073 -0.057363
v 1.053131 0.133309 -0.055824
v 1.013832 0.131595 -0.055824
v 1.013832 0.131595 -0.055824
v 1.053131 0.133309 -0.055824
v 1.013862 0.131073 -0.057363
v 1.013904 0.130356 -0.058820
v 1.053145 0.132787 -0.057363
v 1.013862 0.131073 -0.057363
v 1.013862 0.131073 -0.057363
v 1.053145 0.132787 -0.057363
v 1.013904 0.130356 -0.058820
v 1.013957 0.129455 -0.060171
v 1.053166 0.132068 -0.058820
v 1.013904 0.130356 -0.058820
v 1.013904 0.130356 -0.058820
v 1.053166 0.132068 -0.058820
v 1.013957 0.129455 -0.060171
v 1.053166 0.132068 -0.058820
v 1.013957 0.129455 -0.060171
v 1.053192 0.131166 -0.060171
v 1.053192 0.131166 -0.060171
v 1.013957 0.129455 -0.060171
v 1.053166 0.132068 -0.058820
v 1.053222 0.130095 -0.061393
v 1.092499 0.131694 -0.060171
v 1.053192 0.131166 -0.060171
v 1.053192 0.131166 -0.060171
v 1.092499 0.131694 -0.060171
v 1.053222 0.130095 -0.061393
v 1.092499 0.131694 -0.060171
v 1.053222 0.130095 -0.061393
v 1.092513 0.130623 -0.061393
v 1.092513 0.130623 -0.061393
v 1.053222 0.130095 -0.061393
v 1.092499 0.131694 -0.060171
v 1.053222 0.130095 -0.061393
v 1.092529 0.129402 -0.062464
v 1.092513 0.130623 -0.061393
v 1.092513 0.130623 -0.061393
v 1.092529 0.129402 -0.062464
v 1.053222 0.130095 -0.061393
v 1.092529 0.129402 -0.062464
v 1.053222 0.130095 -0.061393
v 1.053257 0.128874 -0.062464
v 1.053257 0.128874 -0.062464
v 1.053222 0.130095 -0.061393
v 1.092529 0.129402 -0.062464
v 1.014092 0.127166 -0.062464
v 1.053296 0.127524 -0.063367
v 1.053257 0.128874 -0.062464
v 1.053257 0.128874 -0.062464
v 1.053296 0.127524 -0.063367
v 1.014092 0.127166 -0.062464
v 1.053296 0.127524 -0.063367
v 1.014092 0.127166 -0.062464
v 1.014171 0.125817 -0.063367
v 1.014171 0.125817 -0.063367
v 1.014092 0.127166 -0.062464
v 1.053296 0.127524 -0.063367
v 0.975116 0.122932 -0.063367
v 1.014257 0.124363 -0.064086
v 1.014171 0.125817 -0.063367
v 1.014171 0.125817 -0.063367
v 1.014257 0.124363 -0.064086
v 0.975116 0.122932 -0.063367
v 1.014257 0.124363 -0.064086
v 0.975116 0.122932 -0.063367
v 0.975245 0.121480 -0.064086
v 0.975245 0.121480 -0.064086
v 0.975116 0.122932 -0.063367
v 1.014257 0.124363 -0.064086
v 0.975116 0.122932 -0.063367
v 0.936005 0.120211 -0.062464
v 0.936165 0.118869 -0.063367
v 0.936165 0.118869 -0.063367
v 0.936005 0.120211 -0.062464
v 0.975116 0.122932 -0.063367
v 0.936005 0.120211 -0.062464
v 0.896973 0.116178 -0.061393
v 0.897154 0.114970 -0.062464
v 0.897154 0.114970 -0.062464
v 0.896973 0.116178 -0.061393
v 0.936005 0.120211 -0.062464
v 0.896814 0.117238 -0.060171
v 0.858261 0.109763 -0.061393
v 0.896973 0.116178 -0.061393
v 0.896973 0.116178 -0.061393
v 0.858261 0.109763 -0.061393
v 0.896814 0.117238 -0.060171
v 1.013832 0.131595 -0.055824
v 0.974649 0.128176 -0.057363
v 1.013862 0.131073 -0.057363
v 1.013862 0.131073 -0.057363
v 0.974649 0.128176 -0.057363
v 1.013832 0.131595 -0.055824
v 0.974649 0.128176 -0.057363
v 0.935625 0.123384 -0.058820
v 0.974712 0.127460 -0.058820
v 0.974712 0.127460 -0.058820
v 0.935625 0.123384 -0.058820
v 0.974649 0.128176 -0.057363
v 0.935625 0.123384 -0.058820
v 0.896814 0.117238 -0.060171
v 0.935733 0.122487 -0.060171
v 0.935733 0.122487 -0.060171
v 0.896814 0.117238 -0.060171
v 0.935625 0.123384 -0.058820
v 1.013862 0.131073 -0.057363
v 0.974712 0.127460 -0.058820
v 1.013904 0.130356 -0.058820
v 1.013904 0.130356 -0.058820
v 0.974712 0.127460 -0.058820
v 1.013862 0.131073 -0.057363
v 1.013904 0.130356 -0.058820
v 0.974792 0.126561 -0.060171
v 1.013957 0.129455 -0.060171
v 1.013957 0.129455 -0.060171
v 0.974792 0.126561 -0.060171
v 1.013904 0.130356 -0.058820
v 1.014020 0.128385 -0.061393
v 1.053192 0.131166 -0.060171
v 1.013957 0.129455 -0.060171
v 1.013957 0.129455 -0.060171
v 1.053192 0.131166 -0.060171
v 1.014020 0.128385 -0.061393
v 1.053192 0.131166 -0.060171
v 1.014020 0.128385 -0.061393
v 1.053222 0.130095 -0.061393
v 1.053222 0.130095 -0.061393
v 1.014020 0.128385 -0.061393
v 1.053192 0.131166 -0.060171
v 1.014020 0.128385 -0.061393
v 1.053257 0.128874 -0.062464
v 1.053222 0.130095 -0.061393
v 1.053222 0.130095 -0.061393
v 1.053257 0.128874 -0.062464
v 1.014020 0.128385 -0.061393
v 1.053257 0.128874 -0.062464
v 1.014020 0.128385 -0.061393
v 1.014092 0.127166 -0.062464
v 1.014092 0.127166 -0.062464
v 1.014020 0.128385 -0.061393
v 1.053257 0.128874 -0.062464
v 0.974996 0.124277 -0.062464
v 1.014171 0.125817 -0.063367
v 1.014092 0.127166 -0.062464
v 1.014092 0.127166 -0.062464
v 1.014171 0.125817 -0.063367
v 0.974996 0.124277 -0.062464
v 1.014171 0.125817 -0.063367
v 0.974996 0.124277 -0.062464
v 0.975116 0.122932 -0.063367
v 0.975116 0.122932 -0.063367
v 0.974996 0.124277 -0.062464
v 1.014171 0.125817 -0.063367
v 0.936005 0.120211 -0.062464
v 0.975116 0.122932 -0.063367
v 0.974996 0.124277 -0.062464
v 0.974996 0.124277 -0.062464
v 0.975116 0.122932 -0.063367
v 0.936005 0.120211 -0.062464
v 0.896973 0.116178 -0.061393
v 0.936005 0.120211 -0.062464
v 0.935860 0.121424 -0.061393
v 0.935860 0.121424 -0.061393
v 0.936005 0.120211 -0.062464
v 0.896973 0.116178 -0.061393
v 0.896973 0.116178 -0.061393
v 0.935733 0.122487 -0.060171
v 0.896814 0.117238 -0.060171
v 0.896814 0.117238 -0.060171
v 0.935733 0.122487 -0.060171
v 0.896973 0.116178 -0.061393
v 0.974712 0.127460 -0.058820
v 1.013862 0.131073 -0.057363
v 0.974649 0.128176 -0.057363
v 0.974649 0.128176 -0.057363
v 1.013862 0.131073 -0.057363
v 0.974712 0.127460 -0.058820
v 0.935733 0.122487 -0.060171
v 0.974712 0.127460 -0.058820
v 0.935625 0.123384 -0.058820
v 0.935625 0.123384 -0.058820
v 0.974712 0.127460 -0.058820
v 0.935733 0.122487 -0.060171
v 0.974792 0.126561 -0.060171
v 1.013904 0.130356 -0.058820
v 0.974712 0.127460 -0.058820
v 0.974712 0.127460 -0.058820
v 1.013904 0.130356 -0.058820
v 0.974792 0.126561 -0.060171
v 0.974888 0.125494 -0.061393
v 1.013957 0.129455 -0.060171
v 0.974792 0.126561 -0.060171
v 0.974792 0.126561 -0.060171
v 1.013957 0.129455 -0.060171
v 0.974888 0.125494 -0.061393
v 0.974888 0.125494 -0.061393
v 1.014092 0.127166 -0.062464
v 1.014020 0.128385 -0.061393
v 1.014020 0.128385 -0.061393
v 1.014092 0.127166 -0.062464
v 0.974888 0.125494 -0.061393
v 1.014092 0.127166 -0.062464
v 0.974888 0.125494 -0.061393
v 0.974996 0.124277 -0.062464
v 0.974996 0.124277 -0.062464
v 0.974888 0.125494 -0.061393
v 1.014092 0.127166 -0.062464
v 0.974996 0.124277 -0.062464
v 0.935860 0.121424 -0.061393
v 0.936005 0.120211 -0.062464
v 0.936005 0.120211 -0.062464
v 0.935860 0.121424 -0.061393
v 0.974996 0.124277 -0.062464
v 0.935733 0.122487 -0.060171
v 0.896973 0.116178 -0.061393
v 0.935860 0.121424 -0.061393
v 0.935860 0.121424 -0.061393
v 0.896973 0.116178 -0.061393
v 0.935733 0.122487 -0.060171
v 0.974712 0.127460 -0.058820
v 0.935733 0.122487 -0.060171
v 0.974792 0.126561 -0.060171
v 0.974792 0.126561 -0.060171
v 0.935733 0.122487 -0.060171
v 0.974712 0.127460 -0.058820
v 1.013957 0.129455 -0.060171
v 0.974888 0.125494 -0.061393
v 1.014020 0.128385 -0.061393
v 1.014020 0.128385 -0.061393
v 0.974888 0.125494 -0.061393
v 1.013957 0.129455 -0.060171
v 0.974792 0.126561 -0.060171
v 0.935860 0.121424 -0.061393
v 0.974888 0.125494 -0.061393
v 0.974888 0.125494 -0.061393
v 0.935860 0.121424 -0.061393
v 0.974792 0.126561 -0.060171
v 0.935860 0.121424 -0.061393
v 0.974996 0.124277 -0.062464
v 0.974888 0.125494 -0.061393
v 0.974888 0.125494 -0.061393
v 0.974996 0.124277 -0.062464
v 0.935860 0.121424 -0.061393
v 0.935860 0.121424 -0.061393
v 0.974792 0.126561 -0.060171
v 0.935733 0.122487 -0.060171
v 0.935733 0.122487 -0.060171
v 0.974792 0.126561 -0.060171
v 0.935860 0.121424 -0.061393
vn 0.06943199873506592 -0.8632370345360445 -0.5000010197560298
vn 0.03182900310482673 -0.7927140890460123 -0.608762094409059
vn 0.03474398551249059 -0.8653276979114648 -0.5000008306972626
vn 0.06360600079206565 -0.7907990137061643 -0.6087620196633472
vn -0.03474398551249059 0.8653276979114648 0.5000008306972626
vn -0.03182900310482673 0.7927140890460123 0.608762094409059
vn -0.06943199873506592 0.8632370345360445 0.5000010197560298
vn -0.06360600079206565 0.7907990137061643 0.6087620196633472
vn 0.015919003208076033 -0.7932521555991349 -0.6086851427250276
vn -0.015919003208076033 0.7932521555991349 0.6086851427250276
vn 0.07407101388000335 -0.9209051972093002 -0.38268407682537336
vn -0.07407101388000335 0.9209051972093002 0.38268407682537336
vn 0.10400895067535335 -0.8597565782136193 -0.5000007643972365
vn -0.10400895067535335 0.8597565782136193 0.5000007643972365
vn 0.028368005507505543 -0.7065371469228613 -0.7071071462526943
vn -0.028368005507505543 0.7065371469228613 0.7071071462526943
vn 0.017376005519912693 -0.8658942916049539 -0.49992514459479526
vn -0.017376005519912693 0.8658942916049539 0.49992514459479526
vn 0.014189001962379323 -0.7070350908457605 -0.7070361041248449
vn -0.014189001962379323 0.7070350908457605 0.7070361041248449
vn 0.03706501697975594 -0.9231354218699317 -0.38268417449028863
vn -0.03706501697975594 0.9231354218699317 0.38268417449028863
vn 0.11095701745714459 -0.9171921540229168 -0.38268406404737704
vn -0.11095701745714459 0.9171921540229168 0.38268406404737704
vn 0.09528103671714037 -0.7876103189584442 -0.6087622766830125
vn -0.09528103671714037 0.7876103189584442 0.6087622766830125
vn 0.056691012395716195 -0.7048301651759215 -0.7071071823787621
vn -0.056691012395716195 0.7048301651759215 0.7071071823787621
vn 0.07744202900519902 -0.9628163876262898 -0.2588191180377141
vn -0.07744202900519902 0.9628163876262898 0.2588191180377141
vn 0.11600703850297872 -0.9589343256289272 -0.25881909927275987
vn -0.11600703850297872 0.9589343256289272 0.25881909927275987
vn 0.13841794057804266 -0.8548916242670953 -0.5000007844834857
vn -0.13841794057804266 0.8548916242670953 0.5000007844834857
vn 0.1476650171997621 -0.9120021703115316 -0.3826840525060458
vn -0.1476650171997621 0.9120021703115316 0.3826840525060458
vn 0.04880699707679263 -0.6068009510126507 -0.793353945529036
vn -0.04880699707679263 0.6068009510126507 0.793353945529036
vn 0.024422991838329376 -0.608270812662135 -0.7933537268665288
vn -0.024422991838329376 0.608270812662135 0.7933537268665288
vn 0.018536993552799006 -0.9237207030683042 -0.38261788064989993
vn -0.018536993552799006 0.9237207030683042 0.38261788064989993
vn 0.03875200838305617 -0.9651481614938742 -0.25881906462097
vn -0.03875200838305617 0.9651481614938742 0.25881906462097
vn 0.15438503493826705 -0.953508232345879 -0.25881907162291434
vn -0.15438503493826705 0.953508232345879 0.25881907162291434
vn 0.12680198758103436 -0.7831539499857323 -0.6087619785821422
vn -0.12680198758103436 0.7831539499857323 0.6087619785821422
vn 0.08492302621577026 -0.7019882055794331 -0.7071072329185464
vn -0.08492302621577026 0.7019882055794331 0.7071072329185464
vn 0.07311197304031125 -0.60435472578006 -0.79335364423784
vn -0.07311197304031125 0.60435472578006 0.79335364423784
vn 0.012214998713186608 -0.6087149512857073 -0.7932949652479059
vn -0.012214998713186608 0.6087149512857073 0.7932949652479059
vn 0.07863301285994538 -0.9776281160019374 -0.19509002048046925
vn -0.07863301285994538 0.9776281160019374 0.19509002048046925
vn 0.11779104339037903 -0.9736863630817403 -0.1950900726476343
vn -0.11779104339037903 0.9736863630817403 0.1950900726476343
vn 0.15675996407752293 -0.9681767545697834 -0.1950899422654465
vn -0.15675996407752293 0.9681767545697834 0.1950899422654465
vn 0.17260399991753855 -0.8486500047437137 -0.5000010286599029
vn -0.17260399991753855 0.8486500047437137 0.5000010286599029
vn 0.18413399308298772 -0.9053439434298901 -0.3826839645009053
vn -0.18413399308298772 0.9053439434298901 0.3826839645009053
vn 0.1925149547633507 -0.9465467459345249 -0.25881895207504985
vn -0.1925149547633507 0.9465467459345249 0.25881895207504985
vn 0.04008698842615259 -0.49838985101761535 -0.8660257442833674
vn -0.04008698842615259 0.49838985101761535 0.8660257442833674
vn 0.06004900131680985 -0.49638000287156925 -0.8660259870177538
vn -0.06004900131680985 0.49638000287156925 0.8660259870177538
vn 0.020059993216792967 -0.4995968670097567 -0.866025731226375
vn -0.020059993216792967 0.4995968670097567 0.866025731226375
vn 0.01938000408764336 -0.9657442477345799 -0.25877106370135994
vn -0.01938000408764336 0.9657442477345799 0.25877106370135994
vn 0.010033002810762841 -0.49997413945744146 -0.8659822161732826
vn -0.010033002810762841 0.49997413945744146 0.8659822161732826
vn 0.039347987355257644 -0.9799957405735187 -0.1950899391277037
vn -0.039347987355257644 0.9799957405735187 0.1950899391277037
vn 0.19547603321745619 -0.9611082141365673 -0.19509003346349182
vn -0.19547603321745619 0.9611082141365673 0.19509003346349182
vn 0.15812001402612644 -0.7774360558651184 -0.6087620554907033
vn -0.15812001402612644 0.7774360558651184 0.6087620554907033
vn 0.11301801517015703 -0.6980160899919204 -0.7071071109523572
vn -0.11301801517015703 0.6980160899919204 0.7071071109523572
vn 0.09729897885043096 -0.6009348386388813 -0.7933537851581256
vn -0.09729897885043096 0.6009348386388813 0.7933537851581256
vn 0.07991497286264762 -0.4935718168019527 -0.8660256686560636
vn -0.07991497286264762 0.4935718168019527 0.8660256686560636
vn 0.019678005923295497 -0.9805952698317805 -0.19505305141530158
vn -0.019678005923295497 0.9805952698317805 0.19505305141530158
vn 0.015352995369422728 -0.38237489177298006 -0.9238797149384699
vn 0.007678995559708643 -0.3826717890217203 -0.9238524421757568
vn -0.007678995559708643 0.3826717890217203 0.9238524421757568
vn -0.015352995369422728 0.38237489177298006 0.9238797149384699
vn 0.039365991289039816 -0.9804427987679042 0.19282696148098663
vn 0.07835396145013519 -0.9741605365834315 0.211829898004393
vn 0.03920898879051449 -0.976519703625843 0.21182994034961475
vn -0.03920898879051449 0.976519703625843 -0.21182994034961475
vn -0.07835396145013519 0.9741605365834315 -0.211829898004393
vn -0.039365991289039816 0.9804427987679042 -0.19282696148098663
vn 0.07866900295905621 -0.9780740921074479 0.1928270165760481
vn 0.11737396027704852 -0.9702326705613182 0.21182992806573464
vn -0.11737396027704852 0.9702326705613182 -0.21182992806573464
vn -0.07866900295905621 0.9780740921074479 -0.1928270165760481
vn 0.11784494709283744 -0.9741305603971367 0.1928269165470602
vn 0.15620394296341145 -0.9647426651697614 0.2118299275452568
vn -0.15620394296341145 0.9647426651697614 -0.2118299275452568
vn -0.11784494709283744 0.9741305603971367 -0.1928269165470602
vn 0.1568310749522677 -0.9686184616378692 0.19282709794944275
vn 0.19478302695715283 -0.9576991228642693 0.21183003204082881
vn -0.19478302695715283 0.9576991228642693 -0.21183003204082881
vn -0.1568310749522677 0.9686184616378692 -0.19282709794944275
vn 0.206512020976885 -0.841042050755973 -0.5000010540511189
vn -0.206512020976885 0.841042050755973 0.5000010540511189
vn 0.22030792385426753 -0.8972276687755797 -0.3826838500257896
vn -0.22030792385426753 0.8972276687755797 0.3826838500257896
vn 0.23033405976722035 -0.9380612472152097 -0.2588190823416925
vn -0.23033405976722035 0.9380612472152097 0.2588190823416925
vn 0.23387799763700506 -0.9524919826521053 -0.1950899925797496
vn -0.23387799763700506 0.9524919826521053 0.1950899925797496
vn 0.030680992768275343 -0.3814509312392726 -0.9238797885761137
vn -0.030680992768275343 0.3814509312392726 0.9238797885761137
vn 0.04595999175687775 -0.3799129204952816 -0.9238797822219369
vn -0.04595999175687775 0.3799129204952816 0.9238797822219369
vn 0.06116499319206197 -0.3777629533850655 -0.9238798594284909
vn -0.06116499319206197 0.3777629533850655 0.9238798594284909
vn -0.03950297947187422 0.9838614546965897 -0.17451691200326422
vn -0.019866005167074974 0.9899742364979485 -0.13984403065203097
vn -0.019756003025922543 0.9844621491990313 -0.17448202526009335
vn 0.019756003025922543 -0.9844621491990313 0.17448202526009335
vn 0.019866005167074974 -0.9899742364979485 0.13984403065203097
vn 0.03950297947187422 -0.9838614546965897 0.17451691200326422
vn 0.019607993931180265 -0.9771187115231572 0.2117889283350758
vn -0.019607993931180265 0.9771187115231572 -0.2117889283350758
vn 0.010383999979554743 -0.2586100119669885 -0.9659259983326149
vn 0.005193999718836962 -0.2588149780814029 -0.9659129512992585
vn -0.005193999718836962 0.2588149780814029 0.9659129512992585
vn -0.010383999979554743 0.2586100119669885 0.9659259983326149
vn 0.19556494270183275 -0.9615467345084246 0.19282694454410068
vn -0.19556494270183275 0.9615467345084246 -0.19282694454410068
vn 0.18918196006385532 -0.770466827303375 -0.6087619025624627
vn -0.18918196006385532 0.770466827303375 0.6087619025624627
vn 0.14093001451863307 -0.6929201154591076 -0.7071070955660925
vn -0.14093001451863307 0.6929201154591076 0.7071070955660925
vn 0.12133001073663527 -0.5965470580874568 -0.7933540420151952
vn -0.12133001073663527 0.5965470580874568 0.7933540420151952
vn 0.23304791876253175 -0.9491136657211998 0.21182992494385403
vn -0.23304791876253175 0.9491136657211998 -0.21182992494385403
vn 0.09965297979678496 -0.4899679116074647 -0.8660258247954509
vn -0.09965297979678496 0.4899679116074647 0.8660258247954509
vn 0.07627098838893225 -0.3750049618740813 -0.9238798703835873
vn -0.07627098838893225 0.3750049618740813 0.9238798703835873
vn -0.03972501335458882 0.989372393027706 -0.13987205306496509
vn 0.03972501335458882 -0.989372393027706 0.13987205306496509
vn -0.03937501747066716 0.9806514635404724 -0.19176108848020895
vn 0.03937501747066716 -0.9806514635404724 0.19176108848020895
vn 0.019686991866108134 -0.9810425428263151 0.19278991549389093
vn -0.019686991866108134 0.9810425428263151 -0.19278991549389093
vn 0.005236999380572343 -0.1304209807422858 -0.9914448757342529
vn 0.002619000997160727 -0.1305260599591124 -0.9914414196034614
vn -0.002619000997160727 0.1305260599591124 0.9914414196034614
vn -0.005236999380572343 0.1304209807422858 0.9914448757342529
vn 0.02075000085291187 -0.2579850162653585 -0.9659260680027052
vn -0.02075000085291187 0.2579850162653585 0.9659260680027052
vn 0.039636999433718526 -0.9871799962032569 0.15461100663286972
vn -0.039636999433718526 0.9871799962032569 -0.15461100663286972
vn 0.07921000107874647 -0.9847950094959784 0.15461101190057872
vn -0.07921000107874647 0.9847950094959784 -0.15461101190057872
vn 0.11865504633741879 -0.9808243468980724 0.15461106205778075
vn -0.11865504633741879 0.9808243468980724 -0.15461106205778075
vn 0.15790906557076453 -0.975274395052441 0.15461106482287537
vn -0.15790906557076453 0.975274395052441 -0.15461106482287537
vn 0.240087012186557 -0.8320800401158157 -0.5000010334191266
vn -0.240087012186557 0.8320800401158157 0.5000010334191266
vn 0.2561259529674365 -0.8876668838147891 -0.382683942170382
vn -0.2561259529674365 0.8876668838147891 0.382683942170382
vn 0.2677830320256288 -0.9280651609085216 -0.2588190581603315
vn -0.2677830320256288 0.9280651609085216 0.2588190581603315
vn 0.2719021016837438 -0.9423423532519923 -0.19509007244721685
vn -0.2719021016837438 0.9423423532519923 0.19509007244721685
vn 0.23398392142593213 -0.9529266997167505 0.1928269417925954
vn -0.23398392142593213 0.9529266997167505 -0.1928269417925954
vn 0.03108399956923874 -0.25694501703843803 -0.9659260029577298
vn -0.03108399956923874 0.25694501703843803 0.9659260029577298
vn 0.04136700399988907 -0.2554910018851812 -0.9659260421666761
vn -0.04136700399988907 0.2554910018851812 0.9659260421666761
vn 0.051583999757438694 -0.2536259797506594 -0.9659259564607126
vn -0.051583999757438694 0.2536259797506594 0.9659259564607126
vn -0.07894295954833634 0.9814845156672011 -0.1745169179285186
vn 0.07894295954833634 -0.9814845156672011 0.1745169179285186
vn -0.019953008210606134 0.994268437771822 -0.1050340474042984
vn 0.019953008210606134 -0.994268437771822 0.1050340474042984
vn -0.019691006099570918 0.9812513172134757 -0.19172406407544565
vn 0.019691006099570918 -0.9812513172134757 0.19172406407544565
vn -0.0786860228963463 0.9782822729259282 -0.1917610603841022
vn 0.0786860228963463 -0.9782822729259282 0.1917610603841022
vn 0.019822004782969076 -0.9877812467676491 0.15458103590199196
vn -0.019822004782969076 0.9877812467676491 -0.15458103590199196
vn 0.0017500001661064862 -0.043588004072890915 -0.9990480586039694
vn 0.0006570002587212479 -0.032719014214658344 -0.9994643737820178
vn -0.0006570002587212479 0.032719014214658344 0.9994643737820178
vn -0.0017500001661064862 0.043588004072890915 0.9990480586039694
vn 0.010464998329197337 -0.13010598349876476 -0.9914448632515016
vn -0.010464998329197337 0.13010598349876476 0.9914448632515016
vn 0.196909004468726 -0.9681540572089755 0.15461101341410005
vn -0.196909004468726 0.9681540572089755 -0.15461101341410005
vn 0.21994106016117354 -0.7622562170579136 -0.6087621782040489
vn -0.21994106016117354 0.7622562170579136 0.6087621782040489
vn 0.16861603770244035 -0.6867081399069056 -0.7071071788739859
vn -0.16861603770244035 0.6867081399069056 0.7071071788739859
vn 0.1451649355218673 -0.5911997462132539 -0.793353642187591
vn -0.1451649355218673 0.5911997462132539 0.793353642187591
vn 0.11922995123377965 -0.4855757963681064 -0.8660256143499856
vn -0.11922995123377965 0.4855757963681064 0.8660256143499856
vn 0.2709379581585821 -0.9389998342053889 0.21182996528137932
vn -0.2709379581585821 0.9389998342053889 -0.21182996528137932
vn 0.09125400165779296 -0.371642999926314 -0.9238799639494351
vn -0.09125400165779296 0.371642999926314 0.9238799639494351
vn 0.06171799927188724 -0.25135201637448107 -0.9659260077409437
vn -0.06171799927188724 0.25135201637448107 0.9659260077409437
vn -0.0793850134177315 0.9869821860167782 -0.13987202769034374
vn 0.0793850134177315 -0.9869821860167782 0.13987202769034374
vn -0.03989698999779732 0.9936657801030654 -0.10505497437666683
vn 0.03989698999779732 -0.9936657801030654 0.10505497437666683
vn 0 0 -1
vn 0 0 1
vn 0.01992799939354992 -0.9930329184443126 0.11613999193276048
vn -0.01992799939354992 0.9930329184443126 -0.11613999193276048
vn 0.0034970004196537775 -0.04348200230433205 -0.9990480901656691
vn -0.0034970004196537775 0.04348200230433205 0.9990480901656691
vn 0.015675997880214874 -0.12958099327164083 -0.9914449199391737
vn -0.015675997880214874 0.12958099327164083 0.9914449199391737
vn 0.03984798057053721 -0.992430505777895 0.11616294437505113
vn -0.03984798057053721 0.992430505777895 -0.11616294437505113
vn 0.07963099190073543 -0.9900328607948058 0.11616298754490394
vn -0.07963099190073543 0.9900328607948058 -0.11616298754490394
vn 0.11928600878537522 -0.9860410760249102 0.11616300831027476
vn -0.11928600878537522 0.9860410760249102 -0.11616300831027476
vn 0.15874893179697325 -0.9804615981472931 0.11616295111512855
vn -0.15874893179697325 0.9804615981472931 -0.11616295111512855
vn 0.273276019467128 -0.8217780542877736 -0.5000010466741074
vn -0.273276019467128 0.8217780542877736 0.5000010466741074
vn 0.29153284089418724 -0.8766765183269252 -0.38268379230684063
vn -0.29153284089418724 0.8766765183269252 0.38268379230684063
vn 0.30479999133250535 -0.9165749771989616 -0.2588190032753151
vn -0.30479999133250535 0.9165749771989616 0.2588190032753151
vn 0.3094890789396262 -0.930675231759187 -0.19509003820565865
vn -0.3094890789396262 0.930675231759187 0.19509003820565865
vn 0.2720260856318854 -0.942772259661472 0.19282706020835375
vn -0.2720260856318854 0.942772259661472 -0.19282706020835375
vn 0.23559194689253088 -0.9594747941290032 0.15461097629370887
vn -0.23559194689253088 0.9594747941290032 -0.15461097629370887
vn 0.02086199768143669 -0.12884798665148722 -0.9914448917557636
vn -0.02086199768143669 0.12884798665148722 0.9914448917557636
vn 0.026014998116364475 -0.12790698171597797 -0.9914449172300567
vn -0.026014998116364475 0.12790698171597797 0.9914449172300567
vn 0.031124994834406342 -0.1267609843227908 -0.9914448484661541
vn -0.031124994834406342 0.1267609843227908 0.9914448484661541
vn -0.1182560176307027 0.9775271460747398 -0.17451702776835737
vn 0.1182560176307027 -0.9775271460747398 0.17451702776835737
vn -0.11786999425831511 0.9743379229157376 -0.19176098774722336
vn 0.11786999425831511 -0.9743379229157376 0.19176098774722336
vn -0.020013990677310738 0.9973395991175665 -0.07009396699559885
vn 0.020013990677310738 -0.9973395991175665 0.07009396699559885
vn 0.005239000500507444 -0.04330700239867791 -0.9990480751280174
vn -0.005239000500507444 0.04330700239867791 0.9990480751280174
vn 0.19795607619884534 -0.9733034153119372 0.11616304764457386
vn -0.19795607619884534 0.9733034153119372 -0.11616304764457386
vn 0.25034495810768165 -0.7528189007065434 -0.6087619441859478
vn -0.25034495810768165 0.7528189007065434 0.6087619441859478
vn 0.19603107625885885 -0.6793902629873992 -0.7071072674627987
vn -0.19603107625885885 0.6793902629873992 0.7071072674627987
vn 0.16876596213521441 -0.5848998666614581 -0.7933537647254116
vn -0.16876596213521441 0.5848998666614581 0.7933537647254116
vn 0.13861400055981868 -0.48040101510864774 -0.8660259947203568
vn -0.13861400055981868 0.48040101510864774 0.8660259947203568
vn 0.3083919705122019 -0.9273739518953674 0.21182999284702295
vn -0.3083919705122019 0.9273739518953674 -0.21182999284702295
vn 0.10609098404978076 -0.36768293764862064 -0.9238798409238237
vn -0.10609098404978076 0.36768293764862064 0.9238798409238237
vn 0.07175199217233517 -0.2486739889724358 -0.9659259282304407
vn -0.07175199217233517 0.2486739889724358 0.9659259282304407
vn 0.036185993154361 -0.12540998702922743 -0.9914448593102704
vn -0.036185993154361 0.12540998702922743 0.9914448593102704
vn -0.11891796566199418 0.983002722787007 -0.13987195729002838
vn 0.11891796566199418 -0.983002722787007 0.13987195729002838
vn -0.07973000767194234 0.9912651362991074 -0.10505501146801197
vn 0.07973000767194234 -0.9912651362991074 0.10505501146801197
vn -0.04002001288711017 0.9967363062923912 -0.07010801870767862
vn 0.04002001288711017 -0.9967363062923912 0.07010801870767862
vn 0.020002996490819616 -0.9967898033171069 0.07752398425281992
vn -0.020002996490819616 0.9967898033171069 -0.07752398425281992
vn -0.41930291382912066 0.8873628343000841 -0.191760962547987
vn -0.3846199300854401 0.9064277891260899 -0.17451696903470365
vn -0.38336519435853816 0.9034704254208177 -0.1917610965351597
vn 0.38336519435853816 -0.9034704254208177 0.1917610965351597
vn 0.3846199300854401 -0.9064277891260899 0.17451696903470365
vn 0.41930291382912066 -0.8873628343000841 0.191760962547987
vn 0.006972000559589538 -0.04306200490534011 -0.999048074389681
vn -0.006972000559589538 0.04306200490534011 0.999048074389681
vn 0.039997986256592205 -0.9961866636168506 0.07753897295776485
vn -0.039997986256592205 0.9961866636168506 -0.07753897295776485
vn 0.07993199108198042 -0.9937799462710996 0.07753899142418906
vn -0.07993199108198042 0.9937799462710996 -0.07753899142418906
vn 0.11973701196773004 -0.9897730803798072 0.07753900515551877
vn -0.11973701196773004 0.9897730803798072 -0.07753900515551877
vn 0.15935005538094807 -0.9841723726499455 0.07753902735181448
vn -0.15935005538094807 0.9841723726499455 -0.07753902735181448
vn 0.30602496652103317 -0.8101529230427892 -0.500000961150101
vn -0.30602496652103317 0.8101529230427892 0.500000961150101
vn 0.3264689572404544 -0.8642748544409704 -0.382683937393993
vn -0.3264689572404544 0.8642748544409704 0.382683937393993
vn 0.3413272040913823 -0.9036085337491996 -0.25881915980618886
vn -0.3413272040913823 0.9036085337491996 0.25881915980618886
vn 0.34657813738880616 -0.9175093778582427 -0.19509007208539875
vn -0.34657813738880616 0.9175093778582427 0.19509007208539875
vn 0.30963086112462535 -0.931099623241797 0.1928269209374221
vn -0.30963086112462535 0.931099623241797 -0.1928269209374221
vn 0.27389586623387485 -0.9492505022592352 0.15461092594181344
vn -0.27389586623387485 0.9492505022592352 -0.15461092594181344
vn 0.23684499409022908 -0.9645779423928073 0.1161629967918247
vn -0.23684499409022908 0.9645779423928073 -0.1161629967918247
vn 0.008694000164148306 -0.04274800319336932 -0.9990480581954632
vn -0.008694000164148306 0.04274800319336932 0.9990480581954632
vn 0.010402000588222519 -0.04236400538890943 -0.999048091650833
vn -0.010402000588222519 0.04236400538890943 0.999048091650833
vn 0.012094001201765509 -0.04191300194072553 -0.9990480646111319
vn -0.012094001201765509 0.04191300194072553 0.9990480646111319
vn -0.15737798228296654 0.9719958813900538 -0.17451698270745694
vn 0.15737798228296654 -0.9719958813900538 0.17451698270745694
vn -0.15686494132690385 0.9688246157916427 -0.19176092933306954
vn 0.15686494132690385 -0.9688246157916427 0.19176092933306954
vn -0.020050994944835688 0.9991837286210259 -0.03506899001549031
vn 0.020050994944835688 -0.9991837286210259 0.03506899001549031
vn -0.34794491343690326 0.9211287466572028 -0.17451695990681457
vn -0.3468101305072366 0.918123317754218 -0.19176106688674074
vn 0.3468101305072366 -0.918123317754218 0.19176106688674074
vn 0.34794491343690326 -0.9211287466572028 0.17451695990681457
vn -0.42067521856600626 0.89026745696929 -0.17451709241755184
vn 0.42067521856600626 -0.89026745696929 0.17451709241755184
vn -0.43702507777715577 0.8787781159140956 -0.1917240318383256
vn 0.43702507777715577 -0.8787781159140956 0.1917240318383256
vn 0.1987060032858678 -0.9769870153061304 0.07753899780997697
vn -0.1987060032858678 0.9769870153061304 -0.07753899780997697
vn 0.2803450801790324 -0.7421692536809479 -0.6087622154093308
vn -0.2803450801790324 0.7421692536809479 0.6087622154093308
vn 0.2231290352691919 -0.6709791162885947 -0.7071071058364612
vn -0.2231290352691919 0.6709791162885947 0.7071071058364612
vn 0.1920959793091104 -0.5776579505759485 -0.7933539102252342
vn -0.1920959793091104 0.5776579505759485 0.7933539102252342
vn 0.1577760042410066 -0.47445302063450984 -0.8660260179096996
vn -0.1577760042410066 0.47445302063450984 0.8660260179096996
vn 0.3453489897239906 -0.9142549592510603 0.21182999027866897
vn -0.3453489897239906 0.9142549592510603 -0.21182999027866897
vn 0.12075696330127124 -0.363130880367994 -0.9238797105345594
vn -0.12075696330127124 0.363130880367994 0.9238797105345594
vn 0.08167099650562357 -0.24559498414808814 -0.9659259558015194
vn -0.08167099650562357 0.24559498414808814 0.9659259558015194
vn 0.04118799740071907 -0.12385698625402657 -0.991444903071365
vn -0.04118799740071907 0.12385698625402657 0.991444903071365
vn 0.013765000949959022 -0.041394002447779625 -0.9990480775769508
vn -0.013765000949959022 0.041394002447779625 0.9990480775769508
vn -0.15826005357153844 0.9774403135720862 -0.1398720445537116
vn 0.15826005357153844 -0.9774403135720862 0.1398720445537116
vn -0.11943405405224679 0.9872684256038504 -0.10505504527788936
vn 0.11943405405224679 -0.9872684256038504 0.10505504527788936
vn -0.07997601960314624 0.994328267071516 -0.07010801374303345
vn 0.07997601960314624 -0.994328267071516 0.07010801374303345
vn -0.04009400278624144 0.9985800643755818 -0.035076002797289396
vn 0.04009400278624144 -0.9985800643755818 0.035076002797289396
vn -0.1956070712495998 0.9617513023045398 -0.19176106537218626
vn 0.1956070712495998 -0.9617513023045398 0.19176106537218626
vn 0.020048003633044514 -0.9990462127681149 0.03879100803041912
vn -0.020048003633044514 0.9990462127681149 -0.03879100803041912
vn -0.3107101087822762 0.9343463085140287 -0.1745170595291862
vn -0.30969692282437655 0.9312977788920878 -0.19176095281306868
vn 0.30969692282437655 -0.9312977788920878 0.19176095281306868
vn 0.3107101087822762 -0.9343463085140287 0.1745170595291862
vn -0.38677407278776693 0.9115051471780574 -0.139872024676385
vn 0.38677407278776693 -0.9115051471780574 0.139872024676385
vn -0.34989408277256784 0.9262882617589865 -0.13987203783551197
vn 0.34989408277256784 -0.9262882617589865 0.13987203783551197
vn -0.43845525411414904 0.8816535507407828 -0.1744821097014447
vn 0.43845525411414904 -0.8816535507407828 0.1744821097014447
vn 0.040088981386844524 -0.9984425434865339 0.03879898101118375
vn -0.040088981386844524 0.9984425434865339 -0.03879898101118375
vn 0.0801130347168354 -0.996030390139299 0.038799015289243156
vn -0.0801130347168354 0.996030390139299 -0.038799015289243156
vn 0.12000904082625727 -0.992014348036053 0.03879901301020822
vn -0.12000904082625727 0.992014348036053 -0.03879901301020822
vn 0.15971100792870113 -0.9864010500463797 0.03879900016492375
vn -0.15971100792870113 0.9864010500463797 -0.03879900016492375
vn 0.3382819579116012 -0.7972228984207373 -0.500000967184197
vn -0.3382819579116012 0.7972228984207373 0.500000967184197
vn 0.36088011558145505 -0.8504812756196223 -0.38268412822892933
vn -0.36088011558145505 0.8504812756196223 0.38268412822892933
vn 0.37730416440714915 -0.8891873946856587 -0.2588191350212607
vn -0.37730416440714915 0.8891873946856587 0.2588191350212607
vn 0.3831090723600674 -0.9028661686373153 -0.19509003102563555
vn -0.3831090723600674 0.9028661686373153 0.19509003102563555
vn 0.34673603244516193 -0.917928029546608 0.1928270115333151
vn -0.34673603244516193 0.917928029546608 -0.1928270115333151
vn 0.31175800046758856 -0.9374979400270353 0.15461100086835985
vn -0.31175800046758856 0.9374979400270353 -0.15461100086835985
vn 0.27535212547527516 -0.9542994038235412 0.11616305289670356
vn -0.27535212547527516 0.9542994038235412 -0.11616305289670356
vn 0.23774189431009626 -0.968228537759888 0.07753896025351412
vn -0.23774189431009626 0.968228537759888 -0.07753896025351412
vn -0.19624707934977403 0.96489941075008 -0.17451707933847596
vn 0.19624707934977403 -0.96489941075008 0.17451707933847596
vn -0.02006399371242141 0.9997986978168695 0
vn 0.02006399371242141 -0.9997986978168695 0
vn -0.2340341101675383 0.9531294347388791 -0.19176109071559203
vn 0.2340341101675383 -0.9531294347388791 0.19176109071559203
vn -0.27297485284005873 0.9460594995994182 -0.17451691303322717
vn -0.2720839846960938 0.9429729725327426 -0.19176099276093536
vn 0.2720839846960938 -0.9429729725327426 0.19176099276093536
vn 0.27297485284005873 -0.9460594995994182 0.17451691303322717
vn -0.3124509382806645 0.9395798227093197 -0.1398719697618346
vn 0.3124509382806645 -0.9395798227093197 0.1398719697618346
vn -0.42303198781580637 0.8952540202737683 -0.1398720003012139
vn 0.42303198781580637 -0.8952540202737683 0.1398720003012139
vn -0.5193810235671095 0.8327550883279775 -0.1917350130316421
vn -0.5302630120932439 0.8296849812217754 -0.17448200463320693
vn -0.5285338595967114 0.8269787693969527 -0.19172395318922783
vn 0.5285338595967114 -0.8269787693969527 0.19172395318922783
vn 0.5302630120932439 -0.8296849812217754 0.17448200463320693
vn 0.5193810235671095 -0.8327550883279775 0.1917350130316421
vn 0.19915588908775209 -0.979199454253351 0.038798977197943556
vn -0.19915588908775209 0.979199454253351 -0.038798977197943556
vn 0.3098951293209757 -0.7303242543417583 -0.6087622625814535
vn -0.3098951293209757 0.7303242543417583 0.6087622625814535
vn 0.24986902035320777 -0.6614870268777342 -0.7071070540874161
vn -0.24986902035320777 0.6614870268777342 0.7071070540874161
vn 0.2151169733278094 -0.5694859709946942 -0.793353903769631
vn -0.2151169733278094 0.5694859709946942 0.793353903769631
vn 0.17668393472515553 -0.46774180458537845 -0.8660256297900488
vn -0.17668393472515553 0.46774180458537845 0.8660256297900488
vn 0.381749932329453 -0.8996638545150798 0.2118299743792827
vn -0.381749932329453 0.8996638545150798 -0.2118299743792827
vn 0.13522795753183112 -0.35799389594073716 -0.9238797378289786
vn -0.13522795753183112 0.35799389594073716 0.9238797378289786
vn 0.09145799275721192 -0.2421209763008859 -0.9659259124777261
vn -0.09145799275721192 0.2421209763008859 0.9659259124777261
vn 0.046123994271796774 -0.12210498696809823 -0.9914448796125459
vn -0.046123994271796774 0.12210498696809823 0.9914448796125459
vn 0.015415001257760757 -0.040808003535075875 -0.9990480892247902
vn -0.015415001257760757 0.040808003535075875 0.9990480892247902
vn -0.1973460514948024 0.9703042563241593 -0.1398720347983508
vn 0.1973460514948024 -0.9703042563241593 0.1398720347983508
vn -0.1589469854298203 0.9816818763152118 -0.10505498339925566
vn 0.1589469854298203 -0.9816818763152118 0.10505498339925566
vn -0.11980400960264236 0.9903190735916495 -0.07010800071109784
vn 0.11980400960264236 -0.9903190735916495 0.07010800071109784
vn -0.08012396218022753 0.9961675692521673 -0.03507598401713349
vn 0.08012396218022753 -0.9961675692521673 0.03507598401713349
vn -0.04011899694007634 0.9991949089564668 0
vn 0.04011899694007634 -0.9991949089564668 0
vn -0.23480006988579316 0.956249299475071 -0.17451706058452454
vn 0.23480006988579316 -0.956249299475071 0.17451706058452454
vn -0.27450393413850277 0.9513587252423256 -0.13987196305114802
vn 0.27450393413850277 -0.9513587252423256 0.13987196305114802
vn -0.3884527852745823 0.9154604818460149 -0.10505493701241074
vn 0.3884527852745823 -0.9154604818460149 0.10505493701241074
vn -0.35141290563298855 0.9303077039519031 -0.10505496524352696
vn 0.35141290563298855 -0.9303077039519031 0.10505496524352696
vn -0.31380702789707704 0.9436570328535754 -0.10505500268140255
vn 0.31380702789707704 -0.9436570328535754 0.10505500268140255
vn -0.5210809777171207 0.8354799858947974 -0.17449300223962752
vn 0.5210809777171207 -0.8354799858947974 0.17449300223962752
vn -0.44091005168955866 0.8865900847210242 -0.13984401307699176
vn 0.44091005168955866 -0.8865900847210242 0.13984401307699176
vn 0.08017399044235786 -0.9967808842752496 0
vn -0.08017399044235786 0.9967808842752496 0
vn 0.12009898763104597 -0.9927619216962332 0
vn -0.12009898763104597 0.9927619216962332 0
vn 0.15983106525013016 -0.9871443818312539 0
vn -0.15983106525013016 0.9871443818312539 0
vn 0.3699929080486079 -0.7830098087683429 -0.5000008873655102
vn -0.3699929080486079 0.7830098087683429 0.5000008873655102
vn 0.3947101553070239 -0.8353183484376161 -0.38268413876323404
vn -0.3947101553070239 0.8353183484376161 0.38268413876323404
vn 0.4126741378572845 -0.8733342615791171 -0.25881909414841353
vn -0.4126741378572845 0.8733342615791171 0.25881909414841353
vn 0.41902224709651403 -0.8867695326027896 -0.1950901137567408
vn -0.41902224709651403 0.8867695326027896 0.1950901137567408
vn 0.3832840002417183 -0.9032779877800119 0.1928270000565252
vn -0.3832840002417183 0.9032779877800119 -0.1928270000565252
vn 0.349118863108147 -0.9242356170987007 0.15461094239496342
vn -0.349118863108147 0.9242356170987007 -0.15461094239496342
vn 0.31341607242003755 -0.9424842263910561 0.11616302575626189
vn -0.31341607242003755 0.9424842263910561 -0.11616302575626189
vn 0.276394993060229 -0.9579110145341541 0.07753899693305058
vn -0.276394993060229 0.9579110145341541 -0.07753899693305058
vn 0.23828003778166917 -0.9704211769996205 0.0387990054696963
vn -0.23828003778166917 0.9704211769996205 -0.0387990054696963
vn -0.5008902043862333 0.8440063184459853 -0.19173507131761658
vn 0.5008902043862333 -0.8440063184459853 0.19173507131761658
vn -0.04009400278624144 0.9985800643755818 0.03507600279728984
vn 0.04009400278624144 -0.9985800643755818 -0.03507600279728984
vn -0.23611492106504758 0.9616057299162752 -0.13987195659828952
vn 0.23611492106504758 -0.9616057299162752 0.13987195659828952
vn -0.27569503540367835 0.9554871490151922 -0.10505501187751283
vn 0.27569503540367835 -0.9554871490151922 0.10505501187751283
vn -0.42486712276734695 0.8991392380793475 -0.10505502623618947
vn 0.42486712276734695 -0.8991392380793475 0.10505502623618947
vn -0.5332321687254482 0.8343303275660219 -0.1398440514999823
vn 0.5332321687254482 -0.8343303275660219 0.1398440514999823
vn 0.19930605236589485 -0.9799372926316883 0
vn -0.19930605236589485 0.9799372926316883 0
vn 0.3389450125478713 -0.7173040149865204 -0.6087620459203587
vn -0.3389450125478713 0.7173040149865204 0.6087620459203587
vn 0.27620599837932697 -0.6509300148650082 -0.7071070373056115
vn -0.27620599837932697 0.6509300148650082 0.7071070373056115
vn 0.23779101131755953 -0.5603970513605901 -0.793354006584027
vn -0.23779101131755953 0.5603970513605901 0.793354006584027
vn 0.19530692932054286 -0.46027682109183016 -0.8660256643569981
vn -0.19530692932054286 0.46027682109183016 0.8660256643569981
vn 0.4175360618286104 -0.8836241682395946 0.21183004124896793
vn -0.4175360618286104 0.8836241682395946 -0.21183004124896793
vn 0.14948099998980136 -0.35227999438457763 -0.9238799901493975
vn -0.14948099998980136 0.35227999438457763 0.9238799901493975
vn 0.1010979894908342 -0.23825697867946521 -0.9659258815413552
vn -0.1010979894908342 0.23825697867946521 0.9659258815413552
vn 0.050984997665036745 -0.12015598964983723 -0.9914449395525525
vn -0.050984997665036745 0.12015598964983723 0.9914449395525525
vn 0.017040000712932497 -0.04015700464023833 -0.9990480735950734
vn -0.017040000712932497 0.04015700464023833 0.9990480735950734
vn -0.5025291983398056 0.8467683135322837 -0.1744930600730145
vn 0.5025291983398056 -0.8467683135322837 0.1744930600730145
vn -0.19820294725821272 0.9745147740861119 -0.10505497030627577
vn 0.19820294725821272 -0.9745147740861119 0.10505497030627577
vn -0.1594380622501262 0.9847153747383047 -0.07010802421923527
vn 0.1594380622501262 -0.9847153747383047 0.07010802421923527
vn -0.12002500283997222 0.9921510333126635 -0.03507600019783858
vn 0.12002500283997222 -0.9921510333126635 0.03507600019783858
vn -0.02005099494483568 0.9991837286210257 0.03506899001549075
vn 0.02005099494483568 -0.9991837286210257 -0.03506899001549075
vn -0.08012396218022753 0.9961675692521673 0.03507598401713393
vn 0.08012396218022753 -0.9961675692521673 -0.03507598401713393
vn 0.040088981386844524 -0.9984425434865339 -0.038798981011184196
vn -0.040088981386844524 0.9984425434865339 0.038798981011184196
vn -0.2371398787743914 0.9657785133201583 -0.10505494326290359
vn 0.2371398787743914 -0.9657785133201583 0.10505494326290359
vn -0.38965313606318935 0.9182893328826581 -0.0701080214386667
vn 0.38965313606318935 -0.9182893328826581 0.0701080214386667
vn -0.352497905730509 0.9331827783313089 -0.07010797872898854
vn 0.352497905730509 -0.9331827783313089 0.07010797872898854
vn -0.31477607515942213 0.9465732349358056 -0.07010801245502354
vn 0.31477607515942213 -0.9465732349358056 0.07010801245502354
vn -0.27654692798913066 0.9584397052159016 -0.07010797447815798
vn 0.27654692798913066 -0.9584397052159016 0.07010797447815798
vn -0.5239988047541589 0.8401587247922576 -0.13985195662435385
vn 0.5239988047541589 -0.8401587247922576 0.13985195662435385
vn -0.4428228592503989 0.8904357251242608 -0.10503396949431763
vn 0.4428228592503989 -0.8904357251242608 0.10503396949431763
vn 0.0801130347168354 -0.996030390139299 -0.0387990152892436
vn -0.0801130347168354 0.996030390139299 0.0387990152892436
vn 0.12000904082625727 -0.992014348036053 -0.03879901301020867
vn -0.12000904082625727 0.992014348036053 0.03879901301020867
vn 0.15971100792870113 -0.9864010500463797 -0.03879900016492419
vn -0.15971100792870113 0.9864010500463797 0.03879900016492419
vn 0.19915588908775209 -0.979199454253351 -0.038798977197943986
vn -0.19915588908775209 0.979199454253351 0.038798977197943986
vn 0.3856480143176983 -0.7754679961651337 -0.4999249903500009
vn -0.3856480143176983 0.7754679961651337 0.4999249903500009
vn 0.41140303678824003 -0.8272550838658048 -0.3826180439283988
vn -0.41140303678824003 0.8272550838658048 0.3826180439283988
vn 0.43011912203920943 -0.8648902090244813 -0.25877107100641844
vn -0.43011912203920943 0.8648902090244813 0.25877107100641844
vn 0.43673282978107747 -0.8781906370408091 -0.19505291693607196
vn -0.43673282978107747 0.8781906370408091 0.19505291693607196
vn 0.4192139340909223 -0.8871738491269257 0.19282696618815226
vn -0.4192139340909223 0.8871738491269257 -0.19282696618815226
vn 0.3859171172006441 -0.9094852400232717 0.15461105015928384
vn -0.3859171172006441 0.9094852400232717 -0.15461105015928384
vn 0.35097606634737694 -0.9291511999274049 0.11616302563546198
vn -0.35097606634737694 0.9291511999274049 -0.11616302563546198
vn 0.3146030257739288 -0.9460510764101003 0.07753900307057739
vn -0.3146030257739288 0.9460510764101003 -0.07753900307057739
vn 0.2770210391809837 -0.9600801950874689 0.038799005810662694
vn -0.2770210391809837 0.9600801950874689 -0.038799005810662694
vn 0.238459134797844 -0.9711525323199564 0
vn -0.238459134797844 0.9711525323199564 0
vn -0.482155973820506 0.8548469524966763 -0.1917349856347165
vn 0.482155973820506 -0.8548469524966763 0.1917349856347165
vn -0.04002001288711017 0.9967363062923912 0.07010801870767906
vn 0.04002001288711017 -0.9967363062923912 -0.07010801870767906
vn -0.07997601960314624 0.994328267071516 0.0701080137430339
vn 0.07997601960314624 -0.994328267071516 -0.0701080137430339
vn 0.020048003633044514 -0.9990462127681149 -0.038791008030419565
vn -0.020048003633044514 0.9990462127681149 0.038791008030419565
vn -0.23787295116710733 0.9687627831787491 -0.0701079812205068
vn 0.23787295116710733 -0.9687627831787491 0.0701079812205068
vn -0.4261802675908796 0.901917536304056 -0.07010803964873011
vn 0.4261802675908796 -0.901917536304056 0.07010803964873011
vn -0.53554524080073 0.8379493680301828 -0.1050340500671347
vn 0.53554524080073 -0.8379493680301828 0.1050340500671347
vn 0.23828003778166917 -0.9704211769996205 -0.03879900546969673
vn -0.23828003778166917 0.9704211769996205 0.03879900546969673
vn 0.3532949893491657 -0.7104120072372699 -0.6086850010258884
vn -0.3532949893491657 0.7104120072372699 0.6086850010258884
vn 0.3020980045081884 -0.6393250195190721 -0.7071070039881578
vn -0.3020980045081884 0.6393250195190721 0.7071070039881578
vn 0.2600820166842741 -0.550406000805614 -0.7933540060241778
vn -0.2600820166842741 0.550406000805614 0.7933540060241778
vn 0.21361589188445965 -0.4520707851720946 -0.8660255515446948
vn -0.21361589188445965 0.4520707851720946 0.8660255515446948
vn 0.4351849151555373 -0.8750768679538635 0.2117889628689943
vn -0.4351849151555373 0.8750768679538635 -0.2117889628689943
vn 0.16349396496125446 -0.3459998995083557 -0.923879750271352
vn -0.16349396496125446 0.3459998995083557 0.923879750271352
vn 0.11057499451755019 -0.23400899039030787 -0.9659259614504377
vn -0.11057499451755019 0.23400899039030787 0.9659259614504377
vn 0.05576499262576807 -0.11801398635732446 -0.99144488733439
vn -0.05576499262576807 0.11801398635732446 0.99144488733439
vn 0.0186370012747796 -0.039441004104886046 -0.9990480816150354
vn -0.0186370012747796 0.039441004104886046 0.9990480816150354
vn -0.48373291995997825 0.8576448361646419 -0.17449297162670452
vn 0.48373291995997825 -0.8576448361646419 0.17449297162670452
vn -0.5053431688996416 0.8515102392694183 -0.13985204348098057
vn 0.5053431688996416 -0.8515102392694183 0.13985204348098057
vn -0.19881503931779276 0.9775261874645838 -0.07010800925728654
vn 0.19881503931779276 -0.9775261874645838 0.07010800925728654
vn -0.1597329839605433 0.9865368965632483 -0.03507599684136873
vn 0.1597329839605433 -0.9865368965632483 0.03507599684136873
vn -0.12002500283997222 0.9921510333126635 0.035076000197839026
vn 0.12002500283997222 -0.9921510333126635 -0.035076000197839026
vn -0.020013990677310738 0.9973395991175665 0.07009396699559929
vn 0.020013990677310738 -0.9973395991175665 -0.07009396699559929
vn -0.11980400960264236 0.9903190735916495 0.07010800071109828
vn 0.11980400960264236 -0.9903190735916495 -0.07010800071109828
vn 0.039997986256592205 -0.9961866636168506 -0.0775389729577653
vn 0.020002996490819616 -0.9967898033171069 -0.07752398425282037
vn -0.020002996490819616 0.9967898033171069 0.07752398425282037
vn -0.039997986256592205 0.9961866636168506 0.0775389729577653
vn 0.07993199108198042 -0.9937799462710996 -0.0775389914241895
vn -0.07993199108198042 0.9937799462710996 0.0775389914241895
vn -0.39037399187736865 0.9199879460002314 -0.03507599863159172
vn 0.39037399187736865 -0.9199879460002314 0.03507599863159172
vn -0.35315085898091697 0.9349086297479607 -0.035075986427056956
vn 0.35315085898091697 -0.9349086297479607 0.035075986427056956
vn -0.3153580984001598 0.948324281743697 -0.035076009304597935
vn 0.3153580984001598 -0.948324281743697 0.035076009304597935
vn -0.2770588468092944 0.9602125134073908 -0.03507598181898339
vn 0.2770588468092944 -0.9602125134073908 0.03507598181898339
vn -0.23831295238451367 0.9705547957229783 -0.035075992144265336
vn 0.23831295238451367 -0.9705547957229783 0.035075992144265336
vn -0.5262722352772624 0.843803367555225 -0.10504004607165669
vn 0.5262722352772624 -0.843803367555225 0.10504004607165669
vn -0.4441910080604487 0.8931859716677939 -0.07009399670514864
vn 0.4441910080604487 -0.8931859716677939 0.07009399670514864
vn 0.11973701196773004 -0.9897730803798072 -0.07753900515551922
vn -0.11973701196773004 0.9897730803798072 0.07753900515551922
vn 0.15935005538094807 -0.9841723726499455 -0.07753902735181492
vn -0.15935005538094807 0.9841723726499455 0.07753902735181492
vn 0.1987060032858678 -0.9769870153061304 -0.07753899780997742
vn -0.1987060032858678 0.9769870153061304 0.07753899780997742
vn 0.23774189431009626 -0.968228537759888 -0.07753896025351453
vn -0.23774189431009626 0.968228537759888 0.07753896025351453
vn 0.45831595485396975 -0.7348459262179937 -0.49994794753765404
vn 0.4272718739093381 -0.6685368359609309 -0.6086848484473308
vn 0.4663990589231413 -0.729758094511411 -0.49992503571103813
vn -0.4663990589231413 0.729758094511411 0.49992503571103813
vn -0.4272718739093381 0.6685368359609309 0.6086848484473308
vn -0.45831595485396975 0.7348459262179937 0.49994794753765404
vn 0.48892704013933913 -0.7839250504336377 -0.3826380335554789
vn 0.49754601667143106 -0.7784930330065576 -0.38261803257902416
vn -0.49754601667143106 0.7784930330065576 0.38261803257902416
vn -0.48892704013933913 0.7839250504336377 0.3826380335554789
vn 0.511172071718587 -0.8195931327855565 -0.25878603089364177
vn 0.5201809469397665 -0.8139099240911214 -0.2587709757813517
vn -0.5201809469397665 0.8139099240911214 0.2587709757813517
vn -0.511172071718587 0.8195931327855565 0.25878603089364177
vn 0.5190340709818076 -0.8321980926259287 -0.19506400946821997
vn 0.5281807948104911 -0.8264256824214479 -0.19505291442991082
vn -0.5281807948104911 0.8264256824214479 0.19505291442991082
vn -0.5190340709818076 0.8321980926259287 0.19506400946821997
vn 0.4369320625752719 -0.8785911318127194 0.19279003032772074
vn -0.4369320625752719 0.8785911318127194 -0.19279003032772074
vn 0.4220941523927736 -0.8932703647504748 0.15461106679141587
vn -0.4220941523927736 0.8932703647504748 -0.15461106679141587
vn 0.3879701328598165 -0.9143223305405461 0.11616304009296877
vn -0.3879701328598165 0.9143223305405461 -0.11616304009296877
vn 0.35230401931402844 -0.9326679911231288 0.07753899863634928
vn -0.35230401931402844 0.9326679911231288 -0.07753899863634928
vn 0.31531487739645037 -0.948193633713313 0.03879898295065175
vn -0.31531487739645037 0.948193633713313 -0.03879898295065175
vn 0.2772289801049137 -0.9608038783175208 0
vn -0.2772289801049137 0.9608038783175208 0
vn 0.2770210391809837 -0.9600801950874689 -0.038799005810663124
vn -0.2770210391809837 0.9600801950874689 0.038799005810663124
vn -0.4631861844109857 0.8652723378405828 -0.19173507748631904
vn 0.4631861844109857 -0.8652723378405828 0.19173507748631904
vn -0.03989698999779732 0.9936657801030654 0.10505497437666728
vn 0.03989698999779732 -0.9936657801030654 -0.10505497437666728
vn -0.07973000767194234 0.9912651362991074 0.10505501146801241
vn 0.07973000767194234 -0.9912651362991074 -0.10505501146801241
vn -0.11943405405224679 0.9872684256038504 0.10505504527788981
vn 0.11943405405224679 -0.9872684256038504 -0.10505504527788981
vn 0.03984798057053721 -0.992430505777895 -0.11616294437505158
vn -0.03984798057053721 0.992430505777895 0.11616294437505158
vn -0.1991830746838838 0.9793343535796409 -0.03507601257584851
vn 0.1991830746838838 -0.9793343535796409 0.03507601257584851
vn -0.4269688953489819 0.9035857663765828 -0.03507599187640547
vn 0.4269688953489819 -0.9035857663765828 0.03507599187640547
vn -0.537199664679485 0.8405375408253728 -0.07009395645477354
vn 0.537199664679485 -0.8405375408253728 0.07009395645477354
vn 0.276394993060229 -0.9579110145341541 -0.077538996933051
vn -0.276394993060229 0.9579110145341541 0.077538996933051
vn 0.419863994360182 -0.6731929706424694 -0.6087080174578614
vn -0.419863994360182 0.6731929706424694 0.6087080174578614
vn 0.314896121285415 -0.6331982918388388 -0.7070363187360165
vn -0.314896121285415 0.6331982918388388 0.7070363187360165
vn 0.2711069684299971 -0.5451459487274192 -0.7932949680004144
vn -0.2711069684299971 0.5451459487274192 0.7932949680004144
vn 0.22267606883246316 -0.4477611495996453 -0.8659822869311614
vn -0.22267606883246316 0.4477611495996453 0.8659822869311614
vn 0.5284209926917927 -0.8268030410175731 0.19279000453009476
vn 0.5171940103228083 -0.8292470575717759 0.2118010226480569
vn 0.5263079142939683 -0.8234958498388996 0.21178896253025362
vn -0.5263079142939683 0.8234958498388996 -0.21178896253025362
vn -0.5171940103228083 0.8292470575717759 -0.2118010226480569
vn -0.5284209926917927 0.8268030410175731 -0.19279000453009476
vn 0.1704328976127192 -0.34270879953995237 -0.9238524265970282
vn -0.1704328976127192 0.34270879953995237 0.9238524265970282
vn 0.11526998612712151 -0.23178696083774084 -0.965912850667107
vn -0.11526998612712151 0.23178696083774084 0.965912850667107
vn 0.0581330229114413 -0.11689504645117661 -0.9914414252805634
vn -0.0581330229114413 0.11689504645117661 0.9914414252805634
vn 0.02146300756611497 -0.037916015562960814 -0.9990504066712782
vn -0.02146300756611497 0.037916015562960814 0.9990504066712782
vn -0.46470194344227955 0.8681038563933876 -0.1744929748611591
vn 0.46470194344227955 -0.8681038563933876 0.1744929748611591
vn -0.48644217728828393 0.8624473382967804 -0.13985205332719408
vn 0.48644217728828393 -0.8624473382967804 0.13985205332719408
vn -0.5075359827390661 0.8552039671039895 -0.10503999654745307
vn 0.5075359827390661 -0.8552039671039895 0.10503999654745307
vn -0.1597329839605433 0.9865368965632483 0.035075996841369174
vn 0.1597329839605433 -0.9865368965632483 -0.035075996841369174
vn -0.1594380622501262 0.9847153747383047 0.07010802421923572
vn 0.1594380622501262 -0.9847153747383047 -0.07010802421923572
vn -0.01995300821060613 0.9942684377718217 0.10503404740429884
vn 0.01995300821060613 -0.9942684377718217 -0.10503404740429884
vn -0.1589469854298203 0.9816818763152118 0.1050549833992561
vn 0.1589469854298203 -0.9816818763152118 -0.1050549833992561
vn 0.01992799939354992 -0.9930329184443126 -0.11613999193276092
vn -0.01992799939354992 0.9930329184443126 0.11613999193276092
vn 0.07963099190073543 -0.9900328607948058 -0.11616298754490438
vn -0.07963099190073543 0.9900328607948058 0.11616298754490438
vn 0.11928600878537522 -0.9860410760249102 -0.1161630083102752
vn -0.11928600878537522 0.9860410760249102 0.1161630083102752
vn -0.3906142112291468 0.9205544731224935 0
vn 0.3906142112291468 -0.9205544731224935 0
vn -0.3533681461046381 0.9354843415678163 0
vn 0.3533681461046381 -0.9354843415678163 0
vn -0.3155530032047527 0.9489079524213407 0
vn 0.3155530032047527 -0.9489079524213407 0
vn -0.5278980053168096 0.8464099632146658 -0.07009900251417243
vn 0.5278980053168096 -0.8464099632146658 0.07009900251417243
vn -0.44501188744977793 0.8948377427828788 -0.03506899085557866
vn 0.44501188744977793 -0.8948377427828788 0.03506899085557866
vn 0.15874893179697325 -0.9804615981472931 -0.11616295111512899
vn -0.15874893179697325 0.9804615981472931 0.11616295111512899
vn 0.19795607619884534 -0.9733034153119372 -0.1161630476445743
vn -0.19795607619884534 0.9733034153119372 0.1161630476445743
vn 0.23684499409022908 -0.9645779423928073 -0.11616299679182511
vn -0.23684499409022908 0.9645779423928073 0.11616299679182511
vn 0.27535212547527516 -0.9542994038235412 -0.11616305289670398
vn -0.27535212547527516 0.9542994038235412 0.11616305289670398
vn 0.4419991230745282 -0.7447742109005991 -0.49994814729003434
vn -0.4419991230745282 0.7447742109005991 0.49994814729003434
vn 0.3742268262260448 -0.6000197330393146 -0.7070577080381849
vn -0.3742268262260448 0.6000197330393146 0.7070577080381849
vn 0.47151996093702253 -0.7945169036099146 -0.38263797030099156
vn -0.47151996093702253 0.7945169036099146 0.38263797030099156
vn 0.3808319907563222 -0.5958750311959511 -0.7070360259660048
vn -0.3808319907563222 0.5958750311959511 0.7070360259660048
vn 0.4929737015418533 -0.8306664939278586 -0.25878582931397653
vn -0.4929737015418533 0.8306664939278586 0.25878582931397653
vn 0.5005550553897757 -0.8434421517752266 -0.1950640231629449
vn -0.5005550553897757 0.8434421517752266 0.1950640231629449
vn 0.5192708226835742 -0.8325776932569757 0.19280092686607375
vn -0.5192708226835742 0.8325776932569757 -0.19280092686607375
vn 0.4399339184140402 -0.8846258364766745 0.15458097187821201
vn -0.4399339184140402 0.8846258364766745 -0.15458097187821201
vn 0.4243391848176622 -0.8980213814652722 0.11616305204102437
vn -0.4243391848176622 0.8980213814652722 -0.11616305204102437
vn 0.3894380169711955 -0.9177830541417735 0.07753899965656928
vn -0.3894380169711955 0.9177830541417735 -0.07753899965656928
vn 0.3531019923555101 -0.9347799851948738 0.03879899835873365
vn -0.3531019923555101 0.9347799851948738 -0.03879899835873365
vn 0.31531487739645037 -0.948193633713313 -0.038798982950652164
vn -0.31531487739645037 0.948193633713313 0.038798982950652164
vn 0.3146030257739288 -0.9460510764101003 -0.0775390030705778
vn -0.3146030257739288 0.9460510764101003 0.0775390030705778
vn -0.4439917685001179 0.8752765482976002 -0.19173490424118508
vn 0.4439917685001179 -0.8752765482976002 0.19173490424118508
vn -0.03972501335458881 0.9893723930277057 0.1398720530649655
vn 0.03972501335458881 -0.9893723930277057 -0.1398720530649655
vn -0.0793850134177315 0.9869821860167782 0.13987202769034418
vn 0.0793850134177315 -0.9869821860167782 -0.13987202769034418
vn -0.11891796566199418 0.983002722787007 0.13987195729002883
vn 0.11891796566199418 -0.983002722787007 -0.13987195729002883
vn -0.15826005357153844 0.9774403135720862 0.13987204455371205
vn 0.15826005357153844 -0.9774403135720862 -0.13987204455371205
vn 0.039636999433718526 -0.9871799962032569 -0.15461100663287017
vn -0.039636999433718526 0.9871799962032569 0.15461100663287017
vn 0.07921000107874646 -0.9847950094959782 -0.15461101190057913
vn -0.07921000107874646 0.9847950094959782 0.15461101190057913
vn -0.42723200245048915 0.9041420331353616 0
vn 0.42723200245048915 -0.9041420331353616 0
vn -0.5381928730160098 0.8420917985578625 -0.0350689925198476
vn 0.5381928730160098 -0.8420917985578625 0.0350689925198476
vn 0.31341607242003755 -0.9424842263910561 -0.1161630257562623
vn -0.31341607242003755 0.9424842263910561 0.1161630257562623
vn 0.40491612633183593 -0.6822882233872983 -0.6087082313090771
vn -0.40491612633183593 0.6822882233872983 0.6087082313090771
vn 0.36090291360306986 -0.6081268610097678 -0.7070578532703117
vn -0.36090291360306986 0.6081268610097678 0.7070578532703117
vn 0.322184753942681 -0.5165776085659196 -0.7933123966352785
vn -0.322184753942681 0.5165776085659196 0.7933123966352785
vn 0.32787388932887984 -0.5130128245191056 -0.793294746342923
vn -0.32787388932887984 0.5130128245191056 0.793294746342923
vn 0.27595705790535047 -0.43938010087164153 -0.8548642167913271
vn 0.2693020934491108 -0.42136813262265593 -0.865982262678643
vn -0.2693020934491108 0.42136813262265593 0.865982262678643
vn -0.27595705790535047 0.43938010087164153 0.8548642167913271
vn 0.4987802480042936 -0.8404513995710738 0.21180110755092593
vn -0.4987802480042936 0.8404513995710738 -0.21180110755092593
vn 0.20611891988540373 -0.32250788050862667 -0.9238526169660981
vn -0.20611891988540373 0.32250788050862667 0.9238526169660981
vn 0.5320510728816995 -0.8324820523931736 0.1545810088228228
vn -0.5320510728816995 0.8324820523931736 -0.1545810088228228
vn 0.1394059934379053 -0.21812399882374625 -0.9659129826908474
vn -0.1394059934379053 0.21812399882374625 0.9659129826908474
vn 0.07030503410940574 -0.11000405801447721 -0.9914415310038321
vn -0.07030503410940574 0.11000405801447721 0.9914415310038321
vn 0.01762400692422252 -0.027575009955034705 -0.9994643631495396
vn -0.01762400692422252 0.027575009955034705 0.9994643631495396
vn -0.44544485696192837 0.8781407017649939 -0.17449294343855531
vn 0.44544485696192837 -0.8781407017649939 0.17449294343855531
vn -0.467304118416594 0.8729652156499057 -0.13985204030046708
vn 0.467304118416594 -0.8729652156499057 0.13985204030046708
vn -0.4885520405014677 0.8661890675314683 -0.10504000671562116
vn 0.4885520405014677 -0.8661890675314683 0.10504000671562116
vn -0.5091038699582371 0.8578457798787846 -0.07009898385644586
vn 0.5091038699582371 -0.8578457798787846 0.07009898385644586
vn -0.1991830746838838 0.9793343535796409 0.03507601257584894
vn 0.1991830746838838 -0.9793343535796409 -0.03507601257584894
vn -0.19881503931779276 0.9775261874645838 0.07010800925728698
vn 0.19881503931779276 -0.9775261874645838 -0.07010800925728698
vn -0.019866005167074968 0.9899742364979482 0.13984403065203138
vn 0.019866005167074968 -0.9899742364979482 -0.13984403065203138
vn -0.19820294725821272 0.9745147740861119 0.10505497030627621
vn 0.19820294725821272 -0.9745147740861119 -0.10505497030627621
vn -0.19734605149480236 0.9703042563241591 0.13987203479835122
vn 0.19734605149480236 -0.9703042563241591 -0.13987203479835122
vn 0.019822004782969072 -0.9877812467676489 -0.15458103590199238
vn -0.019822004782969072 0.9877812467676489 0.15458103590199238
vn 0.11865504633741879 -0.9808243468980724 -0.1546110620577812
vn -0.11865504633741879 0.9808243468980724 0.1546110620577812
vn 0.15790906557076453 -0.975274395052441 -0.15461106482287582
vn -0.15790906557076453 0.975274395052441 0.15461106482287582
vn -0.4269688953489819 0.9035857663765828 0.03507599187640587
vn 0.4269688953489819 -0.9035857663765828 -0.03507599187640587
vn -0.39037399187736865 0.9199879460002314 0.03507599863159212
vn 0.39037399187736865 -0.9199879460002314 -0.03507599863159212
vn -0.35315085898091697 0.9349086297479607 0.03507598642705737
vn 0.35315085898091697 -0.9349086297479607 -0.03507598642705737
vn -0.3153580984001598 0.948324281743697 0.03507600930459835
vn 0.3153580984001598 -0.948324281743697 -0.03507600930459835
vn -0.2770588468092944 0.9602125134073908 0.03507598181898382
vn 0.2770588468092944 -0.9602125134073908 -0.03507598181898382
vn -0.23831295238451367 0.9705547957229783 0.035075992144265766
vn 0.23831295238451367 -0.9705547957229783 -0.035075992144265766
vn -0.5288741680622039 0.8479753170988807 -0.03507101292469539
vn 0.5288741680622039 -0.8479753170988807 0.03507101292469539
vn -0.4452861592974976 0.8953883159490545 0
vn 0.4452861592974976 -0.8953883159490545 0
vn 0.196909004468726 -0.9681540572089755 -0.1546110134141005
vn -0.196909004468726 0.9681540572089755 0.1546110134141005
vn 0.23559194689253088 -0.9594747941290032 -0.15461097629370932
vn -0.23559194689253088 0.9594747941290032 0.15461097629370932
vn 0.27389586623387485 -0.9492505022592352 -0.1546109259418139
vn -0.27389586623387485 0.9492505022592352 0.1546109259418139
vn 0.31175800046758856 -0.9374979400270353 -0.15461100086836024
vn -0.31175800046758856 0.9374979400270353 0.15461100086836024
vn 0.42546690120788017 -0.7543408057472606 -0.49994786204277114
vn -0.42546690120788017 0.7543408057472606 0.49994786204277114
vn 0.4538839941242296 -0.8047219908378762 -0.3826379977730403
vn -0.4538839941242296 0.8047219908378762 0.3826379977730403
vn 0.3107138989798735 -0.5235568262681544 -0.793312752102689
vn -0.3107138989798735 0.5235568262681544 0.793312752102689
vn 0.4745350049605279 -0.8413360412420189 -0.25878600189020934
vn -0.4745350049605279 0.8413360412420189 0.25878600189020934
vn 0.481832890800802 -0.854275788499821 -0.19506394470929644
vn -0.481832890800802 0.854275788499821 0.19506394470929644
vn 0.500783769295827 -0.8438266543427426 0.19280091760828658
vn -0.500783769295827 0.8438266543427426 -0.19280091760828658
vn 0.522838123680809 -0.838297213412073 0.1545900333510694
vn -0.522838123680809 0.838297213412073 -0.1545900333510694
vn 0.44227299153714417 -0.8893290174053705 0.1161400006784198
vn -0.44227299153714417 0.8893290174053705 -0.1161400006784198
vn 0.425945128303814 -0.9014202396191274 0.07753901778616071
vn -0.425945128303814 0.9014202396191274 -0.07753901778616071
vn 0.39032012779072756 -0.9198613126730047 0.03879901144264879
vn -0.39032012779072756 0.9198613126730047 -0.03879901144264879
vn 0.35310199235551 -0.9347799851948736 -0.03879899835873406
vn -0.35310199235551 0.9347799851948736 0.03879899835873406
vn 0.35230401931402844 -0.9326679911231288 -0.07753899863634969
vn -0.35230401931402844 0.9326679911231288 0.07753899863634969
vn 0.35097606634737694 -0.9291511999274049 -0.1161630256354624
vn -0.35097606634737694 0.9291511999274049 0.1161630256354624
vn -0.4245810655140516 0.8848551270958896 -0.19173503294669395
vn 0.4245810655140516 -0.8848551270958896 0.19173503294669395
vn -0.03950297947187422 0.9838614546965897 0.17451691200326466
vn 0.03950297947187422 -0.9838614546965897 -0.17451691200326466
vn -0.07894295954833634 0.9814845156672011 0.17451691792851903
vn 0.07894295954833634 -0.9814845156672011 -0.17451691792851903
vn -0.11825601763070268 0.9775271460747396 0.17451702776835776
vn 0.11825601763070268 -0.9775271460747396 -0.17451702776835776
vn -0.15737798228296654 0.9719958813900538 0.17451698270745739
vn 0.15737798228296654 -0.9719958813900538 -0.17451698270745739
vn -0.19624707934977403 0.96489941075008 0.1745170793384764
vn 0.19624707934977403 -0.96489941075008 -0.1745170793384764
vn 0.039365991289039816 -0.9804427987679042 -0.19282696148098707
vn -0.039365991289039816 0.9804427987679042 0.19282696148098707
vn 0.07866900295905621 -0.9780740921074479 -0.19282701657604853
vn -0.07866900295905621 0.9780740921074479 0.19282701657604853
vn 0.11784494709283744 -0.9741305603971367 -0.19282691654706063
vn -0.11784494709283744 0.9741305603971367 0.19282691654706063
vn -0.44501188744977793 0.8948377427828788 0.03506899085557906
vn 0.44501188744977793 -0.8948377427828788 -0.03506899085557906
vn -0.5385240573389624 0.8426101350370658 0
vn 0.5385240573389624 -0.8426101350370658 0
vn 0.349118863108147 -0.9242356170987007 -0.1546109423949638
vn -0.349118863108147 0.9242356170987007 0.1546109423949638
vn 0.38977105420723673 -0.691052090080946 -0.6087080861110153
vn -0.38977105420723673 0.691052090080946 0.6087080861110153
vn 0.3474048325042715 -0.6159377345893713 -0.7070576988206778
vn -0.3474048325042715 0.6159377345893713 0.7070576988206778
vn 0.29909190494958415 -0.5302818613331164 -0.7933127882082289
vn -0.29909190494958415 0.5302818613331164 0.7933127882082289
vn 0.2835679240210953 -0.47781488288420876 -0.8314338038357089
vn -0.2835679240210953 0.47781488288420876 0.8314338038357089
vn 0.4801247295108049 -0.8512465152923304 0.21180088364981034
vn -0.4801247295108049 0.8512465152923304 -0.21180088364981034
vn 0.5348799645293909 -0.836907954752896 0.11613999662632307
vn -0.5348799645293909 0.836907954752896 -0.11613999662632307
vn -0.4259708077231452 0.8877505796310273 -0.17449292057979374
vn 0.4259708077231452 -0.8877505796310273 0.17449292057979374
vn -0.4479391451897603 0.8830582810498582 -0.13985204494728157
vn 0.4479391451897603 -0.8830582810498582 0.13985204494728157
vn -0.46933200034238765 0.8767520017206237 -0.10503999682736208
vn 0.46933200034238765 -0.8767520017206237 0.10503999682736208
vn -0.49006174265811847 0.8688645597579426 -0.0700989670360729
vn 0.49006174265811847 -0.8688645597579426 0.0700989670360729
vn -0.5100451958196924 0.8594323255294983 -0.035071014473633
vn 0.5100451958196924 -0.8594323255294983 0.035071014473633
vn -0.23787295116710733 0.9687627831787491 0.07010798122050724
vn 0.23787295116710733 -0.9687627831787491 -0.07010798122050724
vn -0.2371398787743914 0.9657785133201583 0.105054943262904
vn 0.2371398787743914 -0.9657785133201583 -0.105054943262904
vn -0.019756003025922543 0.9844621491990313 0.1744820252600938
vn 0.019756003025922543 -0.9844621491990313 -0.1744820252600938
vn -0.23611492106504758 0.9616057299162752 0.13987195659828996
vn 0.23611492106504758 -0.9616057299162752 -0.13987195659828996
vn -0.23480006988579316 0.956249299475071 0.17451706058452499
vn 0.23480006988579316 -0.956249299475071 -0.17451706058452499
vn 0.019686991866108134 -0.9810425428263151 -0.19278991549389138
vn -0.019686991866108134 0.9810425428263151 0.19278991549389138
vn 0.15683107495226767 -0.968618461637869 -0.19282709794944314
vn -0.15683107495226767 0.968618461637869 0.19282709794944314
vn 0.19556494270183275 -0.9615467345084246 -0.19282694454410113
vn -0.19556494270183275 0.9615467345084246 0.19282694454410113
vn -0.4441910080604487 0.8931859716677939 0.07009399670514903
vn 0.4441910080604487 -0.8931859716677939 -0.07009399670514903
vn -0.38965313606318935 0.9182893328826581 0.07010802143866712
vn 0.38965313606318935 -0.9182893328826581 -0.07010802143866712
vn -0.352497905730509 0.9331827783313089 0.07010797872898895
vn 0.352497905730509 -0.9331827783313089 -0.07010797872898895
vn -0.31477607515942213 0.9465732349358056 0.07010801245502396
vn 0.31477607515942213 -0.9465732349358056 -0.07010801245502396
vn -0.27654692798913066 0.9584397052159016 0.07010797447815839
vn 0.27654692798913066 -0.9584397052159016 -0.07010797447815839
vn -0.5292000776395405 0.8484970700163343 0
vn 0.5292000776395405 -0.8484970700163343 0
vn -0.5288741680622039 0.8479753170988807 0.03507101292469576
vn -0.5381928730160098 0.8420917985578625 0.03506899251984798
vn 0.5381928730160098 -0.8420917985578625 -0.03506899251984798
vn 0.5288741680622039 -0.8479753170988807 -0.03507101292469576
vn 0.23398392142593213 -0.9529266997167505 -0.19282694179259585
vn -0.23398392142593213 0.9529266997167505 0.19282694179259585
vn 0.2720260856318854 -0.942772259661472 -0.1928270602083542
vn -0.2720260856318854 0.942772259661472 0.1928270602083542
vn 0.30963086112462535 -0.931099623241797 -0.19282692093742249
vn -0.30963086112462535 0.931099623241797 0.19282692093742249
vn 0.3467360324451618 -0.9179280295466078 -0.19282701153331544
vn -0.3467360324451618 0.9179280295466078 0.19282701153331544
vn 0.4087280126600982 -0.763540046634095 -0.4999480061495699
vn -0.4087280126600982 0.763540046634095 0.4999480061495699
vn 0.4360269388773474 -0.8145358791819558 -0.3826379621764259
vn -0.4360269388773474 0.8145358791819558 0.3826379621764259
vn 0.4558656722135497 -0.8515963819488692 -0.25878580167560294
vn -0.4558656722135497 0.8515963819488692 0.25878580167560294
vn 0.2729618297472841 -0.4839526902656372 -0.8314334808544017
vn -0.2729618297472841 0.4839526902656372 0.8314334808544017
vn 0.46287682111929856 -0.8646936551528613 -0.1950639157016938
vn -0.46287682111929856 0.8646936551528613 0.1950639157016938
vn 0.482053117342733 -0.8546651687448322 0.19280104095808412
vn -0.482053117342733 0.8546651687448322 -0.19280104095808412
vn 0.5042237967470187 -0.8496236316752456 0.154589932702579
vn -0.5042237967470187 0.8496236316752456 -0.154589932702579
vn 0.5256179600640692 -0.8427549288251904 0.11614598572027626
vn -0.5256179600640692 0.8427549288251904 -0.11614598572027626
vn 0.4439458716046612 -0.8926937303798704 0.07752397581167318
vn -0.4439458716046612 0.8926937303798704 -0.07752397581167318
vn 0.42691017029770967 -0.9034613124313471 0.03879901334065257
vn -0.42691017029770967 0.9034613124313471 -0.03879901334065257
vn -0.4049641075314439 0.894003211450427 -0.19173505033661487
vn 0.4049641075314439 -0.894003211450427 0.19173505033661487
vn 0.39032012779072756 -0.9198613126730047 -0.03879901144264919
vn -0.39032012779072756 0.9198613126730047 0.03879901144264919
vn 0.3894380169711955 -0.9177830541417735 -0.0775389996565697
vn -0.3894380169711955 0.9177830541417735 0.0775389996565697
vn 0.3879701328598165 -0.9143223305405461 -0.11616304009296918
vn -0.3879701328598165 0.9143223305405461 0.11616304009296918
vn 0.385917117200644 -0.9094852400232715 -0.1546110501592842
vn -0.385917117200644 0.9094852400232715 0.1546110501592842
vn -0.039375017470667156 0.9806514635404722 0.19176108848020934
vn 0.039375017470667156 -0.9806514635404722 -0.19176108848020934
vn -0.0786860228963463 0.9782822729259282 0.19176106038410265
vn 0.0786860228963463 -0.9782822729259282 -0.19176106038410265
vn -0.11786999425831511 0.9743379229157376 0.1917609877472238
vn 0.11786999425831511 -0.9743379229157376 -0.1917609877472238
vn -0.15686494132690385 0.9688246157916427 0.19176092933306998
vn 0.15686494132690385 -0.9688246157916427 -0.19176092933306998
vn -0.19560707124959975 0.9617513023045395 0.19176106537218668
vn 0.19560707124959975 -0.9617513023045395 -0.19176106537218668
vn -0.23403411016753825 0.9531294347388789 0.19176109071559244
vn 0.23403411016753825 -0.9531294347388789 -0.19176109071559244
vn 0.03920898879051449 -0.976519703625843 -0.2118299403496152
vn -0.03920898879051449 0.976519703625843 0.2118299403496152
vn 0.07835396145013519 -0.9741605365834315 -0.21182989800439345
vn -0.07835396145013519 0.9741605365834315 0.21182989800439345
vn 0.11737396027704852 -0.9702326705613182 -0.21182992806573508
vn -0.11737396027704852 0.9702326705613182 0.21182992806573508
vn 0.15620394296341145 -0.9647426651697614 -0.21182992754525726
vn -0.15620394296341145 0.9647426651697614 0.21182992754525726
vn -0.4261802675908796 0.901917536304056 0.0701080396487305
vn 0.4261802675908796 -0.901917536304056 -0.0701080396487305
vn -0.5278980053168096 0.8464099632146658 0.07009900251417282
vn -0.537199664679485 0.8405375408253728 0.0700939564547739
vn 0.537199664679485 -0.8405375408253728 -0.0700939564547739
vn 0.5278980053168096 -0.8464099632146658 -0.07009900251417282
vn 0.3832840002417183 -0.9032779877800119 -0.1928270000565256
vn -0.3832840002417183 0.9032779877800119 0.1928270000565256
vn 0.3744359842473128 -0.6994799844522386 -0.608708012967993
vn -0.3744359842473128 0.6994799844522386 0.608708012967993
vn 0.3337369694468328 -0.6234489967615502 -0.7070579775813722
vn -0.3337369694468328 0.6234489967615502 0.7070579775813722
vn 0.28732489348477125 -0.536748816047079 -0.7933127466869695
vn -0.28732489348477125 0.536748816047079 0.7933127466869695
vn 0.2622228305820804 -0.48985466505770836 -0.8314334574953802
vn -0.2622228305820804 0.48985466505770836 0.8314334574953802
vn 0.46123494453321157 -0.8616279170432307 0.2118009879891703
vn -0.46123494453321157 0.8616279170432307 -0.2118009879891703
vn 0.5369032499247832 -0.8400743566780735 0.07752403157812898
vn -0.5369032499247832 0.8400743566780735 -0.07752403157812898
vn -0.40628896152528626 0.896928915899149 -0.17449297855983106
vn 0.40628896152528626 -0.896928915899149 0.17449297855983106
vn -0.42835598616153314 0.8927219987774345 -0.13985200040901374
vn 0.42835598616153314 -0.8927219987774345 0.13985200040901374
vn -0.4498821625777192 0.8868893000182803 -0.10504003668829999
vn 0.4498821625777192 -0.8868893000182803 0.10504003668829999
vn -0.47078093902932866 0.8794608793914276 -0.07009899476255362
vn 0.47078093902932866 -0.8794608793914276 0.07009899476255362
vn -0.49096815975756586 0.8704713034761695 -0.035071012656718435
vn 0.49096815975756586 -0.8704713034761695 0.035071012656718435
vn -0.5103592001621082 0.8599613286711753 0
vn 0.5103592001621082 -0.8599613286711753 0
vn -0.27569503540367835 0.9554871490151922 0.10505501187751325
vn 0.27569503540367835 -0.9554871490151922 -0.10505501187751325
vn -0.27450393413850277 0.9513587252423256 0.13987196305114846
vn 0.27450393413850277 -0.9513587252423256 -0.13987196305114846
vn -0.019691006099570918 0.9812513172134757 0.1917240640754461
vn 0.019691006099570918 -0.9812513172134757 -0.1917240640754461
vn -0.27297485284005873 0.9460594995994182 0.1745169130332276
vn 0.27297485284005873 -0.9460594995994182 -0.1745169130332276
vn -0.2720839846960938 0.9429729725327426 0.1917609927609358
vn 0.2720839846960938 -0.9429729725327426 -0.1917609927609358
vn 0.019607993931180265 -0.9771187115231572 -0.21178892833507623
vn -0.019607993931180265 0.9771187115231572 0.21178892833507623
vn 0.19478302695715277 -0.9576991228642691 -0.2118300320408292
vn -0.19478302695715277 0.9576991228642691 0.2118300320408292
vn 0.23304791876253175 -0.9491136657211998 -0.21182992494385447
vn -0.23304791876253175 0.9491136657211998 0.21182992494385447
vn -0.4428228592503989 0.8904357251242608 0.10503396949431802
vn 0.4428228592503989 -0.8904357251242608 -0.10503396949431802
vn -0.5262722352772624 0.843803367555225 0.10504004607165708
vn 0.5262722352772624 -0.843803367555225 -0.10504004607165708
vn -0.3884527852745823 0.9154604818460149 0.10505493701241116
vn 0.3884527852745823 -0.9154604818460149 -0.10505493701241116
vn -0.42486712276734695 0.8991392380793475 0.10505502623618986
vn 0.42486712276734695 -0.8991392380793475 -0.10505502623618986
vn -0.35141290563298855 0.9303077039519031 0.10505496524352738
vn 0.35141290563298855 -0.9303077039519031 -0.10505496524352738
vn -0.313807027897077 0.9436570328535752 0.10505500268140294
vn 0.313807027897077 -0.9436570328535752 -0.10505500268140294
vn -0.5100451958196924 0.8594323255294983 0.03507101447363339
vn 0.5100451958196924 -0.8594323255294983 -0.03507101447363339
vn -0.5091038699582371 0.8578457798787846 0.07009898385644625
vn 0.5091038699582371 -0.8578457798787846 -0.07009898385644625
vn 0.2709379581585821 -0.9389998342053889 -0.21182996528137976
vn -0.2709379581585821 0.9389998342053889 0.21182996528137976
vn 0.3083919705122019 -0.9273739518953674 -0.21182999284702334
vn -0.3083919705122019 0.9273739518953674 0.21182999284702334
vn 0.3453489897239906 -0.9142549592510603 -0.21182999027866936
vn -0.3453489897239906 0.9142549592510603 0.21182999027866936
vn 0.381749932329453 -0.8996638545150798 -0.21182997437928308
vn -0.381749932329453 0.8996638545150798 0.21182997437928308
vn 0.3917900510470741 -0.7723681093971568 -0.49994805678869525
vn -0.3917900510470741 0.7723681093971568 0.49994805678869525
vn 0.4179578035786698 -0.8239536159763765 -0.38263783548826946
vn -0.4179578035786698 0.8239536159763765 0.38263783548826946
vn 0.4369738862355043 -0.8614427805428959 -0.2587859319954713
vn -0.4369738862355043 0.8614427805428959 0.2587859319954713
vn 0.44369510094852954 -0.8746911912704016 -0.19506403386642007
vn -0.44369510094852954 0.8746911912704016 0.19506403386642007
vn 0.4630880174274166 -0.8650880077486092 0.19280100353651403
vn -0.4630880174274166 0.8650880077486092 -0.19280100353651403
vn 0.4853639451272708 -0.8605369128704482 0.1545899814279381
vn -0.4853639451272708 0.8605369128704482 -0.1545899814279381
vn 0.5069051627062198 -0.8541412386023209 0.1161460311016868
vn -0.5069051627062198 0.8541412386023209 -0.1161460311016868
vn 0.5276072142738284 -0.8459432796230496 0.07752802787901501
vn -0.5276072142738284 0.8459432796230496 -0.07752802787901501
vn 0.44495075681324925 -0.894714526480405 0.038790979831162996
vn -0.44495075681324925 0.894714526480405 -0.038790979831162996
vn -0.3851501851102816 0.9027164487324602 -0.19173509876225495
vn 0.3851501851102816 -0.9027164487324602 0.19173509876225495
vn 0.42691017029770967 -0.9034613124313471 -0.03879901334065297
vn -0.42691017029770967 0.9034613124313471 0.03879901334065297
vn 0.425945128303814 -0.9014202396191274 -0.0775390177861611
vn -0.425945128303814 0.9014202396191274 0.0775390177861611
vn 0.4243391848176622 -0.8980213814652722 -0.11616305204102476
vn -0.4243391848176622 0.8980213814652722 0.11616305204102476
vn 0.4220941523927736 -0.8932703647504748 -0.15461106679141626
vn -0.4220941523927736 0.8932703647504748 0.15461106679141626
vn 0.4192139340909223 -0.8871738491269257 -0.19282696618815265
vn -0.4192139340909223 0.8871738491269257 0.19282696618815265
vn 0.0006570002587212479 -0.03271901421465879 0.9994643737820178
vn -0.0006570002587212479 0.03271901421465879 -0.9994643737820178
vn 0.03875200838305617 -0.9651481614938744 0.25881906462096954
vn 0.019678005923295497 -0.9805952698317805 0.19505305141530113
vn 0.01938000408764336 -0.9657442477345801 0.2587710637013595
vn -0.01938000408764336 0.9657442477345801 -0.2587710637013595
vn -0.019678005923295497 0.9805952698317805 -0.19505305141530113
vn -0.03875200838305617 0.9651481614938744 -0.25881906462096954
vn 0.039347987355257644 -0.9799957405735187 0.19508993912770325
vn -0.039347987355257644 0.9799957405735187 -0.19508993912770325
vn 0.0786330128599454 -0.9776281160019377 0.19509002048046883
vn -0.0786330128599454 0.9776281160019377 -0.19509002048046883
vn 0.077442029005199 -0.9628163876262898 0.2588191180377136
vn 0.11779104339037906 -0.9736863630817404 0.19509007264763392
vn -0.11779104339037906 0.9736863630817404 -0.19509007264763392
vn -0.077442029005199 0.9628163876262898 -0.2588191180377136
vn 0.11600703850297872 -0.9589343256289274 0.2588190992727594
vn 0.15675996407752293 -0.9681767545697834 0.19508994226544604
vn -0.15675996407752293 0.9681767545697834 -0.19508994226544604
vn -0.11600703850297872 0.9589343256289274 -0.2588190992727594
vn 0.15438503493826705 -0.9535082323458792 0.2588190716229139
vn 0.19547603321745619 -0.9611082141365673 0.19509003346349138
vn -0.19547603321745619 0.9611082141365673 -0.19509003346349138
vn -0.15438503493826705 0.9535082323458792 -0.2588190716229139
vn -0.5355452408007298 0.8379493680301826 0.10503405006713505
vn 0.5355452408007298 -0.8379493680301826 -0.10503405006713505
vn -0.5075359827390661 0.8552039671039895 0.10503999654745345
vn 0.5075359827390661 -0.8552039671039895 -0.10503999654745345
vn 0.4175360618286104 -0.8836241682395946 -0.21183004124896831
vn -0.4175360618286104 0.8836241682395946 0.21183004124896831
vn 0.3589199977301095 -0.707566956411592 -0.6087080067026016
vn -0.3589199977301095 0.707566956411592 0.6087080067026016
vn 0.27541881869033574 -0.5429546301840497 -0.793312513372203
vn -0.27541881869033574 0.5429546301840497 0.793312513372203
vn 0.25135594983439236 -0.49551788886331777 -0.8314338267711333
vn -0.25135594983439236 0.49551788886331777 0.8314338267711333
vn 0.44212185752106553 -0.8715897129930973 0.21180093320552884
vn -0.44212185752106553 0.8715897129930973 -0.21180093320552884
vn 0.5381189153034391 -0.8419758261500272 0.038790993434422424
vn -0.5381189153034391 0.8419758261500272 -0.038790993434422424
vn -0.3598151359089342 0.9131073190619527 -0.19175007652235435
vn -0.38641077208473856 0.9056704399971722 -0.17449289192458475
vn 0.38641077208473856 -0.9056704399971722 0.17449289192458475
vn 0.3598151359089342 -0.9131073190619527 0.19175007652235435
vn -0.4085650989399873 0.9019512011834632 -0.13985203113242942
vn 0.4085650989399873 -0.9019512011834632 0.13985203113242942
vn -0.43021397214539614 0.8965949685385544 -0.10503999506011355
vn 0.43021397214539614 -0.8965949685385544 0.10503999506011355
vn -0.45127199567547777 0.8896289765632565 -0.07009900126310438
vn 0.45127199567547777 -0.8896289765632565 0.07009900126310438
vn -0.4716520256970564 0.8810870510084432 -0.03507100228263221
vn 0.4716520256970564 -0.8810870510084432 0.03507100228263221
vn -0.49127013919974133 0.8710072619276299 0
vn 0.49127013919974133 -0.8710072619276299 0
vn -0.49096815975756586 0.8704713034761695 0.035071012656718824
vn 0.49096815975756586 -0.8704713034761695 -0.035071012656718824
vn -0.3124509382806645 0.9395798227093197 0.13987196976183505
vn 0.3124509382806645 -0.9395798227093197 -0.13987196976183505
vn -0.3107101087822762 0.9343463085140287 0.17451705952918659
vn 0.3107101087822762 -0.9343463085140287 -0.17451705952918659
vn -0.30969692282437655 0.9312977788920878 0.19176095281306907
vn 0.30969692282437655 -0.9312977788920878 -0.19176095281306907
vn 0.03706501697975594 -0.9231354218699319 0.3826841744902882
vn -0.03706501697975594 0.9231354218699319 -0.3826841744902882
vn 0.19251495476335068 -0.9465467459345249 0.25881895207504935
vn -0.19251495476335068 0.9465467459345249 -0.25881895207504935
vn 0.23387799763700506 -0.9524919826521053 0.19508999257974916
vn -0.23387799763700506 0.9524919826521053 -0.19508999257974916
vn 0.23033405976722035 -0.9380612472152099 0.25881908234169204
vn 0.27190210168374385 -0.9423423532519926 0.19509007244721643
vn -0.27190210168374385 0.9423423532519926 -0.19509007244721643
vn -0.23033405976722035 0.9380612472152099 -0.25881908234169204
vn -0.44091005168955866 0.8865900847210242 0.13984401307699215
vn 0.44091005168955866 -0.8865900847210242 -0.13984401307699215
vn -0.5239988047541589 0.8401587247922576 0.13985195662435423
vn 0.5239988047541589 -0.8401587247922576 -0.13985195662435423
vn -0.5053431688996416 0.8515102392694183 0.13985204348098096
vn 0.5053431688996416 -0.8515102392694183 -0.13985204348098096
vn -0.38677407278776693 0.9115051471780574 0.13987202467638538
vn 0.38677407278776693 -0.9115051471780574 -0.13987202467638538
vn -0.42303198781580637 0.8952540202737683 0.1398720003012143
vn 0.42303198781580637 -0.8952540202737683 -0.1398720003012143
vn -0.34989408277256784 0.9262882617589865 0.13987203783551236
vn 0.34989408277256784 -0.9262882617589865 -0.13987203783551236
vn -0.49006174265811847 0.8688645597579426 0.0700989670360733
vn 0.49006174265811847 -0.8688645597579426 -0.0700989670360733
vn -0.4885520405014677 0.8661890675314683 0.10504000671562155
vn 0.4885520405014677 -0.8661890675314683 -0.10504000671562155
vn 0.26778303202562875 -0.9280651609085218 0.258819058160331
vn 0.3094890789396263 -0.9306752317591872 0.1950900382056583
vn -0.3094890789396263 0.9306752317591872 -0.1950900382056583
vn -0.26778303202562875 0.9280651609085218 -0.258819058160331
vn 0.30479999133250535 -0.9165749771989619 0.25881900327531465
vn 0.3465781373888062 -0.9175093778582429 0.1950900720853984
vn -0.3465781373888062 0.9175093778582429 -0.1950900720853984
vn -0.30479999133250535 0.9165749771989619 -0.25881900327531465
vn 0.3413272040913823 -0.9036085337491998 0.2588191598061884
vn 0.3831090723600675 -0.9028661686373155 0.1950900310256352
vn -0.3831090723600675 0.9028661686373155 -0.1950900310256352
vn -0.3413272040913823 0.9036085337491998 -0.2588191598061884
vn 0.37730416440714915 -0.8891873946856589 0.25881913502126025
vn 0.41902224709651403 -0.8867695326027896 0.1950901137567404
vn -0.41902224709651403 0.8867695326027896 -0.1950901137567404
vn -0.37730416440714915 0.8891873946856589 -0.25881913502126025
vn 0.3746621032665213 -0.7808202025859747 -0.49994811691764973
vn -0.3746621032665213 0.7808202025859747 0.49994811691764973
vn 0.3996851953069855 -0.8329704397478893 -0.38263819877088173
vn -0.3996851953069855 0.8329704397478893 0.38263819877088173
vn 0.319906848995826 -0.6306576542904623 -0.7070576575148689
vn -0.319906848995826 0.6306576542904623 0.7070576575148689
vn 0.4178708086432417 -0.8708695987345723 -0.2587858753559178
vn -0.4178708086432417 0.8708695987345723 0.2587858753559178
vn 0.424297232790201 -0.8842634538893817 -0.19506409808624212
vn -0.424297232790201 0.8842634538893817 0.19506409808624212
vn 0.44389716581886407 -0.8750903123685672 0.19280106684524126
vn -0.44389716581886407 0.8750903123685672 -0.19280106684524126
vn 0.46626902991242614 -0.871031067475334 0.1545900101471814
vn -0.46626902991242614 0.871031067475334 -0.1545900101471814
vn 0.4879452366540363 -0.8651124432715902 0.11614605685642666
vn -0.4879452366540363 0.8651124432715902 -0.11614605685642666
vn 0.5088230098574823 -0.8573730536417927 0.07752800480161967
vn -0.5088230098574823 0.8573730536417927 -0.07752800480161967
vn 0.5288009324327385 -0.8478588782500874 0.03879299460946257
vn -0.5288009324327385 0.8478588782500874 -0.03879299460946257
vn 0.44495075681324925 -0.894714526480405 -0.0387909798311634
vn -0.44495075681324925 0.894714526480405 0.0387909798311634
vn -0.3609929130439204 0.9160957567596333 -0.17450696599006998
vn 0.3609929130439204 -0.9160957567596333 0.17450696599006998
vn 0.4439458716046612 -0.8926937303798704 -0.07752397581167357
vn -0.4439458716046612 0.8926937303798704 0.07752397581167357
vn 0.44227299153714417 -0.8893290174053705 -0.11614000067842019
vn -0.44227299153714417 0.8893290174053705 0.11614000067842019
vn 0.4399339184140402 -0.8846258364766745 -0.1545809718782124
vn -0.4399339184140402 0.8846258364766745 0.1545809718782124
vn 0.43693206257527184 -0.8785911318127192 -0.1927900303277211
vn -0.43693206257527184 0.8785911318127192 0.1927900303277211
vn 0.4351849151555373 -0.8750768679538635 -0.21178896286899468
vn -0.4351849151555373 0.8750768679538635 0.21178896286899468
vn 0.001750000166106486 -0.043588004072891345 0.9990480586039692
vn 0.002619000997160727 -0.13052605995911284 0.9914414196034614
vn -0.002619000997160727 0.13052605995911284 -0.9914414196034614
vn -0.001750000166106486 0.043588004072891345 -0.9990480586039692
vn 0.018536993552799006 -0.9237207030683044 0.3826178806498995
vn -0.018536993552799006 0.9237207030683044 -0.3826178806498995
vn 0.07407101388000335 -0.9209051972093004 0.3826840768253729
vn -0.07407101388000335 0.9209051972093004 -0.3826840768253729
vn 0.11095701745714459 -0.917192154022917 0.3826840640473766
vn -0.11095701745714459 0.917192154022917 -0.3826840640473766
vn 0.1476650171997621 -0.9120021703115319 0.38268405250604537
vn -0.1476650171997621 0.9120021703115319 -0.38268405250604537
vn -0.5332321687254482 0.8343303275660219 0.1398440514999827
vn 0.5332321687254482 -0.8343303275660219 -0.1398440514999827
vn -0.48644217728828393 0.8624473382967804 0.13985205332719447
vn 0.48644217728828393 -0.8624473382967804 -0.13985205332719447
vn 0.41267413785728446 -0.8733342615791171 0.25881909414841314
vn -0.41267413785728446 0.8733342615791171 -0.25881909414841314
vn 0.3432281340129019 -0.7153102311404812 -0.6087082398389008
vn -0.3432281340129019 0.7153102311404812 0.6087082398389008
vn 0.2633778003087154 -0.5488966236810093 -0.7933124421160498
vn -0.2633778003087154 0.5488966236810093 0.7933124421160498
vn 0.24036691459235865 -0.5009408102547569 -0.8314337321703139
vn -0.24036691459235865 0.5009408102547569 0.8314337321703139
vn 0.42279296628824514 -0.8811279409247772 0.21180099003274086
vn -0.42279296628824514 0.8811279409247772 -0.21180099003274086
vn -0.3243130174363627 0.9263079839309586 -0.19176700870349045
vn 0.3243130174363627 -0.9263079839309586 0.19176700870349045
vn -0.38857413974405863 0.9107423025957809 -0.1398520510564643
vn 0.38857413974405863 -0.9107423025957809 0.1398520510564643
vn -0.4103371153841268 0.9058642526476902 -0.10504002814772621
vn 0.4103371153841268 -0.9058642526476902 0.10504002814772621
vn 0.43673282978107747 -0.8781906370408091 0.19505291693607157
vn -0.43673282978107747 0.8781906370408091 -0.19505291693607157
vn -0.4315428540327702 0.8993647191107678 -0.07009898110572649
vn 0.4315428540327702 -0.8993647191107678 0.07009898110572649
vn -0.4521070066670162 0.8912739643230052 -0.035071000022027295
vn 0.4521070066670162 -0.8912739643230052 0.035071000022027295
vn -0.47194225889899366 0.8816294597308528 0
vn 0.47194225889899366 -0.8816294597308528 0
vn -0.4716520256970564 0.8810870510084432 0.0350710022826326
vn 0.4716520256970564 -0.8810870510084432 -0.0350710022826326
vn -0.47078093902932866 0.8794608793914276 0.070098994762554
vn 0.47078093902932866 -0.8794608793914276 -0.070098994762554
vn -0.34794491343690326 0.9211287466572028 0.17451695990681496
vn 0.34794491343690326 -0.9211287466572028 -0.17451695990681496
vn -0.34681013050723647 0.9181233177542177 0.1917610668867411
vn 0.34681013050723647 -0.9181233177542177 -0.1917610668867411
vn 0.005236999380572343 -0.13042098074228625 0.9914448757342529
vn 0.0051939997188369625 -0.2588149780814034 0.9659129512992585
vn -0.0051939997188369625 0.2588149780814034 -0.9659129512992585
vn -0.005236999380572343 0.13042098074228625 -0.9914448757342529
vn 0.03474398551249059 -0.865327697911465 0.5000008306972622
vn 0.017376005519912693 -0.8658942916049541 0.4999251445947949
vn -0.017376005519912693 0.8658942916049541 -0.4999251445947949
vn -0.03474398551249059 0.865327697911465 -0.5000008306972622
vn 0.18413399308298772 -0.9053439434298903 0.38268396450090486
vn -0.18413399308298772 0.9053439434298903 -0.38268396450090486
vn 0.22030792385426753 -0.8972276687755799 0.38268385002578914
vn -0.22030792385426753 0.8972276687755799 -0.38268385002578914
vn -0.43845525411414893 0.8816535507407826 0.17448210970144504
vn 0.43845525411414893 -0.8816535507407826 -0.17448210970144504
vn -0.5210809777171206 0.8354799858947973 0.17449300223962788
vn 0.5210809777171206 -0.8354799858947973 -0.17449300223962788
vn -0.5025291983398055 0.8467683135322834 0.17449306007301485
vn 0.5025291983398055 -0.8467683135322834 -0.17449306007301485
vn -0.48373291995997825 0.8576448361646419 0.1744929716267049
vn 0.48373291995997825 -0.8576448361646419 -0.1744929716267049
vn -0.3846199300854401 0.9064277891260899 0.17451696903470404
vn 0.3846199300854401 -0.9064277891260899 -0.17451696903470404
vn -0.42067521856600615 0.8902674569692898 0.17451709241755217
vn 0.42067521856600615 -0.8902674569692898 -0.17451709241755217
vn -0.46933200034238765 0.8767520017206237 0.10503999682736247
vn 0.46933200034238765 -0.8767520017206237 -0.10503999682736247
vn -0.467304118416594 0.8729652156499057 0.13985204030046747
vn 0.467304118416594 -0.8729652156499057 -0.13985204030046747
vn 0.2561259529674365 -0.8876668838147893 0.38268394217038154
vn -0.2561259529674365 0.8876668838147893 -0.38268394217038154
vn 0.29153284089418724 -0.8766765183269254 0.3826837923068402
vn -0.29153284089418724 0.8766765183269254 -0.3826837923068402
vn 0.3264689572404544 -0.8642748544409706 0.38268393739399265
vn -0.3264689572404544 0.8642748544409706 -0.38268393739399265
vn 0.36088011558145505 -0.8504812756196225 0.382684128228929
vn -0.36088011558145505 0.8504812756196225 -0.382684128228929
vn 0.3573510266431525 -0.7888930319991937 -0.49994802511881564
vn -0.3573510266431525 0.7888930319991937 0.49994802511881564
vn 0.38121899323166714 -0.8415819861432643 -0.38263800098604
vn -0.38121899323166714 0.8415819861432643 0.38263800098604
vn 0.39856402723983586 -0.879873013897096 -0.2587860034971059
vn -0.39856402723983586 0.879873013897096 0.2587860034971059
vn 0.3059209640985252 -0.6375589461955704 -0.7070579565007542
vn -0.3059209640985252 0.6375589461955704 0.7070579565007542
vn 0.40469322560398907 -0.8934055017939329 -0.19506409847680817
vn -0.40469322560398907 0.8934055017939329 0.19506409847680817
vn 0.4244908845745886 -0.884666763237083 0.19280095159699268
vn -0.4244908845745886 0.884666763237083 -0.19280095159699268
vn 0.4469469023485394 -0.8811018164977134 0.1545899590706816
vn -0.4469469023485394 0.8811018164977134 -0.1545899590706816
vn 0.4687479464532161 -0.8756628763728515 0.11614598416784375
vn -0.4687479464532161 0.8756628763728515 -0.11614598416784375
vn 0.48979174994195995 -0.8683855461711918 0.07752796198632812
vn -0.48979174994195995 0.8683855461711918 -0.07752796198632812
vn 0.5099750144267716 -0.859314021600178 0.038793001195357855
vn -0.5099750144267716 0.859314021600178 -0.038793001195357855
vn 0.5288009324327385 -0.8478588782500874 -0.03879299460946294
vn 0.5381189153034391 -0.8419758261500272 -0.0387909934344228
vn -0.5381189153034391 0.8419758261500272 0.0387909934344228
vn -0.5288009324327385 0.8478588782500874 0.03879299460946294
vn 0.5276072142738284 -0.8459432796230496 -0.0775280278790154
vn 0.5369032499247832 -0.8400743566780735 -0.07752403157812934
vn -0.5369032499247832 0.8400743566780735 0.07752403157812934
vn -0.5276072142738284 0.8459432796230496 0.0775280278790154
vn -0.3253741671529319 0.9293404617103392 -0.17452208335207747
vn 0.3253741671529319 -0.9293404617103392 0.17452208335207747
vn -0.36301481985134654 0.9212265311562853 -0.13986392981055687
vn 0.36301481985134654 -0.9212265311562853 0.13986392981055687
vn 0.5256179600640692 -0.8427549288251904 -0.11614598572027662
vn 0.5348799645293909 -0.836907954752896 -0.11613999662632343
vn -0.5348799645293909 0.836907954752896 0.11613999662632343
vn -0.5256179600640692 0.8427549288251904 0.11614598572027662
vn 0.5228381236808088 -0.8382972134120728 -0.15459003335106977
vn 0.5320510728816995 -0.8324820523931736 -0.1545810088228232
vn 0.5171940103228082 -0.8292470575717757 -0.21180102264805722
vn 0.5284209926917927 -0.8268030410175731 -0.19279000453009515
vn 0.5263079142939683 -0.8234958498388996 -0.211788962530254
vn -0.5263079142939683 0.8234958498388996 0.211788962530254
vn -0.5284209926917927 0.8268030410175731 0.19279000453009515
vn -0.5171940103228082 0.8292470575717757 0.21180102264805722
vn 0.4301191220392093 -0.8648902090244813 0.25877107100641805
vn -0.4301191220392093 0.8648902090244813 -0.25877107100641805
vn 0.010383999979554743 -0.25861001196698896 0.9659259983326147
vn 0.007678995559708643 -0.3826717890217207 0.9238524421757566
vn -0.007678995559708643 0.3826717890217207 -0.9238524421757566
vn -0.010383999979554743 0.25861001196698896 -0.9659259983326147
vn 0.0034970004196537775 -0.043482002304332495 0.9990480901656691
vn -0.0034970004196537775 0.043482002304332495 -0.9990480901656691
vn 0.03182900310482673 -0.7927140890460125 0.6087620944090586
vn 0.015919003208076033 -0.7932521555991351 0.6086851427250272
vn -0.015919003208076033 0.7932521555991351 -0.6086851427250272
vn -0.03182900310482673 0.7927140890460125 -0.6087620944090586
vn -0.38336519435853816 0.9034704254208177 0.19176109653516007
vn 0.38336519435853816 -0.9034704254208177 -0.19176109653516007
vn 0.06943199873506592 -0.8632370345360447 0.5000010197560294
vn -0.06943199873506592 0.8632370345360447 -0.5000010197560294
vn 0.10400895067535335 -0.8597565782136195 0.5000007643972361
vn -0.10400895067535335 0.8597565782136195 -0.5000007643972361
vn 0.13841794057804266 -0.8548916242670955 0.5000007844834853
vn -0.13841794057804266 0.8548916242670955 -0.5000007844834853
vn -0.5302630120932439 0.8296849812217754 0.17448200463320732
vn 0.5302630120932439 -0.8296849812217754 -0.17448200463320732
vn -0.46470194344227955 0.8681038563933876 0.1744929748611595
vn 0.46470194344227955 -0.8681038563933876 -0.1744929748611595
vn 0.3947101553070239 -0.8353183484376163 0.3826841387632337
vn -0.3947101553070239 0.8353183484376163 -0.3826841387632337
vn 0.3273701362475866 -0.7227053339502493 -0.6087082997406025
vn -0.3273701362475866 0.7227053339502493 0.6087082997406025
vn 0.40325792496826635 -0.890237830575462 0.21180097016440452
vn -0.40325792496826635 0.890237830575462 -0.21180097016440452
vn 0.25120893065147754 -0.5545708401079485 -0.7933128364415297
vn -0.25120893065147754 0.5545708401079485 0.7933128364415297
vn 0.2292609271459487 -0.5061198741435132 -0.831433761812169
vn -0.2292609271459487 0.5061198741435132 0.831433761812169
vn -0.3041189212838878 0.9331417927967234 -0.19172395847478596
vn 0.3041189212838878 -0.9331417927967234 0.19172395847478596
vn -0.39026009720795307 0.9146932000860853 -0.10504002210355526
vn 0.39026009720795307 -0.9146932000860853 0.10504002210355526
vn -0.4116048052767883 0.9086625438669168 -0.07009897036591109
vn 0.4116048052767883 -0.9086625438669168 0.07009897036591109
vn -0.5228381236808088 0.8382972134120728 0.15459003335106977
vn -0.5320510728816995 0.8324820523931736 0.1545810088228232
vn 0.5192708226835742 -0.8325776932569757 -0.19280092686607414
vn -0.5192708226835742 0.8325776932569757 0.19280092686607414
vn 0.5201809469397664 -0.8139099240911215 0.25877097578135133
vn 0.5190340709818078 -0.8321980926259289 0.1950640094682196
vn 0.5281807948104911 -0.8264256824214479 0.19505291442991043
vn -0.5281807948104911 0.8264256824214479 -0.19505291442991043
vn -0.5190340709818078 0.8321980926259289 -0.1950640094682196
vn -0.5201809469397664 0.8139099240911215 -0.25877097578135133
vn -0.43234097919218695 0.9010279145563993 -0.03507099800813657
vn 0.43234097919218695 -0.9010279145563993 0.03507099800813657
vn -0.4523849070106096 0.8918227940061871 0
vn 0.4523849070106096 -0.8918227940061871 0
vn -0.4521070066670162 0.8912739643230052 0.0350710000220277
vn 0.4521070066670162 -0.8912739643230052 -0.0350710000220277
vn -0.45127199567547777 0.8896289765632565 0.07009900126310477
vn 0.45127199567547777 -0.8896289765632565 -0.07009900126310477
vn -0.4498821625777192 0.8868893000182803 0.10504003668830038
vn 0.4498821625777192 -0.8868893000182803 -0.10504003668830038
vn 0.015352995369422728 -0.3823748917729805 0.9238797149384697
vn 0.010033002810762841 -0.4999741394574418 0.8659822161732824
vn -0.010033002810762841 0.4999741394574418 -0.8659822161732824
vn -0.015352995369422728 0.3823748917729805 -0.9238797149384697
vn 0.010464998329197337 -0.1301059834987652 0.9914448632515016
vn -0.010464998329197337 0.1301059834987652 -0.9914448632515016
vn -0.41930291382912066 0.8873628343000841 0.19176096254798738
vn 0.41930291382912066 -0.8873628343000841 -0.19176096254798738
vn 0.028368005507505543 -0.7065371469228615 0.7071071462526941
vn 0.014189001962379323 -0.7070350908457608 0.7070361041248446
vn -0.014189001962379323 0.7070350908457608 -0.7070361041248446
vn -0.028368005507505543 0.7065371469228615 -0.7071071462526941
vn 0.17260399991753855 -0.8486500047437139 0.5000010286599025
vn -0.17260399991753855 0.8486500047437139 -0.5000010286599025
vn 0.206512020976885 -0.8410420507559733 0.5000010540511185
vn -0.206512020976885 0.8410420507559733 -0.5000010540511185
vn -0.4370250777771557 0.8787781159140955 0.19172403183832593
vn 0.4370250777771557 -0.8787781159140955 -0.19172403183832593
vn -0.5193810235671095 0.8327550883279775 0.19173501303164248
vn 0.5193810235671095 -0.8327550883279775 -0.19173501303164248
vn -0.5008902043862333 0.8440063184459853 0.19173507131761697
vn 0.5008902043862333 -0.8440063184459853 -0.19173507131761697
vn -0.482155973820506 0.8548469524966763 0.1917349856347169
vn 0.482155973820506 -0.8548469524966763 -0.1917349856347169
vn -0.4631861844109857 0.8652723378405828 0.19173507748631943
vn 0.4631861844109857 -0.8652723378405828 -0.19173507748631943
vn -0.4479391451897603 0.8830582810498582 0.13985204494728196
vn 0.4479391451897603 -0.8830582810498582 -0.13985204494728196
vn -0.44544485696192837 0.8781407017649939 0.1744929434385557
vn 0.44544485696192837 -0.8781407017649939 -0.1744929434385557
vn 0.240087012186557 -0.8320800401158159 0.5000010334191262
vn -0.240087012186557 0.8320800401158159 -0.5000010334191262
vn 0.273276019467128 -0.8217780542877738 0.5000010466741069
vn -0.273276019467128 0.8217780542877738 -0.5000010466741069
vn 0.30602496652103317 -0.8101529230427894 0.5000009611501005
vn -0.30602496652103317 0.8101529230427894 -0.5000009611501005
vn 0.3382819579116012 -0.7972228984207376 0.5000009671841965
vn -0.3382819579116012 0.7972228984207376 -0.5000009671841965
vn 0.3398669229038529 -0.7965818126850602 -0.49994788769955834
vn -0.3398669229038529 0.7965818126850602 0.49994788769955834
vn 0.36256620821506436 -0.8497845180718396 -0.38263823319940465
vn -0.36256620821506436 0.8497845180718396 0.38263823319940465
vn 0.3790628955625559 -0.8884487445086648 -0.2587859145871504
vn -0.3790628955625559 0.8884487445086648 0.2587859145871504
vn 0.38489290685613736 -0.9021128018142445 -0.19506394606560876
vn -0.38489290685613736 0.9021128018142445 0.19506394606560876
vn 0.2917859021602711 -0.6441507889773052 -0.7070578111869158
vn -0.2917859021602711 0.6441507889773052 0.7070578111869158
vn 0.40487796693577566 -0.893812962044618 0.19280098747407687
vn -0.40487796693577566 0.893812962044618 -0.19280098747407687
vn 0.4274070757568131 -0.8907441360711419 0.15459002441258937
vn -0.4274070757568131 0.8907441360711419 -0.15459002441258937
vn 0.4493230710139483 -0.8857871530987756 0.11614601697759824
vn -0.4493230710139483 0.8857871530987756 -0.11614601697759824
vn 0.47052191190288767 -0.8789758481093982 0.07752798758909808
vn -0.47052191190288767 0.8789758481093982 -0.07752798758909808
vn 0.4908999184599885 -0.8703518677320752 0.03879299410028946
vn -0.4908999184599885 0.8703518677320752 -0.03879299410028946
vn 0.5099750144267716 -0.859314021600178 -0.03879300119535823
vn -0.5099750144267716 0.859314021600178 0.03879300119535823
vn 0.5088230098574823 -0.8573730536417927 -0.07752800480162006
vn -0.5088230098574823 0.8573730536417927 0.07752800480162006
vn 0.5069051627062198 -0.8541412386023209 -0.11614603110168718
vn -0.5069051627062198 0.8541412386023209 0.11614603110168718
vn -0.3051140573662009 0.9361951887487275 -0.1744820350674224
vn 0.3051140573662009 -0.9361951887487275 0.1744820350674224
vn -0.32719708768304046 0.9345462857100658 -0.13987603682281155
vn 0.32719708768304046 -0.9345462857100658 0.13987603682281155
vn -0.36458987724725117 0.9252237221094987 -0.10504896693770722
vn 0.36458987724725117 -0.9252237221094987 0.10504896693770722
vn 0.5042237967470187 -0.8496236316752456 -0.1545899327025794
vn -0.5042237967470187 0.8496236316752456 0.1545899327025794
vn 0.500783769295827 -0.8438266543427426 -0.19280091760828696
vn -0.500783769295827 0.8438266543427426 0.19280091760828696
vn 0.4987802480042935 -0.8404513995710736 -0.21180110755092627
vn -0.4987802480042935 0.8404513995710736 0.21180110755092627
vn 0.511172071718587 -0.8195931327855567 0.25878603089364144
vn -0.511172071718587 0.8195931327855567 -0.25878603089364144
vn 0.41140303678824003 -0.827255083865805 0.3826180439283985
vn -0.41140303678824003 0.827255083865805 -0.3826180439283985
vn 0.020059993216792967 -0.49959686700975703 0.8660257312263748
vn 0.012214998713186605 -0.6087149512857075 0.7932949652479054
vn -0.012214998713186605 0.6087149512857075 -0.7932949652479054
vn -0.020059993216792967 0.49959686700975703 -0.8660257312263748
vn 0.020750000852911874 -0.257985016265359 0.9659260680027052
vn -0.020750000852911874 0.257985016265359 -0.9659260680027052
vn 0.005239000500507443 -0.04330700239867834 0.9990480751280172
vn -0.005239000500507443 0.04330700239867834 -0.9990480751280172
vn 0.024422991838329376 -0.6082708126621355 0.7933537268665286
vn -0.024422991838329376 0.6082708126621355 -0.7933537268665286
vn 0.06360600079206565 -0.7907990137061646 0.6087620196633468
vn -0.06360600079206565 0.7907990137061646 -0.6087620196633468
vn 0.09528103671714037 -0.7876103189584445 0.6087622766830121
vn -0.09528103671714037 0.7876103189584445 -0.6087622766830121
vn 0.12680198758103436 -0.7831539499857325 0.6087619785821418
vn -0.12680198758103436 0.7831539499857325 -0.6087619785821418
vn -0.5285338595967114 0.8269787693969527 0.19172395318922822
vn 0.5285338595967114 -0.8269787693969527 -0.19172395318922822
vn -0.4439917685001179 0.8752765482976002 0.19173490424118547
vn 0.4439917685001179 -0.8752765482976002 -0.19173490424118547
vn 0.3699929080486079 -0.7830098087683431 0.5000008873655097
vn -0.3699929080486079 0.7830098087683431 -0.5000008873655097
vn 0.3113530313655361 -0.7297491020736574 -0.608708089220262
vn -0.3113530313655361 0.7297491020736574 0.608708089220262
vn 0.3835280456200341 -0.8989141001521531 0.2118010358107868
vn -0.3835280456200341 0.8989141001521531 -0.2118010358107868
vn 0.24754300860345604 -0.5749769840961141 -0.7798230098242075
vn -0.24754300860345604 0.5749769840961141 0.7798230098242075
vn 0.22367594965387663 -0.5086388724652922 -0.8314178052962738
vn -0.22367594965387663 0.5086388724652922 0.8314178052962738
vn -0.29001097942600584 0.9376179871736314 -0.19174499195764347
vn 0.29001097942600584 -0.9376179871736314 0.19174499195764347
vn -0.3914658822324524 0.9175187166971047 -0.07009898400451865
vn 0.3914658822324524 -0.9175187166971047 0.07009898400451865
vn -0.4123659909960497 0.9103429652978093 -0.03507099945306792
vn 0.4123659909960497 -0.9103429652978093 0.03507099945306792
vn 0.5005550553897758 -0.8434421517752269 0.19506402316294455
vn -0.5005550553897758 0.8434421517752269 -0.19506402316294455
vn 0.49754601667143095 -0.7784930330065576 0.3826180325790237
vn -0.49754601667143095 0.7784930330065576 -0.3826180325790237
vn -0.4326072287789559 0.9015824896304232 0
vn 0.4326072287789559 -0.9015824896304232 0
vn -0.43234097919218695 0.9010279145563993 0.03507099800813697
vn 0.43234097919218695 -0.9010279145563993 -0.03507099800813697
vn -0.4315428540327702 0.8993647191107678 0.07009898110572688
vn 0.4315428540327702 -0.8993647191107678 -0.07009898110572688
vn -0.43021397214539614 0.8965949685385544 0.10503999506011394
vn 0.43021397214539614 -0.8965949685385544 -0.10503999506011394
vn -0.42835598616153314 0.8927219987774345 0.13985200040901413
vn 0.42835598616153314 -0.8927219987774345 -0.13985200040901413
vn 0.030680992768275343 -0.38145093123927304 0.9238797885761135
vn -0.030680992768275343 0.38145093123927304 -0.9238797885761135
vn 0.01567599788021487 -0.12958099327164124 0.9914449199391735
vn -0.01567599788021487 0.12958099327164124 -0.9914449199391735
vn 0.006972000559589538 -0.043062004905340553 0.999048074389681
vn -0.006972000559589538 0.043062004905340553 -0.999048074389681
vn 0.04880699707679263 -0.6068009510126512 0.7933539455290358
vn -0.04880699707679263 0.6068009510126512 -0.7933539455290358
vn 0.15812001402612644 -0.7774360558651187 0.6087620554907028
vn -0.15812001402612644 0.7774360558651187 -0.6087620554907028
vn 0.18918196006385532 -0.7704668273033752 0.6087619025624622
vn -0.18918196006385532 0.7704668273033752 -0.6087619025624622
vn 0.010402000588222519 -0.04236400538890987 0.999048091650833
vn -0.010402000588222519 0.04236400538890987 -0.999048091650833
vn 0.013765000949959022 -0.04139400244778007 0.9990480775769508
vn -0.013765000949959022 0.04139400244778007 -0.9990480775769508
vn 0.017040000712932497 -0.040157004640238775 0.9990480735950734
vn -0.017040000712932497 0.040157004640238775 -0.9990480735950734
vn 0.0186370012747796 -0.03944100410488649 0.9990480816150354
vn -0.0186370012747796 0.03944100410488649 -0.9990480816150354
vn 0.02146300756611497 -0.03791601556296126 0.9990504066712782
vn -0.02146300756611497 0.03791601556296126 -0.9990504066712782
vn -0.4259708077231452 0.8877505796310273 0.17449292057979413
vn 0.4259708077231452 -0.8877505796310273 -0.17449292057979413
vn -0.4245810655140515 0.8848551270958894 0.1917350329466943
vn 0.4245810655140515 -0.8848551270958894 -0.1917350329466943
vn 0.21994106016117354 -0.7622562170579138 0.6087621782040484
vn -0.21994106016117354 0.7622562170579138 -0.6087621782040484
vn 0.25034495810768165 -0.7528189007065437 0.6087619441859473
vn -0.25034495810768165 0.7528189007065437 -0.6087619441859473
vn 0.2803450801790324 -0.7421692536809481 0.6087622154093306
vn -0.2803450801790324 0.7421692536809481 -0.6087622154093306
vn 0.3098951293209757 -0.7303242543417585 0.6087622625814533
vn -0.3098951293209757 0.7303242543417585 -0.6087622625814533
vn 0.31750491324241237 -0.8057367932885003 -0.49997884956075156
vn -0.31750491324241237 0.8057367932885003 0.49997884956075156
vn 0.3387140685055537 -0.8595581510650268 -0.38266508167598456
vn -0.3387140685055537 0.8595581510650268 0.38266508167598456
vn 0.35412803298117546 -0.89867307372934 -0.2588050285654127
vn -0.35412803298117546 0.89867307372934 0.2588050285654127
vn 0.3595748695064428 -0.9124966442586773 -0.19507892617112105
vn -0.3595748695064428 0.9124966442586773 0.19507892617112105
vn 0.38506816305954267 -0.9025243781185728 0.19280108064954668
vn -0.38506816305954267 0.9025243781185728 -0.19280108064954668
vn 0.27750988694291584 -0.6504287750466846 -0.7070577566508973
vn -0.27750988694291584 0.6504287750466846 0.7070577566508973
vn 0.4076591290517838 -0.8999533054032715 0.15459004688034467
vn -0.4076591290517838 0.8999533054032715 -0.15459004688034467
vn 0.4296797769644103 -0.8954805468159092 0.11614594070433565
vn -0.4296797769644103 0.8954805468159092 -0.11614594070433565
vn 0.45102289879694935 -0.8891387726466515 0.07752798035034057
vn -0.45102289879694935 0.8891387726466515 -0.07752798035034057
vn 0.471586930499892 -0.8809658736228516 0.03879299541948374
vn -0.471586930499892 0.8809658736228516 -0.03879299541948374
vn 0.4908999184599885 -0.8703518677320752 -0.03879299410028985
vn -0.4908999184599885 0.8703518677320752 0.03879299410028985
vn 0.48979174994195995 -0.8683855461711918 -0.07752796198632851
vn -0.48979174994195995 0.8683855461711918 0.07752796198632851
vn 0.4879452366540363 -0.8651124432715902 -0.11614605685642705
vn -0.4879452366540363 0.8651124432715902 0.11614605685642705
vn 0.4853639451272708 -0.8605369128704482 -0.15458998142793848
vn -0.4853639451272708 0.8605369128704482 0.15458998142793848
vn -0.29095991041125097 0.9406866662761986 -0.17450193816587967
vn 0.29095991041125097 -0.9406866662761986 0.17450193816587967
vn -0.30682293554163914 0.9414368529815376 -0.13984397761015593
vn 0.30682293554163914 -0.9414368529815376 0.13984397761015593
vn -0.3286170098929798 0.9386019802485979 -0.10505800056353486
vn 0.3286170098929798 -0.9386019802485979 0.10505800056353486
vn -0.365716202281124 0.9280824763996952 -0.07010403974723044
vn 0.365716202281124 -0.9280824763996952 0.07010403974723044
vn 0.4820531173427329 -0.854665168744832 -0.19280104095808445
vn -0.4820531173427329 0.854665168744832 0.19280104095808445
vn 0.4801247295108049 -0.8512465152923304 -0.21180088364981073
vn -0.4801247295108049 0.8512465152923304 0.21180088364981073
vn 0.4929737015418532 -0.8306664939278586 0.25878582931397615
vn -0.4929737015418532 0.8306664939278586 -0.25878582931397615
vn 0.48892704013933913 -0.7839250504336379 0.38263803355547854
vn -0.48892704013933913 0.7839250504336379 -0.38263803355547854
vn 0.3856480143176983 -0.775467996165134 0.49992499035000054
vn -0.3856480143176983 0.775467996165134 -0.49992499035000054
vn 0.04008698842615259 -0.4983898510176157 0.8660257442833672
vn -0.04008698842615259 0.4983898510176157 -0.8660257442833672
vn 0.031083999569238747 -0.25694501703843853 0.9659260029577298
vn -0.031083999569238747 0.25694501703843853 -0.9659260029577298
vn 0.008694000164148306 -0.042748003193369764 0.9990480581954632
vn -0.008694000164148306 0.042748003193369764 -0.9990480581954632
vn 0.056691012395716195 -0.7048301651759217 0.7071071823787619
vn -0.056691012395716195 0.7048301651759217 -0.7071071823787619
vn 0.08492302621577026 -0.7019882055794333 0.7071072329185462
vn -0.08492302621577026 0.7019882055794333 -0.7071072329185462
vn 0.11301801517015703 -0.6980160899919207 0.707107110952357
vn -0.11301801517015703 0.6980160899919207 -0.707107110952357
vn 0.012094001201765509 -0.041913001940725975 0.9990480646111319
vn -0.012094001201765509 0.041913001940725975 -0.9990480646111319
vn 0.015415001257760757 -0.04080800353507632 0.9990480892247902
vn -0.015415001257760757 0.04080800353507632 -0.9990480892247902
vn 0.3389450125478713 -0.7173040149865206 0.6087620459203584
vn -0.3389450125478713 0.7173040149865206 -0.6087620459203584
vn 0.2908638941350283 -0.7381287744707781 -0.6087397698416577
vn -0.2908638941350283 0.7381287744707781 0.6087397698416577
vn 0.35829976790718177 -0.9092603981624691 0.21181785725261165
vn -0.35829976790718177 0.9092603981624691 -0.21181785725261165
vn 0.22657691581029846 -0.5835268147518775 -0.7798457268507797
vn -0.22657691581029846 0.5835268147518775 0.7798457268507797
vn -0.26160195658477675 0.9459377824357135 -0.19174495579185696
vn 0.26160195658477675 -0.9459377824357135 0.19174495579185696
vn -0.39218981497921257 0.9192155216121649 -0.035070983074999236
vn 0.39218981497921257 -0.9192155216121649 0.035070983074999236
vn -0.4126201102217516 0.9109032026733627 0
vn 0.4126201102217516 -0.9109032026733627 0
vn 0.481832890800802 -0.854275788499821 0.19506394470929606
vn -0.481832890800802 0.854275788499821 -0.19506394470929606
vn 0.4663990589231413 -0.7297580945114113 0.4999250357110378
vn -0.4663990589231413 0.7297580945114113 -0.4999250357110378
vn -0.4123659909960497 0.9103429652978093 0.035070999453068324
vn 0.4123659909960497 -0.9103429652978093 -0.035070999453068324
vn -0.4116048052767883 0.9086625438669168 0.0700989703659115
vn 0.4116048052767883 -0.9086625438669168 -0.0700989703659115
vn -0.4103371153841268 0.9058642526476902 0.1050400281477266
vn 0.4103371153841268 -0.9058642526476902 -0.1050400281477266
vn -0.4085650989399873 0.9019512011834632 0.1398520311324298
vn 0.4085650989399873 -0.9019512011834632 -0.1398520311324298
vn -0.40628896152528626 0.896928915899149 0.17449297855983145
vn 0.40628896152528626 -0.896928915899149 -0.17449297855983145
vn 0.04595999175687775 -0.379912920495282 0.9238797822219367
vn -0.04595999175687775 0.379912920495282 -0.9238797822219367
vn 0.02086199768143669 -0.12884798665148767 0.9914448917557636
vn -0.02086199768143669 0.12884798665148767 -0.9914448917557636
vn 0.07311197304031125 -0.6043547257800604 0.7933536442378398
vn -0.07311197304031125 0.6043547257800604 -0.7933536442378398
vn 0.06004900131680985 -0.4963800028715696 0.8660259870177536
vn -0.06004900131680985 0.4963800028715696 -0.8660259870177536
vn 0.14093001451863307 -0.6929201154591078 0.7071070955660923
vn -0.14093001451863307 0.6929201154591078 -0.7071070955660923
vn 0.16861603770244035 -0.6867081399069058 0.7071071788739857
vn -0.16861603770244035 0.6867081399069058 -0.7071071788739857
vn 0.026014998116364475 -0.12790698171597842 0.9914449172300567
vn -0.026014998116364475 0.12790698171597842 -0.9914449172300567
vn 0.031124994834406342 -0.12676098432279123 0.9914448484661541
vn -0.031124994834406342 0.12676098432279123 -0.9914448484661541
vn 0.036185993154360996 -0.12540998702922784 0.9914448593102702
vn -0.036185993154360996 0.12540998702922784 -0.9914448593102702
vn 0.04118799740071907 -0.12385698625402701 0.991444903071365
vn -0.04118799740071907 0.12385698625402701 -0.991444903071365
vn 0.046123994271796774 -0.12210498696809867 0.9914448796125459
vn -0.046123994271796774 0.12210498696809867 -0.9914448796125459
vn 0.05098499766503673 -0.12015598964983765 0.9914449395525523
vn -0.05098499766503673 0.12015598964983765 -0.9914449395525523
vn 0.05576499262576807 -0.11801398635732491 0.99144488733439
vn -0.05576499262576807 0.11801398635732491 -0.99144488733439
vn 0.01762400692422252 -0.02757500995503515 0.9994643631495396
vn -0.01762400692422252 0.02757500995503515 -0.9994643631495396
vn -0.40496410753144385 0.8940032114504269 0.1917350503366152
vn 0.40496410753144385 -0.8940032114504269 -0.1917350503366152
vn 0.19603107625885885 -0.6793902629873995 0.7071072674627985
vn -0.19603107625885885 0.6793902629873995 -0.7071072674627985
vn 0.2231290352691919 -0.670979116288595 0.707107105836461
vn -0.2231290352691919 0.670979116288595 -0.707107105836461
vn 0.24986902035320777 -0.6614870268777344 0.7071070540874159
vn -0.24986902035320777 0.6614870268777344 -0.7071070540874159
vn 0.27620599837932697 -0.6509300148650085 0.7071070373056113
vn -0.27620599837932697 0.6509300148650085 -0.7071070373056113
vn 0.30387607908347264 -0.8110081540651193 -0.49992509699028204
vn -0.30387607908347264 0.8110081540651193 0.49992509699028204
vn 0.324169096214283 -0.8651692190034789 -0.3826181118929493
vn -0.324169096214283 0.8651692190034789 0.3826181118929493
vn 0.3389170171202503 -0.9045290553918142 -0.25877102515216877
vn -0.3389170171202503 0.9045290553918142 0.25877102515216877
vn 0.3441288961872829 -0.918438704297368 -0.1950529396279231
vn -0.3441288961872829 0.918438704297368 0.1950529396279231
vn 0.35973894193679096 -0.9129128629539754 0.192815970052727
vn -0.35973894193679096 0.9129128629539754 -0.192815970052727
vn 0.3877140881581498 -0.9087242199998756 0.15459003146811337
vn -0.3877140881581498 0.9087242199998756 -0.15459003146811337
vn 0.2592458598028067 -0.6578906407411926 -0.7070866205778799
vn -0.2592458598028067 0.6578906407411926 0.7070866205778799
vn 0.4098268389741323 -0.9047386801454316 0.11614595432116064
vn -0.4098268389741323 0.9047386801454316 -0.11614595432116064
vn 0.43130498566176406 -0.8988689663871229 0.07752799887428234
vn -0.43130498566176406 0.8988689663871229 -0.07752799887428234
vn 0.4520442794759197 -0.8911515419098129 0.03879302443558503
vn -0.4520442794759197 0.8911515419098129 -0.03879302443558503
vn 0.471586930499892 -0.8809658736228516 -0.03879299541948413
vn -0.471586930499892 0.8809658736228516 0.03879299541948413
vn 0.47052191190288767 -0.8789758481093982 -0.07752798758909847
vn -0.47052191190288767 0.8789758481093982 0.07752798758909847
vn 0.4687479464532161 -0.8756628763728515 -0.11614598416784414
vn -0.4687479464532161 0.8756628763728515 0.11614598416784414
vn 0.466269029912426 -0.8710310674753338 -0.15459001014718174
vn -0.466269029912426 0.8710310674753338 0.15459001014718174
vn 0.4630880174274166 -0.8650880077486092 -0.19280100353651441
vn -0.4630880174274166 0.8650880077486092 0.19280100353651441
vn 0.011482004998138146 -0.030645012220167123 -0.9994643799492048
vn -0.011482004998138146 0.030645012220167123 0.9994643799492048
vn -0.262458856768141 0.9490334219381718 -0.17450189840882682
vn 0.262458856768141 -0.9490334219381718 0.17450189840882682
vn 0.010141004100334068 -0.031115011320423654 -0.9994643646005429
vn -0.010141004100334068 0.031115011320423654 0.9994643646005429
vn -0.2925899124602648 0.9459547203902466 -0.13985996602997192
vn 0.2925899124602648 -0.9459547203902466 0.13985996602997192
vn -0.3081538364098999 0.9455205351980822 -0.10503394986666316
vn 0.3081538364098999 -0.9455205351980822 0.10503394986666316
vn -0.32963309075322295 0.9415022413739459 -0.07011101887944164
vn 0.32963309075322295 -0.9415022413739459 0.07011101887944164
vn -0.3663929570327818 0.9297989115376316 -0.03507399521311496
vn 0.3663929570327818 -0.9297989115376316 0.03507399521311496
vn 0.46123494453321157 -0.8616279170432307 -0.21180098798917069
vn -0.46123494453321157 0.8616279170432307 0.21180098798917069
vn 0.4745350049605279 -0.8413360412420191 0.258786001890209
vn -0.4745350049605279 0.8413360412420191 -0.258786001890209
vn 0.47151996093702253 -0.7945169036099148 0.3826379703009912
vn -0.47151996093702253 0.7945169036099148 -0.3826379703009912
vn 0.45831595485396975 -0.7348459262179939 0.4999479475376537
vn -0.45831595485396975 0.7348459262179939 -0.4999479475376537
vn 0.3532949893491657 -0.7104120072372702 0.6086850010258882
vn -0.3532949893491657 0.7104120072372702 -0.6086850010258882
vn 0.04136700399988907 -0.25549100188518165 0.9659260421666759
vn -0.04136700399988907 0.25549100188518165 -0.9659260421666759
vn 0.09729897885043096 -0.6009348386388818 0.7933537851581254
vn -0.09729897885043096 0.6009348386388818 -0.7933537851581254
vn 0.12133001073663527 -0.5965470580874572 0.793354042015195
vn -0.12133001073663527 0.5965470580874572 -0.793354042015195
vn 0.0581330229114413 -0.11689504645117706 0.9914414252805634
vn -0.0581330229114413 0.11689504645117706 -0.9914414252805634
vn 0.07030503410940574 -0.11000405801447766 0.9914415310038321
vn -0.07030503410940574 0.11000405801447766 -0.9914415310038321
vn 0.3020980045081884 -0.6393250195190723 0.7071070039881576
vn -0.3020980045081884 0.6393250195190723 -0.7071070039881576
vn 0.27838292440052276 -0.7429708365615587 -0.6086848802305099
vn -0.27838292440052276 0.7429708365615587 0.6086848802305099
vn 0.322946007029585 -0.9224049902473 0.211836990420761
vn -0.322946007029585 0.9224049902473 -0.211836990420761
vn 0.21362192688311546 -0.5701307985916703 -0.7932947402144863
vn -0.21362192688311546 0.5701307985916703 0.7932947402144863
vn -0.23295595594434823 0.9533967665401183 -0.19174495597251637
vn 0.23295595594434823 -0.9533967665401183 0.19174495597251637
vn 0.012890999304424371 -0.041677997550573644 -0.999047930110016
vn -0.012890999304424371 0.041677997550573644 0.999047930110016
vn -0.3924311431257088 0.9197813859309447 0
vn 0.3924311431257088 -0.9197813859309447 0
vn -0.39218981497921257 0.9192155216121649 0.03507098307499964
vn 0.39218981497921257 -0.9192155216121649 -0.03507098307499964
vn 0.46287682111929856 -0.8646936551528613 0.1950639157016934
vn -0.46287682111929856 0.8646936551528613 -0.1950639157016934
vn 0.4272718739093381 -0.6685368359609312 0.6086848484473306
vn -0.4272718739093381 0.6685368359609312 -0.6086848484473306
vn -0.3914658822324524 0.9175187166971047 0.07009898400451907
vn 0.3914658822324524 -0.9175187166971047 -0.07009898400451907
vn -0.39026009720795307 0.9146932000860853 0.10504002210355567
vn 0.39026009720795307 -0.9146932000860853 -0.10504002210355567
vn -0.38857413974405863 0.9107423025957809 0.1398520510564647
vn 0.38857413974405863 -0.9107423025957809 -0.1398520510564647
vn -0.38641077208473856 0.9056704399971722 0.17449289192458514
vn 0.38641077208473856 -0.9056704399971722 -0.17449289192458514
vn -0.3851501851102816 0.9027164487324602 0.19173509876225533
vn 0.3851501851102816 -0.9027164487324602 -0.19173509876225533
vn 0.06116499319206197 -0.37776295338506594 0.9238798594284907
vn -0.06116499319206197 0.37776295338506594 -0.9238798594284907
vn 0.07991497286264762 -0.49357181680195306 0.8660256686560633
vn -0.07991497286264762 0.49357181680195306 -0.8660256686560633
vn 0.1451649355218673 -0.5911997462132543 0.7933536421875907
vn -0.1451649355218673 0.5911997462132543 -0.7933536421875907
vn 0.16876596213521441 -0.5848998666614585 0.7933537647254114
vn -0.16876596213521441 0.5848998666614585 -0.7933537647254114
vn 0.05158399975743871 -0.2536259797506599 0.9659259564607126
vn -0.05158399975743871 0.2536259797506599 -0.9659259564607126
vn 0.06171799927188725 -0.25135201637448157 0.9659260077409437
vn -0.06171799927188725 0.25135201637448157 -0.9659260077409437
vn 0.07175199217233516 -0.2486739889724362 0.9659259282304404
vn -0.07175199217233516 0.2486739889724362 -0.9659259282304404
vn 0.08167099650562355 -0.24559498414808853 0.9659259558015192
vn -0.08167099650562355 0.24559498414808853 -0.9659259558015192
vn 0.0914579927572119 -0.24212097630088628 0.9659259124777259
vn -0.0914579927572119 0.24212097630088628 -0.9659259124777259
vn 0.10109798949083418 -0.2382569786794656 0.965925881541355
vn -0.10109798949083418 0.2382569786794656 -0.965925881541355
vn 0.11057499451755019 -0.2340089903903083 0.9659259614504377
vn -0.11057499451755019 0.2340089903903083 -0.9659259614504377
vn 0.1920959793091104 -0.5776579505759489 0.7933539102252339
vn -0.1920959793091104 0.5776579505759489 -0.7933539102252339
vn 0.2151169733278094 -0.5694859709946947 0.7933539037696308
vn -0.2151169733278094 0.5694859709946947 -0.7933539037696308
vn 0.23779101131755953 -0.5603970513605906 0.7933540065840268
vn -0.23779101131755953 0.5603970513605906 -0.7933540065840268
vn 0.2600820166842741 -0.5504060008056144 0.7933540060241776
vn -0.2600820166842741 0.5504060008056144 -0.7933540060241776
vn 0.32424394592381245 -0.9261108496716858 0.19283297864251336
vn -0.32424394592381245 0.9261108496716858 -0.19283297864251336
vn 0.36221020456621583 -0.9191854878942775 0.15460209103585543
vn -0.36221020456621583 0.9191854878942775 -0.15460209103585543
vn 0.38977520716997033 -0.9135564466302452 0.11614605759958622
vn -0.38977520716997033 0.9135564466302452 -0.11614605759958622
vn 0.24812594666705412 -0.662218845159536 -0.7070358659262972
vn -0.24812594666705412 0.662218845159536 0.7070358659262972
vn 0.4113778602938558 -0.90816169775353 0.07752797426397157
vn -0.4113778602938558 0.90816169775353 -0.07752797426397157
vn 0.17545999643631294 -0.46828299913076127 -0.865981998875074
vn -0.17545999643631294 0.46828299913076127 0.865981998875074
vn 0.43228186201427204 -0.9009037106083656 0.03879298887108759
vn -0.43228186201427204 0.9009037106083656 -0.03879298887108759
vn 0.4520442794759197 -0.8911515419098129 -0.03879302443558543
vn -0.4520442794759197 0.8911515419098129 0.03879302443558543
vn 0.45102289879694935 -0.8891387726466515 -0.07752798035034096
vn -0.45102289879694935 0.8891387726466515 0.07752798035034096
vn 0.4493230710139483 -0.8857871530987756 -0.11614601697759863
vn -0.4493230710139483 0.8857871530987756 0.11614601697759863
vn 0.4469469023485394 -0.8811018164977134 -0.154589959070682
vn -0.4469469023485394 0.8811018164977134 0.154589959070682
vn 0.44389716581886407 -0.8750903123685672 -0.19280106684524165
vn -0.44389716581886407 0.8750903123685672 0.19280106684524165
vn 0.44212185752106553 -0.8715897129930973 -0.21180093320552923
vn -0.44212185752106553 0.8715897129930973 0.21180093320552923
vn 0.045806020575689325 -0.12225206221979219 -0.9914414968933001
vn -0.045806020575689325 0.12225206221979219 0.9914414968933001
vn -0.23371801820592514 0.9565170846848269 -0.17450201910560945
vn 0.23371801820592514 -0.9565170846848269 0.17450201910560945
vn -0.2639290753168546 0.9543482659208616 -0.13986003909707165
vn 0.2639290753168546 -0.9543482659208616 0.13986003909707165
vn 0.0404540190518296 -0.1241260599298527 -0.9914414725987837
vn -0.0404540190518296 0.1241260599298527 0.9914414725987837
vn -0.2938590235792843 0.9500590568279145 -0.10504600325706397
vn 0.2938590235792843 -0.9500590568279145 0.10504600325706397
vn -0.3091050923602722 0.9484412848623188 -0.07009401576212697
vn 0.3091050923602722 -0.9484412848623188 0.07009401576212697
vn -0.3302421093213207 0.9432442698871174 -0.03507700893924017
vn 0.3302421093213207 -0.9432442698871174 0.03507700893924017
vn -0.3666182024962845 0.9303714815053143 0
vn 0.3666182024962845 -0.9303714815053143 0
vn 0.45586567221354957 -0.8515963819488692 0.25878580167560256
vn -0.45586567221354957 0.8515963819488692 -0.25878580167560256
vn 0.4538839941242296 -0.8047219908378764 0.38263799777304
vn -0.4538839941242296 0.8047219908378764 -0.38263799777304
vn 0.4419991230745282 -0.7447742109005994 0.499948147290034
vn -0.4419991230745282 0.7447742109005994 -0.499948147290034
vn 0.419863994360182 -0.6731929706424696 0.6087080174578612
vn -0.419863994360182 0.6731929706424696 -0.6087080174578612
vn 0.314896121285415 -0.633198291838839 0.7070363187360162
vn -0.314896121285415 0.633198291838839 -0.7070363187360162
vn 0.09965297979678496 -0.48996791160746506 0.8660258247954506
vn -0.09965297979678496 0.48996791160746506 -0.8660258247954506
vn 0.11922995123377965 -0.4855757963681067 0.8660256143499854
vn -0.11922995123377965 0.4855757963681067 -0.8660256143499854
vn 0.11526998612712148 -0.23178696083774122 0.9659128506671067
vn -0.11526998612712148 0.23178696083774122 -0.9659128506671067
vn 0.1394059934379053 -0.2181239988237467 0.9659129826908474
vn -0.1394059934379053 0.2181239988237467 -0.9659129826908474
vn 0.2711069684299971 -0.5451459487274196 0.7932949680004142
vn -0.2711069684299971 0.5451459487274196 -0.7932949680004142
vn 0.3028379484635514 -0.9292118231463733 0.21178896263823674
vn -0.3028379484635514 0.9292118231463733 -0.21178896263823674
vn 0.44369510094852954 -0.8746911912704016 0.19506403386641968
vn -0.44369510094852954 0.8746911912704016 -0.19506403386641968
vn -0.20409789497621972 0.9599885120214652 -0.1917448983756518
vn 0.20409789497621972 -0.9599885120214652 0.1917448983756518
vn 0.011628999355593762 -0.04204799636231578 -0.9990479129530788
vn -0.011628999355593762 0.04204799636231578 0.9990479129530788
vn 0.03857301716195849 -0.12470805045512165 -0.9914434045868207
vn -0.03857301716195849 0.12470805045512165 0.9914434045868207
vn -0.3663929570327818 0.9297989115376316 0.035073995213115376
vn 0.3663929570327818 -0.9297989115376316 -0.035073995213115376
vn -0.365716202281124 0.9280824763996952 0.07010403974723085
vn 0.365716202281124 -0.9280824763996952 -0.07010403974723085
vn 0.3742268262260448 -0.6000197330393148 0.7070577080381847
vn -0.3742268262260448 0.6000197330393148 -0.7070577080381847
vn 0.3808319907563222 -0.5958750311959513 0.7070360259660046
vn -0.3808319907563222 0.5958750311959513 -0.7070360259660046
vn -0.36458987724725117 0.9252237221094987 0.10504896693770764
vn 0.36458987724725117 -0.9252237221094987 -0.10504896693770764
vn -0.36301481985134654 0.9212265311562853 0.13986392981055726
vn 0.36301481985134654 -0.9212265311562853 -0.13986392981055726
vn -0.3609929130439204 0.9160957567596333 0.17450696599007037
vn 0.3609929130439204 -0.9160957567596333 -0.17450696599007037
vn -0.35981513590893416 0.9131073190619525 0.1917500765223547
vn 0.35981513590893416 -0.9131073190619525 -0.1917500765223547
vn 0.07627098838893225 -0.3750049618740817 0.9238798703835871
vn -0.07627098838893225 0.3750049618740817 -0.9238798703835871
vn 0.13861400055981868 -0.4804010151086481 0.8660259947203566
vn -0.13861400055981868 0.4804010151086481 -0.8660259947203566
vn 0.1577760042410066 -0.47445302063451017 0.8660260179096994
vn -0.1577760042410066 0.47445302063451017 -0.8660260179096994
vn 0.09125400165779296 -0.37164299992631444 0.9238799639494348
vn -0.09125400165779296 0.37164299992631444 -0.9238799639494348
vn 0.10609098404978076 -0.3676829376486211 0.9238798409238235
vn -0.10609098404978076 0.3676829376486211 -0.9238798409238235
vn 0.12075696330127124 -0.36313088036799446 0.9238797105345592
vn -0.12075696330127124 0.36313088036799446 -0.9238797105345592
vn 0.13522795753183112 -0.3579938959407376 0.9238797378289784
vn -0.13522795753183112 0.3579938959407376 -0.9238797378289784
vn 0.14948099998980136 -0.3522799943845781 0.9238799901493973
vn -0.14948099998980136 0.3522799943845781 -0.9238799901493973
vn 0.16349396496125446 -0.34599989950835613 0.9238797502713518
vn -0.16349396496125446 0.34599989950835613 -0.9238797502713518
vn 0.17668393472515553 -0.4677418045853788 0.8660256297900486
vn -0.17668393472515553 0.4677418045853788 -0.8660256297900486
vn 0.19530692932054286 -0.4602768210918305 0.8660256643569979
vn -0.19530692932054286 0.4602768210918305 -0.8660256643569979
vn 0.21361589188445965 -0.4520707851720949 0.8660255515446946
vn -0.21361589188445965 0.4520707851720949 -0.8660255515446946
vn 0.22267606883246316 -0.44776114959964564 0.8659822869311612
vn -0.22267606883246316 0.44776114959964564 -0.8659822869311612
vn 0.3264720706406666 -0.9324751320564519 0.15461602500354868
vn -0.3264720706406666 0.9324751320564519 -0.15461602500354868
vn 0.30405499816335263 -0.9329429645539932 0.19278999709811231
vn -0.30405499816335263 0.9329429645539932 -0.19278999709811231
vn 0.3641368641398097 -0.9240736649039639 0.11615595553126935
vn -0.3641368641398097 0.9240736649039639 -0.11615595553126935
vn 0.3912500167682067 -0.917012995294029 0.07752800036600253
vn -0.3912500167682067 0.917012995294029 -0.07752800036600253
vn 0.4123089065869943 -0.9102178141594431 0.038792993385954974
vn -0.4123089065869943 0.9102178141594431 -0.038792993385954974
vn 0.13429396793677248 -0.3584149133491328 -0.9238527372177511
vn -0.13429396793677248 0.3584149133491328 0.9238527372177511
vn 0.43228186201427204 -0.9009037106083656 -0.038792988871087994
vn -0.43228186201427204 0.9009037106083656 0.038792988871087994
vn 0.43130498566176406 -0.8988689663871229 -0.07752799887428273
vn -0.43130498566176406 0.8988689663871229 0.07752799887428273
vn 0.4296797769644103 -0.8954805468159092 -0.11614594070433604
vn -0.4296797769644103 0.8954805468159092 0.11614594070433604
vn 0.42740707575681297 -0.8907441360711417 -0.15459002441258973
vn -0.42740707575681297 0.8907441360711417 0.15459002441258973
vn 0.4244908845745886 -0.884666763237083 -0.19280095159699306
vn -0.4244908845745886 0.884666763237083 0.19280095159699306
vn 0.42279296628824514 -0.8811279409247772 -0.21180099003274125
vn -0.42279296628824514 0.8811279409247772 0.21180099003274125
vn 0.4369738862355042 -0.8614427805428959 0.2587859319954709
vn -0.4369738862355042 0.8614427805428959 -0.2587859319954709
vn 0.09082798991259128 -0.24240997321561858 -0.9659128745047565
vn -0.09082798991259128 0.24240997321561858 0.9659128745047565
vn -0.20476510439484208 0.9631304558296592 -0.17450208329851588
vn 0.20476510439484208 -0.9631304558296592 0.17450208329851588
vn -0.23502698629400592 0.9618739508247387 -0.13985999584715236
vn 0.23502698629400592 -0.9618739508247387 0.13985999584715236
vn -0.2650740068039469 0.9584889723769704 -0.10504599349161511
vn 0.2650740068039469 -0.9584889723769704 0.10504599349161511
vn 0.08021498472441776 -0.24612595042010388 -0.9659128184031217
vn -0.08021498472441776 0.24612595042010388 0.9659128184031217
vn -0.2947670788375674 0.9529942686715779 -0.07010201931964397
vn 0.2947670788375674 -0.9529942686715779 0.07010201931964397
vn -0.30967696647513643 0.9501948968395703 -0.035068995634264265
vn 0.30967696647513643 -0.9501948968395703 0.035068995634264265
vn -0.3304459709969575 0.9438249097432628 0
vn 0.3304459709969575 -0.9438249097432628 0
vn -0.3302421093213207 0.9432442698871174 0.03507700893924059
vn 0.3302421093213207 -0.9432442698871174 -0.03507700893924059
vn 0.4360269388773474 -0.814535879181956 0.3826379621764256
vn -0.4360269388773474 0.814535879181956 -0.3826379621764256
vn 0.42546690120788017 -0.7543408057472608 0.4999478620427708
vn -0.42546690120788017 0.7543408057472608 -0.4999478620427708
vn 0.4049161263318358 -0.6822882233872984 0.6087082313090768
vn -0.4049161263318358 0.6822882233872984 -0.6087082313090768
vn 0.36090291360306986 -0.608126861009768 0.7070578532703115
vn -0.36090291360306986 0.608126861009768 -0.7070578532703115
vn 0.322184753942681 -0.51657760856592 0.7933123966352783
vn 0.32787388932887984 -0.513012824519106 0.7932947463429227
vn -0.32787388932887984 0.513012824519106 -0.7932947463429227
vn -0.322184753942681 0.51657760856592 -0.7933123966352783
vn 0.1704328976127192 -0.3427087995399528 0.9238524265970279
vn -0.1704328976127192 0.3427087995399528 -0.9238524265970279
vn 0.20611891988540373 -0.3225078805086271 0.9238526169660979
vn -0.20611891988540373 0.3225078805086271 -0.9238526169660979
vn 0.2759570579053505 -0.439380100871642 0.8548642167913271
vn 0.2693020934491108 -0.42136813262265627 0.8659822626786428
vn -0.2693020934491108 0.42136813262265627 -0.8659822626786428
vn -0.2759570579053505 0.439380100871642 -0.8548642167913271
vn 0.2887890934963099 -0.9336683064503168 0.21181207002382285
vn -0.2887890934963099 0.9336683064503168 -0.21181207002382285
vn 0.4242972327902011 -0.8842634538893819 0.19506409808624178
vn -0.4242972327902011 0.8842634538893819 -0.19506409808624178
vn -0.1750530253976102 0.965707141696899 -0.1917450254237362
vn 0.1750530253976102 -0.965707141696899 0.1917450254237362
vn 0.010354999420656427 -0.04237999745263399 -0.999047901655828
vn -0.010354999420656427 0.04237999745263399 0.999047901655828
vn 0.034794012667735505 -0.12581505336617838 -0.9914433665262697
vn -0.034794012667735505 0.12581505336617838 0.9914433665262697
vn 0.076486022169629 -0.24728107515707448 -0.9659202649710938
vn -0.076486022169629 0.24728107515707448 0.9659202649710938
vn -0.32963309075322295 0.9415022413739459 0.07011101887944206
vn 0.32963309075322295 -0.9415022413739459 -0.07011101887944206
vn -0.3286170098929798 0.9386019802485979 0.10505800056353527
vn 0.3286170098929798 -0.9386019802485979 -0.10505800056353527
vn 0.3107138989798735 -0.5235568262681548 0.7933127521026888
vn -0.3107138989798735 0.5235568262681548 -0.7933127521026888
vn -0.32719708768304046 0.9345462857100658 0.13987603682281194
vn 0.32719708768304046 -0.9345462857100658 -0.13987603682281194
vn -0.3253741671529319 0.9293404617103392 0.17452208335207786
vn 0.3253741671529319 -0.9293404617103392 -0.17452208335207786
vn -0.32431301743636265 0.9263079839309584 0.1917670087034908
vn 0.32431301743636265 -0.9263079839309584 -0.1917670087034908
vn 0.32820806697823657 -0.937435164157215 0.11616702532106452
vn -0.32820806697823657 0.937435164157215 -0.11616702532106452
vn 0.3061431151802645 -0.9393514191625172 0.15458106075806424
vn -0.3061431151802645 0.9393514191625172 -0.15458106075806424
vn 0.2899491477585807 -0.9374184621011634 0.19281109570240645
vn -0.2899491477585807 0.9374184621011634 -0.19281109570240645
vn 0.2898170264770099 -0.9369910444897975 -0.19507402110466263
vn 0.2993130008063134 -0.918394958332681 -0.25877099539444715
vn 0.3039159402396213 -0.932517799667265 -0.1950529532511354
vn -0.3039159402396213 0.932517799667265 0.1950529532511354
vn -0.2993130008063134 0.918394958332681 0.25877099539444715
vn -0.2898170264770099 0.9369910444897975 0.19507402110466263
vn 0.3655148392516999 -0.9275706068059141 0.07753497066816005
vn -0.3655148392516999 0.9275706068059141 -0.07753497066816005
vn 0.39213597406640005 -0.919088940825781 0.03879299801175153
vn -0.39213597406640005 0.919088940825781 -0.03879299801175153
vn 0.4123089065869943 -0.9102178141594431 -0.03879299338595538
vn -0.4123089065869943 0.9102178141594431 0.03879299338595538
vn 0.4113778602938558 -0.90816169775353 -0.07752797426397198
vn -0.4113778602938558 0.90816169775353 0.07752797426397198
vn 0.4098268389741323 -0.9047386801454316 -0.11614595432116102
vn -0.4098268389741323 0.9047386801454316 0.11614595432116102
vn 0.40765912905178375 -0.8999533054032712 -0.15459004688034503
vn -0.40765912905178375 0.8999533054032712 0.15459004688034503
vn 0.40487796693577566 -0.893812962044618 -0.19280098747407726
vn -0.40487796693577566 0.893812962044618 0.19280098747407726
vn 0.40325792496826635 -0.890237830575462 -0.2118009701644049
vn -0.40325792496826635 0.890237830575462 0.2118009701644049
vn 0.4178708086432416 -0.8708695987345723 0.2587858753559174
vn -0.4178708086432416 0.8708695987345723 -0.2587858753559174
vn 0.4179578035786698 -0.8239536159763767 0.38263783548826913
vn -0.4179578035786698 0.8239536159763767 -0.38263783548826913
vn -0.1756259357143959 0.9688676912333712 -0.17450194150369738
vn 0.1756259357143959 -0.9688676912333712 0.17450194150369738
vn -0.20591206931373146 0.9685243335234885 -0.13986005535469834
vn 0.20591206931373146 -0.9685243335234885 0.13986005535469834
vn -0.23604704308384178 0.9660471665459709 -0.10504601591624546
vn 0.23604704308384178 -0.9660471665459709 0.10504601591624546
vn -0.26589308545008783 0.9614502452946256 -0.07010201803611806
vn 0.26589308545008783 -0.9614502452946256 0.07010201803611806
vn 0.11860094207981946 -0.36390980635543324 -0.9238525149482089
vn -0.11860094207981946 0.36390980635543324 0.9238525149482089
vn -0.2953119627503285 0.9547568954802728 -0.035072998010152526
vn 0.2953119627503285 -0.9547568954802728 0.035072998010152526
vn -0.3098678929134756 0.9507796216481308 0
vn 0.3098678929134756 -0.9507796216481308 0
vn -0.3096769664751364 0.95019489683957 0.035068995634264674
vn 0.3096769664751364 -0.95019489683957 -0.035068995634264674
vn -0.3091050923602722 0.9484412848623188 0.07009401576212738
vn 0.3091050923602722 -0.9484412848623188 -0.07009401576212738
vn 0.4087280126600982 -0.7635400466340952 0.4999480061495696
vn -0.4087280126600982 0.7635400466340952 -0.4999480061495696
vn 0.38977105420723673 -0.6910520900809463 0.6087080861110151
vn -0.38977105420723673 0.6910520900809463 -0.6087080861110151
vn 0.3474048325042715 -0.6159377345893715 0.7070576988206776
vn 0.2835679240210953 -0.4778148828842091 0.8314338038357086
vn -0.2835679240210953 0.4778148828842091 -0.8314338038357086
vn 0.26050000821984876 -0.9419529831267699 0.2118119998867816
vn -0.26050000821984876 0.9419529831267699 -0.2118119998867816
vn 0.2854270998465438 -0.9227973338060523 -0.25879809001156123
vn -0.2854270998465438 0.9227973338060523 0.25879809001156123
vn 0.40469322560398907 -0.8934055017939329 0.19506409847680778
vn -0.40469322560398907 0.8934055017939329 -0.19506409847680778
vn -0.14585001104424647 0.9705470755245457 -0.19174500898105598
vn 0.14585001104424647 -0.9705470755245457 0.19174500898105598
vn 0.009071999337123616 -0.04267299532872187 -0.9990479039053644
vn -0.009071999337123616 0.04267299532872187 0.9990479039053644
vn 0.030984011704441098 -0.12680705468776216 -0.9914433730173973
vn -0.030984011704441098 0.12680705468776216 0.9914433730173973
vn 0.06899302969094147 -0.24947510178034366 -0.9659203566784128
vn -0.06899302969094147 0.24947510178034366 0.9659203566784128
vn 0.1130890071407682 -0.36562101498619065 -0.9238680370401302
vn -0.1130890071407682 0.36562101498619065 0.9238680370401302
vn -0.3081538364098999 0.9455205351980822 0.10503394986666358
vn 0.3081538364098999 -0.9455205351980822 -0.10503394986666358
vn -0.30682293554163914 0.9414368529815376 0.13984397761015638
vn 0.30682293554163914 -0.9414368529815376 -0.13984397761015638
vn -0.3474048325042715 0.6159377345893715 -0.7070576988206776
vn 0.29909190494958415 -0.5302818613331168 0.7933127882082287
vn -0.29909190494958415 0.5302818613331168 -0.7933127882082287
vn 0.2729618297472841 -0.48395269026563753 0.8314334808544015
vn -0.2729618297472841 0.48395269026563753 -0.8314334808544015
vn -0.3051140573662009 0.9361951887487275 0.1744820350674228
vn 0.3051140573662009 -0.9361951887487275 -0.1744820350674228
vn -0.3041189212838878 0.9331417927967234 0.19172395847478635
vn 0.3041189212838878 -0.9331417927967234 -0.19172395847478635
vn 0.329451040680727 -0.9409831286626352 0.07754201033417182
vn -0.329451040680727 0.9409831286626352 -0.07754201033417182
vn 0.3077708627302645 -0.944345597822726 0.11613994974644584
vn -0.3077708627302645 0.944345597822726 -0.11613994974644584
vn 0.29194100796910627 -0.9438590485705358 0.15459800871131804
vn -0.29194100796910627 0.9438590485705358 -0.15459800871131804
vn 0.26154706745640666 -0.9457362377534659 0.19281104767329557
vn -0.26154706745640666 0.9457362377534659 -0.19281104767329557
vn 0.26142799980225734 -0.945304994368918 -0.1950740078548933
vn -0.26142799980225734 0.945304994368918 0.1950740078548933
vn 0.2862889101329324 -0.8784316802416422 -0.38261788128986224
vn -0.2862889101329324 0.8784316802416422 0.38261788128986224
vn 0.36634205477084275 -0.9296711079154405 0.038796005123651375
vn -0.36634205477084275 0.9296711079154405 -0.038796005123651375
vn 0.39213597406640005 -0.919088940825781 -0.038792998011751935
vn -0.39213597406640005 0.919088940825781 0.038792998011751935
vn 0.3912500167682067 -0.917012995294029 -0.07752800036600295
vn -0.3912500167682067 0.917012995294029 0.07752800036600295
vn 0.38977520716997033 -0.9135564466302452 -0.11614605759958664
vn -0.38977520716997033 0.9135564466302452 0.11614605759958664
vn 0.3877140881581497 -0.9087242199998755 -0.15459003146811373
vn -0.3877140881581497 0.9087242199998755 0.15459003146811373
vn 0.3850681630595426 -0.9025243781185726 -0.19280108064954704
vn -0.3850681630595426 0.9025243781185726 0.19280108064954704
vn 0.383528045620034 -0.8989141001521529 -0.21180103581078713
vn -0.383528045620034 0.8989141001521529 0.21180103581078713
vn 0.39856402723983575 -0.8798730138970962 0.2587860034971054
vn -0.39856402723983575 0.8798730138970962 -0.2587860034971054
vn 0.3996851953069854 -0.8329704397478893 0.38263819877088134
vn -0.3996851953069854 0.8329704397478893 -0.38263819877088134
vn 0.3917900510470741 -0.772368109397157 0.4999480567886949
vn -0.3917900510470741 0.772368109397157 -0.4999480567886949
vn -0.14632693190823373 0.973723528963425 -0.1745019144345899
vn 0.14632693190823373 -0.973723528963425 0.1745019144345899
vn -0.17660992921366264 0.9742936550431943 -0.1398599536883886
vn 0.17660992921366264 -0.9742936550431943 0.1398599536883886
vn -0.2068058796919683 0.9727264157986084 -0.10504593344068068
vn 0.2068058796919683 -0.9727264157986084 0.10504593344068068
vn -0.23677597553350863 0.9690319127670401 -0.0701019931899718
vn 0.23677597553350863 -0.9690319127670401 0.0701019931899718
vn -0.266383917461176 0.9632286820567523 -0.0350729893400852
vn 0.266383917461176 -0.9632286820567523 0.0350729893400852
vn 0.15495702304483797 -0.47546108779456003 -0.8659821447364231
vn -0.15495702304483797 0.47546108779456003 0.8659821447364231
vn -0.2954938838816682 0.9553446313182102 0
vn 0.2954938838816682 -0.9553446313182102 0
vn -0.2953119627503285 0.9547568954802728 0.035072998010152956
vn 0.2953119627503285 -0.9547568954802728 -0.035072998010152956
vn -0.29476707883756736 0.9529942686715778 0.07010201931964437
vn 0.29476707883756736 -0.9529942686715778 -0.07010201931964437
vn -0.2938590235792843 0.9500590568279145 0.10504600325706438
vn 0.2938590235792843 -0.9500590568279145 -0.10504600325706438
vn 0.3744359842473128 -0.6994799844522388 0.6087080129679928
vn -0.3744359842473128 0.6994799844522388 -0.6087080129679928
vn 0.3337369694468328 -0.6234489967615504 0.707057977581372
vn -0.3337369694468328 0.6234489967615504 -0.707057977581372
vn 0.28732489348477125 -0.5367488160470795 0.7933127466869693
vn -0.28732489348477125 0.5367488160470795 -0.7933127466869693
vn 0.231974888180613 -0.9493805195256522 0.21181189862421493
vn -0.231974888180613 0.9493805195256522 -0.21181189862421493
vn 0.2574671709545319 -0.9309855860062939 -0.2587981733497885
vn -0.2574671709545319 0.9309855860062939 0.2587981733497885
vn 0.27300416244636494 -0.8826345240972105 -0.3826552288400743
vn -0.27300416244636494 0.8826345240972105 0.3826552288400743
vn 0.38489290685613736 -0.9021128018142445 0.19506394606560837
vn -0.38489290685613736 0.9021128018142445 -0.19506394606560837
vn -0.1165140153664421 0.974504144955964 -0.19174502780211547
vn 0.1165140153664421 -0.974504144955964 0.19174502780211547
vn 0.007780999227283866 -0.04292699708963993 -0.999047911249451
vn -0.007780999227283866 0.04292699708963993 0.999047911249451
vn 0.027146013541568263 -0.12768306051770498 -0.9914434577955685
vn -0.027146013541568263 0.12768306051770498 0.9914434577955685
vn 0.06143801395231687 -0.25144304882342056 -0.9659201642164726
vn -0.06143801395231687 0.25144304882342056 0.9659201642164726
vn 0.10201097962425892 -0.3688659135195233 -0.9238677924246015
vn -0.10201097962425892 0.3688659135195233 0.9238677924246015
vn 0.14775696694847953 -0.47770291835869805 -0.8660068132005481
vn -0.14775696694847953 0.47770291835869805 0.8660068132005481
vn -0.2925899124602648 0.9459547203902466 0.13985996602997236
vn 0.2925899124602648 -0.9459547203902466 -0.13985996602997236
vn -0.29095991041125097 0.9406866662761986 0.1745019381658801
vn 0.29095991041125097 -0.9406866662761986 -0.1745019381658801
vn 0.2622228305820804 -0.4898546650577087 0.83143345749538
vn -0.2622228305820804 0.4898546650577087 -0.83143345749538
vn -0.29001097942600584 0.9376179871736314 0.1917449919576439
vn 0.29001097942600584 -0.9376179871736314 -0.1917449919576439
vn 0.33019709107894574 -0.9431142243560111 0.038800011087139374
vn -0.33019709107894574 0.9431142243560111 -0.038800011087139374
vn 0.3089350905524053 -0.9479183168251062 0.07752402500408954
vn -0.3089350905524053 0.9479183168251062 -0.07752402500408954
vn 0.2934940330754541 -0.9488781420231545 0.11615302036447721
vn -0.2934940330754541 0.9488781420231545 -0.11615302036447721
vn 0.2633439575468476 -0.9522339129671749 0.15459797870213923
vn -0.2633439575468476 0.9522339129671749 -0.15459797870213923
vn 0.23290598381385297 -0.9531939607396378 0.19281098493909185
vn -0.23290598381385297 0.9531939607396378 -0.19281098493909185
vn 0.23280006788130955 -0.9527592771909231 -0.1950740580422911
vn -0.23280006788130955 0.9527592771909231 0.1950740580422911
vn 0.26836708711939455 -0.8234403057210696 -0.49992516386459535
vn -0.26836708711939455 0.8234403057210696 0.49992516386459535
vn 0.36634205477084275 -0.9296711079154405 -0.03879600512365179
vn -0.36634205477084275 0.9296711079154405 0.03879600512365179
vn 0.3655148392516999 -0.9275706068059141 -0.07753497066816047
vn -0.3655148392516999 0.9275706068059141 0.07753497066816047
vn 0.3641368641398097 -0.9240736649039639 -0.11615595553126977
vn -0.3641368641398097 0.9240736649039639 0.11615595553126977
vn 0.36221020456621583 -0.9191854878942775 -0.15460209103585582
vn -0.36221020456621583 0.9191854878942775 0.15460209103585582
vn 0.35973894193679096 -0.9129128629539754 -0.19281597005272738
vn -0.35973894193679096 0.9129128629539754 0.19281597005272738
vn 0.35829976790718177 -0.9092603981624691 -0.21181785725261204
vn -0.35829976790718177 0.9092603981624691 0.21181785725261204
vn 0.3790628955625559 -0.8884487445086651 0.25878591458714995
vn -0.3790628955625559 0.8884487445086651 -0.25878591458714995
vn 0.38121899323166714 -0.8415819861432645 0.3826380009860397
vn -0.38121899323166714 0.8415819861432645 -0.3826380009860397
vn 0.3746621032665213 -0.780820202585975 0.4999481169176494
vn -0.3746621032665213 0.780820202585975 -0.4999481169176494
vn 0.3589199977301095 -0.7075669564115922 0.6087080067026014
vn -0.3589199977301095 0.7075669564115922 -0.6087080067026014
vn -0.11689494521428041 0.9776935363534217 -0.17450192192663969
vn 0.11689494521428041 -0.9776935363534217 0.17450192192663969
vn -0.14714695171780487 0.9791766779402681 -0.13985995845136864
vn 0.14714695171780487 -0.9791766779402681 0.13985995845136864
vn -0.17737598129846757 0.9785208748106557 -0.105045984303041
vn 0.17737598129846757 -0.9785208748106557 0.105045984303041
vn -0.20744492222123775 0.975731683146032 -0.07010197393537583
vn 0.20744492222123775 -0.975731683146032 0.07010197393537583
vn -0.23721401777770612 0.9708240799344514 -0.035073003709180664
vn 0.23721401777770612 -0.9708240799344514 0.035073003709180664
vn -0.26654791417554935 0.9638216689038818 0
vn 0.26654791417554935 -0.9638216689038818 0
vn 0.18865891596004286 -0.5788707617974551 -0.7932946833080474
vn -0.18865891596004286 0.5788707617974551 0.7932946833080474
vn -0.26638391746117596 0.963228682056752 0.035072989340085625
vn 0.26638391746117596 -0.963228682056752 -0.035072989340085625
vn -0.26589308545008783 0.9614502452946256 0.07010201803611847
vn 0.26589308545008783 -0.9614502452946256 -0.07010201803611847
vn -0.2650740068039469 0.9584889723769704 0.10504599349161553
vn 0.2650740068039469 -0.9584889723769704 -0.10504599349161553
vn -0.2639290753168546 0.9543482659208616 0.1398600390970721
vn 0.2639290753168546 -0.9543482659208616 -0.1398600390970721
vn 0.27541881869033574 -0.5429546301840501 0.7933125133722028
vn -0.27541881869033574 0.5429546301840501 -0.7933125133722028
vn 0.25135594983439236 -0.4955178888633181 0.8314338267711331
vn -0.25135594983439236 0.4955178888633181 -0.8314338267711331
vn 0.20323790611527126 -0.9559445945008154 0.21181191128581955
vn -0.20323790611527126 0.9559445945008154 -0.21181191128581955
vn 0.22927394030296655 -0.9383267509039017 -0.2587979305096526
vn -0.22927394030296655 0.9383267509039017 0.2587979305096526
vn 0.2462620643399285 -0.8904662110323814 -0.382655096237684
vn -0.2462620643399285 0.8904662110323814 0.382655096237684
vn 0.255911053214467 -0.8273701838611702 -0.4999681106832668
vn -0.255911053214467 0.8273701838611702 0.4999681106832668
vn 0.3595748695064428 -0.9124966442586773 0.19507892617112066
vn -0.3595748695064428 0.9124966442586773 -0.19507892617112066
vn -0.08707197526151551 0.9775747273954046 -0.19174494382345056
vn 0.08707197526151551 -0.9775747273954046 0.19174494382345056
vn 0.023283009197928396 -0.12844405638362552 -0.9914434052745569
vn -0.023283009197928396 0.12844405638362552 0.9914434052745569
vn 0.053827016112684686 -0.2531810913558494 -0.965920280000511
vn -0.053827016112684686 0.2531810913558494 0.965920280000511
vn 0.09084000213161325 -0.37177400928063525 -0.9238680533691653
vn -0.09084000213161325 0.37177400928063525 0.9238680533691653
vn 0.13328296941575207 -0.4819418723551693 -0.8660067446241476
vn -0.13328296941575207 0.4819418723551693 0.8660067446241476
vn 0.17989505547404605 -0.5816081810685029 -0.793328237698733
vn -0.17989505547404605 0.5816081810685029 0.793328237698733
vn -0.262458856768141 0.9490334219381718 0.17450189840882727
vn 0.262458856768141 -0.9490334219381718 -0.17450189840882727
vn -0.26160195658477675 0.9459377824357135 0.1917449557918574
vn 0.26160195658477675 -0.9459377824357135 -0.1917449557918574
vn 0.319906848995826 -0.6306576542904625 0.7070576575148687
vn -0.319906848995826 0.6306576542904625 -0.7070576575148687
vn 0.30963406718756076 -0.9500642094290612 0.03879100925243162
vn -0.30963406718756076 0.9500642094290612 -0.03879100925243162
vn 0.294604016783809 -0.9524690344550106 0.07753200435423474
vn -0.294604016783809 0.9524690344550106 -0.07753200435423474
vn 0.2647439689982518 -0.9572978196966067 0.11615298223969903
vn -0.2647439689982518 0.9572978196966067 -0.11615298223969903
vn 0.23450690755579412 -0.9597426671488458 0.15459794035703608
vn -0.23450690755579412 0.9597426671488458 -0.15459794035703608
vn 0.2040540605987251 -0.9597842657783892 0.1928110565227262
vn -0.2040540605987251 0.9597842657783892 -0.1928110565227262
vn 0.20396093431651466 -0.9593467014334387 -0.195073944240421
vn -0.20396093431651466 0.9593467014334387 0.195073944240421
vn 0.2458529834270069 -0.7543599483224687 -0.6086849586666014
vn -0.2458529834270069 0.7543599483224687 0.6086849586666014
vn 0.33019709107894574 -0.9431142243560111 -0.03880001108713979
vn -0.33019709107894574 0.9431142243560111 0.03880001108713979
vn 0.3294510406807269 -0.940983128662635 -0.07754201033417223
vn -0.3294510406807269 0.940983128662635 0.07754201033417223
vn 0.32820806697823657 -0.937435164157215 -0.11616702532106493
vn -0.32820806697823657 0.937435164157215 0.11616702532106493
vn 0.3264720706406666 -0.9324751320564519 -0.15461602500354907
vn -0.3264720706406666 0.9324751320564519 0.15461602500354907
vn 0.32424394592381245 -0.9261108496716858 -0.19283297864251375
vn -0.32424394592381245 0.9261108496716858 0.19283297864251375
vn 0.322946007029585 -0.9224049902473 -0.2118369904207614
vn -0.322946007029585 0.9224049902473 0.2118369904207614
vn 0.3541280329811754 -0.89867307372934 0.2588050285654122
vn -0.3541280329811754 0.89867307372934 -0.2588050285654122
vn 0.36256620821506425 -0.8497845180718397 0.38263823319940427
vn -0.36256620821506425 0.8497845180718397 -0.38263823319940427
vn 0.3573510266431525 -0.7888930319991939 0.4999480251188153
vn -0.3573510266431525 0.7888930319991939 -0.4999480251188153
vn 0.3432281340129019 -0.7153102311404814 0.6087082398389005
vn -0.3432281340129019 0.7153102311404814 -0.6087082398389005
vn -0.0873570080839179 0.9807740815741027 -0.1745020173267392
vn 0.0873570080839179 -0.9807740815741027 0.1745020173267392
vn -0.11754999209895989 0.9831689485528331 -0.13985999413360142
vn 0.11754999209895989 -0.9831689485528331 0.13985999413360142
vn 0.006482999263406565 -0.04314199496722482 -0.9990479162636788
vn -0.006482999263406565 0.04314199496722482 0.9990479162636788
vn -0.14778500503482878 0.9834251009072642 -0.10504600512343573
vn 0.14778500503482878 -0.9834251009072642 0.10504600512343573
vn -0.1779240159471341 0.9815440661715391 -0.07010200220168572
vn 0.1779240159471341 -0.9815440661715391 0.07010200220168572
vn -0.2078280761842877 0.9775363801184741 -0.035073013762835704
vn 0.2078280761842877 -0.9775363801184741 0.035073013762835704
vn -0.237359940764198 0.9714217716936431 0
vn 0.237359940764198 -0.9714217716936431 0
vn -0.23721401777770612 0.9708240799344514 0.035073003709181094
vn 0.23721401777770612 -0.9708240799344514 -0.035073003709181094
vn 0.21913101891030354 -0.6723700964160185 -0.7070361023291856
vn -0.21913101891030354 0.6723700964160185 0.7070361023291856
vn -0.23677597553350863 0.9690319127670401 0.07010199318997225
vn 0.23677597553350863 -0.9690319127670401 -0.07010199318997225
vn -0.23604704308384178 0.9660471665459709 0.10504601591624588
vn 0.23604704308384178 -0.9660471665459709 -0.10504601591624588
vn -0.23502698629400592 0.9618739508247387 0.1398599958471528
vn 0.23502698629400592 -0.9618739508247387 -0.1398599958471528
vn -0.23371801820592514 0.9565170846848269 0.1745020191056099
vn 0.23371801820592514 -0.9565170846848269 -0.1745020191056099
vn 0.010141004100334068 -0.0311150113204241 0.9994643646005429
vn -0.010141004100334068 0.0311150113204241 -0.9994643646005429
vn 0.2633778003087154 -0.5488966236810098 0.7933124421160496
vn -0.2633778003087154 0.5488966236810098 -0.7933124421160496
vn 0.24036691459235865 -0.5009408102547573 0.8314337321703137
vn -0.24036691459235865 0.5009408102547573 -0.8314337321703137
vn 0.174316009506157 -0.9616390178886496 0.2118120112363857
vn -0.174316009506157 0.9616390178886496 -0.2118120112363857
vn 0.20087109486424695 -0.9448144459622256 -0.25879811813290154
vn -0.20087109486424695 0.9448144459622256 0.25879811813290154
vn 0.21929501190904319 -0.8974880669263269 -0.3826550241100432
vn -0.21929501190904319 0.8974880669263269 0.3826550241100432
vn 0.23084291751013788 -0.8347117567545665 -0.49996782953617425
vn -0.23084291751013788 0.8347117567545665 0.49996782953617425
vn 0.23443889958410227 -0.7579496816916165 -0.6087287428611966
vn -0.23443889958410227 0.7579496816916165 0.6087287428611966
vn 0.3441288961872829 -0.918438704297368 0.19505293962792272
vn -0.3441288961872829 0.918438704297368 -0.19505293962792272
vn -0.05755099805519318 0.9797559599991288 -0.19174499072736284
vn 0.05755099805519318 -0.9797559599991288 0.19174499072736284
vn 0.04616701788532841 -0.2546891004414042 -0.965920322063846
vn -0.04616701788532841 0.2546891004414042 0.965920322063846
vn 0.01939900797300651 -0.12908805031071655 -0.9914433689105199
vn -0.01939900797300651 0.12908805031071655 0.9914433689105199
vn 0.07958698350188652 -0.3743449381140491 -0.9238678365250406
vn -0.07958698350188652 0.3743449381140491 0.9238678365250406
vn 0.1186879898925467 -0.4857419522385626 -0.866006880394571
vn -0.1186879898925467 0.4857419522385626 0.866006880394571
vn 0.1622730318463467 -0.5867690831310289 -0.793328120147626
vn -0.1622730318463467 0.5867690831310289 0.793328120147626
vn 0.2089550055821435 -0.6755600000508042 -0.7070760156967029
vn -0.2089550055821435 0.6755600000508042 0.7070760156967029
vn -0.23295595594434823 0.9533967665401183 0.1917449559725168
vn 0.23295595594434823 -0.9533967665401183 -0.1917449559725168
vn 0.011482004998138146 -0.030645012220167567 0.9994643799492048
vn -0.011482004998138146 0.030645012220167567 -0.9994643799492048
vn 0.012890999304424371 -0.04167799755057409 0.999047930110016
vn -0.012890999304424371 0.04167799755057409 -0.999047930110016
vn 0.3059209640985252 -0.6375589461955706 0.707057956500754
vn -0.3059209640985252 0.6375589461955706 -0.707057956500754
vn 0.30963406718756076 -0.9500642094290612 -0.038791009252432035
vn -0.30963406718756076 0.9500642094290612 0.038791009252432035
vn 0.29527206465862815 -0.9546252431888936 0.03879501126146083
vn -0.29527206465862815 0.9546252431888936 -0.03879501126146083
vn 0.2657460841910084 -0.9609202899605117 0.07753202615275478
vn -0.2657460841910084 0.9609202899605117 -0.07753202615275478
vn 0.23575385017704217 -0.9648464226187917 0.1161529288757751
vn -0.23575385017704217 0.9648464226187917 -0.1161529288757751
vn 0.20545609620222224 -0.9663784093687606 0.15459806738522672
vn -0.20545609620222224 0.9663784093687606 -0.15459806738522672
vn 0.1750159274452851 -0.9655016186556019 0.19281091648005586
vn -0.1750159274452851 0.9655016186556019 -0.19281091648005586
vn 0.17493606458134964 -0.9650613843323563 -0.1950740827975508
vn -0.17493606458134964 0.9650613843323563 0.1950740827975508
vn 0.30893509055240526 -0.947918316825106 -0.07752402500408995
vn -0.30893509055240526 0.947918316825106 0.07752402500408995
vn 0.3077708627302645 -0.944345597822726 -0.11613994974644626
vn -0.3077708627302645 0.944345597822726 0.11613994974644626
vn 0.3061431151802645 -0.9393514191625172 -0.1545810607580647
vn -0.3061431151802645 0.9393514191625172 0.1545810607580647
vn 0.30405499816335263 -0.9329429645539932 -0.1927899970981127
vn -0.30405499816335263 0.9329429645539932 0.1927899970981127
vn 0.3028379484635514 -0.9292118231463733 -0.21178896263823713
vn -0.3028379484635514 0.9292118231463733 0.21178896263823713
vn 0.3389170171202503 -0.9045290553918144 0.2587710251521683
vn -0.3389170171202503 0.9045290553918144 -0.2587710251521683
vn 0.33871406850555363 -0.8595581510650268 0.3826650816759842
vn -0.33871406850555363 0.8595581510650268 -0.3826650816759842
vn 0.3398669229038529 -0.7965818126850605 0.499947887699558
vn -0.3398669229038529 0.7965818126850605 -0.499947887699558
vn 0.3273701362475866 -0.7227053339502495 0.6087082997406023
vn -0.3273701362475866 0.7227053339502495 -0.6087082997406023
vn -0.05773897045667122 0.9829625095513929 -0.17450190860569914
vn 0.05773897045667122 -0.9829625095513929 0.17450190860569914
vn -0.08784599124193368 0.9862668333156986 -0.13985998471380656
vn 0.08784599124193368 -0.9862668333156986 0.13985998471380656
vn -0.11805996061913826 0.9874346518642062 -0.10504596135226513
vn 0.11805996061913826 -0.9874346518642062 0.10504596135226513
vn -0.14824205231550264 0.9864633799660315 -0.07010202501554781
vn 0.14824205231550264 -0.9864633799660315 0.07010202501554781
vn 0.005178999655462859 -0.0433179960806349 -0.9990479113526674
vn -0.005178999655462859 0.0433179960806349 0.9990479113526674
vn -0.1782530727638262 0.9833594081425086 -0.03507301623569289
vn 0.1782530727638262 -0.9833594081425086 0.03507301623569289
vn -0.20795603201061946 0.97813817467186 0
vn 0.20795603201061946 -0.97813817467186 0
vn -0.2078280761842877 0.9775363801184741 0.035073013762836135
vn 0.2078280761842877 -0.9775363801184741 -0.035073013762836135
vn -0.20744492222123775 0.975731683146032 0.07010197393537627
vn 0.20744492222123775 -0.975731683146032 -0.07010197393537627
vn -0.2068058796919683 0.9727264157986084 0.10504593344068112
vn 0.2068058796919683 -0.9727264157986084 -0.10504593344068112
vn -0.20591206931373146 0.9685243335234885 0.13986005535469878
vn 0.20591206931373146 -0.9685243335234885 -0.13986005535469878
vn -0.20476510439484208 0.9631304558296592 0.17450208329851633
vn 0.20476510439484208 -0.9631304558296592 -0.17450208329851633
vn -0.20409789497621972 0.9599885120214652 0.19174489837565226
vn 0.20409789497621972 -0.9599885120214652 -0.19174489837565226
vn 0.0404540190518296 -0.12412605992985315 0.9914414725987837
vn -0.0404540190518296 0.12412605992985315 -0.9914414725987837
vn 0.25120893065147754 -0.554570840107949 0.7933128364415295
vn -0.25120893065147754 0.554570840107949 -0.7933128364415295
vn 0.2292609271459487 -0.5061198741435137 0.8314337618121688
vn -0.2292609271459487 0.5061198741435137 -0.8314337618121688
vn 0.1452359442228252 -0.9664586023189782 0.21181192249104236
vn -0.1452359442228252 0.9664586023189782 -0.21181192249104236
vn 0.17228609862084426 -0.9504425390636392 -0.2587981455889345
vn -0.17228609862084426 0.9504425390636392 0.2587981455889345
vn 0.19212905164351277 -0.9036932584487157 -0.3826550955480762
vn -0.19212905164351277 0.9036932584487157 0.3826550955480762
vn 0.20556399349190257 -0.8412939346613192 -0.4999679590551147
vn -0.20556399349190257 0.8412939346613192 0.4999679590551147
vn 0.21147398632605555 -0.7646749666376882 -0.608728961447554
vn -0.21147398632605555 0.7646749666376882 0.608728961447554
vn -0.027976998793393798 0.9810459463438415 -0.19174498350890753
vn 0.027976998793393798 -0.9810459463438415 0.19174498350890753
vn 0.06826198599230415 -0.37657489731068416 -0.9238677654209148
vn -0.06826198599230415 0.37657489731068416 0.9238677654209148
vn 0.038466006347215344 -0.25596605615569695 -0.9659201542838799
vn -0.038466006347215344 0.25596605615569695 0.9659201542838799
vn 0.015497006742546131 -0.12961405230787712 -0.9914434125185122
vn -0.015497006742546131 0.12961405230787712 0.9914434125185122
vn 0.10398495854698664 -0.48910081333491595 -0.8660066528561459
vn -0.10398495854698664 0.48910081333491595 0.8660066528561459
vn 0.14450400312330788 -0.5913960042280557 -0.7933280275298664
vn -0.14450400312330788 0.5913960042280557 0.7933280275298664
vn 0.188486057135313 -0.6815542443636023 -0.7070762464229318
vn -0.188486057135313 0.6815542443636023 0.7070762464229318
vn 0.011628999355593762 -0.04204799636231622 0.9990479129530788
vn -0.011628999355593762 0.04204799636231622 -0.9990479129530788
vn 0.045806020575689325 -0.12225206221979264 0.9914414968933001
vn -0.045806020575689325 0.12225206221979264 -0.9914414968933001
vn 0.03857301716195849 -0.1247080504551221 0.9914434045868207
vn -0.03857301716195849 0.1247080504551221 -0.9914434045868207
vn 0.2917859021602711 -0.6441507889773054 0.7070578111869156
vn -0.2917859021602711 0.6441507889773054 -0.7070578111869156
vn 0.2952720646586281 -0.9546252431888934 -0.03879501126146125
vn -0.2952720646586281 0.9546252431888934 0.03879501126146125
vn 0.294604016783809 -0.9524690344550106 -0.07753200435423516
vn -0.294604016783809 0.9524690344550106 0.07753200435423516
vn 0.26634796967050156 -0.9630958972393099 0.03879499675486787
vn -0.26634796967050156 0.9630958972393099 -0.03879499675486787
vn 0.23664589025667462 -0.968497556461308 0.07753196600822979
vn -0.23664589025667462 0.968497556461308 -0.07753196600822979
vn 0.20654888016105794 -0.9715173989290886 0.11615293230164617
vn -0.20654888016105794 0.9715173989290886 -0.11615293230164617
vn 0.176218988203242 -0.9721349345114496 0.15459798607693803
vn -0.176218988203242 0.9721349345114496 -0.15459798607693803
vn 0.14581892288639944 -0.9703405572283073 0.19281090406434012
vn -0.14581892288639944 0.9703405572283073 -0.19281090406434012
vn 0.14575300303676275 -0.9698980309110795 -0.19507401605692154
vn -0.14575300303676275 0.9698980309110795 0.19507401605692154
vn 0.2934940330754541 -0.9488781420231545 -0.11615302036447762
vn -0.2934940330754541 0.9488781420231545 0.11615302036447762
vn 0.29194100796910627 -0.9438590485705358 -0.15459800871131849
vn -0.29194100796910627 0.9438590485705358 0.15459800871131849
vn 0.28994914775858066 -0.9374184621011632 -0.19281109570240682
vn -0.28994914775858066 0.9374184621011632 0.19281109570240682
vn 0.2887890934963099 -0.9336683064503168 -0.21181207002382324
vn -0.2887890934963099 0.9336683064503168 0.21181207002382324
vn 0.324169096214283 -0.8651692190034791 0.382618111892949
vn -0.324169096214283 0.8651692190034791 -0.382618111892949
vn 0.31750491324241237 -0.8057367932885006 0.4999788495607512
vn -0.31750491324241237 0.8057367932885006 -0.4999788495607512
vn 0.3113530313655361 -0.7297491020736576 0.6087080892202618
vn -0.3113530313655361 0.7297491020736576 -0.6087080892202618
vn -0.028068991918561926 0.98425667518619 -0.17450194567426125
vn 0.028068991918561926 -0.98425667518619 0.17450194567426125
vn -0.058061969702812646 0.9884675038649147 -0.13985993521124818
vn 0.058061969702812646 -0.9884675038649147 0.13985993521124818
vn -0.08822699553299825 0.990545978773131 -0.10504599561906344
vn 0.08822699553299825 -0.990545978773131 0.10504599561906344
vn -0.1184250363984387 0.9904853442801891 -0.07010202222606522
vn 0.1184250363984387 -0.9904853442801891 0.07010202222606522
vn -0.14851598005573027 0.9882878571511359 -0.03507299638898834
vn 0.14851598005573027 -0.9882878571511359 0.03507299638898834
vn 0.0038699994931188308 -0.04345499641379469 -0.9990478899385157
vn -0.0038699994931188308 0.04345499641379469 0.9990478899385157
vn -0.1783629562088865 0.983964763521757 0
vn 0.1783629562088865 -0.983964763521757 0
vn -0.1782530727638262 0.9833594081425086 0.03507301623569332
vn 0.1782530727638262 -0.9833594081425086 -0.03507301623569332
vn -0.1779240159471341 0.9815440661715391 0.07010200220168616
vn 0.1779240159471341 -0.9815440661715391 -0.07010200220168616
vn -0.17737598129846757 0.9785208748106557 0.10504598430304145
vn 0.17737598129846757 -0.9785208748106557 -0.10504598430304145
vn -0.17660992921366264 0.9742936550431943 0.13985995368838905
vn 0.17660992921366264 -0.9742936550431943 -0.13985995368838905
vn -0.1756259357143959 0.9688676912333712 0.17450194150369783
vn 0.1756259357143959 -0.9688676912333712 -0.17450194150369783
vn -0.17505302539761017 0.9657071416968988 0.1917450254237366
vn 0.17505302539761017 -0.9657071416968988 -0.1917450254237366
vn 0.010354999420656427 -0.04237999745263443 0.999047901655828
vn -0.010354999420656427 0.04237999745263443 -0.999047901655828
vn 0.08021498472441775 -0.24612595042010427 0.9659128184031215
vn -0.08021498472441775 0.24612595042010427 -0.9659128184031215
vn 0.24754300860345604 -0.5749769840961145 0.7798230098242073
vn -0.24754300860345604 0.5749769840961145 -0.7798230098242073
vn 0.22367594965387663 -0.5086388724652926 0.8314178052962736
vn -0.22367594965387663 0.5086388724652926 -0.8314178052962736
vn 0.11602300106749182 -0.9703990594306333 0.211812012594742
vn -0.11602300106749182 0.9703990594306333 -0.211812012594742
vn 0.1435449994190367 -0.9552059614836604 -0.2587979990028218
vn -0.1435449994190367 0.9552059614836604 0.2587979990028218
vn 0.16478807056115916 -0.9090764042050549 -0.382655175214367
vn -0.16478807056115916 0.9090764042050549 0.382655175214367
vn 0.1800989356530123 -0.8471107049020155 -0.4999678259818953
vn -0.1800989356530123 0.8471107049020155 0.4999678259818953
vn 0.1883169568411802 -0.7707048044894744 -0.6087288625512332
vn -0.1883169568411802 0.7707048044894744 0.6087288625512332
vn 0.2993130008063134 -0.9183949583326813 0.2587709953944467
vn 0.2898170264770099 -0.9369910444897975 0.19507402110466224
vn 0.3039159402396213 -0.932517799667265 0.195052953251135
vn -0.3039159402396213 0.932517799667265 -0.195052953251135
vn -0.2898170264770099 0.9369910444897975 -0.19507402110466224
vn -0.2993130008063134 0.9183949583326813 -0.2587709953944467
vn -0.013179004382079536 0.9813603791308277 -0.19172407286435197
vn 0.013179004382079536 -0.9813603791308277 0.19172407286435197
vn 0.0004390001658189247 -0.03272301108200367 -0.9994643624585028
vn -0.0004390001658189247 0.03272301108200367 0.9994643624585028
vn 0.08918699646421756 -0.49201395111552637 -0.8660069004167232
vn -0.08918699646421756 0.49201395111552637 0.8660069004167232
vn 0.056873993575009836 -0.3784619471131416 -0.9238679036757147
vn -0.056873993575009836 0.3784619471131416 0.9238679036757147
vn 0.030729010456279012 -0.25700909100977043 -0.9659203150647103
vn -0.030729010456279012 0.25700909100977043 0.9659203150647103
vn 0.011581005612252305 -0.13002206792300997 -0.9914434639262257
vn -0.011581005612252305 0.13002206792300997 0.9914434639262257
vn 0.12660300930394194 -0.5954849813477561 -0.7933279996473392
vn -0.12660300930394194 0.5954849813477561 0.7933279996473392
vn 0.16784609428408476 -0.6869283836895883 -0.7070764345636105
vn -0.16784609428408476 0.6869283836895883 0.7070764345636105
vn 0.034794012667735505 -0.12581505336617882 0.9914433665262697
vn -0.034794012667735505 0.12581505336617882 -0.9914433665262697
vn 0.09082798991259128 -0.24240997321561902 0.9659128745047565
vn -0.09082798991259128 0.24240997321561902 -0.9659128745047565
vn 0.076486022169629 -0.24728107515707493 0.9659202649710938
vn -0.076486022169629 0.24728107515707493 -0.9659202649710938
vn 0.27750988694291584 -0.6504287750466848 0.7070577566508971
vn -0.27750988694291584 0.6504287750466848 -0.7070577566508971
vn 0.2657460841910084 -0.9609202899605117 -0.0775320261527552
vn -0.2657460841910084 0.9609202899605117 0.0775320261527552
vn 0.26634796967050156 -0.9630958972393099 -0.0387949967548683
vn -0.26634796967050156 0.9630958972393099 0.0387949967548683
vn 0.2647439689982518 -0.9572978196966067 -0.11615298223969944
vn -0.2647439689982518 0.9572978196966067 0.11615298223969944
vn 0.23718207080048523 -0.9706902761985468 0.03879501236477101
vn -0.23718207080048523 0.9706902761985468 -0.03879501236477101
vn 0.2073299790270292 -0.9751938628060787 0.07753199173251547
vn -0.2073299790270292 0.9751938628060787 -0.07753199173251547
vn 0.17715592851835713 -0.9773045933878992 0.11615295404642825
vn -0.17715592851835713 0.9773045933878992 -0.11615295404642825
vn 0.14682103854974798 -0.977007180899094 0.15459803074676753
vn -0.14682103854974798 0.977007180899094 -0.15459803074676753
vn 0.11648897808025789 -0.9742967985505201 0.1928109600619854
vn -0.11648897808025789 0.9742967985505201 -0.1928109600619854
vn 0.11643594713490674 -0.9738525734205686 -0.19507392305721796
vn -0.11643594713490674 0.9738525734205686 0.19507392305721796
vn 0.2633439575468476 -0.9522339129671749 -0.15459797870213968
vn -0.2633439575468476 0.9522339129671749 0.15459797870213968
vn 0.2615470674564066 -0.9457362377534657 -0.192811047673296
vn -0.2615470674564066 0.9457362377534657 0.192811047673296
vn 0.26050000821984876 -0.9419529831267699 -0.21181199988678204
vn -0.26050000821984876 0.9419529831267699 0.21181199988678204
vn 0.2854270998465438 -0.9227973338060526 0.2587980900115608
vn -0.2854270998465438 0.9227973338060526 -0.2587980900115608
vn 0.30387607908347264 -0.8110081540651195 0.4999250969902817
vn -0.30387607908347264 0.8110081540651195 -0.4999250969902817
vn 0.2908638941350283 -0.7381287744707783 0.6087397698416575
vn -0.2908638941350283 0.7381287744707783 -0.6087397698416575
vn -0.013221994337004031 0.984571599185001 -0.17448193300179138
vn 0.013221994337004031 -0.984571599185001 0.17448193300179138
vn -0.02822599699112702 0.989768900076309 -0.13985999261972867
vn 0.02822599699112702 -0.989768900076309 0.13985999261972867
vn -0.05831400872735033 0.9927561691698302 -0.10504601354354123
vn 0.05831400872735033 -0.9927561691698302 0.10504601354354123
vn -0.08850002856447298 0.9936062860122853 -0.07010202094776205
vn 0.08850002856447298 -0.9936062860122853 0.07010202094776205
vn -0.11864402378532544 0.9923172273589552 -0.035073008235143394
vn 0.11864402378532544 -0.9923172273589552 0.035073008235143394
vn -0.9999098403745221 -0.013427997698760354 0
vn 0.9999098403745221 0.013427997698760354 0
vn -0.14860704797939497 0.9888963268669015 0
vn 0.14860704797939497 -0.9888963268669015 0
vn 0.002557999644327515 -0.04355199538033119 -0.9990478869084362
vn -0.002557999644327515 0.04355199538033119 0.9990478869084362
vn -0.14851598005573027 0.9882878571511359 0.03507299638898878
vn 0.14851598005573027 -0.9882878571511359 -0.03507299638898878
vn -0.14824205231550264 0.9864633799660315 0.07010202501554826
vn 0.14824205231550264 -0.9864633799660315 -0.07010202501554826
vn -0.14778500503482878 0.9834251009072642 0.10504600512343618
vn 0.14778500503482878 -0.9834251009072642 -0.10504600512343618
vn -0.14714695171780487 0.9791766779402681 0.1398599584513691
vn 0.14714695171780487 -0.9791766779402681 -0.1398599584513691
vn -0.14632693190823373 0.973723528963425 0.17450191443459034
vn 0.14632693190823373 -0.973723528963425 -0.17450191443459034
vn -0.14585001104424644 0.9705470755245454 0.19174500898105637
vn 0.14585001104424644 -0.9705470755245454 -0.19174500898105637
vn 0.009071999337123616 -0.04267299532872231 0.9990479039053644
vn -0.009071999337123616 0.04267299532872231 -0.9990479039053644
vn 0.030984011704441098 -0.1268070546877626 0.9914433730173973
vn -0.030984011704441098 0.1268070546877626 -0.9914433730173973
vn 0.11860094207981946 -0.3639098063554337 0.9238525149482086
vn -0.11860094207981946 0.3639098063554337 -0.9238525149482086
vn 0.22657691581029846 -0.583526814751878 0.7798457268507795
vn -0.22657691581029846 0.583526814751878 -0.7798457268507795
vn 0.08670497442444619 -0.9734567005421949 0.211811943902036
vn -0.08670497442444619 0.9734567005421949 -0.211811943902036
vn 0.11467206085940017 -0.959100536049799 -0.25879814567969095
vn -0.11467206085940017 0.959100536049799 0.25879814567969095
vn 0.1372969666439671 -0.9136327372771179 -0.3826548893270361
vn -0.1372969666439671 0.9136327372771179 0.3826548893270361
vn 0.15446995650704504 -0.8521567750475296 -0.49996786224447015
vn -0.15446995650704504 0.8521567750475296 0.49996786224447015
vn 0.16498792976462825 -0.7760336849548765 -0.6087287596683253
vn -0.16498792976462825 0.7760336849548765 0.6087287596683253
vn 0.26142799980225734 -0.945304994368918 0.19507400785489284
vn -0.26142799980225734 0.945304994368918 -0.19507400785489284
vn 0.2862889101329324 -0.8784316802416424 0.3826178812898618
vn -0.2862889101329324 0.8784316802416424 -0.3826178812898618
vn 0.0037210016036841277 -0.13048405860273524 -0.9914434248093148
vn 0.0017530007989602823 -0.1305400608535487 -0.9914414856664768
vn -0.0017530007989602823 0.1305400608535487 0.9914414856664768
vn -0.0037210016036841277 0.13048405860273524 0.9914434248093148
vn 0.1085860237632909 -0.5990321246387276 -0.7933281723814488
vn -0.1085860237632909 0.5990321246387276 0.7933281723814488
vn 0.07430898460799795 -0.49447991885764775 -0.8660068040454777
vn -0.07430898460799795 0.49447991885764775 0.8660068040454777
vn 0.04543399882443355 -0.38000497685679335 -0.9238679393262272
vn -0.04543399882443355 0.38000497685679335 0.9238679393262272
vn 0.022964007915233287 -0.25781907789100367 -0.965920274875676
vn -0.022964007915233287 0.25781907789100367 0.965920274875676
vn 0.007655002700544985 -0.13031304267434923 -0.991443347772634
vn -0.007655002700544985 0.13031304267434923 0.991443347772634
vn 0.0012439999258381353 -0.043608996642679275 -0.9990479006914549
vn -0.0012439999258381353 0.043608996642679275 0.9990479006914549
vn 0.1470540159389322 -0.6916780546012079 -0.7070760816060184
vn -0.1470540159389322 0.6916780546012079 0.7070760816060184
vn 0.06899302969094144 -0.24947510178034404 0.9659203566784126
vn -0.06899302969094144 0.24947510178034404 -0.9659203566784126
vn 0.13429396793677248 -0.3584149133491332 0.9238527372177509
vn -0.13429396793677248 0.3584149133491332 -0.9238527372177509
vn 0.1130890071407682 -0.3656210149861911 0.92386803704013
vn -0.1130890071407682 0.3656210149861911 -0.92386803704013
vn 0.2592458598028067 -0.6578906407411929 0.7070866205778796
vn -0.2592458598028067 0.6578906407411929 -0.7070866205778796
vn 0.23664589025667462 -0.968497556461308 -0.0775319660082302
vn -0.23664589025667462 0.968497556461308 0.0775319660082302
vn 0.23575385017704217 -0.9648464226187917 -0.11615292887577551
vn -0.23575385017704217 0.9648464226187917 0.11615292887577551
vn 0.23718207080048523 -0.9706902761985468 -0.03879501236477144
vn -0.23718207080048523 0.9706902761985468 0.03879501236477144
vn 0.23450690755579412 -0.9597426671488458 -0.15459794035703653
vn -0.23450690755579412 0.9597426671488458 0.15459794035703653
vn 0.20779994822316647 -0.9774017240196348 0.0387949919692642
vn -0.20779994822316647 0.9774017240196348 -0.0387949919692642
vn 0.17782598822627432 -0.9810029091213691 0.07753199472965745
vn -0.17782598822627432 0.9810029091213691 -0.07753199472965745
vn 0.14760196113304386 -0.9822027029045594 0.11615296585389982
vn -0.14760196113304386 0.9822027029045594 -0.11615296585389982
vn 0.11728994848811765 -0.9809905948234388 0.15459793288272125
vn -0.11728994848811765 0.9809905948234388 -0.15459793288272125
vn 0.08705297799394293 -0.9773667264153786 0.19281094657324996
vn -0.08705297799394293 0.9773667264153786 -0.19281094657324996
vn 0.0870139977041477 -0.976921028299652 -0.1950740081853384
vn -0.0870139977041477 0.976921028299652 0.1950740081853384
vn 0.23290598381385297 -0.9531939607396378 -0.1928109849390923
vn -0.23290598381385297 0.9531939607396378 0.1928109849390923
vn 0.231974888180613 -0.9493805195256522 -0.21181189862421537
vn -0.231974888180613 0.9493805195256522 0.21181189862421537
vn 0.2574671709545319 -0.9309855860062941 0.25879817334978805
vn -0.2574671709545319 0.9309855860062941 -0.25879817334978805
vn 0.27300416244636494 -0.8826345240972108 0.38265522884007386
vn -0.27300416244636494 0.8826345240972108 -0.38265522884007386
vn 0.27838292440052276 -0.7429708365615589 0.6086848802305097
vn -0.27838292440052276 0.7429708365615589 -0.6086848802305097
vn -0.013296003449646553 0.9900842696022425 -0.13984403948134935
vn 0.013296003449646553 -0.9900842696022425 0.13984403948134935
vn -0.02834800698806816 0.9940632395462141 -0.10504601983269356
vn 0.02834800698806816 -0.9940632395462141 0.10504601983269356
vn -0.058495015980492594 0.9958232976752915 -0.07010201789213724
vn 0.058495015980492594 -0.9958232976752915 0.07010201789213724
vn -0.08866399485004052 0.9954439114489245 -0.03507299782593225
vn 0.08866399485004052 -0.9954439114489245 0.03507299782593225
vn -0.1187170120532137 0.9929281298508754 0
vn 0.1187170120532137 -0.9929281298508754 0
vn 0.007379001397084957 -0.2587350474387097 -0.9659201445074383
vn -0.007379001397084957 0.2587350474387097 0.9659201445074383
vn -0.11864402378532544 0.9923172273589552 0.03507300823514384
vn 0.11864402378532544 -0.9923172273589552 -0.03507300823514384
vn -0.1184250363984387 0.9904853442801891 0.07010202222606567
vn 0.1184250363984387 -0.9904853442801891 -0.07010202222606567
vn -0.11805996061913826 0.9874346518642062 0.10504596135226557
vn 0.11805996061913826 -0.9874346518642062 -0.10504596135226557
vn -0.11754999209895989 0.9831689485528331 0.13985999413360187
vn 0.11754999209895989 -0.9831689485528331 -0.13985999413360187
vn -0.11689494521428041 0.9776935363534217 0.17450192192664013
vn 0.11689494521428041 -0.9776935363534217 -0.17450192192664013
vn -0.1165140153664421 0.974504144955964 0.1917450278021159
vn 0.1165140153664421 -0.974504144955964 -0.1917450278021159
vn 0.007780999227283866 -0.04292699708964037 0.999047911249451
vn -0.007780999227283866 0.04292699708964037 -0.999047911249451
vn 0.027146013541568256 -0.1276830605177054 0.9914434577955683
vn -0.027146013541568256 0.1276830605177054 -0.9914434577955683
vn 0.061438013952316885 -0.25144304882342106 0.9659201642164726
vn -0.061438013952316885 0.25144304882342106 -0.9659201642164726
vn 0.15495702304483797 -0.47546108779456037 0.8659821447364229
vn -0.15495702304483797 0.47546108779456037 -0.8659821447364229
vn 0.21362192688311546 -0.5701307985916707 0.7932947402144861
vn -0.21362192688311546 0.5701307985916707 -0.7932947402144861
vn 0.05730798745604608 -0.9756287656329133 0.2118119596324426
vn -0.05730798745604608 0.9756287656329133 -0.2118119596324426
vn 0.08569603982776333 -0.9621225052807434 -0.25879813289539905
vn -0.08569603982776333 0.9621225052807434 0.25879813289539905
vn 0.10968097904737299 -0.917357782577026 -0.38265491187305006
vn -0.10968097904737299 0.917357782577026 0.38265491187305006
vn 0.128700943053604 -0.8564276388546834 -0.4999677656238501
vn -0.128700943053604 0.8564276388546834 0.4999677656238501
vn 0.14150891591350728 -0.7806565488944353 -0.6087286582585167
vn -0.14150891591350728 0.7806565488944353 0.6087286582585167
vn 0.2328000678813096 -0.9527592771909233 0.19507405804229072
vn -0.2328000678813096 0.9527592771909233 -0.19507405804229072
vn 0.26836708711939455 -0.8234403057210699 0.499925163864595
vn -0.26836708711939455 0.8234403057210699 -0.499925163864595
vn 0.0034759995568956867 -0.25884396074761984 -0.9659128953542162
vn -0.0034759995568956867 0.25884396074761984 0.9659128953542162
vn 0.12612704635142538 -0.6957982100303491 -0.7070762470181184
vn -0.12612704635142538 0.6957982100303491 0.7070762470181184
vn 0.09047103560685184 -0.6020342131488942 -0.793328303991743
vn -0.09047103560685184 0.6020342131488942 0.793328303991743
vn 0.05936199607602062 -0.4964959447640975 -0.8660068881104103
vn -0.05936199607602062 0.4964959447640975 0.8660068881104103
vn 0.03395300219019371 -0.3812020384618355 -0.9238680639110834
vn -0.03395300219019371 0.3812020384618355 0.9238680639110834
vn 0.015178005514526773 -0.25839410321119094 -0.9659203463921264
vn -0.015178005514526773 0.25839410321119094 0.9659203463921264
vn 0.10201097962425892 -0.36886591351952375 0.9238677924246013
vn -0.10201097962425892 0.36886591351952375 -0.9238677924246013
vn 0.17545999643631294 -0.4682829991307616 0.8659819988750738
vn -0.17545999643631294 0.4682829991307616 -0.8659819988750738
vn 0.14775696694847953 -0.4777029183586984 0.8660068132005478
vn -0.14775696694847953 0.4777029183586984 -0.8660068132005478
vn 0.24812594666705412 -0.6622188451595362 0.707035865926297
vn -0.24812594666705412 0.6622188451595362 -0.707035865926297
vn 0.2073299790270292 -0.9751938628060787 -0.07753199173251592
vn -0.2073299790270292 0.9751938628060787 0.07753199173251592
vn 0.20654888016105794 -0.9715173989290886 -0.11615293230164661
vn -0.20654888016105794 0.9715173989290886 0.11615293230164661
vn 0.20545609620222224 -0.9663784093687606 -0.15459806738522716
vn -0.20545609620222224 0.9663784093687606 0.15459806738522716
vn 0.20779994822316647 -0.9774017240196348 -0.03879499196926463
vn -0.20779994822316647 0.9774017240196348 0.03879499196926463
vn 0.2040540605987251 -0.9597842657783892 -0.19281105652272665
vn -0.2040540605987251 0.9597842657783892 0.19281105652272665
vn 0.17822900285093732 -0.983223967567702 0.03879500152322271
vn -0.17822900285093732 0.983223967567702 -0.03879500152322271
vn 0.14815993155672327 -0.9859195853261933 0.07753196728662434
vn -0.14815993155672327 0.9859195853261933 -0.07753196728662434
vn 0.11791304398408665 -0.9862073738493248 0.1161530448314853
vn -0.11791304398408665 0.9862073738493248 -0.1161530448314853
vn 0.08765196432242825 -0.9840816076565061 0.1545979386104686
vn -0.08765196432242825 0.9840816076565061 -0.1545979386104686
vn 0.05753797189924411 -0.9795475160040759 0.1928109065378994
vn -0.05753797189924411 0.9795475160040759 -0.1928109065378994
vn 0.05751199241364235 -0.9791008696057932 -0.1950739804940488
vn -0.05751199241364235 0.9791008696057932 0.1950739804940488
vn 0.20323790611527126 -0.9559445945008154 -0.21181191128582
vn -0.20323790611527126 0.9559445945008154 0.21181191128582
vn 0.22927394030296655 -0.9383267509039019 0.25879793050965216
vn -0.22927394030296655 0.9383267509039019 -0.25879793050965216
vn 0.2462620643399285 -0.8904662110323817 0.38265509623768357
vn -0.2462620643399285 0.8904662110323817 -0.38265509623768357
vn 0.255911053214467 -0.8273701838611704 0.49996811068326646
vn -0.255911053214467 0.8273701838611704 -0.49996811068326646
vn 0.010909998646008447 -0.382555953725628 -0.9238679094971419
vn -0.010909998646008447 0.382555953725628 0.9238679094971419
vn 0.005139998077847759 -0.3827138584962953 -0.9238526305286126
vn -0.005139998077847759 0.3827138584962953 0.9238526305286126
vn -0.0133539994738977 0.9943789668312225 -0.10503399936078764
vn 0.0133539994738977 -0.9943789668312225 0.10503399936078764
vn -0.028436013021245838 0.9971344434284077 -0.07010203201174202
vn 0.028436013021245838 -0.9971344434284077 0.07010203201174202
vn -0.05860300413414865 0.9976650601949265 -0.03507300347428039
vn 0.05860300413414865 -0.9976650601949265 0.03507300347428039
vn -0.08871798029189196 0.9960567855162313 0
vn 0.08871798029189196 -0.9960567855162313 0
vn -0.08866399485004052 0.9954439114489245 0.03507299782593269
vn 0.08866399485004052 -0.9954439114489245 -0.03507299782593269
vn -0.08822699553299825 0.990545978773131 0.10504599561906389
vn 0.08822699553299825 -0.990545978773131 -0.10504599561906389
vn -0.08784599124193368 0.9862668333156986 0.139859984713807
vn 0.08784599124193368 -0.9862668333156986 -0.139859984713807
vn -0.0873570080839179 0.9807740815741027 0.17450201732673964
vn 0.0873570080839179 -0.9807740815741027 -0.17450201732673964
vn -0.08707197526151551 0.9775747273954046 0.191744943823451
vn 0.08707197526151551 -0.9775747273954046 -0.191744943823451
vn 0.02328300919792839 -0.12844405638362594 0.9914434052745567
vn -0.02328300919792839 0.12844405638362594 -0.9914434052745567
vn 0.0538270161126847 -0.2531810913558499 0.965920280000511
vn -0.0538270161126847 0.2531810913558499 -0.965920280000511
vn 0.09084000213161325 -0.3717740092806357 0.9238680533691651
vn -0.09084000213161325 0.3717740092806357 -0.9238680533691651
vn 0.18865891596004286 -0.5788707617974556 0.7932946833080472
vn -0.18865891596004286 0.5788707617974556 -0.7932946833080472
vn 0.027859008701010532 -0.9769132632723138 0.21181206688202642
vn -0.027859008701010532 0.9769132632723138 -0.21181206688202642
vn 0.05664102164734175 -0.9642693295857588 -0.2587980963743291
vn -0.05664102164734175 0.9642693295857588 0.2587980963743291
vn 0.08196601421742977 -0.9202481561633061 -0.38265507129965415
vn -0.08196601421742977 0.9202481561633061 0.38265507129965415
vn 0.10281402630996311 -0.859919261967159 -0.4999681378765961
vn -0.10281402630996311 0.859919261967159 0.4999681378765961
vn 0.11790197736245964 -0.7845688529151753 -0.6087288713124983
vn -0.11790197736245964 0.7845688529151753 0.6087288713124983
vn 0.20396093431651466 -0.9593467014334387 0.19507394424042054
vn -0.20396093431651466 0.9593467014334387 -0.19507394424042054
vn 0.2458529834270069 -0.7543599483224689 0.608684958666601
vn -0.2458529834270069 0.7543599483224689 -0.608684958666601
vn 0.02244199761664126 -0.38205294746487556 -0.9238679029365483
vn -0.02244199761664126 0.38205294746487556 0.9238679029365483
vn 0.014253998093483553 -0.49982892609117374 -0.8660068522713287
vn -0.014253998093483553 0.49982892609117374 0.8660068522713287
vn 0.006715000508181518 -0.5000300084476758 -0.8659820433588632
vn -0.006715000508181518 0.5000300084476758 0.8659820433588632
vn 0.027534999413362956 -0.9655389293923959 -0.25879799001362436
vn 0.013170003625624113 -0.9807042671760957 -0.19505304752066271
vn 0.012970994579506305 -0.9658516323555182 -0.25877089785329277
vn -0.012970994579506305 0.9658516323555182 0.25877089785329277
vn -0.013170003625624113 0.9807042671760957 0.19505304752066271
vn -0.027534999413362956 0.9655389293923959 0.25879799001362436
vn 0.01312400438500942 -0.9772272781617364 0.211789063281149
vn 0.027971004324479354 -0.9808371573977236 0.19281103076596373
vn 0.013175994245000574 -0.9811515884310064 0.19278992114467194
vn -0.013175994245000574 0.9811515884310064 -0.19278992114467194
vn -0.027971004324479354 0.9808371573977236 -0.19281103076596373
vn -0.01312400438500942 0.9772272781617364 -0.211789063281149
vn -0.08850002856447295 0.9936062860122851 0.07010202094776248
vn 0.08850002856447295 -0.9936062860122851 -0.07010202094776248
vn 0.10508604996340458 -0.6992853113982896 -0.7070763575213683
vn -0.10508604996340458 0.6992853113982896 0.7070763575213683
vn 0.07227400625417855 -0.6044890853412982 -0.7933280618528578
vn -0.07227400625417855 0.6044890853412982 0.7933280618528578
vn 0.044362005299882296 -0.49806003493840106 -0.8660070519822177
vn -0.044362005299882296 0.49806003493840106 0.8660070519822177
vn 0.006482999263406565 -0.04314199496722526 0.9990479162636788
vn -0.006482999263406565 0.04314199496722526 -0.9990479162636788
vn 0.13328296941575207 -0.4819418723551696 0.8660067446241474
vn -0.13328296941575207 0.4819418723551696 -0.8660067446241474
vn 0.17989505547404605 -0.5816081810685033 0.7933282376987327
vn -0.17989505547404605 0.5816081810685033 -0.7933282376987327
vn 0.17782598822627432 -0.9810029091213691 -0.0775319947296579
vn -0.17782598822627432 0.9810029091213691 0.0775319947296579
vn 0.17715592851835713 -0.9773045933878992 -0.1161529540464287
vn -0.17715592851835713 0.9773045933878992 0.1161529540464287
vn 0.176218988203242 -0.9721349345114496 -0.15459798607693848
vn -0.176218988203242 0.9721349345114496 0.15459798607693848
vn 0.1750159274452851 -0.9655016186556019 -0.1928109164800563
vn -0.1750159274452851 0.9655016186556019 0.1928109164800563
vn 0.17822900285093732 -0.983223967567702 -0.03879500152322314
vn -0.17822900285093732 0.983223967567702 0.03879500152322314
vn 0.174316009506157 -0.9616390178886496 -0.21181201123638616
vn -0.174316009506157 0.9616390178886496 0.21181201123638616
vn 0.14849596160624973 -0.9881517586077404 0.03879499126259789
vn -0.14849596160624973 0.9881517586077404 -0.03879499126259789
vn 0.1183590446499204 -0.9899393520859063 0.07753203042159049
vn -0.1183590446499204 0.9899393520859063 -0.07753203042159049
vn 0.08811798337682761 -0.989314766304957 0.11615297747612685
vn -0.08811798337682761 0.989314766304957 -0.11615297747612685
vn 0.05793402487133787 -0.9862773891034123 0.1545980611313202
vn -0.05793402487133787 0.9862773891034123 -0.1545980611313202
vn 0.027957998763515898 -0.9803899661418973 -0.1950739977378547
vn -0.027957998763515898 0.9803899661418973 0.1950739977378547
vn 0.20087109486424695 -0.9448144459622259 0.2587981181329011
vn -0.20087109486424695 0.9448144459622259 -0.2587981181329011
vn 0.21929501190904319 -0.8974880669263271 0.38265502411004276
vn -0.21929501190904319 0.8974880669263271 -0.38265502411004276
vn 0.23084291751013788 -0.8347117567545668 0.4999678295361739
vn -0.23084291751013788 0.8347117567545668 -0.4999678295361739
vn 0.23443889958410227 -0.7579496816916167 0.6087287428611962
vn -0.23443889958410227 0.7579496816916167 -0.6087287428611962
vn 0.029320992921112694 -0.4991718819043473 -0.8660067619194393
vn -0.029320992921112694 0.4991718819043473 0.8660067619194393
vn 0.017354001452566686 -0.6085470105953913 -0.7933280371504572
vn -0.017354001452566686 0.6085470105953913 0.7933280371504572
vn 0.008175997428474524 -0.6087828258045258 -0.793294790145193
vn -0.008175997428474524 0.6087828258045258 0.793294790145193
vn 0.026336996456270932 -0.9235158648863848 -0.3826549489041206
vn 0.01240600375766667 -0.9238232835719344 -0.3826181279044862
vn -0.01240600375766667 0.9238232835719344 0.3826181279044862
vn -0.026336996456270932 0.9235158648863848 0.3826549489041206
vn 0.028162998139868466 -0.987575974923947 0.15459799251215878
vn -0.028162998139868466 0.987575974923947 -0.15459799251215878
vn 0.013267000460124944 -0.9878910373271647 0.15458099840358747
vn -0.013267000460124944 0.9878910373271647 -0.15458099840358747
vn -0.013395006376514536 0.9974504503576325 -0.070094028886413
vn 0.013395006376514536 -0.9974504503576325 0.070094028886413
vn -0.02848898889343727 0.9989786098860772 -0.035072988209025095
vn 0.02848898889343727 -0.9989786098860772 0.035072988209025095
vn -0.05863901736335134 0.9982792523350671 0
vn 0.05863901736335134 -0.9982792523350671 0
vn -0.058495015980492594 0.9958232976752915 0.07010201789213769
vn -0.05831400872735033 0.9927561691698302 0.10504601354354168
vn 0.05831400872735033 -0.9927561691698302 -0.10504601354354168
vn -0.058061969702812646 0.9884675038649147 0.13985993521124862
vn -0.05773897045667121 0.9829625095513926 0.17450190860569956
vn 0.05773897045667121 -0.9829625095513926 -0.17450190860569956
vn -0.05755099805519318 0.9797559599991288 0.19174499072736328
vn 0.05755099805519318 -0.9797559599991288 -0.19174499072736328
vn 0.01939900797300651 -0.129088050310717 0.9914433689105199
vn -0.01939900797300651 0.129088050310717 -0.9914433689105199
vn 0.046167017885328426 -0.2546891004414047 0.965920322063846
vn -0.046167017885328426 0.2546891004414047 -0.965920322063846
vn 0.07958698350188652 -0.37434493811404956 0.9238678365250403
vn -0.07958698350188652 0.37434493811404956 -0.9238678365250403
vn 0.1186879898925467 -0.4857419522385629 0.8660068803945707
vn -0.1186879898925467 0.4857419522385629 -0.8660068803945707
vn 0.21913101891030354 -0.6723700964160187 0.7070361023291853
vn -0.21913101891030354 0.6723700964160187 -0.7070361023291853
vn 0.17493606458134967 -0.9650613843323566 0.19507408279755042
vn -0.17493606458134967 0.9650613843323566 -0.19507408279755042
vn 0.05417602588356783 -0.9223014518013679 -0.3826551844997687
vn -0.05417602588356783 0.9223014518013679 0.3826551844997687
vn 0.0768339913360247 -0.8626288918354826 -0.49996793171768805
vn -0.0768339913360247 0.8626288918354826 0.49996793171768805
vn 0.09418696952169997 -0.7877677605770498 -0.6087288149642158
vn -0.09418696952169997 0.7877677605770498 0.6087288149642158
vn 0.03569899600503132 -0.6077469721263686 -0.7933279268722762
vn -0.03569899600503132 0.6077469721263686 0.7933279268722762
vn 0.020158002862152472 -0.7068500824551938 -0.707076103297018
vn -0.020158002862152472 0.7068500824551938 0.707076103297018
vn 0.009495998297787554 -0.7071138795076687 -0.70703591664352
vn -0.009495998297787554 0.7071138795076687 0.70703591664352
vn 0.024687997844559682 -0.8656919488097814 -0.4999679515012436
vn 0.011629995801483932 -0.8659907123806468 -0.49992482361662893
vn -0.011629995801483932 0.8659907123806468 0.49992482361662893
vn -0.024687997844559682 0.8656919488097814 0.4999679515012436
vn 0.028312991173148807 -0.9928277105751865 0.1161529665779696
vn -0.028312991173148807 0.9928277105751865 -0.1161529665779696
vn 0.013337004023768735 -0.9931433013497987 0.11614003318276123
vn -0.013337004023768735 0.9931433013497987 -0.11614003318276123
vn -0.05860300413414865 0.9976650601949265 0.035073003474280835
vn 0.05860300413414865 -0.9976650601949265 -0.035073003474280835
vn 0.058495015980492594 -0.9958232976752915 -0.07010201789213769
vn 0.08394904760267873 -0.7021363812535841 -0.7070764170347678
vn -0.08394904760267873 0.7021363812535841 0.7070764170347678
vn 0.054010994194960436 -0.606393945042418 -0.7933279245822404
vn -0.054010994194960436 0.606393945042418 0.7933279245822404
vn 0.058061969702812646 -0.9884675038649147 -0.13985993521124862
vn 0.005178999655462859 -0.04331799608063534 0.9990479113526674
vn -0.005178999655462859 0.04331799608063534 -0.9990479113526674
vn 0.1622730318463467 -0.5867690831310294 0.7933281201476258
vn -0.1622730318463467 0.5867690831310294 -0.7933281201476258
vn 0.2089550055821435 -0.6755600000508044 0.7070760156967026
vn -0.2089550055821435 0.6755600000508044 -0.7070760156967026
vn 0.14815993155672327 -0.9859195853261933 -0.07753196728662479
vn -0.14815993155672327 0.9859195853261933 0.07753196728662479
vn 0.14760196113304386 -0.9822027029045594 -0.11615296585390027
vn -0.14760196113304386 0.9822027029045594 0.11615296585390027
vn 0.14682103854974798 -0.977007180899094 -0.15459803074676798
vn -0.14682103854974798 0.977007180899094 0.15459803074676798
vn 0.14581892288639944 -0.9703405572283073 -0.19281090406434057
vn -0.14581892288639944 0.9703405572283073 0.19281090406434057
vn 0.1452359442228252 -0.9664586023189782 -0.2118119224910428
vn -0.1452359442228252 0.9664586023189782 0.2118119224910428
vn 0.14849596160624973 -0.9881517586077404 -0.03879499126259833
vn -0.14849596160624973 0.9881517586077404 0.03879499126259833
vn 0.17228609862084426 -0.9504425390636394 0.25879814558893405
vn -0.17228609862084426 0.9504425390636394 -0.25879814558893405
vn 0.11862696369173038 -0.9921807255546993 0.03879499095285004
vn -0.11862696369173038 0.9921807255546993 -0.03879499095285004
vn 0.0884510408386952 -0.9930585060341864 0.07753203833062393
vn -0.0884510408386952 0.9930585060341864 -0.07753203833062393
vn 0.058242013598619934 -0.9915222347604538 0.11615302762999141
vn -0.058242013598619934 0.9915222347604538 -0.11615302762999141
vn 0.19212905164351277 -0.903693258448716 0.38265509554807575
vn -0.19212905164351277 0.903693258448716 -0.38265509554807575
vn 0.20556399349190257 -0.8412939346613194 0.4999679590551144
vn -0.20556399349190257 0.8412939346613194 -0.4999679590551144
vn 0.21147398632605555 -0.7646749666376884 0.6087289614475535
vn -0.21147398632605555 0.7646749666376884 -0.6087289614475535
vn 0.041466023457557406 -0.7059203561510057 -0.7070763888507766
vn -0.041466023457557406 0.7059203561510057 0.7070763888507766
vn 0.010654003063887042 -0.7933402827291224 -0.6086852125836397
vn -0.010654003063887042 0.7933402827291224 0.6086852125836397
vn 0.022615997207652946 -0.7930558836161449 -0.6087289069299394
vn -0.022615997207652946 0.7930558836161449 0.6087289069299394
vn 0.05078398387559224 -0.8645537260013678 -0.4999678408046616
vn -0.05078398387559224 0.8645537260013678 0.4999678408046616
vn 0.028419990984452206 -0.9965847161785424 0.07753197786576782
vn -0.028419990984452206 0.9965847161785424 -0.07753197786576782
vn -0.013419996918082683 0.9992947860570506 -0.03506899259905556
vn 0.013419996918082683 -0.9992947860570506 0.03506899259905556
vn -0.02850598957236118 0.9995936217075918 0
vn 0.02850598957236118 -0.9995936217075918 0
vn -0.02848898889343727 0.9989786098860772 0.03507298820902554
vn 0.02848898889343727 -0.9989786098860772 -0.03507298820902554
vn -0.028436013021245838 0.9971344434284077 0.07010203201174246
vn 0.028436013021245838 -0.9971344434284077 -0.07010203201174246
vn -0.02834800698806816 0.9940632395462141 0.105046019832694
vn 0.02834800698806816 -0.9940632395462141 -0.105046019832694
vn -0.028225996991127017 0.9897689000763088 0.13985999261972906
vn 0.028225996991127017 -0.9897689000763088 -0.13985999261972906
vn -0.02806899191856192 0.9842566751861898 0.17450194567426164
vn 0.02806899191856192 -0.9842566751861898 -0.17450194567426164
vn -0.02797699879339379 0.9810459463438412 0.19174498350890795
vn 0.02797699879339379 -0.9810459463438412 -0.19174498350890795
vn 0.015497006742546128 -0.12961405230787754 0.991443412518512
vn -0.015497006742546128 0.12961405230787754 -0.991443412518512
vn 0.03846600634721536 -0.25596605615569745 0.9659201542838799
vn -0.03846600634721536 0.25596605615569745 -0.9659201542838799
vn 0.06826198599230415 -0.3765748973106846 0.9238677654209145
vn -0.06826198599230415 0.3765748973106846 -0.9238677654209145
vn 0.10398495854698664 -0.4891008133349163 0.8660066528561456
vn -0.10398495854698664 0.4891008133349163 -0.8660066528561456
vn 0.14450400312330788 -0.5913960042280562 0.7933280275298662
vn -0.14450400312330788 0.5913960042280562 -0.7933280275298662
vn 0.14575300303676275 -0.9698980309110795 0.1950740160569211
vn -0.14575300303676275 0.9698980309110795 -0.1950740160569211
vn 0.07038698432477507 -0.7902498458131368 -0.6087288835187445
vn -0.07038698432477507 0.7902498458131368 0.6087288835187445
vn 0.06273600400392634 -0.7043490584384943 -0.7070760904446042
vn -0.06273600400392634 0.7043490584384943 0.7070760904446042
vn 0.04652300182299234 -0.7920130027658523 -0.6087290150396939
vn -0.04652300182299234 0.7920130027658523 0.6087290150396939
vn 0.05846201990385427 -0.9952743226195944 0.07753202540156626
vn -0.05846201990385427 0.9952743226195944 -0.07753202540156626
vn 0.013387995312298525 -0.9969005947270392 0.07752396928946263
vn -0.013387995312298525 0.9969005947270392 -0.07752396928946263
vn 0.00386999949311883 -0.043454996413795126 0.9990478899385155
vn -0.00386999949311883 0.043454996413795126 -0.9990478899385155
vn 0.188486057135313 -0.6815542443636026 0.7070762464229315
vn -0.188486057135313 0.6815542443636026 -0.7070762464229315
vn 0.11835904464992038 -0.9899393520859061 -0.0775320304215909
vn -0.11835904464992038 0.9899393520859061 0.0775320304215909
vn 0.11791304398408665 -0.9862073738493248 -0.11615304483148574
vn -0.11791304398408665 0.9862073738493248 0.11615304483148574
vn 0.11728994848811765 -0.9809905948234388 -0.1545979328827217
vn -0.11728994848811765 0.9809905948234388 0.1545979328827217
vn 0.11648897808025789 -0.9742967985505201 -0.19281096006198584
vn -0.11648897808025789 0.9742967985505201 0.19281096006198584
vn 0.11602300106749179 -0.9703990594306331 -0.2118120125947424
vn -0.11602300106749179 0.9703990594306331 0.2118120125947424
vn 0.1435449994190367 -0.9552059614836607 0.25879799900282136
vn -0.1435449994190367 0.9552059614836607 -0.25879799900282136
vn 0.11862696369173038 -0.9921807255546993 -0.03879499095285049
vn -0.11862696369173038 0.9921807255546993 0.03879499095285049
vn 0.16478807056115916 -0.9090764042050551 0.38265517521436654
vn -0.16478807056115916 0.9090764042050551 -0.38265517521436654
vn 0.08865099556722271 -0.9953069622080246 0.03879499922894951
vn -0.08865099556722271 0.9953069622080246 -0.03879499922894951
vn 0.1800989356530123 -0.8471107049020157 0.499967825981895
vn -0.1800989356530123 0.8471107049020157 -0.499967825981895
vn 0.1883169568411802 -0.7707048044894746 0.6087288625512327
vn -0.1883169568411802 0.7707048044894746 -0.6087288625512327
vn 0.02848500346523625 -0.9988411045108602 0.03879500634245013
vn -0.02848500346523625 0.9988411045108602 -0.03879500634245013
vn 0.05859498499136466 -0.997527732159384 0.03879499074388304
vn -0.05859498499136466 0.997527732159384 -0.03879499074388304
vn -0.013427997698760354 0.9999098403745221 0
vn 0.013427997698760354 -0.9999098403745221 0
vn -0.013296003449646552 0.9900842696022423 0.13984403948134977
vn -0.013221994337004031 0.984571599185001 0.17448193300179182
vn 0.013221994337004031 -0.984571599185001 -0.17448193300179182
vn -0.013179004382079534 0.9813603791308275 0.19172407286435236
vn 0.013179004382079534 -0.9813603791308275 -0.19172407286435236
vn 0.0004390001658189247 -0.032723011082004115 0.9994643624585028
vn -0.0004390001658189247 0.032723011082004115 -0.9994643624585028
vn 0.011581005612252305 -0.1300220679230104 0.9914434639262257
vn -0.011581005612252305 0.1300220679230104 -0.9914434639262257
vn 0.03072901045627902 -0.25700909100977093 0.9659203150647103
vn -0.03072901045627902 0.25700909100977093 -0.9659203150647103
vn 0.056873993575009836 -0.378461947113142 0.9238679036757145
vn -0.056873993575009836 0.378461947113142 -0.9238679036757145
vn 0.08918699646421756 -0.4920139511155267 0.866006900416723
vn -0.08918699646421756 0.4920139511155267 -0.866006900416723
vn 0.12660300930394194 -0.5954849813477565 0.793327999647339
vn -0.12660300930394194 0.5954849813477565 -0.793327999647339
vn 0.16784609428408476 -0.6869283836895885 0.7070764345636102
vn -0.16784609428408476 0.6869283836895885 -0.7070764345636102
vn 0.11643594713490674 -0.9738525734205686 0.19507392305721752
vn -0.11643594713490674 0.9738525734205686 -0.19507392305721752
vn 0.013418003424363974 -0.999157252244409 0.03879101018929637
vn -0.013418003424363974 0.999157252244409 -0.03879101018929637
vn -0.013419996918082681 0.9992947860570504 0.035068992599056
vn 0.013419996918082681 -0.9992947860570504 -0.035068992599056
vn -0.0133539994738977 0.9943789668312225 0.10503399936078808
vn 0.013296003449646552 -0.9900842696022423 -0.13984403948134977
vn 0.0133539994738977 -0.9943789668312225 -0.10503399936078808
vn 0.002557999644327515 -0.04355199538033164 0.9990478869084362
vn -0.002557999644327515 0.04355199538033164 -0.9990478869084362
vn 0.0884510408386952 -0.9930585060341864 -0.07753203833062437
vn -0.0884510408386952 0.9930585060341864 0.07753203833062437
vn 0.08811798337682761 -0.989314766304957 -0.1161529774761273
vn -0.08811798337682761 0.989314766304957 0.1161529774761273
vn 0.08765196432242825 -0.9840816076565061 -0.15459793861046905
vn -0.08765196432242825 0.9840816076565061 0.15459793861046905
vn 0.08705297799394293 -0.9773667264153786 -0.1928109465732504
vn -0.08705297799394293 0.9773667264153786 0.1928109465732504
vn 0.08670497442444619 -0.9734567005421949 -0.21181194390203645
vn -0.08670497442444619 0.9734567005421949 0.21181194390203645
vn 0.11467206085940017 -0.9591005360497992 0.2587981456796905
vn -0.11467206085940017 0.9591005360497992 -0.2587981456796905
vn 0.1372969666439671 -0.9136327372771181 0.3826548893270357
vn -0.1372969666439671 0.9136327372771181 -0.3826548893270357
vn 0.08865099556722271 -0.9953069622080246 -0.03879499922894995
vn -0.08865099556722271 0.9953069622080246 0.03879499922894995
vn 0.15446995650704504 -0.8521567750475298 0.4999678622444698
vn -0.15446995650704504 0.8521567750475298 -0.4999678622444698
vn 0.16498792976462825 -0.7760336849548767 0.6087287596683248
vn -0.16498792976462825 0.7760336849548767 -0.6087287596683248
vn 0.003721001603684127 -0.13048405860273565 0.9914434248093146
vn 0.0017530007989602818 -0.1305400608535491 0.9914414856664766
vn -0.0017530007989602818 0.1305400608535491 -0.9914414856664766
vn -0.003721001603684127 0.13048405860273565 -0.9914434248093146
vn 0.007655002700544985 -0.13031304267434968 0.991443347772634
vn -0.007655002700544985 0.13031304267434968 -0.991443347772634
vn 0.02296400791523329 -0.25781907789100417 0.965920274875676
vn -0.02296400791523329 0.25781907789100417 -0.965920274875676
vn 0.0012439999258381353 -0.04360899664267972 0.9990479006914549
vn -0.0012439999258381353 0.04360899664267972 -0.9990479006914549
vn 0.04543399882443355 -0.3800049768567938 0.923867939326227
vn -0.04543399882443355 0.3800049768567938 -0.923867939326227
vn 0.07430898460799795 -0.4944799188576481 0.8660068040454775
vn -0.07430898460799795 0.4944799188576481 -0.8660068040454775
vn 0.1085860237632909 -0.599032124638728 0.7933281723814486
vn -0.1085860237632909 0.599032124638728 -0.7933281723814486
vn 0.1470540159389322 -0.6916780546012081 0.7070760816060182
vn -0.1470540159389322 0.6916780546012081 -0.7070760816060182
vn 0.0870139977041477 -0.976921028299652 0.19507400818533796
vn -0.0870139977041477 0.976921028299652 -0.19507400818533796
vn -0.013395006376514536 0.9974504503576325 0.07009402888641345
vn 0.013395006376514536 -0.9974504503576325 -0.07009402888641345
vn 0.007379001397084959 -0.2587350474387102 0.9659201445074383
vn 0.0034759995568956867 -0.2588439607476203 0.965912895354216
vn -0.0034759995568956867 0.2588439607476203 -0.965912895354216
vn -0.007379001397084959 0.2587350474387102 -0.9659201445074383
vn 0.058462019903854266 -0.9952743226195941 -0.07753202540156667
vn -0.058462019903854266 0.9952743226195941 0.07753202540156667
vn 0.058242013598619934 -0.9915222347604538 -0.11615302762999186
vn -0.058242013598619934 0.9915222347604538 0.11615302762999186
vn 0.05793402487133786 -0.9862773891034121 -0.15459806113132063
vn -0.05793402487133786 0.9862773891034121 0.15459806113132063
vn 0.05753797189924411 -0.9795475160040759 -0.19281090653789984
vn -0.05753797189924411 0.9795475160040759 0.19281090653789984
vn 0.05730798745604607 -0.9756287656329132 -0.21181195963244298
vn -0.05730798745604607 0.9756287656329132 0.21181195963244298
vn 0.08569603982776332 -0.9621225052807434 0.25879813289539855
vn -0.08569603982776332 0.9621225052807434 -0.25879813289539855
vn 0.10968097904737299 -0.9173577825770263 0.3826549118730496
vn -0.10968097904737299 0.9173577825770263 -0.3826549118730496
vn 0.128700943053604 -0.8564276388546836 0.49996776562384976
vn -0.128700943053604 0.8564276388546836 -0.49996776562384976
vn 0.05859498499136466 -0.997527732159384 -0.038794990743883484
vn -0.05859498499136466 0.997527732159384 0.038794990743883484
vn 0.14150891591350728 -0.7806565488944355 0.6087286582585163
vn -0.14150891591350728 0.7806565488944355 -0.6087286582585163
vn 0.013418003424363974 -0.999157252244409 -0.038791010189296815
vn -0.013418003424363974 0.999157252244409 0.038791010189296815
vn 0.028485003465236244 -0.99884110451086 -0.03879500634245057
vn -0.028485003465236244 0.99884110451086 0.03879500634245057
vn 0.028312991173148807 -0.9928277105751865 -0.11615296657797004
vn 0.013267000460124943 -0.9878910373271644 -0.15458099840358788
vn 0.013337004023768735 -0.9931433013497987 -0.11614003318276167
vn -0.013337004023768735 0.9931433013497987 0.11614003318276167
vn -0.013267000460124943 0.9878910373271644 0.15458099840358788
vn -0.028312991173148807 0.9928277105751865 0.11615296657797004
vn 0.02816299813986846 -0.9875759749239468 -0.1545979925121592
vn 0.01317599424500057 -0.9811515884310061 -0.19278992114467233
vn -0.01317599424500057 0.9811515884310061 0.19278992114467233
vn -0.02816299813986846 0.9875759749239468 0.1545979925121592
vn 0.027971004324479347 -0.9808371573977234 -0.19281103076596412
vn 0.013124004385009417 -0.9772272781617362 -0.2117890632811494
vn -0.013124004385009417 0.9772272781617362 0.2117890632811494
vn -0.027971004324479347 0.9808371573977234 0.19281103076596412
vn 0.013170003625624116 -0.9807042671760959 0.19505304752066233
vn 0.027534999413362952 -0.9655389293923959 0.25879799001362386
vn 0.012970994579506305 -0.9658516323555184 0.2587708978532923
vn -0.012970994579506305 0.9658516323555184 -0.2587708978532923
vn -0.027534999413362952 0.9655389293923959 -0.25879799001362386
vn -0.013170003625624116 0.9807042671760959 -0.19505304752066233
vn 0.026336996456270925 -0.9235158648863848 0.3826549489041201
vn 0.01240600375766667 -0.9238232835719347 0.38261812790448574
vn -0.01240600375766667 0.9238232835719347 -0.38261812790448574
vn -0.026336996456270925 0.9235158648863848 -0.3826549489041201
vn 0.010909998646008447 -0.38255595372562845 0.9238679094971417
vn 0.005139998077847759 -0.38271385849629574 0.9238526305286123
vn -0.005139998077847759 0.38271385849629574 -0.9238526305286123
vn -0.010909998646008447 0.38255595372562845 -0.9238679094971417
vn 0.015178005514526777 -0.25839410321119144 0.9659203463921264
vn -0.015178005514526777 0.25839410321119144 -0.9659203463921264
vn 0.03395300219019372 -0.38120203846183603 0.9238680639110834
vn -0.03395300219019372 0.38120203846183603 -0.9238680639110834
vn 0.05936199607602062 -0.4964959447640978 0.86600688811041
vn -0.05936199607602062 0.4964959447640978 -0.86600688811041
vn 0.09047103560685184 -0.6020342131488946 0.7933283039917428
vn -0.09047103560685184 0.6020342131488946 -0.7933283039917428
vn 0.12612704635142538 -0.6957982100303494 0.7070762470181182
vn -0.12612704635142538 0.6957982100303494 -0.7070762470181182
vn 0.05751199241364235 -0.9791008696057932 0.19507398049404837
vn -0.05751199241364235 0.9791008696057932 -0.19507398049404837
vn 0.028419990984452206 -0.9965847161785424 -0.07753197786576826
vn -0.028419990984452206 0.9965847161785424 0.07753197786576826
vn 0.02785900870101053 -0.9769132632723135 -0.2118120668820268
vn -0.02785900870101053 0.9769132632723135 0.2118120668820268
vn 0.027957998763515905 -0.9803899661418976 0.19507399773785428
vn -0.027957998763515905 0.9803899661418976 -0.19507399773785428
vn 0.024687997844559682 -0.8656919488097816 0.4999679515012433
vn -0.024687997844559682 0.8656919488097816 -0.4999679515012433
vn 0.01162999580148393 -0.8659907123806468 0.4999248236166285
vn -0.01162999580148393 0.8659907123806468 -0.4999248236166285
vn 0.014253998093483553 -0.4998289260911741 0.8660068522713285
vn 0.006715000508181518 -0.5000300084476762 0.865982043358863
vn -0.006715000508181518 0.5000300084476762 -0.865982043358863
vn -0.014253998093483553 0.4998289260911741 -0.8660068522713285
vn 0.022441997616641264 -0.38205294746487606 0.9238679029365483
vn -0.022441997616641264 0.38205294746487606 -0.9238679029365483
vn 0.05664102164734175 -0.9642693295857591 0.25879809637432866
vn -0.05664102164734175 0.9642693295857591 -0.25879809637432866
vn 0.08196601421742977 -0.9202481561633064 0.3826550712996537
vn -0.08196601421742977 0.9202481561633064 -0.3826550712996537
vn 0.10281402630996311 -0.8599192619671592 0.4999681378765958
vn -0.10281402630996311 0.8599192619671592 -0.4999681378765958
vn 0.11790197736245964 -0.7845688529151755 0.6087288713124979
vn -0.11790197736245964 0.7845688529151755 -0.6087288713124979
vn 0.013387995312298525 -0.9969005947270392 -0.07752396928946308
vn -0.013387995312298525 0.9969005947270392 0.07752396928946308
vn 0.05417602588356783 -0.9223014518013681 0.38265518449976826
vn -0.05417602588356783 0.9223014518013681 -0.38265518449976826
vn 0.05078398387559224 -0.864553726001368 0.4999678408046613
vn -0.05078398387559224 0.864553726001368 -0.4999678408046613
vn 0.02261599720765295 -0.7930558836161453 0.6087289069299392
vn -0.02261599720765295 0.7930558836161453 -0.6087289069299392
vn 0.010654003063887044 -0.7933402827291228 0.6086852125836395
vn -0.010654003063887044 0.7933402827291228 -0.6086852125836395
vn 0.017354001452566683 -0.6085470105953916 0.7933280371504567
vn 0.008175997428474524 -0.6087828258045263 0.7932947901451928
vn -0.008175997428474524 0.6087828258045263 -0.7932947901451928
vn -0.017354001452566683 0.6085470105953916 -0.7933280371504567
vn 0.029320992921112694 -0.49917188190434764 0.866006761919439
vn -0.029320992921112694 0.49917188190434764 -0.866006761919439
vn 0.0443620052998823 -0.4980600349384015 0.8660070519822177
vn -0.0443620052998823 0.4980600349384015 -0.8660070519822177
vn 0.07227400625417855 -0.6044890853412986 0.7933280618528575
vn -0.07227400625417855 0.6044890853412986 -0.7933280618528575
vn 0.10508604996340458 -0.6992853113982899 0.7070763575213681
vn -0.10508604996340458 0.6992853113982899 -0.7070763575213681
vn 0.04652300182299234 -0.7920130027658525 0.6087290150396935
vn -0.04652300182299234 0.7920130027658525 -0.6087290150396935
vn 0.020158002862152472 -0.706850082455194 0.7070761032970178
vn -0.020158002862152472 0.706850082455194 -0.7070761032970178
vn 0.009495998297787554 -0.7071138795076689 0.7070359166435197
vn -0.009495998297787554 0.7071138795076689 -0.7070359166435197
vn 0.03569899600503132 -0.6077469721263691 0.7933279268722759
vn -0.03569899600503132 0.6077469721263691 -0.7933279268722759
vn 0.0768339913360247 -0.8626288918354829 0.4999679317176877
vn -0.0768339913360247 0.8626288918354829 -0.4999679317176877
vn 0.09418696952169997 -0.78776776057705 0.6087288149642154
vn -0.09418696952169997 0.78776776057705 -0.6087288149642154
vn 0.07038698432477507 -0.7902498458131371 0.6087288835187441
vn -0.07038698432477507 0.7902498458131371 -0.6087288835187441
vn 0.041466023457557406 -0.7059203561510059 0.7070763888507764
vn -0.041466023457557406 0.7059203561510059 -0.7070763888507764
vn 0.054010994194960436 -0.6063939450424184 0.7933279245822402
vn -0.054010994194960436 0.6063939450424184 -0.7933279245822402
vn 0.08394904760267873 -0.7021363812535844 0.7070764170347675
vn -0.08394904760267873 0.7021363812535844 -0.7070764170347675
vn 0.06273600400392634 -0.7043490584384945 0.707076090444604
vn -0.06273600400392634 0.7043490584384945 -0.707076090444604
usemtl material_0_0
f 1//1 2//2 3//3
f 4//2 5//1 6//4
f 7//5 8//6 9//7
f 10//8 11//7 12//6
f 13//9 14//3 15//2
f 16//6 17//5 18//10
f 19//3 20//11 21//1
f 22//7 23//12 24//5
f 25//13 26//4 27//1
f 28//7 29//8 30//14
f 31//4 32//15 33//2
f 34//6 35//16 36//8
f 37//3 38//9 39//17
f 40//18 41//10 42//5
f 43//2 44//19 45//9
f 46//10 47//20 48//6
f 49//11 50//3 51//21
f 52//22 53//5 54//12
f 55//23 56//1 57//11
f 58//12 59//7 60//24
f 61//4 62//13 63//25
f 64//26 65//14 66//8
f 67//1 68//23 69//13
f 70//14 71//24 72//7
f 73//15 74//4 75//27
f 76//28 77//8 78//16
f 79//19 80//2 81//15
f 82//16 83//6 84//20
f 85//17 86//21 87//3
f 88//5 89//22 90//18
f 91//21 92//29 93//11
f 94//12 95//30 96//22
f 97//11 98//31 99//23
f 100//24 101//32 102//12
f 103//33 104//25 105//13
f 106//14 107//26 108//34
f 109//35 110//13 111//23
f 112//24 113//14 114//36
f 115//25 116//27 117//4
f 118//8 119//28 120//26
f 121//37 122//15 123//27
f 124//28 125//16 126//38
f 127//39 128//19 129//15
f 130//16 131//20 132//40
f 133//21 134//17 135//41
f 136//42 137//18 138//22
f 139//29 140//21 141//43
f 142//44 143//22 144//30
f 145//31 146//11 147//29
f 148//30 149//12 150//32
f 151//45 152//23 153//31
f 154//32 155//24 156//46
f 157//25 158//33 159//47
f 160//48 161//34 162//26
f 163//13 164//35 165//33
f 166//34 167//36 168//14
f 169//23 170//45 171//35
f 172//36 173//46 174//24
f 175//27 176//25 177//49
f 178//50 179//26 180//28
f 181//15 182//37 183//39
f 184//40 185//38 186//16
f 187//27 188//51 189//37
f 190//38 191//52 192//28
f 193//19 194//39 195//53
f 196//54 197//40 198//20
f 199//41 200//43 201//21
f 202//22 203//44 204//42
f 205//43 206//55 207//29
f 208//30 209//56 210//44
f 211//29 212//57 213//31
f 214//32 215//58 216//30
f 217//31 218//59 219//45
f 220//46 221//60 222//32
f 223//61 224//47 225//33
f 226//34 227//48 228//62
f 229//47 230//49 231//25
f 232//26 233//50 234//48
f 235//63 236//33 237//35
f 238//36 239//34 240//64
f 241//65 242//35 243//45
f 244//46 245//36 246//66
f 247//51 248//27 249//49
f 250//50 251//28 252//52
f 253//67 254//39 255//37
f 256//38 257//40 258//68
f 259//69 260//37 261//51
f 262//52 263//38 264//70
f 265//71 266//53 267//39
f 268//40 269//54 270//72
f 271//43 272//41 273//73
f 274//74 275//42 276//44
f 277//53 278//71 279//75
f 280//76 281//72 282//54
f 283//55 284//43 285//77
f 286//78 287//44 288//56
f 289//57 290//29 291//55
f 292//56 293//30 294//58
f 295//59 296//31 297//57
f 298//58 299//32 300//60
f 301//79 302//45 303//59
f 304//60 305//46 306//80
f 307//47 308//61 309//81
f 310//82 311//62 312//48
f 313//33 314//63 315//61
f 316//62 317//64 318//34
f 319//49 320//47 321//83
f 322//84 323//48 324//50
f 325//35 326//65 327//63
f 328//64 329//66 330//36
f 331//45 332//79 333//65
f 334//66 335//80 336//46
f 337//49 338//85 339//51
f 340//52 341//86 342//50
f 343//39 344//67 345//71
f 346//72 347//68 348//40
f 349//37 350//69 351//67
f 352//68 353//70 354//38
f 355//51 356//87 357//69
f 358//70 359//88 360//52
f 361//77 362//73 363//89
f 364//90 365//74 366//78
f 367//73 368//77 369//43
f 370//44 371//78 372//74
f 373//75 374//91 375//92
f 376//93 377//94 378//76
f 379//91 380//75 381//71
f 382//72 383//76 384//94
f 385//95 386//96 387//97
f 388//98 389//99 390//100
f 391//101 392//102 393//96
f 394//99 395//103 396//104
f 397//105 398//106 399//102
f 400//103 401//107 402//108
f 403//109 404//110 405//106
f 406//107 407//111 408//112
f 409//113 410//81 411//61
f 412//62 413//82 414//114
f 415//81 416//83 417//47
f 418//48 419//84 420//82
f 421//115 422//61 423//63
f 424//64 425//62 426//116
f 427//85 428//49 429//83
f 430//84 431//50 432//86
f 433//117 434//63 435//65
f 436//66 437//64 438//118
f 439//119 440//65 441//79
f 442//80 443//66 444//120
f 445//87 446//51 447//85
f 448//86 449//52 450//88
f 451//121 452//71 453//67
f 454//68 455//72 456//122
f 457//123 458//67 459//69
f 460//70 461//68 462//124
f 463//125 464//69 465//87
f 466//88 467//70 468//126
f 469//127 470//128 471//129
f 472//130 473//131 474//132
f 475//133 476//95 477//97
f 478//98 479//100 480//134
f 481//92 482//135 483//136
f 484//137 485//138 486//93
f 487//135 488//92 489//91
f 490//94 491//93 492//138
f 493//71 494//121 495//91
f 496//94 497//122 498//72
f 499//96 500//95 501//101
f 502//104 503//100 504//99
f 505//102 506//101 507//105
f 508//108 509//104 510//103
f 511//106 512//105 513//109
f 514//112 515//108 516//107
f 517//110 518//109 519//139
f 520//140 521//112 522//111
f 523//81 524//113 525//141
f 526//142 527//114 528//82
f 529//61 530//115 531//113
f 532//114 533//116 534//62
f 535//83 536//81 537//143
f 538//144 539//82 540//84
f 541//63 542//117 543//115
f 544//116 545//118 546//64
f 547//83 548//145 549//85
f 550//86 551//146 552//84
f 553//65 554//119 555//117
f 556//118 557//120 558//66
f 559//139 560//147 561//110
f 562//111 563//148 564//140
f 565//85 566//149 567//87
f 568//88 569//150 570//86
f 571//67 572//123 573//121
f 574//122 575//124 576//68
f 577//69 578//125 579//123
f 580//124 581//126 582//70
f 583//87 584//151 585//125
f 586//126 587//152 588//88
f 589//128 590//127 591//153
f 592//154 593//132 594//131
f 595//129 596//155 597//127
f 598//132 599//156 600//130
f 601//95 602//133 603//157
f 604//158 605//134 606//100
f 607//136 608//159 609//160
f 610//161 611//162 612//137
f 613//159 614//136 615//135
f 616//138 617//137 618//162
f 619//91 620//163 621//135
f 622//138 623//164 624//94
f 625//163 626//91 627//121
f 628//122 629//94 630//164
f 631//165 632//101 633//95
f 634//100 635//104 636//166
f 637//167 638//105 639//101
f 640//104 641//108 642//168
f 643//169 644//109 645//105
f 646//108 647//112 648//170
f 649//171 650//139 651//109
f 652//112 653//140 654//172
f 655//173 656//141 657//113
f 658//114 659//142 660//174
f 661//141 662//143 663//81
f 664//82 665//144 666//142
f 667//175 668//113 669//115
f 670//116 671//114 672//176
f 673//145 674//83 675//143
f 676//144 677//84 678//146
f 679//177 680//115 681//117
f 682//118 683//116 684//178
f 685//149 686//85 687//145
f 688//146 689//86 690//150
f 691//179 692//117 693//119
f 694//120 695//118 696//180
f 697//147 698//139 699//181
f 700//182 701//140 702//148
f 703//151 704//87 705//149
f 706//150 707//88 708//152
f 709//183 710//121 711//123
f 712//124 713//122 714//184
f 715//185 716//123 717//125
f 718//126 719//124 720//186
f 721//187 722//125 723//151
f 724//152 725//126 726//188
f 727//189 728//153 729//127
f 730//132 731//154 732//190
f 733//153 734//191 735//128
f 736//131 737//192 738//154
f 739//155 740//129 741//193
f 742//194 743//130 744//156
f 745//195 746//127 747//155
f 748//156 749//132 750//196
f 751//165 752//157 753//197
f 754//198 755//158 756//166
f 757//157 758//165 759//95
f 760//100 761//166 762//158
f 763//160 764//199 765//200
f 766//201 767//202 768//161
f 769//199 770//160 771//159
f 772//162 773//161 774//202
f 775//135 776//203 777//159
f 778//162 779//204 780//138
f 781//203 782//135 783//163
f 784//164 785//138 786//204
f 787//121 788//183 789//163
f 790//164 791//184 792//122
f 793//101 794//165 795//167
f 796//168 797//166 798//104
f 799//105 800//167 801//169
f 802//170 803//168 804//108
f 805//109 806//169 807//171
f 808//172 809//170 810//112
f 811//139 812//171 813//205
f 814//206 815//172 816//140
f 817//141 818//173 819//207
f 820//208 821//174 822//142
f 823//113 824//175 825//173
f 826//174 827//176 828//114
f 829//143 830//141 831//209
f 832//210 833//142 834//144
f 835//115 836//177 837//175
f 838//176 839//178 840//116
f 841//143 842//211 843//145
f 844//146 845//212 846//144
f 847//117 848//179 849//177
f 850//178 851//180 852//118
f 853//145 854//213 855//149
f 856//150 857//214 858//146
f 859//181 860//215 861//147
f 862//148 863//216 864//182
f 865//205 866//181 867//139
f 868//140 869//182 870//206
f 871//149 872//217 873//151
f 874//152 875//218 876//150
f 877//123 878//185 879//183
f 880//184 881//186 882//124
f 883//125 884//187 885//185
f 886//186 887//188 888//126
f 889//151 890//219 891//187
f 892//188 893//220 894//152
f 895//153 896//189 897//221
f 898//222 899//190 900//154
f 901//127 902//195 903//189
f 904//190 905//196 906//132
f 907//191 908//153 909//223
f 910//224 911//154 912//192
f 913//200 914//225 915//225
f 916//226 917//226 918//201
f 919//225 920//200 921//225
f 922//226 923//201 924//226
f 925//227 926//165 927//197
f 928//198 929//166 930//228
f 931//225 932//200 933//199
f 934//202 935//201 936//226
f 937//229 938//159 939//203
f 940//204 941//162 942//230
f 943//163 944//231 945//203
f 946//204 947//232 948//164
f 949//231 950//163 951//183
f 952//184 953//164 954//232
f 955//233 956//167 957//165
f 958//166 959//168 960//234
f 961//235 962//169 963//167
f 964//168 965//170 966//236
f 967//237 968//171 969//169
f 970//170 971//172 972//238
f 973//239 974//205 975//171
f 976//172 977//206 978//240
f 979//241 980//207 981//173
f 982//174 983//208 984//242
f 985//207 986//209 987//141
f 988//142 989//210 990//208
f 991//243 992//173 993//175
f 994//176 995//174 996//244
f 997//211 998//143 999//209
f 1000//210 1001//144 1002//212
f 1003//245 1004//175 1005//177
f 1006//178 1007//176 1008//246
f 1009//213 1010//145 1011//211
f 1012//212 1013//146 1014//214
f 1015//247 1016//177 1017//179
f 1018//180 1019//178 1020//248
f 1021//217 1022//149 1023//213
f 1024//214 1025//150 1026//218
f 1027//215 1028//181 1029//249
f 1030//250 1031//182 1032//216
f 1033//181 1034//205 1035//251
f 1036//252 1037//206 1038//182
f 1039//219 1040//151 1041//217
f 1042//218 1043//152 1044//220
f 1045//253 1046//183 1047//185
f 1048//186 1049//184 1050//254
f 1051//255 1052//185 1053//187
f 1054//188 1055//186 1056//256
f 1057//257 1058//187 1059//219
f 1060//220 1061//188 1062//258
f 1063//259 1064//221 1065//189
f 1066//190 1067//222 1068//260
f 1069//221 1070//223 1071//153
f 1072//154 1073//224 1074//222
f 1075//261 1076//189 1077//195
f 1078//196 1079//190 1080//262
f 1081//223 1082//263 1083//191
f 1084//192 1085//264 1086//224
f 1087//225 1088//200 1089//225
f 1090//226 1091//201 1092//226
f 1093//165 1094//227 1095//233
f 1096//234 1097//228 1098//166
f 1099//225 1100//200 1101//225
f 1102//226 1103//201 1104//226
f 1105//225 1106//199 1107//229
f 1108//230 1109//202 1110//226
f 1111//159 1112//229 1113//199
f 1114//202 1115//230 1116//162
f 1117//203 1118//265 1119//229
f 1120//230 1121//266 1122//204
f 1123//265 1124//203 1125//231
f 1126//232 1127//204 1128//266
f 1129//183 1130//253 1131//231
f 1132//232 1133//254 1134//184
f 1135//167 1136//233 1137//235
f 1138//236 1139//234 1140//168
f 1141//169 1142//235 1143//237
f 1144//238 1145//236 1146//170
f 1147//171 1148//237 1149//239
f 1150//240 1151//238 1152//172
f 1153//205 1154//239 1155//267
f 1156//268 1157//240 1158//206
f 1159//207 1160//241 1161//269
f 1162//270 1163//242 1164//208
f 1165//173 1166//243 1167//241
f 1168//242 1169//244 1170//174
f 1171//209 1172//207 1173//271
f 1174//272 1175//208 1176//210
f 1177//175 1178//245 1179//243
f 1180//244 1181//246 1182//176
f 1183//209 1184//273 1185//211
f 1186//212 1187//274 1188//210
f 1189//177 1190//247 1191//245
f 1192//246 1193//248 1194//178
f 1195//211 1196//275 1197//213
f 1198//214 1199//276 1200//212
f 1201//249 1202//277 1203//215
f 1204//216 1205//278 1206//250
f 1207//213 1208//279 1209//217
f 1210//218 1211//280 1212//214
f 1213//251 1214//249 1215//181
f 1216//182 1217//250 1218//252
f 1219//267 1220//251 1221//205
f 1222//206 1223//252 1224//268
f 1225//217 1226//281 1227//219
f 1228//220 1229//282 1230//218
f 1231//185 1232//255 1233//253
f 1234//254 1235//256 1236//186
f 1237//187 1238//257 1239//255
f 1240//256 1241//258 1242//188
f 1243//219 1244//283 1245//257
f 1246//258 1247//284 1248//220
f 1249//221 1250//259 1251//285
f 1252//286 1253//260 1254//222
f 1255//189 1256//261 1257//259
f 1258//260 1259//262 1260//190
f 1261//223 1262//221 1263//287
f 1264//288 1265//222 1266//224
f 1267//263 1268//223 1269//289
f 1270//290 1271//224 1272//264
f 1273//225 1274//200 1275//225
f 1276//226 1277//201 1278//226
f 1279//291 1280//233 1281//227
f 1282//228 1283//234 1284//292
f 1285//225 1286//200 1287//225
f 1288//226 1289//201 1290//226
f 1291//293 1292//294 1293//295
f 1294//296 1295//297 1296//298
f 1297//225 1298//229 1299//225
f 1300//226 1301//230 1302//226
f 1303//225 1304//229 1305//265
f 1306//266 1307//230 1308//226
f 1309//231 1310//299 1311//265
f 1312//266 1313//300 1314//232
f 1315//299 1316//231 1317//253
f 1318//254 1319//232 1320//300
f 1321//301 1322//235 1323//233
f 1324//234 1325//236 1326//302
f 1327//303 1328//237 1329//235
f 1330//236 1331//238 1332//304
f 1333//305 1334//239 1335//237
f 1336//238 1337//240 1338//306
f 1339//307 1340//267 1341//239
f 1342//240 1343//268 1344//308
f 1345//309 1346//269 1347//241
f 1348//242 1349//270 1350//310
f 1351//269 1352//271 1353//207
f 1354//208 1355//272 1356//270
f 1357//311 1358//241 1359//243
f 1360//244 1361//242 1362//312
f 1363//273 1364//209 1365//271
f 1366//272 1367//210 1368//274
f 1369//313 1370//243 1371//245
f 1372//246 1373//244 1374//314
f 1375//275 1376//211 1377//273
f 1378//274 1379//212 1380//276
f 1381//315 1382//245 1383//247
f 1384//248 1385//246 1386//316
f 1387//279 1388//213 1389//275
f 1390//276 1391//214 1392//280
f 1393//277 1394//249 1395//317
f 1396//318 1397//250 1398//278
f 1399//281 1400//217 1401//279
f 1402//280 1403//218 1404//282
f 1405//249 1406//251 1407//319
f 1408//320 1409//252 1410//250
f 1411//251 1412//267 1413//321
f 1414//322 1415//268 1416//252
f 1417//283 1418//219 1419//281
f 1420//282 1421//220 1422//284
f 1423//323 1424//253 1425//255
f 1426//256 1427//254 1428//324
f 1429//325 1430//255 1431//257
f 1432//258 1433//256 1434//326
f 1435//327 1436//257 1437//283
f 1438//284 1439//258 1440//328
f 1441//329 1442//285 1443//259
f 1444//260 1445//286 1446//330
f 1447//285 1448//287 1449//221
f 1450//222 1451//288 1452//286
f 1453//331 1454//259 1455//261
f 1456//262 1457//260 1458//332
f 1459//287 1460//289 1461//223
f 1462//224 1463//290 1464//288
f 1465//289 1466//333 1467//263
f 1468//264 1469//334 1470//290
f 1471//225 1472//200 1473//225
f 1474//226 1475//201 1476//226
f 1477//233 1478//291 1479//301
f 1480//302 1481//292 1482//234
f 1483//225 1484//200 1485//225
f 1486//226 1487//201 1488//226
f 1489//295 1490//335 1491//336
f 1492//337 1493//338 1494//296
f 1495//294 1496//293 1497//339
f 1498//340 1499//298 1500//297
f 1501//335 1502//295 1503//294
f 1504//297 1505//296 1506//338
f 1507//341 1508//339 1509//293
f 1510//298 1511//340 1512//342
f 1513//225 1514//265 1515//299
f 1516//300 1517//266 1518//226
f 1519//253 1520//323 1521//299
f 1522//300 1523//324 1524//254
f 1525//235 1526//301 1527//303
f 1528//304 1529//302 1530//236
f 1531//237 1532//303 1533//305
f 1534//306 1535//304 1536//238
f 1537//239 1538//305 1539//307
f 1540//308 1541//306 1542//240
f 1543//267 1544//307 1545//343
f 1546//344 1547//308 1548//268
f 1549//269 1550//309 1551//345
f 1552//346 1553//310 1554//270
f 1555//241 1556//311 1557//309
f 1558//310 1559//312 1560//242
f 1561//271 1562//269 1563//347
f 1564//348 1565//270 1566//272
f 1567//243 1568//313 1569//311
f 1570//312 1571//314 1572//244
f 1573//271 1574//349 1575//273
f 1576//274 1577//350 1578//272
f 1579//245 1580//315 1581//313
f 1582//314 1583//316 1584//246
f 1585//273 1586//351 1587//275
f 1588//276 1589//352 1590//274
f 1591//317 1592//353 1593//277
f 1594//278 1595//354 1596//318
f 1597//275 1598//355 1599//279
f 1600//280 1601//356 1602//276
f 1603//319 1604//317 1605//249
f 1606//250 1607//318 1608//320
f 1609//279 1610//357 1611//281
f 1612//282 1613//358 1614//280
f 1615//321 1616//319 1617//251
f 1618//252 1619//320 1620//322
f 1621//343 1622//321 1623//267
f 1624//268 1625//322 1626//344
f 1627//281 1628//359 1629//283
f 1630//284 1631//360 1632//282
f 1633//255 1634//325 1635//323
f 1636//324 1637//326 1638//256
f 1639//257 1640//327 1641//325
f 1642//326 1643//328 1644//258
f 1645//283 1646//361 1647//327
f 1648//328 1649//362 1650//284
f 1651//285 1652//329 1653//363
f 1654//364 1655//330 1656//286
f 1657//259 1658//331 1659//329
f 1660//330 1661//332 1662//260
f 1663//287 1664//285 1665//365
f 1666//366 1667//286 1668//288
f 1669//289 1670//287 1671//367
f 1672//368 1673//288 1674//290
f 1675//333 1676//289 1677//369
f 1678//370 1679//290 1680//334
f 1681//225 1682//200 1683//225
f 1684//226 1685//201 1686//226
f 1687//371 1688//329 1689//331
f 1690//332 1691//330 1692//372
f 1693//373 1694//301 1695//291
f 1696//292 1697//302 1698//374
f 1699//225 1700//200 1701//225
f 1702//226 1703//201 1704//226
f 1705//336 1706//375 1707//376
f 1708//377 1709//378 1710//337
f 1711//375 1712//336 1713//335
f 1714//338 1715//337 1716//378
f 1717//339 1718//379 1719//294
f 1720//297 1721//380 1722//340
f 1723//294 1724//381 1725//335
f 1726//338 1727//382 1728//297
f 1729//339 1730//341 1731//383
f 1732//384 1733//342 1734//340
f 1735//225 1736//299 1737//323
f 1738//324 1739//300 1740//226
f 1741//385 1742//303 1743//301
f 1744//302 1745//304 1746//386
f 1747//387 1748//305 1749//303
f 1750//304 1751//306 1752//388
f 1753//389 1754//307 1755//305
f 1756//306 1757//308 1758//390
f 1759//391 1760//343 1761//307
f 1762//308 1763//344 1764//392
f 1765//393 1766//345 1767//309
f 1768//310 1769//346 1770//394
f 1771//345 1772//347 1773//269
f 1774//270 1775//348 1776//346
f 1777//395 1778//309 1779//311
f 1780//312 1781//310 1782//396
f 1783//349 1784//271 1785//347
f 1786//348 1787//272 1788//350
f 1789//397 1790//311 1791//313
f 1792//314 1793//312 1794//398
f 1795//351 1796//273 1797//349
f 1798//350 1799//274 1800//352
f 1801//399 1802//313 1803//315
f 1804//316 1805//314 1806//400
f 1807//355 1808//275 1809//351
f 1810//352 1811//276 1812//356
f 1813//353 1814//317 1815//401
f 1816//402 1817//318 1818//354
f 1819//357 1820//279 1821//355
f 1822//356 1823//280 1824//358
f 1825//317 1826//319 1827//403
f 1828//404 1829//320 1830//318
f 1831//359 1832//281 1833//357
f 1834//358 1835//282 1836//360
f 1837//319 1838//321 1839//405
f 1840//406 1841//322 1842//320
f 1843//321 1844//343 1845//407
f 1846//408 1847//344 1848//322
f 1849//361 1850//283 1851//359
f 1852//360 1853//284 1854//362
f 1855//225 1856//323 1857//325
f 1858//326 1859//324 1860//226
f 1861//225 1862//325 1863//327
f 1864//328 1865//326 1866//226
f 1867//225 1868//327 1869//361
f 1870//362 1871//328 1872//226
f 1873//409 1874//363 1875//329
f 1876//330 1877//364 1878//410
f 1879//363 1880//365 1881//285
f 1882//286 1883//366 1884//364
f 1885//365 1886//367 1887//287
f 1888//288 1889//368 1890//366
f 1891//367 1892//369 1893//289
f 1894//290 1895//370 1896//368
f 1897//369 1898//411 1899//333
f 1900//334 1901//412 1902//370
f 1903//225 1904//200 1905//225
f 1906//226 1907//201 1908//226
f 1909//413 1910//409 1911//371
f 1912//372 1913//410 1914//414
f 1915//329 1916//371 1917//409
f 1918//410 1919//372 1920//330
f 1921//301 1922//373 1923//385
f 1924//386 1925//374 1926//302
f 1927//376 1928//415 1929//416
f 1930//417 1931//418 1932//377
f 1933//415 1934//376 1935//375
f 1936//378 1937//377 1938//418
f 1939//335 1940//419 1941//375
f 1942//378 1943//420 1944//338
f 1945//379 1946//339 1947//421
f 1948//422 1949//340 1950//380
f 1951//381 1952//294 1953//379
f 1954//380 1955//297 1956//382
f 1957//419 1958//335 1959//381
f 1960//382 1961//338 1962//420
f 1963//423 1964//424 1965//425
f 1966//426 1967//427 1968//428
f 1969//383 1970//421 1971//339
f 1972//340 1973//422 1974//384
f 1975//303 1976//385 1977//387
f 1978//388 1979//386 1980//304
f 1981//305 1982//387 1983//389
f 1984//390 1985//388 1986//306
f 1987//307 1988//389 1989//391
f 1990//392 1991//390 1992//308
f 1993//343 1994//391 1995//429
f 1996//430 1997//392 1998//344
f 1999//345 2000//393 2001//431
f 2002//432 2003//394 2004//346
f 2005//309 2006//395 2007//393
f 2008//394 2009//396 2010//310
f 2011//347 2012//345 2013//433
f 2014//434 2015//346 2016//348
f 2017//311 2018//397 2019//395
f 2020//396 2021//398 2022//312
f 2023//347 2024//435 2025//349
f 2026//350 2027//436 2028//348
f 2029//313 2030//399 2031//397
f 2032//398 2033//400 2034//314
f 2035//349 2036//437 2037//351
f 2038//352 2039//438 2040//350
f 2041//401 2042//439 2043//353
f 2044//354 2045//440 2046//402
f 2047//351 2048//441 2049//355
f 2050//356 2051//442 2052//352
f 2053//403 2054//401 2055//317
f 2056//318 2057//402 2058//404
f 2059//355 2060//443 2061//357
f 2062//358 2063//444 2064//356
f 2065//405 2066//403 2067//319
f 2068//320 2069//404 2070//406
f 2071//357 2072//445 2073//359
f 2074//360 2075//446 2076//358
f 2077//407 2078//405 2079//321
f 2080//322 2081//406 2082//408
f 2083//429 2084//407 2085//343
f 2086//344 2087//408 2088//430
f 2089//359 2090//447 2091//361
f 2092//362 2093//448 2094//360
f 2095//225 2096//325 2097//225
f 2098//226 2099//326 2100//226
f 2101//225 2102//361 2103//225
f 2104//226 2105//362 2106//226
f 2107//363 2108//409 2109//449
f 2110//450 2111//410 2112//364
f 2113//365 2114//363 2115//451
f 2116//452 2117//364 2118//366
f 2119//367 2120//365 2121//453
f 2122//454 2123//366 2124//368
f 2125//369 2126//367 2127//455
f 2128//456 2129//368 2130//370
f 2131//411 2132//369 2133//457
f 2134//458 2135//370 2136//412
f 2137//416 2138//459 2139//413
f 2140//414 2141//460 2142//417
f 2143//409 2144//413 2145//459
f 2146//460 2147//414 2148//410
f 2149//412 2150//385 2151//373
f 2152//374 2153//386 2154//411
f 2155//459 2156//416 2157//415
f 2158//418 2159//417 2160//460
f 2161//375 2162//461 2163//415
f 2164//418 2165//462 2166//378
f 2167//461 2168//375 2169//419
f 2170//420 2171//378 2172//462
f 2173//421 2174//463 2175//379
f 2176//380 2177//464 2178//422
f 2179//379 2180//465 2181//381
f 2182//382 2183//466 2184//380
f 2185//381 2186//467 2187//419
f 2188//420 2189//468 2190//382
f 2191//424 2192//423 2193//469
f 2194//470 2195//428 2196//427
f 2197//421 2198//383 2199//471
f 2200//472 2201//384 2202//422
f 2203//458 2204//387 2205//385
f 2206//386 2207//388 2208//457
f 2209//473 2210//389 2211//387
f 2212//388 2213//390 2214//474
f 2215//475 2216//391 2217//389
f 2218//390 2219//392 2220//476
f 2221//477 2222//429 2223//391
f 2224//392 2225//430 2226//478
f 2227//479 2228//431 2229//393
f 2230//394 2231//432 2232//480
f 2233//431 2234//433 2235//345
f 2236//346 2237//434 2238//432
f 2239//481 2240//393 2241//395
f 2242//396 2243//394 2244//482
f 2245//435 2246//347 2247//433
f 2248//434 2249//348 2250//436
f 2251//483 2252//395 2253//397
f 2254//398 2255//396 2256//484
f 2257//437 2258//349 2259//435
f 2260//436 2261//350 2262//438
f 2263//485 2264//397 2265//399
f 2266//400 2267//398 2268//486
f 2269//441 2270//351 2271//437
f 2272//438 2273//352 2274//442
f 2275//439 2276//401 2277//487
f 2278//488 2279//402 2280//440
f 2281//443 2282//355 2283//441
f 2284//442 2285//356 2286//444
f 2287//401 2288//403 2289//489
f 2290//490 2291//404 2292//402
f 2293//445 2294//357 2295//443
f 2296//444 2297//358 2298//446
f 2299//403 2300//405 2301//491
f 2302//492 2303//406 2304//404
f 2305//447 2306//359 2307//445
f 2308//446 2309//360 2310//448
f 2311//405 2312//407 2313//493
f 2314//494 2315//408 2316//406
f 2317//407 2318//429 2319//495
f 2320//496 2321//430 2322//408
f 2323//225 2324//361 2325//447
f 2326//448 2327//362 2328//226
f 2329//497 2330//469 2331//423
f 2332//428 2333//470 2334//498
f 2335//459 2336//449 2337//409
f 2338//410 2339//450 2340//460
f 2341//449 2342//451 2343//363
f 2344//364 2345//452 2346//450
f 2347//451 2348//453 2349//365
f 2350//366 2351//454 2352//452
f 2353//453 2354//455 2355//367
f 2356//368 2357//456 2358//454
f 2359//455 2360//457 2361//369
f 2362//370 2363//458 2364//456
f 2365//499 2366//411 2367//457
f 2368//458 2369//412 2370//500
f 2371//385 2372//412 2373//458
f 2374//457 2375//411 2376//386
f 2377//415 2378//501 2379//459
f 2380//460 2381//502 2382//418
f 2383//501 2384//415 2385//461
f 2386//462 2387//418 2388//502
f 2389//419 2390//503 2391//461
f 2392//462 2393//504 2394//420
f 2395//463 2396//421 2397//505
f 2398//506 2399//422 2400//464
f 2401//465 2402//379 2403//463
f 2404//464 2405//380 2406//466
f 2407//467 2408//381 2409//465
f 2410//466 2411//382 2412//468
f 2413//503 2414//419 2415//467
f 2416//468 2417//420 2418//504
f 2419//469 2420//507 2421//424
f 2422//427 2423//508 2424//470
f 2425//471 2426//505 2427//421
f 2428//422 2429//506 2430//472
f 2431//387 2432//458 2433//473
f 2434//474 2435//457 2436//388
f 2437//389 2438//473 2439//475
f 2440//476 2441//474 2442//390
f 2443//391 2444//475 2445//477
f 2446//478 2447//476 2448//392
f 2449//429 2450//477 2451//509
f 2452//510 2453//478 2454//430
f 2455//431 2456//479 2457//511
f 2458//512 2459//480 2460//432
f 2461//393 2462//481 2463//479
f 2464//480 2465//482 2466//394
f 2467//433 2468//431 2469//513
f 2470//514 2471//432 2472//434
f 2473//395 2474//483 2475//481
f 2476//482 2477//484 2478//396
f 2479//433 2480//515 2481//435
f 2482//436 2483//516 2484//434
f 2485//397 2486//485 2487//483
f 2488//484 2489//486 2490//398
f 2491//435 2492//517 2493//437
f 2494//438 2495//518 2496//436
f 2497//487 2498//519 2499//439
f 2500//440 2501//520 2502//488
f 2503//437 2504//521 2505//441
f 2506//442 2507//522 2508//438
f 2509//489 2510//487 2511//401
f 2512//402 2513//488 2514//490
f 2515//441 2516//523 2517//443
f 2518//444 2519//524 2520//442
f 2521//491 2522//489 2523//403
f 2524//404 2525//490 2526//492
f 2527//443 2528//525 2529//445
f 2530//446 2531//526 2532//444
f 2533//493 2534//491 2535//405
f 2536//406 2537//492 2538//494
f 2539//445 2540//527 2541//447
f 2542//448 2543//528 2544//446
f 2545//495 2546//493 2547//407
f 2548//408 2549//494 2550//496
f 2551//509 2552//495 2553//429
f 2554//430 2555//496 2556//510
f 2557//225 2558//447 2559//527
f 2560//528 2561//448 2562//226
f 2563//469 2564//497 2565//529
f 2566//530 2567//498 2568//470
f 2569//449 2570//459 2571//501
f 2572//502 2573//460 2574//450
f 2575//451 2576//449 2577//531
f 2578//532 2579//450 2580//452
f 2581//453 2582//451 2583//533
f 2584//534 2585//452 2586//454
f 2587//455 2588//453 2589//535
f 2590//536 2591//454 2592//456
f 2593//457 2594//455 2595//474
f 2596//473 2597//456 2598//458
f 2599//411 2600//499 2601//537
f 2602//538 2603//500 2604//412
f 2605//457 2606//539 2607//499
f 2608//500 2609//540 2610//458
f 2611//412 2612//541 2613//458
f 2614//457 2615//542 2616//411
f 2617//461 2618//543 2619//501
f 2620//502 2621//544 2622//462
f 2623//543 2624//461 2625//503
f 2626//504 2627//462 2628//544
f 2629//505 2630//545 2631//463
f 2632//464 2633//546 2634//506
f 2635//463 2636//547 2637//465
f 2638//466 2639//548 2640//464
f 2641//465 2642//549 2643//467
f 2644//468 2645//550 2646//466
f 2647//467 2648//551 2649//503
f 2650//504 2651//552 2652//468
f 2653//507 2654//469 2655//553
f 2656//554 2657//470 2658//508
f 2659//505 2660//471 2661//555
f 2662//556 2663//472 2664//506
f 2665//458 2666//557 2667//473
f 2668//474 2669//558 2670//457
f 2671//473 2672//559 2673//475
f 2674//476 2675//560 2676//474
f 2677//475 2678//561 2679//477
f 2680//478 2681//562 2682//476
f 2683//477 2684//563 2685//509
f 2686//510 2687//564 2688//478
f 2689//565 2690//511 2691//479
f 2692//480 2693//512 2694//566
f 2695//511 2696//513 2697//431
f 2698//432 2699//514 2700//512
f 2701//567 2702//479 2703//481
f 2704//482 2705//480 2706//568
f 2707//515 2708//433 2709//513
f 2710//514 2711//434 2712//516
f 2713//569 2714//481 2715//483
f 2716//484 2717//482 2718//570
f 2719//517 2720//435 2721//515
f 2722//516 2723//436 2724//518
f 2725//571 2726//483 2727//485
f 2728//486 2729//484 2730//572
f 2731//521 2732//437 2733//517
f 2734//518 2735//438 2736//522
f 2737//519 2738//487 2739//573
f 2740//574 2741//488 2742//520
f 2743//523 2744//441 2745//521
f 2746//522 2747//442 2748//524
f 2749//487 2750//489 2751//575
f 2752//576 2753//490 2754//488
f 2755//525 2756//443 2757//523
f 2758//524 2759//444 2760//526
f 2761//489 2762//491 2763//577
f 2764//578 2765//492 2766//490
f 2767//527 2768//445 2769//525
f 2770//526 2771//446 2772//528
f 2773//491 2774//493 2775//579
f 2776//580 2777//494 2778//492
f 2779//493 2780//495 2781//581
f 2782//582 2783//496 2784//494
f 2785//495 2786//509 2787//583
f 2788//584 2789//510 2790//496
f 2791//225 2792//527 2793//225
f 2794//226 2795//528 2796//226
f 2797//585 2798//529 2799//497
f 2800//498 2801//530 2802//586
f 2803//529 2804//553 2805//469
f 2806//470 2807//554 2808//530
f 2809//501 2810//531 2811//449
f 2812//450 2813//532 2814//502
f 2815//531 2816//533 2817//451
f 2818//452 2819//534 2820//532
f 2821//533 2822//535 2823//453
f 2824//454 2825//536 2826//534
f 2827//535 2828//474 2829//455
f 2830//456 2831//473 2832//536
f 2833//539 2834//457 2835//474
f 2836//473 2837//458 2838//540
f 2839//587 2840//537 2841//499
f 2842//500 2843//538 2844//588
f 2845//589 2846//499 2847//539
f 2848//540 2849//500 2850//590
f 2851//541 2852//412 2853//591
f 2854//592 2855//411 2856//542
f 2857//557 2858//458 2859//541
f 2860//542 2861//457 2862//558
f 2863//531 2864//501 2865//543
f 2866//544 2867//502 2868//532
f 2869//503 2870//593 2871//543
f 2872//544 2873//594 2874//504
f 2875//545 2876//505 2877//595
f 2878//596 2879//506 2880//546
f 2881//547 2882//463 2883//545
f 2884//546 2885//464 2886//548
f 2887//549 2888//465 2889//547
f 2890//548 2891//466 2892//550
f 2893//551 2894//467 2895//549
f 2896//550 2897//468 2898//552
f 2899//593 2900//503 2901//551
f 2902//552 2903//504 2904//594
f 2905//553 2906//597 2907//507
f 2908//508 2909//598 2910//554
f 2911//555 2912//595 2913//505
f 2914//506 2915//596 2916//556
f 2917//559 2918//473 2919//557
f 2920//558 2921//474 2922//560
f 2923//561 2924//475 2925//559
f 2926//560 2927//476 2928//562
f 2929//563 2930//477 2931//561
f 2932//562 2933//478 2934//564
f 2935//599 2936//509 2937//563
f 2938//564 2939//510 2940//600
f 2941//511 2942//565 2943//601
f 2944//602 2945//566 2946//512
f 2947//479 2948//567 2949//565
f 2950//566 2951//568 2952//480
f 2953//513 2954//511 2955//603
f 2956//604 2957//512 2958//514
f 2959//481 2960//569 2961//567
f 2962//568 2963//570 2964//482
f 2965//513 2966//605 2967//515
f 2968//516 2969//606 2970//514
f 2971//483 2972//571 2973//569
f 2974//570 2975//572 2976//484
f 2977//515 2978//607 2979//517
f 2980//518 2981//608 2982//516
f 2983//573 2984//609 2985//519
f 2986//520 2987//610 2988//574
f 2989//517 2990//611 2991//521
f 2992//522 2993//612 2994//518
f 2995//575 2996//573 2997//487
f 2998//488 2999//574 3000//576
f 3001//521 3002//613 3003//523
f 3004//524 3005//614 3006//522
f 3007//577 3008//575 3009//489
f 3010//490 3011//576 3012//578
f 3013//523 3014//615 3015//525
f 3016//526 3017//616 3018//524
f 3019//579 3020//577 3021//491
f 3022//492 3023//578 3024//580
f 3025//525 3026//617 3027//527
f 3028//528 3029//618 3030//526
f 3031//581 3032//579 3033//493
f 3034//494 3035//580 3036//582
f 3037//583 3038//581 3039//495
f 3040//496 3041//582 3042//584
f 3043//509 3044//599 3045//583
f 3046//584 3047//600 3048//510
f 3049//225 3050//527 3051//617
f 3052//618 3053//528 3054//226
f 3055//529 3056//585 3057//619
f 3058//620 3059//586 3060//530
f 3061//553 3062//529 3063//621
f 3064//622 3065//530 3066//554
f 3067//533 3068//531 3069//623
f 3070//624 3071//532 3072//534
f 3073//535 3074//533 3075//625
f 3076//626 3077//534 3078//536
f 3079//474 3080//535 3081//476
f 3082//475 3083//536 3084//473
f 3085//474 3086//627 3087//539
f 3088//540 3089//628 3090//473
f 3091//537 3092//587 3093//629
f 3094//630 3095//588 3096//538
f 3097//499 3098//589 3099//587
f 3100//588 3101//590 3102//500
f 3103//539 3104//631 3105//589
f 3106//590 3107//632 3108//540
f 3109//633 3110//591 3111//634
f 3112//635 3113//592 3114//636
f 3115//591 3116//633 3117//541
f 3118//542 3119//636 3120//592
f 3121//541 3122//637 3123//557
f 3124//558 3125//638 3126//542
f 3127//543 3128//623 3129//531
f 3130//532 3131//624 3132//544
f 3133//623 3134//543 3135//593
f 3136//594 3137//544 3138//624
f 3139//595 3140//639 3141//545
f 3142//546 3143//640 3144//596
f 3145//545 3146//641 3147//547
f 3148//548 3149//642 3150//546
f 3151//547 3152//643 3153//549
f 3154//550 3155//644 3156//548
f 3157//549 3158//645 3159//551
f 3160//552 3161//646 3162//550
f 3163//551 3164//647 3165//593
f 3166//594 3167//648 3168//552
f 3169//597 3170//553 3171//649
f 3172//650 3173//554 3174//598
f 3175//595 3176//555 3177//651
f 3178//652 3179//556 3180//596
f 3181//557 3182//653 3183//559
f 3184//560 3185//654 3186//558
f 3187//559 3188//655 3189//561
f 3190//562 3191//656 3192//560
f 3193//561 3194//657 3195//563
f 3196//564 3197//658 3198//562
f 3199//563 3200//659 3201//599
f 3202//600 3203//660 3204//564
f 3205//661 3206//662 3207//663
f 3208//664 3209//665 3210//666
f 3211//601 3212//603 3213//511
f 3214//512 3215//604 3216//602
f 3217//667 3218//663 3219//668
f 3220//669 3221//664 3222//670
f 3223//605 3224//513 3225//603
f 3226//604 3227//514 3228//606
f 3229//671 3230//668 3231//672
f 3232//673 3233//669 3234//674
f 3235//607 3236//515 3237//605
f 3238//606 3239//516 3240//608
f 3241//675 3242//672 3243//676
f 3244//677 3245//673 3246//678
f 3247//611 3248//517 3249//607
f 3250//608 3251//518 3252//612
f 3253//609 3254//573 3255//679
f 3256//680 3257//574 3258//610
f 3259//613 3260//521 3261//611
f 3262//612 3263//522 3264//614
f 3265//573 3266//575 3267//681
f 3268//682 3269//576 3270//574
f 3271//615 3272//523 3273//613
f 3274//614 3275//524 3276//616
f 3277//575 3278//577 3279//683
f 3280//684 3281//578 3282//576
f 3283//617 3284//525 3285//615
f 3286//616 3287//526 3288//618
f 3289//577 3290//579 3291//685
f 3292//686 3293//580 3294//578
f 3295//579 3296//581 3297//687
f 3298//688 3299//582 3300//580
f 3301//581 3302//583 3303//689
f 3304//690 3305//584 3306//582
f 3307//691 3308//583 3309//599
f 3310//600 3311//584 3312//692
f 3313//225 3314//617 3315//225
f 3316//226 3317//618 3318//226
f 3319//693 3320//619 3321//585
f 3322//586 3323//620 3324//694
f 3325//619 3326//621 3327//529
f 3328//530 3329//622 3330//620
f 3331//621 3332//649 3333//553
f 3334//554 3335//650 3336//622
f 3337//623 3338//625 3339//533
f 3340//534 3341//626 3342//624
f 3343//625 3344//476 3345//535
f 3346//536 3347//475 3348//626
f 3349//627 3350//474 3351//476
f 3352//475 3353//473 3354//628
f 3355//631 3356//539 3357//627
f 3358//628 3359//540 3360//632
f 3361//695 3362//629 3363//587
f 3364//588 3365//630 3366//696
f 3367//697 3368//587 3369//589
f 3370//590 3371//588 3372//698
f 3373//699 3374//589 3375//631
f 3376//632 3377//590 3378//700
f 3379//634 3380//701 3381//633
f 3382//636 3383//702 3384//635
f 3385//637 3386//541 3387//633
f 3388//636 3389//542 3390//638
f 3391//653 3392//557 3393//637
f 3394//638 3395//558 3396//654
f 3397//593 3398//703 3399//623
f 3400//624 3401//704 3402//594
f 3403//639 3404//595 3405//705
f 3406//706 3407//596 3408//640
f 3409//641 3410//545 3411//639
f 3412//640 3413//546 3414//642
f 3415//643 3416//547 3417//641
f 3418//642 3419//548 3420//644
f 3421//645 3422//549 3423//643
f 3424//644 3425//550 3426//646
f 3427//647 3428//551 3429//645
f 3430//646 3431//552 3432//648
f 3433//703 3434//593 3435//647
f 3436//648 3437//594 3438//704
f 3439//649 3440//707 3441//597
f 3442//598 3443//708 3444//650
f 3445//651 3446//705 3447//595
f 3448//596 3449//706 3450//652
f 3451//655 3452//559 3453//653
f 3454//654 3455//560 3456//656
f 3457//657 3458//561 3459//655
f 3460//656 3461//562 3462//658
f 3463//659 3464//563 3465//657
f 3466//658 3467//564 3468//660
f 3469//709 3470//599 3471//659
f 3472//660 3473//600 3474//710
f 3475//662 3476//661 3477//711
f 3478//712 3479//666 3480//665
f 3481//663 3482//667 3483//661
f 3484//666 3485//670 3486//664
f 3487//603 3488//601 3489//713
f 3490//714 3491//602 3492//604
f 3493//668 3494//671 3495//667
f 3496//670 3497//674 3498//669
f 3499//603 3500//715 3501//605
f 3502//606 3503//716 3504//604
f 3505//672 3506//675 3507//671
f 3508//674 3509//678 3510//673
f 3511//605 3512//717 3513//607
f 3514//608 3515//718 3516//606
f 3517//719 3518//720 3519//721
f 3520//722 3521//723 3522//724
f 3523//607 3524//725 3525//611
f 3526//612 3527//726 3528//608
f 3529//681 3530//679 3531//573
f 3532//574 3533//680 3534//682
f 3535//611 3536//727 3537//613
f 3538//614 3539//728 3540//612
f 3541//683 3542//681 3543//575
f 3544//576 3545//682 3546//684
f 3547//613 3548//729 3549//615
f 3550//616 3551//730 3552//614
f 3553//685 3554//683 3555//577
f 3556//578 3557//684 3558//686
f 3559//615 3560//731 3561//617
f 3562//618 3563//732 3564//616
f 3565//687 3566//685 3567//579
f 3568//580 3569//686 3570//688
f 3571//689 3572//687 3573//581
f 3574//582 3575//688 3576//690
f 3577//583 3578//691 3579//689
f 3580//690 3581//692 3582//584
f 3583//599 3584//709 3585//691
f 3586//692 3587//710 3588//600
f 3589//225 3590//617 3591//731
f 3592//732 3593//618 3594//226
f 3595//619 3596//693 3597//733
f 3598//734 3599//694 3600//620
f 3601//621 3602//619 3603//735
f 3604//736 3605//620 3606//622
f 3607//649 3608//621 3609//737
f 3610//738 3611//622 3612//650
f 3613//625 3614//623 3615//703
f 3616//704 3617//624 3618//626
f 3619//476 3620//625 3621//478
f 3622//477 3623//626 3624//475
f 3625//476 3626//739 3627//627
f 3628//628 3629//740 3630//475
f 3631//627 3632//741 3633//631
f 3634//632 3635//742 3636//628
f 3637//629 3638//695 3639//743
f 3640//744 3641//696 3642//630
f 3643//587 3644//697 3645//695
f 3646//696 3647//698 3648//588
f 3649//589 3650//699 3651//697
f 3652//698 3653//700 3654//590
f 3655//631 3656//745 3657//699
f 3658//700 3659//746 3660//632
f 3661//701 3662//634 3663//747
f 3664//748 3665//635 3666//702
f 3667//749 3668//633 3669//701
f 3670//702 3671//636 3672//750
f 3673//633 3674//749 3675//637
f 3676//638 3677//750 3678//636
f 3679//637 3680//751 3681//653
f 3682//654 3683//752 3684//638
f 3685//705 3686//753 3687//639
f 3688//640 3689//754 3690//706
f 3691//639 3692//755 3693//641
f 3694//642 3695//756 3696//640
f 3697//641 3698//757 3699//643
f 3700//644 3701//758 3702//642
f 3703//643 3704//690 3705//645
f 3706//646 3707//689 3708//644
f 3709//645 3710//584 3711//647
f 3712//648 3713//583 3714//646
f 3715//647 3716//510 3717//703
f 3718//704 3719//509 3720//648
f 3721//707 3722//649 3723//759
f 3724//760 3725//650 3726//708
f 3727//705 3728//651 3729//761
f 3730//762 3731//652 3732//706
f 3733//653 3734//763 3735//655
f 3736//656 3737//764 3738//654
f 3739//655 3740//765 3741//657
f 3742//658 3743//766 3744//656
f 3745//657 3746//767 3747//659
f 3748//660 3749//768 3750//658
f 3751//659 3752//769 3753//709
f 3754//710 3755//770 3756//660
f 3757//771 3758//711 3759//661
f 3760//666 3761//712 3762//772
f 3763//773 3764//662 3765//711
f 3766//712 3767//665 3768//774
f 3769//775 3770//661 3771//667
f 3772//670 3773//666 3774//776
f 3775//662 3776//773 3777//777
f 3778//778 3779//774 3780//665
f 3781//715 3782//603 3783//713
f 3784//714 3785//604 3786//716
f 3787//779 3788//667 3789//671
f 3790//674 3791//670 3792//780
f 3793//717 3794//605 3795//715
f 3796//716 3797//606 3798//718
f 3799//781 3800//671 3801//675
f 3802//678 3803//674 3804//782
f 3805//725 3806//607 3807//717
f 3808//718 3809//608 3810//726
f 3811//720 3812//719 3813//783
f 3814//784 3815//724 3816//723
f 3817//727 3818//611 3819//725
f 3820//726 3821//612 3822//728
f 3823//679 3824//681 3825//785
f 3826//786 3827//682 3828//680
f 3829//729 3830//613 3831//727
f 3832//728 3833//614 3834//730
f 3835//681 3836//683 3837//787
f 3838//788 3839//684 3840//682
f 3841//731 3842//615 3843//729
f 3844//730 3845//616 3846//732
f 3847//683 3848//685 3849//789
f 3850//790 3851//686 3852//684
f 3853//685 3854//687 3855//791
f 3856//792 3857//688 3858//686
f 3859//687 3860//689 3861//758
f 3862//757 3863//690 3864//688
f 3865//793 3866//689 3867//691
f 3868//692 3869//690 3870//794
f 3871//795 3872//691 3873//709
f 3874//710 3875//692 3876//796
f 3877//225 3878//731 3879//225
f 3880//226 3881//732 3882//226
f 3883//797 3884//733 3885//693
f 3886//694 3887//734 3888//798
f 3889//733 3890//735 3891//619
f 3892//620 3893//736 3894//734
f 3895//735 3896//737 3897//621
f 3898//622 3899//738 3900//736
f 3901//737 3902//759 3903//649
f 3904//650 3905//760 3906//738
f 3907//703 3908//478 3909//625
f 3910//626 3911//477 3912//704
f 3913//739 3914//476 3915//478
f 3916//477 3917//475 3918//740
f 3919//741 3920//627 3921//739
f 3922//740 3923//628 3924//742
f 3925//799 3926//743 3927//695
f 3928//696 3929//744 3930//800
f 3931//801 3932//695 3933//697
f 3934//698 3935//696 3936//802
f 3937//803 3938//697 3939//699
f 3940//700 3941//698 3942//804
f 3943//745 3944//631 3945//741
f 3946//742 3947//632 3948//746
f 3949//805 3950//699 3951//745
f 3952//746 3953//700 3954//806
f 3955//747 3956//807 3957//701
f 3958//702 3959//808 3960//748
f 3961//701 3962//809 3963//749
f 3964//750 3965//810 3966//702
f 3967//751 3968//637 3969//749
f 3970//750 3971//638 3972//752
f 3973//763 3974//653 3975//751
f 3976//752 3977//654 3978//764
f 3979//753 3980//705 3981//811
f 3982//812 3983//706 3984//754
f 3985//755 3986//639 3987//753
f 3988//754 3989//640 3990//756
f 3991//757 3992//641 3993//755
f 3994//756 3995//642 3996//758
f 3997//690 3998//643 3999//757
f 4000//758 4001//644 4002//689
f 4003//584 4004//645 4005//690
f 4006//689 4007//646 4008//583
f 4009//510 4010//647 4011//584
f 4012//583 4013//648 4014//509
f 4015//478 4016//703 4017//510
f 4018//509 4019//704 4020//477
f 4021//759 4022//813 4023//707
f 4024//708 4025//814 4026//760
f 4027//761 4028//811 4029//705
f 4030//706 4031//812 4032//762
f 4033//765 4034//655 4035//763
f 4036//764 4037//656 4038//766
f 4039//767 4040//657 4041//765
f 4042//766 4043//658 4044//768
f 4045//769 4046//659 4047//767
f 4048//768 4049//660 4050//770
f 4051//815 4052//709 4053//769
f 4054//770 4055//710 4056//816
f 4057//711 4058//771 4059//817
f 4060//818 4061//772 4062//712
f 4063//661 4064//775 4065//771
f 4066//772 4067//776 4068//666
f 4069//711 4070//819 4071//773
f 4072//774 4073//820 4074//712
f 4075//667 4076//779 4077//775
f 4078//776 4079//780 4080//670
f 4081//821 4082//777 4083//773
f 4084//774 4085//778 4086//822
f 4087//777 4088//821 4089//823
f 4090//824 4091//822 4092//778
f 4093//671 4094//781 4095//779
f 4096//780 4097//782 4098//674
f 4099//823 4100//825 4101//826
f 4102//827 4103//828 4104//824
f 4105//783 4106//829 4107//720
f 4108//723 4109//830 4110//784
f 4111//826 4112//831 4113//831
f 4114//832 4115//832 4116//827
f 4117//833 4118//783 4119//719
f 4120//724 4121//784 4122//834
f 4123//831 4124//835 4125//835
f 4126//836 4127//836 4128//832
f 4129//787 4130//785 4131//681
f 4132//682 4133//786 4134//788
f 4135//835 4136//837 4137//837
f 4138//838 4139//838 4140//836
f 4141//789 4142//787 4143//683
f 4144//684 4145//788 4146//790
f 4147//837 4148//839 4149//731
f 4150//732 4151//840 4152//838
f 4153//791 4154//789 4155//685
f 4156//686 4157//790 4158//792
f 4159//758 4160//791 4161//687
f 4162//688 4163//792 4164//757
f 4165//689 4166//793 4167//758
f 4168//757 4169//794 4170//690
f 4171//691 4172//795 4173//793
f 4174//794 4175//796 4176//692
f 4177//709 4178//815 4179//795
f 4180//796 4181//816 4182//710
f 4183//225 4184//731 4185//225
f 4186//226 4187//732 4188//226
f 4189//733 4190//797 4191//841
f 4192//842 4193//798 4194//734
f 4195//735 4196//733 4197//843
f 4198//844 4199//734 4200//736
f 4201//737 4202//735 4203//845
f 4204//846 4205//736 4206//738
f 4207//759 4208//737 4209//847
f 4210//848 4211//738 4212//760
f 4213//478 4214//849 4215//739
f 4216//740 4217//850 4218//477
f 4219//739 4220//851 4221//741
f 4222//742 4223//852 4224//740
f 4225//743 4226//799 4227//853
f 4228//854 4229//800 4230//744
f 4231//695 4232//801 4233//799
f 4234//800 4235//802 4236//696
f 4237//697 4238//803 4239//801
f 4240//802 4241//804 4242//698
f 4243//699 4244//805 4245//803
f 4246//804 4247//806 4248//700
f 4249//741 4250//855 4251//745
f 4252//746 4253//856 4254//742
f 4255//745 4256//857 4257//805
f 4258//806 4259//858 4260//746
f 4261//807 4262//747 4263//859
f 4264//860 4265//748 4266//808
f 4267//809 4268//701 4269//807
f 4270//808 4271//702 4272//810
f 4273//861 4274//749 4275//809
f 4276//810 4277//750 4278//862
f 4279//749 4280//861 4281//751
f 4282//752 4283//862 4284//750
f 4285//751 4286//863 4287//763
f 4288//764 4289//864 4290//752
f 4291//865 4292//753 4293//811
f 4294//812 4295//754 4296//866
f 4297//867 4298//755 4299//753
f 4300//754 4301//756 4302//868
f 4303//869 4304//757 4305//755
f 4306//756 4307//758 4308//870
f 4309//871 4310//690 4311//757
f 4312//758 4313//689 4314//872
f 4315//873 4316//584 4317//690
f 4318//689 4319//583 4320//874
f 4321//875 4322//510 4323//584
f 4324//583 4325//509 4326//876
f 4327//849 4328//478 4329//510
f 4330//509 4331//477 4332//850
f 4333//813 4334//759 4335//877
f 4336//878 4337//760 4338//814
f 4339//811 4340//761 4341//879
f 4342//880 4343//762 4344//812
f 4345//763 4346//881 4347//765
f 4348//766 4349//882 4350//764
f 4351//765 4352//883 4353//767
f 4354//768 4355//884 4356//766
f 4357//767 4358//885 4359//769
f 4360//770 4361//886 4362//768
f 4363//769 4364//887 4365//815
f 4366//816 4367//888 4368//770
f 4369//889 4370//817 4371//771
f 4372//772 4373//818 4374//890
f 4375//819 4376//711 4377//817
f 4378//818 4379//712 4380//820
f 4381//891 4382//771 4383//775
f 4384//776 4385//772 4386//892
f 4387//893 4388//773 4389//819
f 4390//820 4391//774 4392//894
f 4393//895 4394//775 4395//779
f 4396//780 4397//776 4398//896
f 4399//773 4400//893 4401//821
f 4402//822 4403//894 4404//774
f 4405//825 4406//823 4407//821
f 4408//822 4409//824 4410//828
f 4411//897 4412//779 4413//781
f 4414//782 4415//780 4416//898
f 4417//831 4418//826 4419//825
f 4420//828 4421//827 4422//832
f 4423//829 4424//783 4425//899
f 4426//900 4427//784 4428//830
f 4429//835 4430//831 4431//831
f 4432//832 4433//832 4434//836
f 4435//783 4436//833 4437//901
f 4438//902 4439//834 4440//784
f 4441//837 4442//835 4443//835
f 4444//836 4445//836 4446//838
f 4447//785 4448//787 4449//903
f 4450//904 4451//788 4452//786
f 4453//839 4454//837 4455//837
f 4456//838 4457//838 4458//840
f 4459//787 4460//789 4461//905
f 4462//906 4463//790 4464//788
f 4465//225 4466//731 4467//839
f 4468//840 4469//732 4470//226
f 4471//789 4472//791 4473//907
f 4474//908 4475//792 4476//790
f 4477//791 4478//758 4479//756
f 4480//755 4481//757 4482//792
f 4483//909 4484//758 4485//793
f 4486//794 4487//757 4488//910
f 4489//911 4490//793 4491//795
f 4492//796 4493//794 4494//912
f 4495//913 4496//795 4497//815
f 4498//816 4499//796 4500//914
f 4501//915 4502//841 4503//797
f 4504//798 4505//842 4506//916
f 4507//841 4508//843 4509//733
f 4510//734 4511//844 4512//842
f 4513//843 4514//845 4515//735
f 4516//736 4517//846 4518//844
f 4519//845 4520//847 4521//737
f 4522//738 4523//848 4524//846
f 4525//847 4526//877 4527//759
f 4528//760 4529//878 4530//848
f 4531//851 4532//739 4533//849
f 4534//850 4535//740 4536//852
f 4537//855 4538//741 4539//851
f 4540//852 4541//742 4542//856
f 4543//917 4544//853 4545//799
f 4546//800 4547//854 4548//918
f 4549//919 4550//799 4551//801
f 4552//802 4553//800 4554//920
f 4555//921 4556//801 4557//803
f 4558//804 4559//802 4560//922
f 4561//923 4562//803 4563//805
f 4564//806 4565//804 4566//924
f 4567//857 4568//745 4569//855
f 4570//856 4571//746 4572//858
f 4573//925 4574//805 4575//857
f 4576//858 4577//806 4578//926
f 4579//859 4580//927 4581//807
f 4582//808 4583//928 4584//860
f 4585//807 4586//929 4587//809
f 4588//810 4589//930 4590//808
f 4591//809 4592//931 4593//861
f 4594//862 4595//932 4596//810
f 4597//863 4598//751 4599//861
f 4600//862 4601//752 4602//864
f 4603//881 4604//763 4605//863
f 4606//864 4607//764 4608//882
f 4609//753 4610//865 4611//867
f 4612//868 4613//866 4614//754
f 4615//811 4616//933 4617//865
f 4618//866 4619//934 4620//812
f 4621//755 4622//867 4623//869
f 4624//870 4625//868 4626//756
f 4627//757 4628//869 4629//871
f 4630//872 4631//870 4632//758
f 4633//690 4634//871 4635//873
f 4636//874 4637//872 4638//689
f 4639//584 4640//873 4641//875
f 4642//876 4643//874 4644//583
f 4645//510 4646//875 4647//849
f 4648//850 4649//876 4650//509
f 4651//877 4652//935 4653//813
f 4654//814 4655//936 4656//878
f 4657//933 4658//811 4659//879
f 4660//880 4661//812 4662//934
f 4663//883 4664//765 4665//881
f 4666//882 4667//766 4668//884
f 4669//885 4670//767 4671//883
f 4672//884 4673//768 4674//886
f 4675//887 4676//769 4677//885
f 4678//886 4679//770 4680//888
f 4681//937 4682//815 4683//887
f 4684//888 4685//816 4686//938
f 4687//817 4688//889 4689//939
f 4690//940 4691//890 4692//818
f 4693//771 4694//891 4695//889
f 4696//890 4697//892 4698//772
f 4699//817 4700//941 4701//819
f 4702//820 4703//942 4704//818
f 4705//775 4706//895 4707//891
f 4708//892 4709//896 4710//776
f 4711//819 4712//943 4713//893
f 4714//894 4715//944 4716//820
f 4717//779 4718//897 4719//895
f 4720//896 4721//898 4722//780
f 4723//945 4724//821 4725//893
f 4726//894 4727//822 4728//946
f 4729//821 4730//945 4731//825
f 4732//828 4733//946 4734//822
f 4735//899 4736//947 4737//829
f 4738//830 4739//948 4740//900
f 4741//901 4742//899 4743//783
f 4744//784 4745//900 4746//902
f 4747//949 4748//901 4749//833
f 4750//834 4751//902 4752//950
f 4753//905 4754//903 4755//787
f 4756//788 4757//904 4758//906
f 4759//907 4760//905 4761//789
f 4762//790 4763//906 4764//908
f 4765//225 4766//839 4767//225
f 4768//226 4769//840 4770//226
f 4771//756 4772//907 4773//791
f 4774//792 4775//908 4776//755
f 4777//758 4778//909 4779//756
f 4780//755 4781//910 4782//757
f 4783//793 4784//911 4785//909
f 4786//910 4787//912 4788//794
f 4789//795 4790//913 4791//911
f 4792//912 4793//914 4794//796
f 4795//815 4796//937 4797//913
f 4798//914 4799//938 4800//816
f 4801//841 4802//915 4803//951
f 4804//952 4805//916 4806//842
f 4807//843 4808//841 4809//953
f 4810//954 4811//842 4812//844
f 4813//845 4814//843 4815//955
f 4816//956 4817//844 4818//846
f 4819//847 4820//845 4821//957
f 4822//958 4823//846 4824//848
f 4825//877 4826//847 4827//959
f 4828//960 4829//848 4830//878
f 4831//849 4832//961 4833//851
f 4834//852 4835//962 4836//850
f 4837//851 4838//963 4839//855
f 4840//856 4841//964 4842//852
f 4843//853 4844//917 4845//965
f 4846//966 4847//918 4848//854
f 4849//799 4850//919 4851//917
f 4852//918 4853//920 4854//800
f 4855//801 4856//921 4857//919
f 4858//920 4859//922 4860//802
f 4861//803 4862//923 4863//921
f 4864//922 4865//924 4866//804
f 4867//805 4868//925 4869//923
f 4870//924 4871//926 4872//806
f 4873//855 4874//967 4875//857
f 4876//858 4877//968 4878//856
f 4879//857 4880//969 4881//925
f 4882//926 4883//970 4884//858
f 4885//927 4886//859 4887//971
f 4888//972 4889//860 4890//928
f 4891//929 4892//807 4893//927
f 4894//928 4895//808 4896//930
f 4897//931 4898//809 4899//929
f 4900//930 4901//810 4902//932
f 4903//973 4904//861 4905//931
f 4906//932 4907//862 4908//974
f 4909//861 4910//973 4911//863
f 4912//864 4913//974 4914//862
f 4915//863 4916//975 4917//881
f 4918//882 4919//976 4920//864
f 4921//977 4922//865 4923//933
f 4924//934 4925//866 4926//978
f 4927//979 4928//869 4929//867
f 4930//868 4931//870 4932//980
f 4933//981 4934//871 4935//869
f 4936//870 4937//872 4938//982
f 4939//983 4940//873 4941//871
f 4942//872 4943//874 4944//984
f 4945//985 4946//875 4947//873
f 4948//874 4949//876 4950//986
f 4951//961 4952//849 4953//875
f 4954//876 4955//850 4956//962
f 4957//935 4958//877 4959//987
f 4960//988 4961//878 4962//936
f 4963//935 4964//989 4965//990
f 4966//991 4967//992 4968//936
f 4969//881 4970//993 4971//883
f 4972//884 4973//994 4974//882
f 4975//883 4976//995 4977//885
f 4978//886 4979//996 4980//884
f 4981//885 4982//997 4983//887
f 4984//888 4985//998 4986//886
f 4987//887 4988//999 4989//937
f 4990//938 4991//1000 4992//888
f 4993//1001 4994//939 4995//889
f 4996//890 4997//940 4998//1002
f 4999//941 5000//817 5001//939
f 5002//940 5003//818 5004//942
f 5005//1003 5006//889 5007//891
f 5008//892 5009//890 5010//1004
f 5011//943 5012//819 5013//941
f 5014//942 5015//820 5016//944
f 5017//1005 5018//891 5019//895
f 5020//896 5021//892 5022//1006
f 5023//1007 5024//893 5025//943
f 5026//944 5027//894 5028//1008
f 5029//1009 5030//895 5031//897
f 5032//898 5033//896 5034//1010
f 5035//893 5036//1007 5037//945
f 5038//946 5039//1008 5040//894
f 5041//947 5042//899 5043//1011
f 5044//1012 5045//900 5046//948
f 5047//899 5048//901 5049//1013
f 5050//1014 5051//902 5052//900
f 5053//901 5054//949 5055//1015
f 5056//1016 5057//950 5058//902
f 5059//903 5060//905 5061//1017
f 5062//1018 5063//906 5064//904
f 5065//905 5066//907 5067//1019
f 5068//1020 5069//908 5070//906
f 5071//225 5072//839 5073//225
f 5074//226 5075//840 5076//226
f 5077//1021 5078//951 5079//915
f 5080//916 5081//952 5082//1022
f 5083//907 5084//756 5085//754
f 5086//753 5087//755 5088//908
f 5089//1023 5090//756 5091//909
f 5092//910 5093//755 5094//1024
f 5095//1025 5096//909 5097//911
f 5098//912 5099//910 5100//1026
f 5101//1027 5102//911 5103//913
f 5104//914 5105//912 5106//1028
f 5107//1029 5108//913 5109//937
f 5110//938 5111//914 5112//1030
f 5113//951 5114//953 5115//841
f 5116//842 5117//954 5118//952
f 5119//953 5120//955 5121//843
f 5122//844 5123//956 5124//954
f 5125//955 5126//957 5127//845
f 5128//846 5129//958 5130//956
f 5131//957 5132//959 5133//847
f 5134//848 5135//960 5136//958
f 5137//959 5138//987 5139//877
f 5140//878 5141//988 5142//960
f 5143//963 5144//851 5145//961
f 5146//962 5147//852 5148//964
f 5149//967 5150//855 5151//963
f 5152//964 5153//856 5154//968
f 5155//1031 5156//965 5157//917
f 5158//918 5159//966 5160//1032
f 5161//1033 5162//917 5163//919
f 5164//920 5165//918 5166//1034
f 5167//1035 5168//919 5169//921
f 5170//922 5171//920 5172//1036
f 5173//1037 5174//921 5175//923
f 5176//924 5177//922 5178//1038
f 5179//1039 5180//923 5181//925
f 5182//926 5183//924 5184//1040
f 5185//969 5186//857 5187//967
f 5188//968 5189//858 5190//970
f 5191//1041 5192//925 5193//969
f 5194//970 5195//926 5196//1042
f 5197//971 5198//1043 5199//927
f 5200//928 5201//1044 5202//972
f 5203//927 5204//1045 5205//929
f 5206//930 5207//1046 5208//928
f 5209//929 5210//1047 5211//931
f 5212//932 5213//1048 5214//930
f 5215//931 5216//1049 5217//973
f 5218//974 5219//1050 5220//932
f 5221//975 5222//863 5223//973
f 5224//974 5225//864 5226//976
f 5227//993 5228//881 5229//975
f 5230//976 5231//882 5232//994
f 5233//865 5234//977 5235//1051
f 5236//1052 5237//978 5238//866
f 5239//990 5240//1053 5241//1054
f 5242//1055 5243//1056 5244//991
f 5245//869 5246//979 5247//981
f 5248//982 5249//980 5250//870
f 5251//867 5252//1051 5253//979
f 5254//980 5255//1052 5256//868
f 5257//871 5258//981 5259//983
f 5260//984 5261//982 5262//872
f 5263//873 5264//983 5265//985
f 5266//986 5267//984 5268//874
f 5269//875 5270//985 5271//961
f 5272//962 5273//986 5274//876
f 5275//989 5276//935 5277//987
f 5278//988 5279//936 5280//992
f 5281//1053 5282//990 5283//989
f 5284//992 5285//991 5286//1056
f 5287//995 5288//883 5289//993
f 5290//994 5291//884 5292//996
f 5293//997 5294//885 5295//995
f 5296//996 5297//886 5298//998
f 5299//999 5300//887 5301//997
f 5302//998 5303//888 5304//1000
f 5305//1057 5306//937 5307//999
f 5308//1000 5309//938 5310//1058
f 5311//939 5312//1001 5313//1059
f 5314//1060 5315//1002 5316//940
f 5317//889 5318//1003 5319//1001
f 5320//1002 5321//1004 5322//890
f 5323//939 5324//1061 5325//941
f 5326//942 5327//1062 5328//940
f 5329//891 5330//1005 5331//1003
f 5332//1004 5333//1006 5334//892
f 5335//941 5336//1063 5337//943
f 5338//944 5339//1064 5340//942
f 5341//895 5342//1009 5343//1005
f 5344//1006 5345//1010 5346//896
f 5347//943 5348//1065 5349//1007
f 5350//1008 5351//1066 5352//944
f 5353//1011 5354//1067 5355//947
f 5356//948 5357//1068 5358//1012
f 5359//1013 5360//1011 5361//899
f 5362//900 5363//1012 5364//1014
f 5365//1015 5366//1013 5367//901
f 5368//902 5369//1014 5370//1016
f 5371//1069 5372//1015 5373//949
f 5374//950 5375//1016 5376//1070
f 5377//1019 5378//1017 5379//905
f 5380//906 5381//1018 5382//1020
f 5383//754 5384//1019 5385//907
f 5386//908 5387//1020 5388//753
f 5389//225 5390//225 5391//225
f 5392//226 5393//226 5394//226
f 5395//951 5396//1021 5397//1071
f 5398//1072 5399//1022 5400//952
f 5401//756 5402//1023 5403//754
f 5404//753 5405//1024 5406//755
f 5407//909 5408//1025 5409//1023
f 5410//1024 5411//1026 5412//910
f 5413//911 5414//1027 5415//1025
f 5416//1026 5417//1028 5418//912
f 5419//913 5420//1029 5421//1027
f 5422//1028 5423//1030 5424//914
f 5425//937 5426//1057 5427//1029
f 5428//1030 5429//1058 5430//938
f 5431//953 5432//951 5433//1073
f 5434//1074 5435//952 5436//954
f 5437//955 5438//953 5439//1075
f 5440//1076 5441//954 5442//956
f 5443//957 5444//955 5445//1077
f 5446//1078 5447//956 5448//958
f 5449//959 5450//957 5451//1079
f 5452//1080 5453//958 5454//960
f 5455//987 5456//959 5457//1081
f 5458//1082 5459//960 5460//988
f 5461//961 5462//1083 5463//963
f 5464//964 5465//1084 5466//962
f 5467//963 5468//1085 5469//967
f 5470//968 5471//1086 5472//964
f 5473//965 5474//1031 5475//1087
f 5476//1088 5477//1032 5478//966
f 5479//917 5480//1033 5481//1031
f 5482//1032 5483//1034 5484//918
f 5485//919 5486//1035 5487//1033
f 5488//1034 5489//1036 5490//920
f 5491//921 5492//1037 5493//1035
f 5494//1036 5495//1038 5496//922
f 5497//923 5498//1039 5499//1037
f 5500//1038 5501//1040 5502//924
f 5503//925 5504//1041 5505//1039
f 5506//1040 5507//1042 5508//926
f 5509//967 5510//1089 5511//969
f 5512//970 5513//1090 5514//968
f 5515//969 5516//1091 5517//1041
f 5518//1042 5519//1092 5520//970
f 5521//1043 5522//971 5523//1093
f 5524//1094 5525//972 5526//1044
f 5527//1045 5528//927 5529//1043
f 5530//1044 5531//928 5532//1046
f 5533//1047 5534//929 5535//1045
f 5536//1046 5537//930 5538//1048
f 5539//1049 5540//931 5541//1047
f 5542//1048 5543//932 5544//1050
f 5545//1095 5546//973 5547//1049
f 5548//1050 5549//974 5550//1096
f 5551//973 5552//1095 5553//975
f 5554//976 5555//1096 5556//974
f 5557//975 5558//1097 5559//993
f 5560//994 5561//1098 5562//976
f 5563//1099 5564//1051 5565//977
f 5566//978 5567//1052 5568//1100
f 5569//1051 5570//867 5571//865
f 5572//866 5573//868 5574//1052
f 5575//1101 5576//1054 5577//1053
f 5578//1056 5579//1055 5580//1102
f 5581//1103 5582//981 5583//979
f 5584//980 5585//982 5586//1104
f 5587//1105 5588//979 5589//1051
f 5590//1052 5591//980 5592//1106
f 5593//1107 5594//983 5595//981
f 5596//982 5597//984 5598//1108
f 5599//1109 5600//985 5601//983
f 5602//984 5603//986 5604//1110
f 5605//1083 5606//961 5607//985
f 5608//986 5609//962 5610//1084
f 5611//987 5612//1111 5613//989
f 5614//992 5615//1112 5616//988
f 5617//989 5618//1113 5619//1053
f 5620//1056 5621//1114 5622//992
f 5623//993 5624//1115 5625//995
f 5626//996 5627//1116 5628//994
f 5629//995 5630//1117 5631//997
f 5632//998 5633//1118 5634//996
f 5635//997 5636//1119 5637//999
f 5638//1000 5639//1120 5640//998
f 5641//999 5642//1121 5643//1057
f 5644//1058 5645//1122 5646//1000
f 5647//1123 5648//1059 5649//1001
f 5650//1002 5651//1060 5652//1124
f 5653//1061 5654//939 5655//1059
f 5656//1060 5657//940 5658//1062
f 5659//1125 5660//1001 5661//1003
f 5662//1004 5663//1002 5664//1126
f 5665//1063 5666//941 5667//1061
f 5668//1062 5669//942 5670//1064
f 5671//1127 5672//1003 5673//1005
f 5674//1006 5675//1004 5676//1128
f 5677//1065 5678//943 5679//1063
f 5680//1064 5681//944 5682//1066
f 5683//1129 5684//1005 5685//1009
f 5686//1010 5687//1006 5688//1130
f 5689//1067 5690//1011 5691//1131
f 5692//1132 5693//1012 5694//1068
f 5695//1011 5696//1013 5697//1133
f 5698//1134 5699//1014 5700//1012
f 5701//1013 5702//1015 5703//1135
f 5704//1136 5705//1016 5706//1014
f 5707//1015 5708//1069 5709//1137
f 5710//1138 5711//1070 5712//1016
f 5713//1017 5714//1019 5715//1139
f 5716//1140 5717//1020 5718//1018
f 5719//1019 5720//754 5721//812
f 5722//811 5723//753 5724//1020
f 5725//225 5726//225 5727//225
f 5728//226 5729//226 5730//226
f 5731//1141 5732//1071 5733//1021
f 5734//1022 5735//1072 5736//1142
f 5737//1071 5738//1073 5739//951
f 5740//952 5741//1074 5742//1072
f 5743//1143 5744//754 5745//1023
f 5746//1024 5747//753 5748//1144
f 5749//1145 5750//1023 5751//1025
f 5752//1026 5753//1024 5754//1146
f 5755//1147 5756//1025 5757//1027
f 5758//1028 5759//1026 5760//1148
f 5761//1149 5762//1027 5763//1029
f 5764//1030 5765//1028 5766//1150
f 5767//1151 5768//1029 5769//1057
f 5770//1058 5771//1030 5772//1152
f 5773//1073 5774//1075 5775//953
f 5776//954 5777//1076 5778//1074
f 5779//1075 5780//1077 5781//955
f 5782//956 5783//1078 5784//1076
f 5785//1077 5786//1079 5787//957
f 5788//958 5789//1080 5790//1078
f 5791//1079 5792//1081 5793//959
f 5794//960 5795//1082 5796//1080
f 5797//1111 5798//987 5799//1081
f 5800//1082 5801//988 5802//1112
f 5803//1085 5804//963 5805//1083
f 5806//1084 5807//964 5808//1086
f 5809//1089 5810//967 5811//1085
f 5812//1086 5813//968 5814//1090
f 5815//226 5816//1153 5817//226
f 5818//225 5819//1154 5820//225
f 5821//1153 5822//226 5823//226
f 5824//225 5825//225 5826//1154
f 5827//1153 5828//226 5829//226
f 5830//225 5831//225 5832//1154
f 5833//1153 5834//226 5835//226
f 5836//225 5837//225 5838//1154
f 5839//1153 5840//226 5841//226
f 5842//225 5843//225 5844//1154
f 5845//1153 5846//226 5847//226
f 5848//225 5849//225 5850//1154
f 5851//1091 5852//969 5853//1089
f 5854//1090 5855//970 5856//1092
f 5857//1153 5858//226 5859//226
f 5860//225 5861//225 5862//1154
f 5863//1155 5864//1156 5865//1157
f 5866//1158 5867//1159 5868//1160
f 5869//1156 5870//1155 5871//1161
f 5872//1162 5873//1160 5874//1159
f 5875//1155 5876//1163 5877//1161
f 5878//1162 5879//1164 5880//1160
f 5881//1165 5882//1166 5883//1163
f 5884//1164 5885//1167 5886//1168
f 5887//1169 5888//1170 5889//1166
f 5890//1167 5891//1171 5892//1172
f 5893//1173 5894//1174 5895//1170
f 5896//1171 5897//1175 5898//1176
f 5899//1097 5900//975 5901//1095
f 5902//1096 5903//976 5904//1098
f 5905//1115 5906//993 5907//1097
f 5908//1098 5909//994 5910//1116
f 5911//1051 5912//1099 5913//1105
f 5914//1106 5915//1100 5916//1052
f 5917//1054 5918//1101 5919//1177
f 5920//1178 5921//1102 5922//1055
f 5923//1053 5924//1179 5925//1101
f 5926//1102 5927//1180 5928//1056
f 5929//981 5930//1103 5931//1107
f 5932//1108 5933//1104 5934//982
f 5935//979 5936//1105 5937//1103
f 5938//1104 5939//1106 5940//980
f 5941//983 5942//1107 5943//1109
f 5944//1110 5945//1108 5946//984
f 5947//985 5948//1109 5949//1083
f 5950//1084 5951//1110 5952//986
f 5953//1113 5954//989 5955//1111
f 5956//1112 5957//992 5958//1114
f 5959//1179 5960//1053 5961//1113
f 5962//1114 5963//1056 5964//1180
f 5965//1117 5966//995 5967//1115
f 5968//1116 5969//996 5970//1118
f 5971//1119 5972//997 5973//1117
f 5974//1118 5975//998 5976//1120
f 5977//1121 5978//999 5979//1119
f 5980//1120 5981//1000 5982//1122
f 5983//1181 5984//1057 5985//1121
f 5986//1122 5987//1058 5988//1182
f 5989//1059 5990//1123 5991//1183
f 5992//1184 5993//1124 5994//1060
f 5995//1001 5996//1125 5997//1123
f 5998//1124 5999//1126 6000//1002
f 6001//1183 6002//1061 6003//1059
f 6004//1060 6005//1062 6006//1184
f 6007//1003 6008//1127 6009//1125
f 6010//1126 6011//1128 6012//1004
f 6013//1061 6014//1185 6015//1063
f 6016//1064 6017//1186 6018//1062
f 6019//1005 6020//1129 6021//1127
f 6022//1128 6023//1130 6024//1006
f 6025//1063 6026//1187 6027//1065
f 6028//1066 6029//1188 6030//1064
f 6031//1131 6032//1189 6033//1067
f 6034//1068 6035//1190 6036//1132
f 6037//1133 6038//1131 6039//1011
f 6040//1012 6041//1132 6042//1134
f 6043//1135 6044//1133 6045//1013
f 6046//1014 6047//1134 6048//1136
f 6049//1137 6050//1135 6051//1015
f 6052//1016 6053//1136 6054//1138
f 6055//1191 6056//1137 6057//1069
f 6058//1070 6059//1138 6060//1192
f 6061//812 6062//1139 6063//1019
f 6064//1020 6065//1140 6066//811
f 6067//754 6068//1143 6069//812
f 6070//811 6071//1144 6072//753
f 6073//225 6074//225 6075//225
f 6076//226 6077//226 6078//226
f 6079//1193 6080//1194 6081//1141
f 6082//1142 6083//1195 6084//1196
f 6085//1071 6086//1141 6087//1194
f 6088//1195 6089//1142 6090//1072
f 6091//1073 6092//1071 6093//1197
f 6094//1198 6095//1072 6096//1074
f 6097//1023 6098//1145 6099//1143
f 6100//1144 6101//1146 6102//1024
f 6103//1025 6104//1147 6105//1145
f 6106//1146 6107//1148 6108//1026
f 6109//1027 6110//1149 6111//1147
f 6112//1148 6113//1150 6114//1028
f 6115//1029 6116//1151 6117//1149
f 6118//1150 6119//1152 6120//1030
f 6121//1057 6122//1181 6123//1151
f 6124//1152 6125//1182 6126//1058
f 6127//1075 6128//1073 6129//1199
f 6130//1200 6131//1074 6132//1076
f 6133//1077 6134//1075 6135//1201
f 6136//1202 6137//1076 6138//1078
f 6139//1079 6140//1077 6141//1203
f 6142//1204 6143//1078 6144//1080
f 6145//1081 6146//1079 6147//1205
f 6148//1206 6149//1080 6150//1082
f 6151//1081 6152//1207 6153//1111
f 6154//1112 6155//1208 6156//1082
f 6157//1083 6158//1209 6159//1085
f 6160//1086 6161//1210 6162//1084
f 6163//1085 6164//1211 6165//1089
f 6166//1090 6167//1212 6168//1086
f 6169//1089 6170//1213 6171//1091
f 6172//1092 6173//1214 6174//1090
f 6175//1153 6176//226 6177//226
f 6178//225 6179//225 6180//1154
f 6181//1157 6182//1215 6183//1155
f 6184//1160 6185//1216 6186//1158
f 6187//1163 6188//1155 6189//1165
f 6190//1168 6191//1160 6192//1164
f 6193//1166 6194//1165 6195//1169
f 6196//1172 6197//1168 6198//1167
f 6199//1170 6200//1169 6201//1173
f 6202//1176 6203//1172 6204//1171
f 6205//1174 6206//1173 6207//1217
f 6208//1218 6209//1176 6210//1175
f 6211//1217 6212//1219 6213//1174
f 6214//1175 6215//1220 6216//1218
f 6217//1221 6218//1222 6219//1219
f 6220//1220 6221//1223 6222//1224
f 6223//1225 6224//1105 6225//1099
f 6226//1100 6227//1106 6228//1226
f 6229//1227 6230//1177 6231//1101
f 6232//1102 6233//1178 6234//1228
f 6235//1229 6236//1101 6237//1179
f 6238//1180 6239//1102 6240//1230
f 6241//1231 6242//1107 6243//1103
f 6244//1104 6245//1108 6246//1232
f 6247//1233 6248//1103 6249//1105
f 6250//1106 6251//1104 6252//1234
f 6253//1235 6254//1109 6255//1107
f 6256//1108 6257//1110 6258//1236
f 6259//1209 6260//1083 6261//1109
f 6262//1110 6263//1084 6264//1210
f 6265//1111 6266//1237 6267//1113
f 6268//1114 6269//1238 6270//1112
f 6271//1113 6272//1239 6273//1179
f 6274//1180 6275//1240 6276//1114
f 6277//1241 6278//1242 6279//1222
f 6280//1223 6281//1243 6282//1244
f 6283//1245 6284//1246 6285//1242
f 6286//1243 6287//1247 6288//1248
f 6289//1249 6290//1250 6291//1246
f 6292//1247 6293//1251 6294//1252
f 6295//1253 6296//1254 6297//1250
f 6298//1251 6299//1255 6300//1256
f 6301//1257 6302//1183 6303//1123
f 6304//1124 6305//1184 6306//1258
f 6307//1259 6308//1123 6309//1125
f 6310//1126 6311//1124 6312//1260
f 6313//1061 6314//1183 6315//1261
f 6316//1262 6317//1184 6318//1062
f 6319//1263 6320//1125 6321//1127
f 6322//1128 6323//1126 6324//1264
f 6325//1185 6326//1061 6327//1261
f 6328//1262 6329//1062 6330//1186
f 6331//1187 6332//1063 6333//1185
f 6334//1186 6335//1064 6336//1188
f 6337//1265 6338//1127 6339//1129
f 6340//1130 6341//1128 6342//1266
f 6343//1189 6344//1131 6345//1267
f 6346//1268 6347//1132 6348//1190
f 6349//1131 6350//1133 6351//1269
f 6352//1270 6353//1134 6354//1132
f 6355//1133 6356//1135 6357//1271
f 6358//1272 6359//1136 6360//1134
f 6361//1135 6362//1137 6363//1273
f 6364//1274 6365//1138 6366//1136
f 6367//1137 6368//1191 6369//1275
f 6370//1276 6371//1192 6372//1138
f 6373//1139 6374//812 6375//880
f 6376//879 6377//811 6378//1140
f 6379//1277 6380//812 6381//1143
f 6382//1144 6383//811 6384//1278
f 6385//225 6386//225 6387//225
f 6388//226 6389//226 6390//226
f 6391//1194 6392//1193 6393//1279
f 6394//1280 6395//1196 6396//1195
f 6397//1194 6398//1197 6399//1071
f 6400//1072 6401//1198 6402//1195
f 6403//1197 6404//1199 6405//1073
f 6406//1074 6407//1200 6408//1198
f 6409//1281 6410//1143 6411//1145
f 6412//1146 6413//1144 6414//1282
f 6415//1283 6416//1145 6417//1147
f 6418//1148 6419//1146 6420//1284
f 6421//1285 6422//1147 6423//1149
f 6424//1150 6425//1148 6426//1286
f 6427//1287 6428//1149 6429//1151
f 6430//1152 6431//1150 6432//1288
f 6433//1289 6434//1151 6435//1181
f 6436//1182 6437//1152 6438//1290
f 6439//1199 6440//1201 6441//1075
f 6442//1076 6443//1202 6444//1200
f 6445//1201 6446//1203 6447//1077
f 6448//1078 6449//1204 6450//1202
f 6451//1203 6452//1205 6453//1079
f 6454//1080 6455//1206 6456//1204
f 6457//1207 6458//1081 6459//1205
f 6460//1206 6461//1082 6462//1208
f 6463//1237 6464//1111 6465//1207
f 6466//1208 6467//1112 6468//1238
f 6469//1211 6470//1085 6471//1209
f 6472//1210 6473//1086 6474//1212
f 6475//1213 6476//1089 6477//1211
f 6478//1212 6479//1090 6480//1214
f 6481//1291 6482//1292 6483//1153
f 6484//1154 6485//1293 6486//1294
f 6487//1215 6488//1157 6489//1295
f 6490//1296 6491//1158 6492//1216
f 6493//1153 6494//226 6495//226
f 6496//225 6497//225 6498//1154
f 6499//1215 6500//1165 6501//1155
f 6502//1160 6503//1168 6504//1216
f 6505//1297 6506//1169 6507//1165
f 6508//1168 6509//1172 6510//1298
f 6511//1299 6512//1173 6513//1169
f 6514//1172 6515//1176 6516//1300
f 6517//1301 6518//1217 6519//1173
f 6520//1176 6521//1218 6522//1302
f 6523//1219 6524//1217 6525//1221
f 6526//1224 6527//1218 6528//1220
f 6529//1222 6530//1221 6531//1241
f 6532//1244 6533//1224 6534//1223
f 6535//1105 6536//1225 6537//1233
f 6538//1234 6539//1226 6540//1106
f 6541//1177 6542//1227 6543//1303
f 6544//1304 6545//1228 6546//1178
f 6547//1101 6548//1229 6549//1227
f 6550//1228 6551//1230 6552//1102
f 6553//1179 6554//1305 6555//1229
f 6556//1230 6557//1306 6558//1180
f 6559//1107 6560//1231 6561//1235
f 6562//1236 6563//1232 6564//1108
f 6565//1103 6566//1233 6567//1231
f 6568//1232 6569//1234 6570//1104
f 6571//1109 6572//1235 6573//1209
f 6574//1210 6575//1236 6576//1110
f 6577//1239 6578//1113 6579//1237
f 6580//1238 6581//1114 6582//1240
f 6583//1305 6584//1179 6585//1239
f 6586//1240 6587//1180 6588//1306
f 6589//1242 6590//1241 6591//1245
f 6592//1248 6593//1244 6594//1243
f 6595//1246 6596//1245 6597//1249
f 6598//1252 6599//1248 6600//1247
f 6601//1250 6602//1249 6603//1253
f 6604//1256 6605//1252 6606//1251
f 6607//1254 6608//1253 6609//1307
f 6610//1308 6611//1256 6612//1255
f 6613//1183 6614//1257 6615//1309
f 6616//1310 6617//1258 6618//1184
f 6619//1123 6620//1259 6621//1257
f 6622//1258 6623//1260 6624//1124
f 6625//1125 6626//1263 6627//1259
f 6628//1260 6629//1264 6630//1126
f 6631//1309 6632//1261 6633//1183
f 6634//1184 6635//1262 6636//1310
f 6637//1127 6638//1265 6639//1263
f 6640//1264 6641//1266 6642//1128
f 6643//1261 6644//1311 6645//1185
f 6646//1186 6647//1312 6648//1262
f 6649//1185 6650//1313 6651//1187
f 6652//1188 6653//1314 6654//1186
f 6655//1267 6656//1315 6657//1189
f 6658//1190 6659//1316 6660//1268
f 6661//1269 6662//1267 6663//1131
f 6664//1132 6665//1268 6666//1270
f 6667//1271 6668//1269 6669//1133
f 6670//1134 6671//1270 6672//1272
f 6673//1273 6674//1271 6675//1135
f 6676//1136 6677//1272 6678//1274
f 6679//1275 6680//1273 6681//1137
f 6682//1138 6683//1274 6684//1276
f 6685//936 6686//1275 6687//1191
f 6688//1192 6689//1276 6690//935
f 6691//812 6692//1277 6693//880
f 6694//879 6695//1278 6696//811
f 6697//1143 6698//1281 6699//1277
f 6700//1278 6701//1282 6702//1144
f 6703//225 6704//225 6705//225
f 6706//226 6707//226 6708//226
f 6709//1317 6710//1279 6711//1193
f 6712//1196 6713//1280 6714//1318
f 6715//1279 6716//1319 6717//1194
f 6718//1195 6719//1320 6720//1280
f 6721//1197 6722//1194 6723//1319
f 6724//1320 6725//1195 6726//1198
f 6727//1199 6728//1197 6729//1321
f 6730//1322 6731//1198 6732//1200
f 6733//1145 6734//1283 6735//1281
f 6736//1282 6737//1284 6738//1146
f 6739//1147 6740//1285 6741//1283
f 6742//1284 6743//1286 6744//1148
f 6745//1149 6746//1287 6747//1285
f 6748//1286 6749//1288 6750//1150
f 6751//1151 6752//1289 6753//1287
f 6754//1288 6755//1290 6756//1152
f 6757//1307 6758//1323 6759//1254
f 6760//1255 6761//1324 6762//1308
f 6763//1201 6764//1199 6765//1325
f 6766//1326 6767//1200 6768//1202
f 6769//1203 6770//1201 6771//1327
f 6772//1328 6773//1202 6774//1204
f 6775//1205 6776//1203 6777//1329
f 6778//1330 6779//1204 6780//1206
f 6781//1205 6782//1331 6783//1207
f 6784//1208 6785//1332 6786//1206
f 6787//1207 6788//1333 6789//1237
f 6790//1238 6791//1334 6792//1208
f 6793//1209 6794//1335 6795//1211
f 6796//1212 6797//1336 6798//1210
f 6799//1211 6800//1337 6801//1213
f 6802//1214 6803//1338 6804//1212
f 6805//1339 6806//1340 6807//1292
f 6808//1293 6809//1341 6810//1342
f 6811//1292 6812//1291 6813//1339
f 6814//1342 6815//1294 6816//1293
f 6817//1153 6818//226 6819//1291
f 6820//1294 6821//225 6822//1154
f 6823//1343 6824//1295 6825//1344
f 6826//1345 6827//1296 6828//1346
f 6829//1295 6830//1343 6831//1215
f 6832//1216 6833//1346 6834//1296
f 6835//1153 6836//226 6837//226
f 6838//225 6839//225 6840//1154
f 6841//1165 6842//1215 6843//1297
f 6844//1298 6845//1216 6846//1168
f 6847//1169 6848//1297 6849//1299
f 6850//1300 6851//1298 6852//1172
f 6853//1173 6854//1299 6855//1301
f 6856//1302 6857//1300 6858//1176
f 6859//1217 6860//1301 6861//1347
f 6862//1348 6863//1302 6864//1218
f 6865//1347 6866//1221 6867//1217
f 6868//1218 6869//1224 6870//1348
f 6871//1349 6872//1241 6873//1221
f 6874//1224 6875//1244 6876//1350
f 6877//1351 6878//1233 6879//1225
f 6880//1226 6881//1234 6882//1352
f 6883//1353 6884//1303 6885//1227
f 6886//1228 6887//1304 6888//1354
f 6889//1355 6890//1227 6891//1229
f 6892//1230 6893//1228 6894//1356
f 6895//1357 6896//1229 6897//1305
f 6898//1306 6899//1230 6900//1358
f 6901//1359 6902//1235 6903//1231
f 6904//1232 6905//1236 6906//1360
f 6907//1361 6908//1231 6909//1233
f 6910//1234 6911//1232 6912//1362
f 6913//1335 6914//1209 6915//1235
f 6916//1236 6917//1210 6918//1336
f 6919//1237 6920//1363 6921//1239
f 6922//1240 6923//1364 6924//1238
f 6925//1239 6926//1365 6927//1305
f 6928//1306 6929//1366 6930//1240
f 6931//1367 6932//1245 6933//1241
f 6934//1244 6935//1248 6936//1368
f 6937//1369 6938//1249 6939//1245
f 6940//1248 6941//1252 6942//1370
f 6943//1371 6944//1253 6945//1249
f 6946//1252 6947//1256 6948//1372
f 6949//1373 6950//1307 6951//1253
f 6952//1256 6953//1308 6954//1374
f 6955//1375 6956//1309 6957//1257
f 6958//1258 6959//1310 6960//1376
f 6961//1377 6962//1257 6963//1259
f 6964//1260 6965//1258 6966//1378
f 6967//1379 6968//1259 6969//1263
f 6970//1264 6971//1260 6972//1380
f 6973//1261 6974//1309 6975//1381
f 6976//1382 6977//1310 6978//1262
f 6979//1383 6980//1263 6981//1265
f 6982//1266 6983//1264 6984//1384
f 6985//1311 6986//1261 6987//1381
f 6988//1382 6989//1262 6990//1312
f 6991//1313 6992//1185 6993//1311
f 6994//1312 6995//1186 6996//1314
f 6997//1315 6998//1267 6999//1385
f 7000//1386 7001//1268 7002//1316
f 7003//1267 7004//1269 7005//1387
f 7006//1388 7007//1270 7008//1268
f 7009//1269 7010//1271 7011//1389
f 7012//1390 7013//1272 7014//1270
f 7015//1271 7016//1273 7017//1391
f 7018//1392 7019//1274 7020//1272
f 7021//1273 7022//1275 7023//1393
f 7024//1394 7025//1276 7026//1274
f 7027//1275 7028//936 7029//988
f 7030//987 7031//935 7032//1276
f 7033//1395 7034//936 7035//1396
f 7036//1397 7037//935 7038//1398
f 7039//1399 7040//1396 7041//1400
f 7042//1401 7043//1397 7044//1402
f 7045//225 7046//225 7047//225
f 7048//226 7049//226 7050//226
f 7051//1279 7052//1317 7053//1403
f 7054//1404 7055//1318 7056//1280
f 7057//1319 7058//1279 7059//1405
f 7060//1406 7061//1280 7062//1320
f 7063//1319 7064//1321 7065//1197
f 7066//1198 7067//1322 7068//1320
f 7069//1321 7070//1325 7071//1199
f 7072//1200 7073//1326 7074//1322
f 7075//1407 7076//1400 7077//1408
f 7078//1409 7079//1401 7080//1410
f 7081//1411 7082//1408 7083//1412
f 7084//1413 7085//1414 7086//1415
f 7087//1416 7088//1417 7089//1418
f 7090//1323 7091//1307 7092//1419
f 7093//1420 7094//1308 7095//1324
f 7096//1325 7097//1327 7098//1201
f 7099//1202 7100//1328 7101//1326
f 7102//1327 7103//1329 7104//1203
f 7105//1204 7106//1330 7107//1328
f 7108//1331 7109//1205 7110//1329
f 7111//1330 7112//1206 7113//1332
f 7114//1333 7115//1207 7116//1331
f 7117//1332 7118//1208 7119//1334
f 7120//1363 7121//1237 7122//1333
f 7123//1334 7124//1238 7125//1364
f 7126//1337 7127//1211 7128//1335
f 7129//1336 7130//1212 7131//1338
f 7132//1421 7133//1422 7134//1340
f 7135//1341 7136//1423 7137//1424
f 7138//1340 7139//1339 7140//1421
f 7141//1424 7142//1342 7143//1341
f 7144//1425 7145//1339 7146//1291
f 7147//1294 7148//1342 7149//1426
f 7150//1153 7151//226 7152//226
f 7153//225 7154//225 7155//1154
f 7156//1291 7157//226 7158//1425
f 7159//1426 7160//225 7161//1294
f 7162//1427 7163//1344 7164//1428
f 7165//1429 7166//1345 7167//1430
f 7168//1344 7169//1427 7170//1343
f 7171//1346 7172//1430 7173//1345
f 7174//1343 7175//1297 7176//1215
f 7177//1216 7178//1298 7179//1346
f 7180//1335 7181//1431 7182//1337
f 7183//1338 7184//1432 7185//1336
f 7186//1433 7187//1299 7188//1297
f 7189//1298 7190//1300 7191//1434
f 7192//1435 7193//1301 7194//1299
f 7195//1300 7196//1302 7197//1436
f 7198//1437 7199//1347 7200//1301
f 7201//1302 7202//1348 7203//1438
f 7204//1221 7205//1347 7206//1349
f 7207//1350 7208//1348 7209//1224
f 7210//1241 7211//1349 7212//1367
f 7213//1368 7214//1350 7215//1244
f 7216//1233 7217//1351 7218//1361
f 7219//1362 7220//1352 7221//1234
f 7222//1303 7223//1353 7224//1439
f 7225//1440 7226//1354 7227//1304
f 7228//1227 7229//1355 7230//1353
f 7231//1354 7232//1356 7233//1228
f 7234//1229 7235//1357 7236//1355
f 7237//1356 7238//1358 7239//1230
f 7240//1305 7241//1441 7242//1357
f 7243//1358 7244//1442 7245//1306
f 7246//1235 7247//1359 7248//1335
f 7249//1336 7250//1360 7251//1236
f 7252//1231 7253//1361 7254//1359
f 7255//1360 7256//1362 7257//1232
f 7258//1365 7259//1239 7260//1363
f 7261//1364 7262//1240 7263//1366
f 7264//1441 7265//1305 7266//1365
f 7267//1366 7268//1306 7269//1442
f 7270//1245 7271//1367 7272//1369
f 7273//1370 7274//1368 7275//1248
f 7276//1249 7277//1369 7278//1371
f 7279//1372 7280//1370 7281//1252
f 7282//1253 7283//1371 7284//1373
f 7285//1374 7286//1372 7287//1256
f 7288//1307 7289//1373 7290//1443
f 7291//1444 7292//1374 7293//1308
f 7294//1309 7295//1375 7296//1445
f 7297//1446 7298//1376 7299//1310
f 7300//1257 7301//1377 7302//1375
f 7303//1376 7304//1378 7305//1258
f 7306//1259 7307//1379 7308//1377
f 7309//1378 7310//1380 7311//1260
f 7312//1263 7313//1383 7314//1379
f 7315//1380 7316//1384 7317//1264
f 7318//1445 7319//1381 7320//1309
f 7321//1310 7322//1382 7323//1446
f 7324//1385 7325//1447 7326//1315
f 7327//1316 7328//1448 7329//1386
f 7330//1381 7331//1449 7332//1311
f 7333//1312 7334//1450 7335//1382
f 7336//1311 7337//1451 7338//1313
f 7339//1314 7340//1452 7341//1312
f 7342//1387 7343//1385 7344//1267
f 7345//1268 7346//1386 7347//1388
f 7348//1389 7349//1387 7350//1269
f 7351//1270 7352//1388 7353//1390
f 7354//1391 7355//1389 7356//1271
f 7357//1272 7358//1390 7359//1392
f 7360//1393 7361//1391 7362//1273
f 7363//1274 7364//1392 7365//1394
f 7366//988 7367//1393 7368//1275
f 7369//1276 7370//1394 7371//987
f 7372//936 7373//1395 7374//988
f 7375//987 7376//1398 7377//935
f 7378//1396 7379//1399 7380//1395
f 7381//1398 7382//1402 7383//1397
f 7384//1400 7385//1407 7386//1399
f 7387//1402 7388//1410 7389//1401
f 7390//225 7391//225 7392//225
f 7393//226 7394//226 7395//226
f 7396//1453 7397//1403 7398//1317
f 7399//1318 7400//1404 7401//1454
f 7402//1403 7403//1405 7404//1279
f 7405//1280 7406//1406 7407//1404
f 7408//1405 7409//1455 7410//1319
f 7411//1320 7412//1456 7413//1406
f 7414//1321 7415//1319 7416//1455
f 7417//1456 7418//1320 7419//1322
f 7420//1325 7421//1321 7422//1457
f 7423//1458 7424//1322 7425//1326
f 7426//1408 7427//1411 7428//1407
f 7429//1410 7430//1459 7431//1409
f 7432//1460 7433//1409 7434//1459
f 7435//1412 7436//1461 7437//1411
f 7438//1459 7439//1462 7440//1460
f 7441//1414 7442//1413 7443//1461
f 7444//1462 7445//1418 7446//1417
f 7447//1463 7448//1464 7449//1465
f 7450//1466 7451//1467 7452//1468
f 7453//1443 7454//1419 7455//1307
f 7456//1308 7457//1420 7458//1444
f 7459//1327 7460//1325 7461//1469
f 7462//1470 7463//1326 7464//1328
f 7465//1329 7466//1327 7467//1471
f 7468//1472 7469//1328 7470//1330
f 7471//1329 7472//1473 7473//1331
f 7474//1332 7475//1474 7476//1330
f 7477//1331 7478//1475 7479//1333
f 7480//1334 7481//1476 7482//1332
f 7483//1333 7484//1477 7485//1363
f 7486//1364 7487//1478 7488//1334
f 7489//1479 7490//1480 7491//1422
f 7492//1423 7493//1481 7494//1482
f 7495//1422 7496//1421 7497//1479
f 7498//1482 7499//1424 7500//1423
f 7501//1483 7502//1421 7503//1339
f 7504//1342 7505//1424 7506//1484
f 7507//1339 7508//1425 7509//1483
f 7510//1484 7511//1426 7512//1342
f 7513//1359 7514//1485 7515//1431
f 7516//1432 7517//1486 7518//1360
f 7519//1425 7520//226 7521//226
f 7522//225 7523//225 7524//1426
f 7525//1487 7526//1428 7527//1488
f 7528//1489 7529//1429 7530//1490
f 7531//1428 7532//1487 7533//1427
f 7534//1430 7535//1490 7536//1429
f 7537//1427 7538//1433 7539//1343
f 7540//1346 7541//1434 7542//1430
f 7543//1297 7544//1343 7545//1433
f 7546//1434 7547//1346 7548//1298
f 7549//1431 7550//1335 7551//1359
f 7552//1360 7553//1336 7554//1432
f 7555//1299 7556//1433 7557//1435
f 7558//1436 7559//1434 7560//1300
f 7561//1301 7562//1435 7563//1437
f 7564//1438 7565//1436 7566//1302
f 7567//1347 7568//1437 7569//1491
f 7570//1492 7571//1438 7572//1348
f 7573//1491 7574//1349 7575//1347
f 7576//1348 7577//1350 7578//1492
f 7579//1493 7580//1367 7581//1349
f 7582//1350 7583//1368 7584//1494
f 7585//1495 7586//1361 7587//1351
f 7588//1352 7589//1362 7590//1496
f 7591//1497 7592//1439 7593//1353
f 7594//1354 7595//1440 7596//1498
f 7597//1499 7598//1353 7599//1355
f 7600//1356 7601//1354 7602//1500
f 7603//1501 7604//1355 7605//1357
f 7606//1358 7607//1356 7608//1502
f 7609//1503 7610//1357 7611//1441
f 7612//1442 7613//1358 7614//1504
f 7615//1485 7616//1359 7617//1361
f 7618//1362 7619//1360 7620//1486
f 7621//1363 7622//1505 7623//1365
f 7624//1366 7625//1506 7626//1364
f 7627//1365 7628//1507 7629//1441
f 7630//1442 7631//1508 7632//1366
f 7633//1509 7634//1369 7635//1367
f 7636//1368 7637//1370 7638//1510
f 7639//1511 7640//1371 7641//1369
f 7642//1370 7643//1372 7644//1512
f 7645//1513 7646//1373 7647//1371
f 7648//1372 7649//1374 7650//1514
f 7651//1515 7652//1443 7653//1373
f 7654//1374 7655//1444 7656//1516
f 7657//1517 7658//1445 7659//1375
f 7660//1376 7661//1446 7662//1518
f 7663//1519 7664//1375 7665//1377
f 7666//1378 7667//1376 7668//1520
f 7669//1521 7670//1377 7671//1379
f 7672//1380 7673//1378 7674//1522
f 7675//1523 7676//1379 7677//1383
f 7678//1384 7679//1380 7680//1524
f 7681//1381 7682//1445 7683//1525
f 7684//1526 7685//1446 7686//1382
f 7687//1447 7688//1385 7689//1527
f 7690//1528 7691//1386 7692//1448
f 7693//1449 7694//1381 7695//1525
f 7696//1526 7697//1382 7698//1450
f 7699//1451 7700//1311 7701//1449
f 7702//1450 7703//1312 7704//1452
f 7705//1385 7706//1387 7707//1529
f 7708//1530 7709//1388 7710//1386
f 7711//1387 7712//1389 7713//1531
f 7714//1532 7715//1390 7716//1388
f 7717//1389 7718//1391 7719//1533
f 7720//1534 7721//1392 7722//1390
f 7723//1391 7724//1393 7725//1535
f 7726//1536 7727//1394 7728//1392
f 7729//1393 7730//988 7731//1082
f 7732//1081 7733//987 7734//1394
f 7735//1537 7736//988 7737//1395
f 7738//1398 7739//987 7740//1538
f 7741//1539 7742//1395 7743//1399
f 7744//1402 7745//1398 7746//1540
f 7747//1541 7748//1399 7749//1407
f 7750//1410 7751//1402 7752//1542
f 7753//225 7754//225 7755//225
f 7756//226 7757//226 7758//226
f 7759//1403 7760//1453 7761//1543
f 7762//1544 7763//1454 7764//1404
f 7765//1405 7766//1403 7767//1545
f 7768//1546 7769//1404 7770//1406
f 7771//1455 7772//1405 7773//1547
f 7774//1548 7775//1406 7776//1456
f 7777//1455 7778//1457 7779//1321
f 7780//1322 7781//1458 7782//1456
f 7783//1457 7784//1469 7785//1325
f 7786//1326 7787//1470 7788//1458
f 7789//1549 7790//1407 7791//1411
f 7792//1459 7793//1410 7794//1550
f 7795//1461 7796//1412 7797//1414
f 7798//1417 7799//1460 7800//1462
f 7801//1551 7802//1411 7803//1461
f 7804//1462 7805//1459 7806//1552
f 7807//1553 7808//1461 7809//1413
f 7810//1418 7811//1462 7812//1554
f 7813//1464 7814//1463 7815//1555
f 7816//1556 7817//1468 7818//1467
f 7819//1419 7820//1443 7821//1557
f 7822//1558 7823//1444 7824//1420
f 7825//1469 7826//1471 7827//1327
f 7828//1328 7829//1472 7830//1470
f 7831//1473 7832//1329 7833//1471
f 7834//1472 7835//1330 7836//1474
f 7837//1475 7838//1331 7839//1473
f 7840//1474 7841//1332 7842//1476
f 7843//1477 7844//1333 7845//1475
f 7846//1476 7847//1334 7848//1478
f 7849//1505 7850//1363 7851//1477
f 7852//1478 7853//1364 7854//1506
f 7855//1559 7856//1560 7857//1480
f 7858//1481 7859//1561 7860//1562
f 7861//1480 7862//1479 7863//1559
f 7864//1562 7865//1482 7866//1481
f 7867//1563 7868//1479 7869//1421
f 7870//1424 7871//1482 7872//1564
f 7873//1421 7874//1483 7875//1563
f 7876//1564 7877//1484 7878//1424
f 7879//1565 7880//1483 7881//1425
f 7882//1426 7883//1484 7884//1566
f 7885//1361 7886//1495 7887//1485
f 7888//1486 7889//1496 7890//1362
f 7891//1425 7892//226 7893//1565
f 7894//1566 7895//225 7896//1426
f 7897//1567 7898//1488 7899//1560
f 7900//1561 7901//1489 7902//1568
f 7903//1488 7904//1567 7905//1487
f 7906//1490 7907//1568 7908//1489
f 7909//1433 7910//1427 7911//1569
f 7912//1570 7913//1430 7914//1434
f 7915//1569 7916//1435 7917//1433
f 7918//1434 7919//1436 7920//1570
f 7921//1571 7922//1437 7923//1435
f 7924//1436 7925//1438 7926//1572
f 7927//1573 7928//1491 7929//1437
f 7930//1438 7931//1492 7932//1574
f 7933//1349 7934//1491 7935//1493
f 7936//1494 7937//1492 7938//1350
f 7939//1367 7940//1493 7941//1509
f 7942//1510 7943//1494 7944//1368
f 7945//1439 7946//1497 7947//1575
f 7948//1576 7949//1498 7950//1440
f 7951//1353 7952//1499 7953//1497
f 7954//1498 7955//1500 7956//1354
f 7957//1355 7958//1501 7959//1499
f 7960//1500 7961//1502 7962//1356
f 7963//1357 7964//1503 7965//1501
f 7966//1502 7967//1504 7968//1358
f 7969//1441 7970//1577 7971//1503
f 7972//1504 7973//1578 7974//1442
f 7975//1507 7976//1365 7977//1505
f 7978//1506 7979//1366 7980//1508
f 7981//1577 7982//1441 7983//1507
f 7984//1508 7985//1442 7986//1578
f 7987//1369 7988//1509 7989//1511
f 7990//1512 7991//1510 7992//1370
f 7993//1371 7994//1511 7995//1513
f 7996//1514 7997//1512 7998//1372
f 7999//1373 8000//1513 8001//1515
f 8002//1516 8003//1514 8004//1374
f 8005//1443 8006//1515 8007//1579
f 8008//1580 8009//1516 8010//1444
f 8011//1445 8012//1517 8013//1581
f 8014//1582 8015//1518 8016//1446
f 8017//1375 8018//1519 8019//1517
f 8020//1518 8021//1520 8022//1376
f 8023//1377 8024//1521 8025//1519
f 8026//1520 8027//1522 8028//1378
f 8029//1379 8030//1523 8031//1521
f 8032//1522 8033//1524 8034//1380
f 8035//1527 8036//1583 8037//1447
f 8038//1448 8039//1584 8040//1528
f 8041//1581 8042//1525 8043//1445
f 8044//1446 8045//1526 8046//1582
f 8047//1529 8048//1527 8049//1385
f 8050//1386 8051//1528 8052//1530
f 8053//1525 8054//1585 8055//1449
f 8056//1450 8057//1586 8058//1526
f 8059//1449 8060//1587 8061//1451
f 8062//1452 8063//1588 8064//1450
f 8065//1531 8066//1529 8067//1387
f 8068//1388 8069//1530 8070//1532
f 8071//1533 8072//1531 8073//1389
f 8074//1390 8075//1532 8076//1534
f 8077//1535 8078//1533 8079//1391
f 8080//1392 8081//1534 8082//1536
f 8083//1082 8084//1535 8085//1393
f 8086//1394 8087//1536 8088//1081
f 8089//988 8090//1537 8091//1082
f 8092//1081 8093//1538 8094//987
f 8095//1395 8096//1539 8097//1537
f 8098//1538 8099//1540 8100//1398
f 8101//1399 8102//1541 8103//1539
f 8104//1540 8105//1542 8106//1402
f 8107//1407 8108//1549 8109//1541
f 8110//1542 8111//1550 8112//1410
f 8113//225 8114//225 8115//225
f 8116//226 8117//226 8118//226
f 8119//1543 8120//1453 8121//1589
f 8122//1590 8123//1454 8124//1544
f 8125//1543 8126//1545 8127//1403
f 8128//1404 8129//1546 8130//1544
f 8131//1545 8132//1547 8133//1405
f 8134//1406 8135//1548 8136//1546
f 8137//1547 8138//1591 8139//1455
f 8140//1456 8141//1592 8142//1548
f 8143//1457 8144//1455 8145//1591
f 8146//1592 8147//1456 8148//1458
f 8149//1469 8150//1457 8151//1593
f 8152//1594 8153//1458 8154//1470
f 8155//1411 8156//1551 8157//1549
f 8158//1550 8159//1552 8160//1459
f 8161//1461 8162//1553 8163//1551
f 8164//1552 8165//1554 8166//1462
f 8167//1555 8168//1595 8169//1464
f 8170//1467 8171//1596 8172//1556
f 8173//1597 8174//1555 8175//1463
f 8176//1468 8177//1556 8178//1598
f 8179//1579 8180//1557 8181//1443
f 8182//1444 8183//1558 8184//1580
f 8185//1471 8186//1469 8187//1599
f 8188//1600 8189//1470 8190//1472
f 8191//1471 8192//1601 8193//1473
f 8194//1474 8195//1602 8196//1472
f 8197//1473 8198//1603 8199//1475
f 8200//1476 8201//1604 8202//1474
f 8203//1475 8204//1605 8205//1477
f 8206//1478 8207//1606 8208//1476
f 8209//1477 8210//1607 8211//1505
f 8212//1506 8213//1608 8214//1478
f 8215//1560 8216//1559 8217//1567
f 8218//1568 8219//1562 8220//1561
f 8221//1609 8222//1559 8223//1479
f 8224//1482 8225//1562 8226//1610
f 8227//1479 8228//1563 8229//1609
f 8230//1610 8231//1564 8232//1482
f 8233//1611 8234//1563 8235//1483
f 8236//1484 8237//1564 8238//1612
f 8239//1483 8240//1565 8241//1611
f 8242//1612 8243//1566 8244//1484
f 8245//1565 8246//226 8247//1613
f 8248//1614 8249//225 8250//1566
f 8251//1615 8252//1487 8253//1567
f 8254//1568 8255//1490 8256//1616
f 8257//1487 8258//1569 8259//1427
f 8260//1430 8261//1570 8262//1490
f 8263//1435 8264//1569 8265//1571
f 8266//1572 8267//1570 8268//1436
f 8269//1437 8270//1571 8271//1573
f 8272//1574 8273//1572 8274//1438
f 8275//1491 8276//1573 8277//1617
f 8278//1618 8279//1574 8280//1492
f 8281//1617 8282//1493 8283//1491
f 8284//1492 8285//1494 8286//1618
f 8287//1619 8288//1509 8289//1493
f 8290//1494 8291//1510 8292//1620
f 8293//1621 8294//226 8295//226
f 8296//225 8297//225 8298//1622
f 8299//1623 8300//226 8301//226
f 8302//225 8303//225 8304//1624
f 8305//1625 8306//226 8307//226
f 8308//225 8309//225 8310//1626
f 8311//1627 8312//226 8313//226
f 8314//225 8315//225 8316//1628
f 8317//1629 8318//226 8319//226
f 8320//225 8321//225 8322//1630
f 8323//1505 8324//1631 8325//1507
f 8326//1508 8327//1632 8328//1506
f 8329//1507 8330//1633 8331//1577
f 8332//1578 8333//1634 8334//1508
f 8335//1635 8336//1511 8337//1509
f 8338//1510 8339//1512 8340//1636
f 8341//1637 8342//1513 8343//1511
f 8344//1512 8345//1514 8346//1638
f 8347//1639 8348//1515 8349//1513
f 8350//1514 8351//1516 8352//1640
f 8353//1641 8354//1579 8355//1515
f 8356//1516 8357//1580 8358//1642
f 8359//1643 8360//1581 8361//1517
f 8362//1518 8363//1582 8364//1644
f 8365//1645 8366//1517 8367//1519
f 8368//1520 8369//1518 8370//1646
f 8371//1647 8372//1519 8373//1521
f 8374//1522 8375//1520 8376//1648
f 8377//1649 8378//1521 8379//1523
f 8380//1524 8381//1522 8382//1650
f 8383//1583 8384//1527 8385//1651
f 8386//1652 8387//1528 8388//1584
f 8389//1525 8390//1581 8391//1653
f 8392//1654 8393//1582 8394//1526
f 8395//1527 8396//1529 8397//1655
f 8398//1656 8399//1530 8400//1528
f 8401//1585 8402//1525 8403//1653
f 8404//1654 8405//1526 8406//1586
f 8407//1587 8408//1449 8409//1585
f 8410//1586 8411//1450 8412//1588
f 8413//1529 8414//1531 8415//1657
f 8416//1658 8417//1532 8418//1530
f 8419//1531 8420//1533 8421//1659
f 8422//1660 8423//1534 8424//1532
f 8425//1533 8426//1535 8427//1661
f 8428//1662 8429//1536 8430//1534
f 8431//1535 8432//1082 8433//1206
f 8434//1205 8435//1081 8436//1536
f 8437//1663 8438//1082 8439//1537
f 8440//1538 8441//1081 8442//1664
f 8443//1665 8444//1537 8445//1539
f 8446//1540 8447//1538 8448//1666
f 8449//1667 8450//1539 8451//1541
f 8452//1542 8453//1540 8454//1668
f 8455//1669 8456//1541 8457//1549
f 8458//1550 8459//1542 8460//1670
f 8461//225 8462//225 8463//225
f 8464//226 8465//226 8466//226
f 8467//1543 8468//1589 8469//1671
f 8470//1672 8471//1590 8472//1544
f 8473//1545 8474//1543 8475//1673
f 8476//1674 8477//1544 8478//1546
f 8479//1547 8480//1545 8481//1675
f 8482//1676 8483//1546 8484//1548
f 8485//1591 8486//1547 8487//1677
f 8488//1678 8489//1548 8490//1592
f 8491//1591 8492//1593 8493//1457
f 8494//1458 8495//1594 8496//1592
f 8497//1593 8498//1599 8499//1469
f 8500//1470 8501//1600 8502//1594
f 8503//1679 8504//1549 8505//1551
f 8506//1552 8507//1550 8508//1680
f 8509//1681 8510//1551 8511//1553
f 8512//1554 8513//1552 8514//1682
f 8515//1595 8516//1555 8517//1683
f 8518//1684 8519//1556 8520//1596
f 8521//1555 8522//1597 8523//1685
f 8524//1686 8525//1598 8526//1556
f 8527//1557 8528//1579 8529//1687
f 8530//1688 8531//1580 8532//1558
f 8533//1601 8534//1471 8535//1599
f 8536//1600 8537//1472 8538//1602
f 8539//1603 8540//1473 8541//1601
f 8542//1602 8543//1474 8544//1604
f 8545//1605 8546//1475 8547//1603
f 8548//1604 8549//1476 8550//1606
f 8551//1607 8552//1477 8553//1605
f 8554//1606 8555//1478 8556//1608
f 8557//1631 8558//1505 8559//1607
f 8560//1608 8561//1506 8562//1632
f 8563//1689 8564//1567 8565//1559
f 8566//1562 8567//1568 8568//1690
f 8569//1559 8570//1609 8571//1689
f 8572//1690 8573//1610 8574//1562
f 8575//1691 8576//1609 8577//1563
f 8578//1564 8579//1610 8580//1692
f 8581//1563 8582//1611 8583//1691
f 8584//1692 8585//1612 8586//1564
f 8587//1613 8588//1611 8589//1565
f 8590//1566 8591//1612 8592//1614
f 8593//1613 8594//226 8595//1693
f 8596//1694 8597//225 8598//1614
f 8599//1487 8600//1615 8601//1695
f 8602//1696 8603//1616 8604//1490
f 8605//1567 8606//1689 8607//1615
f 8608//1616 8609//1690 8610//1568
f 8611//1569 8612//1487 8613//1695
f 8614//1696 8615//1490 8616//1570
f 8617//1695 8618//1571 8619//1569
f 8620//1570 8621//1572 8622//1696
f 8623//1697 8624//1573 8625//1571
f 8626//1572 8627//1574 8628//1698
f 8629//1699 8630//1617 8631//1573
f 8632//1574 8633//1618 8634//1700
f 8635//1493 8636//1617 8637//1619
f 8638//1620 8639//1618 8640//1494
f 8641//1509 8642//1619 8643//1635
f 8644//1636 8645//1620 8646//1510
f 8647//1693 8648//226 8649//1621
f 8650//1622 8651//225 8652//1694
f 8653//1621 8654//226 8655//1701
f 8656//1702 8657//225 8658//1622
f 8659//1701 8660//226 8661//1623
f 8662//1624 8663//225 8664//1702
f 8665//1623 8666//226 8667//1703
f 8668//1704 8669//225 8670//1624
f 8671//1703 8672//226 8673//1625
f 8674//1626 8675//225 8676//1704
f 8677//1625 8678//226 8679//1627
f 8680//1628 8681//225 8682//1626
f 8683//1627 8684//226 8685//1629
f 8686//1630 8687//225 8688//1628
f 8689//1629 8690//226 8691//226
f 8692//225 8693//225 8694//1630
f 8695//1633 8696//1507 8697//1631
f 8698//1632 8699//1508 8700//1634
f 8701//1511 8702//1635 8703//1637
f 8704//1638 8705//1636 8706//1512
f 8707//1513 8708//1637 8709//1639
f 8710//1640 8711//1638 8712//1514
f 8713//1515 8714//1639 8715//1641
f 8716//1642 8717//1640 8718//1516
f 8719//1579 8720//1641 8721//1705
f 8722//1706 8723//1642 8724//1580
f 8725//1581 8726//1643 8727//1707
f 8728//1708 8729//1644 8730//1582
f 8731//1517 8732//1645 8733//1643
f 8734//1644 8735//1646 8736//1518
f 8737//1519 8738//1647 8739//1645
f 8740//1646 8741//1648 8742//1520
f 8743//1521 8744//1649 8745//1647
f 8746//1648 8747//1650 8748//1522
f 8749//1651 8750//1709 8751//1583
f 8752//1584 8753//1710 8754//1652
f 8755//1655 8756//1651 8757//1527
f 8758//1528 8759//1652 8760//1656
f 8761//1707 8762//1653 8763//1581
f 8764//1582 8765//1654 8766//1708
f 8767//1657 8768//1655 8769//1529
f 8770//1530 8771//1656 8772//1658
f 8773//1653 8774//1711 8775//1585
f 8776//1586 8777//1712 8778//1654
f 8779//1659 8780//1657 8781//1531
f 8782//1532 8783//1658 8784//1660
f 8785//1661 8786//1659 8787//1533
f 8788//1534 8789//1660 8790//1662
f 8791//1206 8792//1661 8793//1535
f 8794//1536 8795//1662 8796//1205
f 8797//1082 8798//1663 8799//1206
f 8800//1205 8801//1664 8802//1081
f 8803//1537 8804//1665 8805//1663
f 8806//1664 8807//1666 8808//1538
f 8809//1539 8810//1667 8811//1665
f 8812//1666 8813//1668 8814//1540
f 8815//1541 8816//1669 8817//1667
f 8818//1668 8819//1670 8820//1542
f 8821//1549 8822//1679 8823//1669
f 8824//1670 8825//1680 8826//1550
f 8827//225 8828//225 8829//225
f 8830//226 8831//226 8832//226
f 8833//1713 8834//1671 8835//1589
f 8836//1590 8837//1672 8838//1714
f 8839//1673 8840//1543 8841//1671
f 8842//1672 8843//1544 8844//1674
f 8845//1673 8846//1675 8847//1545
f 8848//1546 8849//1676 8850//1674
f 8851//1675 8852//1677 8853//1547
f 8854//1548 8855//1678 8856//1676
f 8857//1677 8858//1715 8859//1591
f 8860//1592 8861//1716 8862//1678
f 8863//1593 8864//1591 8865//1715
f 8866//1716 8867//1592 8868//1594
f 8869//1599 8870//1593 8871//1717
f 8872//1718 8873//1594 8874//1600
f 8875//1551 8876//1681 8877//1679
f 8878//1680 8879//1682 8880//1552
f 8881//1683 8882//1719 8883//1595
f 8884//1596 8885//1720 8886//1684
f 8887//1685 8888//1683 8889//1555
f 8890//1556 8891//1684 8892//1686
f 8893//1721 8894//1685 8895//1597
f 8896//1598 8897//1686 8898//1722
f 8899//1705 8900//1687 8901//1579
f 8902//1580 8903//1688 8904//1706
f 8905//1599 8906//1723 8907//1601
f 8908//1602 8909//1724 8910//1600
f 8911//1601 8912//1725 8913//1603
f 8914//1604 8915//1726 8916//1602
f 8917//1603 8918//1727 8919//1605
f 8920//1606 8921//1728 8922//1604
f 8923//1605 8924//1729 8925//1607
f 8926//1608 8927//1730 8928//1606
f 8929//1607 8930//1731 8931//1631
f 8932//1632 8933//1732 8934//1608
f 8935//1733 8936//1689 8937//1609
f 8938//1610 8939//1690 8940//1734
f 8941//1609 8942//1691 8943//1733
f 8944//1734 8945//1692 8946//1610
f 8947//1735 8948//1691 8949//1611
f 8950//1612 8951//1692 8952//1736
f 8953//1611 8954//1613 8955//1735
f 8956//1736 8957//1614 8958//1612
f 8959//1693 8960//1735 8961//1613
f 8962//1614 8963//1736 8964//1694
f 8965//1737 8966//1695 8967//1615
f 8968//1616 8969//1696 8970//1738
f 8971//1739 8972//1615 8973//1689
f 8974//1690 8975//1616 8976//1740
f 8977//1571 8978//1695 8979//1697
f 8980//1698 8981//1696 8982//1572
f 8983//1573 8984//1697 8985//1699
f 8986//1700 8987//1698 8988//1574
f 8989//1617 8990//1699 8991//1741
f 8992//1742 8993//1700 8994//1618
f 8995//1741 8996//1619 8997//1617
f 8998//1618 8999//1620 9000//1742
f 9001//1743 9002//1635 9003//1619
f 9004//1620 9005//1636 9006//1744
f 9007//1621 9008//1745 9009//1693
f 9010//1694 9011//1746 9012//1622
f 9013//1701 9014//1747 9015//1621
f 9016//1622 9017//1748 9018//1702
f 9019//1623 9020//1749 9021//1701
f 9022//1702 9023//1750 9024//1624
f 9025//1703 9026//1751 9027//1623
f 9028//1624 9029//1752 9030//1704
f 9031//1625 9032//1753 9033//1703
f 9034//1704 9035//1754 9036//1626
f 9037//1627 9038//1755 9039//1625
f 9040//1626 9041//1756 9042//1628
f 9043//1629 9044//1757 9045//1627
f 9046//1628 9047//1758 9048//1630
f 9049//1629 9050//226 9051//1759
f 9052//1760 9053//225 9054//1630
f 9055//1631 9056//1761 9057//1633
f 9058//1634 9059//1762 9060//1632
f 9061//1763 9062//1637 9063//1635
f 9064//1636 9065//1638 9066//1764
f 9067//1765 9068//1639 9069//1637
f 9070//1638 9071//1640 9072//1766
f 9073//1767 9074//1641 9075//1639
f 9076//1640 9077//1642 9078//1768
f 9079//1769 9080//1705 9081//1641
f 9082//1642 9083//1706 9084//1770
f 9085//1771 9086//1707 9087//1643
f 9088//1644 9089//1708 9090//1772
f 9091//1773 9092//1643 9093//1645
f 9094//1646 9095//1644 9096//1774
f 9097//1775 9098//1645 9099//1647
f 9100//1648 9101//1646 9102//1776
f 9103//1777 9104//1647 9105//1649
f 9106//1650 9107//1648 9108//1778
f 9109//1709 9110//1651 9111//1779
f 9112//1780 9113//1652 9114//1710
f 9115//1651 9116//1655 9117//1781
f 9118//1782 9119//1656 9120//1652
f 9121//1653 9122//1707 9123//1783
f 9124//1784 9125//1708 9126//1654
f 9127//1655 9128//1657 9129//1785
f 9130//1786 9131//1658 9132//1656
f 9133//1711 9134//1653 9135//1783
f 9136//1784 9137//1654 9138//1712
f 9139//1657 9140//1659 9141//1787
f 9142//1788 9143//1660 9144//1658
f 9145//1659 9146//1661 9147//1789
f 9148//1790 9149//1662 9150//1660
f 9151//1661 9152//1206 9153//1330
f 9154//1329 9155//1205 9156//1662
f 9157//1791 9158//1206 9159//1663
f 9160//1664 9161//1205 9162//1792
f 9163//1793 9164//1663 9165//1665
f 9166//1666 9167//1664 9168//1794
f 9169//1795 9170//1665 9171//1667
f 9172//1668 9173//1666 9174//1796
f 9175//1797 9176//1667 9177//1669
f 9178//1670 9179//1668 9180//1798
f 9181//1799 9182//1669 9183//1679
f 9184//1680 9185//1670 9186//1800
f 9187//225 9188//225 9189//1801
f 9190//1802 9191//226 9192//226
f 9193//1671 9194//1713 9195//1803
f 9196//1804 9197//1714 9198//1672
f 9199//225 9200//1805 9201//225
f 9202//226 9203//1806 9204//226
f 9205//1673 9206//1671 9207//1807
f 9208//1808 9209//1672 9210//1674
f 9211//1675 9212//1673 9213//1809
f 9214//1810 9215//1674 9216//1676
f 9217//1677 9218//1675 9219//1811
f 9220//1812 9221//1676 9222//1678
f 9223//1715 9224//1677 9225//1813
f 9226//1814 9227//1678 9228//1716
f 9229//1715 9230//1717 9231//1593
f 9232//1594 9233//1718 9234//1716
f 9235//1723 9236//1599 9237//1717
f 9238//1718 9239//1600 9240//1724
f 9241//1815 9242//1679 9243//1681
f 9244//1682 9245//1680 9246//1816
f 9247//1719 9248//1683 9249//1817
f 9250//1818 9251//1684 9252//1720
f 9253//1683 9254//1685 9255//1819
f 9256//1820 9257//1686 9258//1684
f 9259//1685 9260//1721 9261//1821
f 9262//1822 9263//1722 9264//1686
f 9265//1687 9266//1705 9267//1823
f 9268//1824 9269//1706 9270//1688
f 9271//1725 9272//1601 9273//1723
f 9274//1724 9275//1602 9276//1726
f 9277//1727 9278//1603 9279//1725
f 9280//1726 9281//1604 9282//1728
f 9283//1729 9284//1605 9285//1727
f 9286//1728 9287//1606 9288//1730
f 9289//1731 9290//1607 9291//1729
f 9292//1730 9293//1608 9294//1732
f 9295//1761 9296//1631 9297//1731
f 9298//1732 9299//1632 9300//1762
f 9301//1689 9302//1733 9303//1739
f 9304//1740 9305//1734 9306//1690
f 9307//1825 9308//1733 9309//1691
f 9310//1692 9311//1734 9312//1826
f 9313//1691 9314//1735 9315//1825
f 9316//1826 9317//1736 9318//1692
f 9319//1735 9320//1693 9321//1745
f 9322//1746 9323//1694 9324//1736
f 9325//1695 9326//1737 9327//1697
f 9328//1698 9329//1738 9330//1696
f 9331//1615 9332//1739 9333//1737
f 9334//1738 9335//1740 9336//1616
f 9337//1697 9338//1827 9339//1699
f 9340//1700 9341//1828 9342//1698
f 9343//1699 9344//1829 9345//1741
f 9346//1742 9347//1830 9348//1700
f 9349//1619 9350//1741 9351//1743
f 9352//1744 9353//1742 9354//1620
f 9355//1635 9356//1743 9357//1763
f 9358//1764 9359//1744 9360//1636
f 9361//1745 9362//1621 9363//1747
f 9364//1748 9365//1622 9366//1746
f 9367//1747 9368//1701 9369//1749
f 9370//1750 9371//1702 9372//1748
f 9373//1749 9374//1623 9375//1751
f 9376//1752 9377//1624 9378//1750
f 9379//1751 9380//1703 9381//1753
f 9382//1754 9383//1704 9384//1752
f 9385//1753 9386//1625 9387//1755
f 9388//1756 9389//1626 9390//1754
f 9391//1755 9392//1627 9393//1757
f 9394//1758 9395//1628 9396//1756
f 9397//1757 9398//1629 9399//1831
f 9400//1832 9401//1630 9402//1758
f 9403//1759 9404//226 9405//226
f 9406//225 9407//225 9408//1760
f 9409//1759 9410//1833 9411//1629
f 9412//1630 9413//1834 9414//1760
f 9415//1637 9416//1763 9417//1765
f 9418//1766 9419//1764 9420//1638
f 9421//1639 9422//1765 9423//1767
f 9424//1768 9425//1766 9426//1640
f 9427//1641 9428//1767 9429//1769
f 9430//1770 9431//1768 9432//1642
f 9433//1705 9434//1769 9435//1835
f 9436//1836 9437//1770 9438//1706
f 9439//1707 9440//1771 9441//1837
f 9442//1838 9443//1772 9444//1708
f 9445//1643 9446//1773 9447//1771
f 9448//1772 9449//1774 9450//1644
f 9451//1645 9452//1775 9453//1773
f 9454//1774 9455//1776 9456//1646
f 9457//1647 9458//1777 9459//1775
f 9460//1776 9461//1778 9462//1648
f 9463//1779 9464//1839 9465//1709
f 9466//1710 9467//1840 9468//1780
f 9469//1781 9470//1779 9471//1651
f 9472//1652 9473//1780 9474//1782
f 9475//1785 9476//1781 9477//1655
f 9478//1656 9479//1782 9480//1786
f 9481//1837 9482//1783 9483//1707
f 9484//1708 9485//1784 9486//1838
f 9487//1787 9488//1785 9489//1657
f 9490//1658 9491//1786 9492//1788
f 9493//1783 9494//1841 9495//1711
f 9496//1712 9497//1842 9498//1784
f 9499//1789 9500//1787 9501//1659
f 9502//1660 9503//1788 9504//1790
f 9505//1330 9506//1789 9507//1661
f 9508//1662 9509//1790 9510//1329
f 9511//1206 9512//1791 9513//1330
f 9514//1329 9515//1792 9516//1205
f 9517//1663 9518//1793 9519//1791
f 9520//1792 9521//1794 9522//1664
f 9523//1665 9524//1795 9525//1793
f 9526//1794 9527//1796 9528//1666
f 9529//1667 9530//1797 9531//1795
f 9532//1796 9533//1798 9534//1668
f 9535//1669 9536//1799 9537//1797
f 9538//1798 9539//1800 9540//1670
f 9541//1679 9542//1815 9543//1799
f 9544//1800 9545//1816 9546//1680
f 9547//225 9548//1801 9549//1801
f 9550//1802 9551//1802 9552//226
f 9553//1843 9554//1803 9555//1713
f 9556//1714 9557//1804 9558//1844
f 9559//1803 9560//1807 9561//1671
f 9562//1672 9563//1808 9564//1804
f 9565//225 9566//1801 9567//1805
f 9568//1806 9569//1802 9570//226
f 9571//225 9572//1805 9573//1845
f 9574//1846 9575//1806 9576//226
f 9577//1809 9578//1673 9579//1807
f 9580//1808 9581//1674 9582//1810
f 9583//1809 9584//1811 9585//1675
f 9586//1676 9587//1812 9588//1810
f 9589//1811 9590//1813 9591//1677
f 9592//1678 9593//1814 9594//1812
f 9595//1813 9596//1847 9597//1715
f 9598//1716 9599//1848 9600//1814
f 9601//1717 9602//1715 9603//1847
f 9604//1848 9605//1716 9606//1718
f 9607//1717 9608//1849 9609//1723
f 9610//1724 9611//1850 9612//1718
f 9613//1817 9614//1851 9615//1719
f 9616//1720 9617//1852 9618//1818
f 9619//1819 9620//1817 9621//1683
f 9622//1684 9623//1818 9624//1820
f 9625//1821 9626//1819 9627//1685
f 9628//1686 9629//1820 9630//1822
f 9631//1853 9632//1821 9633//1721
f 9634//1722 9635//1822 9636//1854
f 9637//1835 9638//1823 9639//1705
f 9640//1706 9641//1824 9642//1836
f 9643//1723 9644//1855 9645//1725
f 9646//1726 9647//1856 9648//1724
f 9649//1725 9650//1857 9651//1727
f 9652//1728 9653//1858 9654//1726
f 9655//1727 9656//1859 9657//1729
f 9658//1730 9659//1860 9660//1728
f 9661//1729 9662//1861 9663//1731
f 9664//1732 9665//1862 9666//1730
f 9667//1731 9668//1863 9669//1761
f 9670//1762 9671//1864 9672//1732
f 9673//1865 9674//1739 9675//1733
f 9676//1734 9677//1740 9678//1866
f 9679//1733 9680//1825 9681//1865
f 9682//1866 9683//1826 9684//1734
f 9685//1745 9686//1825 9687//1735
f 9688//1736 9689//1826 9690//1746
f 9691//1827 9692//1697 9693//1737
f 9694//1738 9695//1698 9696//1828
f 9697//1867 9698//1737 9699//1739
f 9700//1740 9701//1738 9702//1868
f 9703//1829 9704//1699 9705//1827
f 9706//1828 9707//1700 9708//1830
f 9709//1869 9710//1741 9711//1829
f 9712//1830 9713//1742 9714//1870
f 9715//1741 9716//1869 9717//1743
f 9718//1744 9719//1870 9720//1742
f 9721//1743 9722//1871 9723//1763
f 9724//1764 9725//1872 9726//1744
f 9727//1747 9728//1873 9729//1745
f 9730//1746 9731//1874 9732//1748
f 9733//1749 9734//1875 9735//1747
f 9736//1748 9737//1876 9738//1750
f 9739//1751 9740//1877 9741//1749
f 9742//1750 9743//1878 9744//1752
f 9745//1753 9746//1879 9747//1751
f 9748//1752 9749//1880 9750//1754
f 9751//1755 9752//1881 9753//1753
f 9754//1754 9755//1882 9756//1756
f 9757//1757 9758//1883 9759//1755
f 9760//1756 9761//1884 9762//1758
f 9763//1831 9764//1885 9765//1757
f 9766//1758 9767//1886 9768//1832
f 9769//1759 9770//226 9771//226
f 9772//225 9773//225 9774//1760
f 9775//1833 9776//1759 9777//1833
f 9778//1834 9779//1760 9780//1834
f 9781//1763 9782//1887 9783//1765
f 9784//1766 9785//1888 9786//1764
f 9787//1765 9788//1889 9789//1767
f 9790//1768 9791//1890 9792//1766
f 9793//1767 9794//1891 9795//1769
f 9796//1770 9797//1892 9798//1768
f 9799//1769 9800//1893 9801//1835
f 9802//1836 9803//1894 9804//1770
f 9805//1839 9806//1779 9807//1895
f 9808//1896 9809//1780 9810//1840
f 9811//1779 9812//1781 9813//1897
f 9814//1898 9815//1782 9816//1780
f 9817//1781 9818//1785 9819//1899
f 9820//1900 9821//1786 9822//1782
f 9823//1783 9824//1837 9825//1901
f 9826//1902 9827//1838 9828//1784
f 9829//1785 9830//1787 9831//1903
f 9832//1904 9833//1788 9834//1786
f 9835//1841 9836//1783 9837//1901
f 9838//1902 9839//1784 9840//1842
f 9841//1905 9842//1711 9843//1841
f 9844//1842 9845//1712 9846//1906
f 9847//1787 9848//1789 9849//1907
f 9850//1908 9851//1790 9852//1788
f 9853//1789 9854//1330 9855//1472
f 9856//1471 9857//1329 9858//1790
f 9859//1909 9860//1330 9861//1791
f 9862//1792 9863//1329 9864//1910
f 9865//1911 9866//1791 9867//1793
f 9868//1794 9869//1792 9870//1912
f 9871//1913 9872//1793 9873//1795
f 9874//1796 9875//1794 9876//1914
f 9877//1915 9878//1795 9879//1797
f 9880//1798 9881//1796 9882//1916
f 9883//1917 9884//1797 9885//1799
f 9886//1800 9887//1798 9888//1918
f 9889//1919 9890//1799 9891//1815
f 9892//1816 9893//1800 9894//1920
f 9895//1921 9896//1801 9897//1801
f 9898//1802 9899//1802 9900//1922
f 9901//1803 9902//1843 9903//1923
f 9904//1924 9905//1844 9906//1804
f 9907//225 9908//1845 9909//225
f 9910//226 9911//1846 9912//226
f 9913//1807 9914//1803 9915//1925
f 9916//1926 9917//1804 9918//1808
f 9919//1927 9920//1845 9921//1805
f 9922//1806 9923//1846 9924//1928
f 9925//1809 9926//1807 9927//1929
f 9928//1930 9929//1808 9930//1810
f 9931//1811 9932//1809 9933//1931
f 9934//1932 9935//1810 9936//1812
f 9937//1813 9938//1811 9939//1933
f 9940//1934 9941//1812 9942//1814
f 9943//1847 9944//1813 9945//1935
f 9946//1936 9947//1814 9948//1848
f 9949//1849 9950//1717 9951//1847
f 9952//1848 9953//1718 9954//1850
f 9955//1855 9956//1723 9957//1849
f 9958//1850 9959//1724 9960//1856
f 9961//1851 9962//1817 9963//1937
f 9964//1938 9965//1818 9966//1852
f 9967//1817 9968//1819 9969//1939
f 9970//1940 9971//1820 9972//1818
f 9973//1819 9974//1821 9975//1941
f 9976//1942 9977//1822 9978//1820
f 9979//1821 9980//1853 9981//1943
f 9982//1944 9983//1854 9984//1822
f 9985//1823 9986//1835 9987//1945
f 9988//1946 9989//1836 9990//1824
f 9991//1857 9992//1725 9993//1855
f 9994//1856 9995//1726 9996//1858
f 9997//1859 9998//1727 9999//1857
f 10000//1858 10001//1728 10002//1860
f 10003//1861 10004//1729 10005//1859
f 10006//1860 10007//1730 10008//1862
f 10009//1863 10010//1731 10011//1861
f 10012//1862 10013//1732 10014//1864
f 10015//226 10016//226 10017//226
f 10018//225 10019//225 10020//225
f 10021//1739 10022//1865 10023//1867
f 10024//1868 10025//1866 10026//1740
f 10027//1873 10028//1865 10029//1825
f 10030//1826 10031//1866 10032//1874
f 10033//1825 10034//1745 10035//1873
f 10036//1874 10037//1746 10038//1826
f 10039//1737 10040//1867 10041//1827
f 10042//1828 10043//1868 10044//1738
f 10045//1827 10046//1947 10047//1829
f 10048//1830 10049//1948 10050//1828
f 10051//1829 10052//1949 10053//1869
f 10054//1870 10055//1950 10056//1830
f 10057//1871 10058//1743 10059//1869
f 10060//1870 10061//1744 10062//1872
f 10063//1887 10064//1763 10065//1871
f 10066//1872 10067//1764 10068//1888
f 10069//1873 10070//1747 10071//1875
f 10072//1876 10073//1748 10074//1874
f 10075//1875 10076//1749 10077//1877
f 10078//1878 10079//1750 10080//1876
f 10081//1877 10082//1751 10083//1879
f 10084//1880 10085//1752 10086//1878
f 10087//1879 10088//1753 10089//1881
f 10090//1882 10091//1754 10092//1880
f 10093//1881 10094//1755 10095//1883
f 10096//1884 10097//1756 10098//1882
f 10099//1883 10100//1757 10101//1885
f 10102//1886 10103//1758 10104//1884
f 10105//1885 10106//1831 10107//1951
f 10108//1952 10109//1832 10110//1886
f 10111//1833 10112//1953 10113//1833
f 10114//1834 10115//1954 10116//1834
f 10117//1889 10118//1765 10119//1887
f 10120//1888 10121//1766 10122//1890
f 10123//1891 10124//1767 10125//1889
f 10126//1890 10127//1768 10128//1892
f 10129//1893 10130//1769 10131//1891
f 10132//1892 10133//1770 10134//1894
f 10135//1955 10136//1835 10137//1893
f 10138//1894 10139//1836 10140//1956
f 10141//1897 10142//1895 10143//1779
f 10144//1780 10145//1896 10146//1898
f 10147//1895 10148//1957 10149//1839
f 10150//1840 10151//1958 10152//1896
f 10153//1899 10154//1897 10155//1781
f 10156//1782 10157//1898 10158//1900
f 10159//1903 10160//1899 10161//1785
f 10162//1786 10163//1900 10164//1904
f 10165//1907 10166//1903 10167//1787
f 10168//1788 10169//1904 10170//1908
f 10171//1711 10172//1905 10173//1905
f 10174//1906 10175//1906 10176//1712
f 10177//1472 10178//1907 10179//1789
f 10180//1790 10181//1908 10182//1471
f 10183//1330 10184//1909 10185//1472
f 10186//1471 10187//1910 10188//1329
f 10189//1791 10190//1911 10191//1909
f 10192//1910 10193//1912 10194//1792
f 10195//1793 10196//1913 10197//1911
f 10198//1912 10199//1914 10200//1794
f 10201//1795 10202//1915 10203//1913
f 10204//1914 10205//1916 10206//1796
f 10207//1797 10208//1917 10209//1915
f 10210//1916 10211//1918 10212//1798
f 10213//1799 10214//1919 10215//1917
f 10216//1918 10217//1920 10218//1800
f 10219//1937 10220//1959 10221//1851
f 10222//1852 10223//1960 10224//1938
f 10225//1801 10226//1921 10227//1921
f 10228//1922 10229//1922 10230//1802
f 10231//1961 10232//1923 10233//1843
f 10234//1844 10235//1924 10236//1962
f 10237//1923 10238//1925 10239//1803
f 10240//1804 10241//1926 10242//1924
f 10243//225 10244//1845 10245//1963
f 10246//1964 10247//1846 10248//226
f 10249//1925 10250//1929 10251//1807
f 10252//1808 10253//1930 10254//1926
f 10255//1845 10256//1927 10257//1965
f 10258//1966 10259//1928 10260//1846
f 10261//1931 10262//1809 10263//1929
f 10264//1930 10265//1810 10266//1932
f 10267//1931 10268//1933 10269//1811
f 10270//1812 10271//1934 10272//1932
f 10273//1933 10274//1935 10275//1813
f 10276//1814 10277//1936 10278//1934
f 10279//1967 10280//1847 10281//1935
f 10282//1936 10283//1848 10284//1968
f 10285//1847 10286//1967 10287//1849
f 10288//1850 10289//1968 10290//1848
f 10291//1849 10292//1969 10293//1855
f 10294//1856 10295//1970 10296//1850
f 10297//1939 10298//1937 10299//1817
f 10300//1818 10301//1938 10302//1940
f 10303//1941 10304//1939 10305//1819
f 10306//1820 10307//1940 10308//1942
f 10309//1943 10310//1941 10311//1821
f 10312//1822 10313//1942 10314//1944
f 10315//1853 10316//1971 10317//1943
f 10318//1944 10319//1972 10320//1854
f 10321//1835 10322//1955 10323//1945
f 10324//1946 10325//1956 10326//1836
f 10327//1971 10328//1853 10329//1973
f 10330//1974 10331//1854 10332//1972
f 10333//1855 10334//1975 10335//1857
f 10336//1858 10337//1976 10338//1856
f 10339//1857 10340//1977 10341//1859
f 10342//1860 10343//1978 10344//1858
f 10345//1859 10346//1979 10347//1861
f 10348//1862 10349//1980 10350//1860
f 10351//1861 10352//1981 10353//1863
f 10354//1864 10355//1982 10356//1862
f 10357//226 10358//226 10359//226
f 10360//225 10361//225 10362//225
f 10363//1983 10364//1867 10365//1865
f 10366//1866 10367//1868 10368//1984
f 10369//1865 10370//1873 10371//1983
f 10372//1984 10373//1874 10374//1866
f 10375//1947 10376//1827 10377//1867
f 10378//1868 10379//1828 10380//1948
f 10381//1949 10382//1829 10383//1947
f 10384//1948 10385//1830 10386//1950
f 10387//1985 10388//1869 10389//1949
f 10390//1950 10391//1870 10392//1986
f 10393//1869 10394//1985 10395//1871
f 10396//1872 10397//1986 10398//1870
f 10399//1871 10400//1987 10401//1887
f 10402//1888 10403//1988 10404//1872
f 10405//1875 10406//1983 10407//1873
f 10408//1874 10409//1984 10410//1876
f 10411//1877 10412//1989 10413//1875
f 10414//1876 10415//1990 10416//1878
f 10417//1879 10418//1991 10419//1877
f 10420//1878 10421//1992 10422//1880
f 10423//1881 10424//1993 10425//1879
f 10426//1880 10427//1994 10428//1882
f 10429//1883 10430//1995 10431//1881
f 10432//1882 10433//1996 10434//1884
f 10435//1885 10436//1997 10437//1883
f 10438//1884 10439//1998 10440//1886
f 10441//1951 10442//1999 10443//1885
f 10444//1886 10445//2000 10446//1952
f 10447//1953 10448//1833 10449//1953
f 10450//1954 10451//1834 10452//1954
f 10453//1887 10454//2001 10455//1889
f 10456//1890 10457//2002 10458//1888
f 10459//1889 10460//2003 10461//1891
f 10462//1892 10463//2004 10464//1890
f 10465//1891 10466//2005 10467//1893
f 10468//1894 10469//2006 10470//1892
f 10471//1893 10472//2007 10473//1955
f 10474//1956 10475//2008 10476//1894
f 10477//1895 10478//1897 10479//2009
f 10480//2010 10481//1898 10482//1896
f 10483//1957 10484//1895 10485//2011
f 10486//2012 10487//1896 10488//1958
f 10489//1897 10490//1899 10491//2013
f 10492//2014 10493//1900 10494//1898
f 10495//1899 10496//1903 10497//2015
f 10498//2016 10499//1904 10500//1900
f 10501//1903 10502//1907 10503//2017
f 10504//2018 10505//1908 10506//1904
f 10507//2019 10508//1905 10509//1905
f 10510//1906 10511//1906 10512//2020
f 10513//1907 10514//1472 10515//1600
f 10516//1599 10517//1471 10518//1908
f 10519//2021 10520//1472 10521//1909
f 10522//1910 10523//1471 10524//2022
f 10525//2023 10526//1909 10527//1911
f 10528//1912 10529//1910 10530//2024
f 10531//2025 10532//1911 10533//1913
f 10534//1914 10535//1912 10536//2026
f 10537//2027 10538//1913 10539//1915
f 10540//1916 10541//1914 10542//2028
f 10543//2029 10544//1915 10545//1917
f 10546//1918 10547//1916 10548//2030
f 10549//2031 10550//1917 10551//1919
f 10552//1920 10553//1918 10554//2032
f 10555//1959 10556//1937 10557//2033
f 10558//2034 10559//1938 10560//1960
f 10561//2035 10562//1921 10563//1921
f 10564//1922 10565//1922 10566//2036
f 10567//1923 10568//1961 10569//2037
f 10570//2038 10571//1962 10572//1924
f 10573//225 10574//1963 10575//225
f 10576//226 10577//1964 10578//226
f 10579//1925 10580//1923 10581//2039
f 10582//2040 10583//1924 10584//1926
f 10585//1965 10586//1963 10587//1845
f 10588//1846 10589//1964 10590//1966
f 10591//1929 10592//1925 10593//2041
f 10594//2042 10595//1926 10596//1930
f 10597//2043 10598//1965 10599//1927
f 10600//1928 10601//1966 10602//2044
f 10603//1931 10604//1929 10605//2045
f 10606//2046 10607//1930 10608//1932
f 10609//1933 10610//1931 10611//2047
f 10612//2048 10613//1932 10614//1934
f 10615//1935 10616//1933 10617//2049
f 10618//2050 10619//1934 10620//1936
f 10621//1935 10622//2051 10623//1967
f 10624//1968 10625//2052 10626//1936
f 10627//1969 10628//1849 10629//1967
f 10630//1968 10631//1850 10632//1970
f 10633//1975 10634//1855 10635//1969
f 10636//1970 10637//1856 10638//1976
f 10639//1937 10640//1939 10641//2053
f 10642//2054 10643//1940 10644//1938
f 10645//1939 10646//1941 10647//2055
f 10648//2056 10649//1942 10650//1940
f 10651//1941 10652//1943 10653//2057
f 10654//2058 10655//1944 10656//1942
f 10657//2059 10658//1943 10659//1971
f 10660//1972 10661//1944 10662//2060
f 10663//2061 10664//1973 10665//2062
f 10666//2063 10667//1974 10668//2064
f 10669//1973 10670//2061 10671//1971
f 10672//1972 10673//2064 10674//1974
f 10675//1977 10676//1857 10677//1975
f 10678//1976 10679//1858 10680//1978
f 10681//1979 10682//1859 10683//1977
f 10684//1978 10685//1860 10686//1980
f 10687//1981 10688//1861 10689//1979
f 10690//1980 10691//1862 10692//1982
f 10693//226 10694//226 10695//226
f 10696//225 10697//225 10698//225
f 10699//1867 10700//1983 10701//1947
f 10702//1948 10703//1984 10704//1868
f 10705//1947 10706//1989 10707//1949
f 10708//1950 10709//1990 10710//1948
f 10711//1949 10712//1991 10713//1985
f 10714//1986 10715//1992 10716//1950
f 10717//1987 10718//1871 10719//1985
f 10720//1986 10721//1872 10722//1988
f 10723//2001 10724//1887 10725//1987
f 10726//1988 10727//1888 10728//2002
f 10729//1983 10730//1875 10731//1989
f 10732//1990 10733//1876 10734//1984
f 10735//1989 10736//1877 10737//1991
f 10738//1992 10739//1878 10740//1990
f 10741//1991 10742//1879 10743//1993
f 10744//1994 10745//1880 10746//1992
f 10747//1993 10748//1881 10749//1995
f 10750//1996 10751//1882 10752//1994
f 10753//1995 10754//1883 10755//1997
f 10756//1998 10757//1884 10758//1996
f 10759//1997 10760//1885 10761//1999
f 10762//2000 10763//1886 10764//1998
f 10765//1999 10766//1951 10767//2065
f 10768//2066 10769//1952 10770//2000
f 10771//1953 10772//2067 10773//1953
f 10774//1954 10775//2068 10776//1954
f 10777//2003 10778//1889 10779//2001
f 10780//2002 10781//1890 10782//2004
f 10783//2005 10784//1891 10785//2003
f 10786//2004 10787//1892 10788//2006
f 10789//2007 10790//1893 10791//2005
f 10792//2006 10793//1894 10794//2008
f 10795//2069 10796//2062 10797//2070
f 10798//2071 10799//2063 10800//2072
f 10801//2013 10802//2009 10803//1897
f 10804//1898 10805//2010 10806//2014
f 10807//2009 10808//2011 10809//1895
f 10810//1896 10811//2012 10812//2010
f 10813//1957 10814//2011 10815//2073
f 10816//2074 10817//2012 10818//1958
f 10819//2015 10820//2013 10821//1899
f 10822//1900 10823//2014 10824//2016
f 10825//2017 10826//2015 10827//1903
f 10828//1904 10829//2016 10830//2018
f 10831//1600 10832//2017 10833//1907
f 10834//1908 10835//2018 10836//1599
f 10837//1905 10838//2019 10839//2019
f 10840//2020 10841//2020 10842//1906
f 10843//1472 10844//2021 10845//1600
f 10846//1599 10847//2022 10848//1471
f 10849//1909 10850//2023 10851//2021
f 10852//2022 10853//2024 10854//1910
f 10855//1911 10856//2025 10857//2023
f 10858//2024 10859//2026 10860//1912
f 10861//1913 10862//2027 10863//2025
f 10864//2026 10865//2028 10866//1914
f 10867//1915 10868//2029 10869//2027
f 10870//2028 10871//2030 10872//1916
f 10873//1917 10874//2031 10875//2029
f 10876//2030 10877//2032 10878//1918
f 10879//2033 10880//2075 10881//1959
f 10882//1960 10883//2076 10884//2034
f 10885//2053 10886//2033 10887//1937
f 10888//1938 10889//2034 10890//2054
f 10891//1921 10892//2035 10893//2035
f 10894//2036 10895//2036 10896//1922
f 10897//2077 10898//2037 10899//1961
f 10900//1962 10901//2038 10902//2078
f 10903//2037 10904//2039 10905//1923
f 10906//1924 10907//2040 10908//2038
f 10909//225 10910//1963 10911//2079
f 10912//2080 10913//1964 10914//226
f 10915//2039 10916//2041 10917//1925
f 10918//1926 10919//2042 10920//2040
f 10921//1963 10922//1965 10923//2081
f 10924//2082 10925//1966 10926//1964
f 10927//2041 10928//2045 10929//1929
f 10930//1930 10931//2046 10932//2042
f 10933//1965 10934//2043 10935//2083
f 10936//2084 10937//2044 10938//1966
f 10939//2047 10940//1931 10941//2045
f 10942//2046 10943//1932 10944//2048
f 10945//2047 10946//2049 10947//1933
f 10948//1934 10949//2050 10950//2048
f 10951//2051 10952//1935 10953//2049
f 10954//2050 10955//1936 10956//2052
f 10957//2085 10958//1967 10959//2051
f 10960//2052 10961//1968 10962//2086
f 10963//1967 10964//2085 10965//1969
f 10966//1970 10967//2086 10968//1968
f 10969//1969 10970//2087 10971//1975
f 10972//1976 10973//2088 10974//1970
f 10975//2055 10976//2053 10977//1939
f 10978//1940 10979//2054 10980//2056
f 10981//2057 10982//2055 10983//1941
f 10984//1942 10985//2056 10986//2058
f 10987//1943 10988//2059 10989//2057
f 10990//2058 10991//2060 10992//1944
f 10993//2062 10994//2069 10995//2061
f 10996//2064 10997//2072 10998//2063
f 10999//2089 11000//1971 11001//2061
f 11002//2064 11003//1972 11004//2090
f 11005//1975 11006//2091 11007//1977
f 11008//1978 11009//2092 11010//1976
f 11011//1977 11012//2093 11013//1979
f 11014//1980 11015//2094 11016//1978
f 11017//1979 11018//2095 11019//1981
f 11020//1982 11021//2096 11022//1980
f 11023//226 11024//226 11025//226
f 11026//225 11027//225 11028//225
f 11029//1989 11030//1947 11031//1983
f 11032//1984 11033//1948 11034//1990
f 11035//1991 11036//1949 11037//1989
f 11038//1990 11039//1950 11040//1992
f 11041//1993 11042//1985 11043//1991
f 11044//1992 11045//1986 11046//1994
f 11047//1985 11048//1993 11049//1987
f 11050//1988 11051//1994 11052//1986
f 11053//1987 11054//1995 11055//2001
f 11056//2002 11057//1996 11058//1988
f 11059//1995 11060//1987 11061//1993
f 11062//1994 11063//1988 11064//1996
f 11065//1997 11066//2001 11067//1995
f 11068//1996 11069//2002 11070//1998
f 11071//1999 11072//2003 11073//1997
f 11074//1998 11075//2004 11076//2000
f 11077//2065 11078//2005 11079//1999
f 11080//2000 11081//2006 11082//2066
f 11083//2067 11084//1953 11085//2067
f 11086//2068 11087//1954 11088//2068
f 11089//2001 11090//1997 11091//2003
f 11092//2004 11093//1998 11094//2002
f 11095//2003 11096//1999 11097//2005
f 11098//2006 11099//2000 11100//2004
f 11101//2005 11102//2065 11103//2007
f 11104//2008 11105//2066 11106//2006
f 11107//2070 11108//2067 11109//2069
f 11110//2072 11111//2068 11112//2071
f 11113//2009 11114//2013 11115//2097
f 11116//2098 11117//2014 11118//2010
f 11119//2011 11120//2009 11121//2099
f 11122//2100 11123//2010 11124//2012
f 11125//2073 11126//2011 11127//2101
f 11128//2102 11129//2012 11130//2074
f 11131//2103 11132//2104 11133//2105
f 11134//2106 11135//2107 11136//2108
f 11137//2013 11138//2015 11139//2109
f 11140//2110 11141//2016 11142//2014
f 11143//2015 11144//2017 11145//2111
f 11146//2112 11147//2018 11148//2016
f 11149//2017 11150//1600 11151//1718
f 11152//1717 11153//1599 11154//2018
f 11155//2035 11156//2019 11157//2019
f 11158//2020 11159//2020 11160//2036
f 11161//2113 11162//1600 11163//2021
f 11164//2022 11165//1599 11166//2114
f 11167//2115 11168//2021 11169//2023
f 11170//2024 11171//2022 11172//2116
f 11173//2117 11174//2023 11175//2025
f 11176//2026 11177//2024 11178//2118
f 11179//2119 11180//2025 11181//2027
f 11182//2028 11183//2026 11184//2120
f 11185//2121 11186//2027 11187//2029
f 11188//2030 11189//2028 11190//2122
f 11191//2123 11192//2029 11193//2031
f 11194//2032 11195//2030 11196//2124
f 11197//2075 11198//2033 11199//2125
f 11200//2126 11201//2034 11202//2076
f 11203//2033 11204//2053 11205//2127
f 11206//2128 11207//2054 11208//2034
f 11209//2019 11210//2035 11211//2035
f 11212//2036 11213//2036 11214//2020
f 11215//2037 11216//2077 11217//2129
f 11218//2130 11219//2078 11220//2038
f 11221//225 11222//2079 11223//225
f 11224//226 11225//2080 11226//226
f 11227//2039 11228//2037 11229//2131
f 11230//2132 11231//2038 11232//2040
f 11233//2081 11234//2079 11235//1963
f 11236//1964 11237//2080 11238//2082
f 11239//2041 11240//2039 11241//2133
f 11242//2134 11243//2040 11244//2042
f 11245//2083 11246//2081 11247//1965
f 11248//1966 11249//2082 11250//2084
f 11251//2045 11252//2041 11253//2135
f 11254//2136 11255//2042 11256//2046
f 11257//2137 11258//2083 11259//2043
f 11260//2044 11261//2084 11262//2138
f 11263//2047 11264//2045 11265//2139
f 11266//2140 11267//2046 11268//2048
f 11269//2049 11270//2047 11271//2141
f 11272//2142 11273//2048 11274//2050
f 11275//2049 11276//2143 11277//2051
f 11278//2052 11279//2144 11280//2050
f 11281//2051 11282//2145 11283//2085
f 11284//2086 11285//2146 11286//2052
f 11287//2087 11288//1969 11289//2085
f 11290//2086 11291//1970 11292//2088
f 11293//2091 11294//1975 11295//2087
f 11296//2088 11297//1976 11298//2092
f 11299//2053 11300//2055 11301//2147
f 11302//2148 11303//2056 11304//2054
f 11305//2055 11306//2057 11307//2149
f 11308//2150 11309//2058 11310//2056
f 11311//2151 11312//2057 11313//2059
f 11314//2152 11315//2061 11316//2069
f 11317//2072 11318//2064 11319//2153
f 11320//1971 11321//2089 11322//2059
f 11323//2060 11324//2090 11325//1972
f 11326//2061 11327//2152 11328//2089
f 11329//2090 11330//2153 11331//2064
f 11332//2093 11333//1977 11334//2091
f 11335//2092 11336//1978 11337//2094
f 11338//2095 11339//1979 11340//2093
f 11341//2094 11342//1980 11343//2096
f 11344//226 11345//226 11346//226
f 11347//225 11348//225 11349//225
f 11350//2067 11351//2070 11352//2067
f 11353//2068 11354//2071 11355//2068
f 11356//2109 11357//2097 11358//2013
f 11359//2014 11360//2098 11361//2110
f 11362//2097 11363//2099 11364//2009
f 11365//2010 11366//2100 11367//2098
f 11368//2011 11369//2099 11370//2101
f 11371//2102 11372//2100 11373//2012
f 11374//2101 11375//2154 11376//2073
f 11377//2074 11378//2155 11379//2102
f 11380//2104 11381//2103 11382//2156
f 11383//2157 11384//2108 11385//2107
f 11386//2111 11387//2109 11388//2015
f 11389//2016 11390//2110 11391//2112
f 11392//1718 11393//2111 11394//2017
f 11395//2018 11396//2112 11397//1717
f 11398//1600 11399//2113 11400//1718
f 11401//1717 11402//2114 11403//1599
f 11404//2021 11405//2115 11406//2113
f 11407//2114 11408//2116 11409//2022
f 11410//2023 11411//2117 11412//2115
f 11413//2116 11414//2118 11415//2024
f 11416//2025 11417//2119 11418//2117
f 11419//2118 11420//2120 11421//2026
f 11422//2027 11423//2121 11424//2119
f 11425//2120 11426//2122 11427//2028
f 11428//2029 11429//2123 11430//2121
f 11431//2122 11432//2124 11433//2030
f 11434//2125 11435//2158 11436//2075
f 11437//2076 11438//2159 11439//2126
f 11440//2127 11441//2125 11442//2033
f 11443//2034 11444//2126 11445//2128
f 11446//2147 11447//2127 11448//2053
f 11449//2054 11450//2128 11451//2148
f 11452//2160 11453//2129 11454//2077
f 11455//2078 11456//2130 11457//2161
f 11458//2129 11459//2131 11460//2037
f 11461//2038 11462//2132 11463//2130
f 11464//225 11465//2079 11466//2162
f 11467//2163 11468//2080 11469//226
f 11470//2131 11471//2133 11472//2039
f 11473//2040 11474//2134 11475//2132
f 11476//2079 11477//2081 11478//2164
f 11479//2165 11480//2082 11481//2080
f 11482//2133 11483//2135 11484//2041
f 11485//2042 11486//2136 11487//2134
f 11488//2081 11489//2083 11490//2166
f 11491//2167 11492//2084 11493//2082
f 11494//2135 11495//2139 11496//2045
f 11497//2046 11498//2140 11499//2136
f 11500//2083 11501//2137 11502//2168
f 11503//2169 11504//2138 11505//2084
f 11506//2141 11507//2047 11508//2139
f 11509//2140 11510//2048 11511//2142
f 11512//2143 11513//2049 11514//2141
f 11515//2142 11516//2050 11517//2144
f 11518//2145 11519//2051 11520//2143
f 11521//2144 11522//2052 11523//2146
f 11524//2170 11525//2085 11526//2145
f 11527//2146 11528//2086 11529//2171
f 11530//2085 11531//2170 11532//2087
f 11533//2088 11534//2171 11535//2086
f 11536//2087 11537//2172 11538//2091
f 11539//2092 11540//2173 11541//2088
f 11542//2149 11543//2147 11544//2055
f 11545//2056 11546//2148 11547//2150
f 11548//2057 11549//2151 11550//2149
f 11551//2150 11552//2174 11553//2058
f 11554//2060 11555//2058 11556//2174
f 11557//2059 11558//2175 11559//2151
f 11560//2174 11561//2176 11562//2060
f 11563//2175 11564//2059 11565//2089
f 11566//2090 11567//2060 11568//2176
f 11569//2177 11570//2089 11571//2152
f 11572//2153 11573//2090 11574//2178
f 11575//2091 11576//2179 11577//2093
f 11578//2094 11579//2180 11580//2092
f 11581//2093 11582//2181 11583//2095
f 11584//2096 11585//2182 11586//2094
f 11587//226 11588//226 11589//226
f 11590//225 11591//225 11592//225
f 11593//2097 11594//2109 11595//2183
f 11596//2184 11597//2110 11598//2098
f 11599//2099 11600//2097 11601//2185
f 11602//2186 11603//2098 11604//2100
f 11605//2101 11606//2099 11607//2187
f 11608//2188 11609//2100 11610//2102
f 11611//2154 11612//2101 11613//2189
f 11614//2190 11615//2102 11616//2155
f 11617//2191 11618//2156 11619//2103
f 11620//2108 11621//2157 11622//2192
f 11623//2156 11624//2193 11625//2104
f 11626//2107 11627//2194 11628//2157
f 11629//2109 11630//2111 11631//2195
f 11632//2196 11633//2112 11634//2110
f 11635//2111 11636//1718 11637//1848
f 11638//1847 11639//1717 11640//2112
f 11641//2197 11642//1718 11643//2113
f 11644//2114 11645//1717 11646//2198
f 11647//2199 11648//2113 11649//2115
f 11650//2116 11651//2114 11652//2200
f 11653//2201 11654//2115 11655//2117
f 11656//2118 11657//2116 11658//2202
f 11659//2203 11660//2117 11661//2119
f 11662//2120 11663//2118 11664//2204
f 11665//2205 11666//2119 11667//2121
f 11668//2122 11669//2120 11670//2206
f 11671//2207 11672//2121 11673//2123
f 11674//2124 11675//2122 11676//2208
f 11677//2158 11678//2125 11679//2209
f 11680//2210 11681//2126 11682//2159
f 11683//2125 11684//2127 11685//2211
f 11686//2212 11687//2128 11688//2126
f 11689//2127 11690//2147 11691//2213
f 11692//2214 11693//2148 11694//2128
f 11695//2129 11696//2160 11697//2215
f 11698//2216 11699//2161 11700//2130
f 11701//225 11702//2162 11703//225
f 11704//226 11705//2163 11706//226
f 11707//2131 11708//2129 11709//2217
f 11710//2218 11711//2130 11712//2132
f 11713//2164 11714//2162 11715//2079
f 11716//2080 11717//2163 11718//2165
f 11719//2133 11720//2131 11721//2219
f 11722//2220 11723//2132 11724//2134
f 11725//2166 11726//2164 11727//2081
f 11728//2082 11729//2165 11730//2167
f 11731//2135 11732//2133 11733//2221
f 11734//2222 11735//2134 11736//2136
f 11737//2168 11738//2166 11739//2083
f 11740//2084 11741//2167 11742//2169
f 11743//2139 11744//2135 11745//2223
f 11746//2224 11747//2136 11748//2140
f 11749//2225 11750//2168 11751//2137
f 11752//2138 11753//2169 11754//2226
f 11755//2141 11756//2139 11757//2227
f 11758//2228 11759//2140 11760//2142
f 11761//2143 11762//2141 11763//2229
f 11764//2230 11765//2142 11766//2144
f 11767//2145 11768//2143 11769//2231
f 11770//2232 11771//2144 11772//2146
f 11773//2170 11774//2145 11775//2233
f 11776//2234 11777//2146 11778//2171
f 11779//2172 11780//2087 11781//2170
f 11782//2171 11783//2088 11784//2173
f 11785//2179 11786//2091 11787//2172
f 11788//2173 11789//2092 11790//2180
f 11791//2147 11792//2149 11793//2235
f 11794//2236 11795//2150 11796//2148
f 11797//2237 11798//2149 11799//2151
f 11800//2174 11801//2150 11802//2238
f 11803//2239 11804//2151 11805//2175
f 11806//2176 11807//2174 11808//2240
f 11809//2089 11810//2177 11811//2175
f 11812//2176 11813//2178 11814//2090
f 11815//2181 11816//2093 11817//2179
f 11818//2180 11819//2094 11820//2182
f 11821//226 11822//226 11823//226
f 11824//225 11825//225 11826//225
f 11827//2195 11828//2183 11829//2109
f 11830//2110 11831//2184 11832//2196
f 11833//2183 11834//2185 11835//2097
f 11836//2098 11837//2186 11838//2184
f 11839//2099 11840//2185 11841//2187
f 11842//2188 11843//2186 11844//2100
f 11845//2187 11846//2189 11847//2101
f 11848//2102 11849//2190 11850//2188
f 11851//2189 11852//2241 11853//2154
f 11854//2155 11855//2242 11856//2190
f 11857//2156 11858//2191 11859//2243
f 11860//2244 11861//2192 11862//2157
f 11863//2193 11864//2156 11865//2245
f 11866//2246 11867//2157 11868//2194
f 11869//1848 11870//2195 11871//2111
f 11872//2112 11873//2196 11874//1847
f 11875//1718 11876//2197 11877//1848
f 11878//1847 11879//2198 11880//1717
f 11881//2113 11882//2199 11883//2197
f 11884//2198 11885//2200 11886//2114
f 11887//2115 11888//2201 11889//2199
f 11890//2200 11891//2202 11892//2116
f 11893//2117 11894//2203 11895//2201
f 11896//2202 11897//2204 11898//2118
f 11899//2119 11900//2205 11901//2203
f 11902//2204 11903//2206 11904//2120
f 11905//2121 11906//2207 11907//2205
f 11908//2206 11909//2208 11910//2122
f 11911//2209 11912//2247 11913//2158
f 11914//2159 11915//2248 11916//2210
f 11917//2211 11918//2209 11919//2125
f 11920//2126 11921//2210 11922//2212
f 11923//2213 11924//2211 11925//2127
f 11926//2128 11927//2212 11928//2214
f 11929//2235 11930//2213 11931//2147
f 11932//2148 11933//2214 11934//2236
f 11935//2249 11936//2215 11937//2160
f 11938//2161 11939//2216 11940//2250
f 11941//2215 11942//2217 11943//2129
f 11944//2130 11945//2218 11946//2216
f 11947//225 11948//2162 11949//2251
f 11950//2252 11951//2163 11952//226
f 11953//2217 11954//2219 11955//2131
f 11956//2132 11957//2220 11958//2218
f 11959//2162 11960//2164 11961//2253
f 11962//2254 11963//2165 11964//2163
f 11965//2219 11966//2221 11967//2133
f 11968//2134 11969//2222 11970//2220
f 11971//2164 11972//2166 11973//2255
f 11974//2256 11975//2167 11976//2165
f 11977//2221 11978//2223 11979//2135
f 11980//2136 11981//2224 11982//2222
f 11983//2166 11984//2168 11985//2257
f 11986//2258 11987//2169 11988//2167
f 11989//2223 11990//2227 11991//2139
f 11992//2140 11993//2228 11994//2224
f 11995//2168 11996//2225 11997//2259
f 11998//2260 11999//2226 12000//2169
f 12001//2229 12002//2141 12003//2227
f 12004//2228 12005//2142 12006//2230
f 12007//2231 12008//2143 12009//2229
f 12010//2230 12011//2144 12012//2232
f 12013//2233 12014//2145 12015//2231
f 12016//2232 12017//2146 12018//2234
f 12019//2261 12020//2170 12021//2233
f 12022//2234 12023//2171 12024//2262
f 12025//2172 12026//2170 12027//2261
f 12028//2262 12029//2171 12030//2173
f 12031//2179 12032//2172 12033//2263
f 12034//2264 12035//2173 12036//2180
f 12037//2149 12038//2237 12039//2235
f 12040//2236 12041//2238 12042//2150
f 12043//2151 12044//2239 12045//2237
f 12046//2238 12047//2240 12048//2174
f 12049//2175 12050//2265 12051//2239
f 12052//2240 12053//2266 12054//2176
f 12055//2265 12056//2175 12057//2177
f 12058//2178 12059//2176 12060//2266
f 12061//2181 12062//2179 12063//2267
f 12064//2268 12065//2180 12066//2182
f 12067//226 12068//226 12069//226
f 12070//225 12071//225 12072//225
f 12073//2183 12074//2195 12075//2269
f 12076//2270 12077//2196 12078//2184
f 12079//2185 12080//2183 12081//2271
f 12082//2272 12083//2184 12084//2186
f 12085//2187 12086//2185 12087//2273
f 12088//2274 12089//2186 12090//2188
f 12091//2189 12092//2187 12093//2275
f 12094//2276 12095//2188 12096//2190
f 12097//2241 12098//2189 12099//2277
f 12100//2278 12101//2190 12102//2242
f 12103//2279 12104//2243 12105//2191
f 12106//2192 12107//2244 12108//2280
f 12109//2243 12110//2245 12111//2156
f 12112//2157 12113//2246 12114//2244
f 12115//2245 12116//2281 12117//2193
f 12118//2194 12119//2282 12120//2246
f 12121//2195 12122//1848 12123//1936
f 12124//1935 12125//1847 12126//2196
f 12127//2283 12128//1848 12129//2197
f 12130//2198 12131//1847 12132//2284
f 12133//2285 12134//2197 12135//2199
f 12136//2200 12137//2198 12138//2286
f 12139//2287 12140//2199 12141//2201
f 12142//2202 12143//2200 12144//2288
f 12145//2289 12146//2201 12147//2203
f 12148//2204 12149//2202 12150//2290
f 12151//2291 12152//2203 12153//2205
f 12154//2206 12155//2204 12156//2292
f 12157//2293 12158//2205 12159//2207
f 12160//2208 12161//2206 12162//2294
f 12163//2247 12164//2209 12165//2295
f 12166//2296 12167//2210 12168//2248
f 12169//2209 12170//2211 12171//2297
f 12172//2298 12173//2212 12174//2210
f 12175//2211 12176//2213 12177//2299
f 12178//2300 12179//2214 12180//2212
f 12181//2213 12182//2235 12183//2301
f 12184//2302 12185//2236 12186//2214
f 12187//2215 12188//2249 12189//2303
f 12190//2304 12191//2250 12192//2216
f 12193//225 12194//2251 12195//225
f 12196//226 12197//2252 12198//226
f 12199//2217 12200//2215 12201//2305
f 12202//2306 12203//2216 12204//2218
f 12205//2253 12206//2251 12207//2162
f 12208//2163 12209//2252 12210//2254
f 12211//2219 12212//2217 12213//2307
f 12214//2308 12215//2218 12216//2220
f 12217//2255 12218//2253 12219//2164
f 12220//2165 12221//2254 12222//2256
f 12223//2221 12224//2219 12225//2309
f 12226//2310 12227//2220 12228//2222
f 12229//2257 12230//2255 12231//2166
f 12232//2167 12233//2256 12234//2258
f 12235//2223 12236//2221 12237//2311
f 12238//2312 12239//2222 12240//2224
f 12241//2259 12242//2257 12243//2168
f 12244//2169 12245//2258 12246//2260
f 12247//2227 12248//2223 12249//2313
f 12250//2314 12251//2224 12252//2228
f 12253//2315 12254//2259 12255//2225
f 12256//2226 12257//2260 12258//2316
f 12259//2227 12260//2317 12261//2229
f 12262//2230 12263//2318 12264//2228
f 12265//2229 12266//2319 12267//2231
f 12268//2232 12269//2320 12270//2230
f 12271//2231 12272//2321 12273//2233
f 12274//2234 12275//2322 12276//2232
f 12277//2233 12278//2323 12279//2261
f 12280//2262 12281//2324 12282//2234
f 12283//2263 12284//2172 12285//2261
f 12286//2262 12287//2173 12288//2264
f 12289//2267 12290//2179 12291//2263
f 12292//2264 12293//2180 12294//2268
f 12295//2237 12296//2301 12297//2235
f 12298//2236 12299//2302 12300//2238
f 12301//2325 12302//2237 12303//2239
f 12304//2240 12305//2238 12306//2326
f 12307//2327 12308//2239 12309//2265
f 12310//2266 12311//2240 12312//2328
f 12313//226 12314//226 12315//226
f 12316//225 12317//225 12318//225
f 12319//1936 12320//2269 12321//2195
f 12322//2196 12323//2270 12324//1935
f 12325//2269 12326//2271 12327//2183
f 12328//2184 12329//2272 12330//2270
f 12331//2185 12332//2271 12333//2273
f 12334//2274 12335//2272 12336//2186
f 12337//2273 12338//2275 12339//2187
f 12340//2188 12341//2276 12342//2274
f 12343//2275 12344//2277 12345//2189
f 12346//2190 12347//2278 12348//2276
f 12349//2277 12350//2329 12351//2241
f 12352//2242 12353//2330 12354//2278
f 12355//2243 12356//2279 12357//2331
f 12358//2332 12359//2280 12360//2244
f 12361//2245 12362//2243 12363//2333
f 12364//2334 12365//2244 12366//2246
f 12367//2281 12368//2245 12369//2335
f 12370//2336 12371//2246 12372//2282
f 12373//1848 12374//2283 12375//1936
f 12376//1935 12377//2284 12378//1847
f 12379//2197 12380//2285 12381//2283
f 12382//2284 12383//2286 12384//2198
f 12385//2199 12386//2287 12387//2285
f 12388//2286 12389//2288 12390//2200
f 12391//2201 12392//2289 12393//2287
f 12394//2288 12395//2290 12396//2202
f 12397//2203 12398//2291 12399//2289
f 12400//2290 12401//2292 12402//2204
f 12403//2205 12404//2293 12405//2291
f 12406//2292 12407//2294 12408//2206
f 12409//2295 12410//2337 12411//2247
f 12412//2248 12413//2338 12414//2296
f 12415//2297 12416//2295 12417//2209
f 12418//2210 12419//2296 12420//2298
f 12421//2299 12422//2297 12423//2211
f 12424//2212 12425//2298 12426//2300
f 12427//2301 12428//2299 12429//2213
f 12430//2214 12431//2300 12432//2302
f 12433//2339 12434//2303 12435//2249
f 12436//2250 12437//2304 12438//2340
f 12439//2303 12440//2305 12441//2215
f 12442//2216 12443//2306 12444//2304
f 12445//225 12446//2251 12447//225
f 12448//226 12449//2252 12450//226
f 12451//2305 12452//2307 12453//2217
f 12454//2218 12455//2308 12456//2306
f 12457//2251 12458//2253 12459//2341
f 12460//2342 12461//2254 12462//2252
f 12463//2307 12464//2309 12465//2219
f 12466//2220 12467//2310 12468//2308
f 12469//2253 12470//2255 12471//2343
f 12472//2344 12473//2256 12474//2254
f 12475//2309 12476//2311 12477//2221
f 12478//2222 12479//2312 12480//2310
f 12481//2255 12482//2257 12483//2345
f 12484//2346 12485//2258 12486//2256
f 12487//2311 12488//2313 12489//2223
f 12490//2224 12491//2314 12492//2312
f 12493//2257 12494//2259 12495//2347
f 12496//2348 12497//2260 12498//2258
f 12499//2317 12500//2227 12501//2313
f 12502//2314 12503//2228 12504//2318
f 12505//2259 12506//2315 12507//2349
f 12508//2350 12509//2316 12510//2260
f 12511//2319 12512//2229 12513//2317
f 12514//2318 12515//2230 12516//2320
f 12517//2321 12518//2231 12519//2319
f 12520//2320 12521//2232 12522//2322
f 12523//2323 12524//2233 12525//2321
f 12526//2322 12527//2234 12528//2324
f 12529//2351 12530//2261 12531//2323
f 12532//2324 12533//2262 12534//2352
f 12535//2261 12536//2351 12537//2263
f 12538//2264 12539//2352 12540//2262
f 12541//2263 12542//2353 12543//2267
f 12544//2268 12545//2354 12546//2264
f 12547//2301 12548//2237 12549//2355
f 12550//2356 12551//2238 12552//2302
f 12553//2237 12554//2325 12555//2355
f 12556//2356 12557//2326 12558//2238
f 12559//2239 12560//2327 12561//2325
f 12562//2326 12563//2328 12564//2240
f 12565//226 12566//226 12567//226
f 12568//225 12569//225 12570//225
f 12571//2269 12572//1936 12573//2050
f 12574//2049 12575//1935 12576//2270
f 12577//2271 12578//2269 12579//2357
f 12580//2358 12581//2270 12582//2272
f 12583//2273 12584//2271 12585//2359
f 12586//2360 12587//2272 12588//2274
f 12589//2275 12590//2273 12591//2361
f 12592//2362 12593//2274 12594//2276
f 12595//2277 12596//2275 12597//2363
f 12598//2364 12599//2276 12600//2278
f 12601//2329 12602//2277 12603//2365
f 12604//2366 12605//2278 12606//2330
f 12607//2367 12608//2331 12609//2279
f 12610//2280 12611//2332 12612//2368
f 12613//2331 12614//2333 12615//2243
f 12616//2244 12617//2334 12618//2332
f 12619//2333 12620//2335 12621//2245
f 12622//2246 12623//2336 12624//2334
f 12625//2335 12626//2369 12627//2281
f 12628//2282 12629//2370 12630//2336
f 12631//2371 12632//1936 12633//2283
f 12634//2284 12635//1935 12636//2372
f 12637//2373 12638//2283 12639//2285
f 12640//2286 12641//2284 12642//2374
f 12643//2375 12644//2285 12645//2287
f 12646//2288 12647//2286 12648//2376
f 12649//2377 12650//2287 12651//2289
f 12652//2290 12653//2288 12654//2378
f 12655//2379 12656//2289 12657//2291
f 12658//2292 12659//2290 12660//2380
f 12661//2381 12662//2291 12663//2293
f 12664//2294 12665//2292 12666//2382
f 12667//2337 12668//2295 12669//2383
f 12670//2384 12671//2296 12672//2338
f 12673//2295 12674//2297 12675//2385
f 12676//2386 12677//2298 12678//2296
f 12679//2297 12680//2299 12681//2387
f 12682//2388 12683//2300 12684//2298
f 12685//2299 12686//2301 12687//2389
f 12688//2390 12689//2302 12690//2300
f 12691//2303 12692//2339 12693//2391
f 12694//2392 12695//2340 12696//2304
f 12697//2305 12698//2303 12699//2393
f 12700//2394 12701//2304 12702//2306
f 12703//225 12704//2251 12705//2395
f 12706//2396 12707//2252 12708//226
f 12709//2307 12710//2305 12711//2397
f 12712//2398 12713//2306 12714//2308
f 12715//2343 12716//2341 12717//2253
f 12718//2254 12719//2342 12720//2344
f 12721//2341 12722//2395 12723//2251
f 12724//2252 12725//2396 12726//2342
f 12727//2309 12728//2307 12729//2399
f 12730//2400 12731//2308 12732//2310
f 12733//2345 12734//2343 12735//2255
f 12736//2256 12737//2344 12738//2346
f 12739//2311 12740//2309 12741//2401
f 12742//2402 12743//2310 12744//2312
f 12745//2347 12746//2345 12747//2257
f 12748//2258 12749//2346 12750//2348
f 12751//2313 12752//2311 12753//2403
f 12754//2404 12755//2312 12756//2314
f 12757//2349 12758//2347 12759//2259
f 12760//2260 12761//2348 12762//2350
f 12763//2313 12764//2405 12765//2317
f 12766//2318 12767//2406 12768//2314
f 12769//2407 12770//2349 12771//2315
f 12772//2316 12773//2350 12774//2408
f 12775//2317 12776//2409 12777//2319
f 12778//2320 12779//2410 12780//2318
f 12781//2319 12782//2411 12783//2321
f 12784//2322 12785//2412 12786//2320
f 12787//2321 12788//2413 12789//2323
f 12790//2324 12791//2414 12792//2322
f 12793//2323 12794//2415 12795//2351
f 12796//2352 12797//2416 12798//2324
f 12799//2353 12800//2263 12801//2351
f 12802//2352 12803//2264 12804//2354
f 12805//2417 12806//226 12807//226
f 12808//225 12809//225 12810//2418
f 12811//2355 12812//2389 12813//2301
f 12814//2302 12815//2390 12816//2356
f 12817//2419 12818//2355 12819//2325
f 12820//2326 12821//2356 12822//2420
f 12823//2421 12824//2325 12825//2327
f 12826//2328 12827//2326 12828//2422
f 12829//226 12830//226 12831//226
f 12832//225 12833//225 12834//225
f 12835//1936 12836//2371 12837//2050
f 12838//2049 12839//2372 12840//1935
f 12841//2050 12842//2357 12843//2269
f 12844//2270 12845//2358 12846//2049
f 12847//2271 12848//2357 12849//2359
f 12850//2360 12851//2358 12852//2272
f 12853//2359 12854//2361 12855//2273
f 12856//2274 12857//2362 12858//2360
f 12859//2361 12860//2363 12861//2275
f 12862//2276 12863//2364 12864//2362
f 12865//2363 12866//2365 12867//2277
f 12868//2278 12869//2366 12870//2364
f 12871//2365 12872//2423 12873//2329
f 12874//2330 12875//2424 12876//2366
f 12877//2331 12878//2367 12879//2425
f 12880//2426 12881//2368 12882//2332
f 12883//2333 12884//2331 12885//2427
f 12886//2428 12887//2332 12888//2334
f 12889//2335 12890//2333 12891//2429
f 12892//2430 12893//2334 12894//2336
f 12895//2369 12896//2335 12897//2431
f 12898//2432 12899//2336 12900//2370
f 12901//2283 12902//2373 12903//2371
f 12904//2372 12905//2374 12906//2284
f 12907//2285 12908//2375 12909//2373
f 12910//2374 12911//2376 12912//2286
f 12913//2287 12914//2377 12915//2375
f 12916//2376 12917//2378 12918//2288
f 12919//2289 12920//2379 12921//2377
f 12922//2378 12923//2380 12924//2290
f 12925//2291 12926//2381 12927//2379
f 12928//2380 12929//2382 12930//2292
f 12931//2383 12932//2433 12933//2337
f 12934//2338 12935//2434 12936//2384
f 12937//2385 12938//2383 12939//2295
f 12940//2296 12941//2384 12942//2386
f 12943//2387 12944//2385 12945//2297
f 12946//2298 12947//2386 12948//2388
f 12949//2389 12950//2387 12951//2299
f 12952//2300 12953//2388 12954//2390
f 12955//2435 12956//2391 12957//2339
f 12958//2340 12959//2392 12960//2436
f 12961//2391 12962//2393 12963//2303
f 12964//2304 12965//2394 12966//2392
f 12967//2393 12968//2397 12969//2305
f 12970//2306 12971//2398 12972//2394
f 12973//225 12974//2395 12975//225
f 12976//226 12977//2396 12978//226
f 12979//2397 12980//2399 12981//2307
f 12982//2308 12983//2400 12984//2398
f 12985//2341 12986//2343 12987//2437
f 12988//2438 12989//2344 12990//2342
f 12991//2395 12992//2341 12993//2439
f 12994//2440 12995//2342 12996//2396
f 12997//2399 12998//2401 12999//2309
f 13000//2310 13001//2402 13002//2400
f 13003//2343 13004//2345 13005//2441
f 13006//2442 13007//2346 13008//2344
f 13009//2401 13010//2403 13011//2311
f 13012//2312 13013//2404 13014//2402
f 13015//2345 13016//2347 13017//2443
f 13018//2444 13019//2348 13020//2346
f 13021//2405 13022//2313 13023//2403
f 13024//2404 13025//2314 13026//2406
f 13027//2347 13028//2349 13029//2445
f 13030//2446 13031//2350 13032//2348
f 13033//2409 13034//2317 13035//2405
f 13036//2406 13037//2318 13038//2410
f 13039//2349 13040//2407 13041//2447
f 13042//2448 13043//2408 13044//2350
f 13045//2411 13046//2319 13047//2409
f 13048//2410 13049//2320 13050//2412
f 13051//2413 13052//2321 13053//2411
f 13054//2412 13055//2322 13056//2414
f 13057//2415 13058//2323 13059//2413
f 13060//2414 13061//2324 13062//2416
f 13063//2449 13064//2351 13065//2415
f 13066//2416 13067//2352 13068//2450
f 13069//2351 13070//2449 13071//2353
f 13072//2354 13073//2450 13074//2352
f 13075//2451 13076//226 13077//2417
f 13078//2418 13079//225 13080//2452
f 13081//2417 13082//226 13083//2453
f 13084//2454 13085//225 13086//2418
f 13087//2389 13088//2355 13089//2455
f 13090//2456 13091//2356 13092//2390
f 13093//2355 13094//2419 13095//2455
f 13096//2456 13097//2420 13098//2356
f 13099//2325 13100//2421 13101//2419
f 13102//2420 13103//2422 13104//2326
f 13105//226 13106//226 13107//2451
f 13108//2452 13109//225 13110//225
f 13111//2457 13112//2050 13113//2371
f 13114//2372 13115//2049 13116//2458
f 13117//2357 13118//2050 13119//2142
f 13120//2141 13121//2049 13122//2358
f 13123//2359 13124//2357 13125//2459
f 13126//2460 13127//2358 13128//2360
f 13129//2361 13130//2359 13131//2461
f 13132//2462 13133//2360 13134//2362
f 13135//2363 13136//2361 13137//2463
f 13138//2464 13139//2362 13140//2364
f 13141//2365 13142//2363 13143//2465
f 13144//2466 13145//2364 13146//2366
f 13147//2423 13148//2365 13149//2467
f 13150//2468 13151//2366 13152//2424
f 13153//2469 13154//2425 13155//2367
f 13156//2368 13157//2426 13158//2470
f 13159//2425 13160//2427 13161//2331
f 13162//2332 13163//2428 13164//2426
f 13165//2427 13166//2429 13167//2333
f 13168//2334 13169//2430 13170//2428
f 13171//2429 13172//2431 13173//2335
f 13174//2336 13175//2432 13176//2430
f 13177//2431 13178//2407 13179//2369
f 13180//2370 13181//2408 13182//2432
f 13183//2471 13184//2371 13185//2373
f 13186//2374 13187//2372 13188//2472
f 13189//2473 13190//2373 13191//2375
f 13192//2376 13193//2374 13194//2474
f 13195//2475 13196//2375 13197//2377
f 13198//2378 13199//2376 13200//2476
f 13201//2477 13202//2377 13203//2379
f 13204//2380 13205//2378 13206//2478
f 13207//2479 13208//2379 13209//2381
f 13210//2382 13211//2380 13212//2480
f 13213//2433 13214//2383 13215//2481
f 13216//2482 13217//2384 13218//2434
f 13219//2383 13220//2385 13221//2483
f 13222//2484 13223//2386 13224//2384
f 13225//2385 13226//2387 13227//2485
f 13228//2486 13229//2388 13230//2386
f 13231//2387 13232//2389 13233//2487
f 13234//2488 13235//2390 13236//2388
f 13237//2391 13238//2435 13239//2489
f 13240//2490 13241//2436 13242//2392
f 13243//2393 13244//2391 13245//2491
f 13246//2492 13247//2392 13248//2394
f 13249//2397 13250//2393 13251//2493
f 13252//2494 13253//2394 13254//2398
f 13255//225 13256//2395 13257//225
f 13258//226 13259//2396 13260//226
f 13261//2399 13262//2397 13263//2495
f 13264//2496 13265//2398 13266//2400
f 13267//2441 13268//2437 13269//2343
f 13270//2344 13271//2438 13272//2442
f 13273//2437 13274//2439 13275//2341
f 13276//2342 13277//2440 13278//2438
f 13279//2439 13280//2497 13281//2395
f 13282//2396 13283//2498 13284//2440
f 13285//2401 13286//2399 13287//2499
f 13288//2500 13289//2400 13290//2402
f 13291//2443 13292//2441 13293//2345
f 13294//2346 13295//2442 13296//2444
f 13297//2403 13298//2401 13299//2501
f 13300//2502 13301//2402 13302//2404
f 13303//2445 13304//2443 13305//2347
f 13306//2348 13307//2444 13308//2446
f 13309//2403 13310//2503 13311//2405
f 13312//2406 13313//2504 13314//2404
f 13315//2447 13316//2445 13317//2349
f 13318//2350 13319//2446 13320//2448
f 13321//2405 13322//2505 13323//2409
f 13324//2410 13325//2506 13326//2406
f 13327//2407 13328//2431 13329//2447
f 13330//2448 13331//2432 13332//2408
f 13333//2409 13334//2507 13335//2411
f 13336//2412 13337//2508 13338//2410
f 13339//2411 13340//2509 13341//2413
f 13342//2414 13343//2510 13344//2412
f 13345//2413 13346//2511 13347//2415
f 13348//2416 13349//2512 13350//2414
f 13351//2415 13352//2513 13353//2449
f 13354//2450 13355//2514 13356//2416
f 13357//2453 13358//226 13359//226
f 13360//225 13361//225 13362//2454
f 13363//2451 13364//226 13365//2451
f 13366//2452 13367//225 13368//2452
f 13369//2453 13370//2515 13371//2417
f 13372//2418 13373//2516 13374//2454
f 13375//2455 13376//2487 13377//2389
f 13378//2390 13379//2488 13380//2456
f 13381//2517 13382//2455 13383//2419
f 13384//2420 13385//2456 13386//2518
f 13387//2519 13388//2419 13389//2421
f 13390//2422 13391//2420 13392//2520
f 13393//2050 13394//2457 13395//2142
f 13396//2141 13397//2458 13398//2049
f 13399//2371 13400//2471 13401//2457
f 13402//2458 13403//2472 13404//2372
f 13405//2357 13406//2142 13407//2459
f 13408//2460 13409//2141 13410//2358
f 13411//2459 13412//2461 13413//2359
f 13414//2360 13415//2462 13416//2460
f 13417//2461 13418//2463 13419//2361
f 13420//2362 13421//2464 13422//2462
f 13423//2463 13424//2465 13425//2363
f 13426//2364 13427//2466 13428//2464
f 13429//2465 13430//2467 13431//2365
f 13432//2366 13433//2468 13434//2466
f 13435//2467 13436//2521 13437//2423
f 13438//2424 13439//2522 13440//2468
f 13441//2425 13442//2469 13443//2523
f 13444//2524 13445//2470 13446//2426
f 13447//2427 13448//2425 13449//2525
f 13450//2526 13451//2426 13452//2428
f 13453//2429 13454//2427 13455//2527
f 13456//2528 13457//2428 13458//2430
f 13459//2431 13460//2429 13461//2529
f 13462//2530 13463//2430 13464//2432
f 13465//2373 13466//2473 13467//2471
f 13468//2472 13469//2474 13470//2374
f 13471//2375 13472//2475 13473//2473
f 13474//2474 13475//2476 13476//2376
f 13477//2377 13478//2477 13479//2475
f 13480//2476 13481//2478 13482//2378
f 13483//2379 13484//2479 13485//2477
f 13486//2478 13487//2480 13488//2380
f 13489//2483 13490//2481 13491//2383
f 13492//2384 13493//2482 13494//2484
f 13495//2485 13496//2483 13497//2385
f 13498//2386 13499//2484 13500//2486
f 13501//2487 13502//2485 13503//2387
f 13504//2388 13505//2486 13506//2488
f 13507//2531 13508//2489 13509//2435
f 13510//2436 13511//2490 13512//2532
f 13513//2489 13514//2491 13515//2391
f 13516//2392 13517//2492 13518//2490
f 13519//2491 13520//2493 13521//2393
f 13522//2394 13523//2494 13524//2492
f 13525//2493 13526//2495 13527//2397
f 13528//2398 13529//2496 13530//2494
f 13531//225 13532//2395 13533//2497
f 13534//2498 13535//2396 13536//226
f 13537//2495 13538//2499 13539//2399
f 13540//2400 13541//2500 13542//2496
f 13543//2437 13544//2441 13545//2533
f 13546//2534 13547//2442 13548//2438
f 13549//2439 13550//2437 13551//2535
f 13552//2536 13553//2438 13554//2440
f 13555//2497 13556//2439 13557//2537
f 13558//2538 13559//2440 13560//2498
f 13561//2499 13562//2501 13563//2401
f 13564//2402 13565//2502 13566//2500
f 13567//2441 13568//2443 13569//2539
f 13570//2540 13571//2444 13572//2442
f 13573//2503 13574//2403 13575//2501
f 13576//2502 13577//2404 13578//2504
f 13579//2443 13580//2445 13581//2541
f 13582//2542 13583//2446 13584//2444
f 13585//2505 13586//2405 13587//2503
f 13588//2504 13589//2406 13590//2506
f 13591//2445 13592//2447 13593//2543
f 13594//2544 13595//2448 13596//2446
f 13597//2507 13598//2409 13599//2505
f 13600//2506 13601//2410 13602//2508
f 13603//2529 13604//2447 13605//2431
f 13606//2432 13607//2448 13608//2530
f 13609//2509 13610//2411 13611//2507
f 13612//2508 13613//2412 13614//2510
f 13615//2511 13616//2413 13617//2509
f 13618//2510 13619//2414 13620//2512
f 13621//2513 13622//2415 13623//2511
f 13624//2512 13625//2416 13626//2514
f 13627//2545 13628//226 13629//226
f 13630//225 13631//225 13632//2546
f 13633//2453 13634//226 13635//2545
f 13636//2546 13637//225 13638//2454
f 13639//2451 13640//2547 13641//2451
f 13642//2452 13643//2548 13644//2452
f 13645//2515 13646//2453 13647//2549
f 13648//2550 13649//2454 13650//2516
f 13651//2487 13652//2455 13653//2551
f 13654//2552 13655//2456 13656//2488
f 13657//2455 13658//2517 13659//2551
f 13660//2552 13661//2518 13662//2456
f 13663//2419 13664//2519 13665//2517
f 13666//2518 13667//2520 13668//2420
f 13669//2142 13670//2457 13671//2553
f 13672//2554 13673//2458 13674//2141
f 13675//2457 13676//2471 13677//2555
f 13678//2556 13679//2472 13680//2458
f 13681//2459 13682//2142 13683//2228
f 13684//2227 13685//2141 13686//2460
f 13687//2461 13688//2459 13689//2557
f 13690//2558 13691//2460 13692//2462
f 13693//2463 13694//2461 13695//2559
f 13696//2560 13697//2462 13698//2464
f 13699//2465 13700//2463 13701//2561
f 13702//2562 13703//2464 13704//2466
f 13705//2467 13706//2465 13707//2563
f 13708//2564 13709//2466 13710//2468
f 13711//2521 13712//2467 13713//2565
f 13714//2566 13715//2468 13716//2522
f 13717//2567 13718//2523 13719//2469
f 13720//2470 13721//2524 13722//2568
f 13723//2523 13724//2525 13725//2425
f 13726//2426 13727//2526 13728//2524
f 13729//2525 13730//2527 13731//2427
f 13732//2428 13733//2528 13734//2526
f 13735//2527 13736//2529 13737//2429
f 13738//2430 13739//2530 13740//2528
f 13741//2471 13742//2473 13743//2569
f 13744//2570 13745//2474 13746//2472
f 13747//2473 13748//2475 13749//2571
f 13750//2572 13751//2476 13752//2474
f 13753//2475 13754//2477 13755//2573
f 13756//2574 13757//2478 13758//2476
f 13759//2477 13760//2479 13761//2575
f 13762//2576 13763//2480 13764//2478
f 13765//2481 13766//2483 13767//2577
f 13768//2578 13769//2484 13770//2482
f 13771//2483 13772//2485 13773//2579
f 13774//2580 13775//2486 13776//2484
f 13777//2485 13778//2487 13779//2581
f 13780//2582 13781//2488 13782//2486
f 13783//2489 13784//2531 13785//2583
f 13786//2584 13787//2532 13788//2490
f 13789//2491 13790//2489 13791//2585
f 13792//2586 13793//2490 13794//2492
f 13795//2493 13796//2491 13797//2587
f 13798//2588 13799//2492 13800//2494
f 13801//2495 13802//2493 13803//2589
f 13804//2590 13805//2494 13806//2496
f 13807//225 13808//2497 13809//225
f 13810//226 13811//2498 13812//226
f 13813//2499 13814//2495 13815//2591
f 13816//2592 13817//2496 13818//2500
f 13819//2539 13820//2533 13821//2441
f 13822//2442 13823//2534 13824//2540
f 13825//2533 13826//2535 13827//2437
f 13828//2438 13829//2536 13830//2534
f 13831//2535 13832//2537 13833//2439
f 13834//2440 13835//2538 13836//2536
f 13837//2537 13838//2593 13839//2497
f 13840//2498 13841//2594 13842//2538
f 13843//2501 13844//2499 13845//2595
f 13846//2596 13847//2500 13848//2502
f 13849//2541 13850//2539 13851//2443
f 13852//2444 13853//2540 13854//2542
f 13855//2501 13856//2597 13857//2503
f 13858//2504 13859//2598 13860//2502
f 13861//2543 13862//2541 13863//2445
f 13864//2446 13865//2542 13866//2544
f 13867//2503 13868//2599 13869//2505
f 13870//2506 13871//2600 13872//2504
f 13873//2447 13874//2529 13875//2543
f 13876//2544 13877//2530 13878//2448
f 13879//2505 13880//2601 13881//2507
f 13882//2508 13883//2602 13884//2506
f 13885//2507 13886//2603 13887//2509
f 13888//2510 13889//2604 13890//2508
f 13891//2509 13892//2605 13893//2511
f 13894//2512 13895//2606 13896//2510
f 13897//2511 13898//2607 13899//2513
f 13900//2514 13901//2608 13902//2512
f 13903//2545 13904//226 13905//2609
f 13906//2610 13907//225 13908//2546
f 13909//2545 13910//2549 13911//2453
f 13912//2454 13913//2550 13914//2546
f 13915//2547 13916//2451 13917//2547
f 13918//2548 13919//2452 13920//2548
f 13921//2549 13922//2611 13923//2515
f 13924//2516 13925//2612 13926//2550
f 13927//2551 13928//2581 13929//2487
f 13930//2488 13931//2582 13932//2552
f 13933//2613 13934//2551 13935//2517
f 13936//2518 13937//2552 13938//2614
f 13939//2615 13940//2517 13941//2519
f 13942//2520 13943//2518 13944//2616
f 13945//2457 13946//2555 13947//2553
f 13948//2554 13949//2556 13950//2458
f 13951//2142 13952//2553 13953//2228
f 13954//2227 13955//2554 13956//2141
f 13957//2471 13958//2569 13959//2555
f 13960//2556 13961//2570 13962//2472
f 13963//2228 13964//2557 13965//2459
f 13966//2460 13967//2558 13968//2227
f 13969//2557 13970//2559 13971//2461
f 13972//2462 13973//2560 13974//2558
f 13975//2559 13976//2561 13977//2463
f 13978//2464 13979//2562 13980//2560
f 13981//2561 13982//2563 13983//2465
f 13984//2466 13985//2564 13986//2562
f 13987//2563 13988//2565 13989//2467
f 13990//2468 13991//2566 13992//2564
f 13993//2565 13994//2617 13995//2521
f 13996//2522 13997//2618 13998//2566
f 13999//2523 14000//2567 14001//2619
f 14002//2620 14003//2568 14004//2524
f 14005//2525 14006//2523 14007//2621
f 14008//2622 14009//2524 14010//2526
f 14011//2527 14012//2525 14013//2623
f 14014//2624 14015//2526 14016//2528
f 14017//2529 14018//2527 14019//2625
f 14020//2626 14021//2528 14022//2530
f 14023//2473 14024//2571 14025//2569
f 14026//2570 14027//2572 14028//2474
f 14029//2475 14030//2573 14031//2571
f 14032//2572 14033//2574 14034//2476
f 14035//2477 14036//2575 14037//2573
f 14038//2574 14039//2576 14040//2478
f 14041//2627 14042//2628 14043//2629
f 14044//2630 14045//2631 14046//2632
f 14047//2579 14048//2577 14049//2483
f 14050//2484 14051//2578 14052//2580
f 14053//2581 14054//2579 14055//2485
f 14056//2486 14057//2580 14058//2582
f 14059//2633 14060//2583 14061//2531
f 14062//2532 14063//2584 14064//2634
f 14065//2583 14066//2585 14067//2489
f 14068//2490 14069//2586 14070//2584
f 14071//2585 14072//2587 14073//2491
f 14074//2492 14075//2588 14076//2586
f 14077//2587 14078//2589 14079//2493
f 14080//2494 14081//2590 14082//2588
f 14083//2589 14084//2591 14085//2495
f 14086//2496 14087//2592 14088//2590
f 14089//225 14090//2497 14091//2635
f 14092//2636 14093//2498 14094//226
f 14095//2591 14096//2595 14097//2499
f 14098//2500 14099//2596 14100//2592
f 14101//2533 14102//2539 14103//2637
f 14104//2638 14105//2540 14106//2534
f 14107//2535 14108//2533 14109//2639
f 14110//2640 14111//2534 14112//2536
f 14113//2537 14114//2535 14115//2641
f 14116//2642 14117//2536 14118//2538
f 14119//2593 14120//2537 14121//2643
f 14122//2644 14123//2538 14124//2594
f 14125//2635 14126//2497 14127//2593
f 14128//2594 14129//2498 14130//2636
f 14131//2597 14132//2501 14133//2595
f 14134//2596 14135//2502 14136//2598
f 14137//2539 14138//2541 14139//2645
f 14140//2646 14141//2542 14142//2540
f 14143//2599 14144//2503 14145//2597
f 14146//2598 14147//2504 14148//2600
f 14149//2541 14150//2543 14151//2647
f 14152//2648 14153//2544 14154//2542
f 14155//2601 14156//2505 14157//2599
f 14158//2600 14159//2506 14160//2602
f 14161//2625 14162//2543 14163//2529
f 14164//2530 14165//2544 14166//2626
f 14167//2603 14168//2507 14169//2601
f 14170//2602 14171//2508 14172//2604
f 14173//2605 14174//2509 14175//2603
f 14176//2604 14177//2510 14178//2606
f 14179//2607 14180//2511 14181//2605
f 14182//2606 14183//2512 14184//2608
f 14185//2609 14186//226 14187//226
f 14188//225 14189//225 14190//2610
f 14191//2609 14192//2649 14193//2545
f 14194//2546 14195//2650 14196//2610
f 14197//2549 14198//2545 14199//2649
f 14200//2650 14201//2546 14202//2550
f 14203//2547 14204//2651 14205//2547
f 14206//2548 14207//2652 14208//2548
f 14209//2611 14210//2549 14211//2653
f 14212//2654 14213//2550 14214//2612
f 14215//2581 14216//2551 14217//2655
f 14218//2656 14219//2552 14220//2582
f 14221//2551 14222//2613 14223//2655
f 14224//2656 14225//2614 14226//2552
f 14227//2517 14228//2615 14229//2613
f 14230//2614 14231//2616 14232//2518
f 14233//2657 14234//2553 14235//2555
f 14236//2556 14237//2554 14238//2658
f 14239//2659 14240//2228 14241//2553
f 14242//2554 14243//2227 14244//2660
f 14245//2661 14246//2555 14247//2569
f 14248//2570 14249//2556 14250//2662
f 14251//2557 14252//2228 14253//2314
f 14254//2313 14255//2227 14256//2558
f 14257//2559 14258//2557 14259//2663
f 14260//2664 14261//2558 14262//2560
f 14263//2561 14264//2559 14265//2665
f 14266//2666 14267//2560 14268//2562
f 14269//2563 14270//2561 14271//2667
f 14272//2668 14273//2562 14274//2564
f 14275//2565 14276//2563 14277//2669
f 14278//2670 14279//2564 14280//2566
f 14281//2617 14282//2565 14283//2671
f 14284//2672 14285//2566 14286//2618
f 14287//2673 14288//2619 14289//2567
f 14290//2568 14291//2620 14292//2674
f 14293//2619 14294//2621 14295//2523
f 14296//2524 14297//2622 14298//2620
f 14299//2621 14300//2623 14301//2525
f 14302//2526 14303//2624 14304//2622
f 14305//2623 14306//2625 14307//2527
f 14308//2528 14309//2626 14310//2624
f 14311//2675 14312//2569 14313//2571
f 14314//2572 14315//2570 14316//2676
f 14317//2677 14318//2571 14319//2573
f 14320//2574 14321//2572 14322//2678
f 14323//2679 14324//2573 14325//2575
f 14326//2576 14327//2574 14328//2680
f 14329//2628 14330//2627 14331//2681
f 14332//2682 14333//2632 14334//2631
f 14335//2577 14336//2579 14337//2683
f 14338//2684 14339//2580 14340//2578
f 14341//2579 14342//2581 14343//2685
f 14344//2686 14345//2582 14346//2580
f 14347//2583 14348//2633 14349//2687
f 14350//2688 14351//2634 14352//2584
f 14353//2585 14354//2583 14355//2689
f 14356//2690 14357//2584 14358//2586
f 14359//2587 14360//2585 14361//2691
f 14362//2692 14363//2586 14364//2588
f 14365//2589 14366//2587 14367//2693
f 14368//2694 14369//2588 14370//2590
f 14371//2591 14372//2589 14373//2695
f 14374//2696 14375//2590 14376//2592
f 14377//2697 14378//2697 14379//2697
f 14380//2698 14381//2698 14382//2698
f 14383//2595 14384//2591 14385//2699
f 14386//2700 14387//2592 14388//2596
f 14389//2645 14390//2637 14391//2539
f 14392//2540 14393//2638 14394//2646
f 14395//2637 14396//2639 14397//2533
f 14398//2534 14399//2640 14400//2638
f 14401//2639 14402//2641 14403//2535
f 14404//2536 14405//2642 14406//2640
f 14407//2641 14408//2643 14409//2537
f 14410//2538 14411//2644 14412//2642
f 14413//2643 14414//2701 14415//2593
f 14416//2594 14417//2702 14418//2644
f 14419//2635 14420//2593 14421//2701
f 14422//2702 14423//2594 14424//2636
f 14425//2595 14426//2703 14427//2597
f 14428//2598 14429//2704 14430//2596
f 14431//2647 14432//2645 14433//2541
f 14434//2542 14435//2646 14436//2648
f 14437//2597 14438//2705 14439//2599
f 14440//2600 14441//2706 14442//2598
f 14443//2543 14444//2625 14445//2647
f 14446//2648 14447//2626 14448//2544
f 14449//2599 14450//2707 14451//2601
f 14452//2602 14453//2708 14454//2600
f 14455//2601 14456//2709 14457//2603
f 14458//2604 14459//2710 14460//2602
f 14461//2603 14462//2711 14463//2605
f 14464//2606 14465//2712 14466//2604
f 14467//2605 14468//2713 14469//2607
f 14470//2608 14471//2714 14472//2606
f 14473//2609 14474//226 14475//2715
f 14476//2716 14477//225 14478//2610
f 14479//2649 14480//2609 14481//2717
f 14482//2718 14483//2610 14484//2650
f 14485//2649 14486//2653 14487//2549
f 14488//2550 14489//2654 14490//2650
f 14491//2651 14492//2547 14493//2651
f 14494//2652 14495//2548 14496//2652
f 14497//2653 14498//2719 14499//2611
f 14500//2612 14501//2720 14502//2654
f 14503//2655 14504//2685 14505//2581
f 14506//2582 14507//2686 14508//2656
f 14509//2721 14510//2655 14511//2613
f 14512//2614 14513//2656 14514//2722
f 14515//2553 14516//2657 14517//2659
f 14518//2660 14519//2658 14520//2554
f 14521//2555 14522//2661 14523//2657
f 14524//2658 14525//2662 14526//2556
f 14527//2228 14528//2659 14529//2314
f 14530//2313 14531//2660 14532//2227
f 14533//2569 14534//2675 14535//2661
f 14536//2662 14537//2676 14538//2570
f 14539//2314 14540//2663 14541//2557
f 14542//2558 14543//2664 14544//2313
f 14545//2663 14546//2665 14547//2559
f 14548//2560 14549//2666 14550//2664
f 14551//2665 14552//2667 14553//2561
f 14554//2562 14555//2668 14556//2666
f 14557//2667 14558//2669 14559//2563
f 14560//2564 14561//2670 14562//2668
f 14563//2669 14564//2671 14565//2565
f 14566//2566 14567//2672 14568//2670
f 14569//2671 14570//2723 14571//2617
f 14572//2618 14573//2724 14574//2672
f 14575//2619 14576//2673 14577//2725
f 14578//2726 14579//2674 14580//2620
f 14581//2621 14582//2619 14583//2727
f 14584//2728 14585//2620 14586//2622
f 14587//2623 14588//2621 14589//2729
f 14590//2730 14591//2622 14592//2624
f 14593//2625 14594//2623 14595//2731
f 14596//2732 14597//2624 14598//2626
f 14599//2571 14600//2677 14601//2675
f 14602//2676 14603//2678 14604//2572
f 14605//2573 14606//2679 14607//2677
f 14608//2678 14609//2680 14610//2574
f 14611//2681 14612//2733 14613//2628
f 14614//2631 14615//2734 14616//2682
f 14617//2735 14618//2681 14619//2627
f 14620//2632 14621//2682 14622//2736
f 14623//2685 14624//2683 14625//2579
f 14626//2580 14627//2684 14628//2686
f 14629//2697 14630//2697 14631//2697
f 14632//2698 14633//2698 14634//2698
f 14635//2687 14636//2689 14637//2583
f 14638//2584 14639//2690 14640//2688
f 14641//2689 14642//2691 14643//2585
f 14644//2586 14645//2692 14646//2690
f 14647//2691 14648//2693 14649//2587
f 14650//2588 14651//2694 14652//2692
f 14653//2693 14654//2695 14655//2589
f 14656//2590 14657//2696 14658//2694
f 14659//2695 14660//2699 14661//2591
f 14662//2592 14663//2700 14664//2696
f 14665//2635 14666//2737 14667//2738
f 14668//2739 14669//2740 14670//2636
f 14671//2703 14672//2595 14673//2699
f 14674//2700 14675//2596 14676//2704
f 14677//2637 14678//2645 14679//2741
f 14680//2742 14681//2646 14682//2638
f 14683//2639 14684//2637 14685//2743
f 14686//2744 14687//2638 14688//2640
f 14689//2641 14690//2639 14691//2745
f 14692//2746 14693//2640 14694//2642
f 14695//2643 14696//2641 14697//2747
f 14698//2748 14699//2642 14700//2644
f 14701//2701 14702//2643 14703//2749
f 14704//2750 14705//2644 14706//2702
f 14707//2635 14708//2701 14709//2751
f 14710//2752 14711//2702 14712//2636
f 14713//2705 14714//2597 14715//2703
f 14716//2704 14717//2598 14718//2706
f 14719//2645 14720//2647 14721//2753
f 14722//2754 14723//2648 14724//2646
f 14725//2707 14726//2599 14727//2705
f 14728//2706 14729//2600 14730//2708
f 14731//2731 14732//2647 14733//2625
f 14734//2626 14735//2648 14736//2732
f 14737//2709 14738//2601 14739//2707
f 14740//2708 14741//2602 14742//2710
f 14743//2711 14744//2603 14745//2709
f 14746//2710 14747//2604 14748//2712
f 14749//2713 14750//2605 14751//2711
f 14752//2712 14753//2606 14754//2714
f 14755//2715 14756//226 14757//226
f 14758//225 14759//225 14760//2716
f 14761//2715 14762//2717 14763//2609
f 14764//2610 14765//2718 14766//2716
f 14767//2717 14768//2755 14769//2649
f 14770//2650 14771//2756 14772//2718
f 14773//2653 14774//2649 14775//2755
f 14776//2756 14777//2650 14778//2654
f 14779//2651 14780//2757 14781//2651
f 14782//2652 14783//2758 14784//2652
f 14785//2719 14786//2653 14787//2759
f 14788//2760 14789//2654 14790//2720
f 14791//2685 14792//2655 14793//2761
f 14794//2762 14795//2656 14796//2686
f 14797//2655 14798//2721 14799//2761
f 14800//2762 14801//2722 14802//2656
f 14803//2763 14804//2659 14805//2657
f 14806//2658 14807//2660 14808//2764
f 14809//2765 14810//2657 14811//2661
f 14812//2662 14813//2658 14814//2766
f 14815//2767 14816//2314 14817//2659
f 14818//2660 14819//2313 14820//2768
f 14821//2769 14822//2661 14823//2675
f 14824//2676 14825//2662 14826//2770
f 14827//2663 14828//2314 14829//2404
f 14830//2403 14831//2313 14832//2664
f 14833//2665 14834//2663 14835//2771
f 14836//2772 14837//2664 14838//2666
f 14839//2667 14840//2665 14841//2773
f 14842//2774 14843//2666 14844//2668
f 14845//2669 14846//2667 14847//2775
f 14848//2776 14849//2668 14850//2670
f 14851//2671 14852//2669 14853//2777
f 14854//2778 14855//2670 14856//2672
f 14857//2723 14858//2671 14859//2779
f 14860//2780 14861//2672 14862//2724
f 14863//2781 14864//2725 14865//2673
f 14866//2674 14867//2726 14868//2782
f 14869//2725 14870//2727 14871//2619
f 14872//2620 14873//2728 14874//2726
f 14875//2727 14876//2729 14877//2621
f 14878//2622 14879//2730 14880//2728
f 14881//2729 14882//2731 14883//2623
f 14884//2624 14885//2732 14886//2730
f 14887//2783 14888//2675 14889//2677
f 14890//2678 14891//2676 14892//2784
f 14893//2785 14894//2677 14895//2679
f 14896//2680 14897//2678 14898//2786
f 14899//2733 14900//2681 14901//2787
f 14902//2788 14903//2682 14904//2734
f 14905//2681 14906//2735 14907//2789
f 14908//2790 14909//2736 14910//2682
f 14911//2683 14912//2685 14913//2791
f 14914//2792 14915//2686 14916//2684
f 14917//2697 14918//2697 14919//2697
f 14920//2698 14921//2698 14922//2698
f 14923//2689 14924//2687 14925//2793
f 14926//2794 14927//2688 14928//2690
f 14929//2691 14930//2689 14931//2795
f 14932//2796 14933//2690 14934//2692
f 14935//2693 14936//2691 14937//2797
f 14938//2798 14939//2692 14940//2694
f 14941//2695 14942//2693 14943//2799
f 14944//2800 14945//2694 14946//2696
f 14947//2699 14948//2695 14949//2801
f 14950//2802 14951//2696 14952//2700
f 14953//2737 14954//2635 14955//2751
f 14956//2752 14957//2636 14958//2740
f 14959//2803 14960//2738 14961//2737
f 14962//2740 14963//2739 14964//2804
f 14965//2699 14966//2805 14967//2703
f 14968//2704 14969//2806 14970//2700
f 14971//2753 14972//2741 14973//2645
f 14974//2646 14975//2742 14976//2754
f 14977//2741 14978//2743 14979//2637
f 14980//2638 14981//2744 14982//2742
f 14983//2743 14984//2745 14985//2639
f 14986//2640 14987//2746 14988//2744
f 14989//2745 14990//2747 14991//2641
f 14992//2642 14993//2748 14994//2746
f 14995//2747 14996//2749 14997//2643
f 14998//2644 14999//2750 15000//2748
f 15001//2749 15002//2751 15003//2701
f 15004//2702 15005//2752 15006//2750
f 15007//2703 15008//2807 15009//2705
f 15010//2706 15011//2808 15012//2704
f 15013//2647 15014//2731 15015//2753
f 15016//2754 15017//2732 15018//2648
f 15019//2705 15020//2809 15021//2707
f 15022//2708 15023//2810 15024//2706
f 15025//2707 15026//2811 15027//2709
f 15028//2710 15029//2812 15030//2708
f 15031//2709 15032//2813 15033//2711
f 15034//2712 15035//2814 15036//2710
f 15037//2711 15038//2815 15039//2713
f 15040//2714 15041//2816 15042//2712
f 15043//2715 15044//226 15045//2817
f 15046//2818 15047//225 15048//2716
f 15049//2717 15050//2715 15051//2819
f 15052//2820 15053//2716 15054//2718
f 15055//2755 15056//2717 15057//2821
f 15058//2822 15059//2718 15060//2756
f 15061//2755 15062//2759 15063//2653
f 15064//2654 15065//2760 15066//2756
f 15067//2757 15068//2651 15069//2757
f 15070//2758 15071//2652 15072//2758
f 15073//2759 15074//2823 15075//2719
f 15076//2720 15077//2824 15078//2760
f 15079//2761 15080//2791 15081//2685
f 15082//2686 15083//2792 15084//2762
f 15085//2825 15086//2761 15087//2721
f 15088//2722 15089//2762 15090//2826
f 15091//2659 15092//2763 15093//2767
f 15094//2768 15095//2764 15096//2660
f 15097//2657 15098//2765 15099//2763
f 15100//2764 15101//2766 15102//2658
f 15103//2661 15104//2769 15105//2765
f 15106//2766 15107//2770 15108//2662
f 15109//2314 15110//2767 15111//2404
f 15112//2403 15113//2768 15114//2313
f 15115//2675 15116//2783 15117//2769
f 15118//2770 15119//2784 15120//2676
f 15121//2404 15122//2771 15123//2663
f 15124//2664 15125//2772 15126//2403
f 15127//2771 15128//2773 15129//2665
f 15130//2666 15131//2774 15132//2772
f 15133//2773 15134//2775 15135//2667
f 15136//2668 15137//2776 15138//2774
f 15139//2775 15140//2777 15141//2669
f 15142//2670 15143//2778 15144//2776
f 15145//2777 15146//2779 15147//2671
f 15148//2672 15149//2780 15150//2778
f 15151//2779 15152//2827 15153//2723
f 15154//2724 15155//2828 15156//2780
f 15157//2725 15158//2781 15159//2829
f 15160//2830 15161//2782 15162//2726
f 15163//2727 15164//2725 15165//2831
f 15166//2832 15167//2726 15168//2728
f 15169//2729 15170//2727 15171//2833
f 15172//2834 15173//2728 15174//2730
f 15175//2731 15176//2729 15177//2835
f 15178//2836 15179//2730 15180//2732
f 15181//2677 15182//2785 15183//2783
f 15184//2784 15185//2786 15186//2678
f 15187//2787 15188//2837 15189//2733
f 15190//2734 15191//2838 15192//2788
f 15193//2789 15194//2787 15195//2681
f 15196//2682 15197//2788 15198//2790
f 15199//2839 15200//2789 15201//2735
f 15202//2736 15203//2790 15204//2840
f 15205//2738 15206//2803 15207//2841
f 15208//2842 15209//2804 15210//2739
f 15211//2697 15212//2697 15213//2697
f 15214//2698 15215//2698 15216//2698
f 15217//2697 15218//2697 15219//2697
f 15220//2698 15221//2698 15222//2698
f 15223//2793 15224//2795 15225//2689
f 15226//2690 15227//2796 15228//2794
f 15229//2795 15230//2797 15231//2691
f 15232//2692 15233//2798 15234//2796
f 15235//2797 15236//2799 15237//2693
f 15238//2694 15239//2800 15240//2798
f 15241//2799 15242//2801 15243//2695
f 15244//2696 15245//2802 15246//2800
f 15247//2805 15248//2699 15249//2801
f 15250//2802 15251//2700 15252//2806
f 15253//2751 15254//2749 15255//2737
f 15256//2740 15257//2750 15258//2752
f 15259//2807 15260//2703 15261//2805
f 15262//2806 15263//2704 15264//2808
f 15265//2741 15266//2753 15267//2843
f 15268//2844 15269//2754 15270//2742
f 15271//2743 15272//2741 15273//2845
f 15274//2846 15275//2742 15276//2744
f 15277//2745 15278//2743 15279//2847
f 15280//2848 15281//2744 15282//2746
f 15283//2747 15284//2745 15285//2849
f 15286//2850 15287//2746 15288//2748
f 15289//2749 15290//2747 15291//2851
f 15292//2852 15293//2748 15294//2750
f 15295//2809 15296//2705 15297//2807
f 15298//2808 15299//2706 15300//2810
f 15301//2835 15302//2753 15303//2731
f 15304//2732 15305//2754 15306//2836
f 15307//2811 15308//2707 15309//2809
f 15310//2810 15311//2708 15312//2812
f 15313//2813 15314//2709 15315//2811
f 15316//2812 15317//2710 15318//2814
f 15319//2815 15320//2711 15321//2813
f 15322//2814 15323//2712 15324//2816
f 15325//2817 15326//226 15327//226
f 15328//225 15329//225 15330//2818
f 15331//2817 15332//2819 15333//2715
f 15334//2716 15335//2820 15336//2818
f 15337//2819 15338//2821 15339//2717
f 15340//2718 15341//2822 15342//2820
f 15343//2821 15344//2853 15345//2755
f 15346//2756 15347//2854 15348//2822
f 15349//2759 15350//2755 15351//2853
f 15352//2854 15353//2756 15354//2760
f 15355//2757 15356//2855 15357//2757
f 15358//2758 15359//2856 15360//2758
f 15361//2823 15362//2759 15363//2857
f 15364//2858 15365//2760 15366//2824
f 15367//2791 15368//2761 15369//2859
f 15370//2860 15371//2762 15372//2792
f 15373//2761 15374//2825 15375//2859
f 15376//2860 15377//2826 15378//2762
f 15379//2721 15380//2855 15381//2825
f 15382//2826 15383//2856 15384//2722
f 15385//2861 15386//2767 15387//2763
f 15388//2764 15389//2768 15390//2862
f 15391//2863 15392//2763 15393//2765
f 15394//2766 15395//2764 15396//2864
f 15397//2865 15398//2765 15399//2769
f 15400//2770 15401//2766 15402//2866
f 15403//2867 15404//2404 15405//2767
f 15406//2768 15407//2403 15408//2868
f 15409//2869 15410//2769 15411//2783
f 15412//2784 15413//2770 15414//2870
f 15415//2771 15416//2404 15417//2502
f 15418//2501 15419//2403 15420//2772
f 15421//2773 15422//2771 15423//2871
f 15424//2872 15425//2772 15426//2774
f 15427//2775 15428//2773 15429//2873
f 15430//2874 15431//2774 15432//2776
f 15433//2777 15434//2775 15435//2875
f 15436//2876 15437//2776 15438//2778
f 15439//2779 15440//2777 15441//2877
f 15442//2878 15443//2778 15444//2780
f 15445//2827 15446//2779 15447//2879
f 15448//2880 15449//2780 15450//2828
f 15451//2881 15452//2829 15453//2781
f 15454//2782 15455//2830 15456//2882
f 15457//2829 15458//2831 15459//2725
f 15460//2726 15461//2832 15462//2830
f 15463//2831 15464//2833 15465//2727
f 15466//2728 15467//2834 15468//2832
f 15469//2833 15470//2835 15471//2729
f 15472//2730 15473//2836 15474//2834
f 15475//2883 15476//2783 15477//2785
f 15478//2786 15479//2784 15480//2884
f 15481//2837 15482//2787 15483//2885
f 15484//2886 15485//2788 15486//2838
f 15487//2787 15488//2789 15489//2887
f 15490//2888 15491//2790 15492//2788
f 15493//2789 15494//2839 15495//2889
f 15496//2890 15497//2840 15498//2790
f 15499//2891 15500//2841 15501//2803
f 15502//2804 15503//2842 15504//2892
f 15505//2841 15506//2891 15507//2893
f 15508//2894 15509//2892 15510//2842
f 15511//2697 15512//2697 15513//2697
f 15514//2698 15515//2698 15516//2698
f 15517//2697 15518//2697 15519//2697
f 15520//2698 15521//2698 15522//2698
f 15523//2697 15524//2697 15525//2697
f 15526//2698 15527//2698 15528//2698
f 15529//2795 15530//2793 15531//2895
f 15532//2896 15533//2794 15534//2796
f 15535//2797 15536//2795 15537//2897
f 15538//2898 15539//2796 15540//2798
f 15541//2799 15542//2797 15543//2899
f 15544//2900 15545//2798 15546//2800
f 15547//2801 15548//2799 15549//2901
f 15550//2902 15551//2800 15552//2802
f 15553//2801 15554//2903 15555//2805
f 15556//2806 15557//2904 15558//2802
f 15559//2851 15560//2737 15561//2749
f 15562//2750 15563//2740 15564//2852
f 15565//2753 15566//2835 15567//2843
f 15568//2844 15569//2836 15570//2754
f 15571//2843 15572//2845 15573//2741
f 15574//2742 15575//2846 15576//2844
f 15577//2845 15578//2847 15579//2743
f 15580//2744 15581//2848 15582//2846
f 15583//2847 15584//2849 15585//2745
f 15586//2746 15587//2850 15588//2848
f 15589//2849 15590//2851 15591//2747
f 15592//2748 15593//2852 15594//2850
f 15595//2807 15596//2905 15597//2809
f 15598//2810 15599//2906 15600//2808
f 15601//2809 15602//2907 15603//2811
f 15604//2812 15605//2908 15606//2810
f 15607//2811 15608//2909 15609//2813
f 15610//2814 15611//2910 15612//2812
f 15613//2813 15614//2911 15615//2815
f 15616//2816 15617//2912 15618//2814
f 15619//2817 15620//226 15621//226
f 15622//225 15623//225 15624//2818
f 15625//2819 15626//2817 15627//2913
f 15628//2914 15629//2818 15630//2820
f 15631//2821 15632//2819 15633//2915
f 15634//2916 15635//2820 15636//2822
f 15637//2853 15638//2821 15639//2917
f 15640//2918 15641//2822 15642//2854
f 15643//2853 15644//2857 15645//2759
f 15646//2760 15647//2858 15648//2854
f 15649//2855 15650//2757 15651//2855
f 15652//2856 15653//2758 15654//2856
f 15655//2857 15656//2919 15657//2823
f 15658//2824 15659//2920 15660//2858
f 15661//2855 15662//2721 15663//2855
f 15664//2856 15665//2722 15666//2856
f 15667//2767 15668//2861 15669//2867
f 15670//2868 15671//2862 15672//2768
f 15673//2763 15674//2863 15675//2861
f 15676//2862 15677//2864 15678//2764
f 15679//2765 15680//2865 15681//2863
f 15682//2864 15683//2866 15684//2766
f 15685//2769 15686//2869 15687//2865
f 15688//2866 15689//2870 15690//2770
f 15691//2404 15692//2867 15693//2502
f 15694//2501 15695//2868 15696//2403
f 15697//2783 15698//2883 15699//2869
f 15700//2870 15701//2884 15702//2784
f 15703//2502 15704//2871 15705//2771
f 15706//2772 15707//2872 15708//2501
f 15709//2871 15710//2873 15711//2773
f 15712//2774 15713//2874 15714//2872
f 15715//2873 15716//2875 15717//2775
f 15718//2776 15719//2876 15720//2874
f 15721//2875 15722//2877 15723//2777
f 15724//2778 15725//2878 15726//2876
f 15727//2877 15728//2879 15729//2779
f 15730//2780 15731//2880 15732//2878
f 15733//2879 15734//2921 15735//2827
f 15736//2828 15737//2922 15738//2880
f 15739//2829 15740//2881 15741//2923
f 15742//2924 15743//2882 15744//2830
f 15745//2831 15746//2829 15747//2925
f 15748//2926 15749//2830 15750//2832
f 15751//2833 15752//2831 15753//2927
f 15754//2928 15755//2832 15756//2834
f 15757//2835 15758//2833 15759//2929
f 15760//2930 15761//2834 15762//2836
f 15763//2885 15764//2931 15765//2837
f 15766//2838 15767//2932 15768//2886
f 15769//2887 15770//2885 15771//2787
f 15772//2788 15773//2886 15774//2888
f 15775//2889 15776//2887 15777//2789
f 15778//2790 15779//2888 15780//2890
f 15781//2933 15782//2889 15783//2839
f 15784//2840 15785//2890 15786//2934
f 15787//2803 15788//2935 15789//2891
f 15790//2892 15791//2936 15792//2804
f 15793//2937 15794//2893 15795//2891
f 15796//2892 15797//2894 15798//2938
f 15799//2893 15800//2937 15801//2939
f 15802//2940 15803//2938 15804//2894
f 15805//2697 15806//2697 15807//2697
f 15808//2698 15809//2698 15810//2698
f 15811//2697 15812//2697 15813//2697
f 15814//2698 15815//2698 15816//2698
f 15817//2941 15818//2942 15819//2943
f 15820//2944 15821//2945 15822//2946
f 15823//2947 15824//2948 15825//2949
f 15826//2950 15827//2951 15828//2952
f 15829//2697 15830//2697 15831//2697
f 15832//2698 15833//2698 15834//2698
f 15835//2697 15836//2697 15837//2697
f 15838//2698 15839//2698 15840//2698
f 15841//2895 15842//2897 15843//2795
f 15844//2796 15845//2898 15846//2896
f 15847//2897 15848//2899 15849//2797
f 15850//2798 15851//2900 15852//2898
f 15853//2899 15854//2901 15855//2799
f 15856//2800 15857//2902 15858//2900
f 15859//2903 15860//2801 15861//2901
f 15862//2902 15863//2802 15864//2904
f 15865//2953 15866//2805 15867//2903
f 15868//2904 15869//2806 15870//2954
f 15871//2737 15872//2851 15873//2803
f 15874//2804 15875//2852 15876//2740
f 15877//2929 15878//2843 15879//2835
f 15880//2836 15881//2844 15882//2930
f 15883//2845 15884//2843 15885//2955
f 15886//2956 15887//2844 15888//2846
f 15889//2847 15890//2845 15891//2957
f 15892//2958 15893//2846 15894//2848
f 15895//2849 15896//2847 15897//2959
f 15898//2960 15899//2848 15900//2850
f 15901//2851 15902//2849 15903//2935
f 15904//2936 15905//2850 15906//2852
f 15907//2905 15908//2807 15909//2953
f 15910//2954 15911//2808 15912//2906
f 15913//2907 15914//2809 15915//2905
f 15916//2906 15917//2810 15918//2908
f 15919//2909 15920//2811 15921//2907
f 15922//2908 15923//2812 15924//2910
f 15925//2911 15926//2813 15927//2909
f 15928//2910 15929//2814 15930//2912
f 15931//2817 15932//226 15933//2961
f 15934//2962 15935//225 15936//2818
f 15937//2961 15938//2913 15939//2817
f 15940//2818 15941//2914 15942//2962
f 15943//2913 15944//2915 15945//2819
f 15946//2820 15947//2916 15948//2914
f 15949//2915 15950//2917 15951//2821
f 15952//2822 15953//2918 15954//2916
f 15955//2917 15956//2963 15957//2853
f 15958//2854 15959//2964 15960//2918
f 15961//2857 15962//2853 15963//2963
f 15964//2964 15965//2854 15966//2858
f 15967//2919 15968//2857 15969//2965
f 15970//2966 15971//2858 15972//2920
f 15973//2967 15974//2867 15975//2861
f 15976//2862 15977//2868 15978//2968
f 15979//2969 15980//2861 15981//2863
f 15982//2864 15983//2862 15984//2970
f 15985//2971 15986//2863 15987//2865
f 15988//2866 15989//2864 15990//2972
f 15991//2973 15992//2865 15993//2869
f 15994//2870 15995//2866 15996//2974
f 15997//2975 15998//2502 15999//2867
f 16000//2868 16001//2501 16002//2976
f 16003//2977 16004//2869 16005//2883
f 16006//2884 16007//2870 16008//2978
f 16009//2871 16010//2502 16011//2596
f 16012//2595 16013//2501 16014//2872
f 16015//2873 16016//2871 16017//2979
f 16018//2980 16019//2872 16020//2874
f 16021//2875 16022//2873 16023//2981
f 16024//2982 16025//2874 16026//2876
f 16027//2877 16028//2875 16029//2983
f 16030//2984 16031//2876 16032//2878
f 16033//2879 16034//2877 16035//2985
f 16036//2986 16037//2878 16038//2880
f 16039//2921 16040//2879 16041//2948
f 16042//2951 16043//2880 16044//2922
f 16045//2987 16046//2923 16047//2881
f 16048//2882 16049//2924 16050//2988
f 16051//2923 16052//2925 16053//2829
f 16054//2830 16055//2926 16056//2924
f 16057//2925 16058//2927 16059//2831
f 16060//2832 16061//2928 16062//2926
f 16063//2927 16064//2929 16065//2833
f 16066//2834 16067//2930 16068//2928
f 16069//2931 16070//2885 16071//2989
f 16072//2990 16073//2886 16074//2932
f 16075//2885 16076//2887 16077//2991
f 16078//2992 16079//2888 16080//2886
f 16081//2887 16082//2889 16083//2993
f 16084//2994 16085//2890 16086//2888
f 16087//2889 16088//2933 16089//2995
f 16090//2996 16091//2934 16092//2890
f 16093//2935 16094//2803 16095//2851
f 16096//2852 16097//2804 16098//2936
f 16099//2997 16100//2891 16101//2935
f 16102//2936 16103//2892 16104//2998
f 16105//2891 16106//2997 16107//2937
f 16108//2938 16109//2998 16110//2892
f 16111//2999 16112//2939 16113//2937
f 16114//2938 16115//2940 16116//3000
f 16117//2939 16118//2999 16119//3001
f 16120//3002 16121//3000 16122//2940
f 16123//2697 16124//2697 16125//2697
f 16126//2698 16127//2698 16128//2698
f 16129//2697 16130//2697 16131//2697
f 16132//2698 16133//2698 16134//2698
f 16135//3003 16136//2943 16137//3004
f 16138//3005 16139//2944 16140//3006
f 16141//2942 16142//2941 16143//2987
f 16144//2988 16145//2946 16146//2945
f 16147//2943 16148//3003 16149//2941
f 16150//2946 16151//3006 16152//2944
f 16153//2948 16154//2947 16155//2921
f 16156//2922 16157//2952 16158//2951
f 16159//3007 16160//2949 16161//2948
f 16162//2951 16163//2950 16164//3008
f 16165//2949 16166//3007 16167//3009
f 16168//3010 16169//3008 16170//2950
f 16171//2697 16172//2697 16173//2697
f 16174//2698 16175//2698 16176//2698
f 16177//2897 16178//2895 16179//3011
f 16180//3012 16181//2896 16182//2898
f 16183//2899 16184//2897 16185//3013
f 16186//3014 16187//2898 16188//2900
f 16189//2901 16190//2899 16191//3015
f 16192//3016 16193//2900 16194//2902
f 16195//2805 16196//2953 16197//2807
f 16198//2808 16199//2954 16200//2806
f 16201//2903 16202//3017 16203//2953
f 16204//2843 16205//2929 16206//2955
f 16207//2956 16208//2930 16209//2844
f 16210//2955 16211//2957 16212//2845
f 16213//2846 16214//2958 16215//2956
f 16216//2957 16217//2959 16218//2847
f 16219//2848 16220//2960 16221//2958
f 16222//2959 16223//2935 16224//2849
f 16225//2850 16226//2936 16227//2960
f 16228//2953 16229//3018 16230//2905
f 16231//2906 16232//3019 16233//2954
f 16234//2905 16235//3020 16236//2907
f 16237//2907 16238//3021 16239//2909
f 16240//2910 16241//3022 16242//2908
f 16243//2909 16244//3023 16245//2911
f 16246//2912 16247//3024 16248//2910
f 16249//2961 16250//226 16251//226
f 16252//225 16253//225 16254//2962
f 16255//2913 16256//2961 16257//3025
f 16258//3026 16259//2962 16260//2914
f 16261//2915 16262//2913 16263//3027
f 16264//3028 16265//2914 16266//2916
f 16267//2917 16268//2915 16269//3029
f 16270//3030 16271//2916 16272//2918
f 16273//2963 16274//2917 16275//3031
f 16276//3032 16277//2918 16278//2964
f 16279//2963 16280//2965 16281//2857
f 16282//2858 16283//2966 16284//2964
f 16285//2965 16286//3033 16287//2919
f 16288//2920 16289//3034 16290//2966
f 16291//2867 16292//2967 16293//2975
f 16294//2976 16295//2968 16296//2868
f 16297//2861 16298//2969 16299//2967
f 16300//2968 16301//2970 16302//2862
f 16303//2863 16304//2971 16305//2969
f 16306//2970 16307//2972 16308//2864
f 16309//2865 16310//2973 16311//2971
f 16312//2972 16313//2974 16314//2866
f 16315//2869 16316//2977 16317//2973
f 16318//2974 16319//2978 16320//2870
f 16321//2502 16322//2975 16323//2596
f 16324//2595 16325//2976 16326//2501
f 16327//2989 16328//3035 16329//2931
f 16330//2932 16331//3036 16332//2990
f 16333//2596 16334//2979 16335//2871
f 16336//2872 16337//2980 16338//2595
f 16339//2979 16340//2981 16341//2873
f 16342//2874 16343//2982 16344//2980
f 16345//2981 16346//2983 16347//2875
f 16348//2876 16349//2984 16350//2982
f 16351//2983 16352//2985 16353//2877
f 16354//2878 16355//2986 16356//2984
f 16357//2985 16358//2948 16359//2879
f 16360//2880 16361//2951 16362//2986
f 16363//2923 16364//2987 16365//2941
f 16366//2946 16367//2988 16368//2924
f 16369//2925 16370//2923 16371//3037
f 16372//3038 16373//2924 16374//2926
f 16375//2927 16376//2925 16377//3039
f 16378//3040 16379//2926 16380//2928
f 16381//2929 16382//2927 16383//3041
f 16384//3042 16385//2928 16386//2930
f 16387//2991 16388//2989 16389//2885
f 16390//2886 16391//2990 16392//2992
f 16393//2993 16394//2991 16395//2887
f 16396//2888 16397//2992 16398//2994
f 16399//2995 16400//2993 16401//2889
f 16402//2890 16403//2994 16404//2996
f 16405//3033 16406//2995 16407//2933
f 16408//2934 16409//2996 16410//3034
f 16411//2935 16412//2959 16413//2997
f 16414//2998 16415//2960 16416//2936
f 16417//3043 16418//2937 16419//2997
f 16420//2998 16421//2938 16422//3044
f 16423//2937 16424//3043 16425//2999
f 16426//3000 16427//3044 16428//2938
f 16429//3045 16430//3001 16431//2999
f 16432//3000 16433//3002 16434//3046
f 16435//3001 16436//3045 16437//3047
f 16438//3048 16439//3046 16440//3002
f 16441//2697 16442//2697 16443//2697
f 16444//2698 16445//2698 16446//2698
f 16447//2697 16448//2697 16449//2697
f 16450//2698 16451//2698 16452//2698
f 16453//3049 16454//3004 16455//3050
f 16456//3051 16457//3005 16458//3052
f 16459//3004 16460//3049 16461//3003
f 16462//3006 16463//3052 16464//3005
f 16465//3037 16466//2941 16467//3003
f 16468//3006 16469//2946 16470//3038
f 16471//2948 16472//2985 16473//3007
f 16474//3008 16475//2986 16476//2951
f 16477//3053 16478//3009 16479//3007
f 16480//3008 16481//3010 16482//3054
f 16483//3009 16484//3053 16485//3055
f 16486//3056 16487//3054 16488//3010
f 16489//2697 16490//2697 16491//2697
f 16492//2698 16493//2698 16494//2698
f 16495//3011 16496//3013 16497//2897
f 16498//2898 16499//3014 16500//3012
f 16501//3013 16502//3015 16503//2899
f 16504//2900 16505//3016 16506//3014
f 16507//3057 16508//2901 16509//3015
f 16510//3016 16511//2902 16512//3058
f 16513//3017 16514//2903 16515//3057
f 16516//2954 16517//3059 16518//2904
f 16519//3058 16520//2904 16521//3059
f 16522//3018 16523//2953 16524//3017
f 16525//3059 16526//2954 16527//3019
f 16528//3041 16529//2955 16530//2929
f 16531//2930 16532//2956 16533//3042
f 16534//2957 16535//2955 16536//3060
f 16537//3061 16538//2956 16539//2958
f 16540//2959 16541//2957 16542//3062
f 16543//3063 16544//2958 16545//2960
f 16546//3020 16547//2905 16548//3018
f 16549//3019 16550//2906 16551//3064
f 16552//2908 16553//3064 16554//2906
f 16555//3021 16556//2907 16557//3020
f 16558//3064 16559//2908 16560//3022
f 16561//3023 16562//2909 16563//3021
f 16564//3022 16565//2910 16566//3024
f 16567//2961 16568//226 16569//226
f 16570//225 16571//225 16572//2962
f 16573//3065 16574//3025 16575//2961
f 16576//2962 16577//3026 16578//3066
f 16579//3025 16580//3027 16581//2913
f 16582//2914 16583//3028 16584//3026
f 16585//3027 16586//3029 16587//2915
f 16588//2916 16589//3030 16590//3028
f 16591//3029 16592//3031 16593//2917
f 16594//2918 16595//3032 16596//3030
f 16597//3031 16598//3067 16599//2963
f 16600//2964 16601//3068 16602//3032
f 16603//2965 16604//2963 16605//3067
f 16606//3068 16607//2964 16608//2966
f 16609//3033 16610//2965 16611//3069
f 16612//3070 16613//2966 16614//3034
f 16615//3071 16616//2975 16617//2967
f 16618//2968 16619//2976 16620//3072
f 16621//3073 16622//2967 16623//2969
f 16624//2970 16625//2968 16626//3074
f 16627//3075 16628//2969 16629//2971
f 16630//2972 16631//2970 16632//3076
f 16633//3077 16634//2971 16635//2973
f 16636//2974 16637//2972 16638//3078
f 16639//3079 16640//2973 16641//2977
f 16642//2978 16643//2974 16644//3080
f 16645//3081 16646//2596 16647//2975
f 16648//2976 16649//2595 16650//3082
f 16651//3035 16652//2989 16653//3083
f 16654//3084 16655//2990 16656//3036
f 16657//2979 16658//2596 16659//2700
f 16660//2699 16661//2595 16662//2980
f 16663//2981 16664//2979 16665//3085
f 16666//3086 16667//2980 16668//2982
f 16669//2983 16670//2981 16671//3087
f 16672//3088 16673//2982 16674//2984
f 16675//2985 16676//2983 16677//3089
f 16678//3090 16679//2984 16680//2986
f 16681//2941 16682//3037 16683//2923
f 16684//2924 16685//3038 16686//2946
f 16687//3037 16688//3039 16689//2925
f 16690//2926 16691//3040 16692//3038
f 16693//3039 16694//3041 16695//2927
f 16696//2928 16697//3042 16698//3040
f 16699//2989 16700//2991 16701//3091
f 16702//3092 16703//2992 16704//2990
f 16705//2991 16706//2993 16707//3093
f 16708//3094 16709//2994 16710//2992
f 16711//2993 16712//2995 16713//3095
f 16714//3096 16715//2996 16716//2994
f 16717//2995 16718//3033 16719//3069
f 16720//3070 16721//3034 16722//2996
f 16723//3062 16724//2997 16725//2959
f 16726//2960 16727//2998 16728//3063
f 16729//2997 16730//3062 16731//3043
f 16732//3044 16733//3063 16734//2998
f 16735//3097 16736//2999 16737//3043
f 16738//3044 16739//3000 16740//3098
f 16741//2999 16742//3097 16743//3045
f 16744//3046 16745//3098 16746//3000
f 16747//3045 16748//3099 16749//3047
f 16750//3048 16751//3100 16752//3046
f 16753//3101 16754//3050 16755//3099
f 16756//3100 16757//3051 16758//3102
f 16759//3050 16760//3101 16761//3049
f 16762//3052 16763//3102 16764//3051
f 16765//3103 16766//3003 16767//3049
f 16768//3052 16769//3006 16770//3104
f 16771//3003 16772//3103 16773//3037
f 16774//3038 16775//3104 16776//3006
f 16777//3089 16778//3007 16779//2985
f 16780//2986 16781//3008 16782//3090
f 16783//3007 16784//3089 16785//3053
f 16786//3054 16787//3090 16788//3008
f 16789//3105 16790//3055 16791//3053
f 16792//3054 16793//3056 16794//3106
f 16795//2697 16796//2697 16797//2697
f 16798//2698 16799//2698 16800//2698
f 16801//3013 16802//3011 16803//3107
f 16804//3108 16805//3012 16806//3014
f 16807//3015 16808//3013 16809//3109
f 16810//3110 16811//3014 16812//3016
f 16813//2901 16814//3057 16815//2903
f 16816//2904 16817//3058 16818//2902
f 16819//3015 16820//3111 16821//3057
f 16822//3058 16823//3112 16824//3016
f 16825//3057 16826//3113 16827//3017
f 16828//3059 16829//3114 16830//3058
f 16831//3017 16832//3115 16833//3018
f 16834//3019 16835//3116 16836//3059
f 16837//2955 16838//3041 16839//3060
f 16840//3061 16841//3042 16842//2956
f 16843//3060 16844//3062 16845//2957
f 16846//2958 16847//3063 16848//3061
f 16849//3018 16850//3117 16851//3020
f 16852//3064 16853//3118 16854//3019
f 16855//3020 16856//3119 16857//3021
f 16858//3022 16859//3120 16860//3064
f 16861//3021 16862//3121 16863//3023
f 16864//3024 16865//3122 16866//3022
f 16867//2961 16868//226 16869//3065
f 16870//3066 16871//225 16872//2962
f 16873//3025 16874//3065 16875//3123
f 16876//3124 16877//3066 16878//3026
f 16879//3027 16880//3025 16881//3125
f 16882//3126 16883//3026 16884//3028
f 16885//3029 16886//3027 16887//3127
f 16888//3128 16889//3028 16890//3030
f 16891//3031 16892//3029 16893//3129
f 16894//3130 16895//3030 16896//3032
f 16897//3067 16898//3031 16899//3131
f 16900//3132 16901//3032 16902//3068
f 16903//3067 16904//3069 16905//2965
f 16906//2966 16907//3070 16908//3068
f 16909//2975 16910//3071 16911//3081
f 16912//3082 16913//3072 16914//2976
f 16915//2967 16916//3073 16917//3071
f 16918//3072 16919//3074 16920//2968
f 16921//2969 16922//3075 16923//3073
f 16924//3074 16925//3076 16926//2970
f 16927//2971 16928//3077 16929//3075
f 16930//3076 16931//3078 16932//2972
f 16933//2973 16934//3079 16935//3077
f 16936//3078 16937//3080 16938//2974
f 16939//3083 16940//3133 16941//3035
f 16942//3036 16943//3134 16944//3084
f 16945//2596 16946//3081 16947//2700
f 16948//2699 16949//3082 16950//2595
f 16951//3091 16952//3083 16953//2989
f 16954//2990 16955//3084 16956//3092
f 16957//2700 16958//3085 16959//2979
f 16960//2980 16961//3086 16962//2699
f 16963//3085 16964//3087 16965//2981
f 16966//2982 16967//3088 16968//3086
f 16969//3087 16970//3089 16971//2983
f 16972//2984 16973//3090 16974//3088
f 16975//3039 16976//3037 16977//3103
f 16978//3104 16979//3038 16980//3040
f 16981//3041 16982//3039 16983//3135
f 16984//3136 16985//3040 16986//3042
f 16987//3093 16988//3091 16989//2991
f 16990//2992 16991//3092 16992//3094
f 16993//3095 16994//3093 16995//2993
f 16996//2994 16997//3094 16998//3096
f 16999//3069 17000//3095 17001//2995
f 17002//2996 17003//3096 17004//3070
f 17005//3137 17006//3043 17007//3062
f 17008//3063 17009//3044 17010//3138
f 17011//3043 17012//3137 17013//3097
f 17014//3098 17015//3138 17016//3044
f 17017//3097 17018//3101 17019//3045
f 17020//3046 17021//3102 17022//3098
f 17023//3099 17024//3045 17025//3101
f 17026//3102 17027//3046 17028//3100
f 17029//3139 17030//3049 17031//3101
f 17032//3102 17033//3052 17034//3140
f 17035//3049 17036//3139 17037//3103
f 17038//3104 17039//3140 17040//3052
f 17041//3141 17042//3053 17043//3089
f 17044//3090 17045//3054 17046//3142
f 17047//3055 17048//3105 17049//3143
f 17050//3144 17051//3106 17052//3056
f 17053//3053 17054//3141 17055//3105
f 17056//3106 17057//3142 17058//3054
f 17059//2697 17060//2697 17061//2697
f 17062//2698 17063//2698 17064//2698
f 17065//3107 17066//3109 17067//3013
f 17068//3014 17069//3110 17070//3108
f 17071//3111 17072//3015 17073//3109
f 17074//3110 17075//3016 17076//3112
f 17077//3113 17078//3057 17079//3111
f 17080//3112 17081//3058 17082//3114
f 17083//3115 17084//3017 17085//3113
f 17086//3114 17087//3059 17088//3116
f 17089//3117 17090//3018 17091//3115
f 17092//3116 17093//3019 17094//3118
f 17095//3135 17096//3060 17097//3041
f 17098//3042 17099//3061 17100//3136
f 17101//3062 17102//3060 17103//3137
f 17104//3138 17105//3061 17106//3063
f 17107//3119 17108//3020 17109//3117
f 17110//3118 17111//3064 17112//3120
f 17113//3121 17114//3021 17115//3119
f 17116//3120 17117//3022 17118//3122
f 17119//3065 17120//226 17121//226
f 17122//225 17123//225 17124//3066
f 17125//3145 17126//3123 17127//3065
f 17128//3066 17129//3124 17130//3146
f 17131//3123 17132//3125 17133//3025
f 17134//3026 17135//3126 17136//3124
f 17137//3125 17138//3127 17139//3027
f 17140//3028 17141//3128 17142//3126
f 17143//3127 17144//3129 17145//3029
f 17146//3030 17147//3130 17148//3128
f 17149//3129 17150//3131 17151//3031
f 17152//3032 17153//3132 17154//3130
f 17155//3131 17156//3147 17157//3067
f 17158//3068 17159//3148 17160//3132
f 17161//3069 17162//3067 17163//3147
f 17164//3148 17165//3068 17166//3070
f 17167//3149 17168//3081 17169//3071
f 17170//3072 17171//3082 17172//3150
f 17173//3151 17174//3071 17175//3073
f 17176//3074 17177//3072 17178//3152
f 17179//3153 17180//3073 17181//3075
f 17182//3076 17183//3074 17184//3154
f 17185//3155 17186//3075 17187//3077
f 17188//3078 17189//3076 17190//3156
f 17191//3157 17192//3077 17193//3079
f 17194//3080 17195//3078 17196//3158
f 17197//3133 17198//3083 17199//3159
f 17200//3160 17201//3084 17202//3134
f 17203//3161 17204//2700 17205//3081
f 17206//3082 17207//2699 17208//3162
f 17209//3083 17210//3091 17211//3163
f 17212//3164 17213//3092 17214//3084
f 17215//3085 17216//2700 17217//2802
f 17218//2801 17219//2699 17220//3086
f 17221//3087 17222//3085 17223//3165
f 17224//3166 17225//3086 17226//3088
f 17227//3089 17228//3087 17229//3141
f 17230//3142 17231//3088 17232//3090
f 17233//3103 17234//3135 17235//3039
f 17236//3040 17237//3136 17238//3104
f 17239//3091 17240//3093 17241//3167
f 17242//3168 17243//3094 17244//3092
f 17245//3093 17246//3095 17247//3169
f 17248//3170 17249//3096 17250//3094
f 17251//3095 17252//3069 17253//3147
f 17254//3148 17255//3070 17256//3096
f 17257//3137 17258//3139 17259//3097
f 17260//3098 17261//3140 17262//3138
f 17263//3101 17264//3097 17265//3139
f 17266//3140 17267//3098 17268//3102
f 17269//3135 17270//3103 17271//3139
f 17272//3140 17273//3104 17274//3136
f 17275//3171 17276//3143 17277//3105
f 17278//3106 17279//3144 17280//3172
f 17281//3173 17282//3105 17283//3141
f 17284//3142 17285//3106 17286//3174
f 17287//2697 17288//2697 17289//2697
f 17290//2698 17291//2698 17292//2698
f 17293//3109 17294//3107 17295//3175
f 17296//3176 17297//3108 17298//3110
f 17299//3115 17300//3177 17301//3117
f 17302//3060 17303//3135 17304//3137
f 17305//3138 17306//3136 17307//3061
f 17308//3117 17309//3178 17310//3119
f 17311//3120 17312//3179 17313//3118
f 17314//3119 17315//3180 17316//3121
f 17317//3122 17318//3181 17319//3120
f 17320//3065 17321//226 17322//3182
f 17323//3183 17324//225 17325//3066
f 17326//3123 17327//3145 17328//3184
f 17329//3185 17330//3146 17331//3124
f 17332//3065 17333//3182 17334//3145
f 17335//3146 17336//3183 17337//3066
f 17338//3125 17339//3123 17340//3186
f 17341//3187 17342//3124 17343//3126
f 17344//3127 17345//3125 17346//3188
f 17347//3189 17348//3126 17349//3128
f 17350//3129 17351//3127 17352//3190
f 17353//3191 17354//3128 17355//3130
f 17356//3131 17357//3129 17358//3192
f 17359//3193 17360//3130 17361//3132
f 17362//3147 17363//3131 17364//3194
f 17365//3195 17366//3132 17367//3148
f 17368//3081 17369//3149 17370//3161
f 17371//3162 17372//3150 17373//3082
f 17374//3071 17375//3151 17376//3149
f 17377//3150 17378//3152 17379//3072
f 17380//3073 17381//3153 17382//3151
f 17383//3152 17384//3154 17385//3074
f 17386//3075 17387//3155 17388//3153
f 17389//3154 17390//3156 17391//3076
f 17392//3077 17393//3157 17394//3155
f 17395//3156 17396//3158 17397//3078
f 17398//3159 17399//3196 17400//3133
f 17401//3134 17402//3197 17403//3160
f 17404//3163 17405//3159 17406//3083
f 17407//3084 17408//3160 17409//3164
f 17410//2700 17411//3161 17412//2802
f 17413//2801 17414//3162 17415//2699
f 17416//3167 17417//3163 17418//3091
f 17419//3092 17420//3164 17421//3168
f 17422//2802 17423//3165 17424//3085
f 17425//3086 17426//3166 17427//2801
f 17428//3165 17429//3141 17430//3087
f 17431//3088 17432//3142 17433//3166
f 17434//3169 17435//3167 17436//3093
f 17437//3094 17438//3168 17439//3170
f 17440//3147 17441//3169 17442//3095
f 17443//3096 17444//3170 17445//3148
f 17446//3139 17447//3137 17448//3135
f 17449//3136 17450//3138 17451//3140
f 17452//3143 17453//3171 17454//3198
f 17455//3199 17456//3172 17457//3144
f 17458//3105 17459//3173 17460//3171
f 17461//3172 17462//3174 17463//3106
f 17464//3141 17465//3165 17466//3173
f 17467//3174 17468//3166 17469//3142
f 17470//2697 17471//2697 17472//2697
f 17473//2698 17474//2698 17475//2698
f 17476//3200 17477//3109 17478//3175
f 17479//3176 17480//3110 17481//3201
f 17482//3177 17483//3115 17484//3202
f 17485//3118 17486//3203 17487//3116
f 17488//3204 17489//3116 17490//3203
f 17491//3178 17492//3117 17493//3177
f 17494//3203 17495//3118 17496//3179
f 17497//3180 17498//3119 17499//3178
f 17500//3179 17501//3120 17502//3181
f 17503//2697 17504//2697 17505//2697
f 17506//2698 17507//2698 17508//2698
f 17509//3205 17510//3184 17511//3145
f 17512//3146 17513//3185 17514//3206
f 17515//3184 17516//3186 17517//3123
f 17518//3124 17519//3187 17520//3185
f 17521//3145 17522//3182 17523//3205
f 17524//3206 17525//3183 17526//3146
f 17527//3186 17528//3188 17529//3125
f 17530//3126 17531//3189 17532//3187
f 17533//3188 17534//3190 17535//3127
f 17536//3128 17537//3191 17538//3189
f 17539//3190 17540//3192 17541//3129
f 17542//3130 17543//3193 17544//3191
f 17545//3192 17546//3194 17547//3131
f 17548//3132 17549//3195 17550//3193
f 17551//3169 17552//3147 17553//3194
f 17554//3195 17555//3148 17556//3170
f 17557//3207 17558//3161 17559//3149
f 17560//3150 17561//3162 17562//3208
f 17563//3209 17564//3149 17565//3151
f 17566//3152 17567//3150 17568//3210
f 17569//3211 17570//3151 17571//3153
f 17572//3154 17573//3152 17574//3212
f 17575//3213 17576//3153 17577//3155
f 17578//3156 17579//3154 17580//3214
f 17581//3215 17582//3155 17583//3157
f 17584//3158 17585//3156 17586//3216
f 17587//3196 17588//3159 17589//3217
f 17590//3218 17591//3160 17592//3197
f 17593//3159 17594//3163 17595//3219
f 17596//3220 17597//3164 17598//3160
f 17599//3221 17600//2802 17601//3161
f 17602//3162 17603//2801 17604//3222
f 17605//3163 17606//3167 17607//3223
f 17608//3224 17609//3168 17610//3164
f 17611//3165 17612//2802 17613//2902
f 17614//2901 17615//2801 17616//3166
f 17617//3167 17618//3169 17619//3225
f 17620//3226 17621//3170 17622//3168
f 17623//3110 17624//3198 17625//3171
f 17626//3172 17627//3199 17628//3109
f 17629//3016 17630//3171 17631//3173
f 17632//3174 17633//3172 17634//3015
f 17635//2902 17636//3173 17637//3165
f 17638//3166 17639//3174 17640//2901
f 17641//2697 17642//2697 17643//2697
f 17644//2698 17645//2698 17646//2698
f 17647//3109 17648//3200 17649//3111
f 17650//3112 17651//3201 17652//3110
f 17653//3113 17654//3202 17655//3115
f 17656//3116 17657//3204 17658//3114
f 17659//2697 17660//2697 17661//2697
f 17662//2698 17663//2698 17664//2698
f 17665//2697 17666//2697 17667//2697
f 17668//2698 17669//2698 17670//2698
f 17671//2697 17672//2697 17673//2697
f 17674//2698 17675//2698 17676//2698
f 17677//2697 17678//2697 17679//2697
f 17680//2698 17681//2698 17682//2698
f 17683//3227 17684//3182 17685//3228
f 17686//3229 17687//3183 17688//3230
f 17689//3184 17690//3205 17691//3231
f 17692//3232 17693//3206 17694//3185
f 17695//3186 17696//3184 17697//3233
f 17698//3234 17699//3185 17700//3187
f 17701//3205 17702//3182 17703//3235
f 17704//3236 17705//3183 17706//3206
f 17707//3188 17708//3186 17709//3237
f 17710//3238 17711//3187 17712//3189
f 17713//3190 17714//3188 17715//3239
f 17716//3240 17717//3189 17718//3191
f 17719//3192 17720//3190 17721//3241
f 17722//3242 17723//3191 17724//3193
f 17725//3194 17726//3192 17727//3243
f 17728//3244 17729//3193 17730//3195
f 17731//3194 17732//3225 17733//3169
f 17734//3170 17735//3226 17736//3195
f 17737//3161 17738//3207 17739//3221
f 17740//3222 17741//3208 17742//3162
f 17743//3149 17744//3209 17745//3207
f 17746//3208 17747//3210 17748//3150
f 17749//3151 17750//3211 17751//3209
f 17752//3210 17753//3212 17754//3152
f 17755//3153 17756//3213 17757//3211
f 17758//3212 17759//3214 17760//3154
f 17761//3155 17762//3215 17763//3213
f 17764//3214 17765//3216 17766//3156
f 17767//3217 17768//3245 17769//3196
f 17770//3197 17771//3246 17772//3218
f 17773//3219 17774//3217 17775//3159
f 17776//3160 17777//3218 17778//3220
f 17779//3223 17780//3219 17781//3163
f 17782//3164 17783//3220 17784//3224
f 17785//2802 17786//3221 17787//2902
f 17788//2901 17789//3222 17790//2801
f 17791//3225 17792//3223 17793//3167
f 17794//3168 17795//3224 17796//3226
f 17797//3198 17798//3110 17799//3176
f 17800//3175 17801//3109 17802//3199
f 17803//3171 17804//3016 17805//3110
f 17806//3109 17807//3015 17808//3172
f 17809//3173 17810//2902 17811//3016
f 17812//3015 17813//2901 17814//3174
f 17815//2697 17816//2697 17817//2697
f 17818//2698 17819//2698 17820//2698
f 17821//3247 17822//3111 17823//3200
f 17824//3201 17825//3112 17826//3248
f 17827//3202 17828//3113 17829//3247
f 17830//3248 17831//3114 17832//3204
f 17833//2697 17834//2697 17835//2697
f 17836//2698 17837//2698 17838//2698
f 17839//2697 17840//2697 17841//2697
f 17842//2698 17843//2698 17844//2698
f 17845//2697 17846//2697 17847//2697
f 17848//2698 17849//2698 17850//2698
f 17851//2697 17852//2697 17853//2697
f 17854//2698 17855//2698 17856//2698
f 17857//2697 17858//2697 17859//2697
f 17860//2698 17861//2698 17862//2698
f 17863//2697 17864//2697 17865//2697
f 17866//2698 17867//2698 17868//2698
f 17869//3249 17870//3228 17871//3250
f 17872//3251 17873//3229 17874//3252
f 17875//3182 17876//3227 17877//3235
f 17878//3236 17879//3230 17880//3183
f 17881//3228 17882//3249 17883//3227
f 17884//3230 17885//3252 17886//3229
f 17887//3235 17888//3231 17889//3205
f 17890//3206 17891//3232 17892//3236
f 17893//3231 17894//3233 17895//3184
f 17896//3185 17897//3234 17898//3232
f 17899//3233 17900//3237 17901//3186
f 17902//3187 17903//3238 17904//3234
f 17905//3237 17906//3239 17907//3188
f 17908//3189 17909//3240 17910//3238
f 17911//3239 17912//3241 17913//3190
f 17914//3191 17915//3242 17916//3240
f 17917//3241 17918//3243 17919//3192
f 17920//3193 17921//3244 17922//3242
f 17923//3225 17924//3194 17925//3243
f 17926//3244 17927//3195 17928//3226
f 17929//3253 17930//3221 17931//3207
f 17932//3208 17933//3222 17934//3254
f 17935//3255 17936//3207 17937//3209
f 17938//3210 17939//3208 17940//3256
f 17941//3257 17942//3209 17943//3211
f 17944//3212 17945//3210 17946//3258
f 17947//3259 17948//3211 17949//3213
f 17950//3214 17951//3212 17952//3260
f 17953//3261 17954//3213 17955//3215
f 17956//3216 17957//3214 17958//3262
f 17959//3245 17960//3217 17961//3263
f 17962//3264 17963//3218 17964//3246
f 17965//3217 17966//3219 17967//3265
f 17968//3266 17969//3220 17970//3218
f 17971//3219 17972//3223 17973//3267
f 17974//3268 17975//3224 17976//3220
f 17977//3269 17978//2902 17979//3221
f 17980//3222 17981//2901 17982//3270
f 17983//3223 17984//3225 17985//3271
f 17986//3272 17987//3226 17988//3224
f 17989//3110 17990//3273 17991//3176
f 17992//3175 17993//3274 17994//3109
f 17995//3016 17996//3275 17997//3110
f 17998//3109 17999//3276 18000//3015
f 18001//2902 18002//3269 18003//3016
f 18004//3015 18005//3270 18006//2901
f 18007//2697 18008//2697 18009//2697
f 18010//2698 18011//2698 18012//2698
f 18013//3111 18014//3247 18015//3113
f 18016//3114 18017//3248 18018//3112
f 18019//2697 18020//2697 18021//2697
f 18022//2697 18023//2697 18024//2697
f 18025//2698 18026//2698 18027//2698
f 18028//3277 18029//3278 18030//3279
f 18031//3280 18032//3281 18033//3282
f 18034//3283 18035//3284 18036//3278
f 18037//3281 18038//3285 18039//3286
f 18040//3287 18041//3288 18042//3284
f 18043//3285 18044//3289 18045//3290
f 18046//3291 18047//3292 18048//3293
f 18049//3294 18050//3295 18051//3296
f 18052//3293 18053//3297 18054//3298
f 18055//3299 18056//3300 18057//3294
f 18058//2697 18059//2697 18060//2697
f 18061//2698 18062//2698 18063//2698
f 18064//2697 18065//2697 18066//2697
f 18067//2698 18068//2698 18069//2698
f 18070//3301 18071//3250 18072//3302
f 18073//3303 18074//3251 18075//3304
f 18076//3250 18077//3301 18078//3249
f 18079//3252 18080//3304 18081//3251
f 18082//3231 18083//3235 18084//3227
f 18085//3230 18086//3236 18087//3232
f 18088//3305 18089//3227 18090//3249
f 18091//3252 18092//3230 18093//3306
f 18094//3233 18095//3231 18096//3305
f 18097//3306 18098//3232 18099//3234
f 18100//3237 18101//3233 18102//3307
f 18103//3308 18104//3234 18105//3238
f 18106//3239 18107//3237 18108//3309
f 18109//3310 18110//3238 18111//3240
f 18112//3241 18113//3239 18114//3311
f 18115//3312 18116//3240 18117//3242
f 18118//3243 18119//3241 18120//3313
f 18121//3314 18122//3242 18123//3244
f 18124//3243 18125//3271 18126//3225
f 18127//3226 18128//3272 18129//3244
f 18130//3221 18131//3253 18132//3269
f 18133//3270 18134//3254 18135//3222
f 18136//3207 18137//3255 18138//3253
f 18139//3254 18140//3256 18141//3208
f 18142//3209 18143//3257 18144//3255
f 18145//3256 18146//3258 18147//3210
f 18148//3211 18149//3259 18150//3257
f 18151//3258 18152//3260 18153//3212
f 18154//3213 18155//3261 18156//3259
f 18157//3260 18158//3262 18159//3214
f 18160//3263 18161//3315 18162//3245
f 18163//3246 18164//3316 18165//3264
f 18166//3265 18167//3263 18168//3217
f 18169//3218 18170//3264 18171//3266
f 18172//3267 18173//3265 18174//3219
f 18175//3220 18176//3266 18177//3268
f 18178//3271 18179//3267 18180//3223
f 18181//3224 18182//3268 18183//3272
f 18184//3273 18185//3110 18186//3275
f 18187//3276 18188//3109 18189//3274
f 18190//3275 18191//3016 18192//3269
f 18193//3270 18194//3015 18195//3276
f 18196//2697 18197//2697 18198//2697
f 18199//2698 18200//2698 18201//2698
f 18202//2698 18203//2698 18204//2698
f 18205//2697 18206//2697 18207//2697
f 18208//2698 18209//2698 18210//2698
f 18211//3278 18212//3277 18213//3283
f 18214//3286 18215//3282 18216//3281
f 18217//3279 18218//3317 18219//3277
f 18220//3282 18221//3318 18222//3280
f 18223//3284 18224//3283 18225//3287
f 18226//3290 18227//3286 18228//3285
f 18229//3288 18230//3287 18231//3319
f 18232//3320 18233//3290 18234//3289
f 18235//3292 18236//3291 18237//3321
f 18238//3322 18239//3296 18240//3295
f 18241//3297 18242//3293 18243//3292
f 18244//3295 18245//3294 18246//3300
f 18247//3323 18248//3298 18249//3297
f 18250//3300 18251//3299 18252//3324
f 18253//3298 18254//3323 18255//3325
f 18256//3326 18257//3324 18258//3299
f 18259//2697 18260//2697 18261//2697
f 18262//2698 18263//2698 18264//2698
f 18265//2697 18266//2697 18267//2697
f 18268//2698 18269//2698 18270//2698
f 18271//3327 18272//3302 18273//3328
f 18274//3329 18275//3303 18276//3330
f 18277//3302 18278//3327 18279//3301
f 18280//3304 18281//3330 18282//3303
f 18283//3331 18284//3249 18285//3301
f 18286//3304 18287//3252 18288//3332
f 18289//3227 18290//3305 18291//3231
f 18292//3232 18293//3306 18294//3230
f 18295//3249 18296//3331 18297//3305
f 18298//3306 18299//3332 18300//3252
f 18301//3305 18302//3307 18303//3233
f 18304//3234 18305//3308 18306//3306
f 18307//3307 18308//3309 18309//3237
f 18310//3238 18311//3310 18312//3308
f 18313//3309 18314//3311 18315//3239
f 18316//3240 18317//3312 18318//3310
f 18319//3311 18320//3313 18321//3241
f 18322//3242 18323//3314 18324//3312
f 18325//3271 18326//3243 18327//3313
f 18328//3314 18329//3244 18330//3272
f 18331//3317 18332//3269 18333//3253
f 18334//3254 18335//3270 18336//3318
f 18337//3277 18338//3253 18339//3255
f 18340//3287 18341//3257 18342//3259
f 18343//3260 18344//3258 18345//3290
f 18346//3319 18347//3259 18348//3261
f 18349//3262 18350//3260 18351//3320
f 18352//3315 18353//3263 18354//3333
f 18355//3334 18356//3264 18357//3316
f 18358//3263 18359//3265 18360//3335
f 18361//3336 18362//3266 18363//3264
f 18364//3265 18365//3267 18366//3337
f 18367//3338 18368//3268 18369//3266
f 18370//3267 18371//3271 18372//3339
f 18373//3340 18374//3272 18375//3268
f 18376//3275 18377//3341 18378//3273
f 18379//3274 18380//3342 18381//3276
f 18382//3269 18383//3317 18384//3275
f 18385//3276 18386//3318 18387//3270
f 18388//3317 18389//3279 18390//3341
f 18391//3342 18392//3280 18393//3318
f 18394//3255 18395//3283 18396//3277
f 18397//3282 18398//3286 18399//3256
f 18400//3253 18401//3277 18402//3317
f 18403//3318 18404//3282 18405//3254
f 18406//3259 18407//3319 18408//3287
f 18409//3321 18410//3333 18411//3292
f 18412//3295 18413//3334 18414//3322
f 18415//3292 18416//3343 18417//3297
f 18418//3300 18419//3344 18420//3295
f 18421//3297 18422//3345 18423//3323
f 18424//3324 18425//3346 18426//3300
f 18427//3347 18428//3325 18429//3323
f 18430//3324 18431//3326 18432//3348
f 18433//3325 18434//3347 18435//3349
f 18436//3350 18437//3348 18438//3326
f 18439//2697 18440//2697 18441//2697
f 18442//2698 18443//2698 18444//2698
f 18445//2697 18446//2697 18447//2697
f 18448//2698 18449//2698 18450//2698
f 18451//3351 18452//3328 18453//3352
f 18454//3353 18455//3329 18456//3354
f 18457//3328 18458//3351 18459//3327
f 18460//3330 18461//3354 18462//3329
f 18463//3355 18464//3301 18465//3327
f 18466//3330 18467//3304 18468//3356
f 18469//3301 18470//3355 18471//3331
f 18472//3332 18473//3356 18474//3304
f 18475//3307 18476//3305 18477//3331
f 18478//3332 18479//3306 18480//3308
f 18481//3309 18482//3307 18483//3357
f 18484//3358 18485//3308 18486//3310
f 18487//3311 18488//3309 18489//3359
f 18490//3360 18491//3310 18492//3312
f 18493//3313 18494//3311 18495//3361
f 18496//3362 18497//3312 18498//3314
f 18499//3313 18500//3339 18501//3271
f 18502//3272 18503//3340 18504//3314
f 18505//3256 18506//3254 18507//3282
f 18508//3257 18509//3287 18510//3283
f 18511//3286 18512//3290 18513//3258
f 18514//3290 18515//3320 18516//3260
f 18517//3333 18518//3321 18519//3315
f 18520//3316 18521//3322 18522//3334
f 18523//3335 18524//3333 18525//3263
f 18526//3264 18527//3334 18528//3336
f 18529//3337 18530//3335 18531//3265
f 18532//3266 18533//3336 18534//3338
f 18535//3339 18536//3337 18537//3267
f 18538//3268 18539//3338 18540//3340
f 18541//3341 18542//3275 18543//3317
f 18544//3318 18545//3276 18546//3342
f 18547//3283 18548//3255 18549//3257
f 18550//3258 18551//3256 18552//3286
f 18553//3343 18554//3292 18555//3333
f 18556//3334 18557//3295 18558//3344
f 18559//3345 18560//3297 18561//3343
f 18562//3344 18563//3300 18564//3346
f 18565//3363 18566//3323 18567//3345
f 18568//3346 18569//3324 18570//3364
f 18571//3323 18572//3363 18573//3347
f 18574//3348 18575//3364 18576//3324
f 18577//3365 18578//3349 18579//3347
f 18580//3348 18581//3350 18582//3366
f 18583//3349 18584//3365 18585//3367
f 18586//3368 18587//3366 18588//3350
f 18589//3365 18590//3352 18591//3367
f 18592//3368 18593//3353 18594//3366
f 18595//3352 18596//3365 18597//3351
f 18598//3354 18599//3366 18600//3353
f 18601//3369 18602//3327 18603//3351
f 18604//3354 18605//3330 18606//3370
f 18607//3327 18608//3369 18609//3355
f 18610//3356 18611//3370 18612//3330
f 18613//3357 18614//3331 18615//3355
f 18616//3356 18617//3332 18618//3358
f 18619//3331 18620//3357 18621//3307
f 18622//3308 18623//3358 18624//3332
f 18625//3357 18626//3359 18627//3309
f 18628//3310 18629//3360 18630//3358
f 18631//3359 18632//3361 18633//3311
f 18634//3312 18635//3362 18636//3360
f 18637//3339 18638//3313 18639//3361
f 18640//3362 18641//3314 18642//3340
f 18643//3333 18644//3335 18645//3343
f 18646//3344 18647//3336 18648//3334
f 18649//3335 18650//3337 18651//3371
f 18652//3372 18653//3338 18654//3336
f 18655//3337 18656//3339 18657//3373
f 18658//3374 18659//3340 18660//3338
f 18661//3343 18662//3371 18663//3345
f 18664//3346 18665//3372 18666//3344
f 18667//3345 18668//3375 18669//3363
f 18670//3364 18671//3376 18672//3346
f 18673//3377 18674//3347 18675//3363
f 18676//3364 18677//3348 18678//3378
f 18679//3347 18680//3377 18681//3365
f 18682//3366 18683//3378 18684//3348
f 18685//3377 18686//3351 18687//3365
f 18688//3366 18689//3354 18690//3378
f 18691//3351 18692//3377 18693//3369
f 18694//3370 18695//3378 18696//3354
f 18697//3379 18698//3355 18699//3369
f 18700//3370 18701//3356 18702//3380
f 18703//3355 18704//3379 18705//3357
f 18706//3358 18707//3380 18708//3356
f 18709//3359 18710//3357 18711//3379
f 18712//3380 18713//3358 18714//3360
f 18715//3361 18716//3359 18717//3381
f 18718//3382 18719//3360 18720//3362
f 18721//3361 18722//3373 18723//3339
f 18724//3340 18725//3374 18726//3362
f 18727//3371 18728//3343 18729//3335
f 18730//3336 18731//3344 18732//3372
f 18733//3373 18734//3371 18735//3337
f 18736//3338 18737//3372 18738//3374
f 18739//3375 18740//3345 18741//3371
f 18742//3372 18743//3346 18744//3376
f 18745//3383 18746//3363 18747//3375
f 18748//3376 18749//3364 18750//3384
f 18751//3383 18752//3369 18753//3377
f 18754//3378 18755//3370 18756//3384
f 18757//3369 18758//3383 18759//3379
f 18760//3380 18761//3384 18762//3370
f 18763//3379 18764//3381 18765//3359
f 18766//3360 18767//3382 18768//3380
f 18769//3373 18770//3361 18771//3381
f 18772//3382 18773//3362 18774//3374
f 18775//3371 18776//3373 18777//3375
f 18778//3376 18779//3374 18780//3372
f 18781//3363 18782//3383 18783//3377
f 18784//3378 18785//3384 18786//3364
f 18787//3375 18788//3381 18789//3383
f 18790//3384 18791//3382 18792//3376
f 18793//3381 18794//3379 18795//3383
f 18796//3384 18797//3380 18798//3382
f 18799//3381 18800//3375 18801//3373
f 18802//3374 18803//3376 18804//3382
