# SSTK version 0.8.0
# 6
mtllib original-6.mtl
o Group4/mesh8/mesh8-geometry#mesh8-geometry
v -0.197561 -0.071951 0.959594
v -0.192731 -0.030320 0.959911
v -0.197561 -0.030320 0.959594
v -0.192731 -0.071951 0.959911
v -0.192731 0.025188 0.959911
v -0.232009 -0.030320 0.962184
v -0.197561 -0.002566 0.959594
v -0.202309 -0.071951 0.958650
v 0.186573 -0.071951 0.959911
v -0.192731 -0.002566 0.959911
v -0.197561 0.025188 0.959594
v -0.202309 -0.030320 0.958650
v 0.225852 -0.030320 0.962184
v 0.191404 -0.071951 0.959594
v 0.186573 -0.030320 0.959911
v 0.186573 0.025188 0.959911
v -0.232009 0.025188 0.962184
v -0.197561 0.066819 0.959594
v -0.206892 -0.030320 0.957094
v -0.202309 -0.002566 0.958650
v 0.220389 -0.030320 0.966974
v -0.202309 0.025188 0.958650
v -0.206892 -0.071951 0.957094
v 0.196151 -0.071951 0.958650
v 0.225852 0.025188 0.962184
v -0.192731 0.066819 0.959911
v -0.202309 0.066819 0.958650
v -0.236800 -0.030320 0.956721
v -0.206892 -0.002566 0.957094
v 0.191404 -0.030320 0.959594
v 0.226126 -0.030257 0.962458
v -0.226546 -0.030320 0.966974
v 0.186573 -0.002566 0.959911
v 0.191404 0.025188 0.959594
v 0.186573 0.066819 0.959911
v -0.206892 0.025188 0.957094
v 0.220389 0.025188 0.966974
v 0.191404 0.066819 0.959594
v -0.211234 -0.030320 0.954953
v -0.237108 -0.030257 0.956957
v 0.196151 -0.030320 0.958650
v 0.220625 -0.030257 0.967283
v 0.230951 -0.030257 0.956957
v 0.214347 -0.030320 0.971011
v -0.232284 -0.030257 0.962458
v -0.206892 0.066819 0.957094
v 0.200735 -0.071951 0.957094
v 0.196151 0.025188 0.958650
v -0.236800 0.025188 0.956721
v -0.226546 0.025188 0.966974
v 0.226126 0.025124 0.962458
v 0.196151 0.066819 0.958650
v -0.215258 -0.030320 0.952264
v -0.211234 -0.002566 0.954953
v -0.241173 -0.030257 0.950873
v -0.211234 -0.071951 0.954953
v -0.211234 0.025188 0.954953
v 0.200735 -0.030320 0.957094
v 0.191404 -0.002566 0.959594
v 0.226394 -0.030150 0.962726
v 0.230642 -0.030320 0.956721
v 0.231251 -0.030150 0.957188
v -0.220505 -0.030320 0.971011
v -0.226783 -0.030257 0.967283
v 0.200735 0.025188 0.957094
v -0.237108 0.025124 0.956957
v -0.211234 0.066819 0.954953
v -0.232284 0.025124 0.962458
v 0.214347 0.025188 0.971011
v 0.220625 0.025124 0.967283
v 0.230951 0.025124 0.956957
v -0.240837 -0.030320 0.950679
v -0.215258 -0.071951 0.952264
v -0.215258 -0.002566 0.952264
v -0.237409 -0.030150 0.957188
v -0.241501 -0.030150 0.951063
v 0.196151 -0.002566 0.958650
v 0.220856 -0.030150 0.967583
v 0.214541 -0.030257 0.971348
v 0.235015 -0.030257 0.950873
v 0.235344 -0.030150 0.951063
v 0.207831 -0.030320 0.974225
v -0.232552 -0.030150 0.962726
v 0.200735 0.066819 0.957094
v 0.205076 -0.071951 0.954953
v 0.230642 0.025188 0.956721
v -0.215258 0.025188 0.952264
v -0.241173 0.025124 0.950873
v -0.226783 0.025124 0.967283
v -0.220505 0.025188 0.971011
v 0.226394 0.025017 0.962726
v 0.231251 0.025017 0.957188
v -0.218898 -0.030320 0.949072
v -0.217401 -0.071951 0.950385
v -0.244409 -0.030257 0.944311
v -0.244759 -0.030150 0.944456
v -0.215258 0.066819 0.952264
v 0.205076 -0.030320 0.954953
v 0.200735 -0.002566 0.957094
v 0.226652 -0.030001 0.962984
v 0.231540 -0.030001 0.957409
v 0.234679 -0.030320 0.950679
v 0.235659 -0.030001 0.951245
v -0.213988 -0.030320 0.974225
v -0.220699 -0.030257 0.971348
v -0.227013 -0.030150 0.967583
v 0.205076 0.025188 0.954953
v 0.205076 0.066819 0.954953
v -0.240837 0.025188 0.950679
v -0.237409 0.025017 0.957188
v -0.241501 0.025017 0.951063
v -0.232552 0.025017 0.962726
v 0.207831 0.025188 0.974225
v 0.214541 0.025124 0.971348
v 0.220856 0.025017 0.967583
v 0.235015 0.025124 0.950873
v 0.235344 0.025017 0.951063
v -0.222089 -0.030320 0.945433
v -0.218898 -0.002566 0.949072
v 0.209101 -0.071951 0.952264
v -0.218898 0.025188 0.949072
v -0.237698 -0.030001 0.957409
v -0.241817 -0.030001 0.951245
v -0.244050 -0.030320 0.944163
v -0.245096 -0.030001 0.944596
v 0.209101 -0.030320 0.952264
v 0.221077 -0.030001 0.967872
v 0.214731 -0.030150 0.971676
v 0.207979 -0.030257 0.974584
v 0.238252 -0.030257 0.944311
v 0.238602 -0.030150 0.944456
v 0.238938 -0.030001 0.944596
v 0.200950 -0.030320 0.976560
v -0.232809 -0.030001 0.962984
v 0.209101 0.025188 0.952264
v -0.217401 0.066819 0.950385
v -0.244409 0.025124 0.944311
v -0.244759 0.025017 0.944456
v -0.227013 0.025017 0.967583
v -0.220699 0.025124 0.971348
v -0.213988 0.025188 0.974225
v 0.226652 0.024868 0.962984
v 0.231540 0.024868 0.957409
v 0.234679 0.025188 0.950679
v 0.235659 0.024868 0.951245
v -0.222089 -0.070579 0.945433
v -0.222089 -0.002566 0.945433
v -0.218898 -0.071706 0.949072
v 0.211244 -0.071951 0.950385
v -0.218898 0.066574 0.949072
v -0.246761 -0.030257 0.937383
v -0.247127 -0.030150 0.937481
v -0.247479 -0.030001 0.937575
v 0.209101 0.066819 0.952264
v 0.205076 -0.002566 0.954953
v 0.226896 -0.029812 0.963228
v 0.231814 -0.029812 0.957620
v 0.235958 -0.029812 0.951417
v 0.212740 -0.030320 0.949072
v 0.237893 -0.030320 0.944163
v 0.239257 -0.029812 0.944728
v -0.207108 -0.030320 0.976560
v -0.214137 -0.030257 0.974584
v -0.220888 -0.030150 0.971676
v -0.227235 -0.030001 0.967872
v -0.222089 0.025188 0.945433
v -0.237698 0.024868 0.957409
v -0.241817 0.024868 0.951245
v -0.244050 0.025188 0.944163
v -0.245096 0.024868 0.944596
v -0.232809 0.024868 0.962984
v 0.200950 0.025188 0.976560
v 0.207979 0.025124 0.974584
v 0.214731 0.025017 0.971676
v 0.221077 0.024868 0.967872
v 0.238252 0.025124 0.944311
v 0.238602 0.025017 0.944456
v 0.238938 0.024868 0.944596
v -0.224779 -0.030320 0.941408
v -0.221917 -0.070674 0.945629
v -0.223294 -0.069918 0.943629
v -0.224779 -0.002566 0.941408
v -0.218952 -0.071697 0.949011
v -0.217401 -0.071951 0.467576
v -0.237971 -0.029812 0.957620
v -0.242115 -0.029812 0.951417
v -0.245414 -0.029812 0.944728
v -0.246386 -0.030320 0.937282
v -0.247812 -0.029812 0.937664
v 0.209101 -0.002566 0.952264
v 0.221287 -0.029812 0.968146
v 0.214913 -0.030001 0.971991
v 0.208124 -0.030150 0.974934
v 0.201051 -0.030257 0.976936
v 0.215932 -0.030320 0.945433
v 0.212740 0.025188 0.949072
v 0.240604 -0.030257 0.937383
v 0.240969 -0.030150 0.937481
v 0.241321 -0.030001 0.937575
v 0.241654 -0.029812 0.937664
v 0.193824 -0.030320 0.977978
v -0.233053 -0.029812 0.963228
v 0.211244 0.066819 0.950385
v -0.218952 0.066565 0.949011
v -0.246761 0.025124 0.937383
v -0.247127 0.025017 0.937481
v -0.247479 0.024868 0.937575
v -0.227235 0.024868 0.967872
v -0.220888 0.025017 0.971676
v -0.214137 0.025124 0.974584
v -0.207108 0.025188 0.976560
v 0.226896 0.024679 0.963228
v 0.231814 0.024679 0.957620
v 0.235958 0.024679 0.951417
v 0.237893 0.025188 0.944163
v 0.239257 0.024679 0.944728
v -0.224779 -0.068831 0.941408
v -0.220463 -0.071270 0.947287
v -0.224577 -0.069011 0.941709
v -0.224779 0.025188 0.941408
v -0.218952 -0.071697 0.467576
v 0.211244 -0.071951 0.467576
v -0.222089 0.065447 0.945433
v -0.248189 -0.030257 0.930207
v -0.248564 -0.030150 0.930256
v -0.248925 -0.030001 0.930304
v -0.249267 -0.029812 0.930349
v 0.227123 -0.029585 0.963455
v 0.232069 -0.029585 0.957815
v 0.236236 -0.029585 0.951578
v 0.239554 -0.029585 0.944851
v 0.215932 -0.070579 0.945433
v 0.212740 -0.002566 0.949072
v 0.215932 -0.002566 0.945433
v 0.212740 -0.071706 0.949072
v 0.218621 -0.030320 0.941408
v 0.240228 -0.030320 0.937282
v 0.241965 -0.029585 0.937748
v -0.199981 -0.030320 0.977978
v -0.207208 -0.030257 0.976936
v -0.214282 -0.030150 0.974934
v -0.221071 -0.030001 0.971991
v -0.227445 -0.029812 0.968146
v 0.215932 0.025188 0.945433
v -0.218952 0.066565 0.467576
v -0.220463 0.066137 0.947287
v -0.217401 0.066819 0.467576
v -0.237971 0.024679 0.957620
v -0.242115 0.024679 0.951417
v -0.245414 0.024679 0.944728
v -0.246386 0.025188 0.937282
v -0.247812 0.024679 0.937664
v -0.233053 0.024679 0.963228
v 0.193824 0.025188 0.977978
v 0.201051 0.025124 0.976936
v 0.208124 0.025017 0.974934
v 0.214913 0.024868 0.971991
v 0.221287 0.024679 0.968146
v 0.240604 0.025124 0.937383
v 0.240969 0.025017 0.937481
v 0.241321 0.024868 0.937575
v 0.241654 0.024679 0.937664
v -0.226919 -0.030320 0.937067
v -0.225749 -0.067964 0.939440
v -0.226919 -0.002566 0.937067
v -0.221917 -0.070674 0.467576
v -0.223294 -0.069918 0.467576
v -0.224577 -0.069011 0.467576
v -0.226919 0.025188 0.937067
v -0.220463 -0.071270 0.467576
v -0.162837 -0.045141 0.467576
v 0.212794 -0.071697 0.949011
v -0.221917 0.065541 0.945629
v -0.238226 -0.029585 0.957815
v -0.242394 -0.029585 0.951578
v -0.245711 -0.029585 0.944851
v -0.248122 -0.029585 0.937748
v -0.247803 -0.030320 0.930156
v -0.249586 -0.029585 0.930391
v 0.221483 -0.029585 0.968401
v 0.215085 -0.029812 0.972290
v 0.208264 -0.030001 0.975270
v 0.201149 -0.030150 0.977301
v 0.193875 -0.030257 0.978363
v 0.215760 -0.070674 0.945629
v 0.217137 -0.069918 0.943629
v 0.218621 -0.002566 0.941408
v 0.218621 -0.068831 0.941408
v 0.242031 -0.030257 0.930207
v 0.242406 -0.030150 0.930256
v 0.242768 -0.030001 0.930304
v 0.243110 -0.029812 0.930349
v 0.243428 -0.029585 0.930391
v 0.187179 -0.030320 0.978413
v -0.233280 -0.029585 0.963455
v 0.215932 0.065447 0.945433
v 0.212740 0.066574 0.949072
v -0.220463 0.066137 0.467576
v 0.211244 0.066819 0.467576
v -0.248189 0.025124 0.930207
v -0.248564 0.025017 0.930256
v -0.248925 0.024868 0.930304
v -0.249267 0.024679 0.930349
v -0.227445 0.024679 0.968146
v -0.221071 0.024868 0.971991
v -0.214282 0.025017 0.974934
v -0.207208 0.025124 0.976936
v -0.199981 0.025188 0.977978
v 0.227123 0.024453 0.963455
v 0.232069 0.024453 0.957815
v 0.236236 0.024453 0.951578
v 0.239554 0.024453 0.944851
v 0.240228 0.025188 0.937282
v 0.218621 0.025188 0.941408
v 0.241965 0.024453 0.937748
v -0.228475 -0.030320 0.932483
v -0.226919 -0.066617 0.937067
v -0.226796 -0.066792 0.937318
v -0.225749 -0.067964 0.467576
v -0.224779 0.063698 0.941408
v -0.162837 0.040008 0.467576
v 0.156679 -0.045141 0.467576
v 0.212794 -0.071697 0.467576
v -0.223294 0.064785 0.943629
v -0.248627 -0.030257 0.923524
v -0.249005 -0.030150 0.923536
v -0.249368 -0.030001 0.923548
v -0.249712 -0.029812 0.923559
v -0.250033 -0.029585 0.923570
v 0.227330 -0.029323 0.963662
v 0.232302 -0.029323 0.957994
v 0.236490 -0.029323 0.951725
v 0.239825 -0.029323 0.944963
v 0.242249 -0.029323 0.937824
v 0.214306 -0.071270 0.947287
v 0.218420 -0.069011 0.941709
v 0.220762 -0.030320 0.937067
v 0.219592 -0.067964 0.939440
v 0.220762 -0.002566 0.937067
v 0.241646 -0.030320 0.930156
v 0.243719 -0.029323 0.930429
v -0.193337 -0.030320 0.978413
v -0.200032 -0.030257 0.978363
v -0.207306 -0.030150 0.977301
v -0.214421 -0.030001 0.975270
v -0.221243 -0.029812 0.972290
v -0.227641 -0.029585 0.968401
v 0.218621 0.063698 0.941408
v 0.212794 0.066565 0.949011
v -0.221917 0.065541 0.467576
v -0.238226 0.024453 0.957815
v -0.242394 0.024453 0.951578
v -0.245711 0.024453 0.944851
v -0.248122 0.024453 0.937748
v -0.247803 0.025188 0.930156
v -0.249586 0.024453 0.930391
v -0.233280 0.024453 0.963455
v 0.187179 0.025188 0.978413
v 0.193875 0.025124 0.978363
v 0.201149 0.025017 0.977301
v 0.208264 0.024868 0.975270
v 0.215085 0.024679 0.972290
v 0.221483 0.024453 0.968401
v 0.242031 0.025124 0.930207
v 0.242406 0.025017 0.930256
v 0.242768 0.024868 0.930304
v 0.243110 0.024679 0.930349
v 0.243428 0.024453 0.930391
v -0.228475 -0.064092 0.932483
v -0.228475 -0.002566 0.932483
v -0.227703 -0.065509 0.934759
v -0.228475 0.025188 0.932483
v -0.223294 0.064785 0.467576
v -0.224577 0.063878 0.467576
v -0.226919 0.061484 0.937067
v -0.224577 0.063878 0.941709
v -0.162837 -0.045141 0.908556
v 0.212794 0.066565 0.467576
v -0.238459 -0.029323 0.957994
v -0.242648 -0.029323 0.951725
v -0.245983 -0.029323 0.944963
v -0.248406 -0.029323 0.937824
v -0.249877 -0.029323 0.930429
v -0.248239 -0.030320 0.923511
v -0.229420 -0.030320 0.927736
v -0.250326 -0.029323 0.923579
v 0.221662 -0.029323 0.968634
v 0.215246 -0.029585 0.972568
v 0.208396 -0.029812 0.975589
v 0.201243 -0.030001 0.977653
v 0.193924 -0.030150 0.978739
v 0.187192 -0.030257 0.978801
v 0.214306 -0.071270 0.467576
v 0.215760 -0.070674 0.467576
v 0.217137 -0.069918 0.467576
v 0.220762 0.025188 0.937067
v 0.222318 -0.030320 0.932483
v 0.220762 -0.066617 0.937067
v 0.220638 -0.066792 0.937318
v 0.242469 -0.030257 0.923524
v 0.242847 -0.030150 0.923536
v 0.243210 -0.030001 0.923548
v 0.243555 -0.029812 0.923559
v 0.243875 -0.029585 0.923570
v 0.244168 -0.029323 0.923579
v -0.233488 -0.029323 0.963662
v 0.215760 0.065541 0.945629
v 0.218420 0.063878 0.941709
v 0.214306 0.066137 0.947287
v -0.003079 0.040008 0.467576
v -0.248627 0.025124 0.923524
v -0.249005 0.025017 0.923536
v -0.249368 0.024868 0.923548
v -0.249712 0.024679 0.923559
v -0.250033 0.024453 0.923570
v -0.227641 0.024453 0.968401
v -0.221243 0.024679 0.972290
v -0.214421 0.024868 0.975270
v -0.207306 0.025017 0.977301
v -0.200032 0.025124 0.978363
v -0.193337 0.025188 0.978413
v 0.227330 0.024191 0.963662
v 0.232302 0.024191 0.957994
v 0.236490 0.024191 0.951725
v 0.239825 0.024191 0.944963
v 0.242249 0.024191 0.937824
v 0.241646 0.025188 0.930156
v 0.220762 0.061484 0.937067
v 0.243719 0.024191 0.930429
v -0.228459 -0.064132 0.932531
v -0.229055 -0.062678 0.929571
v -0.229420 -0.002566 0.927736
v -0.226796 -0.066792 0.467576
v -0.227703 -0.065509 0.467576
v -0.225749 0.062832 0.467576
v -0.226796 0.061660 0.937318
v -0.225749 0.062832 0.939440
v -0.162837 0.040008 0.908556
v 0.156679 -0.045141 0.908556
v 0.156679 0.040008 0.467576
v 0.214306 0.066137 0.467576
v -0.248627 -0.030257 0.467576
v -0.249005 -0.030150 0.467576
v -0.229420 -0.061388 0.927736
v -0.249368 -0.030001 0.467576
v -0.250326 -0.029323 0.467576
v 0.227516 -0.029030 0.963848
v 0.232510 -0.029030 0.958154
v 0.236717 -0.029030 0.951856
v 0.240067 -0.029030 0.945063
v 0.242502 -0.029030 0.937891
v 0.243979 -0.029030 0.930463
v 0.218420 -0.069011 0.467576
v 0.222318 -0.064092 0.932483
v 0.222318 -0.002566 0.932483
v 0.221545 -0.065509 0.934759
v 0.219592 -0.067964 0.467576
v 0.222318 0.025188 0.932483
v 0.223262 -0.030320 0.927736
v 0.242081 -0.030320 0.923511
v 0.244430 -0.029030 0.923588
v -0.193349 -0.030257 0.978801
v -0.200082 -0.030150 0.978739
v -0.207401 -0.030001 0.977653
v -0.214553 -0.029812 0.975589
v -0.221404 -0.029585 0.972568
v -0.227819 -0.029323 0.968634
v 0.217137 0.064785 0.943629
v 0.219592 0.062832 0.939440
v -0.003079 0.040008 0.908556
v -0.238459 0.024191 0.957994
v -0.242648 0.024191 0.951725
v -0.245983 0.024191 0.944963
v -0.248406 0.024191 0.937824
v -0.249877 0.024191 0.930429
v -0.229420 0.025188 0.927736
v -0.248239 0.025188 0.923511
v -0.250326 0.024191 0.923579
v -0.233488 0.024191 0.963662
v 0.187192 0.025124 0.978801
v 0.193924 0.025017 0.978739
v 0.201243 0.024868 0.977653
v 0.208396 0.024679 0.975589
v 0.215246 0.024453 0.972568
v 0.221662 0.024191 0.968634
v 0.242469 0.025124 0.923524
v 0.242847 0.025017 0.923536
v 0.243210 0.024868 0.923548
v 0.220638 0.061660 0.937318
v 0.243555 0.024679 0.923559
v 0.243875 0.024453 0.923570
v 0.244168 0.024191 0.923579
v -0.228459 -0.064132 0.467576
v -0.229055 -0.062678 0.467576
v -0.228475 0.058960 0.932483
v -0.226796 0.061660 0.467576
v 0.156679 0.040008 0.908556
v -0.238667 -0.029030 0.958154
v -0.242875 -0.029030 0.951856
v -0.246225 -0.029030 0.945063
v -0.248659 -0.029030 0.937891
v -0.250137 -0.029030 0.930463
v -0.248239 -0.030320 0.467576
v -0.229736 -0.030320 0.922905
v -0.229482 -0.061167 0.926780
v -0.229736 -0.002566 0.922905
v -0.249712 -0.029812 0.467576
v -0.250033 -0.029585 0.467576
v -0.250588 -0.029030 0.923588
v 0.221821 -0.029030 0.968842
v 0.215393 -0.029323 0.972822
v 0.208519 -0.029585 0.975886
v 0.201332 -0.029812 0.977987
v 0.193972 -0.030001 0.979100
v 0.187204 -0.030150 0.979179
v 0.215760 0.065541 0.467576
v 0.217137 0.064785 0.467576
v 0.222318 0.058960 0.932483
v 0.222301 -0.064132 0.932531
v 0.222897 -0.062678 0.929571
v 0.223262 -0.002566 0.927736
v 0.221545 -0.065509 0.467576
v 0.220638 -0.066792 0.467576
v 0.223262 -0.061388 0.927736
v 0.242081 -0.030320 0.467576
v 0.242469 -0.030257 0.467576
v 0.242847 -0.030150 0.467576
v 0.243210 -0.030001 0.467576
v 0.243555 -0.029812 0.467576
v 0.243875 -0.029585 0.467576
v 0.244430 -0.029030 0.467576
v -0.233673 -0.029030 0.963848
v 0.218420 0.063878 0.467576
v -0.248627 0.025124 0.467576
v -0.249005 0.025017 0.467576
v -0.249368 0.024868 0.467576
v -0.249712 0.024679 0.467576
v -0.227819 0.024191 0.968634
v -0.221404 0.024453 0.972568
v -0.214553 0.024679 0.975589
v -0.207401 0.024868 0.977653
v -0.200082 0.025017 0.978739
v -0.193349 0.025124 0.978801
v 0.227516 0.023898 0.963848
v 0.232510 0.023898 0.958154
v 0.236717 0.023898 0.951856
v 0.240067 0.023898 0.945063
v 0.242502 0.023898 0.937891
v 0.242081 0.025188 0.923511
v 0.223262 0.025188 0.927736
v 0.220638 0.061660 0.467576
v 0.243979 0.023898 0.930463
v -0.229482 -0.061167 0.467576
v -0.229736 0.025188 0.922905
v -0.227703 0.060377 0.467576
v -0.228459 0.059000 0.932531
v -0.248239 0.025188 0.467576
v -0.229736 -0.059616 0.922905
v -0.250033 0.024453 0.467576
v -0.250588 -0.029030 0.467576
v 0.221960 -0.028710 0.969022
v 0.232690 -0.028710 0.958292
v 0.236914 -0.028710 0.951970
v 0.240277 -0.028710 0.945150
v 0.242721 -0.028710 0.937950
v 0.244205 -0.028710 0.930493
v 0.244657 -0.028710 0.923595
v 0.222301 0.059000 0.932531
v 0.222897 -0.062678 0.467576
v 0.222301 -0.064132 0.467576
v 0.219592 0.062832 0.467576
v 0.223262 0.056255 0.927736
v 0.223579 -0.030320 0.922905
v 0.223325 -0.061167 0.926780
v 0.223579 -0.002566 0.922905
v 0.223579 -0.030320 0.467576
v 0.244168 -0.029323 0.467576
v 0.244657 -0.028710 0.467576
v -0.193362 -0.030150 0.979179
v -0.200129 -0.030001 0.979100
v -0.207490 -0.029812 0.977987
v -0.214676 -0.029585 0.975886
v -0.221551 -0.029323 0.972822
v -0.227979 -0.029030 0.968842
v -0.238667 0.023898 0.958154
v -0.242875 0.023898 0.951856
v -0.246225 0.023898 0.945063
v -0.248659 0.023898 0.937891
v -0.250137 0.023898 0.930463
v -0.250588 0.023898 0.923588
v -0.229420 0.056255 0.927736
v -0.233673 0.023898 0.963848
v 0.187204 0.025017 0.979179
v 0.193972 0.024868 0.979100
v 0.201332 0.024679 0.977987
v 0.208519 0.024453 0.975886
v 0.215393 0.024191 0.972822
v 0.221821 0.023898 0.968842
v 0.242081 0.025188 0.467576
v 0.242847 0.025017 0.467576
v 0.243210 0.024868 0.467576
v 0.221545 0.060377 0.467576
v 0.243555 0.024679 0.467576
v 0.243875 0.024453 0.467576
v 0.244430 0.023898 0.923588
v -0.228459 0.059000 0.467576
v -0.229055 0.057546 0.467576
v -0.227703 0.060377 0.934759
v -0.233834 -0.028710 0.964009
v -0.238847 -0.028710 0.958292
v -0.243072 -0.028710 0.951970
v -0.246435 -0.028710 0.945150
v -0.248879 -0.028710 0.937950
v -0.250362 -0.028710 0.930493
v -0.229736 0.025188 0.467576
v -0.229736 -0.030320 0.467576
v -0.229736 -0.059616 0.467576
v -0.229736 -0.002566 0.467576
v -0.250326 0.024191 0.467576
v -0.250814 -0.028710 0.923595
v 0.227676 -0.028710 0.964009
v 0.215638 -0.028710 0.973246
v 0.215524 -0.029030 0.973049
v 0.208631 -0.029323 0.976157
v 0.201416 -0.029585 0.978297
v 0.194017 -0.029812 0.979442
v 0.187216 -0.030001 0.979542
v 0.222301 0.059000 0.467576
v 0.221545 0.060377 0.934759
v 0.223325 -0.061167 0.467576
v 0.223579 0.025188 0.922905
v 0.222897 0.057546 0.929571
v 0.223579 -0.059616 0.922905
v 0.242469 0.025124 0.467576
v 0.244168 0.024191 0.467576
v 0.244430 0.023898 0.467576
v 0.244657 0.023577 0.467576
v -0.228117 -0.028710 0.969022
v -0.250588 0.023898 0.467576
v -0.229055 0.057546 0.929571
v -0.227979 0.023898 0.968842
v -0.221551 0.024191 0.972822
v -0.214676 0.024453 0.975886
v -0.207490 0.024679 0.977987
v -0.200129 0.024868 0.979100
v -0.193362 0.025017 0.979179
v 0.221960 0.023577 0.969022
v 0.227676 0.023577 0.964009
v 0.232690 0.023577 0.958292
v 0.236914 0.023577 0.951970
v 0.240277 0.023577 0.945150
v 0.242721 0.023577 0.937950
v 0.223579 0.025188 0.467576
v 0.223579 0.054484 0.922905
v 0.244205 0.023577 0.930493
v -0.229482 0.056034 0.467576
v -0.229736 0.054484 0.922905
v -0.250814 -0.028710 0.467576
v 0.222075 -0.028365 0.969172
v 0.215732 -0.028365 0.973410
v 0.208731 -0.029030 0.976399
v 0.232840 -0.028365 0.958407
v 0.237078 -0.028365 0.952064
v 0.240452 -0.028365 0.945223
v 0.242904 -0.028365 0.937999
v 0.244393 -0.028365 0.930517
v 0.244846 -0.028365 0.923602
v 0.244846 -0.028365 0.467576
v 0.222897 0.057546 0.467576
v 0.223579 -0.002566 0.467576
v 0.223579 -0.059616 0.467576
v 0.244846 0.023233 0.467576
v -0.193374 -0.030001 0.979542
v -0.200174 -0.029812 0.979442
v -0.207573 -0.029585 0.978297
v -0.214789 -0.029323 0.976157
v -0.221682 -0.029030 0.973049
v -0.221795 -0.028710 0.973246
v -0.238847 0.023577 0.958292
v -0.243072 0.023577 0.951970
v -0.246435 0.023577 0.945150
v -0.248879 0.023577 0.937950
v -0.250362 0.023577 0.930493
v -0.250814 0.023577 0.923595
v -0.250814 0.023577 0.467576
v -0.228117 0.023577 0.969022
v 0.187216 0.024868 0.979542
v 0.194017 0.024679 0.979442
v 0.201416 0.024453 0.978297
v 0.208631 0.024191 0.976157
v 0.215524 0.023898 0.973049
v 0.215638 0.023577 0.973246
v 0.223325 0.056034 0.926780
v 0.244657 0.023577 0.923595
v -0.229482 0.056034 0.926780
v -0.233968 -0.028365 0.964143
v -0.228233 -0.028365 0.969172
v -0.238998 -0.028365 0.958407
v -0.243236 -0.028365 0.952064
v -0.246610 -0.028365 0.945223
v -0.249062 -0.028365 0.937999
v -0.250550 -0.028365 0.930517
v -0.229736 0.054484 0.467576
v -0.251003 -0.028365 0.923602
v 0.227810 -0.028365 0.964143
v 0.208818 -0.028710 0.976609
v 0.208891 -0.028365 0.976784
v 0.201559 -0.029030 0.978834
v 0.201492 -0.029323 0.978581
v 0.194058 -0.029585 0.979760
v 0.187227 -0.029812 0.979887
v 0.223325 0.056034 0.467576
v 0.223579 0.054484 0.467576
v 0.244846 0.023233 0.923602
v -0.214889 -0.029030 0.976399
v -0.221890 -0.028365 0.973410
v -0.233834 0.023577 0.964009
v -0.221795 0.023577 0.973246
v -0.221682 0.023898 0.973049
v -0.214789 0.024191 0.976157
v -0.207573 0.024453 0.978297
v -0.200174 0.024679 0.979442
v -0.193374 0.024868 0.979542
v 0.208731 0.023898 0.976399
v 0.222075 0.023233 0.969172
v 0.215732 0.023233 0.973410
v 0.227810 0.023233 0.964143
v 0.232840 0.023233 0.958407
v 0.237078 0.023233 0.952064
v 0.240452 0.023233 0.945223
v 0.242904 0.023233 0.937999
v 0.244393 0.023233 0.930517
v -0.251003 -0.028365 0.467576
v 0.222166 -0.028002 0.969291
v 0.215807 -0.028002 0.973540
v 0.208948 -0.028002 0.976922
v 0.201618 -0.028710 0.979053
v 0.232959 -0.028002 0.958498
v 0.237208 -0.028002 0.952139
v 0.240590 -0.028002 0.945280
v 0.243048 -0.028002 0.938038
v 0.244540 -0.028002 0.930537
v 0.244995 -0.028002 0.923607
v 0.244995 -0.028002 0.467576
v 0.244995 0.022870 0.467576
v 0.244995 0.022870 0.923607
v -0.193385 -0.029812 0.979887
v -0.200216 -0.029585 0.979760
v -0.207649 -0.029323 0.978581
v -0.207717 -0.029030 0.978834
v -0.214976 -0.028710 0.976609
v -0.215048 -0.028365 0.976784
v -0.238998 0.023233 0.958407
v -0.243236 0.023233 0.952064
v -0.246610 0.023233 0.945223
v -0.249062 0.023233 0.937999
v -0.250550 0.023233 0.930517
v -0.251003 0.023233 0.923602
v -0.251003 0.023233 0.467576
v -0.228233 0.023233 0.969172
v -0.221890 0.023233 0.973410
v -0.214889 0.023898 0.976399
v 0.187227 0.024679 0.979887
v 0.194058 0.024453 0.979760
v 0.201492 0.024191 0.978581
v 0.201559 0.023898 0.978834
v 0.208818 0.023577 0.976609
v 0.208891 0.023233 0.976784
v -0.234074 -0.028002 0.964248
v -0.228324 -0.028002 0.969291
v -0.221965 -0.028002 0.973540
v -0.239116 -0.028002 0.958498
v -0.243365 -0.028002 0.952139
v -0.246748 -0.028002 0.945280
v -0.249206 -0.028002 0.938038
v -0.250698 -0.028002 0.930537
v -0.251152 -0.028002 0.923607
v 0.227916 -0.028002 0.964248
v 0.201667 -0.028365 0.979236
v 0.201706 -0.028002 0.979380
v 0.194131 -0.029030 0.980311
v 0.194161 -0.028710 0.980537
v 0.194097 -0.029323 0.980051
v 0.187238 -0.029585 0.980207
v 0.244540 0.022870 0.930537
v -0.207776 -0.028710 0.979053
v -0.215105 -0.028002 0.976922
v -0.233968 0.023233 0.964143
v -0.214976 0.023577 0.976609
v -0.215048 0.023233 0.976784
v -0.207717 0.023898 0.978834
v -0.207649 0.024191 0.978581
v -0.200216 0.024453 0.979760
v -0.193385 0.024679 0.979887
v 0.201618 0.023577 0.979053
v 0.222166 0.022870 0.969291
v 0.215807 0.022870 0.973540
v 0.208948 0.022870 0.976922
v 0.227916 0.022870 0.964248
v 0.232959 0.022870 0.958498
v 0.237208 0.022870 0.952139
v 0.240590 0.022870 0.945280
v 0.243048 0.022870 0.938038
v -0.251152 -0.028002 0.467576
v 0.222231 -0.027624 0.969376
v 0.215861 -0.027624 0.973632
v 0.208989 -0.027624 0.977021
v 0.201734 -0.027624 0.979484
v 0.194185 -0.028365 0.980725
v 0.233044 -0.027624 0.958563
v 0.237300 -0.027624 0.952193
v 0.240689 -0.027624 0.945321
v 0.243152 -0.027624 0.938066
v 0.244647 -0.027624 0.930551
v 0.245102 -0.027624 0.923610
v 0.245102 -0.027624 0.467576
v 0.245102 0.022492 0.467576
v 0.245102 0.022492 0.923610
v 0.244647 0.022492 0.930551
v -0.193395 -0.029585 0.980207
v -0.200254 -0.029323 0.980051
v -0.200289 -0.029030 0.980311
v -0.200318 -0.028710 0.980537
v -0.207825 -0.028365 0.979236
v -0.207863 -0.028002 0.979380
v -0.239116 0.022870 0.958498
v -0.243365 0.022870 0.952139
v -0.246748 0.022870 0.945280
v -0.249206 0.022870 0.938038
v -0.250698 0.022870 0.930537
v -0.251152 0.022870 0.923607
v -0.251152 0.022870 0.467576
v -0.228324 0.022870 0.969291
v -0.221965 0.022870 0.973540
v -0.215105 0.022870 0.976922
v -0.207776 0.023577 0.979053
v 0.187238 0.024453 0.980207
v 0.194097 0.024191 0.980051
v 0.194131 0.023898 0.980311
v 0.194161 0.023577 0.980537
v 0.201667 0.023233 0.979236
v 0.201706 0.022870 0.979380
v -0.234149 -0.027624 0.964324
v -0.228389 -0.027624 0.969376
v -0.222018 -0.027624 0.973632
v -0.215146 -0.027624 0.977021
v -0.239201 -0.027624 0.958563
v -0.243458 -0.027624 0.952193
v -0.246847 -0.027624 0.945321
v -0.249310 -0.027624 0.938066
v -0.250804 -0.027624 0.930551
v -0.251259 -0.027624 0.923610
v 0.227992 -0.027624 0.964324
v 0.194205 -0.028002 0.980873
v 0.194219 -0.027624 0.980979
v 0.187256 -0.029030 0.980762
v 0.187263 -0.028710 0.980989
v 0.187270 -0.028365 0.981178
v 0.187247 -0.029323 0.980500
v 0.243152 0.022492 0.938066
v -0.200343 -0.028365 0.980725
v -0.207891 -0.027624 0.979484
v -0.234074 0.022870 0.964248
v -0.207825 0.023233 0.979236
v -0.207863 0.022870 0.979380
v -0.200289 0.023898 0.980311
v -0.200318 0.023577 0.980537
v -0.200254 0.024191 0.980051
v -0.193395 0.024453 0.980207
v 0.194185 0.023233 0.980725
v 0.222231 0.022492 0.969376
v 0.215861 0.022492 0.973632
v 0.208989 0.022492 0.977021
v 0.201734 0.022492 0.979484
v 0.227992 0.022492 0.964324
v 0.233044 0.022492 0.958563
v 0.237300 0.022492 0.952193
v 0.240689 0.022492 0.945321
v -0.251259 -0.027624 0.467576
v 0.222270 -0.027236 0.969426
v 0.215892 -0.027236 0.973687
v 0.209013 -0.027236 0.977080
v 0.201750 -0.027236 0.979545
v 0.194227 -0.027236 0.981042
v 0.187274 -0.028002 0.981327
v 0.233094 -0.027236 0.958602
v 0.237355 -0.027236 0.952224
v 0.240748 -0.027236 0.945345
v 0.243213 -0.027236 0.938082
v 0.244710 -0.027236 0.930559
v 0.245165 -0.027236 0.923612
v 0.245165 -0.027236 0.467576
v 0.245165 0.022104 0.467576
v 0.245165 0.022104 0.923612
v 0.244710 0.022104 0.930559
v 0.243213 0.022104 0.938082
v -0.193405 -0.029323 0.980500
v -0.193414 -0.029030 0.980762
v -0.193421 -0.028710 0.980989
v -0.193427 -0.028365 0.981178
v -0.200362 -0.028002 0.980873
v -0.200376 -0.027624 0.980979
v -0.239201 0.022492 0.958563
v -0.243458 0.022492 0.952193
v -0.246847 0.022492 0.945321
v -0.249310 0.022492 0.938066
v -0.250804 0.022492 0.930551
v -0.251259 0.022492 0.923610
v -0.251259 0.022492 0.467576
v -0.228389 0.022492 0.969376
v -0.222018 0.022492 0.973632
v -0.215146 0.022492 0.977021
v -0.207891 0.022492 0.979484
v -0.200343 0.023233 0.980725
v 0.187247 0.024191 0.980500
v 0.187256 0.023898 0.980762
v 0.187263 0.023577 0.980989
v 0.187270 0.023233 0.981178
v 0.194205 0.022870 0.980873
v 0.194219 0.022492 0.980979
v -0.234194 -0.027236 0.964369
v -0.228428 -0.027236 0.969426
v -0.222050 -0.027236 0.973687
v -0.215171 -0.027236 0.977080
v -0.207908 -0.027236 0.979545
v -0.239252 -0.027236 0.958602
v -0.243513 -0.027236 0.952224
v -0.246905 -0.027236 0.945345
v -0.249371 -0.027236 0.938082
v -0.250867 -0.027236 0.930559
v -0.251323 -0.027236 0.923612
v 0.228037 -0.027236 0.964369
v 0.187278 -0.027624 0.981434
v 0.187280 -0.027236 0.981497
v 0.240748 0.022104 0.945345
v -0.193432 -0.028002 0.981327
v -0.200385 -0.027236 0.981042
v -0.234149 0.022492 0.964324
v -0.200362 0.022870 0.980873
v -0.200376 0.022492 0.980979
v -0.193414 0.023898 0.980762
v -0.193421 0.023577 0.980989
v -0.193427 0.023233 0.981178
v -0.193405 0.024191 0.980500
v 0.187274 0.022870 0.981327
v 0.222270 0.022104 0.969426
v 0.215892 0.022104 0.973687
v 0.209013 0.022104 0.977080
v 0.201750 0.022104 0.979545
v 0.194227 0.022104 0.981042
v 0.228037 0.022104 0.964369
v 0.233094 0.022104 0.958602
v 0.237355 0.022104 0.952224
v -0.251323 -0.027236 0.467576
v 0.187280 0.022104 0.981497
v -0.193436 -0.027624 0.981434
v -0.193438 -0.027236 0.981497
v -0.239252 0.022104 0.958602
v -0.243513 0.022104 0.952224
v -0.246905 0.022104 0.945345
v -0.249371 0.022104 0.938082
v -0.250867 0.022104 0.930559
v -0.251323 0.022104 0.923612
v -0.251323 0.022104 0.467576
v -0.228428 0.022104 0.969426
v -0.222050 0.022104 0.973687
v -0.215171 0.022104 0.977080
v -0.207908 0.022104 0.979545
v -0.200385 0.022104 0.981042
v -0.193432 0.022870 0.981327
v 0.187278 0.022492 0.981434
v -0.234194 0.022104 0.964369
v -0.193438 0.022104 0.981497
v -0.193436 0.022492 0.981434
vn -0.1305259853353411 0 0.9914448886106773
vn -0.03271898659853486 0 0.9994645906263837
vn 0.1305259853353411 0 -0.9914448886106773
vn 0.03271898659853486 0 -0.9994645906263837
vn -0.06540299554311302 0 0.9978589320009053
vn 0 0 0
vn 0.06540299554311302 0 -0.9978589320009053
vn -0.2588189595935754 0 0.965925849201117
vn 0.2588189595935754 0 -0.965925849201117
vn 0 -1 0
vn 0 1 0
vn 0.03271898659853486 0 0.9994645906263837
vn -0.03271898659853486 0 -0.9994645906263837
vn 0 0 1
vn 0 0 -1
vn -0.38268289803626016 0 0.9238797538373538
vn 0.38268289803626016 0 -0.9238797538373538
vn 0.1305259853353411 0 0.9914448886106773
vn -0.1305259853353411 0 -0.9914448886106773
vn 0.2588189595935754 0 0.965925849201117
vn -0.2588189595935754 0 -0.965925849201117
vn -0.5000001748438417 0 0.8660253028382762
vn 0.5000001748438417 0 -0.8660253028382762
vn 0.06540299554311302 0 0.9978589320009053
vn -0.06540299554311302 0 -0.9978589320009053
vn 0.38268289803626016 0 0.9238797538373538
vn -0.38268289803626016 0 -0.9238797538373538
vn -0.6087613233345314 0 0.7933534213778813
vn 0.6087613233345314 0 -0.7933534213778813
vn -0.6593458241801846 0 0.7518397995159294
vn 0.6593458241801846 0 -0.7518397995159294
vn 0.5000001748438417 0 0.8660253028382762
vn -0.5000001748438417 0 -0.8660253028382762
vn -0.7071067811865476 0 0.7071067811865476
vn 0.7071067811865476 0 -0.7071067811865476
vn -0.08109296275814651 -0.9967065422636224 0
vn 0.08109296275814651 0.9967065422636224 0
vn -0.7933534213778813 0 0.6087613233345314
vn 0.7933534213778813 0 -0.6087613233345314
vn 0.08109296275814651 -0.9967065422636224 0
vn -0.08109296275814651 0.9967065422636224 0
vn 0.6087613233345314 0 0.7933534213778813
vn -0.6087613233345314 0 -0.7933534213778813
vn -0.7518397995159294 0 0.6593458241801846
vn 0.7518397995159294 0 -0.6593458241801846
vn -0.8314698396094833 0 0.5555698928305779
vn 0.8314698396094833 0 -0.5555698928305779
vn -0.21725709287253878 -0.97611441726704 0
vn -0.16165099831034294 -0.9868479896849713 0
vn 0.16165099831034294 0.9868479896849713 0
vn 0.21725709287253878 0.97611441726704 0
vn 0.6593458241801846 0 0.7518397995159294
vn -0.6593458241801846 0 -0.7518397995159294
vn 0.7071067811865476 0 0.7071067811865476
vn -0.7071067811865476 0 -0.7071067811865476
vn -0.21725709287253878 0.97611441726704 0
vn -0.16165099831034294 0.9868479896849713 0
vn 0.16165099831034294 -0.9868479896849713 0
vn 0.21725709287253878 -0.97611441726704 0
vn -0.8660253028382762 0 0.5000001748438417
vn 0.8660253028382762 0 -0.5000001748438417
vn -0.5302028796837251 -0.8478708075969388 0
vn -0.4309640470920904 -0.9023690986032302 0
vn -0.48135607837416233 -0.8765251427153969 0
vn 0.48135607837416233 0.8765251427153969 0
vn 0.4309640470920904 0.9023690986032302 0
vn 0.5302028796837251 0.8478708075969388 0
vn 0.7933534213778813 0 0.6087613233345314
vn -0.7933534213778813 0 -0.6087613233345314
vn -0.8419476059816627 -0.5148887590400979 0.16128792451976892
vn 0.8419476059816627 0.5148887590400979 -0.16128792451976892
vn -0.3262011333508875 -0.9453003864384044 0
vn 0.3262011333508875 0.9453003864384044 0
vn -0.6226458283577387 -0.7825037842903414 0
vn 0.6226458283577387 0.7825037842903414 0
vn 0.7518397995159294 0 0.6593458241801846
vn -0.7518397995159294 0 -0.6593458241801846
vn 0.8314698396094833 0 0.5555698928305779
vn -0.8314698396094833 0 -0.5555698928305779
vn 0.8660253028382762 0 0.5000001748438417
vn -0.8660253028382762 0 -0.5000001748438417
vn -0.3262011333508875 0.9453003864384044 0
vn 0.3262011333508875 -0.9453003864384044 0
vn -0.94092223032744 -0.20420304998666652 0.27012306612316334
vn -0.9238797538373538 0 0.38268289803626016
vn 0.9238797538373538 0 -0.38268289803626016
vn 0.94092223032744 0.20420304998666652 -0.27012306612316334
vn -0.6659438684294828 -0.7460018526124286 0
vn 0.6659438684294828 0.7460018526124286 0
vn -0.8811664272221907 -0.4454592159751623 0.15846707683072078
vn 0.8811664272221907 0.4454592159751623 -0.15846707683072078
vn -0.7071067811865476 -0.7071067811865476 0
vn 0.7071067811865476 0.7071067811865476 0
vn -0.4309640470920904 0.9023690986032302 0
vn -0.5302028796837251 0.8478708075969388 0
vn -0.48135607837416233 0.8765251427153969 0
vn 0.48135607837416233 -0.8765251427153969 0
vn 0.5302028796837251 -0.8478708075969388 0
vn 0.4309640470920904 -0.9023690986032302 0
vn 0.8419476059816627 -0.5148887590400979 0.16128792451976892
vn -0.8419476059816627 0.5148887590400979 -0.16128792451976892
vn -0.9756947205932699 -0.1296779628645161 0.176644949414723
vn -0.965925849201117 0 0.2588189595935754
vn 0.965925849201117 0 -0.2588189595935754
vn 0.9756947205932699 0.1296779628645161 -0.176644949414723
vn -0.9222752461160993 -0.36986209870048825 0.11229602996704183
vn 0.9222752461160993 0.36986209870048825 -0.11229602996704183
vn -0.94092223032744 0.20420304998666652 0.27012306612316334
vn 0.94092223032744 -0.20420304998666652 -0.27012306612316334
vn 0.6226458283577387 -0.7825037842903414 0
vn -0.6226458283577387 0.7825037842903414 0
vn 0.94092223032744 -0.20420304998666652 0.27012306612316334
vn 0.9238797538373538 0 0.38268289803626016
vn -0.9238797538373538 0 -0.38268289803626016
vn -0.94092223032744 0.20420304998666652 -0.27012306612316334
vn 0.6659438684294828 -0.7460018526124286 0
vn -0.6659438684294828 0.7460018526124286 0
vn 0.8811664272221907 -0.4454592159751623 0.15846707683072078
vn -0.8811664272221907 0.4454592159751623 -0.15846707683072078
vn 0.94092223032744 0.20420304998666652 0.27012306612316334
vn -0.94092223032744 -0.20420304998666652 -0.27012306612316334
vn -0.9484385046296444 -0.29692315798201663 0.11091005901120986
vn 0.9484385046296444 0.29692315798201663 -0.11091005901120986
vn -0.9730348260281999 -0.2209599604939093 0.06618098816730365
vn 0.9730348260281999 0.2209599604939093 -0.06618098816730365
vn -0.7825037842903414 -0.6226458283577387 0
vn 0.7825037842903414 0.6226458283577387 0
vn -0.8478708075969388 -0.5302028796837251 0
vn 0.8478708075969388 0.5302028796837251 0
vn -0.8811664272221907 0.4454592159751623 0.15846707683072078
vn 0.8811664272221907 -0.4454592159751623 -0.15846707683072078
vn -0.8419476059816627 0.5148887590400979 0.16128792451976892
vn 0.8419476059816627 -0.5148887590400979 -0.16128792451976892
vn -0.9918944674675738 -0.09179504326186663 0.08785804140640643
vn -0.9914448886106773 0 0.1305259853353411
vn 0.9914448886106773 0 -0.1305259853353411
vn 0.9918944674675738 0.09179504326186663 -0.08785804140640643
vn 0.9756947205932699 -0.1296779628645161 0.176644949414723
vn 0.965925849201117 0 0.2588189595935754
vn -0.965925849201117 0 -0.2588189595935754
vn -0.9756947205932699 0.1296779628645161 -0.176644949414723
vn 0.9222752461160993 -0.36986209870048825 0.11229602996704183
vn -0.9222752461160993 0.36986209870048825 -0.11229602996704183
vn 0.7071067811865476 -0.7071067811865476 0
vn -0.7071067811865476 0.7071067811865476 0
vn 0.8419476059816627 0.5148887590400979 0.16128792451976892
vn -0.8419476059816627 -0.5148887590400979 -0.16128792451976892
vn 0.8811664272221907 0.4454592159751623 0.15846707683072078
vn -0.8811664272221907 -0.4454592159751623 -0.15846707683072078
vn -0.9023690986032302 -0.4309640470920904 0
vn 0.9023690986032302 0.4309640470920904 0
vn -0.9453003864384044 -0.3262011333508875 0
vn 0.9453003864384044 0.3262011333508875 0
vn -0.9756947205932699 0.1296779628645161 0.176644949414723
vn 0.9756947205932699 -0.1296779628645161 -0.176644949414723
vn -0.7825037842903414 0.6226458283577387 0
vn 0.7825037842903414 -0.6226458283577387 0
vn -0.9890993724350533 -0.14560405482568833 0.021952008265799773
vn 0.9890993724350533 0.14560405482568833 -0.021952008265799773
vn -0.9978589320009053 0 0.06540299554311302
vn 0.9978589320009053 0 -0.06540299554311302
vn 0.9756947205932699 0.1296779628645161 0.176644949414723
vn -0.9756947205932699 -0.1296779628645161 -0.176644949414723
vn 0.9484385046296444 -0.29692315798201663 0.11091005901120986
vn -0.9484385046296444 0.29692315798201663 -0.11091005901120986
vn 0.9730348260281999 -0.2209599604939093 0.06618098816730365
vn -0.9730348260281999 0.2209599604939093 -0.06618098816730365
vn 0.8478708075969388 -0.5302028796837251 0
vn -0.8478708075969388 0.5302028796837251 0
vn 0.9918944674675738 -0.09179504326186663 0.08785804140640643
vn 0.9914448886106773 0 0.1305259853353411
vn -0.9914448886106773 0 -0.1305259853353411
vn -0.9918944674675738 0.09179504326186663 -0.08785804140640643
vn -0.97611441726704 -0.21725709287253878 0
vn 0.97611441726704 0.21725709287253878 0
vn -0.9484385046296444 0.29692315798201663 0.11091005901120986
vn 0.9484385046296444 -0.29692315798201663 -0.11091005901120986
vn -0.998297620121373 -0.054067979425704946 0.021874991675987564
vn -0.9994645906263837 0 0.03271898659853486
vn 0.9994645906263837 0 -0.03271898659853486
vn 0.998297620121373 0.054067979425704946 -0.021874991675987564
vn 0.9484385046296444 0.29692315798201663 0.11091005901120986
vn -0.9484385046296444 -0.29692315798201663 -0.11091005901120986
vn 0.9453003864384044 -0.3262011333508875 0
vn -0.9453003864384044 0.3262011333508875 0
vn 0.9023690986032302 -0.4309640470920904 0
vn -0.9023690986032302 0.4309640470920904 0
vn 0.9918944674675738 0.09179504326186663 0.08785804140640643
vn -0.9918944674675738 -0.09179504326186663 -0.08785804140640643
vn 0.9890993724350533 -0.14560405482568833 0.021952008265799773
vn -0.9890993724350533 0.14560405482568833 -0.021952008265799773
vn 0.9978589320009053 0 0.06540299554311302
vn -0.9978589320009053 0 -0.06540299554311302
vn -0.9918944674675738 0.09179504326186663 0.08785804140640643
vn 0.9918944674675738 -0.09179504326186663 -0.08785804140640643
vn -0.9222752461160993 0.36986209870048825 0.11229602996704183
vn 0.9222752461160993 -0.36986209870048825 -0.11229602996704183
vn -0.9967065422636224 -0.08109296275814651 0
vn 0.9967065422636224 0.08109296275814651 0
vn -1 0 0
vn 1 0 0
vn 0.9222752461160993 0.36986209870048825 0.11229602996704183
vn -0.9222752461160993 -0.36986209870048825 -0.11229602996704183
vn 0.97611441726704 -0.21725709287253878 0
vn -0.97611441726704 0.21725709287253878 0
vn 0.9730348260281999 0.2209599604939093 0.06618098816730365
vn -0.9730348260281999 -0.2209599604939093 -0.06618098816730365
vn 0.998297620121373 -0.054067979425704946 0.021874991675987564
vn 0.9994645906263837 0 0.03271898659853486
vn -0.9994645906263837 0 -0.03271898659853486
vn -0.998297620121373 0.054067979425704946 -0.021874991675987564
vn -0.9730348260281999 0.2209599604939093 0.06618098816730365
vn 0.9730348260281999 -0.2209599604939093 -0.06618098816730365
vn 0.998297620121373 0.054067979425704946 0.021874991675987564
vn -0.998297620121373 -0.054067979425704946 -0.021874991675987564
vn -0.998297620121373 0.054067979425704946 0.021874991675987564
vn 0.998297620121373 -0.054067979425704946 -0.021874991675987564
vn 0.9967065422636224 -0.08109296275814651 0
vn -0.9967065422636224 0.08109296275814651 0
vn 0.9890993724350533 0.14560405482568833 0.021952008265799773
vn -0.9890993724350533 -0.14560405482568833 -0.021952008265799773
vn -0.9890993724350533 0.14560405482568833 0.021952008265799773
vn 0.9890993724350533 -0.14560405482568833 -0.021952008265799773
vn -0.07626497237915808 -0.9941666399432303 0.07626497237915808
vn 0.07626497237915808 0.9941666399432303 -0.07626497237915808
vn 0.07626497237915808 -0.9941666399432303 0.07626497237915808
vn -0.07626497237915808 0.9941666399432303 -0.07626497237915808
vn -0.07626497237915808 0.9941666399432303 0.07626497237915808
vn 0.07626497237915808 -0.9941666399432303 -0.07626497237915808
vn 0.06565797674585283 -0.9941666478950666 0.08556696969466615
vn -0.06565797674585283 0.9941666478950666 -0.08556696969466615
vn 0.07626497237915808 0.9941666399432303 0.07626497237915808
vn -0.07626497237915808 -0.9941666399432303 -0.07626497237915808
vn -0.08556696969466615 -0.9941666478950666 0.06565797674585283
vn 0.08556696969466615 0.9941666478950666 -0.06565797674585283
vn 0.15331002042327238 -0.9762131300467288 0.15331002042327238
vn -0.15331002042327238 0.9762131300467288 -0.15331002042327238
vn -0.06565797674585283 -0.9941666478950666 0.08556696969466615
vn 0.06565797674585283 0.9941666478950666 -0.08556696969466615
vn 0.06565797674585283 0.9941666478950666 0.08556696969466615
vn -0.06565797674585283 -0.9941666478950666 -0.08556696969466615
vn -0.1720099919488145 -0.9762129543068895 0.1319879938221041
vn 0.1720099919488145 0.9762129543068895 -0.1319879938221041
vn 0.1319879938221041 -0.9762129543068895 0.1720099919488145
vn -0.1319879938221041 0.9762129543068895 -0.1720099919488145
vn 0.1720099919488145 -0.9762129543068895 0.1319879938221041
vn -0.1720099919488145 0.9762129543068895 -0.1319879938221041
vn 0.053927979855260814 -0.9941666286301194 0.09340496510867521
vn -0.053927979855260814 0.9941666286301194 -0.09340496510867521
vn -0.15331002042327238 -0.9762131300467288 0.15331002042327238
vn 0.15331002042327238 0.9762131300467288 -0.15331002042327238
vn -0.08556696969466615 0.9941666478950666 0.06565797674585283
vn 0.08556696969466615 -0.9941666478950666 -0.06565797674585283
vn -0.06565797674585283 0.9941666478950666 0.08556696969466615
vn 0.06565797674585283 -0.9941666478950666 -0.08556696969466615
vn 0.15331002042327238 0.9762131300467288 0.15331002042327238
vn -0.15331002042327238 -0.9762131300467288 -0.15331002042327238
vn -0.1877660028377076 -0.9762130147535074 0.10840700163835504
vn 0.1877660028377076 0.9762130147535074 -0.10840700163835504
vn 0.23021786632357427 -0.9455154509847217 0.23021786632357427
vn -0.23021786632357427 0.9455154509847217 -0.23021786632357427
vn 0.08556696969466615 -0.9941666478950666 0.06565797674585283
vn -0.08556696969466615 0.9941666478950666 -0.06565797674585283
vn 0.2582978441610796 -0.9455154295418754 0.19819888042060646
vn -0.2582978441610796 0.9455154295418754 -0.19819888042060646
vn -0.053927979855260814 -0.9941666286301194 0.09340496510867521
vn 0.053927979855260814 0.9941666286301194 -0.09340496510867521
vn -0.1319879938221041 -0.9762129543068895 0.1720099919488145
vn 0.1319879938221041 0.9762129543068895 -0.1720099919488145
vn -0.1720099919488145 0.9762129543068895 0.1319879938221041
vn 0.1720099919488145 -0.9762129543068895 -0.1319879938221041
vn -0.15331002042327238 0.9762131300467288 0.15331002042327238
vn 0.15331002042327238 -0.9762131300467288 -0.15331002042327238
vn 0.053927979855260814 0.9941666286301194 0.09340496510867521
vn -0.053927979855260814 -0.9941666286301194 -0.09340496510867521
vn 0.1319879938221041 0.9762129543068895 0.1720099919488145
vn -0.1319879938221041 -0.9762129543068895 -0.1720099919488145
vn 0.1720099919488145 0.9762129543068895 0.1319879938221041
vn -0.1720099919488145 -0.9762129543068895 -0.1319879938221041
vn -0.09340496510867521 -0.9941666286301194 0.053927979855260814
vn 0.09340496510867521 0.9941666286301194 -0.053927979855260814
vn -0.2582978441610796 -0.9455154295418754 0.19819888042060646
vn 0.2582978441610796 0.9455154295418754 -0.19819888042060646
vn -0.2819578479484913 -0.9455154901115264 0.16278891221276556
vn 0.2819578479484913 0.9455154901115264 -0.16278891221276556
vn 0.19819888042060646 -0.9455154295418754 0.2582978441610796
vn -0.19819888042060646 0.9455154295418754 -0.2582978441610796
vn 0.10840700163835504 -0.9762130147535074 0.1877660028377076
vn -0.10840700163835504 0.9762130147535074 -0.1877660028377076
vn 0.1877660028377076 -0.9762130147535074 0.10840700163835504
vn -0.1877660028377076 0.9762130147535074 -0.10840700163835504
vn 0.2819578479484913 -0.9455154901115264 0.16278891221276556
vn -0.2819578479484913 0.9455154901115264 -0.16278891221276556
vn 0.041273985698772796 -0.9941666555262842 0.09964496547352365
vn -0.041273985698772796 0.9941666555262842 -0.09964496547352365
vn -0.23021786632357427 -0.9455154509847217 0.23021786632357427
vn 0.23021786632357427 0.9455154509847217 -0.23021786632357427
vn 0.08556696969466615 0.9941666478950666 0.06565797674585283
vn -0.08556696969466615 -0.9941666478950666 -0.06565797674585283
vn -0.1877660028377076 0.9762130147535074 0.10840700163835504
vn 0.1877660028377076 -0.9762130147535074 -0.10840700163835504
vn -0.1319879938221041 0.9762129543068895 0.1720099919488145
vn 0.1319879938221041 -0.9762129543068895 -0.1720099919488145
vn -0.053927979855260814 0.9941666286301194 0.09340496510867521
vn 0.053927979855260814 -0.9941666286301194 -0.09340496510867521
vn 0.23021786632357427 0.9455154509847217 0.23021786632357427
vn -0.23021786632357427 -0.9455154509847217 -0.23021786632357427
vn 0.2582978441610796 0.9455154295418754 0.19819888042060646
vn -0.2582978441610796 -0.9455154295418754 -0.19819888042060646
vn -0.20030998955283277 -0.9762129490856151 0.08297099567264785
vn 0.20030998955283277 0.9762129490856151 -0.08297099567264785
vn -0.3007938567708729 -0.9455155497734951 0.12459294067253125
vn 0.3007938567708729 0.9455155497734951 -0.12459294067253125
vn 0.30420593568235427 -0.902727809138085 0.30420593568235427
vn -0.30420593568235427 0.902727809138085 -0.30420593568235427
vn 0.34131081580927874 -0.9027275128369101 0.26189685866556506
vn -0.34131081580927874 0.9027275128369101 -0.26189685866556506
vn 0.09340496510867521 -0.9941666286301194 0.053927979855260814
vn -0.09340496510867521 0.9941666286301194 -0.053927979855260814
vn 0.37257489496276897 -0.9027277455007731 0.21510593935680436
vn -0.37257489496276897 0.9027277455007731 -0.21510593935680436
vn -0.041273985698772796 -0.9941666555262842 0.09964496547352365
vn 0.041273985698772796 0.9941666555262842 -0.09964496547352365
vn -0.10840700163835504 -0.9762130147535074 0.1877660028377076
vn 0.10840700163835504 0.9762130147535074 -0.1877660028377076
vn -0.19819888042060646 -0.9455154295418754 0.2582978441610796
vn 0.19819888042060646 0.9455154295418754 -0.2582978441610796
vn -0.09340496510867521 0.9941666286301194 0.053927979855260814
vn 0.09340496510867521 -0.9941666286301194 -0.053927979855260814
vn -0.2582978441610796 0.9455154295418754 0.19819888042060646
vn 0.2582978441610796 -0.9455154295418754 -0.19819888042060646
vn -0.2819578479484913 0.9455154901115264 0.16278891221276556
vn 0.2819578479484913 -0.9455154901115264 -0.16278891221276556
vn -0.23021786632357427 0.9455154509847217 0.23021786632357427
vn 0.23021786632357427 -0.9455154509847217 -0.23021786632357427
vn 0.041273985698772796 0.9941666555262842 0.09964496547352365
vn -0.041273985698772796 -0.9941666555262842 -0.09964496547352365
vn 0.10840700163835504 0.9762130147535074 0.1877660028377076
vn -0.10840700163835504 -0.9762130147535074 -0.1877660028377076
vn 0.19819888042060646 0.9455154295418754 0.2582978441610796
vn -0.19819888042060646 -0.9455154295418754 -0.2582978441610796
vn 0.1877660028377076 0.9762130147535074 0.10840700163835504
vn -0.1877660028377076 -0.9762130147535074 -0.10840700163835504
vn 0.2819578479484913 0.9455154901115264 0.16278891221276556
vn -0.2819578479484913 -0.9455154901115264 -0.16278891221276556
vn -0.34131081580927874 -0.9027275128369101 0.26189685866556506
vn 0.34131081580927874 0.9027275128369101 -0.26189685866556506
vn -0.37257489496276897 -0.9027277455007731 0.21510593935680436
vn 0.37257489496276897 0.9027277455007731 -0.21510593935680436
vn -0.09964496547352365 -0.9941666555262842 0.041273985698772796
vn 0.09964496547352365 0.9941666555262842 -0.041273985698772796
vn -0.39746481091927754 -0.9027275705572505 0.1646349216803876
vn 0.39746481091927754 0.9027275705572505 -0.1646349216803876
vn 0.26189685866556506 -0.9027275128369101 0.34131081580927874
vn -0.26189685866556506 0.9027275128369101 -0.34131081580927874
vn 0.16278891221276556 -0.9455154901115264 0.2819578479484913
vn -0.16278891221276556 0.9455154901115264 -0.2819578479484913
vn 0.08297099567264785 -0.9762129490856151 0.20030998955283277
vn -0.08297099567264785 0.9762129490856151 -0.20030998955283277
vn 0.20030998955283277 -0.9762129490856151 0.08297099567264785
vn -0.20030998955283277 0.9762129490856151 -0.08297099567264785
vn 0.3007938567708729 -0.9455155497734951 0.12459294067253125
vn -0.3007938567708729 0.9455155497734951 -0.12459294067253125
vn 0.39746481091927754 -0.9027275705572505 0.1646349216803876
vn -0.39746481091927754 0.9027275705572505 -0.1646349216803876
vn 0.027914989622409136 -0.9941666304116649 0.10417996127037735
vn -0.027914989622409136 0.9941666304116649 -0.10417996127037735
vn -0.30420593568235427 -0.902727809138085 0.30420593568235427
vn 0.30420593568235427 0.902727809138085 -0.30420593568235427
vn -0.20030998955283277 0.9762129490856151 0.08297099567264785
vn 0.20030998955283277 -0.9762129490856151 -0.08297099567264785
vn -0.3007938567708729 0.9455155497734951 0.12459294067253125
vn 0.3007938567708729 -0.9455155497734951 -0.12459294067253125
vn -0.19819888042060646 0.9455154295418754 0.2582978441610796
vn 0.19819888042060646 -0.9455154295418754 -0.2582978441610796
vn -0.10840700163835504 0.9762130147535074 0.1877660028377076
vn 0.10840700163835504 -0.9762130147535074 -0.1877660028377076
vn -0.041273985698772796 0.9941666555262842 0.09964496547352365
vn 0.041273985698772796 -0.9941666555262842 -0.09964496547352365
vn 0.30420593568235427 0.902727809138085 0.30420593568235427
vn -0.30420593568235427 -0.902727809138085 -0.30420593568235427
vn 0.34131081580927874 0.9027275128369101 0.26189685866556506
vn -0.34131081580927874 -0.9027275128369101 -0.26189685866556506
vn 0.09340496510867521 0.9941666286301194 0.053927979855260814
vn -0.09340496510867521 -0.9941666286301194 -0.053927979855260814
vn 0.37257489496276897 0.9027277455007731 0.21510593935680436
vn -0.37257489496276897 -0.9027277455007731 -0.21510593935680436
vn -0.20942600376233816 -0.9762130175376669 0.05611500100810599
vn 0.20942600376233816 0.9762130175376669 -0.05611500100810599
vn -0.31448287070023706 -0.9455156112508637 0.08426596535401333
vn 0.31448287070023706 0.9455156112508637 -0.08426596535401333
vn -0.41555293928730447 -0.9027278681105654 0.11134698373209552
vn 0.41555293928730447 0.9027278681105654 -0.11134698373209552
vn 0.3743328669361066 -0.848380698426591 0.3743328669361066
vn -0.3743328669361066 0.848380698426591 -0.3743328669361066
vn 0.4199900264255632 -0.8483810533797134 0.32227002027706914
vn -0.4199900264255632 0.8483810533797134 -0.32227002027706914
vn 0.4584619745888288 -0.8483809529767903 0.2646929853288623
vn -0.4584619745888288 0.8483809529767903 -0.2646929853288623
vn 0.09964496547352365 -0.9941666555262842 0.041273985698772796
vn -0.09964496547352365 0.9941666555262842 -0.041273985698772796
vn 0.4890890333434014 -0.8483810578379564 0.2025870138112688
vn -0.4890890333434014 0.8483810578379564 -0.2025870138112688
vn -0.027914989622409136 -0.9941666304116649 0.10417996127037735
vn 0.027914989622409136 0.9941666304116649 -0.10417996127037735
vn -0.08297099567264785 -0.9762129490856151 0.20030998955283277
vn 0.08297099567264785 0.9762129490856151 -0.20030998955283277
vn -0.16278891221276556 -0.9455154901115264 0.2819578479484913
vn 0.16278891221276556 0.9455154901115264 -0.2819578479484913
vn -0.26189685866556506 -0.9027275128369101 0.34131081580927874
vn 0.26189685866556506 0.9027275128369101 -0.34131081580927874
vn -0.34131081580927874 0.9027275128369101 0.26189685866556506
vn 0.34131081580927874 -0.9027275128369101 -0.26189685866556506
vn -0.37257489496276897 0.9027277455007731 0.21510593935680436
vn 0.37257489496276897 -0.9027277455007731 -0.21510593935680436
vn -0.09964496547352365 0.9941666555262842 0.041273985698772796
vn 0.09964496547352365 -0.9941666555262842 -0.041273985698772796
vn -0.39746481091927754 0.9027275705572505 0.1646349216803876
vn 0.39746481091927754 -0.9027275705572505 -0.1646349216803876
vn -0.30420593568235427 0.902727809138085 0.30420593568235427
vn 0.30420593568235427 -0.902727809138085 -0.30420593568235427
vn 0.027914989622409136 0.9941666304116649 0.10417996127037735
vn -0.027914989622409136 -0.9941666304116649 -0.10417996127037735
vn 0.08297099567264785 0.9762129490856151 0.20030998955283277
vn -0.08297099567264785 -0.9762129490856151 -0.20030998955283277
vn 0.16278891221276556 0.9455154901115264 0.2819578479484913
vn -0.16278891221276556 -0.9455154901115264 -0.2819578479484913
vn 0.26189685866556506 0.9027275128369101 0.34131081580927874
vn -0.26189685866556506 -0.9027275128369101 -0.34131081580927874
vn 0.20030998955283277 0.9762129490856151 0.08297099567264785
vn -0.20030998955283277 -0.9762129490856151 -0.08297099567264785
vn 0.3007938567708729 0.9455155497734951 0.12459294067253125
vn -0.3007938567708729 -0.9455155497734951 -0.12459294067253125
vn 0.39746481091927754 0.9027275705572505 0.1646349216803876
vn -0.39746481091927754 -0.9027275705572505 -0.1646349216803876
vn -0.4199900264255632 -0.8483810533797134 0.32227002027706914
vn 0.4199900264255632 0.8483810533797134 -0.32227002027706914
vn -0.4584619745888288 -0.8483809529767903 0.2646929853288623
vn 0.4584619745888288 0.8483809529767903 -0.2646929853288623
vn -0.4890890333434014 -0.8483810578379564 0.2025870138112688
vn 0.4890890333434014 0.8483810578379564 -0.2025870138112688
vn -0.10417996127037735 -0.9941666304116649 0.027914989622409136
vn 0.10417996127037735 0.9941666304116649 -0.027914989622409136
vn -0.5113479466945361 -0.8483809115605365 0.13701498571687354
vn 0.5113479466945361 0.8483809115605365 -0.13701498571687354
vn 0.32227002027706914 -0.8483810533797134 0.4199900264255632
vn -0.32227002027706914 0.8483810533797134 -0.4199900264255632
vn 0.21510593935680436 -0.9027277455007731 0.37257489496276897
vn -0.21510593935680436 0.9027277455007731 -0.37257489496276897
vn 0.12459294067253125 -0.9455155497734951 0.3007938567708729
vn -0.12459294067253125 0.9455155497734951 -0.3007938567708729
vn 0.05611500100810599 -0.9762130175376669 0.20942600376233816
vn -0.05611500100810599 0.9762130175376669 -0.20942600376233816
vn 0.20942600376233816 -0.9762130175376669 0.05611500100810599
vn -0.20942600376233816 0.9762130175376669 -0.05611500100810599
vn 0.31448287070023706 -0.9455156112508637 0.08426596535401333
vn -0.31448287070023706 0.9455156112508637 -0.08426596535401333
vn 0.41555293928730447 -0.9027278681105654 0.11134698373209552
vn -0.41555293928730447 0.9027278681105654 -0.11134698373209552
vn 0.5113479466945361 -0.8483809115605365 0.13701498571687354
vn -0.5113479466945361 0.8483809115605365 -0.13701498571687354
vn 0.014077993802432076 -0.9941665623371565 0.10693295292480957
vn -0.014077993802432076 0.9941665623371565 -0.10693295292480957
vn -0.3743328669361066 -0.848380698426591 0.3743328669361066
vn 0.3743328669361066 0.848380698426591 -0.3743328669361066
vn -0.20942600376233816 0.9762130175376669 0.05611500100810599
vn 0.20942600376233816 -0.9762130175376669 -0.05611500100810599
vn -0.31448287070023706 0.9455156112508637 0.08426596535401333
vn 0.31448287070023706 -0.9455156112508637 -0.08426596535401333
vn -0.41555293928730447 0.9027278681105654 0.11134698373209552
vn 0.41555293928730447 -0.9027278681105654 -0.11134698373209552
vn -0.26189685866556506 0.9027275128369101 0.34131081580927874
vn 0.26189685866556506 -0.9027275128369101 -0.34131081580927874
vn -0.16278891221276556 0.9455154901115264 0.2819578479484913
vn 0.16278891221276556 -0.9455154901115264 -0.2819578479484913
vn -0.08297099567264785 0.9762129490856151 0.20030998955283277
vn 0.08297099567264785 -0.9762129490856151 -0.20030998955283277
vn -0.027914989622409136 0.9941666304116649 0.10417996127037735
vn 0.027914989622409136 -0.9941666304116649 -0.10417996127037735
vn 0.3743328669361066 0.848380698426591 0.3743328669361066
vn -0.3743328669361066 -0.848380698426591 -0.3743328669361066
vn 0.4199900264255632 0.8483810533797134 0.32227002027706914
vn -0.4199900264255632 -0.8483810533797134 -0.32227002027706914
vn 0.4584619745888288 0.8483809529767903 0.2646929853288623
vn -0.4584619745888288 -0.8483809529767903 -0.2646929853288623
vn 0.09964496547352365 0.9941666555262842 0.041273985698772796
vn -0.09964496547352365 -0.9941666555262842 -0.041273985698772796
vn 0.4890890333434014 0.8483810578379564 0.2025870138112688
vn -0.4890890333434014 -0.8483810578379564 -0.2025870138112688
vn -0.2149589910738281 -0.9762129594627577 0.028299998824842573
vn 0.2149589910738281 0.9762129594627577 -0.028299998824842573
vn -0.32279182383059996 -0.9455154839680462 0.042495976807062054
vn 0.32279182383059996 0.9455154839680462 -0.042495976807062054
vn -0.42653185909010527 -0.9027277017731203 0.056153981448861454
vn 0.42653185909010527 0.9027277017731203 -0.056153981448861454
vn -0.52485703584485 -0.8483810579397622 0.06909900471908213
vn 0.52485703584485 0.8483810579397622 -0.06909900471908213
vn 0.43969886612974335 -0.7831537615618253 0.43969886612974335
vn -0.43969886612974335 0.7831537615618253 -0.43969886612974335
vn 0.4933297549037253 -0.783153610913328 0.37854481193122397
vn -0.4933297549037253 0.783153610913328 -0.37854481193122397
vn 0.5385188878607233 -0.7831538369188031 0.3109139352563771
vn -0.5385188878607233 0.7831538369188031 -0.3109139352563771
vn 0.5744940192107931 -0.7831540261882797 0.2379630079573642
vn -0.5744940192107931 0.7831540261882797 -0.2379630079573642
vn 0.10417996127037735 -0.9941666304116649 0.027914989622409136
vn -0.10417996127037735 0.9941666304116649 -0.027914989622409136
vn 0.6006398189680868 -0.783153763958666 0.16094095149264598
vn -0.6006398189680868 0.783153763958666 -0.16094095149264598
vn -0.014077993802432076 -0.9941665623371565 0.10693295292480957
vn 0.014077993802432076 0.9941665623371565 -0.10693295292480957
vn -0.05611500100810599 -0.9762130175376669 0.20942600376233816
vn 0.05611500100810599 0.9762130175376669 -0.20942600376233816
vn -0.12459294067253125 -0.9455155497734951 0.3007938567708729
vn 0.12459294067253125 0.9455155497734951 -0.3007938567708729
vn -0.21510593935680436 -0.9027277455007731 0.37257489496276897
vn 0.21510593935680436 0.9027277455007731 -0.37257489496276897
vn -0.32227002027706914 -0.8483810533797134 0.4199900264255632
vn 0.32227002027706914 0.8483810533797134 -0.4199900264255632
vn -0.4199900264255632 0.8483810533797134 0.32227002027706914
vn 0.4199900264255632 -0.8483810533797134 -0.32227002027706914
vn -0.4584619745888288 0.8483809529767903 0.2646929853288623
vn 0.4584619745888288 -0.8483809529767903 -0.2646929853288623
vn -0.4890890333434014 0.8483810578379564 0.2025870138112688
vn 0.4890890333434014 -0.8483810578379564 -0.2025870138112688
vn -0.10417996127037735 0.9941666304116649 0.027914989622409136
vn 0.10417996127037735 -0.9941666304116649 -0.027914989622409136
vn -0.5113479466945361 0.8483809115605365 0.13701498571687354
vn 0.5113479466945361 -0.8483809115605365 -0.13701498571687354
vn -0.3743328669361066 0.848380698426591 0.3743328669361066
vn 0.3743328669361066 -0.848380698426591 -0.3743328669361066
vn 0.014077993802432076 0.9941665623371565 0.10693295292480957
vn -0.014077993802432076 -0.9941665623371565 -0.10693295292480957
vn 0.05611500100810599 0.9762130175376669 0.20942600376233816
vn -0.05611500100810599 -0.9762130175376669 -0.20942600376233816
vn 0.12459294067253125 0.9455155497734951 0.3007938567708729
vn -0.12459294067253125 -0.9455155497734951 -0.3007938567708729
vn 0.21510593935680436 0.9027277455007731 0.37257489496276897
vn -0.21510593935680436 -0.9027277455007731 -0.37257489496276897
vn 0.32227002027706914 0.8483810533797134 0.4199900264255632
vn -0.32227002027706914 -0.8483810533797134 -0.4199900264255632
vn 0.20942600376233816 0.9762130175376669 0.05611500100810599
vn -0.20942600376233816 -0.9762130175376669 -0.05611500100810599
vn 0.31448287070023706 0.9455156112508637 0.08426596535401333
vn -0.31448287070023706 -0.9455156112508637 -0.08426596535401333
vn 0.41555293928730447 0.9027278681105654 0.11134698373209552
vn -0.41555293928730447 -0.9027278681105654 -0.11134698373209552
vn 0.5113479466945361 0.8483809115605365 0.13701498571687354
vn -0.5113479466945361 -0.8483809115605365 -0.13701498571687354
vn -0.4933297549037253 -0.783153610913328 0.37854481193122397
vn 0.4933297549037253 0.783153610913328 -0.37854481193122397
vn -0.5385188878607233 -0.7831538369188031 0.3109139352563771
vn 0.5385188878607233 0.7831538369188031 -0.3109139352563771
vn -0.5744940192107931 -0.7831540261882797 0.2379630079573642
vn 0.5744940192107931 0.7831540261882797 -0.2379630079573642
vn -0.6006398189680868 -0.783153763958666 0.16094095149264598
vn 0.6006398189680868 0.783153763958666 -0.16094095149264598
vn -0.10693295292480957 -0.9941665623371565 0.014077993802432076
vn 0.10693295292480957 0.9941665623371565 -0.014077993802432076
vn -0.6165086017287903 -0.7831534940743916 0.081164947566568
vn 0.6165086017287903 0.7831534940743916 -0.081164947566568
vn 0.37854481193122397 -0.783153610913328 0.4933297549037253
vn -0.37854481193122397 0.783153610913328 -0.4933297549037253
vn 0.2646929853288623 -0.8483809529767903 0.4584619745888288
vn -0.2646929853288623 0.8483809529767903 -0.4584619745888288
vn 0.1646349216803876 -0.9027275705572505 0.39746481091927754
vn -0.1646349216803876 0.9027275705572505 -0.39746481091927754
vn 0.08426596535401333 -0.9455156112508637 0.31448287070023706
vn -0.08426596535401333 0.9455156112508637 -0.31448287070023706
vn 0.028299998824842573 -0.9762129594627577 0.2149589910738281
vn -0.028299998824842573 0.9762129594627577 -0.2149589910738281
vn 0.2149589910738281 -0.9762129594627577 0.028299998824842573
vn -0.2149589910738281 0.9762129594627577 -0.028299998824842573
vn 0.32279182383059996 -0.9455154839680462 0.042495976807062054
vn -0.32279182383059996 0.9455154839680462 -0.042495976807062054
vn 0.42653185909010527 -0.9027277017731203 0.056153981448861454
vn -0.42653185909010527 0.9027277017731203 -0.056153981448861454
vn 0.52485703584485 -0.8483810579397622 0.06909900471908213
vn -0.52485703584485 0.8483810579397622 -0.06909900471908213
vn 0.6165086017287903 -0.7831534940743916 0.081164947566568
vn -0.6165086017287903 0.7831534940743916 -0.081164947566568
vn 0.0035349999167684277 -0.9941479765927862 0.10796899745786998
vn -0.0035349999167684277 0.9941479765927862 -0.10796899745786998
vn -0.43969886612974335 -0.7831537615618253 0.43969886612974335
vn 0.43969886612974335 0.7831537615618253 -0.43969886612974335
vn -0.2149589910738281 0.9762129594627577 0.028299998824842573
vn 0.2149589910738281 -0.9762129594627577 -0.028299998824842573
vn -0.32279182383059996 0.9455154839680462 0.042495976807062054
vn 0.32279182383059996 -0.9455154839680462 -0.042495976807062054
vn -0.42653185909010527 0.9027277017731203 0.056153981448861454
vn 0.42653185909010527 -0.9027277017731203 -0.056153981448861454
vn -0.52485703584485 0.8483810579397622 0.06909900471908213
vn 0.52485703584485 -0.8483810579397622 -0.06909900471908213
vn -0.32227002027706914 0.8483810533797134 0.4199900264255632
vn 0.32227002027706914 -0.8483810533797134 -0.4199900264255632
vn -0.21510593935680436 0.9027277455007731 0.37257489496276897
vn 0.21510593935680436 -0.9027277455007731 -0.37257489496276897
vn -0.12459294067253125 0.9455155497734951 0.3007938567708729
vn 0.12459294067253125 -0.9455155497734951 -0.3007938567708729
vn -0.05611500100810599 0.9762130175376669 0.20942600376233816
vn 0.05611500100810599 -0.9762130175376669 -0.20942600376233816
vn -0.014077993802432076 0.9941665623371565 0.10693295292480957
vn 0.014077993802432076 -0.9941665623371565 -0.10693295292480957
vn 0.43969886612974335 0.7831537615618253 0.43969886612974335
vn -0.43969886612974335 -0.7831537615618253 -0.43969886612974335
vn 0.4933297549037253 0.783153610913328 0.37854481193122397
vn -0.4933297549037253 -0.783153610913328 -0.37854481193122397
vn 0.5385188878607233 0.7831538369188031 0.3109139352563771
vn -0.5385188878607233 -0.7831538369188031 -0.3109139352563771
vn 0.5744940192107931 0.7831540261882797 0.2379630079573642
vn -0.5744940192107931 -0.7831540261882797 -0.2379630079573642
vn 0.10417996127037735 0.9941666304116649 0.027914989622409136
vn -0.10417996127037735 -0.9941666304116649 -0.027914989622409136
vn 0.6006398189680868 0.783153763958666 0.16094095149264598
vn -0.6006398189680868 -0.783153763958666 -0.16094095149264598
vn -0.21703001635907218 -0.9761390735784378 0.007105000535553647
vn 0.21703001635907218 0.9761390735784378 -0.007105000535553647
vn -0.3258710162640599 -0.9453540471821489 0.010668000532434585
vn 0.3258710162640599 0.9453540471821489 -0.010668000532434585
vn -0.4305458334171133 -0.9024586508288885 0.01409499454649262
vn 0.4305458334171133 0.9024586508288885 -0.01409499454649262
vn -0.5297151855301276 -0.8479982970072155 0.017341006073601735
vn 0.5297151855301276 0.8479982970072155 -0.017341006073601735
vn -0.6221082472333319 -0.7826663110410458 0.020366008093697617
vn 0.6221082472333319 0.7826663110410458 -0.020366008093697617
vn 0.49946399573257966 -0.7078639939520102 0.49946399573257966
vn -0.49946399573257966 0.7078639939520102 -0.49946399573257966
vn 0.560384014021929 -0.7078640177121737 0.42999801075941035
vn -0.560384014021929 0.7078640177121737 -0.42999801075941035
vn 0.6117160668520057 -0.7078640773596377 0.35317403859698004
vn -0.6117160668520057 0.7078640773596377 -0.35317403859698004
vn 0.6525810590843654 -0.7078640640896613 0.27030802447355445
vn -0.6525810590843654 0.7078640640896613 -0.27030802447355445
vn 0.682280296535456 -0.7078643076548836 0.18281607945627296
vn -0.682280296535456 0.7078643076548836 -0.18281607945627296
vn 0.10693295292480957 -0.9941665623371565 0.014077993802432076
vn -0.10693295292480957 0.9941665623371565 -0.014077993802432076
vn 0.7003059219365529 -0.7078639210940592 0.09219698972275601
vn -0.7003059219365529 0.7078639210940592 -0.09219698972275601
vn -0.0035349999167684277 -0.9941479765927862 0.10796899745786998
vn 0.0035349999167684277 0.9941479765927862 -0.10796899745786998
vn -0.028299998824842573 -0.9762129594627577 0.2149589910738281
vn 0.028299998824842573 0.9762129594627577 -0.2149589910738281
vn -0.08426596535401333 -0.9455156112508637 0.31448287070023706
vn 0.08426596535401333 0.9455156112508637 -0.31448287070023706
vn -0.1646349216803876 -0.9027275705572505 0.39746481091927754
vn 0.1646349216803876 0.9027275705572505 -0.39746481091927754
vn -0.2646929853288623 -0.8483809529767903 0.4584619745888288
vn 0.2646929853288623 0.8483809529767903 -0.4584619745888288
vn -0.37854481193122397 -0.783153610913328 0.4933297549037253
vn 0.37854481193122397 0.783153610913328 -0.4933297549037253
vn -0.4933297549037253 0.783153610913328 0.37854481193122397
vn 0.4933297549037253 -0.783153610913328 -0.37854481193122397
vn -0.5385188878607233 0.7831538369188031 0.3109139352563771
vn 0.5385188878607233 -0.7831538369188031 -0.3109139352563771
vn -0.5744940192107931 0.7831540261882797 0.2379630079573642
vn 0.5744940192107931 -0.7831540261882797 -0.2379630079573642
vn -0.6006398189680868 0.783153763958666 0.16094095149264598
vn 0.6006398189680868 -0.783153763958666 -0.16094095149264598
vn -0.10693295292480957 0.9941665623371565 0.014077993802432076
vn 0.10693295292480957 -0.9941665623371565 -0.014077993802432076
vn -0.6165086017287903 0.7831534940743916 0.081164947566568
vn 0.6165086017287903 -0.7831534940743916 -0.081164947566568
vn -0.43969886612974335 0.7831537615618253 0.43969886612974335
vn 0.43969886612974335 -0.7831537615618253 -0.43969886612974335
vn 0.0035349999167684277 0.9941479765927862 0.10796899745786998
vn -0.0035349999167684277 -0.9941479765927862 -0.10796899745786998
vn 0.028299998824842573 0.9762129594627577 0.2149589910738281
vn -0.028299998824842573 -0.9762129594627577 -0.2149589910738281
vn 0.08426596535401333 0.9455156112508637 0.31448287070023706
vn -0.08426596535401333 -0.9455156112508637 -0.31448287070023706
vn 0.1646349216803876 0.9027275705572505 0.39746481091927754
vn -0.1646349216803876 -0.9027275705572505 -0.39746481091927754
vn 0.2646929853288623 0.8483809529767903 0.4584619745888288
vn -0.2646929853288623 -0.8483809529767903 -0.4584619745888288
vn 0.37854481193122397 0.783153610913328 0.4933297549037253
vn -0.37854481193122397 -0.783153610913328 -0.4933297549037253
vn 0.2149589910738281 0.9762129594627577 0.028299998824842573
vn -0.2149589910738281 -0.9762129594627577 -0.028299998824842573
vn 0.32279182383059996 0.9455154839680462 0.042495976807062054
vn -0.32279182383059996 -0.9455154839680462 -0.042495976807062054
vn 0.42653185909010527 0.9027277017731203 0.056153981448861454
vn -0.42653185909010527 -0.9027277017731203 -0.056153981448861454
vn 0.52485703584485 0.8483810579397622 0.06909900471908213
vn -0.52485703584485 -0.8483810579397622 -0.06909900471908213
vn 0.6165086017287903 0.7831534940743916 0.081164947566568
vn -0.6165086017287903 -0.7831534940743916 -0.081164947566568
vn -0.560384014021929 -0.7078640177121737 0.42999801075941035
vn 0.560384014021929 0.7078640177121737 -0.42999801075941035
vn -0.6117160668520057 -0.7078640773596377 0.35317403859698004
vn 0.6117160668520057 0.7078640773596377 -0.35317403859698004
vn -0.6525810590843654 -0.7078640640896613 0.27030802447355445
vn 0.6525810590843654 0.7078640640896613 -0.27030802447355445
vn -0.682280296535456 -0.7078643076548836 0.18281607945627296
vn 0.682280296535456 0.7078643076548836 -0.18281607945627296
vn -0.7003059219365529 -0.7078639210940592 0.09219698972275601
vn 0.7003059219365529 0.7078639210940592 -0.09219698972275601
vn -0.10796899745786998 -0.9941479765927862 0.0035349999167684277
vn 0.10796899745786998 0.9941479765927862 -0.0035349999167684277
vn -0.7065390045794325 -0.707296004584339 0.023130000149917097
vn 0.7065390045794325 0.707296004584339 -0.023130000149917097
vn 0.42999801075941035 -0.7078640177121737 0.560384014021929
vn -0.42999801075941035 0.7078640177121737 -0.560384014021929
vn 0.3109139352563771 -0.7831538369188031 0.5385188878607233
vn -0.3109139352563771 0.7831538369188031 -0.5385188878607233
vn 0.2025870138112688 -0.8483810578379564 0.4890890333434014
vn -0.2025870138112688 0.8483810578379564 -0.4890890333434014
vn 0.11134698373209552 -0.9027278681105654 0.41555293928730447
vn -0.11134698373209552 0.9027278681105654 -0.41555293928730447
vn 0.042495976807062054 -0.9455154839680462 0.32279182383059996
vn -0.042495976807062054 0.9455154839680462 -0.32279182383059996
vn 0.007105000535553647 -0.9761390735784378 0.21703001635907218
vn -0.007105000535553647 0.9761390735784378 -0.21703001635907218
vn 0.21703001635907218 -0.9761390735784378 0.007105000535553647
vn -0.21703001635907218 0.9761390735784378 -0.007105000535553647
vn 0.3258710162640599 -0.9453540471821489 0.010668000532434585
vn -0.3258710162640599 0.9453540471821489 -0.010668000532434585
vn 0.4305458334171133 -0.9024586508288885 0.01409499454649262
vn -0.4305458334171133 0.9024586508288885 -0.01409499454649262
vn 0.5297151855301276 -0.8479982970072155 0.017341006073601735
vn -0.5297151855301276 0.8479982970072155 -0.017341006073601735
vn 0.6221082472333319 -0.7826663110410458 0.020366008093697617
vn -0.6221082472333319 0.7826663110410458 -0.020366008093697617
vn 0.7065390045794325 -0.707296004584339 0.023130000149917097
vn -0.7065390045794325 0.707296004584339 -0.023130000149917097
vn -0.49946399573257966 -0.7078639939520102 0.49946399573257966
vn 0.49946399573257966 0.7078639939520102 -0.49946399573257966
vn -0.21703001635907218 0.9761390735784378 0.007105000535553647
vn 0.21703001635907218 -0.9761390735784378 -0.007105000535553647
vn -0.3258710162640599 0.9453540471821489 0.010668000532434585
vn 0.3258710162640599 -0.9453540471821489 -0.010668000532434585
vn -0.4305458334171133 0.9024586508288885 0.01409499454649262
vn 0.4305458334171133 -0.9024586508288885 -0.01409499454649262
vn -0.5297151855301276 0.8479982970072155 0.017341006073601735
vn 0.5297151855301276 -0.8479982970072155 -0.017341006073601735
vn -0.6221082472333319 0.7826663110410458 0.020366008093697617
vn 0.6221082472333319 -0.7826663110410458 -0.020366008093697617
vn -0.37854481193122397 0.783153610913328 0.4933297549037253
vn 0.37854481193122397 -0.783153610913328 -0.4933297549037253
vn -0.2646929853288623 0.8483809529767903 0.4584619745888288
vn 0.2646929853288623 -0.8483809529767903 -0.4584619745888288
vn -0.1646349216803876 0.9027275705572505 0.39746481091927754
vn 0.1646349216803876 -0.9027275705572505 -0.39746481091927754
vn -0.08426596535401333 0.9455156112508637 0.31448287070023706
vn 0.08426596535401333 -0.9455156112508637 -0.31448287070023706
vn -0.028299998824842573 0.9762129594627577 0.2149589910738281
vn 0.028299998824842573 -0.9762129594627577 -0.2149589910738281
vn -0.0035349999167684277 0.9941479765927862 0.10796899745786998
vn 0.0035349999167684277 -0.9941479765927862 -0.10796899745786998
vn 0.49946399573257966 0.7078639939520102 0.49946399573257966
vn -0.49946399573257966 -0.7078639939520102 -0.49946399573257966
vn 0.560384014021929 0.7078640177121737 0.42999801075941035
vn -0.560384014021929 -0.7078640177121737 -0.42999801075941035
vn 0.6117160668520057 0.7078640773596377 0.35317403859698004
vn -0.6117160668520057 -0.7078640773596377 -0.35317403859698004
vn 0.6525810590843654 0.7078640640896613 0.27030802447355445
vn -0.6525810590843654 -0.7078640640896613 -0.27030802447355445
vn 0.682280296535456 0.7078643076548836 0.18281607945627296
vn -0.682280296535456 -0.7078643076548836 -0.18281607945627296
vn 0.10693295292480957 0.9941665623371565 0.014077993802432076
vn -0.10693295292480957 -0.9941665623371565 -0.014077993802432076
vn 0.7003059219365529 0.7078639210940592 0.09219698972275601
vn -0.7003059219365529 -0.7078639210940592 -0.09219698972275601
vn 0.5528536674583425 -0.6234626249870321 0.5528536674583425
vn -0.5528536674583425 0.6234626249870321 -0.5528536674583425
vn 0.620285795426987 -0.6234627943791987 0.4759618430256682
vn -0.620285795426987 0.6234627943791987 -0.4759618430256682
vn 0.6771045894299699 -0.6234626219563839 0.39092676295713347
vn -0.6771045894299699 0.6234626219563839 -0.39092676295713347
vn 0.7223379510915825 -0.6234629577862597 0.29920197974148344
vn -0.7223379510915825 0.6234629577862597 -0.29920197974148344
vn 0.7552119858484603 -0.6234629883172389 0.20235799620811473
vn -0.7552119858484603 0.6234629883172389 -0.20235799620811473
vn 0.7751640193911158 -0.6234630155962393 0.10205200255288191
vn -0.7751640193911158 0.6234630155962393 -0.10205200255288191
vn 0.10796899745786998 -0.9941479765927862 0.0035349999167684277
vn -0.10796899745786998 0.9941479765927862 -0.0035349999167684277
vn 0.7819226454614964 -0.6228497175881679 0.02559698839384175
vn -0.7819226454614964 0.6228497175881679 -0.02559698839384175
vn -0.007105000535553647 -0.9761390735784378 0.21703001635907218
vn 0.007105000535553647 0.9761390735784378 -0.21703001635907218
vn -0.042495976807062054 -0.9455154839680462 0.32279182383059996
vn 0.042495976807062054 0.9455154839680462 -0.32279182383059996
vn -0.11134698373209552 -0.9027278681105654 0.41555293928730447
vn 0.11134698373209552 0.9027278681105654 -0.41555293928730447
vn -0.2025870138112688 -0.8483810578379564 0.4890890333434014
vn 0.2025870138112688 0.8483810578379564 -0.4890890333434014
vn -0.3109139352563771 -0.7831538369188031 0.5385188878607233
vn 0.3109139352563771 0.7831538369188031 -0.5385188878607233
vn -0.42999801075941035 -0.7078640177121737 0.560384014021929
vn 0.42999801075941035 0.7078640177121737 -0.560384014021929
vn -0.560384014021929 0.7078640177121737 0.42999801075941035
vn 0.560384014021929 -0.7078640177121737 -0.42999801075941035
vn -0.6117160668520057 0.7078640773596377 0.35317403859698004
vn 0.6117160668520057 -0.7078640773596377 -0.35317403859698004
vn -0.6525810590843654 0.7078640640896613 0.27030802447355445
vn 0.6525810590843654 -0.7078640640896613 -0.27030802447355445
vn -0.682280296535456 0.7078643076548836 0.18281607945627296
vn 0.682280296535456 -0.7078643076548836 -0.18281607945627296
vn -0.7003059219365529 0.7078639210940592 0.09219698972275601
vn 0.7003059219365529 -0.7078639210940592 -0.09219698972275601
vn -0.10796899745786998 0.9941479765927862 0.0035349999167684277
vn 0.10796899745786998 -0.9941479765927862 -0.0035349999167684277
vn -0.7065390045794325 0.707296004584339 0.023130000149917097
vn 0.7065390045794325 -0.707296004584339 -0.023130000149917097
vn -0.49946399573257966 0.7078639939520102 0.49946399573257966
vn 0.49946399573257966 -0.7078639939520102 -0.49946399573257966
vn 0.007105000535553647 0.9761390735784378 0.21703001635907218
vn -0.007105000535553647 -0.9761390735784378 -0.21703001635907218
vn 0.042495976807062054 0.9455154839680462 0.32279182383059996
vn -0.042495976807062054 -0.9455154839680462 -0.32279182383059996
vn 0.11134698373209552 0.9027278681105654 0.41555293928730447
vn -0.11134698373209552 -0.9027278681105654 -0.41555293928730447
vn 0.2025870138112688 0.8483810578379564 0.4890890333434014
vn -0.2025870138112688 -0.8483810578379564 -0.4890890333434014
vn 0.3109139352563771 0.7831538369188031 0.5385188878607233
vn -0.3109139352563771 -0.7831538369188031 -0.5385188878607233
vn 0.42999801075941035 0.7078640177121737 0.560384014021929
vn -0.42999801075941035 -0.7078640177121737 -0.560384014021929
vn 0.21703001635907218 0.9761390735784378 0.007105000535553647
vn -0.21703001635907218 -0.9761390735784378 -0.007105000535553647
vn 0.3258710162640599 0.9453540471821489 0.010668000532434585
vn -0.3258710162640599 -0.9453540471821489 -0.010668000532434585
vn 0.4305458334171133 0.9024586508288885 0.01409499454649262
vn -0.4305458334171133 -0.9024586508288885 -0.01409499454649262
vn 0.5297151855301276 0.8479982970072155 0.017341006073601735
vn -0.5297151855301276 -0.8479982970072155 -0.017341006073601735
vn 0.6221082472333319 0.7826663110410458 0.020366008093697617
vn -0.6221082472333319 -0.7826663110410458 -0.020366008093697617
vn 0.7065390045794325 0.707296004584339 0.023130000149917097
vn -0.7065390045794325 -0.707296004584339 -0.023130000149917097
vn -0.620285795426987 -0.6234627943791987 0.4759618430256682
vn 0.620285795426987 0.6234627943791987 -0.4759618430256682
vn -0.6771045894299699 -0.6234626219563839 0.39092676295713347
vn 0.6771045894299699 0.6234626219563839 -0.39092676295713347
vn -0.7223379510915825 -0.6234629577862597 0.29920197974148344
vn 0.7223379510915825 0.6234629577862597 -0.29920197974148344
vn -0.7552119858484603 -0.6234629883172389 0.20235799620811473
vn 0.7552119858484603 0.6234629883172389 -0.20235799620811473
vn -0.7751640193911158 -0.6234630155962393 0.10205200255288191
vn 0.7751640193911158 0.6234630155962393 -0.10205200255288191
vn -0.7819226454614964 -0.6228497175881679 0.02559698839384175
vn 0.7819226454614964 0.6228497175881679 -0.02559698839384175
vn 0.4759618430256683 -0.6234627943791988 0.6202857954269871
vn -0.4759618430256683 0.6234627943791988 -0.6202857954269871
vn 0.35317403859698004 -0.7078640773596377 0.6117160668520057
vn -0.35317403859698004 0.7078640773596377 -0.6117160668520057
vn 0.2379630079573642 -0.7831540261882797 0.5744940192107931
vn -0.2379630079573642 0.7831540261882797 -0.5744940192107931
vn 0.13701498571687354 -0.8483809115605365 0.5113479466945361
vn -0.13701498571687354 0.8483809115605365 -0.5113479466945361
vn 0.056153981448861454 -0.9027277017731203 0.42653185909010527
vn -0.056153981448861454 0.9027277017731203 -0.42653185909010527
vn 0.010668000532434585 -0.9453540471821489 0.3258710162640599
vn -0.010668000532434585 0.9453540471821489 -0.3258710162640599
vn -0.5528536674583425 -0.6234626249870321 0.5528536674583425
vn 0.5528536674583425 0.6234626249870321 -0.5528536674583425
vn -0.42999801075941035 0.7078640177121737 0.560384014021929
vn 0.42999801075941035 -0.7078640177121737 -0.560384014021929
vn -0.3109139352563771 0.7831538369188031 0.5385188878607233
vn 0.3109139352563771 -0.7831538369188031 -0.5385188878607233
vn -0.2025870138112688 0.8483810578379564 0.4890890333434014
vn 0.2025870138112688 -0.8483810578379564 -0.4890890333434014
vn -0.11134698373209552 0.9027278681105654 0.41555293928730447
vn 0.11134698373209552 -0.9027278681105654 -0.41555293928730447
vn -0.042495976807062054 0.9455154839680462 0.32279182383059996
vn 0.042495976807062054 -0.9455154839680462 -0.32279182383059996
vn -0.007105000535553647 0.9761390735784378 0.21703001635907218
vn 0.007105000535553647 -0.9761390735784378 -0.21703001635907218
vn 0.5528536674583425 0.6234626249870321 0.5528536674583425
vn -0.5528536674583425 -0.6234626249870321 -0.5528536674583425
vn 0.620285795426987 0.6234627943791987 0.4759618430256682
vn -0.620285795426987 -0.6234627943791987 -0.4759618430256682
vn 0.6771045894299699 0.6234626219563839 0.39092676295713347
vn -0.6771045894299699 -0.6234626219563839 -0.39092676295713347
vn 0.7223379510915825 0.6234629577862597 0.29920197974148344
vn -0.7223379510915825 -0.6234629577862597 -0.29920197974148344
vn 0.7552119858484603 0.6234629883172389 0.20235799620811473
vn -0.7552119858484603 -0.6234629883172389 -0.20235799620811473
vn 0.10796899745786998 0.9941479765927862 0.0035349999167684277
vn -0.10796899745786998 -0.9941479765927862 -0.0035349999167684277
vn 0.7751640193911158 0.6234630155962393 0.10205200255288191
vn -0.7751640193911158 -0.6234630155962393 -0.10205200255288191
vn 0.5158400177900329 -0.5310200183135533 0.6722550231843956
vn -0.5158400177900329 0.5310200183135533 -0.6722550231843956
vn 0.6722550231843956 -0.5310200183135533 0.5158400177900329
vn -0.6722550231843956 0.5310200183135533 -0.5158400177900329
vn 0.7338347101261737 -0.5310197902405865 0.42367983264120307
vn -0.7338347101261737 0.5310197902405865 -0.42367983264120307
vn 0.7828580307412697 -0.5310200208520945 0.3242700127334351
vn -0.7828580307412697 0.5310200208520945 -0.3242700127334351
vn 0.8184860963501426 -0.5310200625103578 0.21931302581698262
vn -0.8184860963501426 0.5310200625103578 -0.21931302581698262
vn 0.8401099680300358 -0.5310199797923005 0.11060299579105838
vn -0.8401099680300358 0.5310199797923005 -0.11060299579105838
vn 0.8472891794817097 -0.5304071123564158 0.02773700587554445
vn -0.8472891794817097 0.5304071123564158 -0.02773700587554445
vn -0.010668000532434585 -0.9453540471821489 0.3258710162640599
vn 0.010668000532434585 0.9453540471821489 -0.3258710162640599
vn -0.056153981448861454 -0.9027277017731203 0.42653185909010527
vn 0.056153981448861454 0.9027277017731203 -0.42653185909010527
vn -0.13701498571687354 -0.8483809115605365 0.5113479466945361
vn 0.13701498571687354 0.8483809115605365 -0.5113479466945361
vn -0.2379630079573642 -0.7831540261882797 0.5744940192107931
vn 0.2379630079573642 0.7831540261882797 -0.5744940192107931
vn -0.35317403859698004 -0.7078640773596377 0.6117160668520057
vn 0.35317403859698004 0.7078640773596377 -0.6117160668520057
vn -0.4759618430256683 -0.6234627943791988 0.6202857954269871
vn 0.4759618430256683 0.6234627943791988 -0.6202857954269871
vn -0.620285795426987 0.6234627943791987 0.4759618430256682
vn 0.620285795426987 -0.6234627943791987 -0.4759618430256682
vn -0.6771045894299699 0.6234626219563839 0.39092676295713347
vn 0.6771045894299699 -0.6234626219563839 -0.39092676295713347
vn -0.7223379510915825 0.6234629577862597 0.29920197974148344
vn 0.7223379510915825 -0.6234629577862597 -0.29920197974148344
vn -0.7552119858484603 0.6234629883172389 0.20235799620811473
vn 0.7552119858484603 -0.6234629883172389 -0.20235799620811473
vn -0.7751640193911158 0.6234630155962393 0.10205200255288191
vn 0.7751640193911158 -0.6234630155962393 -0.10205200255288191
vn -0.7819226454614964 0.6228497175881679 0.02559698839384175
vn 0.7819226454614964 -0.6228497175881679 -0.02559698839384175
vn -0.5528536674583425 0.6234626249870321 0.5528536674583425
vn 0.5528536674583425 -0.6234626249870321 -0.5528536674583425
vn 0.010668000532434585 0.9453540471821489 0.3258710162640599
vn -0.010668000532434585 -0.9453540471821489 -0.3258710162640599
vn 0.056153981448861454 0.9027277017731203 0.42653185909010527
vn -0.056153981448861454 -0.9027277017731203 -0.42653185909010527
vn 0.13701498571687354 0.8483809115605365 0.5113479466945361
vn -0.13701498571687354 -0.8483809115605365 -0.5113479466945361
vn 0.2379630079573642 0.7831540261882797 0.5744940192107931
vn -0.2379630079573642 -0.7831540261882797 -0.5744940192107931
vn 0.35317403859698004 0.7078640773596377 0.6117160668520057
vn -0.35317403859698004 -0.7078640773596377 -0.6117160668520057
vn 0.4759618430256683 0.6234627943791988 0.6202857954269871
vn -0.4759618430256683 -0.6234627943791988 -0.6202857954269871
vn 0.7819226454614964 0.6228497175881679 0.02559698839384175
vn -0.7819226454614964 -0.6228497175881679 -0.02559698839384175
vn -0.5991733570301339 -0.5310203164197014 0.5991733570301339
vn 0.5991733570301339 0.5310203164197014 -0.5991733570301339
vn -0.6722550231843956 -0.5310200183135533 0.5158400177900329
vn 0.6722550231843956 0.5310200183135533 -0.5158400177900329
vn -0.7338347101261737 -0.5310197902405865 0.42367983264120307
vn 0.7338347101261737 0.5310197902405865 -0.42367983264120307
vn -0.7828580307412697 -0.5310200208520945 0.3242700127334351
vn 0.7828580307412697 0.5310200208520945 -0.3242700127334351
vn -0.8184860963501426 -0.5310200625103578 0.21931302581698262
vn 0.8184860963501426 0.5310200625103578 -0.21931302581698262
vn -0.8401099680300358 -0.5310199797923005 0.11060299579105838
vn 0.8401099680300358 0.5310199797923005 -0.11060299579105838
vn -0.8472891794817097 -0.5304071123564158 0.02773700587554445
vn 0.8472891794817097 0.5304071123564158 -0.02773700587554445
vn 0.5991733570301339 -0.5310203164197014 0.5991733570301339
vn -0.5991733570301339 0.5310203164197014 -0.5991733570301339
vn 0.42367983264120307 -0.5310197902405865 0.7338347101261737
vn -0.42367983264120307 0.5310197902405865 -0.7338347101261737
vn 0.39092676295713347 -0.6234626219563839 0.6771045894299699
vn -0.39092676295713347 0.6234626219563839 -0.6771045894299699
vn 0.27030802447355445 -0.7078640640896613 0.6525810590843654
vn -0.27030802447355445 0.7078640640896613 -0.6525810590843654
vn 0.16094095149264598 -0.783153763958666 0.6006398189680868
vn -0.16094095149264598 0.783153763958666 -0.6006398189680868
vn 0.06909900471908213 -0.8483810579397622 0.52485703584485
vn -0.06909900471908213 0.8483810579397622 -0.52485703584485
vn 0.01409499454649262 -0.9024586508288885 0.4305458334171133
vn -0.01409499454649262 0.9024586508288885 -0.4305458334171133
vn -0.5158400177900329 -0.5310200183135533 0.6722550231843956
vn 0.5158400177900329 0.5310200183135533 -0.6722550231843956
vn -0.4759618430256683 0.6234627943791988 0.6202857954269871
vn 0.4759618430256683 -0.6234627943791988 -0.6202857954269871
vn -0.35317403859698004 0.7078640773596377 0.6117160668520057
vn 0.35317403859698004 -0.7078640773596377 -0.6117160668520057
vn -0.2379630079573642 0.7831540261882797 0.5744940192107931
vn 0.2379630079573642 -0.7831540261882797 -0.5744940192107931
vn -0.13701498571687354 0.8483809115605365 0.5113479466945361
vn 0.13701498571687354 -0.8483809115605365 -0.5113479466945361
vn -0.056153981448861454 0.9027277017731203 0.42653185909010527
vn 0.056153981448861454 -0.9027277017731203 -0.42653185909010527
vn -0.010668000532434585 0.9453540471821489 0.3258710162640599
vn 0.010668000532434585 -0.9453540471821489 -0.3258710162640599
vn 0.5158400177900329 0.5310200183135533 0.6722550231843956
vn -0.5158400177900329 -0.5310200183135533 -0.6722550231843956
vn 0.5991733570301339 0.5310203164197014 0.5991733570301339
vn -0.5991733570301339 -0.5310203164197014 -0.5991733570301339
vn 0.6722550231843956 0.5310200183135533 0.5158400177900329
vn -0.6722550231843956 -0.5310200183135533 -0.5158400177900329
vn 0.7338347101261737 0.5310197902405865 0.42367983264120307
vn -0.7338347101261737 -0.5310197902405865 -0.42367983264120307
vn 0.7828580307412697 0.5310200208520945 0.3242700127334351
vn -0.7828580307412697 -0.5310200208520945 -0.3242700127334351
vn 0.8184860963501426 0.5310200625103578 0.21931302581698262
vn -0.8184860963501426 -0.5310200625103578 -0.21931302581698262
vn 0.8401099680300358 0.5310199797923005 0.11060299579105838
vn -0.8401099680300358 -0.5310199797923005 -0.11060299579105838
vn 0.5491080828337841 -0.4317170651251717 0.7156121079511679
vn -0.5491080828337841 0.4317170651251717 -0.7156121079511679
vn 0.4510048397392922 -0.4317168465931154 0.7811627224205158
vn -0.4510048397392922 0.4317168465931154 -0.7811627224205158
vn 0.29920197974148344 -0.6234629577862597 0.7223379510915825
vn -0.29920197974148344 0.6234629577862597 -0.7223379510915825
vn 0.7156121079511679 -0.4317170651251717 0.5491080828337841
vn -0.7156121079511679 0.4317170651251717 -0.5491080828337841
vn 0.7811627224205158 -0.4317168465931154 0.4510048397392922
vn -0.7811627224205158 0.4317168465931154 -0.4510048397392922
vn 0.8333478120596727 -0.4317169026372724 0.34518392215257737
vn -0.8333478120596727 0.4317169026372724 -0.34518392215257737
vn 0.871273946846192 -0.43171697366224343 0.23345698575749013
vn -0.871273946846192 0.43171697366224343 -0.23345698575749013
vn 0.8942922168439787 -0.4317171046808336 0.11773602854810586
vn -0.8942922168439787 0.4317171046808336 -0.11773602854810586
vn 0.9017961707984075 -0.4311520816593497 0.029522005591409346
vn -0.9017961707984075 0.4311520816593497 -0.029522005591409346
vn -0.01409499454649262 -0.9024586508288885 0.4305458334171133
vn 0.01409499454649262 0.9024586508288885 -0.4305458334171133
vn -0.06909900471908213 -0.8483810579397622 0.52485703584485
vn 0.06909900471908213 0.8483810579397622 -0.52485703584485
vn -0.16094095149264598 -0.783153763958666 0.6006398189680868
vn 0.16094095149264598 0.783153763958666 -0.6006398189680868
vn -0.27030802447355445 -0.7078640640896613 0.6525810590843654
vn 0.27030802447355445 0.7078640640896613 -0.6525810590843654
vn -0.39092676295713347 -0.6234626219563839 0.6771045894299699
vn 0.39092676295713347 0.6234626219563839 -0.6771045894299699
vn -0.42367983264120307 -0.5310197902405865 0.7338347101261737
vn 0.42367983264120307 0.5310197902405865 -0.7338347101261737
vn -0.6722550231843956 0.5310200183135533 0.5158400177900329
vn 0.6722550231843956 -0.5310200183135533 -0.5158400177900329
vn -0.7338347101261737 0.5310197902405865 0.42367983264120307
vn 0.7338347101261737 -0.5310197902405865 -0.42367983264120307
vn -0.7828580307412697 0.5310200208520945 0.3242700127334351
vn 0.7828580307412697 -0.5310200208520945 -0.3242700127334351
vn -0.8184860963501426 0.5310200625103578 0.21931302581698262
vn 0.8184860963501426 -0.5310200625103578 -0.21931302581698262
vn -0.8401099680300358 0.5310199797923005 0.11060299579105838
vn 0.8401099680300358 -0.5310199797923005 -0.11060299579105838
vn -0.8472891794817097 0.5304071123564158 0.02773700587554445
vn 0.8472891794817097 -0.5304071123564158 -0.02773700587554445
vn -0.5158400177900329 0.5310200183135533 0.6722550231843956
vn 0.5158400177900329 -0.5310200183135533 -0.6722550231843956
vn 0.01409499454649262 0.9024586508288885 0.4305458334171133
vn -0.01409499454649262 -0.9024586508288885 -0.4305458334171133
vn 0.06909900471908213 0.8483810579397622 0.52485703584485
vn -0.06909900471908213 -0.8483810579397622 -0.52485703584485
vn 0.16094095149264598 0.783153763958666 0.6006398189680868
vn -0.16094095149264598 -0.783153763958666 -0.6006398189680868
vn 0.27030802447355445 0.7078640640896613 0.6525810590843654
vn -0.27030802447355445 -0.7078640640896613 -0.6525810590843654
vn 0.39092676295713347 0.6234626219563839 0.6771045894299699
vn -0.39092676295713347 -0.6234626219563839 -0.6771045894299699
vn 0.42367983264120307 0.5310197902405865 0.7338347101261737
vn -0.42367983264120307 -0.5310197902405865 -0.7338347101261737
vn 0.8472891794817097 0.5304071123564158 0.02773700587554445
vn -0.8472891794817097 -0.5304071123564158 -0.02773700587554445
vn -0.6378168025743634 -0.4317168663691881 0.6378168025743634
vn 0.6378168025743634 0.4317168663691881 -0.6378168025743634
vn -0.5491080828337841 -0.4317170651251717 0.7156121079511679
vn 0.5491080828337841 0.4317170651251717 -0.7156121079511679
vn -0.7156121079511679 -0.4317170651251717 0.5491080828337841
vn 0.7156121079511679 0.4317170651251717 -0.5491080828337841
vn -0.7811627224205158 -0.4317168465931154 0.4510048397392922
vn 0.7811627224205158 0.4317168465931154 -0.4510048397392922
vn -0.8333478120596727 -0.4317169026372724 0.34518392215257737
vn 0.8333478120596727 0.4317169026372724 -0.34518392215257737
vn -0.871273946846192 -0.43171697366224343 0.23345698575749013
vn 0.871273946846192 0.43171697366224343 -0.23345698575749013
vn -0.8942922168439787 -0.4317171046808336 0.11773602854810586
vn 0.8942922168439787 0.4317171046808336 -0.11773602854810586
vn -0.9017961707984075 -0.4311520816593497 0.029522005591409346
vn 0.9017961707984075 0.4311520816593497 -0.029522005591409346
vn 0.6378168025743634 -0.4317168663691881 0.6378168025743634
vn -0.6378168025743634 0.4317168663691881 -0.6378168025743634
vn 0.3242700127334351 -0.5310200208520945 0.7828580307412697
vn -0.3242700127334351 0.5310200208520945 -0.7828580307412697
vn 0.34518392215257737 -0.4317169026372724 0.8333478120596727
vn -0.34518392215257737 0.4317169026372724 -0.8333478120596727
vn 0.20235799620811473 -0.6234629883172389 0.7552119858484603
vn -0.20235799620811473 0.6234629883172389 -0.7552119858484603
vn 0.18281607945627296 -0.7078643076548836 0.682280296535456
vn -0.18281607945627296 0.7078643076548836 -0.682280296535456
vn 0.081164947566568 -0.7831534940743916 0.6165086017287903
vn -0.081164947566568 0.7831534940743916 -0.6165086017287903
vn 0.017341006073601735 -0.8479982970072155 0.5297151855301276
vn -0.017341006073601735 0.8479982970072155 -0.5297151855301276
vn 0.9017961707984075 0.4311520816593497 0.029522005591409346
vn -0.9017961707984075 -0.4311520816593497 -0.029522005591409346
vn -0.29920197974148344 -0.6234629577862597 0.7223379510915825
vn 0.29920197974148344 0.6234629577862597 -0.7223379510915825
vn -0.4510048397392922 -0.4317168465931154 0.7811627224205158
vn 0.4510048397392922 0.4317168465931154 -0.7811627224205158
vn -0.5991733570301339 0.5310203164197014 0.5991733570301339
vn 0.5991733570301339 -0.5310203164197014 -0.5991733570301339
vn -0.42367983264120307 0.5310197902405865 0.7338347101261737
vn 0.42367983264120307 -0.5310197902405865 -0.7338347101261737
vn -0.39092676295713347 0.6234626219563839 0.6771045894299699
vn 0.39092676295713347 -0.6234626219563839 -0.6771045894299699
vn -0.27030802447355445 0.7078640640896613 0.6525810590843654
vn 0.27030802447355445 -0.7078640640896613 -0.6525810590843654
vn -0.16094095149264598 0.783153763958666 0.6006398189680868
vn 0.16094095149264598 -0.783153763958666 -0.6006398189680868
vn -0.06909900471908213 0.8483810579397622 0.52485703584485
vn 0.06909900471908213 -0.8483810579397622 -0.52485703584485
vn -0.01409499454649262 0.9024586508288885 0.4305458334171133
vn 0.01409499454649262 -0.9024586508288885 -0.4305458334171133
vn 0.29920197974148344 0.6234629577862597 0.7223379510915825
vn -0.29920197974148344 -0.6234629577862597 -0.7223379510915825
vn 0.5491080828337841 0.4317170651251717 0.7156121079511679
vn -0.5491080828337841 -0.4317170651251717 -0.7156121079511679
vn 0.4510048397392922 0.4317168465931154 0.7811627224205158
vn -0.4510048397392922 -0.4317168465931154 -0.7811627224205158
vn 0.6378168025743634 0.4317168663691881 0.6378168025743634
vn -0.6378168025743634 -0.4317168663691881 -0.6378168025743634
vn 0.7156121079511679 0.4317170651251717 0.5491080828337841
vn -0.7156121079511679 -0.4317170651251717 -0.5491080828337841
vn 0.7811627224205158 0.4317168465931154 0.4510048397392922
vn -0.7811627224205158 -0.4317168465931154 -0.4510048397392922
vn 0.8333478120596727 0.4317169026372724 0.34518392215257737
vn -0.8333478120596727 -0.4317169026372724 -0.34518392215257737
vn 0.871273946846192 0.43171697366224343 0.23345698575749013
vn -0.871273946846192 -0.43171697366224343 -0.23345698575749013
vn 0.8942922168439787 0.4317171046808336 0.11773602854810586
vn -0.8942922168439787 -0.4317171046808336 -0.11773602854810586
vn 0.5753308005656399 -0.3268268867077671 0.7497857400920667
vn -0.5753308005656399 0.3268268867077671 -0.7497857400920667
vn 0.47254198587524776 -0.3268269902308146 0.818466975535204
vn -0.47254198587524776 0.3268269902308146 -0.818466975535204
vn 0.36166798645752335 -0.3268269877621271 0.8731439673055614
vn -0.36166798645752335 0.3268269877621271 -0.8731439673055614
vn 0.21931302581698262 -0.5310200625103578 0.8184860963501426
vn -0.21931302581698262 0.5310200625103578 -0.8184860963501426
vn 0.7497857400920667 -0.3268268867077671 0.5753308005656399
vn -0.7497857400920667 0.3268268867077671 -0.5753308005656399
vn 0.818466975535204 -0.3268269902308146 0.47254198587524776
vn -0.818466975535204 0.3268269902308146 -0.47254198587524776
vn 0.8731439673055614 -0.3268269877621271 0.36166798645752335
vn -0.8731439673055614 0.3268269877621271 -0.36166798645752335
vn 0.9128811354140591 -0.3268270484805475 0.2446060362841283
vn -0.9128811354140591 0.3268270484805475 -0.2446060362841283
vn 0.9369989015710816 -0.3268269656678095 0.12335798704161421
vn -0.9369989015710816 0.3268269656678095 -0.12335798704161421
vn 0.9447404250232246 -0.3263571468227285 0.030928013914006278
vn -0.9447404250232246 0.3263571468227285 -0.030928013914006278
vn 0.9447404250232246 0.3263571468227285 0.030928013914006278
vn -0.9447404250232246 -0.3263571468227285 -0.030928013914006278
vn -0.017341006073601735 -0.8479982970072155 0.5297151855301276
vn 0.017341006073601735 0.8479982970072155 -0.5297151855301276
vn -0.081164947566568 -0.7831534940743916 0.6165086017287903
vn 0.081164947566568 0.7831534940743916 -0.6165086017287903
vn -0.18281607945627296 -0.7078643076548836 0.682280296535456
vn 0.18281607945627296 0.7078643076548836 -0.682280296535456
vn -0.20235799620811473 -0.6234629883172389 0.7552119858484603
vn 0.20235799620811473 0.6234629883172389 -0.7552119858484603
vn -0.3242700127334351 -0.5310200208520945 0.7828580307412697
vn 0.3242700127334351 0.5310200208520945 -0.7828580307412697
vn -0.34518392215257737 -0.4317169026372724 0.8333478120596727
vn 0.34518392215257737 0.4317169026372724 -0.8333478120596727
vn -0.7156121079511679 0.4317170651251717 0.5491080828337841
vn 0.7156121079511679 -0.4317170651251717 -0.5491080828337841
vn -0.7811627224205158 0.4317168465931154 0.4510048397392922
vn 0.7811627224205158 -0.4317168465931154 -0.4510048397392922
vn -0.8333478120596727 0.4317169026372724 0.34518392215257737
vn 0.8333478120596727 -0.4317169026372724 -0.34518392215257737
vn -0.871273946846192 0.43171697366224343 0.23345698575749013
vn 0.871273946846192 -0.43171697366224343 -0.23345698575749013
vn -0.8942922168439787 0.4317171046808336 0.11773602854810586
vn 0.8942922168439787 -0.4317171046808336 -0.11773602854810586
vn -0.9017961707984075 0.4311520816593497 0.029522005591409346
vn 0.9017961707984075 -0.4311520816593497 -0.029522005591409346
vn -0.5491080828337841 0.4317170651251717 0.7156121079511679
vn 0.5491080828337841 -0.4317170651251717 -0.7156121079511679
vn -0.4510048397392922 0.4317168465931154 0.7811627224205158
vn 0.4510048397392922 -0.4317168465931154 -0.7811627224205158
vn -0.29920197974148344 0.6234629577862597 0.7223379510915825
vn 0.29920197974148344 -0.6234629577862597 -0.7223379510915825
vn 0.017341006073601735 0.8479982970072155 0.5297151855301276
vn -0.017341006073601735 -0.8479982970072155 -0.5297151855301276
vn 0.081164947566568 0.7831534940743916 0.6165086017287903
vn -0.081164947566568 -0.7831534940743916 -0.6165086017287903
vn 0.18281607945627296 0.7078643076548836 0.682280296535456
vn -0.18281607945627296 -0.7078643076548836 -0.682280296535456
vn 0.20235799620811473 0.6234629883172389 0.7552119858484603
vn -0.20235799620811473 -0.6234629883172389 -0.7552119858484603
vn 0.3242700127334351 0.5310200208520945 0.7828580307412697
vn -0.3242700127334351 -0.5310200208520945 -0.7828580307412697
vn 0.34518392215257737 0.4317169026372724 0.8333478120596727
vn -0.34518392215257737 -0.4317169026372724 -0.8333478120596727
vn -0.6682754946900242 -0.32682675287314905 0.6682754946900242
vn 0.6682754946900242 0.32682675287314905 -0.6682754946900242
vn -0.5753308005656399 -0.3268268867077671 0.7497857400920667
vn 0.5753308005656399 0.3268268867077671 -0.7497857400920667
vn -0.47254198587524776 -0.3268269902308146 0.818466975535204
vn 0.47254198587524776 0.3268269902308146 -0.818466975535204
vn -0.7497857400920667 -0.3268268867077671 0.5753308005656399
vn 0.7497857400920667 0.3268268867077671 -0.5753308005656399
vn -0.818466975535204 -0.3268269902308146 0.47254198587524776
vn 0.818466975535204 0.3268269902308146 -0.47254198587524776
vn -0.8731439673055614 -0.3268269877621271 0.36166798645752335
vn 0.8731439673055614 0.3268269877621271 -0.36166798645752335
vn -0.9128811354140591 -0.3268270484805475 0.2446060362841283
vn 0.9128811354140591 0.3268270484805475 -0.2446060362841283
vn -0.9369989015710816 -0.3268269656678095 0.12335798704161421
vn 0.9369989015710816 0.3268269656678095 -0.12335798704161421
vn -0.9447404250232246 -0.3263571468227285 0.030928013914006278
vn 0.9447404250232246 0.3263571468227285 -0.030928013914006278
vn 0.6682754946900242 -0.32682675287314905 0.6682754946900242
vn -0.6682754946900242 0.32682675287314905 -0.6682754946900242
vn 0.23345698575749013 -0.43171697366224343 0.871273946846192
vn -0.23345698575749013 0.43171697366224343 -0.871273946846192
vn 0.2446060362841283 -0.3268270484805475 0.9128811354140591
vn -0.2446060362841283 0.3268270484805475 -0.9128811354140591
vn 0.10205200255288191 -0.6234630155962393 0.7751640193911158
vn -0.10205200255288191 0.6234630155962393 -0.7751640193911158
vn 0.11060299579105838 -0.5310199797923005 0.8401099680300358
vn -0.11060299579105838 0.5310199797923005 -0.8401099680300358
vn 0.09219698972275601 -0.7078639210940592 0.7003059219365529
vn -0.09219698972275601 0.7078639210940592 -0.7003059219365529
vn 0.020366008093697617 -0.7826663110410458 0.6221082472333319
vn -0.020366008093697617 0.7826663110410458 -0.6221082472333319
vn 0.9369989015710816 0.3268269656678095 0.12335798704161421
vn -0.9369989015710816 -0.3268269656678095 -0.12335798704161421
vn -0.21931302581698262 -0.5310200625103578 0.8184860963501426
vn 0.21931302581698262 0.5310200625103578 -0.8184860963501426
vn -0.36166798645752335 -0.3268269877621271 0.8731439673055614
vn 0.36166798645752335 0.3268269877621271 -0.8731439673055614
vn -0.6378168025743634 0.4317168663691881 0.6378168025743634
vn 0.6378168025743634 -0.4317168663691881 -0.6378168025743634
vn -0.3242700127334351 0.5310200208520945 0.7828580307412697
vn 0.3242700127334351 -0.5310200208520945 -0.7828580307412697
vn -0.34518392215257737 0.4317169026372724 0.8333478120596727
vn 0.34518392215257737 -0.4317169026372724 -0.8333478120596727
vn -0.20235799620811473 0.6234629883172389 0.7552119858484603
vn 0.20235799620811473 -0.6234629883172389 -0.7552119858484603
vn -0.18281607945627296 0.7078643076548836 0.682280296535456
vn 0.18281607945627296 -0.7078643076548836 -0.682280296535456
vn -0.081164947566568 0.7831534940743916 0.6165086017287903
vn 0.081164947566568 -0.7831534940743916 -0.6165086017287903
vn -0.017341006073601735 0.8479982970072155 0.5297151855301276
vn 0.017341006073601735 -0.8479982970072155 -0.5297151855301276
vn 0.21931302581698262 0.5310200625103578 0.8184860963501426
vn -0.21931302581698262 -0.5310200625103578 -0.8184860963501426
vn 0.5753308005656399 0.3268268867077671 0.7497857400920667
vn -0.5753308005656399 -0.3268268867077671 -0.7497857400920667
vn 0.47254198587524776 0.3268269902308146 0.818466975535204
vn -0.47254198587524776 -0.3268269902308146 -0.818466975535204
vn 0.36166798645752335 0.3268269877621271 0.8731439673055614
vn -0.36166798645752335 -0.3268269877621271 -0.8731439673055614
vn 0.6682754946900242 0.32682675287314905 0.6682754946900242
vn -0.6682754946900242 -0.32682675287314905 -0.6682754946900242
vn 0.7497857400920667 0.3268268867077671 0.5753308005656399
vn -0.7497857400920667 -0.3268268867077671 -0.5753308005656399
vn 0.818466975535204 0.3268269902308146 0.47254198587524776
vn -0.818466975535204 -0.3268269902308146 -0.47254198587524776
vn 0.8731439673055614 0.3268269877621271 0.36166798645752335
vn -0.8731439673055614 -0.3268269877621271 -0.36166798645752335
vn 0.9128811354140591 0.3268270484805475 0.2446060362841283
vn -0.9128811354140591 -0.3268270484805475 -0.2446060362841283
vn 0.594160933172644 -0.21770097551441067 0.7743249129089718
vn -0.594160933172644 0.21770097551441067 -0.7743249129089718
vn 0.4880080346532078 -0.21770101545884082 0.8452540600210703
vn -0.4880080346532078 0.21770101545884082 -0.8452540600210703
vn 0.3735049118029883 -0.21770094859351913 0.9017207870735396
vn -0.3735049118029883 0.21770094859351913 -0.9017207870735396
vn 0.2526109273992509 -0.217700937432433 0.942758729049766
vn -0.2526109273992509 0.217700937432433 -0.942758729049766
vn 0.11773602854810586 -0.4317171046808336 0.8942922168439787
vn -0.11773602854810586 0.4317171046808336 -0.8942922168439787
vn 0.7743249129089718 -0.21770097551441067 0.594160933172644
vn -0.7743249129089718 0.21770097551441067 -0.594160933172644
vn 0.8452540600210703 -0.21770101545884082 0.4880080346532078
vn -0.8452540600210703 0.21770101545884082 -0.4880080346532078
vn 0.9017207870735396 -0.21770094859351913 0.3735049118029883
vn -0.9017207870735396 0.21770094859351913 -0.3735049118029883
vn 0.9427587290497661 -0.21770093743243304 0.25261092739925095
vn -0.9427587290497661 0.21770093743243304 -0.25261092739925095
vn 0.9676655385334783 -0.21770089618140634 0.1273959392466109
vn -0.9676655385334783 0.21770089618140634 -0.1273959392466109
vn 0.9755671020043258 -0.21736802272778427 0.03193700333930131
vn -0.9755671020043258 0.21736802272778427 -0.03193700333930131
vn 0.9755671020043258 0.21736802272778427 0.03193700333930131
vn -0.9755671020043258 -0.21736802272778427 -0.03193700333930131
vn 0.9676655385334783 0.21770089618140634 0.1273959392466109
vn -0.9676655385334783 -0.21770089618140634 -0.1273959392466109
vn -0.020366008093697617 -0.7826663110410458 0.6221082472333319
vn 0.020366008093697617 0.7826663110410458 -0.6221082472333319
vn -0.09219698972275601 -0.7078639210940592 0.7003059219365529
vn 0.09219698972275601 0.7078639210940592 -0.7003059219365529
vn -0.10205200255288191 -0.6234630155962393 0.7751640193911158
vn 0.10205200255288191 0.6234630155962393 -0.7751640193911158
vn -0.11060299579105838 -0.5310199797923005 0.8401099680300358
vn 0.11060299579105838 0.5310199797923005 -0.8401099680300358
vn -0.23345698575749013 -0.43171697366224343 0.871273946846192
vn 0.23345698575749013 0.43171697366224343 -0.871273946846192
vn -0.2446060362841283 -0.3268270484805475 0.9128811354140591
vn 0.2446060362841283 0.3268270484805475 -0.9128811354140591
vn -0.7497857400920667 0.3268268867077671 0.5753308005656399
vn 0.7497857400920667 -0.3268268867077671 -0.5753308005656399
vn -0.818466975535204 0.3268269902308146 0.47254198587524776
vn 0.818466975535204 -0.3268269902308146 -0.47254198587524776
vn -0.8731439673055614 0.3268269877621271 0.36166798645752335
vn 0.8731439673055614 -0.3268269877621271 -0.36166798645752335
vn -0.9128811354140591 0.3268270484805475 0.2446060362841283
vn 0.9128811354140591 -0.3268270484805475 -0.2446060362841283
vn -0.9369989015710816 0.3268269656678095 0.12335798704161421
vn 0.9369989015710816 -0.3268269656678095 -0.12335798704161421
vn -0.9447404250232246 0.3263571468227285 0.030928013914006278
vn 0.9447404250232246 -0.3263571468227285 -0.030928013914006278
vn -0.5753308005656399 0.3268268867077671 0.7497857400920667
vn 0.5753308005656399 -0.3268268867077671 -0.7497857400920667
vn -0.47254198587524776 0.3268269902308146 0.818466975535204
vn 0.47254198587524776 -0.3268269902308146 -0.818466975535204
vn -0.36166798645752335 0.3268269877621271 0.8731439673055614
vn 0.36166798645752335 -0.3268269877621271 -0.8731439673055614
vn -0.21931302581698262 0.5310200625103578 0.8184860963501426
vn 0.21931302581698262 -0.5310200625103578 -0.8184860963501426
vn 0.020366008093697617 0.7826663110410458 0.6221082472333319
vn -0.020366008093697617 -0.7826663110410458 -0.6221082472333319
vn 0.09219698972275601 0.7078639210940592 0.7003059219365529
vn -0.09219698972275601 -0.7078639210940592 -0.7003059219365529
vn 0.10205200255288191 0.6234630155962393 0.7751640193911158
vn -0.10205200255288191 -0.6234630155962393 -0.7751640193911158
vn 0.11060299579105838 0.5310199797923005 0.8401099680300358
vn -0.11060299579105838 -0.5310199797923005 -0.8401099680300358
vn 0.23345698575749013 0.43171697366224343 0.871273946846192
vn -0.23345698575749013 -0.43171697366224343 -0.871273946846192
vn 0.2446060362841283 0.3268270484805475 0.9128811354140591
vn -0.2446060362841283 -0.3268270484805475 -0.9128811354140591
vn -0.6901471764640991 -0.2177010556640989 0.6901471764640991
vn 0.6901471764640991 0.2177010556640989 -0.6901471764640991
vn -0.594160933172644 -0.21770097551441067 0.7743249129089718
vn 0.594160933172644 0.21770097551441067 -0.7743249129089718
vn -0.4880080346532078 -0.21770101545884082 0.8452540600210703
vn 0.4880080346532078 0.21770101545884082 -0.8452540600210703
vn -0.3735049118029883 -0.21770094859351913 0.9017207870735396
vn 0.3735049118029883 0.21770094859351913 -0.9017207870735396
vn -0.7743249129089718 -0.21770097551441067 0.594160933172644
vn 0.7743249129089718 0.21770097551441067 -0.594160933172644
vn -0.8452540600210703 -0.21770101545884082 0.4880080346532078
vn 0.8452540600210703 0.21770101545884082 -0.4880080346532078
vn -0.9017207870735396 -0.21770094859351913 0.3735049118029883
vn 0.9017207870735396 0.21770094859351913 -0.3735049118029883
vn -0.9427587290497661 -0.21770093743243304 0.25261092739925095
vn 0.9427587290497661 0.21770093743243304 -0.25261092739925095
vn -0.9676655385334783 -0.21770089618140634 0.1273959392466109
vn 0.9676655385334783 0.21770089618140634 -0.1273959392466109
vn -0.9755671020043258 -0.21736802272778427 0.03193700333930131
vn 0.9755671020043258 0.21736802272778427 -0.03193700333930131
vn 0.6901471764640991 -0.2177010556640989 0.6901471764640991
vn -0.6901471764640991 0.2177010556640989 -0.6901471764640991
vn 0.12335798704161421 -0.3268269656678095 0.9369989015710816
vn -0.12335798704161421 0.3268269656678095 -0.9369989015710816
vn 0.12739593924661088 -0.2177008961814063 0.967665538533478
vn -0.12739593924661088 0.2177008961814063 -0.967665538533478
vn 0.02559698839384175 -0.6228497175881679 0.7819226454614964
vn -0.02559698839384175 0.6228497175881679 -0.7819226454614964
vn 0.027737005875544448 -0.5304071123564157 0.8472891794817095
vn -0.027737005875544448 0.5304071123564157 -0.8472891794817095
vn 0.029522005591409346 -0.4311520816593497 0.9017961707984075
vn -0.029522005591409346 0.4311520816593497 -0.9017961707984075
vn 0.023130000149917097 -0.707296004584339 0.7065390045794325
vn -0.023130000149917097 0.707296004584339 -0.7065390045794325
vn 0.9427587290497661 0.21770093743243304 0.25261092739925095
vn -0.9427587290497661 -0.21770093743243304 -0.25261092739925095
vn -0.11773602854810586 -0.4317171046808336 0.8942922168439787
vn 0.11773602854810586 0.4317171046808336 -0.8942922168439787
vn -0.2526109273992509 -0.217700937432433 0.942758729049766
vn 0.2526109273992509 0.217700937432433 -0.942758729049766
vn -0.6682754946900242 0.32682675287314905 0.6682754946900242
vn 0.6682754946900242 -0.32682675287314905 -0.6682754946900242
vn -0.23345698575749013 0.43171697366224343 0.871273946846192
vn 0.23345698575749013 -0.43171697366224343 -0.871273946846192
vn -0.2446060362841283 0.3268270484805475 0.9128811354140591
vn 0.2446060362841283 -0.3268270484805475 -0.9128811354140591
vn -0.10205200255288191 0.6234630155962393 0.7751640193911158
vn 0.10205200255288191 -0.6234630155962393 -0.7751640193911158
vn -0.11060299579105838 0.5310199797923005 0.8401099680300358
vn 0.11060299579105838 -0.5310199797923005 -0.8401099680300358
vn -0.09219698972275601 0.7078639210940592 0.7003059219365529
vn 0.09219698972275601 -0.7078639210940592 -0.7003059219365529
vn -0.020366008093697617 0.7826663110410458 0.6221082472333319
vn 0.020366008093697617 -0.7826663110410458 -0.6221082472333319
vn 0.11773602854810586 0.4317171046808336 0.8942922168439787
vn -0.11773602854810586 -0.4317171046808336 -0.8942922168439787
vn 0.594160933172644 0.21770097551441067 0.7743249129089718
vn -0.594160933172644 -0.21770097551441067 -0.7743249129089718
vn 0.4880080346532078 0.21770101545884082 0.8452540600210703
vn -0.4880080346532078 -0.21770101545884082 -0.8452540600210703
vn 0.3735049118029883 0.21770094859351913 0.9017207870735396
vn -0.3735049118029883 -0.21770094859351913 -0.9017207870735396
vn 0.2526109273992509 0.217700937432433 0.942758729049766
vn -0.2526109273992509 -0.217700937432433 -0.942758729049766
vn 0.6901471764640991 0.2177010556640989 0.6901471764640991
vn -0.6901471764640991 -0.2177010556640989 -0.6901471764640991
vn 0.7743249129089718 0.21770097551441067 0.594160933172644
vn -0.7743249129089718 -0.21770097551441067 -0.594160933172644
vn 0.8452540600210703 0.21770101545884082 0.4880080346532078
vn -0.8452540600210703 -0.21770101545884082 -0.4880080346532078
vn 0.9017207870735396 0.21770094859351913 0.3735049118029883
vn -0.9017207870735396 -0.21770094859351913 -0.3735049118029883
vn 0.6067481062716367 -0.08126601423370301 0.7907291384958254
vn -0.6067481062716367 0.08126601423370301 -0.7907291384958254
vn 0.49834604724495174 -0.08126600770430233 0.8631610818306955
vn -0.49834604724495174 0.08126600770430233 -0.8631610818306955
vn 0.3814178679424773 -0.08126597186344997 0.9208236811851137
vn -0.3814178679424773 0.08126597186344997 -0.9208236811851137
vn 0.25796299348824026 -0.08126599794860245 0.9627309756977823
vn -0.25796299348824026 0.08126599794860245 -0.9627309756977823
vn 0.130093957384609 -0.08126597337938442 0.9881656763026699
vn -0.130093957384609 0.08126597337938442 -0.9881656763026699
vn 0.030928013914006278 -0.3263571468227285 0.9447404250232246
vn -0.030928013914006278 0.3263571468227285 -0.9447404250232246
vn 0.7907291384958254 -0.08126601423370301 0.6067481062716367
vn -0.7907291384958254 0.08126601423370301 -0.6067481062716367
vn 0.8631610818306955 -0.08126600770430233 0.49834604724495174
vn -0.8631610818306955 0.08126600770430233 -0.49834604724495174
vn 0.9208236811851137 -0.08126597186344997 0.3814178679424773
vn -0.9208236811851137 0.08126597186344997 -0.3814178679424773
vn 0.9627309756977823 -0.08126599794860245 0.25796299348824026
vn -0.9627309756977823 0.08126599794860245 -0.25796299348824026
vn 0.9881656763026699 -0.08126597337938442 0.130093957384609
vn -0.9881656763026699 0.08126597337938442 -0.130093957384609
vn 0.9961693962872227 -0.08113603227681257 0.03261101297302227
vn -0.9961693962872227 0.08113603227681257 -0.03261101297302227
vn 0.9961693962872227 0.08113603227681257 0.03261101297302227
vn -0.9961693962872227 -0.08113603227681257 -0.03261101297302227
vn 0.9881656763026699 0.08126597337938442 0.130093957384609
vn -0.9881656763026699 -0.08126597337938442 -0.130093957384609
vn 0.9627309756977823 0.08126599794860245 0.25796299348824026
vn -0.9627309756977823 -0.08126599794860245 -0.25796299348824026
vn -0.023130000149917097 -0.707296004584339 0.7065390045794325
vn 0.023130000149917097 0.707296004584339 -0.7065390045794325
vn -0.02559698839384175 -0.6228497175881679 0.7819226454614964
vn 0.02559698839384175 0.6228497175881679 -0.7819226454614964
vn -0.027737005875544448 -0.5304071123564157 0.8472891794817095
vn 0.027737005875544448 0.5304071123564157 -0.8472891794817095
vn -0.029522005591409346 -0.4311520816593497 0.9017961707984075
vn 0.029522005591409346 0.4311520816593497 -0.9017961707984075
vn -0.12335798704161421 -0.3268269656678095 0.9369989015710816
vn 0.12335798704161421 0.3268269656678095 -0.9369989015710816
vn -0.12739593924661088 -0.2177008961814063 0.967665538533478
vn 0.12739593924661088 0.2177008961814063 -0.967665538533478
vn -0.7743249129089718 0.21770097551441067 0.594160933172644
vn 0.7743249129089718 -0.21770097551441067 -0.594160933172644
vn -0.8452540600210703 0.21770101545884082 0.4880080346532078
vn 0.8452540600210703 -0.21770101545884082 -0.4880080346532078
vn -0.9017207870735396 0.21770094859351913 0.3735049118029883
vn 0.9017207870735396 -0.21770094859351913 -0.3735049118029883
vn -0.9427587290497661 0.21770093743243304 0.25261092739925095
vn 0.9427587290497661 -0.21770093743243304 -0.25261092739925095
vn -0.9676655385334783 0.21770089618140634 0.1273959392466109
vn 0.9676655385334783 -0.21770089618140634 -0.1273959392466109
vn -0.9755671020043258 0.21736802272778427 0.03193700333930131
vn 0.9755671020043258 -0.21736802272778427 -0.03193700333930131
vn -0.594160933172644 0.21770097551441067 0.7743249129089718
vn 0.594160933172644 -0.21770097551441067 -0.7743249129089718
vn -0.4880080346532078 0.21770101545884082 0.8452540600210703
vn 0.4880080346532078 -0.21770101545884082 -0.8452540600210703
vn -0.3735049118029883 0.21770094859351913 0.9017207870735396
vn 0.3735049118029883 -0.21770094859351913 -0.9017207870735396
vn -0.2526109273992509 0.217700937432433 0.942758729049766
vn 0.2526109273992509 -0.217700937432433 -0.942758729049766
vn -0.11773602854810586 0.4317171046808336 0.8942922168439787
vn 0.11773602854810586 -0.4317171046808336 -0.8942922168439787
vn 0.023130000149917097 0.707296004584339 0.7065390045794325
vn -0.023130000149917097 -0.707296004584339 -0.7065390045794325
vn 0.02559698839384175 0.6228497175881679 0.7819226454614964
vn -0.02559698839384175 -0.6228497175881679 -0.7819226454614964
vn 0.027737005875544448 0.5304071123564157 0.8472891794817095
vn -0.027737005875544448 -0.5304071123564157 -0.8472891794817095
vn 0.029522005591409346 0.4311520816593497 0.9017961707984075
vn -0.029522005591409346 -0.4311520816593497 -0.9017961707984075
vn 0.12335798704161421 0.3268269656678095 0.9369989015710816
vn -0.12335798704161421 -0.3268269656678095 -0.9369989015710816
vn 0.12739593924661088 0.2177008961814063 0.967665538533478
vn -0.12739593924661088 -0.2177008961814063 -0.967665538533478
vn -0.7047679892861172 -0.08126599876459432 0.7047679892861172
vn 0.7047679892861172 0.08126599876459432 -0.7047679892861172
vn -0.6067481062716367 -0.08126601423370301 0.7907291384958254
vn 0.6067481062716367 0.08126601423370301 -0.7907291384958254
vn -0.49834604724495174 -0.08126600770430233 0.8631610818306955
vn 0.49834604724495174 0.08126600770430233 -0.8631610818306955
vn -0.3814178679424773 -0.08126597186344997 0.9208236811851137
vn 0.3814178679424773 0.08126597186344997 -0.9208236811851137
vn -0.25796299348824026 -0.08126599794860245 0.9627309756977823
vn 0.25796299348824026 0.08126599794860245 -0.9627309756977823
vn -0.7907291384958254 -0.08126601423370301 0.6067481062716367
vn 0.7907291384958254 0.08126601423370301 -0.6067481062716367
vn -0.8631610818306955 -0.08126600770430233 0.49834604724495174
vn 0.8631610818306955 0.08126600770430233 -0.49834604724495174
vn -0.9208236811851137 -0.08126597186344997 0.3814178679424773
vn 0.9208236811851137 0.08126597186344997 -0.3814178679424773
vn -0.9627309756977823 -0.08126599794860245 0.25796299348824026
vn 0.9627309756977823 0.08126599794860245 -0.25796299348824026
vn -0.9881656763026699 -0.08126597337938442 0.130093957384609
vn 0.9881656763026699 0.08126597337938442 -0.130093957384609
vn -0.9961693962872227 -0.08113603227681257 0.03261101297302227
vn 0.9961693962872227 0.08113603227681257 -0.03261101297302227
vn 0.7047679892861172 -0.08126599876459432 0.7047679892861172
vn -0.7047679892861172 0.08126599876459432 -0.7047679892861172
vn 0.031937003339301315 -0.21736802272778433 0.9755671020043261
vn -0.031937003339301315 0.21736802272778433 -0.9755671020043261
vn 0.03261101297302227 -0.08113603227681257 0.9961693962872227
vn -0.03261101297302227 0.08113603227681257 -0.9961693962872227
vn 0.9208236811851137 0.08126597186344997 0.3814178679424773
vn -0.9208236811851137 -0.08126597186344997 -0.3814178679424773
vn -0.030928013914006278 -0.3263571468227285 0.9447404250232246
vn 0.030928013914006278 0.3263571468227285 -0.9447404250232246
vn -0.130093957384609 -0.08126597337938442 0.9881656763026699
vn 0.130093957384609 0.08126597337938442 -0.9881656763026699
vn -0.6901471764640991 0.2177010556640989 0.6901471764640991
vn 0.6901471764640991 -0.2177010556640989 -0.6901471764640991
vn -0.12335798704161421 0.3268269656678095 0.9369989015710816
vn 0.12335798704161421 -0.3268269656678095 -0.9369989015710816
vn -0.12739593924661088 0.2177008961814063 0.967665538533478
vn 0.12739593924661088 -0.2177008961814063 -0.967665538533478
vn -0.02559698839384175 0.6228497175881679 0.7819226454614964
vn 0.02559698839384175 -0.6228497175881679 -0.7819226454614964
vn -0.027737005875544448 0.5304071123564157 0.8472891794817095
vn 0.027737005875544448 -0.5304071123564157 -0.8472891794817095
vn -0.029522005591409346 0.4311520816593497 0.9017961707984075
vn 0.029522005591409346 -0.4311520816593497 -0.9017961707984075
vn -0.023130000149917097 0.707296004584339 0.7065390045794325
vn 0.023130000149917097 -0.707296004584339 -0.7065390045794325
vn 0.030928013914006278 0.3263571468227285 0.9447404250232246
vn -0.030928013914006278 -0.3263571468227285 -0.9447404250232246
vn 0.6067481062716367 0.08126601423370301 0.7907291384958254
vn -0.6067481062716367 -0.08126601423370301 -0.7907291384958254
vn 0.49834604724495174 0.08126600770430233 0.8631610818306955
vn -0.49834604724495174 -0.08126600770430233 -0.8631610818306955
vn 0.3814178679424773 0.08126597186344997 0.9208236811851137
vn -0.3814178679424773 -0.08126597186344997 -0.9208236811851137
vn 0.25796299348824026 0.08126599794860245 0.9627309756977823
vn -0.25796299348824026 -0.08126599794860245 -0.9627309756977823
vn 0.130093957384609 0.08126597337938442 0.9881656763026699
vn -0.130093957384609 -0.08126597337938442 -0.9881656763026699
vn 0.7047679892861172 0.08126599876459432 0.7047679892861172
vn -0.7047679892861172 -0.08126599876459432 -0.7047679892861172
vn 0.7907291384958254 0.08126601423370301 0.6067481062716367
vn -0.7907291384958254 -0.08126601423370301 -0.6067481062716367
vn 0.8631610818306955 0.08126600770430233 0.49834604724495174
vn -0.8631610818306955 -0.08126600770430233 -0.49834604724495174
vn 0.03261101297302227 0.08113603227681257 0.9961693962872227
vn -0.03261101297302227 -0.08113603227681257 -0.9961693962872227
vn -0.031937003339301315 -0.21736802272778433 0.9755671020043261
vn 0.031937003339301315 0.21736802272778433 -0.9755671020043261
vn -0.03261101297302227 -0.08113603227681257 0.9961693962872227
vn 0.03261101297302227 0.08113603227681257 -0.9961693962872227
vn -0.7907291384958254 0.08126601423370301 0.6067481062716367
vn 0.7907291384958254 -0.08126601423370301 -0.6067481062716367
vn -0.8631610818306955 0.08126600770430233 0.49834604724495174
vn 0.8631610818306955 -0.08126600770430233 -0.49834604724495174
vn -0.9208236811851137 0.08126597186344997 0.3814178679424773
vn 0.9208236811851137 -0.08126597186344997 -0.3814178679424773
vn -0.9627309756977823 0.08126599794860245 0.25796299348824026
vn 0.9627309756977823 -0.08126599794860245 -0.25796299348824026
vn -0.9881656763026699 0.08126597337938442 0.130093957384609
vn 0.9881656763026699 -0.08126597337938442 -0.130093957384609
vn -0.9961693962872227 0.08113603227681257 0.03261101297302227
vn 0.9961693962872227 -0.08113603227681257 -0.03261101297302227
vn -0.6067481062716367 0.08126601423370301 0.7907291384958254
vn 0.6067481062716367 -0.08126601423370301 -0.7907291384958254
vn -0.49834604724495174 0.08126600770430233 0.8631610818306955
vn 0.49834604724495174 -0.08126600770430233 -0.8631610818306955
vn -0.3814178679424773 0.08126597186344997 0.9208236811851137
vn 0.3814178679424773 -0.08126597186344997 -0.9208236811851137
vn -0.25796299348824026 0.08126599794860245 0.9627309756977823
vn 0.25796299348824026 -0.08126599794860245 -0.9627309756977823
vn -0.130093957384609 0.08126597337938442 0.9881656763026699
vn 0.130093957384609 -0.08126597337938442 -0.9881656763026699
vn -0.030928013914006278 0.3263571468227285 0.9447404250232246
vn 0.030928013914006278 -0.3263571468227285 -0.9447404250232246
vn 0.031937003339301315 0.21736802272778433 0.9755671020043261
vn -0.031937003339301315 -0.21736802272778433 -0.9755671020043261
vn -0.7047679892861172 0.08126599876459432 0.7047679892861172
vn 0.7047679892861172 -0.08126599876459432 -0.7047679892861172
vn -0.03261101297302227 0.08113603227681257 0.9961693962872227
vn 0.03261101297302227 -0.08113603227681257 -0.9961693962872227
vn -0.031937003339301315 0.21736802272778433 0.9755671020043261
vn 0.031937003339301315 -0.21736802272778433 -0.9755671020043261
usemtl material_0_0
f 1//1 2//2 3//1
f 2//2 1//1 4//2
f 3//3 2//4 1//3
f 4//4 1//3 2//4
f 2//5 7//6 3//6
f 3//6 7//6 2//7
f 3//1 8//8 1//1
f 1//3 8//9 3//3
f 1//10 9//10 4//10
f 4//11 9//11 1//11
f 9//12 2//2 4//2
f 4//4 2//4 9//13
f 11//6 2//5 5//5
f 5//5 2//5 10//5
f 5//7 2//7 11//6
f 10//7 2//7 5//7
f 7//6 2//5 11//6
f 11//6 2//7 7//6
f 11//6 3//6 7//6
f 7//6 3//6 11//6
f 8//8 3//1 12//8
f 12//9 3//3 8//9
f 8//10 14//10 1//10
f 1//11 14//11 8//11
f 1//10 14//10 9//10
f 9//11 14//11 1//11
f 2//2 9//12 15//12
f 15//13 9//13 2//4
f 10//14 15//14 5//14
f 5//15 15//15 10//15
f 15//14 10//14 2//14
f 2//15 10//15 15//15
f 5//2 18//1 11//1
f 11//3 18//3 5//4
f 3//6 20//6 12//6
f 12//6 20//6 3//6
f 22//6 3//6 11//6
f 11//6 3//6 22//6
f 12//8 23//16 8//8
f 8//9 23//17 12//9
f 8//10 24//10 14//10
f 14//11 24//11 8//11
f 14//18 15//12 9//12
f 9//13 15//13 14//19
f 5//14 15//14 16//14
f 16//15 15//15 5//15
f 16//12 26//2 5//2
f 5//4 26//4 16//13
f 18//1 5//2 26//2
f 26//4 5//4 18//3
f 27//8 11//1 18//1
f 18//3 11//3 27//9
f 23//16 12//8 19//16
f 19//17 12//9 23//17
f 12//6 29//6 19//6
f 19//6 29//6 12//6
f 20//6 3//6 22//6
f 22//6 3//6 20//6
f 22//6 12//6 20//6
f 20//6 12//6 22//6
f 11//1 27//8 22//8
f 22//9 27//9 11//3
f 23//10 24//10 8//10
f 8//11 24//11 23//11
f 24//20 30//18 14//18
f 14//19 30//19 24//21
f 15//12 14//18 30//18
f 30//19 14//19 15//13
f 16//14 15//14 33//14
f 33//15 15//15 16//15
f 26//2 16//12 35//12
f 35//13 16//13 26//4
f 35//11 18//11 26//11
f 26//10 18//10 35//10
f 38//11 27//11 18//11
f 18//10 27//10 38//10
f 39//22 23//16 19//16
f 19//17 23//17 39//23
f 36//6 12//6 22//6
f 22//6 12//6 36//6
f 29//6 12//6 36//6
f 36//6 12//6 29//6
f 36//6 19//6 29//6
f 29//6 19//6 36//6
f 30//6 33//24 15//24
f 15//25 33//25 30//6
f 46//16 22//8 27//8
f 27//9 22//9 46//17
f 23//10 47//10 24//10
f 24//11 47//11 23//11
f 30//18 24//20 41//20
f 41//21 24//21 30//19
f 33//24 30//6 16//24
f 16//25 30//6 33//25
f 16//24 30//6 34//6
f 34//6 30//6 16//25
f 38//18 16//12 34//18
f 34//19 16//13 38//19
f 16//12 38//18 35//12
f 35//13 38//19 16//13
f 22//8 46//16 36//16
f 36//17 46//17 22//9
f 38//11 18//11 35//11
f 35//10 18//10 38//10
f 52//11 27//11 38//11
f 38//10 27//10 52//10
f 19//6 54//6 39//6
f 39//6 54//6 19//6
f 23//16 39//22 56//22
f 56//23 39//23 23//17
f 57//6 19//6 36//6
f 36//6 19//6 57//6
f 41//6 59//6 30//6
f 30//6 59//6 41//6
f 34//6 30//6 59//6
f 59//6 30//6 34//6
f 52//11 46//11 27//11
f 27//10 46//10 52//10
f 56//10 47//10 23//10
f 23//11 47//11 56//11
f 47//26 41//20 24//20
f 24//21 41//21 47//27
f 34//6 41//6 48//6
f 48//6 41//6 34//6
f 52//20 34//18 48//20
f 48//21 34//19 52//21
f 34//18 52//20 38//18
f 38//19 52//21 34//19
f 67//22 36//16 46//16
f 46//17 36//17 67//23
f 73//28 39//22 53//28
f 53//29 39//23 73//29
f 39//6 74//6 53//6
f 53//6 74//6 39//6
f 54//6 19//6 57//6
f 57//6 19//6 54//6
f 57//6 39//6 54//6
f 54//6 39//6 57//6
f 39//22 73//28 56//22
f 56//23 73//29 39//23
f 36//16 67//22 57//22
f 57//23 67//23 36//17
f 41//20 47//26 58//26
f 58//27 47//27 41//21
f 58//6 77//6 41//6
f 41//6 77//6 58//6
f 48//6 41//6 77//6
f 77//6 41//6 48//6
f 59//6 41//6 34//6
f 34//6 41//6 59//6
f 84//11 46//11 52//11
f 52//10 46//10 84//10
f 56//10 85//10 47//10
f 47//11 85//11 56//11
f 48//6 58//6 65//6
f 65//6 58//6 48//6
f 84//26 48//20 65//26
f 65//27 48//21 84//27
f 48//20 84//26 52//20
f 52//21 84//27 48//21
f 84//11 67//11 46//11
f 46//10 67//10 84//10
f 53//28 94//30 73//28
f 73//29 94//31 53//29
f 87//6 39//6 57//6
f 57//6 39//6 87//6
f 74//6 39//6 87//6
f 87//6 39//6 74//6
f 87//6 53//6 74//6
f 74//6 53//6 87//6
f 73//10 85//10 56//10
f 56//11 85//11 73//11
f 97//28 57//22 67//22
f 67//23 57//23 97//29
f 65//6 58//6 99//6
f 99//6 58//6 65//6
f 85//32 58//26 47//26
f 47//27 58//27 85//33
f 77//6 58//6 48//6
f 48//6 58//6 77//6
f 65//26 108//32 84//26
f 84//27 108//33 65//27
f 57//22 97//28 87//28
f 87//29 97//29 57//23
f 108//11 67//11 84//11
f 84//10 67//10 108//10
f 93//34 94//30 53//28
f 53//29 94//31 93//35
f 53//6 119//6 93//6
f 93//6 119//6 53//6
f 94//36 120//10 73//10
f 73//11 120//11 94//37
f 121//6 53//6 87//6
f 87//6 53//6 121//6
f 73//10 120//10 85//10
f 85//11 120//11 73//11
f 108//11 97//11 67//11
f 67//10 97//10 108//10
f 58//26 85//32 98//32
f 98//33 85//33 58//27
f 98//6 99//6 58//6
f 58//6 99//6 98//6
f 99//6 98//6 65//6
f 65//6 98//6 99//6
f 65//6 98//6 107//6
f 107//6 98//6 65//6
f 108//32 65//26 107//32
f 107//33 65//27 108//33
f 136//30 87//28 97//28
f 97//29 87//29 136//31
f 146//38 93//34 118//38
f 118//39 93//35 146//39
f 119//6 118//6 93//6
f 93//6 118//6 119//6
f 94//30 93//34 148//34
f 148//35 93//35 94//31
f 119//6 53//6 121//6
f 121//6 53//6 119//6
f 94//36 149//40 120//10
f 120//11 149//41 94//37
f 87//28 150//34 121//34
f 121//35 150//35 87//29
f 120//42 98//32 85//32
f 85//33 98//33 120//43
f 154//11 97//11 108//11
f 108//10 97//10 154//10
f 98//32 120//42 126//42
f 126//43 120//43 98//33
f 126//6 155//6 98//6
f 98//6 155//6 126//6
f 107//6 98//6 155//6
f 155//6 98//6 107//6
f 107//6 126//6 135//6
f 135//6 126//6 107//6
f 154//42 107//32 135//42
f 135//43 107//33 154//43
f 107//32 154//42 108//32
f 108//33 154//43 107//33
f 150//34 87//28 136//30
f 136//31 87//29 150//35
f 154//11 136//41 97//11
f 97//10 136//40 154//10
f 180//44 93//34 146//38
f 146//39 93//35 180//45
f 118//38 181//46 146//38
f 146//39 181//47 118//39
f 147//6 179//6 118//6
f 118//6 179//6 147//6
f 118//6 119//6 147//6
f 147//6 119//6 118//6
f 93//34 183//44 148//34
f 148//35 183//45 93//35
f 183//48 94//36 148//49
f 148//50 94//37 183//51
f 147//6 119//6 121//6
f 121//6 119//6 147//6
f 184//36 149//40 94//36
f 94//37 149//41 184//37
f 149//52 126//42 120//42
f 120//43 126//43 149//53
f 150//34 166//38 121//34
f 121//35 166//39 150//35
f 135//6 126//6 190//6
f 190//6 126//6 135//6
f 155//6 126//6 107//6
f 107//6 126//6 155//6
f 126//42 149//52 159//54
f 159//55 149//53 126//43
f 159//6 190//6 126//6
f 126//6 190//6 159//6
f 135//42 203//52 154//42
f 154//43 203//53 135//43
f 147//6 121//6 166//6
f 166//6 121//6 147//6
f 136//41 204//56 150//57
f 150//58 204//59 136//40
f 203//37 136//41 154//11
f 154//10 136//40 203//36
f 217//60 118//38 179//60
f 179//61 118//39 217//61
f 218//44 93//34 180//44
f 180//45 93//35 218//45
f 181//62 180//63 146//64
f 146//65 180//66 181//67
f 181//46 118//38 219//46
f 219//47 118//39 181//47
f 179//6 147//6 182//6
f 182//6 147//6 166//6
f 182//6 147//6 179//6
f 166//6 147//6 182//6
f 183//44 93//34 218//44
f 218//45 93//35 183//45
f 221//48 94//36 183//48
f 183//51 94//37 221//51
f 149//40 184//36 222//40
f 222//41 184//37 149//41
f 94//36 221//48 184//36
f 184//37 221//51 94//37
f 166//38 150//34 223//38
f 223//39 150//35 166//39
f 190//6 159//6 135//6
f 135//6 159//6 190//6
f 159//54 232//68 195//68
f 195//69 232//69 159//55
f 234//6 159//6 195//6
f 195//6 159//6 234//6
f 159//54 149//52 235//54
f 235//55 149//53 159//55
f 135//6 159//6 196//6
f 196//6 159//6 233//6
f 196//6 159//6 135//6
f 233//6 159//6 196//6
f 203//52 135//42 196//54
f 196//55 135//43 203//53
f 136//41 245//56 204//56
f 204//59 245//59 136//40
f 246//44 150//34 204//44
f 204//45 150//35 246//45
f 203//37 247//41 136//41
f 136//40 247//40 203//36
f 219//46 118//38 217//60
f 217//61 118//39 219//47
f 179//60 264//70 217//60
f 217//61 264//71 179//61
f 182//6 263//6 179//6
f 179//6 263//6 182//6
f 266//63 218//72 180//63
f 180//66 218//73 266//66
f 267//62 180//63 181//62
f 181//67 180//66 267//67
f 268//74 181//62 219//74
f 219//75 181//67 268//75
f 265//6 182//6 220//6
f 220//6 182//6 265//6
f 182//6 166//6 220//6
f 220//6 166//6 182//6
f 270//72 183//48 218//72
f 218//73 183//51 270//73
f 183//48 270//72 221//48
f 221//51 270//73 183//51
f 223//38 220//60 166//38
f 166//39 220//61 223//39
f 184//15 271//15 222//15
f 222//14 271//14 184//14
f 222//40 272//59 149//40
f 149//41 272//56 222//41
f 221//15 247//15 184//15
f 184//14 247//14 221//14
f 223//38 150//34 273//44
f 273//45 150//35 223//39
f 159//54 285//76 232//68
f 232//69 285//77 159//55
f 286//78 195//68 232//68
f 232//69 195//69 286//79
f 159//6 234//6 233//6
f 233//6 234//6 159//6
f 195//6 287//6 234//6
f 234//6 287//6 195//6
f 149//40 272//59 235//58
f 235//57 272//56 149//41
f 272//76 159//54 235//54
f 235//55 159//55 272//77
f 233//6 244//6 196//6
f 196//6 244//6 233//6
f 195//68 288//80 236//80
f 236//81 288//81 195//69
f 287//6 195//6 236//6
f 236//6 195//6 287//6
f 296//68 196//54 244//68
f 244//69 196//55 296//69
f 203//52 196//54 297//54
f 297//55 196//55 203//53
f 245//56 136//41 247//41
f 247//40 136//40 245//59
f 298//82 204//56 245//56
f 245//59 204//59 298//83
f 273//44 150//34 246//44
f 246//45 150//35 273//45
f 204//56 298//82 246//82
f 246//83 298//83 204//59
f 247//41 203//37 299//37
f 299//36 203//36 247//40
f 317//84 179//60 263//85
f 263//86 179//61 317//87
f 264//70 219//74 217//88
f 217//89 219//75 264//71
f 264//70 179//60 318//90
f 318//91 179//61 264//71
f 263//6 182//6 265//6
f 265//6 182//6 263//6
f 218//72 266//63 270//72
f 270//73 266//66 218//73
f 180//63 267//62 266//63
f 266//66 267//67 180//66
f 181//62 268//74 267//62
f 267//67 268//75 181//67
f 219//74 319//92 268//74
f 268//75 319//93 219//75
f 265//6 220//6 269//6
f 269//6 220//6 265//6
f 320//60 269//85 220//60
f 220//61 269//86 320//61
f 270//15 245//15 221//15
f 221//14 245//14 270//14
f 220//60 223//38 320//60
f 320//61 223//39 220//61
f 271//15 184//15 321//15
f 321//14 184//14 271//14
f 222//15 271//15 322//15
f 322//14 271//14 222//14
f 272//59 222//40 323//59
f 323//56 222//41 272//56
f 221//15 245//15 247//15
f 247//14 245//14 221//14
f 184//15 247//15 321//15
f 321//14 247//14 184//14
f 273//94 324//95 223//96
f 223//97 324//98 273//99
f 159//54 335//76 285//76
f 285//77 335//77 159//55
f 285//99 286//98 232//97
f 232//96 286//95 285//94
f 195//68 286//78 336//78
f 336//79 286//79 195//69
f 233//6 234//6 244//6
f 244//6 234//6 233//6
f 234//6 287//6 314//6
f 314//6 287//6 234//6
f 159//54 272//76 335//76
f 335//77 272//77 159//55
f 195//68 336//78 288//80
f 288//81 336//79 195//69
f 338//100 236//80 288//80
f 288//81 236//81 338//101
f 236//6 339//6 287//6
f 287//6 339//6 236//6
f 234//6 314//6 244//6
f 244//6 314//6 234//6
f 196//54 296//68 297//54
f 297//55 296//69 196//55
f 244//68 348//80 296//68
f 296//69 348//81 244//69
f 349//51 203//37 297//50
f 297//49 203//36 349//48
f 270//15 298//15 245//15
f 245//14 298//14 270//14
f 246//82 350//94 273//94
f 273//99 350//99 246//83
f 350//94 246//82 298//82
f 298//83 246//83 350//99
f 349//51 299//37 203//37
f 203//36 299//36 349//48
f 321//15 247//15 299//15
f 299//14 247//14 321//14
f 348//80 244//68 314//80
f 314//81 244//69 348//81
f 369//102 263//85 316//103
f 316//104 263//86 369//105
f 265//6 316//6 263//6
f 263//6 316//6 265//6
f 318//90 179//60 317//84
f 317//87 179//61 318//91
f 263//85 371//106 317//84
f 317//87 371//107 263//86
f 319//92 219//74 264//70
f 264//71 219//75 319//93
f 318//90 319//92 264//70
f 264//71 319//93 318//91
f 370//6 265//6 269//6
f 269//6 265//6 370//6
f 266//15 298//15 270//15
f 270//14 298//14 266//14
f 267//15 350//15 266//15
f 266//14 350//14 267//14
f 268//15 373//15 267//15
f 267//14 373//14 268//14
f 319//15 374//15 268//15
f 268//14 374//14 319//14
f 269//85 320//60 375//108
f 375//109 320//61 269//86
f 320//60 223//38 376//46
f 376//47 223//39 320//61
f 222//15 322//15 299//15
f 299//14 322//14 222//14
f 222//15 378//15 323//15
f 323//14 378//14 222//14
f 323//59 335//83 272//59
f 272//56 335//82 323//56
f 273//94 373//95 324//95
f 324//98 373//98 273//99
f 376//46 223//38 324//46
f 324//47 223//39 376//47
f 393//83 285//99 335//83
f 335//82 285//94 393//82
f 394//99 286//98 285//99
f 285//94 286//95 394//94
f 395//98 336//110 286//98
f 286//95 336//111 395//95
f 287//6 396//6 314//6
f 314//6 396//6 287//6
f 236//80 398//112 337//113
f 337//114 398//115 236//81
f 339//6 236//6 337//6
f 337//6 236//6 339//6
f 336//110 338//100 288//116
f 288//117 338//101 336//111
f 236//80 338//100 399//118
f 399//119 338//101 236//81
f 287//6 339//6 396//6
f 396//6 339//6 287//6
f 297//54 296//68 407//76
f 407//77 296//69 297//55
f 296//68 348//80 408//78
f 408//79 348//81 296//69
f 297//54 409//76 349//76
f 349//77 409//77 297//55
f 373//95 273//94 350//94
f 350//99 273//99 373//98
f 266//15 350//15 298//15
f 298//14 350//14 266//14
f 299//37 349//51 378//51
f 378//48 349//48 299//36
f 321//15 299//15 410//15
f 410//14 299//14 321//14
f 314//80 428//120 348//80
f 348//81 428//121 314//81
f 430//122 263//85 369//102
f 369//105 263//86 430//123
f 316//103 431//124 369//102
f 369//105 431//125 316//104
f 370//6 385//6 316//6
f 316//6 385//6 370//6
f 316//6 265//6 370//6
f 370//6 265//6 316//6
f 317//84 433//126 318//90
f 318//91 433//127 317//87
f 371//106 263//85 430//122
f 430//123 263//86 371//107
f 434//128 317//84 371//106
f 371//107 317//87 434//129
f 319//92 318//90 433//126
f 433//127 318//91 319//93
f 370//6 269//6 372//6
f 372//6 269//6 370//6
f 375//108 372//103 269//85
f 269//86 372//104 375//109
f 267//15 373//15 350//15
f 350//14 373//14 267//14
f 268//15 374//15 373//15
f 373//14 374//14 268//14
f 319//15 435//15 374//15
f 374//14 435//14 319//14
f 375//108 320//60 436//130
f 436//131 320//61 375//109
f 376//111 437//132 320//117
f 320//116 437//133 376//110
f 440//15 299//15 322//15
f 322//14 299//14 440//14
f 222//15 299//15 378//15
f 378//14 299//14 222//14
f 323//15 378//15 441//15
f 441//14 378//14 323//14
f 335//83 323//59 393//83
f 393//82 323//56 335//82
f 374//111 324//95 373//95
f 373//98 324//98 374//110
f 324//95 374//111 376//111
f 376//110 374//110 324//98
f 444//134 316//103 385//135
f 385//136 316//104 444//137
f 285//99 393//83 394//99
f 394//94 393//82 285//94
f 286//98 394//99 395//98
f 395//95 394//94 286//95
f 336//110 395//98 453//110
f 453//111 395//95 336//111
f 428//120 314//80 396//113
f 396//114 314//81 428//121
f 337//113 454//138 397//139
f 397//140 454//141 337//114
f 455//6 337//6 397//6
f 397//6 337//6 455//6
f 236//80 399//118 398//112
f 398//115 399//119 236//81
f 456//142 337//113 398//112
f 398//115 337//114 456//143
f 337//6 455//6 339//6
f 339//6 455//6 337//6
f 453//110 338//100 336//110
f 336//111 338//101 453//111
f 457//144 399//118 338//100
f 338//101 399//119 457//145
f 339//6 458//6 396//6
f 396//6 458//6 339//6
f 468//67 407//66 296//65
f 296//64 407//63 468//62
f 297//54 407//76 409//76
f 409//77 407//77 297//55
f 469//146 408//75 348//89
f 348//88 408//74 469//147
f 296//68 408//78 468//78
f 468//79 408//79 296//69
f 409//73 378//51 349//51
f 349//48 378//48 409//72
f 410//15 299//15 440//15
f 440//14 299//14 410//14
f 348//80 428//120 489//148
f 489//149 428//121 348//81
f 369//102 493//150 430//122
f 430//123 493//151 369//105
f 431//124 316//103 444//134
f 444//137 316//104 431//125
f 494//152 369//102 431//124
f 431//125 369//105 494//153
f 385//6 370//6 432//6
f 432//6 370//6 385//6
f 432//6 370//6 372//6
f 372//6 370//6 432//6
f 433//126 317//84 434//128
f 434//129 317//87 433//127
f 493//150 371//106 430//122
f 430//123 371//107 493//151
f 371//106 493//150 434//128
f 434//129 493//151 371//107
f 433//15 435//15 319//15
f 319//14 435//14 433//14
f 372//103 375//108 495//154
f 495//155 375//109 372//104
f 435//145 376//111 374//111
f 374//110 376//110 435//144
f 436//130 320//60 437//132
f 437//133 320//61 436//131
f 496//156 375//108 436//130
f 436//131 375//109 496//157
f 376//111 435//145 437//132
f 437//133 435//144 376//110
f 378//51 409//73 441//73
f 441//72 409//72 378//48
f 323//15 441//15 393//15
f 393//14 441//14 323//14
f 385//135 505//158 444//134
f 444//137 505//159 385//136
f 432//6 504//160 385//6
f 385//6 504//161 432//6
f 393//15 516//15 394//15
f 394//14 516//14 393//14
f 394//15 517//15 395//15
f 395//14 517//14 394//14
f 395//15 517//15 453//15
f 453//14 517//14 395//14
f 396//113 518//162 428//120
f 428//121 518//163 396//114
f 337//113 519//164 454//138
f 454//141 519//165 337//114
f 520//166 397//139 454//138
f 454//141 397//140 520//167
f 397//6 521//6 455//6
f 455//6 521//6 397//6
f 399//118 522//168 398//112
f 398//115 522//169 399//119
f 337//113 456//142 519//164
f 519//165 456//143 337//114
f 398//112 522//168 456//142
f 456//143 522//169 398//115
f 339//6 455//6 458//6
f 458//6 455//6 339//6
f 338//100 453//110 457//144
f 457//145 453//111 338//101
f 399//118 457//144 523//157
f 523//156 457//145 399//119
f 518//162 396//113 458//139
f 458//140 396//114 518//163
f 397//139 524//170 459//171
f 459//172 524//173 397//140
f 521//6 397//6 459//6
f 459//6 397//6 521//6
f 468//67 516//66 407//66
f 407//63 516//63 468//62
f 407//66 441//73 409//73
f 409//72 441//72 407//63
f 469//146 533//75 408//75
f 408//74 533//74 469//147
f 348//80 489//148 469//146
f 469//147 489//149 348//81
f 408//75 517//67 468//67
f 468//62 517//62 408//74
f 495//154 476//135 372//103
f 372//104 476//136 495//155
f 432//6 372//6 476//6
f 476//6 372//6 432//6
f 428//120 551//127 489//148
f 489//149 551//126 428//121
f 493//150 369//102 494//152
f 494//153 369//105 493//151
f 553//174 431//124 444//134
f 444//137 431//125 553//175
f 431//124 553//174 494//152
f 494//153 553//175 431//125
f 506//160 432//6 476//6
f 476//6 432//6 506//161
f 434//15 496//15 433//15
f 433//14 496//14 434//14
f 493//15 555//15 434//15
f 434//14 555//14 493//14
f 433//15 496//15 435//15
f 435//14 496//14 433//14
f 495//154 375//108 556//176
f 556//177 375//109 495//155
f 437//132 496//156 436//130
f 436//131 496//157 437//133
f 555//169 375//108 496//156
f 496//157 375//109 555//168
f 496//156 437//132 435//145
f 435//144 437//133 496//157
f 393//15 441//15 516//15
f 516//14 441//14 393//14
f 558//178 385//135 504//179
f 504//180 385//136 558//181
f 505//158 385//135 558//178
f 558//181 385//136 505//159
f 553//174 444//134 505//158
f 505//159 444//137 553//175
f 504//160 432//6 506//160
f 506//161 432//6 504//161
f 394//15 516//15 517//15
f 517//14 516//14 394//14
f 453//15 517//15 533//15
f 533//14 517//14 453//14
f 428//120 518//162 568//182
f 568//183 518//163 428//121
f 519//164 569//184 454//138
f 454//141 569//185 519//165
f 397//139 520//166 524//170
f 524//173 520//167 397//140
f 454//138 569//184 520//166
f 520//167 569//185 454//141
f 455//6 521//6 550//6
f 550//6 521//6 455//6
f 522//168 399//118 523//157
f 523//156 399//119 522//169
f 456//142 570//186 519//164
f 519//165 570//187 456//143
f 570//186 456//142 522//168
f 522//169 456//143 570//187
f 455//6 550//6 458//6
f 458//6 550//6 455//6
f 453//15 533//15 457//15
f 457//14 533//14 453//14
f 457//15 571//15 523//15
f 523//14 571//14 457//14
f 458//139 572//188 518//162
f 518//163 572//189 458//140
f 574//190 459//171 524//170
f 524//173 459//172 574//191
f 459//6 575//192 521//6
f 521//6 575//193 459//6
f 516//66 468//67 517//67
f 517//62 468//62 516//63
f 441//73 407//66 516//66
f 516//63 407//63 441//72
f 533//75 469//146 571//93
f 571//92 469//147 533//74
f 517//67 408//75 533//75
f 533//74 408//74 517//62
f 551//127 469//146 489//148
f 489//149 469//147 551//126
f 476//135 495//154 591//194
f 591//195 495//155 476//136
f 572//188 458//139 550//171
f 550//172 458//140 572//189
f 428//120 602//129 551//127
f 551//126 602//128 428//121
f 494//15 606//15 493//15
f 493//14 606//14 494//14
f 553//15 607//15 494//15
f 494//14 607//14 553//14
f 591//194 554//179 476//135
f 476//136 554//180 591//195
f 506//160 476//6 554//160
f 554//161 476//6 506//161
f 434//15 555//15 496//15
f 496//14 555//14 434//14
f 493//15 606//15 555//15
f 555//14 606//14 493//14
f 556//176 375//108 608//196
f 608//197 375//109 556//177
f 606//187 495//154 556//176
f 556//177 495//155 606//186
f 375//108 555//169 608//196
f 608//197 555//168 375//109
f 504//179 617//198 558//178
f 558//181 617//199 504//180
f 506//200 616//200 504//200
f 504//201 616//201 506//201
f 558//178 553//174 505//158
f 505//159 553//175 558//181
f 618//200 506//200 554//200
f 554//201 506//201 618//201
f 518//162 628//151 568//182
f 568//183 628//150 518//163
f 428//120 568//182 629//202
f 629//203 568//183 428//121
f 569//184 519//164 570//186
f 570//187 519//165 569//185
f 520//166 630//204 524//170
f 524//173 630//205 520//167
f 630//204 520//166 569//184
f 569//185 520//167 630//205
f 521//6 631//192 550//6
f 550//6 631//193 521//6
f 523//15 551//15 522//15
f 522//14 551//14 523//14
f 522//15 602//15 570//15
f 570//14 602//14 522//14
f 457//15 533//15 571//15
f 571//14 533//14 457//14
f 523//15 571//15 551//15
f 551//14 571//14 523//14
f 518//162 572//188 632//206
f 632//207 572//189 518//163
f 459//171 633//208 573//209
f 573//210 633//211 459//172
f 575//192 459//6 573//192
f 573//193 459//6 575//193
f 459//171 574//190 633//208
f 633//211 574//191 459//172
f 524//170 630//204 574//190
f 574//191 630//205 524//173
f 521//6 575//192 631//192
f 631//193 575//193 521//6
f 469//146 551//127 571//93
f 571//92 551//126 469//147
f 591//194 495//154 640//212
f 640//213 495//155 591//195
f 550//171 654//214 572//188
f 572//189 654//215 550//172
f 602//129 428//120 629//202
f 629//203 428//121 602//128
f 522//15 551//15 602//15
f 602//14 551//14 522//14
f 494//15 607//15 606//15
f 606//14 607//14 494//14
f 553//15 656//15 607//15
f 607//14 656//14 553//14
f 554//179 591//194 657//216
f 657//217 591//195 554//180
f 606//187 608//196 555//169
f 555//168 608//197 606//186
f 608//196 606//187 556//176
f 556//177 606//186 608//197
f 607//185 495//154 606//187
f 606//186 495//155 607//184
f 617//198 504//179 616//200
f 616//201 504//180 617//199
f 553//174 558//178 617//198
f 617//199 558//181 553//175
f 616//200 506//200 618//200
f 618//201 506//201 616//201
f 618//200 554//200 615//200
f 615//201 554//201 618//201
f 657//216 615//200 554//179
f 554//180 615//201 657//217
f 518//162 669//153 628//151
f 628//150 669//152 518//163
f 628//151 629//202 568//182
f 568//183 629//203 628//150
f 570//15 628//15 569//15
f 569//14 628//14 570//14
f 569//15 669//15 630//15
f 630//14 669//14 569//14
f 654//214 550//171 631//209
f 631//210 550//172 654//215
f 570//15 602//15 628//15
f 628//14 602//14 570//14
f 572//188 669//153 632//206
f 632//207 669//152 572//189
f 669//153 518//162 632//206
f 632//207 518//163 669//152
f 670//201 573//201 576//201
f 576//200 573//200 670//200
f 573//209 671//218 576//201
f 576//200 671//219 573//210
f 671//218 573//209 633//208
f 633//211 573//210 671//219
f 573//201 670//201 575//201
f 575//200 670//200 573//200
f 630//204 633//208 574//190
f 574//191 633//211 630//205
f 575//201 653//201 631//201
f 631//200 653//200 575//200
f 495//154 607//185 640//212
f 640//213 607//184 495//155
f 607//185 591//194 640//212
f 640//213 591//195 607//184
f 572//188 654//214 693//220
f 693//221 654//215 572//189
f 629//202 628//151 602//129
f 602//128 628//150 629//203
f 617//15 656//15 553//15
f 553//14 656//14 617//14
f 695//222 607//185 656//205
f 656//204 607//184 695//223
f 657//216 591//194 695//222
f 695//223 591//195 657//217
f 616//15 656//15 617//15
f 617//14 656//14 616//14
f 618//15 656//15 616//15
f 616//14 656//14 618//14
f 615//15 656//15 618//15
f 618//14 656//14 615//14
f 615//200 657//216 703//219
f 703//218 657//217 615//201
f 569//15 628//15 669//15
f 669//14 628//14 569//14
f 630//15 669//15 712//15
f 712//14 669//14 630//14
f 631//209 713//199 654//214
f 654//215 713//198 631//210
f 693//220 669//153 572//188
f 572//189 669//152 693//221
f 671//15 670//15 576//15
f 576//14 670//14 671//14
f 633//208 630//204 671//218
f 671//219 630//205 633//211
f 575//201 670//201 653//201
f 653//200 670//200 575//200
f 713//199 631//209 653//201
f 653//200 631//210 713//198
f 607//185 695//222 591//194
f 591//195 695//223 607//184
f 671//15 653//15 670//15
f 670//14 653//14 671//14
f 654//214 712//175 693//220
f 693//221 712//174 654//215
f 703//219 695//222 656//205
f 656//204 695//223 703//218
f 695//222 703//219 657//216
f 657//217 703//218 695//223
f 656//15 615//15 703//15
f 703//14 615//14 656//14
f 669//153 693//220 712//175
f 712//174 693//221 669//152
f 630//15 712//15 671//15
f 671//14 712//14 630//14
f 712//175 654//214 713//199
f 713//198 654//215 712//174
f 671//15 713//15 653//15
f 653//14 713//14 671//14
f 671//15 712//15 713//15
f 713//14 712//14 671//14
usemtl material_1_0
f 3//6 5//7 2//7
f 2//5 5//5 3//6
f 6//224 3//10 2//10
f 2//11 3//11 6//225
f 7//6 5//7 3//6
f 3//6 5//5 7//6
f 2//7 5//7 10//7
f 10//5 5//5 2//5
f 6//224 12//10 3//10
f 3//11 12//11 6//225
f 6//224 2//10 13//226
f 13//227 2//11 6//225
f 3//6 11//6 7//6
f 7//6 11//6 3//6
f 5//7 7//6 11//6
f 11//6 7//6 5//5
f 16//15 10//15 5//15
f 5//14 10//14 16//14
f 10//15 16//15 2//15
f 2//14 16//14 10//14
f 11//11 17//228 5//11
f 5//10 17//229 11//10
f 6//224 19//10 12//10
f 12//11 19//11 6//225
f 12//6 11//6 3//6
f 3//6 11//6 12//6
f 15//10 13//226 2//10
f 2//11 13//227 15//11
f 6//224 13//226 21//230
f 21//231 13//227 6//225
f 2//15 16//15 15//15
f 15//14 16//14 2//14
f 25//232 16//11 5//11
f 5//10 16//10 25//233
f 22//11 17//228 11//11
f 11//10 17//229 22//10
f 5//11 17//228 25//232
f 25//233 17//229 5//10
f 28//234 19//10 6//224
f 6//225 19//11 28//235
f 19//6 22//6 12//6
f 12//6 22//6 19//6
f 20//6 11//6 12//6
f 12//6 11//6 20//6
f 12//6 22//6 20//6
f 20//6 22//6 12//6
f 30//10 13//226 15//10
f 15//11 13//227 30//11
f 31//236 21//230 13//226
f 13//227 21//231 31//237
f 6//224 21//230 32//238
f 32//239 21//231 6//225
f 11//6 20//6 22//6
f 22//6 20//6 11//6
f 15//15 16//15 33//15
f 33//14 16//14 15//14
f 25//232 34//11 16//11
f 16//10 34//10 25//233
f 36//11 17//228 22//11
f 22//10 17//229 36//10
f 25//232 17//228 37//240
f 37//241 17//229 25//233
f 28//234 39//10 19//10
f 19//11 39//11 28//235
f 6//224 40//242 28//234
f 28//235 40//243 6//225
f 29//6 22//6 19//6
f 19//6 22//6 29//6
f 19//6 36//6 29//6
f 29//6 36//6 19//6
f 41//10 13//226 30//10
f 30//11 13//227 41//11
f 15//25 34//6 30//6
f 30//6 34//6 15//24
f 21//230 31//236 42//244
f 42//245 31//237 21//231
f 13//226 43//246 31//236
f 31//237 43//247 13//227
f 32//238 21//230 44//248
f 44//249 21//231 32//239
f 32//238 45//250 6//224
f 6//225 45//251 32//239
f 33//25 34//6 15//25
f 15//24 34//6 33//24
f 34//6 33//25 16//25
f 16//24 33//24 34//6
f 25//232 48//11 34//11
f 34//10 48//10 25//233
f 36//11 49//252 17//228
f 17//229 49//253 36//10
f 22//6 29//6 36//6
f 36//6 29//6 22//6
f 37//240 17//228 50//254
f 50//255 17//229 37//241
f 37//240 51//256 25//232
f 25//233 51//257 37//241
f 28//234 53//10 39//10
f 39//11 53//11 28//235
f 39//6 36//6 19//6
f 19//6 36//6 39//6
f 40//242 6//224 45//250
f 45//251 6//225 40//243
f 55//258 28//234 40//242
f 40//243 28//235 55//259
f 58//10 13//226 41//10
f 41//11 13//227 58//11
f 30//6 48//6 41//6
f 41//6 48//6 30//6
f 30//6 34//6 59//6
f 59//6 34//6 30//6
f 60//260 42//244 31//236
f 31//237 42//245 60//261
f 42//244 44//248 21//230
f 21//231 44//249 42//245
f 43//246 13//226 61//262
f 61//263 13//227 43//247
f 62//264 31//236 43//246
f 43//247 31//237 62//265
f 32//238 44//248 63//266
f 63//267 44//249 32//239
f 45//250 32//238 64//268
f 64//269 32//239 45//251
f 25//232 65//11 48//11
f 48//10 65//10 25//233
f 48//6 59//6 34//6
f 34//6 59//6 48//6
f 57//11 49//252 36//11
f 36//10 49//253 57//10
f 66//270 17//228 49//252
f 49//253 17//229 66//271
f 68//272 50//254 17//228
f 17//229 50//255 68//273
f 37//240 50//254 69//274
f 69//275 50//255 37//241
f 51//256 37//240 70//276
f 70//277 37//241 51//257
f 71//278 25//232 51//256
f 51//257 25//233 71//279
f 72//280 53//10 28//234
f 28//235 53//11 72//281
f 53//6 57//6 39//6
f 39//6 57//6 53//6
f 54//6 36//6 39//6
f 39//6 36//6 54//6
f 39//6 57//6 54//6
f 54//6 57//6 39//6
f 45//250 75//282 40//242
f 40//243 75//283 45//251
f 28//234 55//258 72//280
f 72//281 55//259 28//235
f 40//242 76//284 55//258
f 55//259 76//285 40//243
f 36//6 54//6 57//6
f 57//6 54//6 36//6
f 58//10 61//262 13//226
f 13//227 61//263 58//11
f 41//6 65//6 58//6
f 58//6 65//6 41//6
f 59//6 48//6 30//6
f 30//6 48//6 59//6
f 41//6 48//6 77//6
f 77//6 48//6 41//6
f 42//244 60//260 78//286
f 78//287 60//261 42//245
f 31//236 62//264 60//260
f 60//261 62//265 31//237
f 44//248 42//244 79//288
f 79//289 42//245 44//249
f 61//262 80//290 43//246
f 43//247 80//291 61//263
f 43//246 81//292 62//264
f 62//265 81//293 43//247
f 63//266 44//248 82//294
f 82//295 44//249 63//267
f 63//266 64//268 32//238
f 32//239 64//269 63//267
f 64//268 83//296 45//250
f 45//251 83//297 64//269
f 86//298 65//11 25//232
f 25//233 65//10 86//299
f 65//6 77//6 48//6
f 48//6 77//6 65//6
f 87//11 49//252 57//11
f 57//10 49//253 87//10
f 17//228 66//270 68//272
f 68//273 66//271 17//229
f 49//252 88//300 66//270
f 66//271 88//301 49//253
f 50//254 68//272 89//302
f 89//303 68//273 50//255
f 69//274 50//254 90//304
f 90//305 50//255 69//275
f 69//274 70//276 37//240
f 37//241 70//277 69//275
f 70//276 91//306 51//256
f 51//257 91//307 70//277
f 25//232 71//278 86//298
f 86//299 71//279 25//233
f 51//256 92//308 71//278
f 71//279 92//309 51//257
f 72//280 93//10 53//10
f 53//11 93//11 72//281
f 74//6 57//6 53//6
f 53//6 57//6 74//6
f 53//6 87//6 74//6
f 74//6 87//6 53//6
f 75//282 45//250 83//296
f 83//297 45//251 75//283
f 76//284 40//242 75//282
f 75//283 40//243 76//285
f 95//310 72//280 55//258
f 55//259 72//281 95//311
f 96//312 55//258 76//284
f 76//285 55//259 96//313
f 98//10 61//262 58//10
f 58//11 61//263 98//11
f 77//6 65//6 41//6
f 41//6 65//6 77//6
f 58//6 65//6 99//6
f 99//6 65//6 58//6
f 100//314 78//286 60//260
f 60//261 78//287 100//315
f 78//286 79//288 42//244
f 42//245 79//289 78//287
f 101//316 60//260 62//264
f 62//265 60//261 101//317
f 79//288 82//294 44//248
f 44//249 82//295 79//289
f 80//290 61//262 102//318
f 102//319 61//263 80//291
f 81//292 43//246 80//290
f 80//291 43//247 81//293
f 103//320 62//264 81//292
f 81//293 62//265 103//321
f 63//266 82//294 104//322
f 104//323 82//295 63//267
f 64//268 63//266 105//324
f 105//325 63//267 64//269
f 83//296 64//268 106//326
f 106//327 64//269 83//297
f 86//298 107//11 65//11
f 65//10 107//10 86//299
f 87//11 109//328 49//252
f 49//253 109//329 87//10
f 57//6 74//6 87//6
f 87//6 74//6 57//6
f 110//330 68//272 66//270
f 66//271 68//273 110//331
f 88//300 49//252 109//328
f 109//329 49//253 88//301
f 111//332 66//270 88//300
f 88//301 66//271 111//333
f 112//334 89//302 68//272
f 68//273 89//303 112//335
f 89//302 90//304 50//254
f 50//255 90//305 89//303
f 69//274 90//304 113//336
f 113//337 90//305 69//275
f 70//276 69//274 114//338
f 114//339 69//275 70//277
f 91//306 70//276 115//340
f 115//341 70//277 91//307
f 92//308 51//256 91//306
f 91//307 51//257 92//309
f 116//342 86//298 71//278
f 71//279 86//299 116//343
f 117//344 71//278 92//308
f 92//309 71//279 117//345
f 72//280 118//10 93//10
f 93//11 118//11 72//281
f 93//6 87//6 53//6
f 53//6 87//6 93//6
f 83//296 122//346 75//282
f 75//283 122//347 83//297
f 75//282 123//348 76//284
f 76//285 123//349 75//283
f 72//280 95//310 124//350
f 124//351 95//311 72//281
f 55//258 96//312 95//310
f 95//311 96//313 55//259
f 76//284 125//352 96//312
f 96//313 125//353 76//285
f 126//10 61//262 98//10
f 98//11 61//263 126//11
f 58//6 107//6 98//6
f 98//6 107//6 58//6
f 107//6 99//6 65//6
f 65//6 99//6 107//6
f 99//6 107//6 58//6
f 58//6 107//6 99//6
f 78//286 100//314 127//354
f 127//355 100//315 78//287
f 60//260 101//316 100//314
f 100//315 101//317 60//261
f 79//288 78//286 128//356
f 128//357 78//287 79//289
f 62//264 103//320 101//316
f 101//317 103//321 62//265
f 82//294 79//288 129//358
f 129//359 79//289 82//295
f 126//10 102//318 61//262
f 61//263 102//319 126//11
f 102//318 130//360 80//290
f 80//291 130//361 102//319
f 80//290 131//362 81//292
f 81//293 131//363 80//291
f 81//292 132//364 103//320
f 103//321 132//365 81//293
f 104//322 82//294 133//366
f 133//367 82//295 104//323
f 104//322 105//324 63//266
f 63//267 105//325 104//323
f 105//324 106//326 64//268
f 64//269 106//327 105//325
f 106//326 134//368 83//296
f 83//297 134//369 106//327
f 86//298 135//11 107//11
f 107//10 135//10 86//299
f 121//11 109//328 87//11
f 87//10 109//329 121//10
f 68//272 110//330 112//334
f 112//335 110//331 68//273
f 66//270 111//332 110//330
f 110//331 111//333 66//271
f 109//328 137//370 88//300
f 88//301 137//371 109//329
f 88//300 138//372 111//332
f 111//333 138//373 88//301
f 89//302 112//334 139//374
f 139//375 112//335 89//303
f 90//304 89//302 140//376
f 140//377 89//303 90//305
f 113//336 90//304 141//378
f 141//379 90//305 113//337
f 113//336 114//338 69//274
f 69//275 114//339 113//337
f 114//338 115//340 70//276
f 70//277 115//341 114//339
f 115//340 142//380 91//306
f 91//307 142//381 115//341
f 91//306 143//382 92//308
f 92//309 143//383 91//307
f 86//298 116//342 144//384
f 144//385 116//343 86//299
f 71//278 117//344 116//342
f 116//343 117//345 71//279
f 92//308 145//386 117//344
f 117//345 145//387 92//309
f 124//350 118//10 72//280
f 72//281 118//11 124//351
f 147//6 93//6 118//6
f 118//6 93//6 147//6
f 119//6 87//6 93//6
f 93//6 87//6 119//6
f 93//6 147//6 119//6
f 119//6 147//6 93//6
f 87//6 119//6 121//6
f 121//6 119//6 87//6
f 122//346 83//296 134//368
f 134//369 83//297 122//347
f 123//348 75//282 122//346
f 122//347 75//283 123//349
f 125//352 76//284 123//348
f 123//349 76//285 125//353
f 151//388 124//350 95//310
f 95//311 124//351 151//389
f 152//390 95//310 96//312
f 96//313 95//311 152//391
f 153//392 96//312 125//352
f 125//353 96//313 153//393
f 98//6 135//6 126//6
f 126//6 135//6 98//6
f 98//6 107//6 155//6
f 155//6 107//6 98//6
f 156//394 127//354 100//314
f 100//315 127//355 156//395
f 127//354 128//356 78//286
f 78//287 128//357 127//355
f 157//396 100//314 101//316
f 101//317 100//315 157//397
f 128//356 129//358 79//288
f 79//289 129//359 128//357
f 158//398 101//316 103//320
f 103//321 101//317 158//399
f 129//358 133//366 82//294
f 82//295 133//367 129//359
f 159//10 102//318 126//10
f 126//11 102//319 159//11
f 130//360 102//318 160//400
f 160//401 102//319 130//361
f 131//362 80//290 130//360
f 130//361 80//291 131//363
f 132//364 81//292 131//362
f 131//363 81//293 132//365
f 161//402 103//320 132//364
f 132//365 103//321 161//403
f 104//322 133//366 162//404
f 162//405 133//367 104//323
f 105//324 104//322 163//406
f 163//407 104//323 105//325
f 106//326 105//324 164//408
f 164//409 105//325 106//327
f 134//368 106//326 165//410
f 165//411 106//327 134//369
f 144//384 135//11 86//298
f 86//299 135//10 144//385
f 135//6 155//6 107//6
f 107//6 155//6 135//6
f 166//11 109//328 121//11
f 121//10 109//329 166//10
f 167//412 112//334 110//330
f 110//331 112//335 167//413
f 168//414 110//330 111//332
f 111//333 110//331 168//415
f 137//370 109//328 169//416
f 169//417 109//329 137//371
f 138//372 88//300 137//370
f 137//371 88//301 138//373
f 170//418 111//332 138//372
f 138//373 111//333 170//419
f 171//420 139//374 112//334
f 112//335 139//375 171//421
f 139//374 140//376 89//302
f 89//303 140//377 139//375
f 140//376 141//378 90//304
f 90//305 141//379 140//377
f 113//336 141//378 172//422
f 172//423 141//379 113//337
f 114//338 113//336 173//424
f 173//425 113//337 114//339
f 115//340 114//338 174//426
f 174//427 114//339 115//341
f 142//380 115//340 175//428
f 175//429 115//341 142//381
f 143//382 91//306 142//380
f 142//381 91//307 143//383
f 145//386 92//308 143//382
f 143//383 92//309 145//387
f 176//430 144//384 116//342
f 116//343 144//385 176//431
f 177//432 116//342 117//344
f 117//345 116//343 177//433
f 178//434 117//344 145//386
f 145//387 117//345 178//435
f 124//350 179//10 118//10
f 118//11 179//11 124//351
f 118//6 182//6 147//6
f 147//6 182//6 118//6
f 119//6 166//6 121//6
f 121//6 166//6 119//6
f 119//6 147//6 166//6
f 166//6 147//6 119//6
f 134//368 185//436 122//346
f 122//347 185//437 134//369
f 122//346 186//438 123//348
f 123//349 186//439 122//347
f 123//348 187//440 125//352
f 125//353 187//441 123//349
f 124//350 151//388 188//442
f 188//443 151//389 124//351
f 95//310 152//390 151//388
f 151//389 152//391 95//311
f 96//312 153//392 152//390
f 152//391 153//393 96//313
f 125//352 189//444 153//392
f 153//393 189//445 125//353
f 155//6 135//6 98//6
f 98//6 135//6 155//6
f 126//6 135//6 190//6
f 190//6 135//6 126//6
f 127//354 156//394 191//446
f 191//447 156//395 127//355
f 100//314 157//396 156//394
f 156//395 157//397 100//315
f 128//356 127//354 192//448
f 192//449 127//355 128//357
f 101//316 158//398 157//396
f 157//397 158//399 101//317
f 129//358 128//356 193//450
f 193//451 128//357 129//359
f 103//320 161//402 158//398
f 158//399 161//403 103//321
f 133//366 129//358 194//452
f 194//453 129//359 133//367
f 195//10 102//318 159//10
f 159//11 102//319 195//11
f 126//6 196//6 159//6
f 159//6 196//6 126//6
f 195//10 160//400 102//318
f 102//319 160//401 195//11
f 160//400 197//454 130//360
f 130//361 197//455 160//401
f 130//360 198//456 131//362
f 131//363 198//457 130//361
f 131//362 199//458 132//364
f 132//365 199//459 131//363
f 132//364 200//460 161//402
f 161//403 200//461 132//365
f 162//404 133//366 201//462
f 201//463 133//367 162//405
f 162//404 163//406 104//322
f 104//323 163//407 162//405
f 163//406 164//408 105//324
f 105//325 164//409 163//407
f 164//408 165//410 106//326
f 106//327 165//411 164//409
f 165//410 202//464 134//368
f 134//369 202//465 165//411
f 144//384 196//11 135//11
f 135//10 196//10 144//385
f 166//11 169//416 109//328
f 109//329 169//417 166//10
f 112//334 167//412 171//420
f 171//421 167//413 112//335
f 110//330 168//414 167//412
f 167//413 168//415 110//331
f 111//332 170//418 168//414
f 168//415 170//419 111//333
f 169//416 205//466 137//370
f 137//371 205//467 169//417
f 137//370 206//468 138//372
f 138//373 206//469 137//371
f 138//372 207//470 170//418
f 170//419 207//471 138//373
f 139//374 171//420 208//472
f 208//473 171//421 139//375
f 140//376 139//374 209//474
f 209//475 139//375 140//377
f 141//378 140//376 210//476
f 210//477 140//377 141//379
f 172//422 141//378 211//478
f 211//479 141//379 172//423
f 172//422 173//424 113//336
f 113//337 173//425 172//423
f 173//424 174//426 114//338
f 114//339 174//427 173//425
f 174//426 175//428 115//340
f 115//341 175//429 174//427
f 175//428 212//480 142//380
f 142//381 212//481 175//429
f 142//380 213//482 143//382
f 143//383 213//483 142//381
f 143//382 214//484 145//386
f 145//387 214//485 143//383
f 144//384 176//430 215//486
f 215//487 176//431 144//385
f 116//342 177//432 176//430
f 176//431 177//433 116//343
f 117//344 178//434 177//432
f 177//433 178//435 117//345
f 145//386 216//488 178//434
f 178//435 216//489 145//387
f 188//442 179//10 124//350
f 124//351 179//11 188//443
f 182//6 118//6 179//6
f 179//6 118//6 182//6
f 147//6 182//6 220//6
f 220//6 182//6 147//6
f 147//6 220//6 166//6
f 166//6 220//6 147//6
f 185//436 134//368 202//464
f 202//465 134//369 185//437
f 186//438 122//346 185//436
f 185//437 122//347 186//439
f 187//440 123//348 186//438
f 186//439 123//349 187//441
f 189//444 125//352 187//440
f 187//441 125//353 189//445
f 224//490 188//442 151//388
f 151//389 188//443 224//491
f 225//492 151//388 152//390
f 152//391 151//389 225//493
f 226//494 152//390 153//392
f 153//393 152//391 226//495
f 227//496 153//392 189//444
f 189//445 153//393 227//497
f 196//6 190//6 135//6
f 135//6 190//6 196//6
f 190//6 196//6 126//6
f 126//6 196//6 190//6
f 228//498 191//446 156//394
f 156//395 191//447 228//499
f 191//446 192//448 127//354
f 127//355 192//449 191//447
f 229//500 156//394 157//396
f 157//397 156//395 229//501
f 192//448 193//450 128//356
f 128//357 193//451 192//449
f 230//502 157//396 158//398
f 158//399 157//397 230//503
f 193//450 194//452 129//358
f 129//359 194//453 193//451
f 231//504 158//398 161//402
f 161//403 158//399 231//505
f 194//452 201//462 133//366
f 133//367 201//463 194//453
f 233//6 195//6 159//6
f 159//6 195//6 233//6
f 159//6 196//6 233//6
f 233//6 196//6 159//6
f 236//10 160//400 195//10
f 195//11 160//401 236//11
f 197//454 160//400 237//506
f 237//507 160//401 197//455
f 198//456 130//360 197//454
f 197//455 130//361 198//457
f 199//458 131//362 198//456
f 198//457 131//363 199//459
f 200//460 132//364 199//458
f 199//459 132//365 200//461
f 238//508 161//402 200//460
f 200//461 161//403 238//509
f 162//404 201//462 239//510
f 239//511 201//463 162//405
f 163//406 162//404 240//512
f 240//513 162//405 163//407
f 164//408 163//406 241//514
f 241//515 163//407 164//409
f 165//410 164//408 242//516
f 242//517 164//409 165//411
f 202//464 165//410 243//518
f 243//519 165//411 202//465
f 144//384 244//11 196//11
f 196//10 244//10 144//385
f 220//11 169//416 166//11
f 166//10 169//417 220//10
f 248//520 171//420 167//412
f 167//413 171//421 248//521
f 249//522 167//412 168//414
f 168//415 167//413 249//523
f 250//524 168//414 170//418
f 170//419 168//415 250//525
f 205//466 169//416 251//526
f 251//527 169//417 205//467
f 206//468 137//370 205//466
f 205//467 137//371 206//469
f 207//470 138//372 206//468
f 206//469 138//373 207//471
f 252//528 170//418 207//470
f 207//471 170//419 252//529
f 253//530 208//472 171//420
f 171//421 208//473 253//531
f 208//472 209//474 139//374
f 139//375 209//475 208//473
f 209//474 210//476 140//376
f 140//377 210//477 209//475
f 210//476 211//478 141//378
f 141//379 211//479 210//477
f 172//422 211//478 254//532
f 254//533 211//479 172//423
f 173//424 172//422 255//534
f 255//535 172//423 173//425
f 174//426 173//424 256//536
f 256//537 173//425 174//427
f 175//428 174//426 257//538
f 257//539 174//427 175//429
f 212//480 175//428 258//540
f 258//541 175//429 212//481
f 213//482 142//380 212//480
f 212//481 142//381 213//483
f 214//484 143//382 213//482
f 213//483 143//383 214//485
f 216//488 145//386 214//484
f 214//485 145//387 216//489
f 259//542 215//486 176//430
f 176//431 215//487 259//543
f 215//486 244//11 144//384
f 144//385 244//10 215//487
f 260//544 176//430 177//432
f 177//433 176//431 260//545
f 261//546 177//432 178//434
f 178//435 177//433 261//547
f 262//548 178//434 216//488
f 216//489 178//435 262//549
f 188//442 263//10 179//10
f 179//11 263//11 188//443
f 179//6 265//6 182//6
f 182//6 265//6 179//6
f 182//6 269//6 220//6
f 220//6 269//6 182//6
f 202//464 274//550 185//436
f 185//437 274//551 202//465
f 185//436 275//552 186//438
f 186//439 275//553 185//437
f 186//438 276//554 187//440
f 187//441 276//555 186//439
f 187//440 277//556 189//444
f 189//445 277//557 187//441
f 188//442 224//490 278//558
f 278//559 224//491 188//443
f 151//388 225//492 224//490
f 224//491 225//493 151//389
f 152//390 226//494 225//492
f 225//493 226//495 152//391
f 153//392 227//496 226//494
f 226//495 227//497 153//393
f 189//444 279//560 227//496
f 227//497 279//561 189//445
f 191//446 228//498 280//562
f 280//563 228//499 191//447
f 156//394 229//500 228//498
f 228//499 229//501 156//395
f 192//448 191//446 281//564
f 281//565 191//447 192//449
f 157//396 230//502 229//500
f 229//501 230//503 157//397
f 193//450 192//448 282//566
f 282//567 192//449 193//451
f 158//398 231//504 230//502
f 230//503 231//505 158//399
f 194//452 193//450 283//568
f 283//569 193//451 194//453
f 161//402 238//508 231//504
f 231//505 238//509 161//403
f 201//462 194//452 284//570
f 284//571 194//453 201//463
f 195//6 233//6 234//6
f 234//6 233//6 195//6
f 234//6 236//6 195//6
f 195//6 236//6 234//6
f 234//6 233//6 196//6
f 196//6 233//6 234//6
f 236//10 237//506 160//400
f 160//401 237//507 236//11
f 237//506 289//572 197//454
f 197//455 289//573 237//507
f 197//454 290//574 198//456
f 198//457 290//575 197//455
f 198//456 291//576 199//458
f 199//459 291//577 198//457
f 199//458 292//578 200//460
f 200//461 292//579 199//459
f 200//460 293//580 238//508
f 238//509 293//581 200//461
f 239//510 201//462 294//582
f 294//583 201//463 239//511
f 239//510 240//512 162//404
f 162//405 240//513 239//511
f 240//512 241//514 163//406
f 163//407 241//515 240//513
f 241//514 242//516 164//408
f 164//409 242//517 241//515
f 242//516 243//518 165//410
f 165//411 243//519 242//517
f 243//518 295//584 202//464
f 202//465 295//585 243//519
f 234//6 196//6 244//6
f 244//6 196//6 234//6
f 220//11 251//526 169//416
f 169//417 251//527 220//10
f 171//420 248//520 253//530
f 253//531 248//521 171//421
f 167//412 249//522 248//520
f 248//521 249//523 167//413
f 168//414 250//524 249//522
f 249//523 250//525 168//415
f 170//418 252//528 250//524
f 250//525 252//529 170//419
f 251//526 300//586 205//466
f 205//467 300//587 251//527
f 205//466 301//588 206//468
f 206//469 301//589 205//467
f 206//468 302//590 207//470
f 207//471 302//591 206//469
f 207//470 303//592 252//528
f 252//529 303//593 207//471
f 208//472 253//530 304//594
f 304//595 253//531 208//473
f 209//474 208//472 305//596
f 305//597 208//473 209//475
f 210//476 209//474 306//598
f 306//599 209//475 210//477
f 211//478 210//476 307//600
f 307//601 210//477 211//479
f 254//532 211//478 308//602
f 308//603 211//479 254//533
f 254//532 255//534 172//422
f 172//423 255//535 254//533
f 255//534 256//536 173//424
f 173//425 256//537 255//535
f 256//536 257//538 174//426
f 174//427 257//539 256//537
f 257//538 258//540 175//428
f 175//429 258//541 257//539
f 258//540 309//604 212//480
f 212//481 309//605 258//541
f 212//480 310//606 213//482
f 213//483 310//607 212//481
f 213//482 311//608 214//484
f 214//485 311//609 213//483
f 214//484 312//610 216//488
f 216//489 312//611 214//485
f 215//486 259//542 313//612
f 313//613 259//543 215//487
f 176//430 260//544 259//542
f 259//543 260//545 176//431
f 215//486 314//11 244//11
f 244//10 314//10 215//487
f 177//432 261//546 260//544
f 260//545 261//547 177//433
f 178//434 262//548 261//546
f 261//547 262//549 178//435
f 216//488 315//614 262//548
f 262//549 315//615 216//489
f 188//442 316//10 263//10
f 263//11 316//11 188//443
f 265//6 179//6 263//6
f 263//6 179//6 265//6
f 182//6 265//6 269//6
f 269//6 265//6 182//6
f 269//11 251//526 220//11
f 220//10 251//527 269//10
f 274//550 202//464 295//584
f 295//585 202//465 274//551
f 275//552 185//436 274//550
f 274//551 185//437 275//553
f 276//554 186//438 275//552
f 275//553 186//439 276//555
f 277//556 187//440 276//554
f 276//555 187//441 277//557
f 279//560 189//444 277//556
f 277//557 189//445 279//561
f 325//616 278//558 224//490
f 224//491 278//559 325//617
f 278//558 316//10 188//442
f 188//443 316//11 278//559
f 326//618 224//490 225//492
f 225//493 224//491 326//619
f 327//620 225//492 226//494
f 226//495 225//493 327//621
f 328//622 226//494 227//496
f 227//497 226//495 328//623
f 329//624 227//496 279//560
f 279//561 227//497 329//625
f 330//626 280//562 228//498
f 228//499 280//563 330//627
f 280//562 281//564 191//446
f 191//447 281//565 280//563
f 331//628 228//498 229//500
f 229//501 228//499 331//629
f 281//564 282//566 192//448
f 192//449 282//567 281//565
f 332//630 229//500 230//502
f 230//503 229//501 332//631
f 282//566 283//568 193//450
f 193//451 283//569 282//567
f 333//632 230//502 231//504
f 231//505 230//503 333//633
f 283//568 284//570 194//452
f 194//453 284//571 283//569
f 334//634 231//504 238//508
f 238//509 231//505 334//635
f 284//570 294//582 201//462
f 201//463 294//583 284//571
f 236//6 234//6 287//6
f 287//6 234//6 236//6
f 287//6 234//6 244//6
f 244//6 234//6 287//6
f 337//10 237//506 236//10
f 236//11 237//507 337//11
f 287//6 337//6 236//6
f 236//6 337//6 287//6
f 289//572 237//506 340//636
f 340//637 237//507 289//573
f 290//574 197//454 289//572
f 289//573 197//455 290//575
f 291//576 198//456 290//574
f 290//575 198//457 291//577
f 292//578 199//458 291//576
f 291//577 199//459 292//579
f 293//580 200//460 292//578
f 292//579 200//461 293//581
f 341//638 238//508 293//580
f 293//581 238//509 341//639
f 239//510 294//582 342//640
f 342//641 294//583 239//511
f 240//512 239//510 343//642
f 343//643 239//511 240//513
f 241//514 240//512 344//644
f 344//645 240//513 241//515
f 242//516 241//514 345//646
f 345//647 241//515 242//517
f 243//518 242//516 346//648
f 346//649 242//517 243//519
f 295//584 243//518 347//650
f 347//651 243//519 295//585
f 351//652 253//530 248//520
f 248//521 253//531 351//653
f 352//654 248//520 249//522
f 249//523 248//521 352//655
f 353//656 249//522 250//524
f 250//525 249//523 353//657
f 354//658 250//524 252//528
f 252//529 250//525 354//659
f 300//586 251//526 355//660
f 355//661 251//527 300//587
f 301//588 205//466 300//586
f 300//587 205//467 301//589
f 302//590 206//468 301//588
f 301//589 206//469 302//591
f 303//592 207//470 302//590
f 302//591 207//471 303//593
f 356//662 252//528 303//592
f 303//593 252//529 356//663
f 357//664 304//594 253//530
f 253//531 304//595 357//665
f 304//594 305//596 208//472
f 208//473 305//597 304//595
f 305//596 306//598 209//474
f 209//475 306//599 305//597
f 306//598 307//600 210//476
f 210//477 307//601 306//599
f 307//600 308//602 211//478
f 211//479 308//603 307//601
f 254//532 308//602 358//666
f 358//667 308//603 254//533
f 255//534 254//532 359//668
f 359//669 254//533 255//535
f 256//536 255//534 360//670
f 360//671 255//535 256//537
f 257//538 256//536 361//672
f 361//673 256//537 257//539
f 258//540 257//538 362//674
f 362//675 257//539 258//541
f 309//604 258//540 363//676
f 363//677 258//541 309//605
f 310//606 212//480 309//604
f 309//605 212//481 310//607
f 311//608 213//482 310//606
f 310//607 213//483 311//609
f 312//610 214//484 311//608
f 311//609 214//485 312//611
f 315//614 216//488 312//610
f 312//611 216//489 315//615
f 364//678 313//612 259//542
f 259//543 313//613 364//679
f 313//612 314//11 215//486
f 215//487 314//10 313//613
f 365//680 259//542 260//544
f 260//545 259//543 365//681
f 287//6 244//6 314//6
f 314//6 244//6 287//6
f 366//682 260//544 261//546
f 261//547 260//545 366//683
f 367//684 261//546 262//548
f 262//549 261//547 367//685
f 368//686 262//548 315//614
f 315//615 262//549 368//687
f 370//6 263//6 316//6
f 316//6 263//6 370//6
f 263//6 370//6 265//6
f 265//6 370//6 263//6
f 265//6 372//6 269//6
f 269//6 372//6 265//6
f 372//11 251//526 269//11
f 269//10 251//527 372//10
f 295//584 379//688 274//550
f 274//551 379//689 295//585
f 274//550 380//690 275//552
f 275//553 380//691 274//551
f 275//552 381//692 276//554
f 276//555 381//693 275//553
f 276//554 382//694 277//556
f 277//557 382//695 276//555
f 277//556 383//696 279//560
f 279//561 383//697 277//557
f 278//558 325//616 384//698
f 384//699 325//617 278//559
f 224//490 326//618 325//616
f 325//617 326//619 224//491
f 278//558 385//10 316//10
f 316//11 385//11 278//559
f 225//492 327//620 326//618
f 326//619 327//621 225//493
f 226//494 328//622 327//620
f 327//621 328//623 226//495
f 227//496 329//624 328//622
f 328//623 329//625 227//497
f 279//560 386//700 329//624
f 329//625 386//701 279//561
f 280//562 330//626 387//702
f 387//703 330//627 280//563
f 228//498 331//628 330//626
f 330//627 331//629 228//499
f 281//564 280//562 388//704
f 388//705 280//563 281//565
f 229//500 332//630 331//628
f 331//629 332//631 229//501
f 282//566 281//564 389//706
f 389//707 281//565 282//567
f 230//502 333//632 332//630
f 332//631 333//633 230//503
f 283//568 282//566 390//708
f 390//709 282//567 283//569
f 231//504 334//634 333//632
f 333//633 334//635 231//505
f 284//570 283//568 391//710
f 391//711 283//569 284//571
f 238//508 341//638 334//634
f 334//635 341//639 238//509
f 294//582 284//570 392//712
f 392//713 284//571 294//583
f 339//6 287//6 314//6
f 314//6 287//6 339//6
f 397//10 237//506 337//10
f 337//11 237//507 397//11
f 337//6 287//6 339//6
f 339//6 287//6 337//6
f 397//10 340//636 237//506
f 237//507 340//637 397//11
f 340//636 400//714 289//572
f 289//573 400//715 340//637
f 289//572 401//716 290//574
f 290//575 401//717 289//573
f 290//574 402//718 291//576
f 291//577 402//719 290//575
f 291//576 403//720 292//578
f 292//579 403//721 291//577
f 292//578 404//722 293//580
f 293//581 404//723 292//579
f 293//580 405//724 341//638
f 341//639 405//725 293//581
f 392//712 342//640 294//582
f 294//583 342//641 392//713
f 342//640 343//642 239//510
f 239//511 343//643 342//641
f 343//642 344//644 240//512
f 240//513 344//645 343//643
f 344//644 345//646 241//514
f 241//515 345//647 344//645
f 345//646 346//648 242//516
f 242//517 346//649 345//647
f 346//648 347//650 243//518
f 243//519 347//651 346//649
f 347//650 406//726 295//584
f 295//585 406//727 347//651
f 253//530 351//652 357//664
f 357//665 351//653 253//531
f 248//520 352//654 351//652
f 351//653 352//655 248//521
f 249//522 353//656 352//654
f 352//655 353//657 249//523
f 250//524 354//658 353//656
f 353//657 354//659 250//525
f 252//528 356//662 354//658
f 354//659 356//663 252//529
f 372//11 355//660 251//526
f 251//527 355//661 372//10
f 355//660 411//728 300//586
f 300//587 411//729 355//661
f 300//586 412//730 301//588
f 301//589 412//731 300//587
f 301//588 413//732 302//590
f 302//591 413//733 301//589
f 302//590 414//734 303//592
f 303//593 414//735 302//591
f 303//592 415//736 356//662
f 356//663 415//737 303//593
f 304//594 357//664 416//738
f 416//739 357//665 304//595
f 305//596 304//594 417//740
f 417//741 304//595 305//597
f 306//598 305//596 418//742
f 418//743 305//597 306//599
f 307//600 306//598 419//744
f 419//745 306//599 307//601
f 308//602 307//600 420//746
f 420//747 307//601 308//603
f 358//666 308//602 421//748
f 421//749 308//603 358//667
f 358//666 359//668 254//532
f 254//533 359//669 358//667
f 359//668 360//670 255//534
f 255//535 360//671 359//669
f 360//670 361//672 256//536
f 256//537 361//673 360//671
f 361//672 362//674 257//538
f 257//539 362//675 361//673
f 362//674 363//676 258//540
f 258//541 363//677 362//675
f 363//676 422//750 309//604
f 309//605 422//751 363//677
f 309//604 423//752 310//606
f 310//607 423//753 309//605
f 310//606 424//754 311//608
f 311//609 424//755 310//607
f 311//608 425//756 312//610
f 312//611 425//757 311//609
f 312//610 426//758 315//614
f 315//615 426//759 312//611
f 313//612 364//678 427//760
f 427//761 364//679 313//613
f 259//542 365//680 364//678
f 364//679 365//681 259//543
f 313//612 396//11 314//11
f 314//10 396//10 313//613
f 260//544 366//682 365//680
f 365//681 366//683 260//545
f 261//546 367//684 366//682
f 366//683 367//685 261//547
f 262//548 368//686 367//684
f 367//685 368//687 262//549
f 315//614 429//762 368//686
f 368//687 429//763 315//615
f 316//6 432//6 370//6
f 370//6 432//6 316//6
f 265//6 370//6 372//6
f 372//6 370//6 265//6
f 379//688 295//584 406//726
f 406//727 295//585 379//689
f 380//690 274//550 379//688
f 379//689 274//551 380//691
f 381//692 275//552 380//690
f 380//691 275//553 381//693
f 382//694 276//554 381//692
f 381//693 276//555 382//695
f 383//696 277//556 382//694
f 382//695 277//557 383//697
f 386//700 279//560 383//696
f 383//697 279//561 386//701
f 442//48 384//698 325//616
f 325//617 384//699 442//51
f 384//698 385//10 278//558
f 278//559 385//11 384//699
f 443//72 325//616 326//618
f 326//619 325//617 443//73
f 432//6 316//6 385//6
f 385//6 316//6 432//6
f 445//63 326//618 327//620
f 327//621 326//619 445//66
f 446//92 329//624 386//700
f 386//701 329//625 446//93
f 447//764 387//702 330//626
f 330//627 387//703 447//765
f 387//702 388//704 280//562
f 280//563 388//705 387//703
f 448//766 330//626 331//628
f 331//629 330//627 448//767
f 388//704 389//706 281//564
f 281//565 389//707 388//705
f 449//768 331//628 332//630
f 332//631 331//629 449//769
f 389//706 390//708 282//566
f 282//567 390//709 389//707
f 450//770 332//630 333//632
f 333//633 332//631 450//771
f 390//708 391//710 283//568
f 283//569 391//711 390//709
f 451//772 333//632 334//634
f 334//635 333//633 451//773
f 391//710 392//712 284//570
f 284//571 392//713 391//711
f 452//774 334//634 341//638
f 341//639 334//635 452//775
f 339//6 314//6 396//6
f 396//6 314//6 339//6
f 339//6 397//6 337//6
f 337//6 397//6 339//6
f 455//6 339//6 396//6
f 396//6 339//6 455//6
f 459//10 340//636 397//10
f 397//11 340//637 459//11
f 400//714 340//636 460//776
f 460//777 340//637 400//715
f 401//716 289//572 400//714
f 400//715 289//573 401//717
f 402//718 290//574 401//716
f 401//717 290//575 402//719
f 403//720 291//576 402//718
f 402//719 291//577 403//721
f 404//722 292//578 403//720
f 403//721 292//579 404//723
f 405//724 293//580 404//722
f 404//723 293//581 405//725
f 461//778 341//638 405//724
f 405//725 341//639 461//779
f 342//640 392//712 462//780
f 462//781 392//713 342//641
f 343//642 342//640 462//780
f 462//781 342//641 343//643
f 344//644 343//642 463//782
f 463//783 343//643 344//645
f 345//646 344//644 464//784
f 464//785 344//645 345//647
f 346//648 345//646 465//786
f 465//787 345//647 346//649
f 347//650 346//648 466//788
f 466//789 346//649 347//651
f 406//726 347//650 467//790
f 467//791 347//651 406//727
f 471//792 357//664 351//652
f 351//653 357//665 471//793
f 472//794 351//652 352//654
f 352//655 351//653 472//795
f 473//796 352//654 353//656
f 353//657 352//655 473//797
f 474//798 353//656 354//658
f 354//659 353//657 474//799
f 475//800 354//658 356//662
f 356//663 354//659 475//801
f 476//11 355//660 372//11
f 372//10 355//661 476//10
f 411//728 355//660 477//802
f 477//803 355//661 411//729
f 412//730 300//586 411//728
f 411//729 300//587 412//731
f 413//732 301//588 412//730
f 412//731 301//589 413//733
f 414//734 302//590 413//732
f 413//733 302//591 414//735
f 415//736 303//592 414//734
f 414//735 303//593 415//737
f 478//804 356//662 415//736
f 415//737 356//663 478//805
f 479//806 416//738 357//664
f 357//665 416//739 479//807
f 416//738 417//740 304//594
f 304//595 417//741 416//739
f 417//740 418//742 305//596
f 305//597 418//743 417//741
f 418//742 419//744 306//598
f 306//599 419//745 418//743
f 419//744 420//746 307//600
f 307//601 420//747 419//745
f 420//746 421//748 308//602
f 308//603 421//749 420//747
f 421//748 480//808 358//666
f 358//667 480//809 421//749
f 359//668 358//666 480//808
f 480//809 358//667 359//669
f 360//670 359//668 481//810
f 481//811 359//669 360//671
f 361//672 360//670 482//812
f 482//813 360//671 361//673
f 362//674 361//672 483//814
f 483//815 361//673 362//675
f 363//676 362//674 484//816
f 484//817 362//675 363//677
f 422//750 363//676 485//818
f 485//819 363//677 422//751
f 423//752 309//604 422//750
f 422//751 309//605 423//753
f 424//754 310//606 423//752
f 423//753 310//607 424//755
f 425//756 311//608 424//754
f 424//755 311//609 425//757
f 426//758 312//610 425//756
f 425//757 312//611 426//759
f 429//762 315//614 426//758
f 426//759 315//615 429//763
f 486//820 427//760 364//678
f 364//679 427//761 486//821
f 427//760 458//11 313//612
f 313//613 458//10 427//761
f 487//822 364//678 365//680
f 365//681 364//679 487//823
f 313//612 458//11 396//11
f 396//10 458//10 313//613
f 488//824 365//680 366//682
f 366//683 365//681 488//825
f 490//826 366//682 367//684
f 367//685 366//683 490//827
f 491//828 367//684 368//686
f 368//687 367//685 491//829
f 492//830 368//686 429//762
f 429//763 368//687 492//831
f 370//6 432//6 476//6
f 476//6 432//6 370//6
f 370//6 476//6 372//6
f 372//6 476//6 370//6
f 406//726 498//832 379//688
f 379//689 498//833 406//727
f 379//688 499//834 380//690
f 380//691 499//835 379//689
f 499//834 381//692 380//690
f 380//691 381//693 499//835
f 500//836 382//694 381//692
f 381//693 382//695 500//837
f 501//838 383//696 382//694
f 382//695 383//697 501//839
f 502//840 386//700 383//696
f 383//697 386//701 502//841
f 384//698 442//48 503//36
f 503//37 442//51 384//699
f 325//616 443//72 442//48
f 442//51 443//73 325//617
f 384//698 504//10 385//10
f 385//11 504//11 384//699
f 326//618 445//63 443//72
f 443//73 445//66 326//619
f 385//6 506//161 432//6
f 432//6 506//160 385//6
f 327//620 507//62 445//63
f 445//66 507//67 327//621
f 329//624 446//92 508//74
f 508//75 446//93 329//625
f 509//842 446//92 386//700
f 386//701 446//93 509//843
f 387//702 447//764 510//844
f 510//845 447//765 387//703
f 330//626 448//766 447//764
f 447//765 448//767 330//627
f 388//704 387//702 511//846
f 511//847 387//703 388//705
f 331//628 449//768 448//766
f 448//767 449//769 331//629
f 389//706 388//704 512//848
f 512//849 388//705 389//707
f 332//630 450//770 449//768
f 449//769 450//771 332//631
f 390//708 389//706 513//850
f 513//851 389//707 390//709
f 333//632 451//772 450//770
f 450//771 451//773 333//633
f 391//710 390//708 514//852
f 514//853 390//709 391//711
f 334//634 452//774 451//772
f 451//773 452//775 334//635
f 392//712 391//710 515//854
f 515//855 391//711 392//713
f 341//638 461//778 452//774
f 452//775 461//779 341//639
f 397//6 339//6 455//6
f 455//6 339//6 397//6
f 455//6 459//6 397//6
f 397//6 459//6 455//6
f 455//6 396//6 458//6
f 458//6 396//6 455//6
f 459//10 460//776 340//636
f 340//637 460//777 459//11
f 525//40 400//714 460//776
f 460//777 400//715 525//41
f 526//59 401//716 400//714
f 400//715 401//717 526//56
f 527//83 402//718 401//716
f 401//717 402//719 527//82
f 528//99 403//720 402//718
f 402//719 403//721 528//94
f 529//98 404//722 403//720
f 403//721 404//723 529//95
f 530//110 405//724 404//722
f 404//723 405//725 530//111
f 405//724 531//157 461//778
f 461//779 531//156 405//725
f 515//854 462//780 392//712
f 392//713 462//781 515//855
f 462//780 463//782 343//642
f 343//643 463//783 462//781
f 463//782 464//784 344//644
f 344//645 464//785 463//783
f 464//784 465//786 345//646
f 345//647 465//787 464//785
f 465//786 466//788 346//648
f 346//649 466//789 465//787
f 466//788 467//790 347//650
f 347//651 467//791 466//789
f 467//790 532//856 406//726
f 406//727 532//857 467//791
f 357//664 471//792 479//806
f 479//807 471//793 357//665
f 351//652 472//794 471//792
f 471//793 472//795 351//653
f 352//654 473//796 472//794
f 472//795 473//797 352//655
f 353//656 474//798 473//796
f 473//797 474//799 353//657
f 354//658 475//800 474//798
f 474//799 475//801 354//659
f 356//662 478//804 475//800
f 475//801 478//805 356//663
f 476//11 477//802 355//660
f 355//661 477//803 476//10
f 477//802 534//56 411//728
f 411//729 534//59 477//803
f 411//728 535//82 412//730
f 412//731 535//83 411//729
f 412//730 536//94 413//732
f 413//733 536//99 412//731
f 536//94 414//734 413//732
f 413//733 414//735 536//99
f 537//95 415//736 414//734
f 414//735 415//737 537//98
f 416//738 479//806 538//858
f 538//859 479//807 416//739
f 417//740 416//738 539//860
f 539//861 416//739 417//741
f 418//742 417//740 540//862
f 540//863 417//741 418//743
f 419//744 418//742 541//864
f 541//865 418//743 419//745
f 420//746 419//744 542//866
f 542//867 419//745 420//747
f 421//748 420//746 543//868
f 543//869 420//747 421//749
f 480//808 421//748 543//868
f 543//869 421//749 480//809
f 480//808 481//810 359//668
f 359//669 481//811 480//809
f 481//810 482//812 360//670
f 360//671 482//813 481//811
f 482//812 483//814 361//672
f 361//673 483//815 482//813
f 483//814 484//816 362//674
f 362//675 484//817 483//815
f 484//816 485//818 363//676
f 363//677 485//819 484//817
f 485//818 544//870 422//750
f 422//751 544//871 485//819
f 422//750 545//872 423//752
f 423//753 545//873 422//751
f 423//752 546//874 424//754
f 424//755 546//875 423//753
f 546//874 425//756 424//754
f 424//755 425//757 546//875
f 547//876 426//758 425//756
f 425//757 426//759 547//877
f 548//878 429//762 426//758
f 426//759 429//763 548//879
f 427//760 486//820 549//880
f 549//881 486//821 427//761
f 364//678 487//822 486//820
f 486//821 487//823 364//679
f 427//760 550//11 458//11
f 458//10 550//10 427//761
f 365//680 488//824 487//822
f 487//823 488//825 365//681
f 366//682 490//826 488//824
f 488//825 490//827 366//683
f 367//684 491//828 490//826
f 490//827 491//829 367//685
f 368//686 492//830 491//828
f 491//829 492//831 368//687
f 552//882 492//830 429//762
f 429//763 492//831 552//883
f 432//6 554//161 476//6
f 476//6 554//160 432//6
f 498//832 406//726 532//856
f 532//857 406//727 498//833
f 499//834 379//688 498//832
f 498//833 379//689 499//835
f 381//692 499//834 500//836
f 500//837 499//835 381//693
f 382//694 500//836 501//838
f 501//839 500//837 382//695
f 383//696 501//838 502//840
f 502//841 501//839 383//697
f 386//700 502//840 509//842
f 509//843 502//841 386//701
f 442//15 557//15 503//15
f 503//14 557//14 442//14
f 503//36 504//10 384//698
f 384//699 504//11 503//37
f 443//15 534//15 442//15
f 442//14 534//14 443//14
f 506//161 385//6 504//161
f 504//160 385//6 506//160
f 445//15 535//15 443//15
f 443//14 535//14 445//14
f 432//6 506//161 554//161
f 554//160 506//160 432//6
f 507//62 327//620 328//622
f 328//623 327//621 507//67
f 507//15 536//15 445//15
f 445//14 536//14 507//14
f 446//15 559//15 508//15
f 508//14 559//14 446//14
f 508//74 328//622 329//624
f 329//625 328//623 508//75
f 446//92 509//842 560//126
f 560//127 509//843 446//93
f 447//764 561//884 510//844
f 510//845 561//885 447//765
f 510//844 511//846 387//702
f 387//703 511//847 510//845
f 562//886 447//764 448//766
f 448//767 447//765 562//887
f 511//846 512//848 388//704
f 388//705 512//849 511//847
f 563//888 448//766 449//768
f 449//769 448//767 563//889
f 512//848 513//850 389//706
f 389//707 513//851 512//849
f 564//890 449//768 450//770
f 450//771 449//769 564//891
f 513//850 514//852 390//708
f 390//709 514//853 513//851
f 565//892 450//770 451//772
f 451//773 450//771 565//893
f 514//852 515//854 391//710
f 391//711 515//855 514//853
f 566//894 451//772 452//774
f 452//775 451//773 566//895
f 567//896 452//774 461//778
f 461//779 452//775 567//897
f 459//6 455//6 521//6
f 521//6 455//6 459//6
f 521//6 455//6 458//6
f 458//6 455//6 521//6
f 573//10 460//776 459//10
f 459//11 460//777 573//11
f 521//6 573//193 459//6
f 459//6 573//192 521//6
f 400//714 525//40 526//59
f 526//56 525//41 400//715
f 460//776 576//10 525//40
f 525//41 576//11 460//777
f 401//716 526//59 527//83
f 527//82 526//56 401//717
f 402//718 527//83 528//99
f 528//94 527//82 402//719
f 403//720 528//99 529//98
f 529//95 528//94 403//721
f 404//722 529//98 530//110
f 530//111 529//95 404//723
f 405//724 530//110 577//144
f 577//145 530//111 405//725
f 531//157 405//724 577//144
f 577//145 405//725 531//156
f 578//168 461//778 531//157
f 531//156 461//779 578//169
f 462//780 515//854 579//898
f 579//899 515//855 462//781
f 463//782 462//780 579//898
f 579//899 462//781 463//783
f 464//784 463//782 580//900
f 580//901 463//783 464//785
f 465//786 464//784 581//902
f 581//903 464//785 465//787
f 466//788 465//786 582//904
f 582//905 465//787 466//789
f 467//790 466//788 583//906
f 583//907 466//789 467//791
f 532//856 467//790 584//908
f 584//909 467//791 532//857
f 585//910 479//806 471//792
f 471//793 479//807 585//911
f 586//912 471//792 472//794
f 472//795 471//793 586//913
f 587//914 472//794 473//796
f 473//797 472//795 587//915
f 588//916 473//796 474//798
f 474//799 473//797 588//917
f 589//918 474//798 475//800
f 475//801 474//799 589//919
f 590//920 475//800 478//804
f 478//805 475//801 590//921
f 554//11 477//802 476//11
f 476//10 477//803 554//10
f 534//56 477//802 557//41
f 557//40 477//803 534//59
f 535//82 411//728 534//56
f 534//59 411//729 535//83
f 536//94 412//730 535//82
f 535//83 412//731 536//99
f 414//734 536//94 537//95
f 537//98 536//99 414//735
f 415//736 537//95 559//111
f 559//110 537//98 415//737
f 592//922 538//858 479//806
f 479//807 538//859 592//923
f 538//858 539//860 416//738
f 416//739 539//861 538//859
f 539//860 540//862 417//740
f 417//741 540//863 539//861
f 540//862 541//864 418//742
f 418//743 541//865 540//863
f 541//864 542//866 419//744
f 419//745 542//867 541//865
f 542//866 543//868 420//746
f 420//747 543//869 542//867
f 543//868 593//924 480//808
f 480//809 593//925 543//869
f 481//810 480//808 593//924
f 593//925 480//809 481//811
f 482//812 481//810 594//926
f 594//927 481//811 482//813
f 483//814 482//812 595//928
f 595//929 482//813 483//815
f 484//816 483//814 596//930
f 596//931 483//815 484//817
f 485//818 484//816 597//932
f 597//933 484//817 485//819
f 544//870 485//818 598//934
f 598//935 485//819 544//871
f 545//872 422//750 544//870
f 544//871 422//751 545//873
f 546//874 423//752 545//872
f 545//873 423//753 546//875
f 425//756 546//874 547//876
f 547//877 546//875 425//757
f 426//758 547//876 548//878
f 548//879 547//877 426//759
f 429//762 548//878 552//882
f 552//883 548//879 429//763
f 486//820 599//37 549//880
f 549//881 599//36 486//821
f 549//880 550//11 427//760
f 427//761 550//10 549//881
f 600//73 486//820 487//822
f 487//823 486//821 600//72
f 521//6 458//6 550//6
f 550//6 458//6 521//6
f 488//824 600//73 487//822
f 487//823 600//72 488//825
f 490//826 601//66 488//824
f 488//825 601//63 490//827
f 491//828 603//67 490//826
f 490//827 603//62 491//829
f 492//830 604//75 491//828
f 491//829 604//74 492//831
f 492//830 552//882 605//936
f 605//937 552//883 492//831
f 609//938 498//832 532//856
f 532//857 498//833 609//939
f 610//940 499//834 498//832
f 498//833 499//835 610//941
f 611//942 500//836 499//834
f 499//835 500//837 611//943
f 612//944 501//838 500//836
f 500//837 501//839 612//945
f 613//946 502//840 501//838
f 501//839 502//841 613//947
f 614//948 509//842 502//840
f 502//841 509//843 614//949
f 442//15 534//15 557//15
f 557//14 534//14 442//14
f 503//15 557//15 615//15
f 615//14 557//14 503//14
f 504//10 503//36 616//10
f 616//11 503//37 504//11
f 443//15 535//15 534//15
f 534//14 535//14 443//14
f 504//201 618//201 506//201
f 506//200 618//200 504//200
f 445//15 536//15 535//15
f 535//14 536//14 445//14
f 506//201 615//201 554//201
f 554//200 615//200 506//200
f 328//622 508//74 507//62
f 507//15 537//15 536//15
f 536//14 537//14 507//14
f 446//15 619//15 559//15
f 559//14 619//14 446//14
f 508//15 559//15 537//15
f 537//14 559//14 508//14
f 507//67 508//75 328//623
f 620//950 560//126 509//842
f 509//843 560//127 620//951
f 560//15 619//15 446//15
f 446//14 619//14 560//14
f 561//884 447//764 621//952
f 621//953 447//765 561//885
f 622//954 510//844 561//884
f 561//885 510//845 622//955
f 511//846 510//844 623//956
f 623//957 510//845 511//847
f 447//764 562//886 621//952
f 621//953 562//887 447//765
f 448//766 563//888 562//886
f 562//887 563//889 448//767
f 512//848 511//846 624//958
f 624//959 511//847 512//849
f 449//768 564//890 563//888
f 563//889 564//891 449//769
f 513//850 512//848 625//960
f 625//961 512//849 513//851
f 450//770 565//892 564//890
f 564//891 565//893 450//771
f 514//852 513//850 626//962
f 626//963 513//851 514//853
f 451//772 566//894 565//892
f 565//893 566//895 451//773
f 515//854 514//852 627//964
f 627//965 514//853 515//855
f 452//774 567//896 566//894
f 566//895 567//897 452//775
f 461//778 578//168 567//896
f 567//897 578//169 461//779
f 575//193 521//6 550//6
f 550//6 521//6 575//192
f 576//10 460//776 573//10
f 573//11 460//777 576//11
f 573//193 521//6 575//193
f 575//192 521//6 573//192
f 525//15 634//15 526//15
f 526//14 634//14 525//14
f 576//15 599//15 525//15
f 525//14 599//14 576//14
f 526//15 600//15 527//15
f 527//14 600//14 526//14
f 527//15 601//15 528//15
f 528//14 601//14 527//14
f 528//15 603//15 529//15
f 529//14 603//14 528//14
f 529//15 604//15 530//15
f 530//14 604//14 529//14
f 530//15 635//15 577//15
f 577//14 635//14 530//14
f 577//15 636//15 531//15
f 531//14 636//14 577//14
f 531//15 637//15 578//15
f 578//14 637//14 531//14
f 627//964 579//898 515//854
f 515//855 579//899 627//965
f 579//898 580//900 463//782
f 463//783 580//901 579//899
f 580//900 581//902 464//784
f 464//785 581//903 580//901
f 581//902 582//904 465//786
f 465//787 582//905 581//903
f 582//904 583//906 466//788
f 466//789 583//907 582//905
f 583//906 584//908 467//790
f 467//791 584//909 583//907
f 638//966 532//856 584//908
f 584//909 532//857 638//967
f 479//806 585//910 592//922
f 592//923 585//911 479//807
f 471//792 586//912 585//910
f 585//911 586//913 471//793
f 472//794 587//914 586//912
f 586//913 587//915 472//795
f 473//796 588//916 587//914
f 587//915 588//917 473//797
f 474//798 589//918 588//916
f 588//917 589//919 474//799
f 475//800 590//920 589//918
f 589//919 590//921 475//801
f 478//804 639//156 590//920
f 590//921 639//157 478//805
f 554//11 557//41 477//802
f 477//803 557//40 554//10
f 619//145 415//736 559//111
f 559//110 415//737 619//144
f 538//858 592//922 641//968
f 641//969 592//923 538//859
f 539//860 538//858 642//970
f 642//971 538//859 539//861
f 540//862 539//860 643//972
f 643//973 539//861 540//863
f 541//864 540//862 644//974
f 644//975 540//863 541//865
f 542//866 541//864 645//976
f 645//977 541//865 542//867
f 543//868 542//866 646//978
f 646//979 542//867 543//869
f 593//924 543//868 646//978
f 646//979 543//869 593//925
f 593//924 594//926 481//810
f 481//811 594//927 593//925
f 594//926 595//928 482//812
f 482//813 595//929 594//927
f 595//928 596//930 483//814
f 483//815 596//931 595//929
f 596//930 597//932 484//816
f 484//817 597//933 596//931
f 597//932 598//934 485//818
f 485//819 598//935 597//933
f 647//980 544//870 598//934
f 598//935 544//871 647//981
f 648//982 545//872 544//870
f 544//871 545//873 648//983
f 649//984 546//874 545//872
f 545//873 546//875 649//985
f 650//986 547//876 546//874
f 546//875 547//877 650//987
f 651//988 548//878 547//876
f 547//877 548//879 651//989
f 652//990 552//882 548//878
f 548//879 552//883 652//991
f 599//37 486//820 634//51
f 634//48 486//821 599//36
f 653//11 549//880 599//37
f 599//36 549//881 653//10
f 549//880 631//11 550//11
f 550//10 631//10 549//881
f 486//820 600//73 634//51
f 634//48 600//72 486//821
f 600//73 488//824 601//66
f 601//63 488//825 600//72
f 601//66 490//826 603//67
f 603//62 490//827 601//63
f 603//67 491//828 604//75
f 604//74 491//829 603//62
f 604//75 492//830 635//93
f 635//92 492//831 604//74
f 655//992 605//936 552//882
f 552//883 605//937 655//993
f 605//936 635//93 492//830
f 492//831 635//92 605//937
f 498//832 609//938 610//940
f 610//941 609//939 498//833
f 532//856 638//966 609//938
f 609//939 638//967 532//857
f 499//834 610//940 611//942
f 611//943 610//941 499//835
f 500//836 611//942 612//944
f 612//945 611//943 500//837
f 501//838 612//944 613//946
f 613//947 612//945 501//839
f 502//840 613//946 614//948
f 614//949 613//947 502//841
f 509//842 614//948 620//950
f 620//951 614//949 509//843
f 557//41 554//11 615//11
f 615//10 554//10 557//40
f 503//15 615//15 616//15
f 616//14 615//14 503//14
f 618//201 504//201 616//201
f 616//200 504//200 618//200
f 506//201 618//201 615//201
f 615//200 618//200 506//200
f 508//15 537//15 507//15
f 507//14 537//14 508//14
f 560//126 620//950 658//128
f 658//129 620//951 560//127
f 560//15 639//15 619//15
f 619//14 639//14 560//14
f 621//952 659//994 561//884
f 561//885 659//995 621//953
f 510//844 622//954 623//956
f 623//957 622//955 510//845
f 561//884 660//996 622//954
f 622//955 660//997 561//885
f 661//998 511//846 623//956
f 623//957 511//847 661//999
f 662//1000 621//952 562//886
f 562//887 621//953 662//1001
f 663//1002 562//886 563//888
f 563//889 562//887 663//1003
f 511//846 661//998 624//958
f 624//959 661//999 511//847
f 624//958 625//960 512//848
f 512//849 625//961 624//959
f 664//1004 563//888 564//890
f 564//891 563//889 664//1005
f 625//960 626//962 513//850
f 513//851 626//963 625//961
f 665//1006 564//890 565//892
f 565//893 564//891 665//1007
f 626//962 627//964 514//852
f 514//853 627//965 626//963
f 666//1008 565//892 566//894
f 566//895 565//893 666//1009
f 667//1010 566//894 567//896
f 567//897 566//895 667//1011
f 668//186 567//896 578//168
f 578//169 567//897 668//187
f 575//193 550//6 631//193
f 631//192 550//6 575//192
f 575//200 576//200 573//200
f 573//201 576//201 575//201
f 670//200 575//200 631//200
f 631//201 575//201 670//201
f 525//15 599//15 634//15
f 634//14 599//14 525//14
f 526//15 634//15 600//15
f 600//14 634//14 526//14
f 670//15 599//15 576//15
f 576//14 599//14 670//14
f 527//15 600//15 601//15
f 601//14 600//14 527//14
f 528//15 601//15 603//15
f 603//14 601//14 528//14
f 529//15 603//15 604//15
f 604//14 603//14 529//14
f 530//15 604//15 635//15
f 635//14 604//14 530//14
f 577//15 635//15 636//15
f 636//14 635//14 577//14
f 531//15 636//15 637//15
f 637//14 636//14 531//14
f 578//15 637//15 672//15
f 672//14 637//14 578//14
f 579//898 627//964 673//1012
f 673//1013 627//965 579//899
f 580//900 579//898 673//1012
f 673//1013 579//899 580//901
f 581//902 580//900 674//1014
f 674//1015 580//901 581//903
f 582//904 581//902 675//1016
f 675//1017 581//903 582//905
f 583//906 582//904 676//1018
f 676//1019 582//905 583//907
f 584//908 583//906 677//1020
f 677//1021 583//907 584//909
f 584//908 678//1022 638//966
f 638//967 678//1023 584//909
f 679//1024 592//922 585//910
f 585//911 592//923 679//1025
f 680//1026 585//910 586//912
f 586//913 585//911 680//1027
f 681//1028 586//912 587//914
f 587//915 586//913 681//1029
f 682//1030 587//914 588//916
f 588//917 587//915 682//1031
f 683//1032 588//916 589//918
f 589//919 588//917 683//1033
f 684//1034 589//918 590//920
f 590//921 589//919 684//1035
f 639//156 478//804 619//145
f 619//144 478//805 639//157
f 685//169 590//920 639//156
f 639//157 590//921 685//168
f 415//736 619//145 478//804
f 478//805 619//144 415//737
f 592//922 686//1036 641//968
f 641//969 686//1037 592//923
f 641//968 642//970 538//858
f 538//859 642//971 641//969
f 642//970 643//972 539//860
f 539//861 643//973 642//971
f 643//972 644//974 540//862
f 540//863 644//975 643//973
f 644//974 645//976 541//864
f 541//865 645//977 644//975
f 645//976 646//978 542//866
f 542//867 646//979 645//977
f 646//978 687//1038 593//924
f 593//925 687//1039 646//979
f 594//926 593//924 687//1038
f 687//1039 593//925 594//927
f 595//928 594//926 688//1040
f 688//1041 594//927 595//929
f 596//930 595//928 689//1042
f 689//1043 595//929 596//931
f 597//932 596//930 690//1044
f 690//1045 596//931 597//933
f 598//934 597//932 691//1046
f 691//1047 597//933 598//935
f 544//870 647//980 648//982
f 648//983 647//981 544//871
f 598//934 692//1048 647//980
f 647//981 692//1049 598//935
f 545//872 648//982 649//984
f 649//985 648//983 545//873
f 546//874 649//984 650//986
f 650//987 649//985 546//875
f 547//876 650//986 651//988
f 651//989 650//987 547//877
f 548//878 651//988 652//990
f 652//991 651//989 548//879
f 552//882 652//990 655//992
f 655//993 652//991 552//883
f 549//880 653//11 631//11
f 631//10 653//10 549//881
f 599//15 670//15 653//15
f 653//14 670//14 599//14
f 605//936 655//992 694//1050
f 694//1051 655//993 605//937
f 635//93 605//936 636//127
f 636//126 605//937 635//92
f 696//1052 610//940 609//938
f 609//939 610//941 696//1053
f 697//1054 609//938 638//966
f 638//967 609//939 697//1055
f 698//1056 611//942 610//940
f 610//941 611//943 698//1057
f 699//1058 612//944 611//942
f 611//943 612//945 699//1059
f 700//1060 613//946 612//944
f 612//945 613//947 700//1061
f 701//1062 614//948 613//946
f 613//947 614//949 701//1063
f 702//1064 620//950 614//948
f 614//949 620//951 702//1065
f 616//15 615//15 618//15
f 618//14 615//14 616//14
f 704//1066 658//128 620//950
f 620//951 658//129 704//1067
f 658//15 639//15 560//15
f 560//14 639//14 658//14
f 659//994 621//952 705//1068
f 705//1069 621//953 659//995
f 660//996 561//884 659//994
f 659//995 561//885 660//997
f 706//1070 623//956 622//954
f 622//955 623//957 706//1071
f 707//1072 622//954 660//996
f 660//997 622//955 707//1073
f 623//956 706//1070 661//998
f 661//999 706//1071 623//957
f 621//952 662//1000 705//1068
f 705//1069 662//1001 621//953
f 562//886 663//1002 662//1000
f 662//1001 663//1003 562//887
f 563//888 664//1004 663//1002
f 663//1003 664//1005 563//889
f 708//1074 624//958 661//998
f 661//999 624//959 708//1075
f 625//960 624//958 709//1076
f 709//1077 624//959 625//961
f 564//890 665//1006 664//1004
f 664//1005 665//1007 564//891
f 626//962 625//960 710//1078
f 710//1079 625//961 626//963
f 565//892 666//1008 665//1006
f 665//1007 666//1009 565//893
f 627//964 626//962 711//1080
f 711//1081 626//963 627//965
f 566//894 667//1010 666//1008
f 666//1009 667//1011 566//895
f 567//896 668//186 667//1010
f 667//1011 668//187 567//897
f 578//15 672//15 668//15
f 668//14 672//14 578//14
f 576//200 575//200 670//200
f 670//201 575//201 576//201
f 670//200 631//200 653//200
f 653//201 631//201 670//201
f 636//127 694//1050 637//129
f 637//128 694//1051 636//126
f 637//129 714//1082 672//151
f 672//150 714//1083 637//128
f 711//1080 673//1012 627//964
f 627//965 673//1013 711//1081
f 673//1012 674//1014 580//900
f 580//901 674//1015 673//1013
f 674//1014 675//1016 581//902
f 581//903 675//1017 674//1015
f 675//1016 676//1018 582//904
f 582//905 676//1019 675//1017
f 715//1084 583//906 676//1018
f 676//1019 583//907 715//1085
f 583//906 715//1084 677//1020
f 677//1021 715//1085 583//907
f 678//1022 584//908 677//1020
f 677//1021 584//909 678//1023
f 716//1086 638//966 678//1022
f 678//1023 638//967 716//1087
f 592//922 679//1024 717//1088
f 717//1089 679//1025 592//923
f 585//910 680//1026 679//1024
f 679//1025 680//1027 585//911
f 586//912 681//1028 680//1026
f 680//1027 681//1029 586//913
f 587//914 682//1030 681//1028
f 681//1029 682//1031 587//915
f 588//916 683//1032 682//1030
f 682//1031 683//1033 588//917
f 589//918 684//1034 683//1032
f 683//1033 684//1035 589//919
f 590//920 685//169 684//1034
f 684//1035 685//168 590//921
f 658//15 685//15 639//15
f 639//14 685//14 658//14
f 686//1036 592//922 717//1088
f 717//1089 592//923 686//1037
f 718//1090 641//968 686//1036
f 686//1037 641//969 718//1091
f 642//970 641//968 719//1092
f 719//1093 641//969 642//971
f 643//972 642//970 720//1094
f 720//1095 642//971 643//973
f 644//974 643//972 721//1096
f 721//1097 643//973 644//975
f 645//976 644//974 722//1098
f 722//1099 644//975 645//977
f 646//978 645//976 723//1100
f 723//1101 645//977 646//979
f 687//1038 646//978 723//1100
f 723//1101 646//979 687//1039
f 687//1038 688//1040 594//926
f 594//927 688//1041 687//1039
f 688//1040 689//1042 595//928
f 595//929 689//1043 688//1041
f 689//1042 690//1044 596//930
f 596//931 690//1045 689//1043
f 724//1102 597//932 690//1044
f 690//1045 597//933 724//1103
f 597//932 724//1102 691//1046
f 691//1047 724//1103 597//933
f 692//1048 598//934 691//1046
f 691//1047 598//935 692//1049
f 725//1104 648//982 647//980
f 647//981 648//983 725//1105
f 726//1106 647//980 692//1048
f 692//1049 647//981 726//1107
f 727//1108 649//984 648//982
f 648//983 649//985 727//1109
f 728//1110 650//986 649//984
f 649//985 650//987 728//1111
f 729//1112 651//988 650//986
f 650//987 651//989 729//1113
f 730//1114 652//990 651//988
f 651//989 652//991 730//1115
f 731//1116 655//992 652//990
f 652//991 655//993 731//1117
f 732//1118 694//1050 655//992
f 655//993 694//1051 732//1119
f 694//1050 636//127 605//936
f 605//937 636//126 694//1051
f 610//940 696//1052 698//1056
f 698//1057 696//1053 610//941
f 609//938 697//1054 696//1052
f 696//1053 697//1055 609//939
f 638//966 716//1086 697//1054
f 697//1055 716//1087 638//967
f 611//942 698//1056 699//1058
f 699//1059 698//1057 611//943
f 612//944 699//1058 700//1060
f 700//1061 699//1059 612//945
f 613//946 700//1060 701//1062
f 701//1063 700//1061 613//947
f 614//948 701//1062 702//1064
f 702//1065 701//1063 614//949
f 620//950 702//1064 704//1066
f 704//1067 702//1065 620//951
f 658//128 704//1066 733//150
f 733//151 704//1067 658//129
f 705//1068 734//1120 659//994
f 659//995 734//1121 705//1069
f 659//994 735//1122 660//996
f 660//997 735//1123 659//995
f 622//954 707//1072 706//1070
f 706//1071 707//1073 622//955
f 660//996 736//1124 707//1072
f 707//1073 736//1125 660//997
f 737//1126 661//998 706//1070
f 706//1071 661//999 737//1127
f 738//1128 705//1068 662//1000
f 662//1001 705//1069 738//1129
f 739//1130 662//1000 663//1002
f 663//1003 662//1001 739//1131
f 740//1132 663//1002 664//1004
f 664//1005 663//1003 740//1133
f 624//958 708//1074 709//1076
f 709//1077 708//1075 624//959
f 661//998 737//1126 708//1074
f 708//1075 737//1127 661//999
f 709//1076 710//1078 625//960
f 625//961 710//1079 709//1077
f 741//1134 664//1004 665//1006
f 665//1007 664//1005 741//1135
f 710//1078 711//1080 626//962
f 626//963 711//1081 710//1079
f 742//1136 665//1006 666//1008
f 666//1009 665//1007 742//1137
f 743//1138 666//1008 667//1010
f 667//1011 666//1009 743//1139
f 744//184 667//1010 668//186
f 668//187 667//1011 744//185
f 668//15 672//15 745//15
f 745//14 672//14 668//14
f 714//1082 637//129 694//1050
f 694//1051 637//128 714//1083
f 746//1140 672//151 714//1082
f 714//1083 672//150 746//1141
f 673//1012 711//1080 747//1142
f 747//1143 711//1081 673//1013
f 674//1014 673//1012 747//1142
f 747//1143 673//1013 674//1015
f 675//1016 674//1014 748//1144
f 748//1145 674//1015 675//1017
f 676//1018 675//1016 749//1146
f 749//1147 675//1017 676//1019
f 676//1018 750//1148 715//1084
f 715//1085 750//1149 676//1019
f 751//1150 677//1020 715//1084
f 715//1085 677//1021 751//1151
f 677//1020 751//1150 678//1022
f 678//1023 751//1151 677//1021
f 678//1022 752//1152 716//1086
f 716//1087 752//1153 678//1023
f 753//1154 717//1088 679//1024
f 679//1025 717//1089 753//1155
f 754//1156 679//1024 680//1026
f 680//1027 679//1025 754//1157
f 755//1158 680//1026 681//1028
f 681//1029 680//1027 755//1159
f 756//1160 681//1028 682//1030
f 682//1031 681//1029 756//1161
f 757//1162 682//1030 683//1032
f 683//1033 682//1031 757//1163
f 758//1164 683//1032 684//1034
f 684//1035 683//1033 758//1165
f 759//187 684//1034 685//169
f 685//168 684//1035 759//186
f 733//15 685//15 658//15
f 658//14 685//14 733//14
f 717//1088 760//1166 686//1036
f 686//1037 760//1167 717//1089
f 641//968 718//1090 719//1092
f 719//1093 718//1091 641//969
f 686//1036 761//1168 718//1090
f 718//1091 761//1169 686//1037
f 762//1170 642//970 719//1092
f 719//1093 642//971 762//1171
f 642//970 762//1170 720//1094
f 720//1095 762//1171 642//971
f 720//1094 721//1096 643//972
f 643//973 721//1097 720//1095
f 721//1096 722//1098 644//974
f 644//975 722//1099 721//1097
f 722//1098 723//1100 645//976
f 645//977 723//1101 722//1099
f 723//1100 763//1172 687//1038
f 687//1039 763//1173 723//1101
f 688//1040 687//1038 763//1172
f 763//1173 687//1039 688//1041
f 689//1042 688//1040 764//1174
f 764//1175 688//1041 689//1043
f 690//1044 689//1042 765//1176
f 765//1177 689//1043 690//1045
f 690//1044 766//1178 724//1102
f 724//1103 766//1179 690//1045
f 767//1180 691//1046 724//1102
f 724//1103 691//1047 767//1181
f 691//1046 767//1180 692//1048
f 692//1049 767//1181 691//1047
f 648//982 725//1104 727//1108
f 727//1109 725//1105 648//983
f 647//980 726//1106 725//1104
f 725//1105 726//1107 647//981
f 692//1048 768//1182 726//1106
f 726//1107 768//1183 692//1049
f 649//984 727//1108 728//1110
f 728//1111 727//1109 649//985
f 650//986 728//1110 729//1112
f 729//1113 728//1111 650//987
f 651//988 729//1112 730//1114
f 730//1115 729//1113 651//989
f 652//990 730//1114 731//1116
f 731//1117 730//1115 652//991
f 655//992 731//1116 732//1118
f 732//1119 731//1117 655//993
f 694//1050 732//1118 714//1082
f 714//1083 732//1119 694//1051
f 769//1184 698//1056 696//1052
f 696//1053 698//1057 769//1185
f 770//1186 696//1052 697//1054
f 697//1055 696//1053 770//1187
f 771//1188 697//1054 716//1086
f 716//1087 697//1055 771//1189
f 772//1190 699//1058 698//1056
f 698//1057 699//1059 772//1191
f 773//1192 700//1060 699//1058
f 699//1059 700//1061 773//1193
f 774//1194 701//1062 700//1060
f 700//1061 701//1063 774//1195
f 775//1196 702//1064 701//1062
f 701//1063 702//1065 775//1197
f 776//1198 704//1066 702//1064
f 702//1065 704//1067 776//1199
f 777//1200 733//150 704//1066
f 704//1067 733//151 777//1201
f 734//1120 705//1068 778//1202
f 778//1203 705//1069 734//1121
f 735//1122 659//994 734//1120
f 734//1121 659//995 735//1123
f 736//1124 660//996 735//1122
f 735//1123 660//997 736//1125
f 779//1204 706//1070 707//1072
f 707//1073 706//1071 779//1205
f 780//1206 707//1072 736//1124
f 736//1125 707//1073 780//1207
f 706//1070 779//1204 737//1126
f 737//1127 779//1205 706//1071
f 705//1068 738//1128 778//1202
f 778//1203 738//1129 705//1069
f 662//1000 739//1130 738//1128
f 738//1129 739//1131 662//1001
f 663//1002 740//1132 739//1130
f 739//1131 740//1133 663//1003
f 664//1004 741//1134 740//1132
f 740//1133 741//1135 664//1005
f 781//1208 709//1076 708//1074
f 708//1075 709//1077 781//1209
f 782//1210 708//1074 737//1126
f 737//1127 708//1075 782//1211
f 710//1078 709//1076 783//1212
f 783//1213 709//1077 710//1079
f 665//1006 742//1136 741//1134
f 741//1135 742//1137 665//1007
f 711//1080 710//1078 784//1214
f 784//1215 710//1079 711//1081
f 666//1008 743//1138 742//1136
f 742//1137 743//1139 666//1009
f 667//1010 744//184 743//1138
f 743//1139 744//185 667//1011
f 668//15 745//15 744//15
f 744//14 745//14 668//14
f 672//151 746//1140 745//153
f 745//152 746//1141 672//150
f 714//1082 785//1216 746//1140
f 746//1141 785//1217 714//1083
f 784//1214 747//1142 711//1080
f 711//1081 747//1143 784//1215
f 747//1142 748//1144 674//1014
f 674//1015 748//1145 747//1143
f 748//1144 749//1146 675//1016
f 675//1017 749//1147 748//1145
f 750//1148 676//1018 749//1146
f 749//1147 676//1019 750//1149
f 786//1218 715//1084 750//1148
f 750//1149 715//1085 786//1219
f 715//1084 786//1218 751//1150
f 751//1151 786//1219 715//1085
f 752//1152 678//1022 751//1150
f 751//1151 678//1023 752//1153
f 787//1220 716//1086 752//1152
f 752//1153 716//1087 787//1221
f 717//1088 753//1154 788//1222
f 788//1223 753//1155 717//1089
f 679//1024 754//1156 753//1154
f 753//1155 754//1157 679//1025
f 680//1026 755//1158 754//1156
f 754//1157 755//1159 680//1027
f 681//1028 756//1160 755//1158
f 755//1159 756//1161 681//1029
f 682//1030 757//1162 756//1160
f 756//1161 757//1163 682//1031
f 683//1032 758//1164 757//1162
f 757//1163 758//1165 683//1033
f 684//1034 759//187 758//1164
f 758//1165 759//186 684//1035
f 733//15 759//15 685//15
f 685//14 759//14 733//14
f 760//1166 717//1088 788//1222
f 788//1223 717//1089 760//1167
f 761//1168 686//1036 760//1166
f 760//1167 686//1037 761//1169
f 789//1224 719//1092 718//1090
f 718//1091 719//1093 789//1225
f 790//1226 718//1090 761//1168
f 761//1169 718//1091 790//1227
f 719//1092 789//1224 762//1170
f 762//1171 789//1225 719//1093
f 791//1228 720//1094 762//1170
f 762//1171 720//1095 791//1229
f 721//1096 720//1094 792//1230
f 792//1231 720//1095 721//1097
f 722//1098 721//1096 793//1232
f 793//1233 721//1097 722//1099
f 723//1100 722//1098 794//1234
f 794//1235 722//1099 723//1101
f 763//1172 723//1100 794//1234
f 794//1235 723//1101 763//1173
f 763//1172 764//1174 688//1040
f 688//1041 764//1175 763//1173
f 764//1174 765//1176 689//1042
f 689//1043 765//1177 764//1175
f 766//1178 690//1044 765//1176
f 765//1177 690//1045 766//1179
f 795//1236 724//1102 766//1178
f 766//1179 724//1103 795//1237
f 724//1102 795//1236 767//1180
f 767//1181 795//1237 724//1103
f 768//1182 692//1048 767//1180
f 767//1181 692//1049 768//1183
f 796//1238 727//1108 725//1104
f 725//1105 727//1109 796//1239
f 797//1240 725//1104 726//1106
f 726//1107 725//1105 797//1241
f 798//1242 726//1106 768//1182
f 768//1183 726//1107 798//1243
f 799//1244 728//1110 727//1108
f 727//1109 728//1111 799//1245
f 800//1246 729//1112 728//1110
f 728//1111 729//1113 800//1247
f 801//1248 730//1114 729//1112
f 729//1113 730//1115 801//1249
f 802//1250 731//1116 730//1114
f 730//1115 731//1117 802//1251
f 803//1252 732//1118 731//1116
f 731//1117 732//1119 803//1253
f 785//1216 714//1082 732//1118
f 732//1119 714//1083 785//1217
f 698//1056 769//1184 772//1190
f 772//1191 769//1185 698//1057
f 696//1052 770//1186 769//1184
f 769//1185 770//1187 696//1053
f 697//1054 771//1188 770//1186
f 770//1187 771//1189 697//1055
f 716//1086 787//1220 771//1188
f 771//1189 787//1221 716//1087
f 699//1058 772//1190 773//1192
f 773//1193 772//1191 699//1059
f 700//1060 773//1192 774//1194
f 774//1195 773//1193 700//1061
f 701//1062 774//1194 775//1196
f 775//1197 774//1195 701//1063
f 702//1064 775//1196 776//1198
f 776//1199 775//1197 702//1065
f 704//1066 776//1198 777//1200
f 777//1201 776//1199 704//1067
f 733//150 777//1200 804//152
f 804//153 777//1201 733//151
f 778//1202 805//1254 734//1120
f 734//1121 805//1255 778//1203
f 734//1120 806//1256 735//1122
f 735//1123 806//1257 734//1121
f 735//1122 807//1258 736//1124
f 736//1125 807//1259 735//1123
f 707//1072 780//1206 779//1204
f 779//1205 780//1207 707//1073
f 736//1124 808//1260 780//1206
f 780//1207 808//1261 736//1125
f 809//1262 737//1126 779//1204
f 779//1205 737//1127 809//1263
f 810//1264 778//1202 738//1128
f 738//1129 778//1203 810//1265
f 811//1266 738//1128 739//1130
f 739//1131 738//1129 811//1267
f 812//1268 739//1130 740//1132
f 740//1133 739//1131 812//1269
f 813//1270 740//1132 741//1134
f 741//1135 740//1133 813//1271
f 709//1076 781//1208 783//1212
f 783//1213 781//1209 709//1077
f 708//1074 782//1210 781//1208
f 781//1209 782//1211 708//1075
f 737//1126 809//1262 782//1210
f 782//1211 809//1263 737//1127
f 783//1212 784//1214 710//1078
f 710//1079 784//1215 783//1213
f 814//1272 741//1134 742//1136
f 742//1137 741//1135 814//1273
f 815//1274 742//1136 743//1138
f 743//1139 742//1137 815//1275
f 816//204 743//1138 744//184
f 744//185 743//1139 816//205
f 744//15 745//15 817//15
f 817//14 745//14 744//14
f 818//1276 745//153 746//1140
f 746//1141 745//152 818//1277
f 819//1278 746//1140 785//1216
f 785//1217 746//1141 819//1279
f 747//1142 784//1214 820//1280
f 820//1281 784//1215 747//1143
f 748//1144 747//1142 820//1280
f 820//1281 747//1143 748//1145
f 749//1146 748//1144 821//1282
f 821//1283 748//1145 749//1147
f 749//1146 822//1284 750//1148
f 750//1149 822//1285 749//1147
f 750//1148 823//1286 786//1218
f 786//1219 823//1287 750//1149
f 824//1288 751//1150 786//1218
f 786//1219 751//1151 824//1289
f 751//1150 824//1288 752//1152
f 752//1153 824//1289 751//1151
f 752//1152 825//1290 787//1220
f 787//1221 825//1291 752//1153
f 826//1292 788//1222 753//1154
f 753//1155 788//1223 826//1293
f 827//1294 753//1154 754//1156
f 754//1157 753//1155 827//1295
f 828//1296 754//1156 755//1158
f 755//1159 754//1157 828//1297
f 829//1298 755//1158 756//1160
f 756//1161 755//1159 829//1299
f 830//1300 756//1160 757//1162
f 757//1163 756//1161 830//1301
f 831//1302 757//1162 758//1164
f 758//1165 757//1163 831//1303
f 832//185 758//1164 759//187
f 759//186 758//1165 832//184
f 804//15 759//15 733//15
f 733//14 759//14 804//14
f 788//1222 833//1304 760//1166
f 760//1167 833//1305 788//1223
f 760//1166 834//1306 761//1168
f 761//1169 834//1307 760//1167
f 718//1090 790//1226 789//1224
f 789//1225 790//1227 718//1091
f 761//1168 835//1308 790//1226
f 790//1227 835//1309 761//1169
f 836//1310 762//1170 789//1224
f 789//1225 762//1171 836//1311
f 720//1094 791//1228 792//1230
f 792//1231 791//1229 720//1095
f 762//1170 836//1310 791//1228
f 791//1229 836//1311 762//1171
f 792//1230 793//1232 721//1096
f 721//1097 793//1233 792//1231
f 793//1232 794//1234 722//1098
f 722//1099 794//1235 793//1233
f 794//1234 837//1312 763//1172
f 763//1173 837//1313 794//1235
f 764//1174 763//1172 837//1312
f 837//1313 763//1173 764//1175
f 765//1176 764//1174 838//1314
f 838//1315 764//1175 765//1177
f 765//1176 839//1316 766//1178
f 766//1179 839//1317 765//1177
f 766//1178 840//1318 795//1236
f 795//1237 840//1319 766//1179
f 841//1320 767//1180 795//1236
f 795//1237 767//1181 841//1321
f 767//1180 841//1320 768//1182
f 768//1183 841//1321 767//1181
f 727//1108 796//1238 799//1244
f 799//1245 796//1239 727//1109
f 725//1104 797//1240 796//1238
f 796//1239 797//1241 725//1105
f 726//1106 798//1242 797//1240
f 797//1241 798//1243 726//1107
f 768//1182 842//1322 798//1242
f 798//1243 842//1323 768//1183
f 728//1110 799//1244 800//1246
f 800//1247 799//1245 728//1111
f 729//1112 800//1246 801//1248
f 801//1249 800//1247 729//1113
f 730//1114 801//1248 802//1250
f 802//1251 801//1249 730//1115
f 731//1116 802//1250 803//1252
f 803//1253 802//1251 731//1117
f 732//1118 803//1252 785//1216
f 785//1217 803//1253 732//1119
f 843//1324 772//1190 769//1184
f 769//1185 772//1191 843//1325
f 844//1326 769//1184 770//1186
f 770//1187 769//1185 844//1327
f 845//1328 770//1186 771//1188
f 771//1189 770//1187 845//1329
f 846//1330 771//1188 787//1220
f 787//1221 771//1189 846//1331
f 847//1332 773//1192 772//1190
f 772//1191 773//1193 847//1333
f 848//1334 774//1194 773//1192
f 773//1193 774//1195 848//1335
f 849//1336 775//1196 774//1194
f 774//1195 775//1197 849//1337
f 850//1338 776//1198 775//1196
f 775//1197 776//1199 850//1339
f 851//1340 777//1200 776//1198
f 776//1199 777//1201 851//1341
f 852//1342 804//152 777//1200
f 777//1201 804//153 852//1343
f 805//1254 778//1202 853//1344
f 853//1345 778//1203 805//1255
f 806//1256 734//1120 805//1254
f 805//1255 734//1121 806//1257
f 807//1258 735//1122 806//1256
f 806//1257 735//1123 807//1259
f 808//1260 736//1124 807//1258
f 807//1259 736//1125 808//1261
f 854//1346 779//1204 780//1206
f 780//1207 779//1205 854//1347
f 855//1348 780//1206 808//1260
f 808//1261 780//1207 855//1349
f 779//1204 854//1346 809//1262
f 809//1263 854//1347 779//1205
f 778//1202 810//1264 853//1344
f 853//1345 810//1265 778//1203
f 738//1128 811//1266 810//1264
f 810//1265 811//1267 738//1129
f 739//1130 812//1268 811//1266
f 811//1267 812//1269 739//1131
f 740//1132 813//1270 812//1268
f 812//1269 813//1271 740//1133
f 741//1134 814//1272 813//1270
f 813//1271 814//1273 741//1135
f 856//1350 783//1212 781//1208
f 781//1209 783//1213 856//1351
f 857//1352 781//1208 782//1210
f 782//1211 781//1209 857//1353
f 858//1354 782//1210 809//1262
f 809//1263 782//1211 858//1355
f 784//1214 783//1212 859//1356
f 859//1357 783//1213 784//1215
f 742//1136 815//1274 814//1272
f 814//1273 815//1275 742//1137
f 743//1138 816//204 815//1274
f 815//1275 816//205 743//1139
f 744//15 817//15 816//15
f 816//14 817//14 744//14
f 745//153 818//1276 817//175
f 817//174 818//1277 745//152
f 746//1140 819//1278 818//1276
f 818//1277 819//1279 746//1141
f 785//1216 860//1358 819//1278
f 819//1279 860//1359 785//1217
f 859//1356 820//1280 784//1214
f 784//1215 820//1281 859//1357
f 820//1280 821//1282 748//1144
f 748//1145 821//1283 820//1281
f 822//1284 749//1146 821//1282
f 821//1283 749//1147 822//1285
f 823//1286 750//1148 822//1284
f 822//1285 750//1149 823//1287
f 861//1360 786//1218 823//1286
f 823//1287 786//1219 861//1361
f 786//1218 861//1360 824//1288
f 824//1289 861//1361 786//1219
f 825//1290 752//1152 824//1288
f 824//1289 752//1153 825//1291
f 862//1362 787//1220 825//1290
f 825//1291 787//1221 862//1363
f 788//1222 826//1292 863//1364
f 863//1365 826//1293 788//1223
f 753//1154 827//1294 826//1292
f 826//1293 827//1295 753//1155
f 754//1156 828//1296 827//1294
f 827//1295 828//1297 754//1157
f 755//1158 829//1298 828//1296
f 828//1297 829//1299 755//1159
f 756//1160 830//1300 829//1298
f 829//1299 830//1301 756//1161
f 757//1162 831//1302 830//1300
f 830//1301 831//1303 757//1163
f 758//1164 832//185 831//1302
f 831//1303 832//184 758//1165
f 804//15 832//15 759//15
f 759//14 832//14 804//14
f 833//1304 788//1222 863//1364
f 863//1365 788//1223 833//1305
f 834//1306 760//1166 833//1304
f 833//1305 760//1167 834//1307
f 835//1308 761//1168 834//1306
f 834//1307 761//1169 835//1309
f 864//1366 789//1224 790//1226
f 790//1227 789//1225 864//1367
f 865//1368 790//1226 835//1308
f 835//1309 790//1227 865//1369
f 789//1224 864//1366 836//1310
f 836//1311 864//1367 789//1225
f 866//1370 792//1230 791//1228
f 791//1229 792//1231 866//1371
f 867//1372 791//1228 836//1310
f 836//1311 791//1229 867//1373
f 793//1232 792//1230 868//1374
f 868//1375 792//1231 793//1233
f 794//1234 793//1232 869//1376
f 869//1377 793//1233 794//1235
f 837//1312 794//1234 869//1376
f 869//1377 794//1235 837//1313
f 837//1312 838//1314 764//1174
f 764//1175 838//1315 837//1313
f 839//1316 765//1176 838//1314
f 838//1315 765//1177 839//1317
f 840//1318 766//1178 839//1316
f 839//1317 766//1179 840//1319
f 870//1378 795//1236 840//1318
f 840//1319 795//1237 870//1379
f 795//1236 870//1378 841//1320
f 841//1321 870//1379 795//1237
f 842//1322 768//1182 841//1320
f 841//1321 768//1183 842//1323
f 871//1380 799//1244 796//1238
f 796//1239 799//1245 871//1381
f 872//1382 796//1238 797//1240
f 797//1241 796//1239 872//1383
f 873//1384 797//1240 798//1242
f 798//1243 797//1241 873//1385
f 874//1386 798//1242 842//1322
f 842//1323 798//1243 874//1387
f 875//1388 800//1246 799//1244
f 799//1245 800//1247 875//1389
f 876//1390 801//1248 800//1246
f 800//1247 801//1249 876//1391
f 877//1392 802//1250 801//1248
f 801//1249 802//1251 877//1393
f 878//1394 803//1252 802//1250
f 802//1251 803//1253 878//1395
f 860//1358 785//1216 803//1252
f 803//1253 785//1217 860//1359
f 772//1190 843//1324 847//1332
f 847//1333 843//1325 772//1191
f 769//1184 844//1326 843//1324
f 843//1325 844//1327 769//1185
f 770//1186 845//1328 844//1326
f 844//1327 845//1329 770//1187
f 771//1188 846//1330 845//1328
f 845//1329 846//1331 771//1189
f 787//1220 862//1362 846//1330
f 846//1331 862//1363 787//1221
f 773//1192 847//1332 848//1334
f 848//1335 847//1333 773//1193
f 774//1194 848//1334 849//1336
f 849//1337 848//1335 774//1195
f 775//1196 849//1336 850//1338
f 850//1339 849//1337 775//1197
f 776//1198 850//1338 851//1340
f 851//1341 850//1339 776//1199
f 777//1200 851//1340 852//1342
f 852//1343 851//1341 777//1201
f 804//152 852//1342 879//174
f 879//175 852//1343 804//153
f 853//1344 880//1396 805//1254
f 805//1255 880//1397 853//1345
f 805//1254 881//1398 806//1256
f 806//1257 881//1399 805//1255
f 806//1256 882//1400 807//1258
f 807//1259 882//1401 806//1257
f 807//1258 883//1402 808//1260
f 808//1261 883//1403 807//1259
f 780//1206 855//1348 854//1346
f 854//1347 855//1349 780//1207
f 808//1260 884//1404 855//1348
f 855//1349 884//1405 808//1261
f 885//1406 809//1262 854//1346
f 854//1347 809//1263 885//1407
f 886//1408 853//1344 810//1264
f 810//1265 853//1345 886//1409
f 887//1410 810//1264 811//1266
f 811//1267 810//1265 887//1411
f 888//1412 811//1266 812//1268
f 812//1269 811//1267 888//1413
f 889//1414 812//1268 813//1270
f 813//1271 812//1269 889//1415
f 890//1416 813//1270 814//1272
f 814//1273 813//1271 890//1417
f 783//1212 856//1350 859//1356
f 859//1357 856//1351 783//1213
f 781//1208 857//1352 856//1350
f 856//1351 857//1353 781//1209
f 782//1210 858//1354 857//1352
f 857//1353 858//1355 782//1211
f 809//1262 885//1406 858//1354
f 858//1355 885//1407 809//1263
f 891//1418 814//1272 815//1274
f 815//1275 814//1273 891//1419
f 892//218 815//1274 816//204
f 816//205 815//1275 892//219
f 816//15 817//15 893//15
f 893//14 817//14 816//14
f 894//1420 817//175 818//1276
f 818//1277 817//174 894//1421
f 895//1422 818//1276 819//1278
f 819//1279 818//1277 895//1423
f 896//1424 819//1278 860//1358
f 860//1359 819//1279 896//1425
f 820//1280 859//1356 897//1426
f 897//1427 859//1357 820//1281
f 821//1282 820//1280 897//1426
f 897//1427 820//1281 821//1283
f 821//1282 898//1428 822//1284
f 822//1285 898//1429 821//1283
f 822//1284 899//1430 823//1286
f 823//1287 899//1431 822//1285
f 823//1286 900//1432 861//1360
f 861//1361 900//1433 823//1287
f 901//1434 824//1288 861//1360
f 861//1361 824//1289 901//1435
f 824//1288 901//1434 825//1290
f 825//1291 901//1435 824//1289
f 825//1290 902//1436 862//1362
f 862//1363 902//1437 825//1291
f 903//1438 863//1364 826//1292
f 826//1293 863//1365 903//1439
f 904//1440 826//1292 827//1294
f 827//1295 826//1293 904//1441
f 905//1442 827//1294 828//1296
f 828//1297 827//1295 905//1443
f 906//1444 828//1296 829//1298
f 829//1299 828//1297 906//1445
f 907//1446 829//1298 830//1300
f 830//1301 829//1299 907//1447
f 908//1448 830//1300 831//1302
f 831//1303 830//1301 908//1449
f 909//205 831//1302 832//185
f 832//184 831//1303 909//204
f 879//15 832//15 804//15
f 804//14 832//14 879//14
f 863//1364 910//1450 833//1304
f 833//1305 910//1451 863//1365
f 833//1304 911//1452 834//1306
f 834//1307 911//1453 833//1305
f 834//1306 912//1454 835//1308
f 835//1309 912//1455 834//1307
f 790//1226 865//1368 864//1366
f 864//1367 865//1369 790//1227
f 835//1308 913//1456 865//1368
f 865//1369 913//1457 835//1309
f 914//1458 836//1310 864//1366
f 864//1367 836//1311 914//1459
f 792//1230 866//1370 868//1374
f 868//1375 866//1371 792//1231
f 791//1228 867//1372 866//1370
f 866//1371 867//1373 791//1229
f 836//1310 914//1458 867//1372
f 867//1373 914//1459 836//1311
f 868//1374 869//1376 793//1232
f 793//1233 869//1377 868//1375
f 869//1376 915//1460 837//1312
f 837//1313 915//1461 869//1377
f 838//1314 837//1312 915//1460
f 915//1461 837//1313 838//1315
f 838//1314 916//1462 839//1316
f 839//1317 916//1463 838//1315
f 839//1316 917//1464 840//1318
f 840//1319 917//1465 839//1317
f 840//1318 918//1466 870//1378
f 870//1379 918//1467 840//1319
f 919//1468 841//1320 870//1378
f 870//1379 841//1321 919//1469
f 841//1320 919//1468 842//1322
f 842//1323 919//1469 841//1321
f 799//1244 871//1380 875//1388
f 875//1389 871//1381 799//1245
f 796//1238 872//1382 871//1380
f 871//1381 872//1383 796//1239
f 797//1240 873//1384 872//1382
f 872//1383 873//1385 797//1241
f 798//1242 874//1386 873//1384
f 873//1385 874//1387 798//1243
f 842//1322 920//1470 874//1386
f 874//1387 920//1471 842//1323
f 800//1246 875//1388 876//1390
f 876//1391 875//1389 800//1247
f 801//1248 876//1390 877//1392
f 877//1393 876//1391 801//1249
f 802//1250 877//1392 878//1394
f 878//1395 877//1393 802//1251
f 803//1252 878//1394 860//1358
f 860//1359 878//1395 803//1253
f 921//1472 847//1332 843//1324
f 843//1325 847//1333 921//1473
f 922//1474 843//1324 844//1326
f 844//1327 843//1325 922//1475
f 923//1476 844//1326 845//1328
f 845//1329 844//1327 923//1477
f 924//1478 845//1328 846//1330
f 846//1331 845//1329 924//1479
f 925//1480 846//1330 862//1362
f 862//1363 846//1331 925//1481
f 926//1482 848//1334 847//1332
f 847//1333 848//1335 926//1483
f 927//1484 849//1336 848//1334
f 848//1335 849//1337 927//1485
f 928//1486 850//1338 849//1336
f 849//1337 850//1339 928//1487
f 929//1488 851//1340 850//1338
f 850//1339 851//1341 929//1489
f 930//1490 852//1342 851//1340
f 851//1341 852//1343 930//1491
f 931//1492 879//174 852//1342
f 852//1343 879//175 931//1493
f 880//1396 853//1344 932//1494
f 932//1495 853//1345 880//1397
f 881//1398 805//1254 880//1396
f 880//1397 805//1255 881//1399
f 882//1400 806//1256 881//1398
f 881//1399 806//1257 882//1401
f 883//1402 807//1258 882//1400
f 882//1401 807//1259 883//1403
f 884//1404 808//1260 883//1402
f 883//1403 808//1261 884//1405
f 933//1496 854//1346 855//1348
f 855//1349 854//1347 933//1497
f 934//1498 855//1348 884//1404
f 884//1405 855//1349 934//1499
f 854//1346 933//1496 885//1406
f 885//1407 933//1497 854//1347
f 853//1344 886//1408 932//1494
f 932//1495 886//1409 853//1345
f 810//1264 887//1410 886//1408
f 886//1409 887//1411 810//1265
f 811//1266 888//1412 887//1410
f 887//1411 888//1413 811//1267
f 812//1268 889//1414 888//1412
f 888//1413 889//1415 812//1269
f 813//1270 890//1416 889//1414
f 889//1415 890//1417 813//1271
f 814//1272 891//1418 890//1416
f 890//1417 891//1419 814//1273
f 856//1350 897//1426 859//1356
f 859//1357 897//1427 856//1351
f 857//1352 898//1428 856//1350
f 856//1351 898//1429 857//1353
f 858//1354 899//1430 857//1352
f 857//1353 899//1431 858//1355
f 885//1406 900//1432 858//1354
f 858//1355 900//1433 885//1407
f 815//1274 892//218 891//1418
f 891//1419 892//219 815//1275
f 816//15 893//15 892//15
f 892//14 893//14 816//14
f 817//175 894//1420 893//199
f 893//198 894//1421 817//174
f 818//1276 895//1422 894//1420
f 894//1421 895//1423 818//1277
f 819//1278 896//1424 895//1422
f 895//1423 896//1425 819//1279
f 860//1358 935//1500 896//1424
f 896//1425 935//1501 860//1359
f 898//1428 821//1282 897//1426
f 897//1427 821//1283 898//1429
f 899//1430 822//1284 898//1428
f 898//1429 822//1285 899//1431
f 900//1432 823//1286 899//1430
f 899//1431 823//1287 900//1433
f 936//1502 861//1360 900//1432
f 900//1433 861//1361 936//1503
f 861//1360 936//1502 901//1434
f 901//1435 936//1503 861//1361
f 902//1436 825//1290 901//1434
f 901//1435 825//1291 902//1437
f 937//1504 862//1362 902//1436
f 902//1437 862//1363 937//1505
f 863//1364 903//1438 938//1506
f 938//1507 903//1439 863//1365
f 826//1292 904//1440 903//1438
f 903//1439 904//1441 826//1293
f 827//1294 905//1442 904//1440
f 904//1441 905//1443 827//1295
f 828//1296 906//1444 905//1442
f 905//1443 906//1445 828//1297
f 829//1298 907//1446 906//1444
f 906//1445 907//1447 829//1299
f 830//1300 908//1448 907//1446
f 907//1447 908//1449 830//1301
f 831//1302 909//205 908//1448
f 908//1449 909//204 831//1303
f 879//15 909//15 832//15
f 832//14 909//14 879//14
f 910//1450 863//1364 938//1506
f 938//1507 863//1365 910//1451
f 911//1452 833//1304 910//1450
f 910//1451 833//1305 911//1453
f 912//1454 834//1306 911//1452
f 911//1453 834//1307 912//1455
f 913//1456 835//1308 912//1454
f 912//1455 835//1309 913//1457
f 939//1508 864//1366 865//1368
f 865//1369 864//1367 939//1509
f 940//1510 865//1368 913//1456
f 913//1457 865//1369 940//1511
f 864//1366 939//1508 914//1458
f 914//1459 939//1509 864//1367
f 941//1512 868//1374 866//1370
f 866//1371 868//1375 941//1513
f 942//1514 866//1370 867//1372
f 867//1373 866//1371 942//1515
f 943//1516 867//1372 914//1458
f 914//1459 867//1373 943//1517
f 869//1376 868//1374 944//1518
f 944//1519 868//1375 869//1377
f 915//1460 869//1376 944//1518
f 944//1519 869//1377 915//1461
f 916//1462 838//1314 915//1460
f 915//1461 838//1315 916//1463
f 917//1464 839//1316 916//1462
f 916//1463 839//1317 917//1465
f 918//1466 840//1318 917//1464
f 917//1465 840//1319 918//1467
f 945//1520 870//1378 918//1466
f 918//1467 870//1379 945//1521
f 870//1378 945//1520 919//1468
f 919//1469 945//1521 870//1379
f 920//1470 842//1322 919//1468
f 919//1469 842//1323 920//1471
f 946//1522 875//1388 871//1380
f 871//1381 875//1389 946//1523
f 947//1524 871//1380 872//1382
f 872//1383 871//1381 947//1525
f 948//1526 872//1382 873//1384
f 873//1385 872//1383 948//1527
f 949//1528 873//1384 874//1386
f 874//1387 873//1385 949//1529
f 950//1530 874//1386 920//1470
f 920//1471 874//1387 950//1531
f 951//1532 876//1390 875//1388
f 875//1389 876//1391 951//1533
f 952//1534 877//1392 876//1390
f 876//1391 877//1393 952//1535
f 953//1536 878//1394 877//1392
f 877//1393 878//1395 953//1537
f 935//1500 860//1358 878//1394
f 878//1395 860//1359 935//1501
f 847//1332 921//1472 926//1482
f 926//1483 921//1473 847//1333
f 843//1324 922//1474 921//1472
f 921//1473 922//1475 843//1325
f 844//1326 923//1476 922//1474
f 922//1475 923//1477 844//1327
f 845//1328 924//1478 923//1476
f 923//1477 924//1479 845//1329
f 846//1330 925//1480 924//1478
f 924//1479 925//1481 846//1331
f 862//1362 937//1504 925//1480
f 925//1481 937//1505 862//1363
f 848//1334 926//1482 927//1484
f 927//1485 926//1483 848//1335
f 849//1336 927//1484 928//1486
f 928//1487 927//1485 849//1337
f 850//1338 928//1486 929//1488
f 929//1489 928//1487 850//1339
f 851//1340 929//1488 930//1490
f 930//1491 929//1489 851//1341
f 852//1342 930//1490 931//1492
f 931//1493 930//1491 852//1343
f 879//174 931//1492 954//198
f 954//199 931//1493 879//175
f 932//1494 946//1522 880//1396
f 880//1397 946//1523 932//1495
f 880//1396 947//1524 881//1398
f 881//1399 947//1525 880//1397
f 881//1398 948//1526 882//1400
f 882//1401 948//1527 881//1399
f 882//1400 949//1528 883//1402
f 883//1403 949//1529 882//1401
f 883//1402 950//1530 884//1404
f 884//1405 950//1531 883//1403
f 855//1348 934//1498 933//1496
f 933//1497 934//1499 855//1349
f 884//1404 955//1538 934//1498
f 934//1499 955//1539 884//1405
f 933//1496 936//1502 885//1406
f 885//1407 936//1503 933//1497
f 952//1534 932//1494 886//1408
f 886//1409 932//1495 952//1535
f 953//1536 886//1408 887//1410
f 887//1411 886//1409 953//1537
f 935//1500 887//1410 888//1412
f 888//1413 887//1411 935//1501
f 896//1424 888//1412 889//1414
f 889//1415 888//1413 896//1425
f 895//1422 889//1414 890//1416
f 890//1417 889//1415 895//1423
f 894//1420 890//1416 891//1418
f 891//1419 890//1417 894//1421
f 897//1426 856//1350 898//1428
f 898//1429 856//1351 897//1427
f 898//1428 857//1352 899//1430
f 899//1431 857//1353 898//1429
f 899//1430 858//1354 900//1432
f 900//1433 858//1355 899//1431
f 900//1432 885//1406 936//1502
f 936//1503 885//1407 900//1433
f 893//199 891//1418 892//218
f 892//219 891//1419 893//198
f 891//1418 893//199 894//1420
f 894//1421 893//198 891//1419
f 890//1416 894//1420 895//1422
f 895//1423 894//1421 890//1417
f 889//1414 895//1422 896//1424
f 896//1425 895//1423 889//1415
f 888//1412 896//1424 935//1500
f 935//1501 896//1425 888//1413
f 956//1540 901//1434 936//1502
f 936//1503 901//1435 956//1541
f 901//1434 956//1540 902//1436
f 902//1437 956//1541 901//1435
f 902//1436 957//1542 937//1504
f 937//1505 957//1543 902//1437
f 958//1544 938//1506 903//1438
f 903//1439 938//1507 958//1545
f 959//1546 903//1438 904//1440
f 904//1441 903//1439 959//1547
f 960//1548 904//1440 905//1442
f 905//1443 904//1441 960//1549
f 961//1550 905//1442 906//1444
f 906//1445 905//1443 961//1551
f 962//1552 906//1444 907//1446
f 907//1447 906//1445 962//1553
f 963//1554 907//1446 908//1448
f 908//1449 907//1447 963//1555
f 964//219 908//1448 909//205
f 909//204 908//1449 964//218
f 954//15 909//15 879//15
f 879//14 909//14 954//14
f 938//1506 965//1556 910//1450
f 910//1451 965//1557 938//1507
f 910//1450 966//1558 911//1452
f 911//1453 966//1559 910//1451
f 911//1452 967//1560 912//1454
f 912//1455 967//1561 911//1453
f 912//1454 968//1562 913//1456
f 913//1457 968//1563 912//1455
f 865//1368 940//1510 939//1508
f 939//1509 940//1511 865//1369
f 913//1456 969//1564 940//1510
f 940//1511 969//1565 913//1457
f 970//1566 914//1458 939//1508
f 939//1509 914//1459 970//1567
f 868//1374 941//1512 944//1518
f 944//1519 941//1513 868//1375
f 866//1370 942//1514 941//1512
f 941//1513 942//1515 866//1371
f 867//1372 943//1516 942//1514
f 942//1515 943//1517 867//1373
f 914//1458 970//1566 943//1516
f 943//1517 970//1567 914//1459
f 944//1518 916//1462 915//1460
f 915//1461 916//1463 944//1519
f 941//1512 917//1464 916//1462
f 916//1463 917//1465 941//1513
f 942//1514 918//1466 917//1464
f 917//1465 918//1467 942//1515
f 943//1516 945//1520 918//1466
f 918//1467 945//1521 943//1517
f 971//1568 919//1468 945//1520
f 945//1521 919//1469 971//1569
f 919//1468 971//1568 920//1470
f 920//1471 971//1569 919//1469
f 875//1388 946//1522 951//1532
f 951//1533 946//1523 875//1389
f 871//1380 947//1524 946//1522
f 946//1523 947//1525 871//1381
f 872//1382 948//1526 947//1524
f 947//1525 948//1527 872//1383
f 873//1384 949//1528 948//1526
f 948//1527 949//1529 873//1385
f 874//1386 950//1530 949//1528
f 949//1529 950//1531 874//1387
f 920//1470 955//1538 950//1530
f 950//1531 955//1539 920//1471
f 876//1390 951//1532 952//1534
f 952//1535 951//1533 876//1391
f 877//1392 952//1534 953//1536
f 953//1537 952//1535 877//1393
f 878//1394 953//1536 935//1500
f 935//1501 953//1537 878//1395
f 972//1570 926//1482 921//1472
f 921//1473 926//1483 972//1571
f 922//1474 972//1570 921//1472
f 921//1473 972//1571 922//1475
f 923//1476 965//1556 922//1474
f 922//1475 965//1557 923//1477
f 924//1478 966//1558 923//1476
f 923//1477 966//1559 924//1479
f 925//1480 967//1560 924//1478
f 924//1479 967//1561 925//1481
f 937//1504 968//1562 925//1480
f 925//1481 968//1563 937//1505
f 958//1544 927//1484 926//1482
f 926//1483 927//1485 958//1545
f 959//1546 928//1486 927//1484
f 927//1485 928//1487 959//1547
f 960//1548 929//1488 928//1486
f 928//1487 929//1489 960//1549
f 961//1550 930//1490 929//1488
f 929//1489 930//1491 961//1551
f 962//1552 931//1492 930//1490
f 930//1491 931//1493 962//1553
f 963//1554 954//198 931//1492
f 931//1493 954//199 963//1555
f 946//1522 932//1494 951//1532
f 951//1533 932//1495 946//1523
f 947//1524 880//1396 946//1522
f 946//1523 880//1397 947//1525
f 948//1526 881//1398 947//1524
f 947//1525 881//1399 948//1527
f 949//1528 882//1400 948//1526
f 948//1527 882//1401 949//1529
f 950//1530 883//1402 949//1528
f 949//1529 883//1403 950//1531
f 955//1538 884//1404 950//1530
f 950//1531 884//1405 955//1539
f 934//1498 956//1540 933//1496
f 933//1497 956//1541 934//1499
f 973//1572 934//1498 955//1538
f 955//1539 934//1499 973//1573
f 936//1502 933//1496 956//1540
f 956//1541 933//1497 936//1503
f 932//1494 952//1534 951//1532
f 951//1533 952//1535 932//1495
f 886//1408 953//1536 952//1534
f 952//1535 953//1537 886//1409
f 887//1410 935//1500 953//1536
f 953//1537 935//1501 887//1411
f 957//1542 902//1436 956//1540
f 956//1541 902//1437 957//1543
f 957//1542 969//1564 937//1504
f 937//1505 969//1565 957//1543
f 938//1506 958//1544 972//1570
f 972//1571 958//1545 938//1507
f 903//1438 959//1546 958//1544
f 958//1545 959//1547 903//1439
f 904//1440 960//1548 959//1546
f 959//1547 960//1549 904//1441
f 905//1442 961//1550 960//1548
f 960//1549 961//1551 905//1443
f 906//1444 962//1552 961//1550
f 961//1551 962//1553 906//1445
f 907//1446 963//1554 962//1552
f 962//1553 963//1555 907//1447
f 908//1448 964//219 963//1554
f 963//1555 964//218 908//1449
f 909//15 954//15 964//15
f 964//14 954//14 909//14
f 965//1556 938//1506 972//1570
f 972//1571 938//1507 965//1557
f 966//1558 910//1450 965//1556
f 965//1557 910//1451 966//1559
f 967//1560 911//1452 966//1558
f 966//1559 911//1453 967//1561
f 968//1562 912//1454 967//1560
f 967//1561 912//1455 968//1563
f 969//1564 913//1456 968//1562
f 968//1563 913//1457 969//1565
f 974//1574 939//1508 940//1510
f 940//1511 939//1509 974//1575
f 973//1572 940//1510 969//1564
f 969//1565 940//1511 973//1573
f 939//1508 974//1574 970//1566
f 970//1567 974//1575 939//1509
f 916//1462 944//1518 941//1512
f 941//1513 944//1519 916//1463
f 917//1464 941//1512 942//1514
f 942//1515 941//1513 917//1465
f 918//1466 942//1514 943//1516
f 943//1517 942//1515 918//1467
f 945//1520 943//1516 970//1566
f 970//1567 943//1517 945//1521
f 970//1566 971//1568 945//1520
f 945//1521 971//1569 970//1567
f 955//1538 920//1470 971//1568
f 971//1569 920//1471 955//1539
f 926//1482 972//1570 958//1544
f 958//1545 972//1571 926//1483
f 972//1570 922//1474 965//1556
f 965//1557 922//1475 972//1571
f 965//1556 923//1476 966//1558
f 966//1559 923//1477 965//1557
f 966//1558 924//1478 967//1560
f 967//1561 924//1479 966//1559
f 967//1560 925//1480 968//1562
f 968//1563 925//1481 967//1561
f 968//1562 937//1504 969//1564
f 969//1565 937//1505 968//1563
f 927//1484 958//1544 959//1546
f 959//1547 958//1545 927//1485
f 928//1486 959//1546 960//1548
f 960//1549 959//1547 928//1487
f 929//1488 960//1548 961//1550
f 961//1551 960//1549 929//1489
f 930//1490 961//1550 962//1552
f 962//1553 961//1551 930//1491
f 931//1492 962//1552 963//1554
f 963//1555 962//1553 931//1493
f 954//198 963//1554 964//219
f 964//218 963//1555 954//199
f 956//1540 934//1498 957//1542
f 957//1543 934//1499 956//1541
f 934//1498 973//1572 957//1542
f 957//1543 973//1573 934//1499
f 955//1538 974//1574 973//1572
f 973//1573 974//1575 955//1539
f 969//1564 957//1542 973//1572
f 973//1573 957//1543 969//1565
f 940//1510 973//1572 974//1574
f 974//1575 973//1573 940//1511
f 971//1568 970//1566 974//1574
f 974//1575 970//1567 971//1569
f 974//1574 955//1538 971//1568
f 971//1569 955//1539 974//1575
usemtl material_2_0
f 321//201 377//201 271//201
f 377//11 322//11 271//11
f 377//201 321//201 438//201
f 322//11 377//11 439//11
f 470//15 377//15 438//15
f 377//15 470//15 439//15
f 497//200 322//200 439//200
f 322//200 497//200 440//200
f 439//15 470//15 497//15
usemtl material_3_0
f 271//200 377//200 321//200
f 271//10 322//10 377//10
f 438//200 321//200 377//200
f 439//10 377//10 322//10
f 470//10 321//10 410//10
f 410//11 321//11 470//11
f 321//10 470//10 438//10
f 438//11 470//11 321//11
f 438//14 377//14 470//14
f 439//14 470//14 377//14
f 439//201 322//201 497//201
f 440//201 497//201 322//201
f 497//10 410//10 440//10
f 440//11 410//11 497//11
f 410//10 497//10 470//10
f 470//11 497//11 410//11
f 497//14 470//14 439//14
