# SSTK version 0.8.0
# 4
mtllib original-4.mtl
o Component_2_1/Component_2/mesh5/mesh5-geometry#mesh5-geometry
v -0.246610 0.023233 -0.948608
v -0.243365 0.022870 -0.955524
v -0.246748 0.022870 -0.948665
v -0.243236 0.023233 -0.955450
v -0.243458 0.022492 -0.955578
v -0.249062 0.023233 -0.941384
v -0.246435 0.023577 -0.948536
v -0.239116 0.022870 -0.961883
v -0.246847 0.022492 -0.948706
v -0.239201 0.022492 -0.961949
v -0.249206 0.022870 -0.941423
v -0.248879 0.023577 -0.941335
v -0.243072 0.023577 -0.955355
v -0.238998 0.023233 -0.961792
v -0.243513 0.022104 -0.955610
v -0.239252 0.022104 -0.961987
v -0.250550 0.023233 -0.933903
v -0.250362 0.023577 -0.933878
v -0.246225 0.023898 -0.948449
v -0.248659 0.023898 -0.941277
v -0.234074 0.022870 -0.967633
v -0.234149 0.022492 -0.967709
v -0.246905 0.022104 -0.948730
v -0.249310 0.022492 -0.941451
v -0.234194 0.022104 -0.967754
v -0.250698 0.022870 -0.933922
v -0.250137 0.023898 -0.933848
v -0.242875 0.023898 -0.955241
v -0.238847 0.023577 -0.961677
v -0.233968 0.023233 -0.967528
v -0.243513 -0.027236 -0.955610
v -0.239252 -0.027236 -0.961987
v -0.234194 -0.027236 -0.967754
v -0.251003 0.023233 -0.926987
v -0.250814 0.023577 -0.926981
v -0.250588 0.023898 -0.926973
v -0.245983 0.024191 -0.948348
v -0.248406 0.024191 -0.941209
v -0.249877 0.024191 -0.933814
v -0.228324 0.022870 -0.972676
v -0.228389 0.022492 -0.972761
v -0.228428 0.022104 -0.972811
v -0.246905 -0.027236 -0.948730
v -0.249371 0.022104 -0.941467
v -0.250804 0.022492 -0.933936
v -0.251152 0.022870 -0.926992
v -0.250326 0.024191 -0.926965
v -0.242648 0.024191 -0.955110
v -0.238667 0.023898 -0.961539
v -0.233834 0.023577 -0.967394
v -0.228233 0.023233 -0.972557
v -0.243458 -0.027624 -0.955578
v -0.239201 -0.027624 -0.961949
v -0.234149 -0.027624 -0.967709
v -0.228428 -0.027236 -0.972811
v -0.251003 0.023233 0.045099
v -0.250814 0.023577 0.045099
v -0.250588 0.023898 0.045099
v -0.250326 0.024191 0.045099
v -0.242394 0.024453 -0.954963
v -0.238459 0.024191 -0.961379
v -0.245711 0.024453 -0.948236
v -0.248122 0.024453 -0.941133
v -0.249586 0.024453 -0.933776
v -0.221965 0.022870 -0.976925
v -0.222018 0.022492 -0.977018
v -0.222050 0.022104 -0.977073
v -0.246847 -0.027624 -0.948706
v -0.249371 -0.027236 -0.941467
v -0.250867 0.022104 -0.933944
v -0.251259 0.022492 -0.926995
v -0.251152 0.022870 0.045099
v -0.250033 0.024453 -0.926955
v -0.238226 0.024453 -0.961200
v -0.233488 0.024191 -0.967048
v -0.233673 0.023898 -0.967233
v -0.228117 0.023577 -0.972407
v -0.221890 0.023233 -0.976796
v -0.243365 -0.028002 -0.955524
v -0.239116 -0.028002 -0.961883
v -0.234074 -0.028002 -0.967633
v -0.228389 -0.027624 -0.972761
v -0.222050 -0.027236 -0.977073
v -0.251003 -0.028365 0.045099
v -0.250814 -0.028710 0.045099
v -0.250588 -0.029030 0.045099
v -0.250326 -0.029323 0.045099
v -0.250033 0.024453 0.045099
v -0.242115 0.024679 -0.954803
v -0.237971 0.024679 -0.961005
v -0.233280 0.024453 -0.966840
v -0.245414 0.024679 -0.948113
v -0.247812 0.024679 -0.941050
v -0.249267 0.024679 -0.933734
v -0.215105 0.022870 -0.980307
v -0.215146 0.022492 -0.980406
v -0.215171 0.022104 -0.980465
v -0.246748 -0.028002 -0.948665
v -0.249310 -0.027624 -0.941451
v -0.250867 -0.027236 -0.933944
v -0.251323 0.022104 -0.926997
v -0.251259 0.022492 0.045099
v -0.251152 -0.028002 0.045099
v -0.250033 -0.029585 0.045099
v -0.249712 0.024679 -0.926945
v -0.233053 0.024679 -0.966613
v -0.227819 0.024191 -0.972019
v -0.227641 0.024453 -0.971786
v -0.227979 0.023898 -0.972227
v -0.221795 0.023577 -0.976631
v -0.215048 0.023233 -0.980169
v -0.243236 -0.028365 -0.955450
v -0.238998 -0.028365 -0.961792
v -0.233968 -0.028365 -0.967528
v -0.228324 -0.028002 -0.972676
v -0.222018 -0.027624 -0.977018
v -0.215171 -0.027236 -0.980465
v -0.251003 -0.028365 -0.926987
v -0.250814 -0.028710 -0.926981
v -0.250588 -0.029030 -0.926973
v -0.250326 -0.029323 -0.926965
v -0.250033 -0.029585 -0.926955
v -0.249712 -0.029812 0.045099
v -0.249712 0.024679 0.045099
v -0.241817 0.024868 -0.954630
v -0.237698 0.024868 -0.960795
v -0.232809 0.024868 -0.966369
v -0.227445 0.024679 -0.971531
v -0.245096 0.024868 -0.947981
v -0.247479 0.024868 -0.940960
v -0.248925 0.024868 -0.933689
v -0.207863 0.022870 -0.982766
v -0.207891 0.022492 -0.982869
v -0.207908 0.022104 -0.982931
v -0.246610 -0.028365 -0.948608
v -0.249206 -0.028002 -0.941423
v -0.250804 -0.027624 -0.933936
v -0.251323 -0.027236 -0.926997
v -0.251323 0.022104 0.045099
v -0.251259 -0.027624 0.045099
v -0.251152 -0.028002 -0.926992
v -0.249712 -0.029812 -0.926945
v -0.249368 0.024868 -0.926933
v -0.227235 0.024868 -0.971257
v -0.221551 0.024191 -0.976208
v -0.221404 0.024453 -0.975953
v -0.221243 0.024679 -0.975675
v -0.221682 0.023898 -0.976435
v -0.214976 0.023577 -0.979994
v -0.207825 0.023233 -0.982622
v -0.243072 -0.028710 -0.955355
v -0.238847 -0.028710 -0.961677
v -0.233834 -0.028710 -0.967394
v -0.228233 -0.028365 -0.972557
v -0.221965 -0.028002 -0.976925
v -0.215146 -0.027624 -0.980406
v -0.207908 -0.027236 -0.982931
v -0.250550 -0.028365 -0.933903
v -0.250362 -0.028710 -0.933878
v -0.250137 -0.029030 -0.933848
v -0.249877 -0.029323 -0.933814
v -0.249586 -0.029585 -0.933776
v -0.249267 -0.029812 -0.933734
v -0.249368 -0.030001 -0.926933
v -0.249368 -0.030001 0.045099
v -0.249368 0.024868 0.045099
v -0.241501 0.025017 -0.954448
v -0.237409 0.025017 -0.960573
v -0.232552 0.025017 -0.966111
v -0.227013 0.025017 -0.970968
v -0.221071 0.024868 -0.975376
v -0.244759 0.025017 -0.947841
v -0.247127 0.025017 -0.940866
v -0.248564 0.025017 -0.933641
v -0.200362 0.022870 -0.984258
v -0.200376 0.022492 -0.984364
v -0.200385 0.022104 -0.984427
v -0.246435 -0.028710 -0.948536
v -0.249062 -0.028365 -0.941384
v -0.250698 -0.028002 -0.933922
v -0.251259 -0.027624 -0.926995
v -0.251323 -0.027236 0.045099
v -0.248925 -0.030001 -0.933689
v -0.249005 0.025017 -0.926921
v -0.220888 0.025017 -0.975061
v -0.214889 0.023898 -0.979784
v -0.214676 0.024453 -0.979271
v -0.214553 0.024679 -0.978974
v -0.214421 0.024868 -0.978655
v -0.207776 0.023577 -0.982439
v -0.200343 0.023233 -0.984110
v -0.242875 -0.029030 -0.955241
v -0.238667 -0.029030 -0.961539
v -0.233673 -0.029030 -0.967233
v -0.228117 -0.028710 -0.972407
v -0.221890 -0.028365 -0.976796
v -0.215105 -0.028002 -0.980307
v -0.207891 -0.027624 -0.982869
v -0.200385 -0.027236 -0.984427
v -0.248879 -0.028710 -0.941335
v -0.248659 -0.029030 -0.941277
v -0.248406 -0.029323 -0.941209
v -0.248122 -0.029585 -0.941133
v -0.247812 -0.029812 -0.941050
v -0.247479 -0.030001 -0.940960
v -0.249005 -0.030150 -0.926921
v -0.248564 -0.030150 -0.933641
v -0.249005 -0.030150 0.045099
v -0.249005 0.025017 0.045099
v -0.241173 0.025124 -0.954259
v -0.237108 0.025124 -0.960342
v -0.232284 0.025124 -0.965843
v -0.226783 0.025124 -0.970668
v -0.220699 0.025124 -0.974733
v -0.214282 0.025017 -0.978319
v -0.244409 0.025124 -0.947696
v -0.214789 0.024191 -0.979542
v -0.246761 0.025124 -0.940768
v -0.248189 0.025124 -0.933592
v -0.193432 0.022870 -0.984712
v -0.193436 0.022492 -0.984819
v -0.193438 0.022104 -0.984882
v -0.246225 -0.029030 -0.948449
v -0.247127 -0.030150 -0.940866
v -0.248627 0.025124 -0.926909
v -0.214137 0.025124 -0.977969
v -0.207717 0.023898 -0.982219
v -0.207573 0.024453 -0.981682
v -0.207490 0.024679 -0.981372
v -0.207401 0.024868 -0.981038
v -0.207306 0.025017 -0.980687
v -0.200318 0.023577 -0.983922
v -0.193427 0.023233 -0.984563
v -0.242648 -0.029323 -0.955110
v -0.238459 -0.029323 -0.961379
v -0.233488 -0.029323 -0.967048
v -0.227979 -0.029030 -0.972227
v -0.221795 -0.028710 -0.976631
v -0.215048 -0.028365 -0.980169
v -0.207863 -0.028002 -0.982766
v -0.200376 -0.027624 -0.984364
v -0.193438 -0.027236 -0.984882
v -0.245983 -0.029323 -0.948348
v -0.245711 -0.029585 -0.948236
v -0.245414 -0.029812 -0.948113
v -0.245096 -0.030001 -0.947981
v -0.244759 -0.030150 -0.947841
v -0.248627 -0.030257 -0.926909
v -0.248189 -0.030257 -0.933592
v -0.246761 -0.030257 -0.940768
v -0.248627 -0.030257 0.045099
v -0.248627 0.025124 0.045099
v -0.240837 0.025188 -0.954064
v -0.236800 0.025188 -0.960106
v -0.232009 0.025188 -0.965569
v -0.226546 0.025188 -0.970360
v -0.220505 0.025188 -0.974396
v -0.213988 0.025188 -0.977610
v -0.207208 0.025124 -0.980321
v -0.244050 0.025188 -0.947548
v -0.207649 0.024191 -0.981966
v -0.246386 0.025188 -0.940667
v -0.247803 0.025188 -0.933541
v 0.187274 0.022870 -0.984712
v 0.187278 0.022492 -0.984819
v 0.187280 0.022104 -0.984882
v -0.227819 -0.029323 -0.972019
v -0.244409 -0.030257 -0.947696
v -0.248239 0.025188 -0.926896
v -0.207108 0.025188 -0.979946
v -0.200289 0.023898 -0.983697
v -0.200216 0.024453 -0.983146
v -0.200174 0.024679 -0.982827
v -0.200129 0.024868 -0.982485
v -0.200082 0.025017 -0.982124
v -0.200032 0.025124 -0.981748
v -0.193421 0.023577 -0.984374
v 0.187270 0.023233 -0.984563
v -0.242394 -0.029585 -0.954963
v -0.238226 -0.029585 -0.961200
v -0.233280 -0.029585 -0.966840
v -0.227641 -0.029585 -0.971786
v -0.221682 -0.029030 -0.976435
v -0.221551 -0.029323 -0.976208
v -0.214976 -0.028710 -0.979994
v -0.207825 -0.028365 -0.982622
v -0.200362 -0.028002 -0.984258
v -0.193436 -0.027624 -0.984819
v 0.187280 -0.027236 -0.984882
v -0.242115 -0.029812 -0.954803
v -0.241817 -0.030001 -0.954630
v -0.241501 -0.030150 -0.954448
v -0.241173 -0.030257 -0.954259
v -0.248239 -0.030320 -0.926896
v -0.247803 -0.030320 -0.933541
v -0.246386 -0.030320 -0.940667
v -0.244050 -0.030320 -0.947548
v -0.248239 -0.030320 0.045099
v -0.248239 0.025188 0.045099
v -0.218898 0.025188 -0.952457
v -0.211234 0.025188 -0.958338
v -0.197561 0.025188 -0.962979
v 0.220389 0.025188 -0.970360
v 0.214347 0.025188 -0.974396
v 0.207831 0.025188 -0.977610
v 0.200950 0.025188 -0.979946
v -0.199981 0.025188 -0.981363
v -0.224779 0.025188 -0.944793
v -0.200254 0.024191 -0.983437
v -0.226919 0.025188 -0.940452
v -0.229420 0.025188 -0.931121
v 0.194185 0.023233 -0.984110
v 0.194205 0.022870 -0.984258
v 0.194219 0.022492 -0.984364
v -0.221404 -0.029585 -0.975953
v 0.194227 0.022104 -0.984427
v -0.240837 -0.030320 -0.954064
v -0.229736 0.025188 -0.926291
v -0.215258 0.025188 -0.955649
v -0.222089 0.025188 -0.948818
v -0.206892 0.025188 -0.960479
v -0.192731 0.025188 -0.963296
v -0.202309 0.025188 -0.962035
v 0.225852 0.025188 -0.965569
v 0.193824 0.025188 -0.981363
v -0.193414 0.023898 -0.984147
v -0.193395 0.024453 -0.983593
v -0.193385 0.024679 -0.983272
v -0.193374 0.024868 -0.982928
v -0.193362 0.025017 -0.982564
v -0.193349 0.025124 -0.982186
v -0.193337 0.025188 -0.981799
v -0.228475 0.025188 -0.935868
v 0.187263 0.023577 -0.984374
v 0.194161 0.023577 -0.983922
v -0.237971 -0.029812 -0.961005
v -0.233053 -0.029812 -0.966613
v -0.227445 -0.029812 -0.971531
v -0.221243 -0.029812 -0.975675
v -0.214889 -0.029030 -0.979784
v -0.214676 -0.029585 -0.979271
v -0.207776 -0.028710 -0.982439
v -0.200343 -0.028365 -0.984110
v -0.193432 -0.028002 -0.984712
v 0.187278 -0.027624 -0.984819
v 0.194227 -0.027236 -0.984427
v -0.237698 -0.030001 -0.960795
v -0.237409 -0.030150 -0.960573
v -0.237108 -0.030257 -0.960342
v -0.236800 -0.030320 -0.960106
v -0.229736 -0.030320 -0.926291
v -0.229420 -0.030320 -0.931121
v -0.226919 -0.030320 -0.940452
v -0.224779 -0.030320 -0.944793
v -0.218898 -0.030320 -0.952457
v -0.229736 -0.030320 0.045099
v -0.229736 0.025188 0.045099
v -0.215258 -0.030320 -0.955649
v -0.222089 -0.002566 -0.948818
v -0.206892 -0.030320 -0.960479
v -0.211234 -0.030320 -0.958338
v -0.192731 -0.030320 -0.963296
v -0.197561 -0.030320 -0.962979
v 0.220625 0.025124 -0.970668
v 0.226126 0.025124 -0.965843
v 0.214541 0.025124 -0.974733
v 0.207979 0.025124 -0.977969
v 0.201051 0.025124 -0.980321
v 0.187179 0.025188 -0.981799
v -0.224779 -0.002566 -0.944793
v -0.226919 -0.002566 -0.940452
v -0.193405 0.024191 -0.983886
v -0.228475 -0.002566 -0.935868
v -0.229420 -0.002566 -0.931121
v -0.229736 -0.002566 -0.926291
v 0.201667 0.023233 -0.982622
v 0.201618 0.023577 -0.982439
v 0.201706 0.022870 -0.982766
v 0.201734 0.022492 -0.982869
v -0.214553 -0.029812 -0.978974
v -0.214789 -0.029323 -0.979542
v 0.194219 -0.027624 -0.984364
v 0.201750 0.022104 -0.982931
v -0.228475 -0.030320 -0.935868
v -0.222089 -0.030320 -0.948818
v -0.229736 -0.002566 0.045099
v -0.218898 -0.002566 -0.952457
v -0.215258 -0.002566 -0.955649
v -0.202309 -0.030320 -0.962035
v -0.211234 -0.002566 -0.958338
v -0.206892 -0.002566 -0.960479
v 0.186573 0.025188 -0.963296
v -0.197561 -0.002566 -0.962979
v -0.192731 -0.002566 -0.963296
v -0.202309 -0.002566 -0.962035
v 0.230950 0.025124 -0.960342
v 0.193875 0.025124 -0.981748
v 0.187256 0.023898 -0.984147
v 0.187247 0.024191 -0.983886
v 0.187238 0.024453 -0.983593
v 0.187227 0.024679 -0.983272
v 0.187216 0.024868 -0.982928
v 0.187204 0.025017 -0.982564
v 0.187192 0.025124 -0.982186
v 0.194131 0.023898 -0.983697
v 0.201559 0.023898 -0.982219
v -0.232809 -0.030001 -0.966369
v -0.227235 -0.030001 -0.971257
v -0.221071 -0.030001 -0.975376
v -0.214421 -0.030001 -0.978655
v -0.207717 -0.029030 -0.982219
v -0.207573 -0.029585 -0.981682
v -0.207490 -0.029812 -0.981372
v -0.200318 -0.028710 -0.983922
v -0.193427 -0.028365 -0.984563
v 0.187274 -0.028002 -0.984712
v 0.194205 -0.028002 -0.984258
v 0.201750 -0.027236 -0.982931
v 0.201734 -0.027624 -0.982869
v -0.232552 -0.030150 -0.966111
v -0.232284 -0.030257 -0.965843
v -0.232009 -0.030320 -0.965569
v 0.191404 0.025188 -0.962979
v 0.186573 -0.030320 -0.963296
v 0.220856 0.025017 -0.970968
v 0.226394 0.025017 -0.966111
v 0.230642 0.025188 -0.960106
v 0.231251 0.025017 -0.960573
v 0.214731 0.025017 -0.975061
v 0.208124 0.025017 -0.978319
v 0.201149 0.025017 -0.980687
v 0.208891 0.023233 -0.980169
v 0.208818 0.023577 -0.979994
v 0.208731 0.023898 -0.979784
v 0.208948 0.022870 -0.980307
v 0.208989 0.022492 -0.980406
v -0.207401 -0.030001 -0.981038
v -0.207649 -0.029323 -0.981966
v 0.201706 -0.028002 -0.982766
v 0.209013 0.022104 -0.980465
v 0.191404 -0.030320 -0.962979
v 0.186573 -0.002566 -0.963296
v 0.225852 -0.030320 -0.965569
v 0.235015 0.025124 -0.954259
v 0.235344 0.025017 -0.954448
v 0.193924 0.025017 -0.982124
v 0.194097 0.024191 -0.983437
v 0.194058 0.024453 -0.983146
v 0.194017 0.024679 -0.982827
v 0.193972 0.024868 -0.982485
v 0.201492 0.024191 -0.981966
v 0.208631 0.024191 -0.979542
v -0.227013 -0.030150 -0.970968
v -0.220888 -0.030150 -0.975061
v -0.214282 -0.030150 -0.978319
v -0.207306 -0.030150 -0.980687
v -0.200289 -0.029030 -0.983697
v -0.200216 -0.029585 -0.983146
v -0.200174 -0.029812 -0.982827
v -0.200129 -0.030001 -0.982485
v -0.193421 -0.028710 -0.984374
v 0.187270 -0.028365 -0.984563
v 0.194185 -0.028365 -0.984110
v 0.201667 -0.028365 -0.982622
v 0.209013 -0.027236 -0.980465
v 0.208989 -0.027624 -0.980406
v 0.208948 -0.028002 -0.980307
v -0.226783 -0.030257 -0.970668
v -0.226546 -0.030320 -0.970360
v 0.196151 0.025188 -0.962035
v 0.191404 -0.002566 -0.962979
v 0.221077 0.024868 -0.971257
v 0.226652 0.024868 -0.966369
v 0.231540 0.024868 -0.960795
v 0.234679 0.025188 -0.954064
v 0.235659 0.024868 -0.954630
v 0.214913 0.024868 -0.975376
v 0.208264 0.024868 -0.978655
v 0.201243 0.024868 -0.981038
v 0.215732 0.023233 -0.976796
v 0.215638 0.023577 -0.976631
v 0.215524 0.023898 -0.976435
v 0.215393 0.024191 -0.976208
v 0.215807 0.022870 -0.976925
v 0.215861 0.022492 -0.977018
v -0.200082 -0.030150 -0.982124
v -0.200254 -0.029323 -0.983437
v 0.208891 -0.028365 -0.980169
v 0.215892 0.022104 -0.977073
v 0.220389 -0.030320 -0.970360
v 0.196151 -0.030320 -0.962035
v 0.200735 0.025188 -0.960479
v 0.230642 -0.030320 -0.960106
v 0.205076 0.025188 -0.958338
v 0.238252 0.025124 -0.947696
v 0.238602 0.025017 -0.947841
v 0.238938 0.024868 -0.947981
v 0.201416 0.024453 -0.981682
v 0.201332 0.024679 -0.981372
v 0.208519 0.024453 -0.979271
v -0.220699 -0.030257 -0.974733
v -0.214137 -0.030257 -0.977969
v -0.207208 -0.030257 -0.980321
v -0.200032 -0.030257 -0.981748
v -0.193414 -0.029030 -0.984147
v -0.193395 -0.029585 -0.983593
v -0.193385 -0.029812 -0.983272
v -0.193374 -0.030001 -0.982928
v -0.193362 -0.030150 -0.982564
v 0.187263 -0.028710 -0.984374
v 0.194161 -0.028710 -0.983922
v 0.201618 -0.028710 -0.982439
v 0.208818 -0.028710 -0.979994
v 0.215892 -0.027236 -0.977073
v 0.215861 -0.027624 -0.977018
v 0.215807 -0.028002 -0.976925
v 0.215732 -0.028365 -0.976796
v -0.220505 -0.030320 -0.974396
v 0.214347 -0.030320 -0.974396
v 0.196151 -0.002566 -0.962035
v 0.200735 -0.030320 -0.960479
v 0.226126 -0.030257 -0.965843
v 0.230950 -0.030257 -0.960342
v 0.221287 0.024679 -0.971531
v 0.226896 0.024679 -0.966613
v 0.231814 0.024679 -0.961005
v 0.235958 0.024679 -0.954803
v 0.209101 0.025188 -0.955649
v 0.237893 0.025188 -0.947548
v 0.239257 0.024679 -0.948113
v 0.215085 0.024679 -0.975675
v 0.208396 0.024679 -0.978974
v 0.222075 0.023233 -0.972557
v 0.221960 0.023577 -0.972407
v 0.221821 0.023898 -0.972227
v 0.215246 0.024453 -0.975953
v 0.222166 0.022870 -0.972676
v 0.222231 0.022492 -0.972761
v -0.193349 -0.030257 -0.982186
v -0.193405 -0.029323 -0.983886
v 0.215638 -0.028710 -0.976631
v 0.222270 0.022104 -0.972811
v 0.220625 -0.030257 -0.970668
v 0.200735 -0.002566 -0.960479
v 0.205076 -0.030320 -0.958338
v 0.235015 -0.030257 -0.954259
v 0.209101 -0.030320 -0.955649
v 0.212740 0.025188 -0.952457
v 0.240604 0.025124 -0.940768
v 0.240969 0.025017 -0.940866
v 0.241321 0.024868 -0.940960
v 0.241654 0.024679 -0.941050
v 0.221662 0.024191 -0.972019
v -0.213988 -0.030320 -0.977610
v -0.207108 -0.030320 -0.979946
v -0.199981 -0.030320 -0.981363
v -0.193337 -0.030320 -0.981799
v 0.187256 -0.029030 -0.984147
v 0.187238 -0.029585 -0.983593
v 0.187227 -0.029812 -0.983272
v 0.187216 -0.030001 -0.982928
v 0.187204 -0.030150 -0.982564
v 0.187192 -0.030257 -0.982186
v 0.194131 -0.029030 -0.983697
v 0.201559 -0.029030 -0.982219
v 0.208731 -0.029030 -0.979784
v 0.215524 -0.029030 -0.976435
v 0.222270 -0.027236 -0.972811
v 0.222231 -0.027624 -0.972761
v 0.222166 -0.028002 -0.972676
v 0.222075 -0.028365 -0.972557
v 0.221960 -0.028710 -0.972407
v 0.207831 -0.030320 -0.977610
v 0.214541 -0.030257 -0.974733
v 0.205076 -0.002566 -0.958338
v 0.226394 -0.030150 -0.966111
v 0.231251 -0.030150 -0.960573
v 0.234679 -0.030320 -0.954064
v 0.235344 -0.030150 -0.954448
v 0.221483 0.024453 -0.971786
v 0.227123 0.024453 -0.966840
v 0.232069 0.024453 -0.961200
v 0.236236 0.024453 -0.954963
v 0.239554 0.024453 -0.948236
v 0.209101 -0.002566 -0.955649
v 0.212740 -0.030320 -0.952457
v 0.215932 0.025188 -0.948818
v 0.240228 0.025188 -0.940667
v 0.241965 0.024453 -0.941133
v 0.227810 0.023233 -0.967528
v 0.227676 0.023577 -0.967394
v 0.227516 0.023898 -0.967233
v 0.227916 0.022870 -0.967633
v 0.227992 0.022492 -0.967709
v 0.187179 -0.030320 -0.981799
v 0.187247 -0.029323 -0.983886
v 0.221821 -0.029030 -0.972227
v 0.228037 0.022104 -0.967754
v 0.220856 -0.030150 -0.970968
v 0.238252 -0.030257 -0.947696
v 0.238602 -0.030150 -0.947841
v 0.212740 -0.002566 -0.952457
v 0.218621 0.025188 -0.944793
v 0.242031 0.025124 -0.933592
v 0.242406 0.025017 -0.933641
v 0.242768 0.024868 -0.933689
v 0.243110 0.024679 -0.933734
v 0.243428 0.024453 -0.933776
v 0.227330 0.024191 -0.967048
v 0.200950 -0.030320 -0.979946
v 0.193824 -0.030320 -0.981363
v 0.194097 -0.029323 -0.983437
v 0.194058 -0.029585 -0.983146
v 0.194017 -0.029812 -0.982827
v 0.193972 -0.030001 -0.982485
v 0.193924 -0.030150 -0.982124
v 0.193875 -0.030257 -0.981748
v 0.201492 -0.029323 -0.981966
v 0.208631 -0.029323 -0.979542
v 0.215393 -0.029323 -0.976208
v 0.228037 -0.027236 -0.967754
v 0.227992 -0.027624 -0.967709
v 0.227916 -0.028002 -0.967633
v 0.227810 -0.028365 -0.967528
v 0.227676 -0.028710 -0.967394
v 0.227516 -0.029030 -0.967233
v 0.207979 -0.030257 -0.977969
v 0.214731 -0.030150 -0.975061
v 0.226652 -0.030001 -0.966369
v 0.231540 -0.030001 -0.960795
v 0.235659 -0.030001 -0.954630
v 0.237893 -0.030320 -0.947548
v 0.238938 -0.030001 -0.947981
v 0.232302 0.024191 -0.961379
v 0.236490 0.024191 -0.955110
v 0.239825 0.024191 -0.948348
v 0.242249 0.024191 -0.941209
v 0.215932 -0.002566 -0.948818
v 0.220762 0.025188 -0.940452
v 0.241646 0.025188 -0.933541
v 0.243719 0.024191 -0.933814
v 0.232959 0.022870 -0.961883
v 0.232840 0.023233 -0.961792
v 0.232690 0.023577 -0.961677
v 0.232510 0.023898 -0.961539
v 0.233044 0.022492 -0.961949
v 0.233094 0.022104 -0.961987
v 0.221662 -0.029323 -0.972019
v 0.233094 -0.027236 -0.961987
v 0.221077 -0.030001 -0.971257
v 0.240604 -0.030257 -0.940768
v 0.240969 -0.030150 -0.940866
v 0.241321 -0.030001 -0.940960
v 0.215932 -0.030320 -0.948818
v 0.218621 -0.002566 -0.944793
v 0.242469 0.025124 -0.926909
v 0.242847 0.025017 -0.926921
v 0.243210 0.024868 -0.926933
v 0.243555 0.024679 -0.926945
v 0.243875 0.024453 -0.926955
v 0.244168 0.024191 -0.926965
v 0.201051 -0.030257 -0.980321
v 0.201416 -0.029585 -0.981682
v 0.201332 -0.029812 -0.981372
v 0.201243 -0.030001 -0.981038
v 0.201149 -0.030150 -0.980687
v 0.208519 -0.029585 -0.979271
v 0.215246 -0.029585 -0.975953
v 0.233044 -0.027624 -0.961949
v 0.232959 -0.028002 -0.961883
v 0.232840 -0.028365 -0.961792
v 0.232690 -0.028710 -0.961677
v 0.232510 -0.029030 -0.961539
v 0.227330 -0.029323 -0.967048
v 0.208124 -0.030150 -0.978319
v 0.214913 -0.030001 -0.975376
v 0.226896 -0.029812 -0.966613
v 0.231814 -0.029812 -0.961005
v 0.235958 -0.029812 -0.954803
v 0.239257 -0.029812 -0.948113
v 0.240228 -0.030320 -0.940667
v 0.241654 -0.029812 -0.941050
v 0.236717 0.023898 -0.955241
v 0.240067 0.023898 -0.948449
v 0.242502 0.023898 -0.941277
v 0.243979 0.023898 -0.933848
v 0.220762 -0.002566 -0.940452
v 0.222318 0.025188 -0.935868
v 0.242081 0.025188 -0.926896
v 0.244430 0.023898 -0.926973
v 0.237208 0.022870 -0.955524
v 0.237300 0.022492 -0.955578
v 0.237078 0.023233 -0.955450
v 0.236914 0.023577 -0.955355
v 0.237355 0.022104 -0.955610
v 0.237355 -0.027236 -0.955610
v 0.221483 -0.029585 -0.971786
v 0.237300 -0.027624 -0.955578
v 0.221287 -0.029812 -0.971531
v 0.242031 -0.030257 -0.933592
v 0.218621 -0.030320 -0.944793
v 0.242406 -0.030150 -0.933641
v 0.242768 -0.030001 -0.933689
v 0.243110 -0.029812 -0.933734
v 0.223262 0.025188 -0.931121
v 0.242469 0.025124 0.045099
v 0.242847 0.025017 0.045099
v 0.243210 0.024868 0.045099
v 0.243555 0.024679 0.045099
v 0.243875 0.024453 0.045099
v 0.244168 0.024191 0.045099
v 0.244430 0.023898 0.045099
v 0.208396 -0.029812 -0.978974
v 0.208264 -0.030001 -0.978655
v 0.215085 -0.029812 -0.975675
v 0.237208 -0.028002 -0.955524
v 0.237078 -0.028365 -0.955450
v 0.236914 -0.028710 -0.955355
v 0.236717 -0.029030 -0.955241
v 0.232302 -0.029323 -0.961379
v 0.227123 -0.029585 -0.966840
v 0.232069 -0.029585 -0.961200
v 0.236236 -0.029585 -0.954963
v 0.239554 -0.029585 -0.948236
v 0.241965 -0.029585 -0.941133
v 0.241646 -0.030320 -0.933541
v 0.220762 -0.030320 -0.940452
v 0.243428 -0.029585 -0.933776
v 0.240277 0.023577 -0.948536
v 0.242721 0.023577 -0.941335
v 0.244205 0.023577 -0.933878
v 0.244657 0.023577 -0.926981
v 0.222318 -0.002566 -0.935868
v 0.223579 0.025188 -0.926291
v 0.242081 0.025188 0.045099
v 0.244657 0.023577 0.045099
v 0.240590 0.022870 -0.948665
v 0.240689 0.022492 -0.948706
v 0.240748 0.022104 -0.948730
v 0.240452 0.023233 -0.948608
v 0.240748 -0.027236 -0.948730
v 0.240689 -0.027624 -0.948706
v 0.240590 -0.028002 -0.948665
v 0.242469 -0.030257 -0.926909
v 0.242847 -0.030150 -0.926921
v 0.243210 -0.030001 -0.926933
v 0.243555 -0.029812 -0.926945
v 0.243875 -0.029585 -0.926955
v 0.223262 -0.002566 -0.931121
v 0.242469 -0.030257 0.045099
v 0.242847 -0.030150 0.045099
v 0.243210 -0.030001 0.045099
v 0.243555 -0.029812 0.045099
v 0.243875 -0.029585 0.045099
v 0.244168 -0.029323 0.045099
v 0.244430 -0.029030 0.045099
v 0.244657 -0.028710 0.045099
v 0.240452 -0.028365 -0.948608
v 0.240277 -0.028710 -0.948536
v 0.240067 -0.029030 -0.948449
v 0.236490 -0.029323 -0.955110
v 0.239825 -0.029323 -0.948348
v 0.242249 -0.029323 -0.941209
v 0.243719 -0.029323 -0.933814
v 0.242081 -0.030320 -0.926896
v 0.222318 -0.030320 -0.935868
v 0.244168 -0.029323 -0.926965
v 0.242904 0.023233 -0.941384
v 0.244393 0.023233 -0.933903
v 0.244846 0.023233 -0.926987
v 0.244846 0.023233 0.045099
v 0.223579 -0.002566 -0.926291
v 0.223579 0.025188 0.045099
v 0.242081 -0.030320 0.045099
v 0.244846 -0.028365 0.045099
v 0.243048 0.022870 -0.941423
v 0.243152 0.022492 -0.941451
v 0.243213 0.022104 -0.941467
v 0.243213 -0.027236 -0.941467
v 0.243152 -0.027624 -0.941451
v 0.243048 -0.028002 -0.941423
v 0.242904 -0.028365 -0.941384
v 0.223262 -0.030320 -0.931121
v 0.244430 -0.029030 -0.926973
v 0.244657 -0.028710 -0.926981
v 0.244846 -0.028365 -0.926987
v 0.242721 -0.028710 -0.941335
v 0.242502 -0.029030 -0.941277
v 0.243979 -0.029030 -0.933848
v 0.223579 -0.030320 -0.926291
v 0.244540 0.022870 -0.933922
v 0.244995 0.022870 -0.926992
v 0.244995 0.022870 0.045099
v 0.244995 -0.028002 0.045099
v 0.223579 -0.002566 0.045099
v 0.244995 -0.028002 -0.926992
v 0.244647 0.022492 -0.933936
v 0.244710 0.022104 -0.933944
v 0.244710 -0.027236 -0.933944
v 0.244647 -0.027624 -0.933936
v 0.244540 -0.028002 -0.933922
v 0.244393 -0.028365 -0.933903
v 0.244205 -0.028710 -0.933878
v 0.223579 -0.030320 0.045099
v 0.245102 0.022492 -0.926995
v 0.245102 0.022492 0.045099
v 0.245102 -0.027624 0.045099
v 0.245102 -0.027624 -0.926995
v 0.245165 0.022104 -0.926997
v 0.245165 -0.027236 -0.926997
v 0.245165 0.022104 0.045099
v 0.245165 -0.027236 0.045099
vn -0.8333478120596727 0.4317169026372724 -0.34518392215257737
vn -0.818466975535204 0.3268269902308146 -0.47254198587524776
vn -0.8731439673055614 0.3268269877621271 -0.36166798645752335
vn -0.7811627224205158 0.4317168465931154 -0.4510048397392922
vn 0.8731439673055614 -0.3268269877621271 0.36166798645752335
vn 0.818466975535204 -0.3268269902308146 0.47254198587524776
vn 0.8333478120596727 -0.4317169026372724 0.34518392215257737
vn 0.7811627224205158 -0.4317168465931154 0.4510048397392922
vn -0.8452540600210703 0.21770101545884082 -0.4880080346532078
vn 0.8452540600210703 -0.21770101545884082 0.4880080346532078
vn -0.871273946846192 0.43171697366224343 -0.23345698575749013
vn 0.871273946846192 -0.43171697366224343 0.23345698575749013
vn -0.7828580307412697 0.5310200208520945 -0.3242700127334351
vn 0.7828580307412697 -0.5310200208520945 0.3242700127334351
vn -0.7497857400920667 0.3268268867077671 -0.5753308005656399
vn 0.7497857400920667 -0.3268268867077671 0.5753308005656399
vn -0.9017207870735396 0.21770094859351913 -0.3735049118029883
vn 0.9017207870735396 -0.21770094859351913 0.3735049118029883
vn -0.7743249129089718 0.21770097551441067 -0.594160933172644
vn 0.7743249129089718 -0.21770097551441067 0.594160933172644
vn -0.9128811354140591 0.3268270484805475 -0.2446060362841283
vn 0.9128811354140591 -0.3268270484805475 0.2446060362841283
vn -0.8184860963501426 0.5310200625103578 -0.21931302581698262
vn 0.8184860963501426 -0.5310200625103578 0.21931302581698262
vn -0.7338347101261737 0.5310197902405865 -0.42367983264120307
vn 0.7338347101261737 -0.5310197902405865 0.42367983264120307
vn -0.7156121079511679 0.4317170651251717 -0.5491080828337841
vn 0.7156121079511679 -0.4317170651251717 0.5491080828337841
vn -0.8631610818306955 0.08126600770430233 -0.49834604724495174
vn 0.8631610818306955 -0.08126600770430233 0.49834604724495174
vn -0.7907291384958254 0.08126601423370301 -0.6067481062716367
vn 0.7907291384958254 -0.08126601423370301 0.6067481062716367
vn -0.8942922168439787 0.4317171046808336 -0.11773602854810586
vn 0.8942922168439787 -0.4317171046808336 0.11773602854810586
vn -0.8401099680300358 0.5310199797923005 -0.11060299579105838
vn 0.8401099680300358 -0.5310199797923005 0.11060299579105838
vn -0.7223379510915825 0.6234629577862597 -0.29920197974148344
vn 0.7223379510915825 -0.6234629577862597 0.29920197974148344
vn -0.7552119858484603 0.6234629883172389 -0.20235799620811473
vn 0.7552119858484603 -0.6234629883172389 0.20235799620811473
vn -0.6682754946900242 0.32682675287314905 -0.6682754946900242
vn 0.6682754946900242 -0.32682675287314905 0.6682754946900242
vn -0.6901471764640991 0.2177010556640989 -0.6901471764640991
vn 0.6901471764640991 -0.2177010556640989 0.6901471764640991
vn -0.9208236811851137 0.08126597186344997 -0.3814178679424773
vn 0.9208236811851137 -0.08126597186344997 0.3814178679424773
vn -0.9427587290497661 0.21770093743243304 -0.25261092739925095
vn 0.9427587290497661 -0.21770093743243304 0.25261092739925095
vn -0.7047679892861172 0.08126599876459432 -0.7047679892861172
vn 0.7047679892861172 -0.08126599876459432 0.7047679892861172
vn -0.9369989015710816 0.3268269656678095 -0.12335798704161421
vn 0.9369989015710816 -0.3268269656678095 0.12335798704161421
vn -0.7751640193911158 0.6234630155962393 -0.10205200255288191
vn 0.7751640193911158 -0.6234630155962393 0.10205200255288191
vn -0.6771045894299699 0.6234626219563839 -0.39092676295713347
vn 0.6771045894299699 -0.6234626219563839 0.39092676295713347
vn -0.6722550231843956 0.5310200183135533 -0.5158400177900329
vn 0.6722550231843956 -0.5310200183135533 0.5158400177900329
vn -0.6378168025743634 0.4317168663691881 -0.6378168025743634
vn 0.6378168025743634 -0.4317168663691881 0.6378168025743634
vn -0.8631610818306955 -0.08126600770430233 -0.49834604724495174
vn 0.8631610818306955 0.08126600770430233 0.49834604724495174
vn -0.7907291384958254 -0.08126601423370301 -0.6067481062716367
vn 0.7907291384958254 0.08126601423370301 0.6067481062716367
vn -0.7047679892861172 -0.08126599876459432 -0.7047679892861172
vn 0.7047679892861172 0.08126599876459432 0.7047679892861172
vn -0.9017961707984075 0.4311520816593497 -0.029522005591409346
vn 0.9017961707984075 -0.4311520816593497 0.029522005591409346
vn -0.8472891794817097 0.5304071123564158 -0.02773700587554445
vn 0.8472891794817097 -0.5304071123564158 0.02773700587554445
vn -0.7819226454614964 0.6228497175881679 -0.02559698839384175
vn 0.7819226454614964 -0.6228497175881679 0.02559698839384175
vn -0.6525810590843654 0.7078640640896613 -0.27030802447355445
vn 0.6525810590843654 -0.7078640640896613 0.27030802447355445
vn -0.682280296535456 0.7078643076548836 -0.18281607945627296
vn 0.682280296535456 -0.7078643076548836 0.18281607945627296
vn -0.7003059219365529 0.7078639210940592 -0.09219698972275601
vn 0.7003059219365529 -0.7078639210940592 0.09219698972275601
vn -0.5753308005656399 0.3268268867077671 -0.7497857400920667
vn 0.5753308005656399 -0.3268268867077671 0.7497857400920667
vn -0.594160933172644 0.21770097551441067 -0.7743249129089718
vn 0.594160933172644 -0.21770097551441067 0.7743249129089718
vn -0.6067481062716367 0.08126601423370301 -0.7907291384958254
vn 0.6067481062716367 -0.08126601423370301 0.7907291384958254
vn -0.9208236811851137 -0.08126597186344997 -0.3814178679424773
vn 0.9208236811851137 0.08126597186344997 0.3814178679424773
vn -0.9627309756977823 0.08126599794860245 -0.25796299348824026
vn 0.9627309756977823 -0.08126599794860245 0.25796299348824026
vn -0.9676655385334783 0.21770089618140634 -0.1273959392466109
vn 0.9676655385334783 -0.21770089618140634 0.1273959392466109
vn -0.9447404250232246 0.3263571468227285 -0.030928013914006278
vn 0.9447404250232246 -0.3263571468227285 0.030928013914006278
vn -0.7065390045794325 0.707296004584339 -0.023130000149917097
vn 0.7065390045794325 -0.707296004584339 0.023130000149917097
vn -0.6117160668520057 0.7078640773596377 -0.35317403859698004
vn 0.6117160668520057 -0.7078640773596377 0.35317403859698004
vn -0.620285795426987 0.6234627943791987 -0.4759618430256682
vn 0.620285795426987 -0.6234627943791987 0.4759618430256682
vn -0.5991733570301339 0.5310203164197014 -0.5991733570301339
vn 0.5991733570301339 -0.5310203164197014 0.5991733570301339
vn -0.5491080828337841 0.4317170651251717 -0.7156121079511679
vn 0.5491080828337841 -0.4317170651251717 0.7156121079511679
vn -0.8452540600210703 -0.21770101545884082 -0.4880080346532078
vn 0.8452540600210703 0.21770101545884082 0.4880080346532078
vn -0.7743249129089718 -0.21770097551441067 -0.594160933172644
vn 0.7743249129089718 0.21770097551441067 0.594160933172644
vn -0.6901471764640991 -0.2177010556640989 -0.6901471764640991
vn 0.6901471764640991 0.2177010556640989 0.6901471764640991
vn -0.6067481062716367 -0.08126601423370301 -0.7907291384958254
vn 0.6067481062716367 0.08126601423370301 0.7907291384958254
vn -0.9023690986032302 0.4309640470920904 0
vn 0.9023690986032302 -0.4309640470920904 0
vn -0.8478708075969388 0.5302028796837251 0
vn 0.8478708075969388 -0.5302028796837251 0
vn -0.7825037842903414 0.6226458283577387 0
vn 0.7825037842903414 -0.6226458283577387 0
vn -0.7071067811865476 0.7071067811865476 0
vn 0.7071067811865476 -0.7071067811865476 0
vn -0.5385188878607233 0.7831538369188031 -0.3109139352563771
vn 0.5385188878607233 -0.7831538369188031 0.3109139352563771
vn -0.560384014021929 0.7078640177121737 -0.42999801075941035
vn 0.560384014021929 -0.7078640177121737 0.42999801075941035
vn -0.5744940192107931 0.7831540261882797 -0.2379630079573642
vn 0.5744940192107931 -0.7831540261882797 0.2379630079573642
vn -0.6006398189680868 0.783153763958666 -0.16094095149264598
vn 0.6006398189680868 -0.783153763958666 0.16094095149264598
vn -0.6165086017287903 0.7831534940743916 -0.081164947566568
vn 0.6165086017287903 -0.7831534940743916 0.081164947566568
vn -0.47254198587524776 0.3268269902308146 -0.818466975535204
vn 0.47254198587524776 -0.3268269902308146 0.818466975535204
vn -0.4880080346532078 0.21770101545884082 -0.8452540600210703
vn 0.4880080346532078 -0.21770101545884082 0.8452540600210703
vn -0.49834604724495174 0.08126600770430233 -0.8631610818306955
vn 0.49834604724495174 -0.08126600770430233 0.8631610818306955
vn -0.9017207870735396 -0.21770094859351913 -0.3735049118029883
vn 0.9017207870735396 0.21770094859351913 0.3735049118029883
vn -0.9627309756977823 -0.08126599794860245 -0.25796299348824026
vn 0.9627309756977823 0.08126599794860245 0.25796299348824026
vn -0.9881656763026699 0.08126597337938442 -0.130093957384609
vn 0.9881656763026699 -0.08126597337938442 0.130093957384609
vn -0.9755671020043258 0.21736802272778427 -0.03193700333930131
vn 0.9755671020043258 -0.21736802272778427 0.03193700333930131
vn -0.9453003864384044 0.3262011333508875 0
vn 0.9453003864384044 -0.3262011333508875 0
vn -0.6221082472333319 0.7826663110410458 -0.020366008093697617
vn 0.6221082472333319 -0.7826663110410458 0.020366008093697617
vn -0.4933297549037253 0.783153610913328 -0.37854481193122397
vn 0.4933297549037253 -0.783153610913328 0.37854481193122397
vn -0.49946399573257966 0.7078639939520102 -0.49946399573257966
vn 0.49946399573257966 -0.7078639939520102 0.49946399573257966
vn -0.5528536674583425 0.6234626249870321 -0.5528536674583425
vn 0.5528536674583425 -0.6234626249870321 0.5528536674583425
vn -0.5158400177900329 0.5310200183135533 -0.6722550231843956
vn 0.5158400177900329 -0.5310200183135533 0.6722550231843956
vn -0.4510048397392922 0.4317168465931154 -0.7811627224205158
vn 0.4510048397392922 -0.4317168465931154 0.7811627224205158
vn -0.818466975535204 -0.3268269902308146 -0.47254198587524776
vn 0.818466975535204 0.3268269902308146 0.47254198587524776
vn -0.7497857400920667 -0.3268268867077671 -0.5753308005656399
vn 0.7497857400920667 0.3268268867077671 0.5753308005656399
vn -0.6682754946900242 -0.32682675287314905 -0.6682754946900242
vn 0.6682754946900242 0.32682675287314905 0.6682754946900242
vn -0.594160933172644 -0.21770097551441067 -0.7743249129089718
vn 0.594160933172644 0.21770097551441067 0.7743249129089718
vn -0.49834604724495174 -0.08126600770430233 -0.8631610818306955
vn 0.49834604724495174 0.08126600770430233 0.8631610818306955
vn 0 0 1
vn 0 0 -1
vn -0.6226458283577387 0.7825037842903414 0
vn 0.6226458283577387 -0.7825037842903414 0
vn -0.4584619745888288 0.8483809529767903 -0.2646929853288623
vn 0.4584619745888288 -0.8483809529767903 0.2646929853288623
vn -0.4199900264255632 0.8483810533797134 -0.32227002027706914
vn 0.4199900264255632 -0.8483810533797134 0.32227002027706914
vn -0.43969886612974335 0.7831537615618253 -0.43969886612974335
vn 0.43969886612974335 -0.7831537615618253 0.43969886612974335
vn -0.4890890333434014 0.8483810578379564 -0.2025870138112688
vn 0.4890890333434014 -0.8483810578379564 0.2025870138112688
vn -0.5113479466945361 0.8483809115605365 -0.13701498571687354
vn 0.5113479466945361 -0.8483809115605365 0.13701498571687354
vn -0.52485703584485 0.8483810579397622 -0.06909900471908213
vn 0.52485703584485 -0.8483810579397622 0.06909900471908213
vn -0.36166798645752335 0.3268269877621271 -0.8731439673055614
vn 0.36166798645752335 -0.3268269877621271 0.8731439673055614
vn -0.3735049118029883 0.21770094859351913 -0.9017207870735396
vn 0.3735049118029883 -0.21770094859351913 0.9017207870735396
vn -0.3814178679424773 0.08126597186344997 -0.9208236811851137
vn 0.3814178679424773 -0.08126597186344997 0.9208236811851137
vn -0.8731439673055614 -0.3268269877621271 -0.36166798645752335
vn 0.8731439673055614 0.3268269877621271 0.36166798645752335
vn -0.9427587290497661 -0.21770093743243304 -0.25261092739925095
vn 0.9427587290497661 0.21770093743243304 0.25261092739925095
vn -0.9881656763026699 -0.08126597337938442 -0.130093957384609
vn 0.9881656763026699 0.08126597337938442 0.130093957384609
vn -0.9961693962872227 0.08113603227681257 -0.03261101297302227
vn 0.9961693962872227 -0.08113603227681257 0.03261101297302227
vn -0.97611441726704 0.21725709287253878 0
vn 0.97611441726704 -0.21725709287253878 0
vn -0.5297151855301276 0.8479982970072155 -0.017341006073601735
vn 0.5297151855301276 -0.8479982970072155 0.017341006073601735
vn -0.3743328669361066 0.848380698426591 -0.3743328669361066
vn 0.3743328669361066 -0.848380698426591 0.3743328669361066
vn -0.42999801075941035 0.7078640177121737 -0.560384014021929
vn 0.42999801075941035 -0.7078640177121737 0.560384014021929
vn -0.37854481193122397 0.783153610913328 -0.4933297549037253
vn 0.37854481193122397 -0.783153610913328 0.4933297549037253
vn -0.4759618430256683 0.6234627943791988 -0.6202857954269871
vn 0.4759618430256683 -0.6234627943791988 0.6202857954269871
vn -0.42367983264120307 0.5310197902405865 -0.7338347101261737
vn 0.42367983264120307 -0.5310197902405865 0.7338347101261737
vn -0.34518392215257737 0.4317169026372724 -0.8333478120596727
vn 0.34518392215257737 -0.4317169026372724 0.8333478120596727
vn -0.7811627224205158 -0.4317168465931154 -0.4510048397392922
vn 0.7811627224205158 0.4317168465931154 0.4510048397392922
vn -0.7156121079511679 -0.4317170651251717 -0.5491080828337841
vn 0.7156121079511679 0.4317170651251717 0.5491080828337841
vn -0.6378168025743634 -0.4317168663691881 -0.6378168025743634
vn 0.6378168025743634 0.4317168663691881 0.6378168025743634
vn -0.5753308005656399 -0.3268268867077671 -0.7497857400920667
vn 0.5753308005656399 0.3268268867077671 0.7497857400920667
vn -0.4880080346532078 -0.21770101545884082 -0.8452540600210703
vn 0.4880080346532078 0.21770101545884082 0.8452540600210703
vn -0.3814178679424773 -0.08126597186344997 -0.9208236811851137
vn 0.3814178679424773 0.08126597186344997 0.9208236811851137
vn -0.9453003864384044 -0.3262011333508875 0
vn -0.9017961707984075 -0.4311520816593497 -0.029522005591409346
vn -0.9023690986032302 -0.4309640470920904 0
vn 0.9023690986032302 0.4309640470920904 0
vn 0.9017961707984075 0.4311520816593497 0.029522005591409346
vn 0.9453003864384044 0.3262011333508875 0
vn -0.8472891794817097 -0.5304071123564158 -0.02773700587554445
vn -0.8478708075969388 -0.5302028796837251 0
vn 0.8478708075969388 0.5302028796837251 0
vn 0.8472891794817097 0.5304071123564158 0.02773700587554445
vn -0.7819226454614964 -0.6228497175881679 -0.02559698839384175
vn -0.7825037842903414 -0.6226458283577387 0
vn 0.7825037842903414 0.6226458283577387 0
vn 0.7819226454614964 0.6228497175881679 0.02559698839384175
vn -0.7065390045794325 -0.707296004584339 -0.023130000149917097
vn -0.7071067811865476 -0.7071067811865476 0
vn 0.7071067811865476 0.7071067811865476 0
vn 0.7065390045794325 0.707296004584339 0.023130000149917097
vn -0.6221082472333319 -0.7826663110410458 -0.020366008093697617
vn -0.6226458283577387 -0.7825037842903414 0
vn 0.6226458283577387 0.7825037842903414 0
vn 0.6221082472333319 0.7826663110410458 0.020366008093697617
vn -0.5302028796837251 0.8478708075969388 0
vn 0.5302028796837251 -0.8478708075969388 0
vn -0.37257489496276897 0.9027277455007731 -0.21510593935680436
vn 0.37257489496276897 -0.9027277455007731 0.21510593935680436
vn -0.34131081580927874 0.9027275128369101 -0.26189685866556506
vn 0.34131081580927874 -0.9027275128369101 0.26189685866556506
vn -0.30420593568235427 0.902727809138085 -0.30420593568235427
vn 0.30420593568235427 -0.902727809138085 0.30420593568235427
vn -0.32227002027706914 0.8483810533797134 -0.4199900264255632
vn 0.32227002027706914 -0.8483810533797134 0.4199900264255632
vn -0.39746481091927754 0.9027275705572505 -0.1646349216803876
vn 0.39746481091927754 -0.9027275705572505 0.1646349216803876
vn -0.41555293928730447 0.9027278681105654 -0.11134698373209552
vn 0.41555293928730447 -0.9027278681105654 0.11134698373209552
vn -0.42653185909010527 0.9027277017731203 -0.056153981448861454
vn 0.42653185909010527 -0.9027277017731203 0.056153981448861454
vn -0.2446060362841283 0.3268270484805475 -0.9128811354140591
vn 0.2446060362841283 -0.3268270484805475 0.9128811354140591
vn -0.2526109273992509 0.217700937432433 -0.942758729049766
vn 0.2526109273992509 -0.217700937432433 0.942758729049766
vn -0.25796299348824026 0.08126599794860245 -0.9627309756977823
vn 0.25796299348824026 -0.08126599794860245 0.9627309756977823
vn -0.8333478120596727 -0.4317169026372724 -0.34518392215257737
vn 0.8333478120596727 0.4317169026372724 0.34518392215257737
vn -0.9128811354140591 -0.3268270484805475 -0.2446060362841283
vn 0.9128811354140591 0.3268270484805475 0.2446060362841283
vn -0.9676655385334783 -0.21770089618140634 -0.1273959392466109
vn 0.9676655385334783 0.21770089618140634 0.1273959392466109
vn -0.9961693962872227 -0.08113603227681257 -0.03261101297302227
vn 0.9961693962872227 0.08113603227681257 0.03261101297302227
vn -0.9967065422636224 0.08109296275814651 0
vn 0.9967065422636224 -0.08109296275814651 0
vn -0.9447404250232246 -0.3263571468227285 -0.030928013914006278
vn 0.9447404250232246 0.3263571468227285 0.030928013914006278
vn -0.5297151855301276 -0.8479982970072155 -0.017341006073601735
vn 0.5297151855301276 0.8479982970072155 0.017341006073601735
vn -0.5302028796837251 -0.8478708075969388 0
vn 0.5302028796837251 0.8478708075969388 0
vn -0.4305458334171133 0.9024586508288885 -0.01409499454649262
vn 0.4305458334171133 -0.9024586508288885 0.01409499454649262
vn -0.26189685866556506 0.9027275128369101 -0.34131081580927874
vn 0.26189685866556506 -0.9027275128369101 0.34131081580927874
vn -0.35317403859698004 0.7078640773596377 -0.6117160668520057
vn 0.35317403859698004 -0.7078640773596377 0.6117160668520057
vn -0.3109139352563771 0.7831538369188031 -0.5385188878607233
vn 0.3109139352563771 -0.7831538369188031 0.5385188878607233
vn -0.2646929853288623 0.8483809529767903 -0.4584619745888288
vn 0.2646929853288623 -0.8483809529767903 0.4584619745888288
vn -0.39092676295713347 0.6234626219563839 -0.6771045894299699
vn 0.39092676295713347 -0.6234626219563839 0.6771045894299699
vn -0.3242700127334351 0.5310200208520945 -0.7828580307412697
vn 0.3242700127334351 -0.5310200208520945 0.7828580307412697
vn -0.23345698575749013 0.43171697366224343 -0.871273946846192
vn 0.23345698575749013 -0.43171697366224343 0.871273946846192
vn -0.7338347101261737 -0.5310197902405865 -0.42367983264120307
vn 0.7338347101261737 0.5310197902405865 0.42367983264120307
vn -0.6722550231843956 -0.5310200183135533 -0.5158400177900329
vn 0.6722550231843956 0.5310200183135533 0.5158400177900329
vn -0.5991733570301339 -0.5310203164197014 -0.5991733570301339
vn 0.5991733570301339 0.5310203164197014 0.5991733570301339
vn -0.5491080828337841 -0.4317170651251717 -0.7156121079511679
vn 0.5491080828337841 0.4317170651251717 0.7156121079511679
vn -0.47254198587524776 -0.3268269902308146 -0.818466975535204
vn 0.47254198587524776 0.3268269902308146 0.818466975535204
vn -0.3735049118029883 -0.21770094859351913 -0.9017207870735396
vn 0.3735049118029883 0.21770094859351913 0.9017207870735396
vn -0.97611441726704 -0.21725709287253878 0
vn 0.97611441726704 0.21725709287253878 0
vn -0.25796299348824026 -0.08126599794860245 -0.9627309756977823
vn 0.25796299348824026 0.08126599794860245 0.9627309756977823
vn -0.8942922168439787 -0.4317171046808336 -0.11773602854810586
vn 0.8942922168439787 0.4317171046808336 0.11773602854810586
vn -0.8401099680300358 -0.5310199797923005 -0.11060299579105838
vn 0.8401099680300358 0.5310199797923005 0.11060299579105838
vn -0.7751640193911158 -0.6234630155962393 -0.10205200255288191
vn 0.7751640193911158 0.6234630155962393 0.10205200255288191
vn -0.7003059219365529 -0.7078639210940592 -0.09219698972275601
vn 0.7003059219365529 0.7078639210940592 0.09219698972275601
vn -0.6165086017287903 -0.7831534940743916 -0.081164947566568
vn 0.6165086017287903 0.7831534940743916 0.081164947566568
vn -0.52485703584485 -0.8483810579397622 -0.06909900471908213
vn 0.52485703584485 0.8483810579397622 0.06909900471908213
vn -0.4305458334171133 -0.9024586508288885 -0.01409499454649262
vn 0.4305458334171133 0.9024586508288885 0.01409499454649262
vn -0.4309640470920904 0.9023690986032302 0
vn 0.4309640470920904 -0.9023690986032302 0
vn -0.2819578479484913 0.9455154901115264 -0.16278891221276556
vn 0.2819578479484913 -0.9455154901115264 0.16278891221276556
vn -0.2582978441610796 0.9455154295418754 -0.19819888042060646
vn 0.2582978441610796 -0.9455154295418754 0.19819888042060646
vn -0.23021786632357427 0.9455154509847217 -0.23021786632357427
vn 0.23021786632357427 -0.9455154509847217 0.23021786632357427
vn -0.19819888042060646 0.9455154295418754 -0.2582978441610796
vn 0.19819888042060646 -0.9455154295418754 0.2582978441610796
vn -0.21510593935680436 0.9027277455007731 -0.37257489496276897
vn 0.21510593935680436 -0.9027277455007731 0.37257489496276897
vn -0.3007938567708729 0.9455155497734951 -0.12459294067253125
vn 0.3007938567708729 -0.9455155497734951 0.12459294067253125
vn -0.31448287070023706 0.9455156112508637 -0.08426596535401333
vn 0.31448287070023706 -0.9455156112508637 0.08426596535401333
vn -0.32279182383059996 0.9455154839680462 -0.042495976807062054
vn 0.32279182383059996 -0.9455154839680462 0.042495976807062054
vn -0.12335798704161421 0.3268269656678095 -0.9369989015710816
vn 0.12335798704161421 -0.3268269656678095 0.9369989015710816
vn -0.12739593924661088 0.2177008961814063 -0.967665538533478
vn 0.12739593924661088 -0.2177008961814063 0.967665538533478
vn -0.130093957384609 0.08126597337938442 -0.9881656763026699
vn 0.130093957384609 -0.08126597337938442 0.9881656763026699
vn -0.7828580307412697 -0.5310200208520945 -0.3242700127334351
vn 0.7828580307412697 0.5310200208520945 0.3242700127334351
vn -0.871273946846192 -0.43171697366224343 -0.23345698575749013
vn 0.871273946846192 0.43171697366224343 0.23345698575749013
vn -0.9369989015710816 -0.3268269656678095 -0.12335798704161421
vn 0.9369989015710816 0.3268269656678095 0.12335798704161421
vn -0.9755671020043258 -0.21736802272778427 -0.03193700333930131
vn 0.9755671020043258 0.21736802272778427 0.03193700333930131
vn -0.9967065422636224 -0.08109296275814651 0
vn 0.9967065422636224 0.08109296275814651 0
vn -0.42653185909010527 -0.9027277017731203 -0.056153981448861454
vn 0.42653185909010527 0.9027277017731203 0.056153981448861454
vn -0.4309640470920904 -0.9023690986032302 0
vn 0.4309640470920904 0.9023690986032302 0
vn -0.3258710162640599 0.9453540471821489 -0.010668000532434585
vn 0.3258710162640599 -0.9453540471821489 0.010668000532434585
vn -0.16278891221276556 0.9455154901115264 -0.2819578479484913
vn 0.16278891221276556 -0.9455154901115264 0.2819578479484913
vn -0.29920197974148344 0.6234629577862597 -0.7223379510915825
vn 0.29920197974148344 -0.6234629577862597 0.7223379510915825
vn -0.2379630079573642 0.7831540261882797 -0.5744940192107931
vn 0.2379630079573642 -0.7831540261882797 0.5744940192107931
vn -0.2025870138112688 0.8483810578379564 -0.4890890333434014
vn 0.2025870138112688 -0.8483810578379564 0.4890890333434014
vn -0.1646349216803876 0.9027275705572505 -0.39746481091927754
vn 0.1646349216803876 -0.9027275705572505 0.39746481091927754
vn -0.21931302581698262 0.5310200625103578 -0.8184860963501426
vn 0.21931302581698262 -0.5310200625103578 0.8184860963501426
vn -0.11773602854810586 0.4317171046808336 -0.8942922168439787
vn 0.11773602854810586 -0.4317171046808336 0.8942922168439787
vn -0.6771045894299699 -0.6234626219563839 -0.39092676295713347
vn 0.6771045894299699 0.6234626219563839 0.39092676295713347
vn -0.620285795426987 -0.6234627943791987 -0.4759618430256682
vn 0.620285795426987 0.6234627943791987 0.4759618430256682
vn -0.5528536674583425 -0.6234626249870321 -0.5528536674583425
vn 0.5528536674583425 0.6234626249870321 0.5528536674583425
vn -0.5158400177900329 -0.5310200183135533 -0.6722550231843956
vn 0.5158400177900329 0.5310200183135533 0.6722550231843956
vn -0.4510048397392922 -0.4317168465931154 -0.7811627224205158
vn 0.4510048397392922 0.4317168465931154 0.7811627224205158
vn -0.36166798645752335 -0.3268269877621271 -0.8731439673055614
vn 0.36166798645752335 0.3268269877621271 0.8731439673055614
vn -0.2526109273992509 -0.217700937432433 -0.942758729049766
vn 0.2526109273992509 0.217700937432433 0.942758729049766
vn -0.130093957384609 -0.08126597337938442 -0.9881656763026699
vn 0.130093957384609 0.08126597337938442 0.9881656763026699
vn -0.8184860963501426 -0.5310200625103578 -0.21931302581698262
vn 0.8184860963501426 0.5310200625103578 0.21931302581698262
vn -0.7552119858484603 -0.6234629883172389 -0.20235799620811473
vn 0.7552119858484603 0.6234629883172389 0.20235799620811473
vn -0.682280296535456 -0.7078643076548836 -0.18281607945627296
vn 0.682280296535456 0.7078643076548836 0.18281607945627296
vn -0.6006398189680868 -0.783153763958666 -0.16094095149264598
vn 0.6006398189680868 0.783153763958666 0.16094095149264598
vn -0.5113479466945361 -0.8483809115605365 -0.13701498571687354
vn 0.5113479466945361 0.8483809115605365 0.13701498571687354
vn -0.41555293928730447 -0.9027278681105654 -0.11134698373209552
vn 0.41555293928730447 0.9027278681105654 0.11134698373209552
vn -0.3258710162640599 -0.9453540471821489 -0.010668000532434585
vn 0.3258710162640599 0.9453540471821489 0.010668000532434585
vn -0.32279182383059996 -0.9455154839680462 -0.042495976807062054
vn 0.32279182383059996 0.9455154839680462 0.042495976807062054
vn -0.3262011333508875 0.9453003864384044 0
vn 0.3262011333508875 -0.9453003864384044 0
vn -0.1877660028377076 0.9762130147535074 -0.10840700163835504
vn 0.1877660028377076 -0.9762130147535074 0.10840700163835504
vn -0.1720099919488145 0.9762129543068895 -0.1319879938221041
vn 0.1720099919488145 -0.9762129543068895 0.1319879938221041
vn -0.15331002042327238 0.9762131300467288 -0.15331002042327238
vn 0.15331002042327238 -0.9762131300467288 0.15331002042327238
vn -0.1319879938221041 0.9762129543068895 -0.1720099919488145
vn 0.1319879938221041 -0.9762129543068895 0.1720099919488145
vn -0.10840700163835504 0.9762130147535074 -0.1877660028377076
vn 0.10840700163835504 -0.9762130147535074 0.1877660028377076
vn -0.12459294067253125 0.9455155497734951 -0.3007938567708729
vn 0.12459294067253125 -0.9455155497734951 0.3007938567708729
vn -0.20030998955283277 0.9762129490856151 -0.08297099567264785
vn 0.20030998955283277 -0.9762129490856151 0.08297099567264785
vn -0.27030802447355445 0.7078640640896613 -0.6525810590843654
vn 0.27030802447355445 -0.7078640640896613 0.6525810590843654
vn -0.20942600376233816 0.9762130175376669 -0.05611500100810599
vn 0.20942600376233816 -0.9762130175376669 0.05611500100810599
vn -0.2149589910738281 0.9762129594627577 -0.028299998824842573
vn 0.2149589910738281 -0.9762129594627577 0.028299998824842573
vn -0.030928013914006278 0.3263571468227285 -0.9447404250232246
vn 0.030928013914006278 -0.3263571468227285 0.9447404250232246
vn -0.031937003339301315 0.21736802272778433 -0.9755671020043261
vn 0.031937003339301315 -0.21736802272778433 0.9755671020043261
vn -0.03261101297302227 0.08113603227681257 -0.9961693962872227
vn 0.03261101297302227 -0.08113603227681257 0.9961693962872227
vn -0.7223379510915825 -0.6234629577862597 -0.29920197974148344
vn 0.7223379510915825 0.6234629577862597 0.29920197974148344
vn -0.31448287070023706 -0.9455156112508637 -0.08426596535401333
vn 0.31448287070023706 0.9455156112508637 0.08426596535401333
vn -0.3262011333508875 -0.9453003864384044 0
vn 0.3262011333508875 0.9453003864384044 0
vn -0.21703001635907218 0.9761390735784378 -0.007105000535553647
vn 0.21703001635907218 -0.9761390735784378 0.007105000535553647
vn -0.08297099567264785 0.9762129490856151 -0.20030998955283277
vn 0.08297099567264785 -0.9762129490856151 0.20030998955283277
vn -0.20235799620811473 0.6234629883172389 -0.7552119858484603
vn 0.20235799620811473 -0.6234629883172389 0.7552119858484603
vn -0.16094095149264598 0.783153763958666 -0.6006398189680868
vn 0.16094095149264598 -0.783153763958666 0.6006398189680868
vn -0.13701498571687354 0.8483809115605365 -0.5113479466945361
vn 0.13701498571687354 -0.8483809115605365 0.5113479466945361
vn -0.11134698373209552 0.9027278681105654 -0.41555293928730447
vn 0.11134698373209552 -0.9027278681105654 0.41555293928730447
vn -0.08426596535401333 0.9455156112508637 -0.31448287070023706
vn 0.08426596535401333 -0.9455156112508637 0.31448287070023706
vn -0.11060299579105838 0.5310199797923005 -0.8401099680300358
vn 0.11060299579105838 -0.5310199797923005 0.8401099680300358
vn -0.029522005591409346 0.4311520816593497 -0.9017961707984075
vn 0.029522005591409346 -0.4311520816593497 0.9017961707984075
vn -0.6117160668520057 -0.7078640773596377 -0.35317403859698004
vn 0.6117160668520057 0.7078640773596377 0.35317403859698004
vn -0.560384014021929 -0.7078640177121737 -0.42999801075941035
vn 0.560384014021929 0.7078640177121737 0.42999801075941035
vn -0.49946399573257966 -0.7078639939520102 -0.49946399573257966
vn 0.49946399573257966 0.7078639939520102 0.49946399573257966
vn -0.4759618430256683 -0.6234627943791988 -0.6202857954269871
vn 0.4759618430256683 0.6234627943791988 0.6202857954269871
vn -0.42367983264120307 -0.5310197902405865 -0.7338347101261737
vn 0.42367983264120307 0.5310197902405865 0.7338347101261737
vn -0.34518392215257737 -0.4317169026372724 -0.8333478120596727
vn 0.34518392215257737 0.4317169026372724 0.8333478120596727
vn -0.2446060362841283 -0.3268270484805475 -0.9128811354140591
vn 0.2446060362841283 0.3268270484805475 0.9128811354140591
vn -0.12739593924661088 -0.2177008961814063 -0.967665538533478
vn 0.12739593924661088 0.2177008961814063 0.967665538533478
vn -0.03261101297302227 -0.08113603227681257 -0.9961693962872227
vn 0.03261101297302227 0.08113603227681257 0.9961693962872227
vn -0.6525810590843654 -0.7078640640896613 -0.27030802447355445
vn 0.6525810590843654 0.7078640640896613 0.27030802447355445
vn -0.5744940192107931 -0.7831540261882797 -0.2379630079573642
vn 0.5744940192107931 0.7831540261882797 0.2379630079573642
vn -0.4890890333434014 -0.8483810578379564 -0.2025870138112688
vn 0.4890890333434014 0.8483810578379564 0.2025870138112688
vn -0.39746481091927754 -0.9027275705572505 -0.1646349216803876
vn 0.39746481091927754 0.9027275705572505 0.1646349216803876
vn -0.3007938567708729 -0.9455155497734951 -0.12459294067253125
vn 0.3007938567708729 0.9455155497734951 0.12459294067253125
vn -0.21703001635907218 -0.9761390735784378 -0.007105000535553647
vn 0.21703001635907218 0.9761390735784378 0.007105000535553647
vn -0.2149589910738281 -0.9762129594627577 -0.028299998824842573
vn 0.2149589910738281 0.9762129594627577 0.028299998824842573
vn -0.20942600376233816 -0.9762130175376669 -0.05611500100810599
vn 0.20942600376233816 0.9762130175376669 0.05611500100810599
vn -0.21725709287253878 0.97611441726704 0
vn 0.21725709287253878 -0.97611441726704 0
vn -0.09340496510867521 0.9941666286301194 -0.053927979855260814
vn 0.09340496510867521 -0.9941666286301194 0.053927979855260814
vn -0.08556696969466615 0.9941666478950666 -0.06565797674585283
vn 0.08556696969466615 -0.9941666478950666 0.06565797674585283
vn -0.07626497237915808 0.9941666399432303 -0.07626497237915808
vn 0.07626497237915808 -0.9941666399432303 0.07626497237915808
vn -0.06565797674585283 0.9941666478950666 -0.08556696969466615
vn 0.06565797674585283 -0.9941666478950666 0.08556696969466615
vn -0.053927979855260814 0.9941666286301194 -0.09340496510867521
vn 0.053927979855260814 -0.9941666286301194 0.09340496510867521
vn -0.041273985698772796 0.9941666555262842 -0.09964496547352365
vn 0.041273985698772796 -0.9941666555262842 0.09964496547352365
vn -0.05611500100810599 0.9762130175376669 -0.20942600376233816
vn 0.05611500100810599 -0.9762130175376669 0.20942600376233816
vn -0.09964496547352365 0.9941666555262842 -0.041273985698772796
vn 0.09964496547352365 -0.9941666555262842 0.041273985698772796
vn -0.18281607945627296 0.7078643076548836 -0.682280296535456
vn 0.18281607945627296 -0.7078643076548836 0.682280296535456
vn -0.10417996127037735 0.9941666304116649 -0.027914989622409136
vn 0.10417996127037735 -0.9941666304116649 0.027914989622409136
vn -0.10693295292480957 0.9941665623371565 -0.014077993802432076
vn 0.10693295292480957 -0.9941665623371565 0.014077993802432076
vn 0.030928013914006278 0.3263571468227285 -0.9447404250232246
vn -0.030928013914006278 -0.3263571468227285 0.9447404250232246
vn 0.031937003339301315 0.21736802272778433 -0.9755671020043261
vn -0.031937003339301315 -0.21736802272778433 0.9755671020043261
vn 0.03261101297302227 0.08113603227681257 -0.9961693962872227
vn -0.03261101297302227 -0.08113603227681257 0.9961693962872227
vn -0.42999801075941035 -0.7078640177121737 -0.560384014021929
vn 0.42999801075941035 0.7078640177121737 0.560384014021929
vn -0.20030998955283277 -0.9762129490856151 -0.08297099567264785
vn 0.20030998955283277 0.9762129490856151 0.08297099567264785
vn -0.21725709287253878 -0.97611441726704 0
vn 0.21725709287253878 0.97611441726704 0
vn -0.10796899745786998 0.9941479765927862 -0.0035349999167684277
vn 0.10796899745786998 -0.9941479765927862 0.0035349999167684277
vn -0.027914989622409136 0.9941666304116649 -0.10417996127037735
vn 0.027914989622409136 -0.9941666304116649 0.10417996127037735
vn -0.10205200255288191 0.6234630155962393 -0.7751640193911158
vn 0.10205200255288191 -0.6234630155962393 0.7751640193911158
vn -0.081164947566568 0.7831534940743916 -0.6165086017287903
vn 0.081164947566568 -0.7831534940743916 0.6165086017287903
vn -0.06909900471908213 0.8483810579397622 -0.52485703584485
vn 0.06909900471908213 -0.8483810579397622 0.52485703584485
vn -0.056153981448861454 0.9027277017731203 -0.42653185909010527
vn 0.056153981448861454 -0.9027277017731203 0.42653185909010527
vn -0.042495976807062054 0.9455154839680462 -0.32279182383059996
vn 0.042495976807062054 -0.9455154839680462 0.32279182383059996
vn -0.028299998824842573 0.9762129594627577 -0.2149589910738281
vn 0.028299998824842573 -0.9762129594627577 0.2149589910738281
vn -0.027737005875544448 0.5304071123564157 -0.8472891794817095
vn 0.027737005875544448 -0.5304071123564157 0.8472891794817095
vn 0.029522005591409346 0.4311520816593497 -0.9017961707984075
vn -0.029522005591409346 -0.4311520816593497 0.9017961707984075
vn -0.5385188878607233 -0.7831538369188031 -0.3109139352563771
vn 0.5385188878607233 0.7831538369188031 0.3109139352563771
vn -0.4933297549037253 -0.783153610913328 -0.37854481193122397
vn 0.4933297549037253 0.783153610913328 0.37854481193122397
vn -0.43969886612974335 -0.7831537615618253 -0.43969886612974335
vn 0.43969886612974335 0.7831537615618253 0.43969886612974335
vn -0.37854481193122397 -0.783153610913328 -0.4933297549037253
vn 0.37854481193122397 0.783153610913328 0.4933297549037253
vn -0.39092676295713347 -0.6234626219563839 -0.6771045894299699
vn 0.39092676295713347 0.6234626219563839 0.6771045894299699
vn -0.35317403859698004 -0.7078640773596377 -0.6117160668520057
vn 0.35317403859698004 0.7078640773596377 0.6117160668520057
vn -0.3242700127334351 -0.5310200208520945 -0.7828580307412697
vn 0.3242700127334351 0.5310200208520945 0.7828580307412697
vn -0.23345698575749013 -0.43171697366224343 -0.871273946846192
vn 0.23345698575749013 0.43171697366224343 0.871273946846192
vn -0.12335798704161421 -0.3268269656678095 -0.9369989015710816
vn 0.12335798704161421 0.3268269656678095 0.9369989015710816
vn -0.031937003339301315 -0.21736802272778433 -0.9755671020043261
vn 0.031937003339301315 0.21736802272778433 0.9755671020043261
vn 0.03261101297302227 -0.08113603227681257 -0.9961693962872227
vn -0.03261101297302227 0.08113603227681257 0.9961693962872227
vn -0.4584619745888288 -0.8483809529767903 -0.2646929853288623
vn 0.4584619745888288 0.8483809529767903 0.2646929853288623
vn -0.37257489496276897 -0.9027277455007731 -0.21510593935680436
vn 0.37257489496276897 0.9027277455007731 0.21510593935680436
vn -0.2819578479484913 -0.9455154901115264 -0.16278891221276556
vn 0.2819578479484913 0.9455154901115264 0.16278891221276556
vn -0.1877660028377076 -0.9762130147535074 -0.10840700163835504
vn 0.1877660028377076 0.9762130147535074 0.10840700163835504
vn -0.10796899745786998 -0.9941479765927862 -0.0035349999167684277
vn 0.10796899745786998 0.9941479765927862 0.0035349999167684277
vn -0.10693295292480957 -0.9941665623371565 -0.014077993802432076
vn 0.10693295292480957 0.9941665623371565 0.014077993802432076
vn -0.10417996127037735 -0.9941666304116649 -0.027914989622409136
vn 0.10417996127037735 0.9941666304116649 0.027914989622409136
vn -0.09964496547352365 -0.9941666555262842 -0.041273985698772796
vn 0.09964496547352365 0.9941666555262842 0.041273985698772796
vn -0.08109296275814651 0.9967065422636224 0
vn 0.08109296275814651 -0.9967065422636224 0
vn 0 1 0
vn 0 -1 0
vn 0.06565797674585283 0.9941666478950666 -0.08556696969466615
vn -0.06565797674585283 -0.9941666478950666 0.08556696969466615
vn 0.053927979855260814 0.9941666286301194 -0.09340496510867521
vn -0.053927979855260814 -0.9941666286301194 0.09340496510867521
vn 0.041273985698772796 0.9941666555262842 -0.09964496547352365
vn -0.041273985698772796 -0.9941666555262842 0.09964496547352365
vn 0.027914989622409136 0.9941666304116649 -0.10417996127037735
vn -0.027914989622409136 -0.9941666304116649 0.10417996127037735
vn -0.014077993802432076 0.9941665623371565 -0.10693295292480957
vn 0.014077993802432076 -0.9941665623371565 0.10693295292480957
vn -0.09219698972275601 0.7078639210940592 -0.7003059219365529
vn 0.09219698972275601 -0.7078639210940592 0.7003059219365529
vn 0.11773602854810586 0.4317171046808336 -0.8942922168439787
vn -0.11773602854810586 -0.4317171046808336 0.8942922168439787
vn 0.12335798704161421 0.3268269656678095 -0.9369989015710816
vn -0.12335798704161421 -0.3268269656678095 0.9369989015710816
vn 0.12739593924661088 0.2177008961814063 -0.967665538533478
vn -0.12739593924661088 -0.2177008961814063 0.967665538533478
vn -0.3109139352563771 -0.7831538369188031 -0.5385188878607233
vn 0.3109139352563771 0.7831538369188031 0.5385188878607233
vn 0.130093957384609 0.08126597337938442 -0.9881656763026699
vn -0.130093957384609 -0.08126597337938442 0.9881656763026699
vn -0.09340496510867521 -0.9941666286301194 -0.053927979855260814
vn 0.09340496510867521 0.9941666286301194 0.053927979855260814
vn -0.08109296275814651 -0.9967065422636224 0
vn 0.08109296275814651 0.9967065422636224 0
vn 0.07626497237915808 0.9941666399432303 -0.07626497237915808
vn -0.07626497237915808 -0.9941666399432303 0.07626497237915808
vn 0.014077993802432076 0.9941665623371565 -0.10693295292480957
vn -0.014077993802432076 -0.9941665623371565 0.10693295292480957
vn -0.02559698839384175 0.6228497175881679 -0.7819226454614964
vn 0.02559698839384175 -0.6228497175881679 0.7819226454614964
vn -0.020366008093697617 0.7826663110410458 -0.6221082472333319
vn 0.020366008093697617 -0.7826663110410458 0.6221082472333319
vn -0.017341006073601735 0.8479982970072155 -0.5297151855301276
vn 0.017341006073601735 -0.8479982970072155 0.5297151855301276
vn -0.01409499454649262 0.9024586508288885 -0.4305458334171133
vn 0.01409499454649262 -0.9024586508288885 0.4305458334171133
vn -0.010668000532434585 0.9453540471821489 -0.3258710162640599
vn 0.010668000532434585 -0.9453540471821489 0.3258710162640599
vn -0.007105000535553647 0.9761390735784378 -0.21703001635907218
vn 0.007105000535553647 -0.9761390735784378 0.21703001635907218
vn -0.0035349999167684277 0.9941479765927862 -0.10796899745786998
vn 0.0035349999167684277 -0.9941479765927862 0.10796899745786998
vn 0.027737005875544448 0.5304071123564157 -0.8472891794817095
vn -0.027737005875544448 -0.5304071123564157 0.8472891794817095
vn 0.11060299579105838 0.5310199797923005 -0.8401099680300358
vn -0.11060299579105838 -0.5310199797923005 0.8401099680300358
vn -0.4199900264255632 -0.8483810533797134 -0.32227002027706914
vn 0.4199900264255632 0.8483810533797134 0.32227002027706914
vn -0.3743328669361066 -0.848380698426591 -0.3743328669361066
vn 0.3743328669361066 0.848380698426591 0.3743328669361066
vn -0.32227002027706914 -0.8483810533797134 -0.4199900264255632
vn 0.32227002027706914 0.8483810533797134 0.4199900264255632
vn -0.2646929853288623 -0.8483809529767903 -0.4584619745888288
vn 0.2646929853288623 0.8483809529767903 0.4584619745888288
vn -0.29920197974148344 -0.6234629577862597 -0.7223379510915825
vn 0.29920197974148344 0.6234629577862597 0.7223379510915825
vn -0.2379630079573642 -0.7831540261882797 -0.5744940192107931
vn 0.2379630079573642 0.7831540261882797 0.5744940192107931
vn -0.21931302581698262 -0.5310200625103578 -0.8184860963501426
vn 0.21931302581698262 0.5310200625103578 0.8184860963501426
vn -0.11773602854810586 -0.4317171046808336 -0.8942922168439787
vn 0.11773602854810586 0.4317171046808336 0.8942922168439787
vn -0.030928013914006278 -0.3263571468227285 -0.9447404250232246
vn 0.030928013914006278 0.3263571468227285 0.9447404250232246
vn 0.031937003339301315 -0.21736802272778433 -0.9755671020043261
vn -0.031937003339301315 0.21736802272778433 0.9755671020043261
vn 0.130093957384609 -0.08126597337938442 -0.9881656763026699
vn -0.130093957384609 0.08126597337938442 0.9881656763026699
vn -0.34131081580927874 -0.9027275128369101 -0.26189685866556506
vn 0.34131081580927874 0.9027275128369101 0.26189685866556506
vn -0.2582978441610796 -0.9455154295418754 -0.19819888042060646
vn 0.2582978441610796 0.9455154295418754 0.19819888042060646
vn -0.1720099919488145 -0.9762129543068895 -0.1319879938221041
vn 0.1720099919488145 0.9762129543068895 0.1319879938221041
vn -0.08556696969466615 -0.9941666478950666 -0.06565797674585283
vn 0.08556696969466615 0.9941666478950666 0.06565797674585283
vn 0.7071067811865476 0 0.7071067811865476
vn 0.6087613233345314 0 0.7933534213778813
vn -0.6087613233345314 0 -0.7933534213778813
vn -0.7071067811865476 0 -0.7071067811865476
vn 0.7933534213778813 0 0.6087613233345314
vn -0.7933534213778813 0 -0.6087613233345314
vn 0.5000001748438417 0 0.8660253028382762
vn 0.38268289803626016 0 0.9238797538373538
vn -0.38268289803626016 0 -0.9238797538373538
vn -0.5000001748438417 0 -0.8660253028382762
vn 0.1305259853353411 0 0.9914448886106773
vn 0.03271898659853486 0 0.9994645906263837
vn -0.03271898659853486 0 -0.9994645906263837
vn -0.1305259853353411 0 -0.9914448886106773
vn 0.2588189595935754 0 0.965925849201117
vn -0.2588189595935754 0 -0.965925849201117
vn 0.1319879938221041 0.9762129543068895 -0.1720099919488145
vn -0.1319879938221041 -0.9762129543068895 0.1720099919488145
vn 0.15331002042327238 0.9762131300467288 -0.15331002042327238
vn -0.15331002042327238 -0.9762131300467288 0.15331002042327238
vn 0.10840700163835504 0.9762130147535074 -0.1877660028377076
vn -0.10840700163835504 -0.9762130147535074 0.1877660028377076
vn 0.08297099567264785 0.9762129490856151 -0.20030998955283277
vn -0.08297099567264785 -0.9762129490856151 0.20030998955283277
vn 0.05611500100810599 0.9762130175376669 -0.20942600376233816
vn -0.05611500100810599 -0.9762130175376669 0.20942600376233816
vn 0.0035349999167684277 0.9941479765927862 -0.10796899745786998
vn -0.0035349999167684277 -0.9941479765927862 0.10796899745786998
vn 0.8660253028382762 0 0.5000001748438417
vn -0.8660253028382762 0 -0.5000001748438417
vn 0.9238797538373538 0 0.38268289803626016
vn -0.9238797538373538 0 -0.38268289803626016
vn -0.023130000149917097 0.707296004584339 -0.7065390045794325
vn 0.023130000149917097 -0.707296004584339 0.7065390045794325
vn 0.965925849201117 0 0.2588189595935754
vn -0.965925849201117 0 -0.2588189595935754
vn 0.9914448886106773 0 0.1305259853353411
vn -0.9914448886106773 0 -0.1305259853353411
vn 0.9994645906263837 0 0.03271898659853486
vn -0.9994645906263837 0 -0.03271898659853486
vn 0.23345698575749013 0.43171697366224343 -0.871273946846192
vn -0.23345698575749013 -0.43171697366224343 0.871273946846192
vn 0.21931302581698262 0.5310200625103578 -0.8184860963501426
vn -0.21931302581698262 -0.5310200625103578 0.8184860963501426
vn 0.2446060362841283 0.3268270484805475 -0.9128811354140591
vn -0.2446060362841283 -0.3268270484805475 0.9128811354140591
vn 0.2526109273992509 0.217700937432433 -0.942758729049766
vn -0.2526109273992509 -0.217700937432433 0.942758729049766
vn -0.2025870138112688 -0.8483810578379564 -0.4890890333434014
vn 0.2025870138112688 0.8483810578379564 0.4890890333434014
vn -0.27030802447355445 -0.7078640640896613 -0.6525810590843654
vn 0.27030802447355445 0.7078640640896613 0.6525810590843654
vn 0.12739593924661088 -0.2177008961814063 -0.967665538533478
vn -0.12739593924661088 0.2177008961814063 0.967665538533478
vn 0.25796299348824026 0.08126599794860245 -0.9627309756977823
vn -0.25796299348824026 -0.08126599794860245 0.9627309756977823
vn 1 0 0
vn -1 0 0
vn 0.1720099919488145 0.9762129543068895 -0.1319879938221041
vn -0.1720099919488145 -0.9762129543068895 0.1319879938221041
vn 0.028299998824842573 0.9762129594627577 -0.2149589910738281
vn -0.028299998824842573 -0.9762129594627577 0.2149589910738281
vn 0.02559698839384175 0.6228497175881679 -0.7819226454614964
vn -0.02559698839384175 -0.6228497175881679 0.7819226454614964
vn 0.023130000149917097 0.707296004584339 -0.7065390045794325
vn -0.023130000149917097 -0.707296004584339 0.7065390045794325
vn 0.020366008093697617 0.7826663110410458 -0.6221082472333319
vn -0.020366008093697617 -0.7826663110410458 0.6221082472333319
vn 0.017341006073601735 0.8479982970072155 -0.5297151855301276
vn -0.017341006073601735 -0.8479982970072155 0.5297151855301276
vn 0.01409499454649262 0.9024586508288885 -0.4305458334171133
vn -0.01409499454649262 -0.9024586508288885 0.4305458334171133
vn 0.010668000532434585 0.9453540471821489 -0.3258710162640599
vn -0.010668000532434585 -0.9453540471821489 0.3258710162640599
vn 0.007105000535553647 0.9761390735784378 -0.21703001635907218
vn -0.007105000535553647 -0.9761390735784378 0.21703001635907218
vn 0.10205200255288191 0.6234630155962393 -0.7751640193911158
vn -0.10205200255288191 -0.6234630155962393 0.7751640193911158
vn 0.20235799620811473 0.6234629883172389 -0.7552119858484603
vn -0.20235799620811473 -0.6234629883172389 0.7552119858484603
vn -0.30420593568235427 -0.902727809138085 -0.30420593568235427
vn 0.30420593568235427 0.902727809138085 0.30420593568235427
vn -0.26189685866556506 -0.9027275128369101 -0.34131081580927874
vn 0.26189685866556506 0.9027275128369101 0.34131081580927874
vn -0.21510593935680436 -0.9027277455007731 -0.37257489496276897
vn 0.21510593935680436 0.9027277455007731 0.37257489496276897
vn -0.1646349216803876 -0.9027275705572505 -0.39746481091927754
vn 0.1646349216803876 0.9027275705572505 0.39746481091927754
vn -0.20235799620811473 -0.6234629883172389 -0.7552119858484603
vn 0.20235799620811473 0.6234629883172389 0.7552119858484603
vn -0.16094095149264598 -0.783153763958666 -0.6006398189680868
vn 0.16094095149264598 0.783153763958666 0.6006398189680868
vn -0.13701498571687354 -0.8483809115605365 -0.5113479466945361
vn 0.13701498571687354 0.8483809115605365 0.5113479466945361
vn -0.11060299579105838 -0.5310199797923005 -0.8401099680300358
vn 0.11060299579105838 0.5310199797923005 0.8401099680300358
vn -0.029522005591409346 -0.4311520816593497 -0.9017961707984075
vn 0.029522005591409346 0.4311520816593497 0.9017961707984075
vn 0.030928013914006278 -0.3263571468227285 -0.9447404250232246
vn -0.030928013914006278 0.3263571468227285 0.9447404250232246
vn 0.12335798704161421 -0.3268269656678095 -0.9369989015710816
vn -0.12335798704161421 0.3268269656678095 0.9369989015710816
vn 0.25796299348824026 -0.08126599794860245 -0.9627309756977823
vn -0.25796299348824026 0.08126599794860245 0.9627309756977823
vn 0.2526109273992509 -0.217700937432433 -0.942758729049766
vn -0.2526109273992509 0.217700937432433 0.942758729049766
vn -0.23021786632357427 -0.9455154509847217 -0.23021786632357427
vn 0.23021786632357427 0.9455154509847217 0.23021786632357427
vn -0.15331002042327238 -0.9762131300467288 -0.15331002042327238
vn 0.15331002042327238 0.9762131300467288 0.15331002042327238
vn -0.07626497237915808 -0.9941666399432303 -0.07626497237915808
vn 0.07626497237915808 0.9941666399432303 0.07626497237915808
vn -0.03271898659853486 0 0.9994645906263837
vn 0.03271898659853486 0 -0.9994645906263837
vn 0.19819888042060646 0.9455154295418754 -0.2582978441610796
vn -0.19819888042060646 -0.9455154295418754 0.2582978441610796
vn 0.23021786632357427 0.9455154509847217 -0.23021786632357427
vn -0.23021786632357427 -0.9455154509847217 0.23021786632357427
vn 0.08556696969466615 0.9941666478950666 -0.06565797674585283
vn -0.08556696969466615 -0.9941666478950666 0.06565797674585283
vn 0.2582978441610796 0.9455154295418754 -0.19819888042060646
vn -0.2582978441610796 -0.9455154295418754 0.19819888042060646
vn 0.16278891221276556 0.9455154901115264 -0.2819578479484913
vn -0.16278891221276556 -0.9455154901115264 0.2819578479484913
vn 0.12459294067253125 0.9455155497734951 -0.3007938567708729
vn -0.12459294067253125 -0.9455155497734951 0.3007938567708729
vn 0.08426596535401333 0.9455156112508637 -0.31448287070023706
vn -0.08426596535401333 -0.9455156112508637 0.31448287070023706
vn 0.34518392215257737 0.4317169026372724 -0.8333478120596727
vn -0.34518392215257737 -0.4317169026372724 0.8333478120596727
vn 0.3242700127334351 0.5310200208520945 -0.7828580307412697
vn -0.3242700127334351 -0.5310200208520945 0.7828580307412697
vn 0.29920197974148344 0.6234629577862597 -0.7223379510915825
vn -0.29920197974148344 -0.6234629577862597 0.7223379510915825
vn 0.36166798645752335 0.3268269877621271 -0.8731439673055614
vn -0.36166798645752335 -0.3268269877621271 0.8731439673055614
vn 0.3735049118029883 0.21770094859351913 -0.9017207870735396
vn -0.3735049118029883 -0.21770094859351913 0.9017207870735396
vn -0.11134698373209552 -0.9027278681105654 -0.41555293928730447
vn 0.11134698373209552 0.9027278681105654 0.41555293928730447
vn -0.18281607945627296 -0.7078643076548836 -0.682280296535456
vn 0.18281607945627296 0.7078643076548836 0.682280296535456
vn 0.2446060362841283 -0.3268270484805475 -0.9128811354140591
vn -0.2446060362841283 0.3268270484805475 0.9128811354140591
vn 0.3814178679424773 0.08126597186344997 -0.9208236811851137
vn -0.3814178679424773 -0.08126597186344997 0.9208236811851137
vn -0.1305259853353411 0 0.9914448886106773
vn 0.1305259853353411 0 -0.9914448886106773
vn 0.07626497237915808 -0.9941666399432303 -0.07626497237915808
vn -0.07626497237915808 0.9941666399432303 0.07626497237915808
vn 0.1877660028377076 0.9762130147535074 -0.10840700163835504
vn -0.1877660028377076 -0.9762130147535074 0.10840700163835504
vn 0.2819578479484913 0.9455154901115264 -0.16278891221276556
vn -0.2819578479484913 -0.9455154901115264 0.16278891221276556
vn 0.042495976807062054 0.9455154839680462 -0.32279182383059996
vn -0.042495976807062054 -0.9455154839680462 0.32279182383059996
vn 0.09219698972275601 0.7078639210940592 -0.7003059219365529
vn -0.09219698972275601 -0.7078639210940592 0.7003059219365529
vn 0.081164947566568 0.7831534940743916 -0.6165086017287903
vn -0.081164947566568 -0.7831534940743916 0.6165086017287903
vn 0.06909900471908213 0.8483810579397622 -0.52485703584485
vn -0.06909900471908213 -0.8483810579397622 0.52485703584485
vn 0.056153981448861454 0.9027277017731203 -0.42653185909010527
vn -0.056153981448861454 -0.9027277017731203 0.42653185909010527
vn 0.18281607945627296 0.7078643076548836 -0.682280296535456
vn -0.18281607945627296 -0.7078643076548836 0.682280296535456
vn 0.27030802447355445 0.7078640640896613 -0.6525810590843654
vn -0.27030802447355445 -0.7078640640896613 0.6525810590843654
vn -0.19819888042060646 -0.9455154295418754 -0.2582978441610796
vn 0.19819888042060646 0.9455154295418754 0.2582978441610796
vn -0.16278891221276556 -0.9455154901115264 -0.2819578479484913
vn 0.16278891221276556 0.9455154901115264 0.2819578479484913
vn -0.12459294067253125 -0.9455155497734951 -0.3007938567708729
vn 0.12459294067253125 0.9455155497734951 0.3007938567708729
vn -0.08426596535401333 -0.9455156112508637 -0.31448287070023706
vn 0.08426596535401333 0.9455156112508637 0.31448287070023706
vn -0.10205200255288191 -0.6234630155962393 -0.7751640193911158
vn 0.10205200255288191 0.6234630155962393 0.7751640193911158
vn -0.081164947566568 -0.7831534940743916 -0.6165086017287903
vn 0.081164947566568 0.7831534940743916 0.6165086017287903
vn -0.06909900471908213 -0.8483810579397622 -0.52485703584485
vn 0.06909900471908213 0.8483810579397622 0.52485703584485
vn -0.056153981448861454 -0.9027277017731203 -0.42653185909010527
vn 0.056153981448861454 0.9027277017731203 0.42653185909010527
vn -0.027737005875544448 -0.5304071123564157 -0.8472891794817095
vn 0.027737005875544448 0.5304071123564157 0.8472891794817095
vn 0.029522005591409346 -0.4311520816593497 -0.9017961707984075
vn -0.029522005591409346 0.4311520816593497 0.9017961707984075
vn 0.11773602854810586 -0.4317171046808336 -0.8942922168439787
vn -0.11773602854810586 0.4317171046808336 0.8942922168439787
vn 0.23345698575749013 -0.43171697366224343 -0.871273946846192
vn -0.23345698575749013 0.43171697366224343 0.871273946846192
vn 0.3814178679424773 -0.08126597186344997 -0.9208236811851137
vn -0.3814178679424773 0.08126597186344997 0.9208236811851137
vn 0.3735049118029883 -0.21770094859351913 -0.9017207870735396
vn -0.3735049118029883 0.21770094859351913 0.9017207870735396
vn 0.36166798645752335 -0.3268269877621271 -0.8731439673055614
vn -0.36166798645752335 0.3268269877621271 0.8731439673055614
vn -0.1319879938221041 -0.9762129543068895 -0.1720099919488145
vn 0.1319879938221041 0.9762129543068895 0.1720099919488145
vn -0.06565797674585283 -0.9941666478950666 -0.08556696969466615
vn 0.06565797674585283 0.9941666478950666 0.08556696969466615
vn 0.26189685866556506 0.9027275128369101 -0.34131081580927874
vn -0.26189685866556506 -0.9027275128369101 0.34131081580927874
vn 0.30420593568235427 0.902727809138085 -0.30420593568235427
vn -0.30420593568235427 -0.902727809138085 0.30420593568235427
vn 0.34131081580927874 0.9027275128369101 -0.26189685866556506
vn -0.34131081580927874 -0.9027275128369101 0.26189685866556506
vn 0.09340496510867521 0.9941666286301194 -0.053927979855260814
vn -0.09340496510867521 -0.9941666286301194 0.053927979855260814
vn 0.37257489496276897 0.9027277455007731 -0.21510593935680436
vn -0.37257489496276897 -0.9027277455007731 0.21510593935680436
vn 0.21510593935680436 0.9027277455007731 -0.37257489496276897
vn -0.21510593935680436 -0.9027277455007731 0.37257489496276897
vn 0.1646349216803876 0.9027275705572505 -0.39746481091927754
vn -0.1646349216803876 -0.9027275705572505 0.39746481091927754
vn 0.11134698373209552 0.9027278681105654 -0.41555293928730447
vn -0.11134698373209552 -0.9027278681105654 0.41555293928730447
vn 0.4510048397392922 0.4317168465931154 -0.7811627224205158
vn -0.4510048397392922 -0.4317168465931154 0.7811627224205158
vn 0.42367983264120307 0.5310197902405865 -0.7338347101261737
vn -0.42367983264120307 -0.5310197902405865 0.7338347101261737
vn 0.39092676295713347 0.6234626219563839 -0.6771045894299699
vn -0.39092676295713347 -0.6234626219563839 0.6771045894299699
vn 0.35317403859698004 0.7078640773596377 -0.6117160668520057
vn -0.35317403859698004 -0.7078640773596377 0.6117160668520057
vn 0.47254198587524776 0.3268269902308146 -0.818466975535204
vn -0.47254198587524776 -0.3268269902308146 0.818466975535204
vn 0.4880080346532078 0.21770101545884082 -0.8452540600210703
vn -0.4880080346532078 -0.21770101545884082 0.8452540600210703
vn -0.042495976807062054 -0.9455154839680462 -0.32279182383059996
vn 0.042495976807062054 0.9455154839680462 0.32279182383059996
vn -0.09219698972275601 -0.7078639210940592 -0.7003059219365529
vn 0.09219698972275601 0.7078639210940592 0.7003059219365529
vn 0.34518392215257737 -0.4317169026372724 -0.8333478120596727
vn -0.34518392215257737 0.4317169026372724 0.8333478120596727
vn 0.49834604724495174 0.08126600770430233 -0.8631610818306955
vn -0.49834604724495174 -0.08126600770430233 0.8631610818306955
vn 0.06565797674585283 -0.9941666478950666 -0.08556696969466615
vn -0.06565797674585283 0.9941666478950666 0.08556696969466615
vn -0.2588189595935754 0 0.965925849201117
vn 0.2588189595935754 0 -0.965925849201117
vn 0.08556696969466615 -0.9941666478950666 -0.06565797674585283
vn -0.08556696969466615 0.9941666478950666 0.06565797674585283
vn 0.20030998955283277 0.9762129490856151 -0.08297099567264785
vn -0.20030998955283277 -0.9762129490856151 0.08297099567264785
vn 0.3007938567708729 0.9455155497734951 -0.12459294067253125
vn -0.3007938567708729 -0.9455155497734951 0.12459294067253125
vn 0.39746481091927754 0.9027275705572505 -0.1646349216803876
vn -0.39746481091927754 -0.9027275705572505 0.1646349216803876
vn 0.16094095149264598 0.783153763958666 -0.6006398189680868
vn -0.16094095149264598 -0.783153763958666 0.6006398189680868
vn 0.13701498571687354 0.8483809115605365 -0.5113479466945361
vn -0.13701498571687354 -0.8483809115605365 0.5113479466945361
vn 0.2379630079573642 0.7831540261882797 -0.5744940192107931
vn -0.2379630079573642 -0.7831540261882797 0.5744940192107931
vn -0.10840700163835504 -0.9762130147535074 -0.1877660028377076
vn 0.10840700163835504 0.9762130147535074 0.1877660028377076
vn -0.08297099567264785 -0.9762129490856151 -0.20030998955283277
vn 0.08297099567264785 0.9762129490856151 0.20030998955283277
vn -0.05611500100810599 -0.9762130175376669 -0.20942600376233816
vn 0.05611500100810599 0.9762130175376669 0.20942600376233816
vn -0.028299998824842573 -0.9762129594627577 -0.2149589910738281
vn 0.028299998824842573 0.9762129594627577 0.2149589910738281
vn -0.02559698839384175 -0.6228497175881679 -0.7819226454614964
vn 0.02559698839384175 0.6228497175881679 0.7819226454614964
vn -0.020366008093697617 -0.7826663110410458 -0.6221082472333319
vn 0.020366008093697617 0.7826663110410458 0.6221082472333319
vn -0.017341006073601735 -0.8479982970072155 -0.5297151855301276
vn 0.017341006073601735 0.8479982970072155 0.5297151855301276
vn -0.01409499454649262 -0.9024586508288885 -0.4305458334171133
vn 0.01409499454649262 0.9024586508288885 0.4305458334171133
vn -0.010668000532434585 -0.9453540471821489 -0.3258710162640599
vn 0.010668000532434585 0.9453540471821489 0.3258710162640599
vn 0.027737005875544448 -0.5304071123564157 -0.8472891794817095
vn -0.027737005875544448 0.5304071123564157 0.8472891794817095
vn 0.11060299579105838 -0.5310199797923005 -0.8401099680300358
vn -0.11060299579105838 0.5310199797923005 0.8401099680300358
vn 0.21931302581698262 -0.5310200625103578 -0.8184860963501426
vn -0.21931302581698262 0.5310200625103578 0.8184860963501426
vn 0.3242700127334351 -0.5310200208520945 -0.7828580307412697
vn -0.3242700127334351 0.5310200208520945 0.7828580307412697
vn 0.49834604724495174 -0.08126600770430233 -0.8631610818306955
vn -0.49834604724495174 0.08126600770430233 0.8631610818306955
vn 0.4880080346532078 -0.21770101545884082 -0.8452540600210703
vn -0.4880080346532078 0.21770101545884082 0.8452540600210703
vn 0.47254198587524776 -0.3268269902308146 -0.818466975535204
vn -0.47254198587524776 0.3268269902308146 0.818466975535204
vn 0.4510048397392922 -0.4317168465931154 -0.7811627224205158
vn -0.4510048397392922 0.4317168465931154 0.7811627224205158
vn -0.053927979855260814 -0.9941666286301194 -0.09340496510867521
vn 0.053927979855260814 0.9941666286301194 0.09340496510867521
vn 0.053927979855260814 -0.9941666286301194 -0.09340496510867521
vn -0.053927979855260814 0.9941666286301194 0.09340496510867521
vn -0.38268289803626016 0 0.9238797538373538
vn 0.38268289803626016 0 -0.9238797538373538
vn 0.15331002042327238 -0.9762131300467288 -0.15331002042327238
vn -0.15331002042327238 0.9762131300467288 0.15331002042327238
vn 0.1720099919488145 -0.9762129543068895 -0.1319879938221041
vn -0.1720099919488145 0.9762129543068895 0.1319879938221041
vn 0.32227002027706914 0.8483810533797134 -0.4199900264255632
vn -0.32227002027706914 -0.8483810533797134 0.4199900264255632
vn 0.3743328669361066 0.848380698426591 -0.3743328669361066
vn -0.3743328669361066 -0.848380698426591 0.3743328669361066
vn 0.4199900264255632 0.8483810533797134 -0.32227002027706914
vn -0.4199900264255632 -0.8483810533797134 0.32227002027706914
vn 0.4584619745888288 0.8483809529767903 -0.2646929853288623
vn -0.4584619745888288 -0.8483809529767903 0.2646929853288623
vn 0.09964496547352365 0.9941666555262842 -0.041273985698772796
vn -0.09964496547352365 -0.9941666555262842 0.041273985698772796
vn 0.4890890333434014 0.8483810578379564 -0.2025870138112688
vn -0.4890890333434014 -0.8483810578379564 0.2025870138112688
vn 0.2646929853288623 0.8483809529767903 -0.4584619745888288
vn -0.2646929853288623 -0.8483809529767903 0.4584619745888288
vn 0.2025870138112688 0.8483810578379564 -0.4890890333434014
vn -0.2025870138112688 -0.8483810578379564 0.4890890333434014
vn 0.5491080828337841 0.4317170651251717 -0.7156121079511679
vn -0.5491080828337841 -0.4317170651251717 0.7156121079511679
vn 0.5158400177900329 0.5310200183135533 -0.6722550231843956
vn -0.5158400177900329 -0.5310200183135533 0.6722550231843956
vn 0.4759618430256683 0.6234627943791988 -0.6202857954269871
vn -0.4759618430256683 -0.6234627943791988 0.6202857954269871
vn 0.3109139352563771 0.7831538369188031 -0.5385188878607233
vn -0.3109139352563771 -0.7831538369188031 0.5385188878607233
vn 0.5753308005656399 0.3268268867077671 -0.7497857400920667
vn -0.5753308005656399 -0.3268268867077671 0.7497857400920667
vn 0.594160933172644 0.21770097551441067 -0.7743249129089718
vn -0.594160933172644 -0.21770097551441067 0.7743249129089718
vn -0.007105000535553647 -0.9761390735784378 -0.21703001635907218
vn 0.007105000535553647 0.9761390735784378 0.21703001635907218
vn -0.023130000149917097 -0.707296004584339 -0.7065390045794325
vn 0.023130000149917097 0.707296004584339 0.7065390045794325
vn 0.42367983264120307 -0.5310197902405865 -0.7338347101261737
vn -0.42367983264120307 0.5310197902405865 0.7338347101261737
vn 0.6067481062716367 0.08126601423370301 -0.7907291384958254
vn -0.6067481062716367 -0.08126601423370301 0.7907291384958254
vn 0.1319879938221041 -0.9762129543068895 -0.1720099919488145
vn -0.1319879938221041 0.9762129543068895 0.1720099919488145
vn -0.5000001748438417 0 0.8660253028382762
vn 0.5000001748438417 0 -0.8660253028382762
vn 0.1877660028377076 -0.9762130147535074 -0.10840700163835504
vn -0.1877660028377076 0.9762130147535074 0.10840700163835504
vn -0.6087613233345314 0 0.7933534213778813
vn 0.6087613233345314 0 -0.7933534213778813
vn 0.20942600376233816 0.9762130175376669 -0.05611500100810599
vn -0.20942600376233816 -0.9762130175376669 0.05611500100810599
vn 0.31448287070023706 0.9455156112508637 -0.08426596535401333
vn -0.31448287070023706 -0.9455156112508637 0.08426596535401333
vn 0.41555293928730447 0.9027278681105654 -0.11134698373209552
vn -0.41555293928730447 -0.9027278681105654 0.11134698373209552
vn 0.5113479466945361 0.8483809115605365 -0.13701498571687354
vn -0.5113479466945361 -0.8483809115605365 0.13701498571687354
vn 0.42999801075941035 0.7078640177121737 -0.560384014021929
vn -0.42999801075941035 -0.7078640177121737 0.560384014021929
vn -0.041273985698772796 -0.9941666555262842 -0.09964496547352365
vn 0.041273985698772796 0.9941666555262842 0.09964496547352365
vn -0.027914989622409136 -0.9941666304116649 -0.10417996127037735
vn 0.027914989622409136 0.9941666304116649 0.10417996127037735
vn -0.014077993802432076 -0.9941665623371565 -0.10693295292480957
vn 0.014077993802432076 0.9941665623371565 0.10693295292480957
vn -0.0035349999167684277 -0.9941479765927862 -0.10796899745786998
vn 0.0035349999167684277 0.9941479765927862 0.10796899745786998
vn 0.02559698839384175 -0.6228497175881679 -0.7819226454614964
vn -0.02559698839384175 0.6228497175881679 0.7819226454614964
vn 0.020366008093697617 -0.7826663110410458 -0.6221082472333319
vn -0.020366008093697617 0.7826663110410458 0.6221082472333319
vn 0.017341006073601735 -0.8479982970072155 -0.5297151855301276
vn -0.017341006073601735 0.8479982970072155 0.5297151855301276
vn 0.01409499454649262 -0.9024586508288885 -0.4305458334171133
vn -0.01409499454649262 0.9024586508288885 0.4305458334171133
vn 0.010668000532434585 -0.9453540471821489 -0.3258710162640599
vn -0.010668000532434585 0.9453540471821489 0.3258710162640599
vn 0.007105000535553647 -0.9761390735784378 -0.21703001635907218
vn -0.007105000535553647 0.9761390735784378 0.21703001635907218
vn 0.10205200255288191 -0.6234630155962393 -0.7751640193911158
vn -0.10205200255288191 0.6234630155962393 0.7751640193911158
vn 0.20235799620811473 -0.6234629883172389 -0.7552119858484603
vn -0.20235799620811473 0.6234629883172389 0.7552119858484603
vn 0.29920197974148344 -0.6234629577862597 -0.7223379510915825
vn -0.29920197974148344 0.6234629577862597 0.7223379510915825
vn 0.39092676295713347 -0.6234626219563839 -0.6771045894299699
vn -0.39092676295713347 0.6234626219563839 0.6771045894299699
vn 0.6067481062716367 -0.08126601423370301 -0.7907291384958254
vn -0.6067481062716367 0.08126601423370301 0.7907291384958254
vn 0.594160933172644 -0.21770097551441067 -0.7743249129089718
vn -0.594160933172644 0.21770097551441067 0.7743249129089718
vn 0.5753308005656399 -0.3268268867077671 -0.7497857400920667
vn -0.5753308005656399 0.3268268867077671 0.7497857400920667
vn 0.5491080828337841 -0.4317170651251717 -0.7156121079511679
vn -0.5491080828337841 0.4317170651251717 0.7156121079511679
vn 0.5158400177900329 -0.5310200183135533 -0.6722550231843956
vn -0.5158400177900329 0.5310200183135533 0.6722550231843956
vn 0.041273985698772796 -0.9941666555262842 -0.09964496547352365
vn -0.041273985698772796 0.9941666555262842 0.09964496547352365
vn 0.10840700163835504 -0.9762130147535074 -0.1877660028377076
vn -0.10840700163835504 0.9762130147535074 0.1877660028377076
vn 0.23021786632357427 -0.9455154509847217 -0.23021786632357427
vn -0.23021786632357427 0.9455154509847217 0.23021786632357427
vn 0.2582978441610796 -0.9455154295418754 -0.19819888042060646
vn -0.2582978441610796 0.9455154295418754 0.19819888042060646
vn 0.09340496510867521 -0.9941666286301194 -0.053927979855260814
vn -0.09340496510867521 0.9941666286301194 0.053927979855260814
vn 0.2819578479484913 -0.9455154901115264 -0.16278891221276556
vn -0.2819578479484913 0.9455154901115264 0.16278891221276556
vn 0.37854481193122397 0.783153610913328 -0.4933297549037253
vn -0.37854481193122397 -0.783153610913328 0.4933297549037253
vn 0.43969886612974335 0.7831537615618253 -0.43969886612974335
vn -0.43969886612974335 -0.7831537615618253 0.43969886612974335
vn 0.4933297549037253 0.783153610913328 -0.37854481193122397
vn -0.4933297549037253 -0.783153610913328 0.37854481193122397
vn 0.5385188878607233 0.7831538369188031 -0.3109139352563771
vn -0.5385188878607233 -0.7831538369188031 0.3109139352563771
vn 0.5744940192107931 0.7831540261882797 -0.2379630079573642
vn -0.5744940192107931 -0.7831540261882797 0.2379630079573642
vn -0.7071067811865476 0 0.7071067811865476
vn 0.7071067811865476 0 -0.7071067811865476
vn 0.10417996127037735 0.9941666304116649 -0.027914989622409136
vn -0.10417996127037735 -0.9941666304116649 0.027914989622409136
vn 0.6006398189680868 0.783153763958666 -0.16094095149264598
vn -0.6006398189680868 -0.783153763958666 0.16094095149264598
vn 0.6378168025743634 0.4317168663691881 -0.6378168025743634
vn -0.6378168025743634 -0.4317168663691881 0.6378168025743634
vn 0.5991733570301339 0.5310203164197014 -0.5991733570301339
vn -0.5991733570301339 -0.5310203164197014 0.5991733570301339
vn 0.5528536674583425 0.6234626249870321 -0.5528536674583425
vn -0.5528536674583425 -0.6234626249870321 0.5528536674583425
vn 0.6682754946900242 0.32682675287314905 -0.6682754946900242
vn -0.6682754946900242 -0.32682675287314905 0.6682754946900242
vn 0.6901471764640991 0.2177010556640989 -0.6901471764640991
vn -0.6901471764640991 -0.2177010556640989 0.6901471764640991
vn 0.0035349999167684277 -0.9941479765927862 -0.10796899745786998
vn -0.0035349999167684277 0.9941479765927862 0.10796899745786998
vn 0.023130000149917097 -0.707296004584339 -0.7065390045794325
vn -0.023130000149917097 0.707296004584339 0.7065390045794325
vn 0.4759618430256683 -0.6234627943791988 -0.6202857954269871
vn -0.4759618430256683 0.6234627943791988 0.6202857954269871
vn 0.7047679892861172 0.08126599876459432 -0.7047679892861172
vn -0.7047679892861172 -0.08126599876459432 0.7047679892861172
vn 0.19819888042060646 -0.9455154295418754 -0.2582978441610796
vn -0.19819888042060646 0.9455154295418754 0.2582978441610796
vn 0.20030998955283277 -0.9762129490856151 -0.08297099567264785
vn -0.20030998955283277 0.9762129490856151 0.08297099567264785
vn 0.3007938567708729 -0.9455155497734951 -0.12459294067253125
vn -0.3007938567708729 0.9455155497734951 0.12459294067253125
vn -0.7933534213778813 0 0.6087613233345314
vn 0.7933534213778813 0 -0.6087613233345314
vn 0.2149589910738281 0.9762129594627577 -0.028299998824842573
vn -0.2149589910738281 -0.9762129594627577 0.028299998824842573
vn 0.32279182383059996 0.9455154839680462 -0.042495976807062054
vn -0.32279182383059996 -0.9455154839680462 0.042495976807062054
vn 0.42653185909010527 0.9027277017731203 -0.056153981448861454
vn -0.42653185909010527 -0.9027277017731203 0.056153981448861454
vn 0.52485703584485 0.8483810579397622 -0.06909900471908213
vn -0.52485703584485 -0.8483810579397622 0.06909900471908213
vn 0.6165086017287903 0.7831534940743916 -0.081164947566568
vn -0.6165086017287903 -0.7831534940743916 0.081164947566568
vn 0.49946399573257966 0.7078639939520102 -0.49946399573257966
vn -0.49946399573257966 -0.7078639939520102 0.49946399573257966
vn 0.027914989622409136 -0.9941666304116649 -0.10417996127037735
vn -0.027914989622409136 0.9941666304116649 0.10417996127037735
vn 0.014077993802432076 -0.9941665623371565 -0.10693295292480957
vn -0.014077993802432076 0.9941665623371565 0.10693295292480957
vn 0.09219698972275601 -0.7078639210940592 -0.7003059219365529
vn -0.09219698972275601 0.7078639210940592 0.7003059219365529
vn 0.081164947566568 -0.7831534940743916 -0.6165086017287903
vn -0.081164947566568 0.7831534940743916 0.6165086017287903
vn 0.06909900471908213 -0.8483810579397622 -0.52485703584485
vn -0.06909900471908213 0.8483810579397622 0.52485703584485
vn 0.056153981448861454 -0.9027277017731203 -0.42653185909010527
vn -0.056153981448861454 0.9027277017731203 0.42653185909010527
vn 0.042495976807062054 -0.9455154839680462 -0.32279182383059996
vn -0.042495976807062054 0.9455154839680462 0.32279182383059996
vn 0.028299998824842573 -0.9762129594627577 -0.2149589910738281
vn -0.028299998824842573 0.9762129594627577 0.2149589910738281
vn 0.18281607945627296 -0.7078643076548836 -0.682280296535456
vn -0.18281607945627296 0.7078643076548836 0.682280296535456
vn 0.27030802447355445 -0.7078640640896613 -0.6525810590843654
vn -0.27030802447355445 0.7078640640896613 0.6525810590843654
vn 0.35317403859698004 -0.7078640773596377 -0.6117160668520057
vn -0.35317403859698004 0.7078640773596377 0.6117160668520057
vn 0.7047679892861172 -0.08126599876459432 -0.7047679892861172
vn -0.7047679892861172 0.08126599876459432 0.7047679892861172
vn 0.6901471764640991 -0.2177010556640989 -0.6901471764640991
vn -0.6901471764640991 0.2177010556640989 0.6901471764640991
vn 0.6682754946900242 -0.32682675287314905 -0.6682754946900242
vn -0.6682754946900242 0.32682675287314905 0.6682754946900242
vn 0.6378168025743634 -0.4317168663691881 -0.6378168025743634
vn -0.6378168025743634 0.4317168663691881 0.6378168025743634
vn 0.5991733570301339 -0.5310203164197014 -0.5991733570301339
vn -0.5991733570301339 0.5310203164197014 0.5991733570301339
vn 0.5528536674583425 -0.6234626249870321 -0.5528536674583425
vn -0.5528536674583425 0.6234626249870321 0.5528536674583425
vn 0.08297099567264785 -0.9762129490856151 -0.20030998955283277
vn -0.08297099567264785 0.9762129490856151 0.20030998955283277
vn 0.16278891221276556 -0.9455154901115264 -0.2819578479484913
vn -0.16278891221276556 0.9455154901115264 0.2819578479484913
vn 0.30420593568235427 -0.902727809138085 -0.30420593568235427
vn -0.30420593568235427 0.902727809138085 0.30420593568235427
vn 0.34131081580927874 -0.9027275128369101 -0.26189685866556506
vn -0.34131081580927874 0.9027275128369101 0.26189685866556506
vn 0.37257489496276897 -0.9027277455007731 -0.21510593935680436
vn -0.37257489496276897 0.9027277455007731 0.21510593935680436
vn 0.09964496547352365 -0.9941666555262842 -0.041273985698772796
vn -0.09964496547352365 0.9941666555262842 0.041273985698772796
vn 0.39746481091927754 -0.9027275705572505 -0.1646349216803876
vn -0.39746481091927754 0.9027275705572505 0.1646349216803876
vn 0.560384014021929 0.7078640177121737 -0.42999801075941035
vn -0.560384014021929 -0.7078640177121737 0.42999801075941035
vn 0.6117160668520057 0.7078640773596377 -0.35317403859698004
vn -0.6117160668520057 -0.7078640773596377 0.35317403859698004
vn 0.6525810590843654 0.7078640640896613 -0.27030802447355445
vn -0.6525810590843654 -0.7078640640896613 0.27030802447355445
vn 0.682280296535456 0.7078643076548836 -0.18281607945627296
vn -0.682280296535456 -0.7078643076548836 0.18281607945627296
vn -0.8660253028382762 0 0.5000001748438417
vn 0.8660253028382762 0 -0.5000001748438417
vn 0.10693295292480957 0.9941665623371565 -0.014077993802432076
vn -0.10693295292480957 -0.9941665623371565 0.014077993802432076
vn 0.7003059219365529 0.7078639210940592 -0.09219698972275601
vn -0.7003059219365529 -0.7078639210940592 0.09219698972275601
vn 0.7497857400920667 0.3268268867077671 -0.5753308005656399
vn -0.7497857400920667 -0.3268268867077671 0.5753308005656399
vn 0.7156121079511679 0.4317170651251717 -0.5491080828337841
vn -0.7156121079511679 -0.4317170651251717 0.5491080828337841
vn 0.6722550231843956 0.5310200183135533 -0.5158400177900329
vn -0.6722550231843956 -0.5310200183135533 0.5158400177900329
vn 0.620285795426987 0.6234627943791987 -0.4759618430256682
vn -0.620285795426987 -0.6234627943791987 0.4759618430256682
vn 0.7743249129089718 0.21770097551441067 -0.594160933172644
vn -0.7743249129089718 -0.21770097551441067 0.594160933172644
vn 0.7907291384958254 0.08126601423370301 -0.6067481062716367
vn -0.7907291384958254 -0.08126601423370301 0.6067481062716367
vn 0.42999801075941035 -0.7078640177121737 -0.560384014021929
vn -0.42999801075941035 0.7078640177121737 0.560384014021929
vn 0.7907291384958254 -0.08126601423370301 -0.6067481062716367
vn -0.7907291384958254 0.08126601423370301 0.6067481062716367
vn 0.26189685866556506 -0.9027275128369101 -0.34131081580927874
vn -0.26189685866556506 0.9027275128369101 0.34131081580927874
vn 0.20942600376233816 -0.9762130175376669 -0.05611500100810599
vn -0.20942600376233816 0.9762130175376669 0.05611500100810599
vn 0.31448287070023706 -0.9455156112508637 -0.08426596535401333
vn -0.31448287070023706 0.9455156112508637 0.08426596535401333
vn 0.41555293928730447 -0.9027278681105654 -0.11134698373209552
vn -0.41555293928730447 0.9027278681105654 0.11134698373209552
vn -0.9238797538373538 0 0.38268289803626016
vn 0.9238797538373538 0 -0.38268289803626016
vn 0.21703001635907218 0.9761390735784378 -0.007105000535553647
vn -0.21703001635907218 -0.9761390735784378 0.007105000535553647
vn 0.3258710162640599 0.9453540471821489 -0.010668000532434585
vn -0.3258710162640599 -0.9453540471821489 0.010668000532434585
vn 0.4305458334171133 0.9024586508288885 -0.01409499454649262
vn -0.4305458334171133 -0.9024586508288885 0.01409499454649262
vn 0.5297151855301276 0.8479982970072155 -0.017341006073601735
vn -0.5297151855301276 -0.8479982970072155 0.017341006073601735
vn 0.6221082472333319 0.7826663110410458 -0.020366008093697617
vn -0.6221082472333319 -0.7826663110410458 0.020366008093697617
vn 0.7065390045794325 0.707296004584339 -0.023130000149917097
vn -0.7065390045794325 -0.707296004584339 0.023130000149917097
vn 0.05611500100810599 -0.9762130175376669 -0.20942600376233816
vn -0.05611500100810599 0.9762130175376669 0.20942600376233816
vn 0.16094095149264598 -0.783153763958666 -0.6006398189680868
vn -0.16094095149264598 0.783153763958666 0.6006398189680868
vn 0.13701498571687354 -0.8483809115605365 -0.5113479466945361
vn -0.13701498571687354 0.8483809115605365 0.5113479466945361
vn 0.11134698373209552 -0.9027278681105654 -0.41555293928730447
vn -0.11134698373209552 0.9027278681105654 0.41555293928730447
vn 0.08426596535401333 -0.9455156112508637 -0.31448287070023706
vn -0.08426596535401333 0.9455156112508637 0.31448287070023706
vn 0.2379630079573642 -0.7831540261882797 -0.5744940192107931
vn -0.2379630079573642 0.7831540261882797 0.5744940192107931
vn 0.3109139352563771 -0.7831538369188031 -0.5385188878607233
vn -0.3109139352563771 0.7831538369188031 0.5385188878607233
vn 0.7743249129089718 -0.21770097551441067 -0.594160933172644
vn -0.7743249129089718 0.21770097551441067 0.594160933172644
vn 0.7497857400920667 -0.3268268867077671 -0.5753308005656399
vn -0.7497857400920667 0.3268268867077671 0.5753308005656399
vn 0.7156121079511679 -0.4317170651251717 -0.5491080828337841
vn -0.7156121079511679 0.4317170651251717 0.5491080828337841
vn 0.6722550231843956 -0.5310200183135533 -0.5158400177900329
vn -0.6722550231843956 0.5310200183135533 0.5158400177900329
vn 0.620285795426987 -0.6234627943791987 -0.4759618430256682
vn -0.620285795426987 0.6234627943791987 0.4759618430256682
vn 0.49946399573257966 -0.7078639939520102 -0.49946399573257966
vn -0.49946399573257966 0.7078639939520102 0.49946399573257966
vn 0.12459294067253125 -0.9455155497734951 -0.3007938567708729
vn -0.12459294067253125 0.9455155497734951 0.3007938567708729
vn 0.21510593935680436 -0.9027277455007731 -0.37257489496276897
vn -0.21510593935680436 0.9027277455007731 0.37257489496276897
vn 0.3743328669361066 -0.848380698426591 -0.3743328669361066
vn -0.3743328669361066 0.848380698426591 0.3743328669361066
vn 0.4199900264255632 -0.8483810533797134 -0.32227002027706914
vn -0.4199900264255632 0.8483810533797134 0.32227002027706914
vn 0.4584619745888288 -0.8483809529767903 -0.2646929853288623
vn -0.4584619745888288 0.8483809529767903 0.2646929853288623
vn 0.4890890333434014 -0.8483810578379564 -0.2025870138112688
vn -0.4890890333434014 0.8483810578379564 0.2025870138112688
vn 0.10417996127037735 -0.9941666304116649 -0.027914989622409136
vn -0.10417996127037735 0.9941666304116649 0.027914989622409136
vn 0.5113479466945361 -0.8483809115605365 -0.13701498571687354
vn -0.5113479466945361 0.8483809115605365 0.13701498571687354
vn 0.6771045894299699 0.6234626219563839 -0.39092676295713347
vn -0.6771045894299699 -0.6234626219563839 0.39092676295713347
vn 0.7223379510915825 0.6234629577862597 -0.29920197974148344
vn -0.7223379510915825 -0.6234629577862597 0.29920197974148344
vn 0.7552119858484603 0.6234629883172389 -0.20235799620811473
vn -0.7552119858484603 -0.6234629883172389 0.20235799620811473
vn 0.7751640193911158 0.6234630155962393 -0.10205200255288191
vn -0.7751640193911158 -0.6234630155962393 0.10205200255288191
vn 0.10796899745786998 0.9941479765927862 -0.0035349999167684277
vn -0.10796899745786998 -0.9941479765927862 0.0035349999167684277
vn 0.7819226454614964 0.6228497175881679 -0.02559698839384175
vn -0.7819226454614964 -0.6228497175881679 0.02559698839384175
vn 0.818466975535204 0.3268269902308146 -0.47254198587524776
vn -0.818466975535204 -0.3268269902308146 0.47254198587524776
vn 0.8452540600210703 0.21770101545884082 -0.4880080346532078
vn -0.8452540600210703 -0.21770101545884082 0.4880080346532078
vn 0.7811627224205158 0.4317168465931154 -0.4510048397392922
vn -0.7811627224205158 -0.4317168465931154 0.4510048397392922
vn 0.7338347101261737 0.5310197902405865 -0.42367983264120307
vn -0.7338347101261737 -0.5310197902405865 0.42367983264120307
vn 0.8631610818306955 0.08126600770430233 -0.49834604724495174
vn -0.8631610818306955 -0.08126600770430233 0.49834604724495174
vn 0.8631610818306955 -0.08126600770430233 -0.49834604724495174
vn -0.8631610818306955 0.08126600770430233 0.49834604724495174
vn 0.37854481193122397 -0.783153610913328 -0.4933297549037253
vn -0.37854481193122397 0.783153610913328 0.4933297549037253
vn 0.8452540600210703 -0.21770101545884082 -0.4880080346532078
vn -0.8452540600210703 0.21770101545884082 0.4880080346532078
vn 0.32227002027706914 -0.8483810533797134 -0.4199900264255632
vn -0.32227002027706914 0.8483810533797134 0.4199900264255632
vn 0.2149589910738281 -0.9762129594627577 -0.028299998824842573
vn -0.2149589910738281 0.9762129594627577 0.028299998824842573
vn 0.32279182383059996 -0.9455154839680462 -0.042495976807062054
vn -0.32279182383059996 0.9455154839680462 0.042495976807062054
vn 0.42653185909010527 -0.9027277017731203 -0.056153981448861454
vn -0.42653185909010527 0.9027277017731203 0.056153981448861454
vn 0.52485703584485 -0.8483810579397622 -0.06909900471908213
vn -0.52485703584485 0.8483810579397622 0.06909900471908213
vn -0.965925849201117 0 0.2588189595935754
vn 0.965925849201117 0 -0.2588189595935754
vn 0.2025870138112688 -0.8483810578379564 -0.4890890333434014
vn -0.2025870138112688 0.8483810578379564 0.4890890333434014
vn 0.1646349216803876 -0.9027275705572505 -0.39746481091927754
vn -0.1646349216803876 0.9027275705572505 0.39746481091927754
vn 0.2646929853288623 -0.8483809529767903 -0.4584619745888288
vn -0.2646929853288623 0.8483809529767903 0.4584619745888288
vn 0.818466975535204 -0.3268269902308146 -0.47254198587524776
vn -0.818466975535204 0.3268269902308146 0.47254198587524776
vn 0.7811627224205158 -0.4317168465931154 -0.4510048397392922
vn -0.7811627224205158 0.4317168465931154 0.4510048397392922
vn 0.7338347101261737 -0.5310197902405865 -0.42367983264120307
vn -0.7338347101261737 0.5310197902405865 0.42367983264120307
vn 0.6771045894299699 -0.6234626219563839 -0.39092676295713347
vn -0.6771045894299699 0.6234626219563839 0.39092676295713347
vn 0.560384014021929 -0.7078640177121737 -0.42999801075941035
vn -0.560384014021929 0.7078640177121737 0.42999801075941035
vn 0.43969886612974335 -0.7831537615618253 -0.43969886612974335
vn -0.43969886612974335 0.7831537615618253 0.43969886612974335
vn 0.4933297549037253 -0.783153610913328 -0.37854481193122397
vn -0.4933297549037253 0.783153610913328 0.37854481193122397
vn 0.5385188878607233 -0.7831538369188031 -0.3109139352563771
vn -0.5385188878607233 0.7831538369188031 0.3109139352563771
vn 0.5744940192107931 -0.7831540261882797 -0.2379630079573642
vn -0.5744940192107931 0.7831540261882797 0.2379630079573642
vn 0.6006398189680868 -0.783153763958666 -0.16094095149264598
vn -0.6006398189680868 0.783153763958666 0.16094095149264598
vn 0.10693295292480957 -0.9941665623371565 -0.014077993802432076
vn -0.10693295292480957 0.9941665623371565 0.014077993802432076
vn 0.6165086017287903 -0.7831534940743916 -0.081164947566568
vn -0.6165086017287903 0.7831534940743916 0.081164947566568
vn 0.7828580307412697 0.5310200208520945 -0.3242700127334351
vn -0.7828580307412697 -0.5310200208520945 0.3242700127334351
vn 0.8184860963501426 0.5310200625103578 -0.21931302581698262
vn -0.8184860963501426 -0.5310200625103578 0.21931302581698262
vn 0.8401099680300358 0.5310199797923005 -0.11060299579105838
vn -0.8401099680300358 -0.5310199797923005 0.11060299579105838
vn 0.8472891794817097 0.5304071123564158 -0.02773700587554445
vn -0.8472891794817097 -0.5304071123564158 0.02773700587554445
vn -0.9914448886106773 0 0.1305259853353411
vn 0.9914448886106773 0 -0.1305259853353411
vn 0.8731439673055614 0.3268269877621271 -0.36166798645752335
vn -0.8731439673055614 -0.3268269877621271 0.36166798645752335
vn 0.9017207870735396 0.21770094859351913 -0.3735049118029883
vn -0.9017207870735396 -0.21770094859351913 0.3735049118029883
vn 0.9208236811851137 0.08126597186344997 -0.3814178679424773
vn -0.9208236811851137 -0.08126597186344997 0.3814178679424773
vn 0.8333478120596727 0.4317169026372724 -0.34518392215257737
vn -0.8333478120596727 -0.4317169026372724 0.34518392215257737
vn 0.9208236811851137 -0.08126597186344997 -0.3814178679424773
vn -0.9208236811851137 0.08126597186344997 0.3814178679424773
vn 0.9017207870735396 -0.21770094859351913 -0.3735049118029883
vn -0.9017207870735396 0.21770094859351913 0.3735049118029883
vn 0.8731439673055614 -0.3268269877621271 -0.36166798645752335
vn -0.8731439673055614 0.3268269877621271 0.36166798645752335
vn 0.21703001635907218 -0.9761390735784378 -0.007105000535553647
vn -0.21703001635907218 0.9761390735784378 0.007105000535553647
vn 0.3258710162640599 -0.9453540471821489 -0.010668000532434585
vn -0.3258710162640599 0.9453540471821489 0.010668000532434585
vn 0.4305458334171133 -0.9024586508288885 -0.01409499454649262
vn -0.4305458334171133 0.9024586508288885 0.01409499454649262
vn 0.5297151855301276 -0.8479982970072155 -0.017341006073601735
vn -0.5297151855301276 0.8479982970072155 0.017341006073601735
vn 0.6221082472333319 -0.7826663110410458 -0.020366008093697617
vn -0.6221082472333319 0.7826663110410458 0.020366008093697617
vn -0.9994645906263837 0 0.03271898659853486
vn 0.9994645906263837 0 -0.03271898659853486
vn 0.8333478120596727 -0.4317169026372724 -0.34518392215257737
vn -0.8333478120596727 0.4317169026372724 0.34518392215257737
vn 0.7828580307412697 -0.5310200208520945 -0.3242700127334351
vn -0.7828580307412697 0.5310200208520945 0.3242700127334351
vn 0.7223379510915825 -0.6234629577862597 -0.29920197974148344
vn -0.7223379510915825 0.6234629577862597 0.29920197974148344
vn 0.6117160668520057 -0.7078640773596377 -0.35317403859698004
vn -0.6117160668520057 0.7078640773596377 0.35317403859698004
vn 0.6525810590843654 -0.7078640640896613 -0.27030802447355445
vn -0.6525810590843654 0.7078640640896613 0.27030802447355445
vn 0.682280296535456 -0.7078643076548836 -0.18281607945627296
vn -0.682280296535456 0.7078643076548836 0.18281607945627296
vn 0.7003059219365529 -0.7078639210940592 -0.09219698972275601
vn -0.7003059219365529 0.7078639210940592 0.09219698972275601
vn 0.10796899745786998 -0.9941479765927862 -0.0035349999167684277
vn -0.10796899745786998 0.9941479765927862 0.0035349999167684277
vn 0.7065390045794325 -0.707296004584339 -0.023130000149917097
vn -0.7065390045794325 0.707296004584339 0.023130000149917097
vn 0.871273946846192 0.43171697366224343 -0.23345698575749013
vn -0.871273946846192 -0.43171697366224343 0.23345698575749013
vn 0.8942922168439787 0.4317171046808336 -0.11773602854810586
vn -0.8942922168439787 -0.4317171046808336 0.11773602854810586
vn 0.9017961707984075 0.4311520816593497 -0.029522005591409346
vn -0.9017961707984075 -0.4311520816593497 0.029522005591409346
vn 0.9128811354140591 0.3268270484805475 -0.2446060362841283
vn -0.9128811354140591 -0.3268270484805475 0.2446060362841283
vn 0.9427587290497661 0.21770093743243304 -0.25261092739925095
vn -0.9427587290497661 -0.21770093743243304 0.25261092739925095
vn 0.9627309756977823 0.08126599794860245 -0.25796299348824026
vn -0.9627309756977823 -0.08126599794860245 0.25796299348824026
vn 0.9627309756977823 -0.08126599794860245 -0.25796299348824026
vn -0.9627309756977823 0.08126599794860245 0.25796299348824026
vn 0.9427587290497661 -0.21770093743243304 -0.25261092739925095
vn -0.9427587290497661 0.21770093743243304 0.25261092739925095
vn 0.9128811354140591 -0.3268270484805475 -0.2446060362841283
vn -0.9128811354140591 0.3268270484805475 0.2446060362841283
vn 0.871273946846192 -0.43171697366224343 -0.23345698575749013
vn -0.871273946846192 0.43171697366224343 0.23345698575749013
vn 0.7819226454614964 -0.6228497175881679 -0.02559698839384175
vn -0.7819226454614964 0.6228497175881679 0.02559698839384175
vn 0.8472891794817097 -0.5304071123564158 -0.02773700587554445
vn -0.8472891794817097 0.5304071123564158 0.02773700587554445
vn 0.9017961707984075 -0.4311520816593497 -0.029522005591409346
vn -0.9017961707984075 0.4311520816593497 0.029522005591409346
vn 0.8184860963501426 -0.5310200625103578 -0.21931302581698262
vn -0.8184860963501426 0.5310200625103578 0.21931302581698262
vn 0.7552119858484603 -0.6234629883172389 -0.20235799620811473
vn -0.7552119858484603 0.6234629883172389 0.20235799620811473
vn 0.7751640193911158 -0.6234630155962393 -0.10205200255288191
vn -0.7751640193911158 0.6234630155962393 0.10205200255288191
vn 0.9369989015710816 0.3268269656678095 -0.12335798704161421
vn -0.9369989015710816 -0.3268269656678095 0.12335798704161421
vn 0.9447404250232246 0.3263571468227285 -0.030928013914006278
vn -0.9447404250232246 -0.3263571468227285 0.030928013914006278
vn 0.9447404250232246 -0.3263571468227285 -0.030928013914006278
vn -0.9447404250232246 0.3263571468227285 0.030928013914006278
vn 0.9676655385334783 0.21770089618140634 -0.1273959392466109
vn -0.9676655385334783 -0.21770089618140634 0.1273959392466109
vn 0.9881656763026699 0.08126597337938442 -0.130093957384609
vn -0.9881656763026699 -0.08126597337938442 0.130093957384609
vn 0.9881656763026699 -0.08126597337938442 -0.130093957384609
vn -0.9881656763026699 0.08126597337938442 0.130093957384609
vn 0.9676655385334783 -0.21770089618140634 -0.1273959392466109
vn -0.9676655385334783 0.21770089618140634 0.1273959392466109
vn 0.9369989015710816 -0.3268269656678095 -0.12335798704161421
vn -0.9369989015710816 0.3268269656678095 0.12335798704161421
vn 0.8942922168439787 -0.4317171046808336 -0.11773602854810586
vn -0.8942922168439787 0.4317171046808336 0.11773602854810586
vn 0.8401099680300358 -0.5310199797923005 -0.11060299579105838
vn -0.8401099680300358 0.5310199797923005 0.11060299579105838
vn 0.9755671020043258 0.21736802272778427 -0.03193700333930131
vn -0.9755671020043258 -0.21736802272778427 0.03193700333930131
vn 0.9755671020043258 -0.21736802272778427 -0.03193700333930131
vn -0.9755671020043258 0.21736802272778427 0.03193700333930131
vn 0.9961693962872227 0.08113603227681257 -0.03261101297302227
vn -0.9961693962872227 -0.08113603227681257 0.03261101297302227
vn 0.9961693962872227 -0.08113603227681257 -0.03261101297302227
vn -0.9961693962872227 0.08113603227681257 0.03261101297302227
usemtl material_0_0
f 1//1 2//2 3//3
f 2//2 1//1 4//4
f 3//5 2//6 1//7
f 4//8 1//7 2//6
f 5//9 3//3 2//2
f 2//6 3//5 5//10
f 3//3 6//11 1//1
f 1//7 6//12 3//5
f 7//13 4//4 1//1
f 1//7 4//8 7//14
f 4//4 8//15 2//2
f 2//6 8//16 4//8
f 3//3 5//9 9//17
f 9//18 5//10 3//5
f 2//2 10//19 5//9
f 5//10 10//20 2//6
f 6//11 3//3 11//21
f 11//22 3//5 6//12
f 12//23 1//1 6//11
f 6//12 1//7 12//24
f 4//4 7//13 13//25
f 13//26 7//14 4//8
f 1//1 12//23 7//13
f 7//14 12//24 1//7
f 8//15 4//4 14//27
f 14//28 4//8 8//16
f 10//19 2//2 8//15
f 8//16 2//6 10//20
f 15//29 9//17 5//9
f 5//10 9//18 15//30
f 9//17 11//21 3//3
f 3//5 11//22 9//18
f 16//31 5//9 10//19
f 10//20 5//10 16//32
f 11//21 17//33 6//11
f 6//12 17//34 11//22
f 6//11 18//35 12//23
f 12//24 18//36 6//12
f 19//37 13//25 7//13
f 7//14 13//26 19//38
f 13//25 14//27 4//4
f 4//8 14//28 13//26
f 20//39 7//13 12//23
f 12//24 7//14 20//40
f 14//27 21//41 8//15
f 8//16 21//42 14//28
f 8//15 22//43 10//19
f 10//20 22//44 8//16
f 9//17 15//29 23//45
f 23//46 15//30 9//18
f 5//9 16//31 15//29
f 15//30 16//32 5//10
f 11//21 9//17 24//47
f 24//48 9//18 11//22
f 10//19 25//49 16//31
f 16//32 25//50 10//20
f 17//33 11//21 26//51
f 26//52 11//22 17//34
f 18//35 6//11 17//33
f 17//34 6//12 18//36
f 27//53 12//23 18//35
f 18//36 12//24 27//54
f 13//25 19//37 28//55
f 28//56 19//38 13//26
f 7//13 20//39 19//37
f 19//38 20//40 7//14
f 14//27 13//25 29//57
f 29//58 13//26 14//28
f 12//23 27//53 20//39
f 20//40 27//54 12//24
f 21//41 14//27 30//59
f 30//60 14//28 21//42
f 22//43 8//15 21//41
f 21//42 8//16 22//44
f 25//49 10//19 22//43
f 22//44 10//20 25//50
f 31//61 23//45 15//29
f 15//30 23//46 31//62
f 23//45 24//47 9//17
f 9//18 24//48 23//46
f 32//63 15//29 16//31
f 16//32 15//30 32//64
f 24//47 26//51 11//21
f 11//22 26//52 24//48
f 33//65 16//31 25//49
f 25//50 16//32 33//66
f 26//51 34//67 17//33
f 17//34 34//68 26//52
f 17//33 35//69 18//35
f 18//36 35//70 17//34
f 18//35 36//71 27//53
f 27//54 36//72 18//36
f 37//73 28//55 19//37
f 19//38 28//56 37//74
f 28//55 29//57 13//25
f 13//26 29//58 28//56
f 38//75 19//37 20//39
f 20//40 19//38 38//76
f 29//57 30//59 14//27
f 14//28 30//60 29//58
f 39//77 20//39 27//53
f 27//54 20//40 39//78
f 30//59 40//79 21//41
f 21//42 40//80 30//60
f 21//41 41//81 22//43
f 22//44 41//82 21//42
f 22//43 42//83 25//49
f 25//50 42//84 22//44
f 23//45 31//61 43//85
f 43//86 31//62 23//46
f 15//29 32//63 31//61
f 31//62 32//64 15//30
f 24//47 23//45 44//87
f 44//88 23//46 24//48
f 16//31 33//65 32//63
f 32//64 33//66 16//32
f 26//51 24//47 45//89
f 45//90 24//48 26//52
f 42//83 33//65 25//49
f 25//50 33//66 42//84
f 34//67 26//51 46//91
f 46//92 26//52 34//68
f 35//69 17//33 34//67
f 34//68 17//34 35//70
f 36//71 18//35 35//69
f 35//70 18//36 36//72
f 47//93 27//53 36//71
f 36//72 27//54 47//94
f 28//55 37//73 48//95
f 48//96 37//74 28//56
f 19//37 38//75 37//73
f 37//74 38//76 19//38
f 29//57 28//55 49//97
f 49//98 28//56 29//58
f 20//39 39//77 38//75
f 38//76 39//78 20//40
f 30//59 29//57 50//99
f 50//100 29//58 30//60
f 27//53 47//93 39//77
f 39//78 47//94 27//54
f 40//79 30//59 51//101
f 51//102 30//60 40//80
f 41//81 21//41 40//79
f 40//80 21//42 41//82
f 42//83 22//43 41//81
f 41//82 22//44 42//84
f 52//103 43//85 31//61
f 31//62 43//86 52//104
f 43//85 44//87 23//45
f 23//46 44//88 43//86
f 53//105 31//61 32//63
f 32//64 31//62 53//106
f 44//87 45//89 24//47
f 24//48 45//90 44//88
f 54//107 32//63 33//65
f 33//66 32//64 54//108
f 45//89 46//91 26//51
f 26//52 46//92 45//90
f 33//65 42//83 55//109
f 55//110 42//84 33//66
f 46//91 56//111 34//67
f 34//68 56//112 46//92
f 34//67 57//113 35//69
f 35//70 57//114 34//68
f 35//69 58//115 36//71
f 36//72 58//116 35//70
f 36//71 59//117 47//93
f 47//94 59//118 36//72
f 37//73 60//119 48//95
f 48//96 60//120 37//74
f 61//121 28//55 48//95
f 48//96 28//56 61//122
f 38//75 62//123 37//73
f 37//74 62//124 38//76
f 28//55 61//121 49//97
f 49//98 61//122 28//56
f 49//97 50//99 29//57
f 29//58 50//100 49//98
f 39//77 63//125 38//75
f 38//76 63//126 39//78
f 50//99 51//101 30//59
f 30//60 51//102 50//100
f 47//93 64//127 39//77
f 39//78 64//128 47//94
f 51//101 65//129 40//79
f 40//80 65//130 51//102
f 40//79 66//131 41//81
f 41//82 66//132 40//80
f 41//81 67//133 42//83
f 42//84 67//134 41//82
f 43//85 52//103 68//135
f 68//136 52//104 43//86
f 31//61 53//105 52//103
f 52//104 53//106 31//62
f 44//87 43//85 69//137
f 69//138 43//86 44//88
f 32//63 54//107 53//105
f 53//106 54//108 32//64
f 45//89 44//87 70//139
f 70//140 44//88 45//90
f 55//109 54//107 33//65
f 33//66 54//108 55//110
f 46//91 45//89 71//141
f 71//142 45//90 46//92
f 67//133 55//109 42//83
f 42//84 55//110 67//134
f 56//111 46//91 72//143
f 72//144 46//92 56//112
f 57//113 34//67 56//111
f 56//112 34//68 57//114
f 58//115 35//69 57//113
f 57//114 35//70 58//116
f 59//117 36//71 58//115
f 58//116 36//72 59//118
f 59//117 73//145 47//93
f 47//94 73//146 59//118
f 60//119 37//73 62//123
f 62//124 37//74 60//120
f 74//147 48//95 60//119
f 60//120 48//96 74//148
f 48//95 74//147 61//121
f 61//122 74//148 48//96
f 62//123 38//75 63//125
f 63//126 38//76 62//124
f 75//149 49//97 61//121
f 61//122 49//98 75//150
f 50//99 49//97 76//151
f 76//152 49//98 50//100
f 63//125 39//77 64//127
f 64//128 39//78 63//126
f 51//101 50//99 77//153
f 77//154 50//100 51//102
f 64//127 47//93 73//145
f 73//146 47//94 64//128
f 65//129 51//101 78//155
f 78//156 51//102 65//130
f 66//131 40//79 65//129
f 65//130 40//80 66//132
f 67//133 41//81 66//131
f 66//132 41//82 67//134
f 79//157 68//135 52//103
f 52//104 68//136 79//158
f 68//135 69//137 43//85
f 43//86 69//138 68//136
f 80//159 52//103 53//105
f 53//106 52//104 80//160
f 69//137 70//139 44//87
f 44//88 70//140 69//138
f 81//161 53//105 54//107
f 54//108 53//106 81//162
f 70//139 71//141 45//89
f 45//90 71//142 70//140
f 54//107 55//109 82//163
f 82//164 55//110 54//108
f 71//141 72//143 46//91
f 46//92 72//144 71//142
f 55//109 67//133 83//165
f 83//166 67//134 55//110
f 72//167 84//167 56//167
f 56//168 84//168 72//168
f 56//167 85//167 57//167
f 57//168 85//168 56//168
f 57//167 86//167 58//167
f 58//168 86//168 57//168
f 58//167 87//167 59//167
f 59//168 87//168 58//168
f 73//145 59//117 88//169
f 88//170 59//118 73//146
f 62//123 89//171 60//119
f 60//120 89//172 62//124
f 60//119 90//173 74//147
f 74//148 90//174 60//120
f 91//175 61//121 74//147
f 74//148 61//122 91//176
f 63//125 92//177 62//123
f 62//124 92//178 63//126
f 49//97 75//149 76//151
f 76//152 75//150 49//98
f 61//121 91//175 75//149
f 75//150 91//176 61//122
f 76//151 77//153 50//99
f 50//100 77//154 76//152
f 64//127 93//179 63//125
f 63//126 93//180 64//128
f 77//153 78//155 51//101
f 51//102 78//156 77//154
f 73//145 94//181 64//127
f 64//128 94//182 73//146
f 78//155 95//183 65//129
f 65//130 95//184 78//156
f 65//129 96//185 66//131
f 66//132 96//186 65//130
f 66//131 97//187 67//133
f 67//134 97//188 66//132
f 68//135 79//157 98//189
f 98//190 79//158 68//136
f 52//103 80//159 79//157
f 79//158 80//160 52//104
f 69//137 68//135 99//191
f 99//192 68//136 69//138
f 53//105 81//161 80//159
f 80//160 81//162 53//106
f 70//139 69//137 100//193
f 100//194 69//138 70//140
f 82//163 81//161 54//107
f 54//108 81//162 82//164
f 71//141 70//139 101//195
f 101//196 70//140 71//142
f 83//165 82//163 55//109
f 55//110 82//164 83//166
f 72//143 71//141 102//197
f 102//198 71//142 72//144
f 97//187 83//165 67//133
f 67//134 83//166 97//188
f 72//167 103//167 84//167
f 84//168 103//168 72//168
f 56//167 84//167 85//167
f 85//168 84//168 56//168
f 57//167 85//167 86//167
f 86//168 85//168 57//168
f 58//167 86//167 87//167
f 87//168 86//168 58//168
f 59//167 87//167 104//167
f 104//168 87//168 59//168
f 59//167 104//167 88//167
f 88//168 104//168 59//168
f 88//169 105//199 73//145
f 73//146 105//200 88//170
f 89//171 62//123 92//177
f 92//178 62//124 89//172
f 90//173 60//119 89//171
f 89//172 60//120 90//174
f 106//201 74//147 90//173
f 90//174 74//148 106//202
f 74//147 106//201 91//175
f 91//176 106//202 74//148
f 92//177 63//125 93//179
f 93//180 63//126 92//178
f 107//203 76//151 75//149
f 75//150 76//152 107//204
f 108//205 75//149 91//175
f 91//176 75//150 108//206
f 77//153 76//151 109//207
f 109//208 76//152 77//154
f 93//179 64//127 94//181
f 94//182 64//128 93//180
f 78//155 77//153 110//209
f 110//210 77//154 78//156
f 94//181 73//145 105//199
f 105//200 73//146 94//182
f 95//183 78//155 111//211
f 111//212 78//156 95//184
f 96//185 65//129 95//183
f 95//184 65//130 96//186
f 97//187 66//131 96//185
f 96//186 66//132 97//188
f 112//213 98//189 79//157
f 79//158 98//190 112//214
f 98//189 99//191 68//135
f 68//136 99//192 98//190
f 113//215 79//157 80//159
f 80//160 79//158 113//216
f 99//191 100//193 69//137
f 69//138 100//194 99//192
f 114//217 80//159 81//161
f 81//162 80//160 114//218
f 100//193 101//195 70//139
f 70//140 101//196 100//194
f 81//161 82//163 115//219
f 115//220 82//164 81//162
f 101//195 102//197 71//141
f 71//142 102//198 101//196
f 82//163 83//165 116//221
f 116//222 83//166 82//164
f 102//167 103//167 72//167
f 72//168 103//168 102//168
f 83//165 97//187 117//223
f 117//224 97//188 83//166
f 103//225 118//226 84//227
f 84//228 118//229 103//230
f 84//227 119//231 85//232
f 85//233 119//234 84//228
f 85//232 120//235 86//236
f 86//237 120//238 85//233
f 86//236 121//239 87//240
f 87//241 121//242 86//237
f 87//240 122//243 104//244
f 104//245 122//246 87//241
f 88//167 104//167 123//167
f 123//168 104//168 88//168
f 105//199 88//169 124//247
f 124//248 88//170 105//200
f 92//177 125//249 89//171
f 89//172 125//250 92//178
f 89//171 126//251 90//173
f 90//174 126//252 89//172
f 90//173 127//253 106//201
f 106//202 127//254 90//174
f 128//255 91//175 106//201
f 106//202 91//176 128//256
f 93//179 129//257 92//177
f 92//178 129//258 93//180
f 76//151 107//203 109//207
f 109//208 107//204 76//152
f 75//149 108//205 107//203
f 107//204 108//206 75//150
f 91//175 128//255 108//205
f 108//206 128//256 91//176
f 109//207 110//209 77//153
f 77//154 110//210 109//208
f 94//181 130//259 93//179
f 93//180 130//260 94//182
f 110//209 111//211 78//155
f 78//156 111//212 110//210
f 105//199 131//261 94//181
f 94//182 131//262 105//200
f 111//211 132//263 95//183
f 95//184 132//264 111//212
f 95//183 133//265 96//185
f 96//186 133//266 95//184
f 96//185 134//267 97//187
f 97//188 134//268 96//186
f 98//189 112//213 135//269
f 135//270 112//214 98//190
f 79//157 113//215 112//213
f 112//214 113//216 79//158
f 99//191 98//189 136//271
f 136//272 98//190 99//192
f 80//159 114//217 113//215
f 113//216 114//218 80//160
f 100//193 99//191 137//273
f 137//274 99//192 100//194
f 115//219 114//217 81//161
f 81//162 114//218 115//220
f 101//195 100//193 138//275
f 138//276 100//194 101//196
f 116//221 115//219 82//163
f 82//164 115//220 116//222
f 102//197 101//195 139//277
f 139//278 101//196 102//198
f 117//223 116//221 83//165
f 83//166 116//222 117//224
f 102//167 140//167 103//167
f 103//168 140//168 102//168
f 134//267 117//223 97//187
f 97//188 117//224 134//268
f 118//226 103//225 141//279
f 141//280 103//230 118//229
f 119//231 84//227 118//226
f 118//229 84//228 119//234
f 120//235 85//232 119//231
f 119//234 85//233 120//238
f 121//239 86//236 120//235
f 120//238 86//237 121//242
f 122//243 87//240 121//239
f 121//242 87//241 122//246
f 142//281 104//244 122//243
f 122//246 104//245 142//282
f 104//244 142//281 123//283
f 123//284 142//282 104//245
f 88//167 123//167 124//167
f 124//168 123//168 88//168
f 124//247 143//285 105//199
f 105//200 143//286 124//248
f 125//249 92//177 129//257
f 129//258 92//178 125//250
f 126//251 89//171 125//249
f 125//250 89//172 126//252
f 127//253 90//173 126//251
f 126//252 90//174 127//254
f 144//287 106//201 127//253
f 127//254 106//202 144//288
f 106//201 144//287 128//255
f 128//256 144//288 106//202
f 129//257 93//179 130//259
f 130//260 93//180 129//258
f 145//289 109//207 107//203
f 107//204 109//208 145//290
f 146//291 107//203 108//205
f 108//206 107//204 146//292
f 147//293 108//205 128//255
f 128//256 108//206 147//294
f 110//209 109//207 148//295
f 148//296 109//208 110//210
f 130//259 94//181 131//261
f 131//262 94//182 130//260
f 111//211 110//209 149//297
f 149//298 110//210 111//212
f 131//261 105//199 143//285
f 143//286 105//200 131//262
f 132//263 111//211 150//299
f 150//300 111//212 132//264
f 133//265 95//183 132//263
f 132//264 95//184 133//266
f 134//267 96//185 133//265
f 133//266 96//186 134//268
f 151//301 135//269 112//213
f 112//214 135//270 151//302
f 135//269 136//271 98//189
f 98//190 136//272 135//270
f 152//303 112//213 113//215
f 113//216 112//214 152//304
f 136//271 137//273 99//191
f 99//192 137//274 136//272
f 153//305 113//215 114//217
f 114//218 113//216 153//306
f 137//273 138//275 100//193
f 100//194 138//276 137//274
f 114//217 115//219 154//307
f 154//308 115//220 114//218
f 138//275 139//277 101//195
f 101//196 139//278 138//276
f 115//219 116//221 155//309
f 155//310 116//222 115//220
f 139//167 140//167 102//167
f 102//168 140//168 139//168
f 116//221 117//223 156//311
f 156//312 117//224 116//222
f 140//313 141//279 103//225
f 103//230 141//280 140//314
f 117//223 134//267 157//315
f 157//316 134//268 117//224
f 141//279 158//317 118//226
f 118//229 158//318 141//280
f 118//226 159//319 119//231
f 119//234 159//320 118//229
f 119//231 160//321 120//235
f 120//238 160//322 119//234
f 120//235 161//323 121//239
f 121//242 161//324 120//238
f 121//239 162//325 122//243
f 122//246 162//326 121//242
f 122//243 163//327 142//281
f 142//282 163//328 122//246
f 164//329 123//283 142//281
f 142//282 123//284 164//330
f 124//167 123//167 165//167
f 165//168 123//168 124//168
f 143//285 124//247 166//331
f 166//332 124//248 143//286
f 129//257 167//333 125//249
f 125//250 167//334 129//258
f 125//249 168//335 126//251
f 126//252 168//336 125//250
f 126//251 169//337 127//253
f 127//254 169//338 126//252
f 127//253 170//339 144//287
f 144//288 170//340 127//254
f 171//341 128//255 144//287
f 144//288 128//256 171//342
f 130//259 172//343 129//257
f 129//258 172//344 130//260
f 109//207 145//289 148//295
f 148//296 145//290 109//208
f 107//203 146//291 145//289
f 145//290 146//292 107//204
f 108//205 147//293 146//291
f 146//292 147//294 108//206
f 128//255 171//341 147//293
f 147//294 171//342 128//256
f 148//295 149//297 110//209
f 110//210 149//298 148//296
f 131//261 173//345 130//259
f 130//260 173//346 131//262
f 149//297 150//299 111//211
f 111//212 150//300 149//298
f 143//285 174//347 131//261
f 131//262 174//348 143//286
f 150//299 175//349 132//263
f 132//264 175//350 150//300
f 132//263 176//351 133//265
f 133//266 176//352 132//264
f 133//265 177//353 134//267
f 134//268 177//354 133//266
f 135//269 151//301 178//355
f 178//356 151//302 135//270
f 112//213 152//303 151//301
f 151//302 152//304 112//214
f 136//271 135//269 179//357
f 179//358 135//270 136//272
f 113//215 153//305 152//303
f 152//304 153//306 113//216
f 137//273 136//271 180//359
f 180//360 136//272 137//274
f 154//307 153//305 114//217
f 114//218 153//306 154//308
f 138//275 137//273 181//361
f 181//362 137//274 138//276
f 155//309 154//307 115//219
f 115//220 154//308 155//310
f 139//277 138//275 182//363
f 182//364 138//276 139//278
f 156//311 155//309 116//221
f 116//222 155//310 156//312
f 140//167 139//167 182//167
f 182//168 139//168 140//168
f 157//315 156//311 117//223
f 117//224 156//312 157//316
f 141//279 140//313 181//361
f 181//362 140//314 141//280
f 177//353 157//315 134//267
f 134//268 157//316 177//354
f 158//317 141//279 180//359
f 180//360 141//280 158//318
f 159//319 118//226 158//317
f 158//318 118//229 159//320
f 160//321 119//231 159//319
f 159//320 119//234 160//322
f 161//323 120//235 160//321
f 160//322 120//238 161//324
f 162//325 121//239 161//323
f 161//324 121//242 162//326
f 163//327 122//243 162//325
f 162//326 122//246 163//328
f 183//365 142//281 163//327
f 163//328 142//282 183//366
f 123//283 164//329 165//367
f 165//368 164//330 123//284
f 142//281 183//365 164//329
f 164//330 183//366 142//282
f 124//167 165//167 166//167
f 166//168 165//168 124//168
f 166//331 184//369 143//285
f 143//286 184//370 166//332
f 167//333 129//257 172//343
f 172//344 129//258 167//334
f 168//335 125//249 167//333
f 167//334 125//250 168//336
f 169//337 126//251 168//335
f 168//336 126//252 169//338
f 170//339 127//253 169//337
f 169//338 127//254 170//340
f 185//371 144//287 170//339
f 170//340 144//288 185//372
f 144//287 185//371 171//341
f 171//342 185//372 144//288
f 172//343 130//259 173//345
f 173//346 130//260 172//344
f 145//289 186//373 148//295
f 148//296 186//374 145//290
f 187//375 145//289 146//291
f 146//292 145//290 187//376
f 188//377 146//291 147//293
f 147//294 146//292 188//378
f 189//379 147//293 171//341
f 171//342 147//294 189//380
f 149//297 148//295 186//373
f 186//374 148//296 149//298
f 173//345 131//261 174//347
f 174//348 131//262 173//346
f 150//299 149//297 190//381
f 190//382 149//298 150//300
f 174//347 143//285 184//369
f 184//370 143//286 174//348
f 175//349 150//299 191//383
f 191//384 150//300 175//350
f 176//351 132//263 175//349
f 175//350 132//264 176//352
f 177//353 133//265 176//351
f 176//352 133//266 177//354
f 192//385 178//355 151//301
f 151//302 178//356 192//386
f 178//355 179//357 135//269
f 135//270 179//358 178//356
f 193//387 151//301 152//303
f 152//304 151//302 193//388
f 179//357 180//359 136//271
f 136//272 180//360 179//358
f 194//389 152//303 153//305
f 153//306 152//304 194//390
f 180//359 181//361 137//273
f 137//274 181//362 180//360
f 153//305 154//307 195//391
f 195//392 154//308 153//306
f 181//361 182//363 138//275
f 138//276 182//364 181//362
f 154//307 155//309 196//393
f 196//394 155//310 154//308
f 155//309 156//311 197//395
f 197//396 156//312 155//310
f 182//363 181//361 140//313
f 140//314 181//362 182//364
f 156//311 157//315 198//397
f 198//398 157//316 156//312
f 181//361 180//359 141//279
f 141//280 180//360 181//362
f 157//315 177//353 199//399
f 199//400 177//354 157//316
f 180//359 179//357 158//317
f 158//318 179//358 180//360
f 158//317 200//401 159//319
f 159//320 200//402 158//318
f 159//319 201//403 160//321
f 160//322 201//404 159//320
f 160//321 202//405 161//323
f 161//324 202//406 160//322
f 161//323 203//407 162//325
f 162//326 203//408 161//324
f 162//325 204//409 163//327
f 163//328 204//410 162//326
f 163//327 205//411 183//365
f 183//366 205//412 163//328
f 206//413 165//367 164//329
f 164//330 165//368 206//414
f 207//415 164//329 183//365
f 183//366 164//330 207//416
f 166//167 165//167 208//167
f 208//168 165//168 166//168
f 184//369 166//331 209//417
f 209//418 166//332 184//370
f 172//343 210//419 167//333
f 167//334 210//420 172//344
f 167//333 211//421 168//335
f 168//336 211//422 167//334
f 168//335 212//423 169//337
f 169//338 212//424 168//336
f 169//337 213//425 170//339
f 170//340 213//426 169//338
f 170//339 214//427 185//371
f 185//372 214//428 170//340
f 215//429 171//341 185//371
f 185//372 171//342 215//430
f 173//345 216//431 172//343
f 172//344 216//432 173//346
f 186//373 145//289 217//433
f 217//434 145//290 186//374
f 145//289 187//375 217//433
f 217//434 187//376 145//290
f 146//291 188//377 187//375
f 187//376 188//378 146//292
f 147//293 189//379 188//377
f 188//378 189//380 147//294
f 171//341 215//429 189//379
f 189//380 215//430 171//342
f 186//373 190//381 149//297
f 149//298 190//382 186//374
f 174//347 218//435 173//345
f 173//346 218//436 174//348
f 190//381 191//383 150//299
f 150//300 191//384 190//382
f 184//369 219//437 174//347
f 174//348 219//438 184//370
f 191//383 220//439 175//349
f 175//350 220//440 191//384
f 175//349 221//441 176//351
f 176//352 221//442 175//350
f 176//351 222//443 177//353
f 177//354 222//444 176//352
f 178//355 192//385 223//445
f 223//446 192//386 178//356
f 151//301 193//387 192//385
f 192//386 193//388 151//302
f 179//357 178//355 200//401
f 200//402 178//356 179//358
f 152//303 194//389 193//387
f 193//388 194//390 152//304
f 195//391 194//389 153//305
f 153//306 194//390 195//392
f 196//393 195//391 154//307
f 154//308 195//392 196//394
f 197//395 196//393 155//309
f 155//310 196//394 197//396
f 198//397 197//395 156//311
f 156//312 197//396 198//398
f 199//399 198//397 157//315
f 157//316 198//398 199//400
f 222//443 199//399 177//353
f 177//354 199//400 222//444
f 200//401 158//317 179//357
f 179//358 158//318 200//402
f 201//403 159//319 200//401
f 200//402 159//320 201//404
f 202//405 160//321 201//403
f 201//404 160//322 202//406
f 203//407 161//323 202//405
f 202//406 161//324 203//408
f 204//409 162//325 203//407
f 203//408 162//326 204//410
f 205//411 163//327 204//409
f 204//410 163//328 205//412
f 224//447 183//365 205//411
f 205//412 183//366 224//448
f 165//367 206//413 208//449
f 208//450 206//414 165//368
f 164//329 207//415 206//413
f 206//414 207//416 164//330
f 183//365 224//447 207//415
f 207//416 224//448 183//366
f 166//167 208//167 209//167
f 209//168 208//168 166//168
f 209//417 225//451 184//369
f 184//370 225//452 209//418
f 210//419 172//343 216//431
f 216//432 172//344 210//420
f 211//421 167//333 210//419
f 210//420 167//334 211//422
f 212//423 168//335 211//421
f 211//422 168//336 212//424
f 213//425 169//337 212//423
f 212//424 169//338 213//426
f 214//427 170//339 213//425
f 213//426 170//340 214//428
f 226//453 185//371 214//427
f 214//428 185//372 226//454
f 185//371 226//453 215//429
f 215//430 226//454 185//372
f 216//431 173//345 218//435
f 218//436 173//346 216//432
f 217//433 227//455 186//373
f 186//374 227//456 217//434
f 228//457 217//433 187//375
f 187//376 217//434 228//458
f 229//459 187//375 188//377
f 188//378 187//376 229//460
f 230//461 188//377 189//379
f 189//380 188//378 230//462
f 231//463 189//379 215//429
f 215//430 189//380 231//464
f 190//381 186//373 227//455
f 227//456 186//374 190//382
f 218//435 174//347 219//437
f 219//438 174//348 218//436
f 191//383 190//381 232//465
f 232//466 190//382 191//384
f 219//437 184//369 225//451
f 225//452 184//370 219//438
f 220//439 191//383 233//467
f 233//468 191//384 220//440
f 221//441 175//349 220//439
f 220//440 175//350 221//442
f 222//443 176//351 221//441
f 221//442 176//352 222//444
f 234//469 223//445 192//385
f 192//386 223//446 234//470
f 223//445 200//401 178//355
f 178//356 200//402 223//446
f 235//471 192//385 193//387
f 193//388 192//386 235//472
f 236//473 193//387 194//389
f 194//390 193//388 236//474
f 194//389 195//391 237//475
f 237//476 195//392 194//390
f 195//391 196//393 238//477
f 238//478 196//394 195//392
f 196//393 197//395 239//479
f 239//480 197//396 196//394
f 197//395 198//397 240//481
f 240//482 198//398 197//396
f 198//397 199//399 241//483
f 241//484 199//400 198//398
f 199//399 222//443 242//485
f 242//486 222//444 199//400
f 200//401 223//445 201//403
f 201//404 223//446 200//402
f 201//403 243//487 202//405
f 202//406 243//488 201//404
f 202//405 244//489 203//407
f 203//408 244//490 202//406
f 203//407 245//491 204//409
f 204//410 245//492 203//408
f 204//409 246//493 205//411
f 205//412 246//494 204//410
f 205//411 247//495 224//447
f 224//448 247//496 205//412
f 248//497 208//449 206//413
f 206//414 208//450 248//498
f 249//499 206//413 207//415
f 207//416 206//414 249//500
f 250//501 207//415 224//447
f 224//448 207//416 250//502
f 209//167 208//167 251//167
f 251//168 208//168 209//168
f 225//451 209//417 252//503
f 252//504 209//418 225//452
f 216//431 253//505 210//419
f 210//420 253//506 216//432
f 210//419 254//507 211//421
f 211//422 254//508 210//420
f 211//421 255//509 212//423
f 212//424 255//510 211//422
f 212//423 256//511 213//425
f 213//426 256//512 212//424
f 213//425 257//513 214//427
f 214//428 257//514 213//426
f 214//427 258//515 226//453
f 226//454 258//516 214//428
f 259//517 215//429 226//453
f 226//454 215//430 259//518
f 218//435 260//519 216//431
f 216//432 260//520 218//436
f 227//455 217//433 261//521
f 261//522 217//434 227//456
f 217//433 228//457 261//521
f 261//522 228//458 217//434
f 187//375 229//459 228//457
f 228//458 229//460 187//376
f 188//377 230//461 229//459
f 229//460 230//462 188//378
f 189//379 231//463 230//461
f 230//462 231//464 189//380
f 215//429 259//517 231//463
f 231//464 259//518 215//430
f 227//455 232//465 190//381
f 190//382 232//466 227//456
f 219//437 262//523 218//435
f 218//436 262//524 219//438
f 232//465 233//467 191//383
f 191//384 233//468 232//466
f 225//451 263//525 219//437
f 219//438 263//526 225//452
f 233//467 264//527 220//439
f 220//440 264//528 233//468
f 220//439 265//529 221//441
f 221//442 265//530 220//440
f 221//441 266//531 222//443
f 222//444 266//532 221//442
f 223//445 234//469 243//487
f 243//488 234//470 223//446
f 192//385 235//471 234//469
f 234//470 235//472 192//386
f 193//387 236//473 235//471
f 235//472 236//474 193//388
f 194//389 267//533 236//473
f 236//474 267//534 194//390
f 238//477 237//475 195//391
f 195//392 237//476 238//478
f 267//533 194//389 237//475
f 237//476 194//390 267//534
f 239//479 238//477 196//393
f 196//394 238//478 239//480
f 240//481 239//479 197//395
f 197//396 239//480 240//482
f 241//483 240//481 198//397
f 198//398 240//482 241//484
f 242//485 241//483 199//399
f 199//400 241//484 242//486
f 266//531 242//485 222//443
f 222//444 242//486 266//532
f 243//487 201//403 223//445
f 223//446 201//404 243//488
f 244//489 202//405 243//487
f 243//488 202//406 244//490
f 245//491 203//407 244//489
f 244//490 203//408 245//492
f 246//493 204//409 245//491
f 245//492 204//410 246//494
f 247//495 205//411 246//493
f 246//494 205//412 247//496
f 268//535 224//447 247//495
f 247//496 224//448 268//536
f 208//449 248//497 251//537
f 251//538 248//498 208//450
f 206//413 249//499 248//497
f 248//498 249//500 206//414
f 207//415 250//501 249//499
f 249//500 250//502 207//416
f 224//447 268//535 250//501
f 250//502 268//536 224//448
f 209//167 251//167 252//167
f 252//168 251//168 209//168
f 252//503 269//539 225//451
f 225//452 269//540 252//504
f 253//505 216//431 260//519
f 260//520 216//432 253//506
f 254//507 210//419 253//505
f 253//506 210//420 254//508
f 255//509 211//421 254//507
f 254//508 211//422 255//510
f 256//511 212//423 255//509
f 255//510 212//424 256//512
f 257//513 213//425 256//511
f 256//512 213//426 257//514
f 258//515 214//427 257//513
f 257//514 214//428 258//516
f 270//541 226//453 258//515
f 258//516 226//454 270//542
f 226//453 270//541 259//517
f 259//518 270//542 226//454
f 260//519 218//435 262//523
f 262//524 218//436 260//520
f 261//521 271//543 227//455
f 227//456 271//544 261//522
f 272//545 261//521 228//457
f 228//458 261//522 272//546
f 273//547 228//457 229//459
f 229//460 228//458 273//548
f 274//549 229//459 230//461
f 230//462 229//460 274//550
f 275//551 230//461 231//463
f 231//464 230//462 275//552
f 276//553 231//463 259//517
f 259//518 231//464 276//554
f 232//465 227//455 271//543
f 271//544 227//456 232//466
f 262//523 219//437 263//525
f 263//526 219//438 262//524
f 233//467 232//465 277//555
f 277//556 232//466 233//468
f 263//525 225//451 269//539
f 269//540 225//452 263//526
f 264//527 233//467 278//557
f 278//558 233//468 264//528
f 265//529 220//439 264//527
f 264//528 220//440 265//530
f 266//531 221//441 265//529
f 265//530 221//442 266//532
f 279//559 243//487 234//469
f 234//470 243//488 279//560
f 280//561 234//469 235//471
f 235//472 234//470 280//562
f 281//563 235//471 236//473
f 236//474 235//472 281//564
f 282//565 236//473 267//533
f 267//534 236//474 282//566
f 237//475 238//477 283//567
f 283//568 238//478 237//476
f 237//475 284//569 267//533
f 267//534 284//570 237//476
f 238//477 239//479 285//571
f 285//572 239//480 238//478
f 239//479 240//481 286//573
f 286//574 240//482 239//480
f 240//481 241//483 287//575
f 287//576 241//484 240//482
f 241//483 242//485 288//577
f 288//578 242//486 241//484
f 242//485 266//531 289//579
f 289//580 266//532 242//486
f 243//487 279//559 244//489
f 244//490 279//560 243//488
f 244//489 290//581 245//491
f 245//492 290//582 244//490
f 245//491 291//583 246//493
f 246//494 291//584 245//492
f 246//493 292//585 247//495
f 247//496 292//586 246//494
f 247//495 293//587 268//535
f 268//536 293//588 247//496
f 294//589 251//537 248//497
f 248//498 251//538 294//590
f 295//591 248//497 249//499
f 249//500 248//498 295//592
f 296//593 249//499 250//501
f 250//502 249//500 296//594
f 297//595 250//501 268//535
f 268//536 250//502 297//596
f 252//167 251//167 298//167
f 298//168 251//168 252//168
f 269//539 252//503 299//597
f 299//598 252//504 269//540
f 300//599 253//505 260//519
f 260//520 253//506 300//600
f 301//599 254//507 253//505
f 253//506 254//508 301//600
f 302//599 255//509 254//507
f 254//508 255//510 302//600
f 303//601 256//511 255//509
f 255//510 256//512 303//602
f 304//603 257//513 256//511
f 256//512 257//514 304//604
f 305//605 258//515 257//513
f 257//514 258//516 305//606
f 306//607 270//541 258//515
f 258//516 270//542 306//608
f 307//609 259//517 270//541
f 270//542 259//518 307//610
f 308//599 260//519 262//523
f 262//524 260//520 308//600
f 271//543 261//521 309//611
f 309//612 261//522 271//544
f 261//521 272//545 309//611
f 309//612 272//546 261//522
f 228//457 273//547 272//545
f 272//546 273//548 228//458
f 229//459 274//549 273//547
f 273//548 274//550 229//460
f 230//461 275//551 274//549
f 274//550 275//552 230//462
f 231//463 276//553 275//551
f 275//552 276//554 231//464
f 259//517 307//609 276//553
f 276//554 307//610 259//518
f 271//543 277//555 232//465
f 232//466 277//556 271//544
f 310//599 262//523 263//525
f 263//526 262//524 310//600
f 277//555 278//557 233//467
f 233//468 278//558 277//556
f 311//599 263//525 269//539
f 269//540 263//526 311//600
f 312//613 264//527 278//557
f 278//558 264//528 312//614
f 313//615 265//529 264//527
f 264//528 265//530 313//616
f 314//617 266//531 265//529
f 265//530 266//532 314//618
f 234//469 280//561 279//559
f 279//560 280//562 234//470
f 235//471 281//563 280//561
f 280//562 281//564 235//472
f 236//473 282//565 281//563
f 281//564 282//566 236//474
f 267//533 315//619 282//565
f 282//566 315//620 267//534
f 285//571 283//567 238//477
f 238//478 283//568 285//572
f 284//569 237//475 283//567
f 283//568 237//476 284//570
f 315//619 267//533 284//569
f 284//570 267//534 315//620
f 286//573 285//571 239//479
f 239//480 285//572 286//574
f 287//575 286//573 240//481
f 240//482 286//574 287//576
f 288//577 287//575 241//483
f 241//484 287//576 288//578
f 289//579 288//577 242//485
f 242//486 288//578 289//580
f 316//621 289//579 266//531
f 266//532 289//580 316//622
f 290//581 244//489 279//559
f 279//560 244//490 290//582
f 291//583 245//491 290//581
f 290//582 245//492 291//584
f 292//585 246//493 291//583
f 291//584 246//494 292//586
f 293//587 247//495 292//585
f 292//586 247//496 293//588
f 317//623 268//535 293//587
f 293//588 268//536 317//624
f 251//537 294//589 298//625
f 298//626 294//590 251//538
f 248//497 295//591 294//589
f 294//590 295//592 248//498
f 249//499 296//593 295//591
f 295//592 296//594 249//500
f 250//501 297//595 296//593
f 296//594 297//596 250//502
f 268//535 317//623 297//595
f 297//596 317//624 268//536
f 252//167 298//167 299//167
f 299//168 298//168 252//168
f 318//599 269//539 299//597
f 299//598 269//540 318//600
f 319//599 253//505 300//599
f 300//600 253//506 319//600
f 300//599 260//519 320//599
f 320//600 260//520 300//600
f 321//599 254//507 301//599
f 301//600 254//508 321//600
f 301//599 253//505 319//599
f 319//600 253//506 301//600
f 322//599 255//509 302//599
f 302//600 255//510 322//600
f 302//599 254//507 323//599
f 323//600 254//508 302//600
f 304//603 256//511 303//601
f 303//602 256//512 304//604
f 303//601 255//509 324//627
f 324//628 255//510 303//602
f 305//605 257//513 304//603
f 304//604 257//514 305//606
f 306//607 258//515 305//605
f 305//606 258//516 306//608
f 325//629 270//541 306//607
f 306//608 270//542 325//630
f 325//629 307//609 270//541
f 270//542 307//610 325//630
f 320//599 260//519 308//599
f 308//600 260//520 320//600
f 308//599 262//523 310//599
f 310//600 262//524 308//600
f 309//611 326//631 271//543
f 271//544 326//632 309//612
f 327//633 309//611 272//545
f 272//546 309//612 327//634
f 328//635 272//545 273//547
f 273//548 272//546 328//636
f 329//637 273//547 274//549
f 274//550 273//548 329//638
f 330//639 274//549 275//551
f 275//552 274//550 330//640
f 331//641 275//551 276//553
f 276//554 275//552 331//642
f 332//643 276//553 307//609
f 307//610 276//554 332//644
f 277//555 271//543 326//631
f 326//632 271//544 277//556
f 310//599 263//525 333//599
f 333//600 263//526 310//600
f 278//557 277//555 334//645
f 334//646 277//556 278//558
f 333//599 263//525 311//599
f 311//600 263//526 333//600
f 311//599 269//539 318//599
f 318//600 269//540 311//600
f 264//527 312//613 313//615
f 313//616 312//614 264//528
f 278//557 335//647 312//613
f 312//614 335//648 278//558
f 265//529 313//615 314//617
f 314//618 313//616 265//530
f 266//531 314//617 316//621
f 316//622 314//618 266//532
f 336//649 279//559 280//561
f 280//562 279//560 336//650
f 337//651 280//561 281//563
f 281//564 280//562 337//652
f 338//653 281//563 282//565
f 282//566 281//564 338//654
f 339//655 282//565 315//619
f 315//620 282//566 339//656
f 283//567 285//571 340//657
f 340//658 285//572 283//568
f 340//657 284//569 283//567
f 283//568 284//570 340//658
f 284//569 341//659 315//619
f 315//620 341//660 284//570
f 285//571 286//573 342//661
f 342//662 286//574 285//572
f 286//573 287//575 343//663
f 343//664 287//576 286//574
f 287//575 288//577 344//665
f 344//666 288//578 287//576
f 288//577 289//579 345//667
f 345//668 289//580 288//578
f 289//579 316//621 346//669
f 346//670 316//622 289//580
f 279//559 336//649 290//581
f 290//582 336//650 279//560
f 290//581 347//671 291//583
f 291//584 347//672 290//582
f 291//583 348//673 292//585
f 292//586 348//674 291//584
f 292//585 349//675 293//587
f 293//588 349//676 292//586
f 293//587 350//677 317//623
f 317//624 350//678 293//588
f 294//589 351//600 298//625
f 298//626 351//599 294//590
f 295//591 352//600 294//589
f 294//590 352//599 295//592
f 296//593 353//600 295//591
f 295//592 353//599 296//594
f 297//595 354//600 296//593
f 296//594 354//599 297//596
f 317//623 355//600 297//595
f 297//596 355//599 317//624
f 299//167 298//167 356//167
f 356//168 298//168 299//168
f 318//599 299//597 357//599
f 357//600 299//598 318//600
f 300//679 358//680 319//680
f 319//681 358//681 300//682
f 359//683 300//679 320//683
f 320//684 300//682 359//684
f 323//599 254//507 321//599
f 321//600 254//508 323//600
f 301//685 360//686 321//686
f 321//687 360//687 301//688
f 319//680 361//685 301//685
f 301//688 361//688 319//681
f 324//627 255//509 322//599
f 322//600 255//510 324//628
f 302//689 362//690 322//690
f 322//691 362//691 302//692
f 323//693 363//689 302//689
f 302//692 363//692 323//694
f 364//695 304//603 303//601
f 303//602 304//604 364//696
f 365//697 303//601 324//627
f 324//628 303//602 365//698
f 366//699 305//605 304//603
f 304//604 305//606 366//700
f 367//701 306//607 305//605
f 305//606 306//608 367//702
f 368//703 325//629 306//607
f 306//608 325//630 368//704
f 369//705 307//609 325//629
f 325//630 307//610 369//706
f 370//707 320//683 308//707
f 308//708 320//684 370//708
f 371//709 308//707 310//709
f 310//710 308//708 371//710
f 326//631 309//611 372//711
f 372//712 309//612 326//632
f 309//611 327//633 372//711
f 372//712 327//634 309//612
f 272//545 328//635 327//633
f 327//634 328//636 272//546
f 273//547 329//637 328//635
f 328//636 329//638 273//548
f 274//549 330//639 329//637
f 329//638 330//640 274//550
f 275//551 331//641 330//639
f 330//640 331//642 275//552
f 276//553 332//643 331//641
f 331//642 332//644 276//554
f 307//609 369//705 332//643
f 332//644 369//706 307//610
f 326//631 334//645 277//555
f 277//556 334//646 326//632
f 373//713 310//709 333//713
f 333//714 310//710 373//714
f 335//647 278//557 334//645
f 334//646 278//558 335//648
f 374//715 333//713 311//715
f 311//716 333//714 374//716
f 375//717 311//715 318//717
f 318//718 311//716 375//718
f 376//719 313//615 312//613
f 312//614 313//616 376//720
f 377//721 312//613 335//647
f 335//648 312//614 377//722
f 378//723 314//617 313//615
f 313//616 314//618 378//724
f 379//725 316//621 314//617
f 314//618 316//622 379//726
f 280//561 337//651 336//649
f 336//650 337//652 280//562
f 281//563 338//653 337//651
f 337//652 338//654 281//564
f 282//565 339//655 338//653
f 338//654 339//656 282//566
f 315//619 380//727 339//655
f 339//656 380//728 315//620
f 342//661 340//657 285//571
f 285//572 340//658 342//662
f 284//569 340//657 381//729
f 381//730 340//658 284//570
f 341//659 284//569 381//729
f 381//730 284//570 341//660
f 380//727 315//619 341//659
f 341//660 315//620 380//728
f 343//663 342//661 286//573
f 286//574 342//662 343//664
f 344//665 343//663 287//575
f 287//576 343//664 344//666
f 345//667 344//665 288//577
f 288//578 344//666 345//668
f 289//579 382//731 345//667
f 345//668 382//732 289//580
f 383//733 346//669 316//621
f 316//622 346//670 383//734
f 382//731 289//579 346//669
f 346//670 289//580 382//732
f 347//671 290//581 336//649
f 336//650 290//582 347//672
f 348//673 291//583 347//671
f 347//672 291//584 348//674
f 349//675 292//585 348//673
f 348//674 292//586 349//676
f 350//677 293//587 349//675
f 349//676 293//588 350//678
f 350//677 361//600 317//623
f 317//624 361//599 350//678
f 294//589 352//600 351//600
f 351//599 352//599 294//590
f 298//625 351//600 356//600
f 356//599 351//599 298//626
f 295//591 384//600 352//600
f 352//599 384//599 295//592
f 296//593 354//600 353//600
f 353//599 354//599 296//594
f 295//591 353//600 384//600
f 384//599 353//599 295//592
f 297//595 385//600 354//600
f 354//599 385//599 297//596
f 317//623 358//600 355//600
f 355//599 358//599 317//624
f 297//595 355//600 385//600
f 385//599 355//599 297//596
f 299//167 356//167 357//167
f 357//168 356//168 299//168
f 386//735 318//717 357//735
f 357//736 318//718 386//736
f 387//679 358//680 300//679
f 300//682 358//681 387//682
f 319//680 358//680 388//680
f 388//681 358//681 319//681
f 359//683 387//679 300//679
f 300//682 387//682 359//684
f 370//707 359//683 320//683
f 320//684 359//684 370//708
f 321//686 389//693 323//693
f 323//694 389//694 321//687
f 390//685 360//686 301//685
f 301//688 360//687 390//688
f 321//686 360//686 391//686
f 391//687 360//687 321//687
f 388//680 361//685 319//680
f 319//681 361//688 388//681
f 301//685 361//685 390//685
f 390//688 361//688 301//688
f 392//599 324//627 322//599
f 322//600 324//628 392//600
f 393//689 362//690 302//689
f 302//692 362//691 393//692
f 322//690 362//690 394//690
f 394//691 362//691 322//691
f 395//693 363//689 323//693
f 323//694 363//692 395//694
f 302//689 363//689 393//689
f 393//692 363//692 302//692
f 304//603 364//695 366//699
f 366//700 364//696 304//604
f 303//601 365//697 364//695
f 364//696 365//698 303//602
f 324//627 396//737 365//697
f 365//698 396//738 324//628
f 305//605 366//699 367//701
f 367//702 366//700 305//606
f 306//607 367//701 368//703
f 368//704 367//702 306//608
f 325//629 368//703 397//739
f 397//740 368//704 325//630
f 397//739 369//705 325//629
f 325//630 369//706 397//740
f 371//709 370//707 308//707
f 308//708 370//708 371//710
f 373//713 371//709 310//709
f 310//710 371//710 373//714
f 372//711 398//741 326//631
f 326//632 398//742 372//712
f 327//633 399//743 372//711
f 372//712 399//744 327//634
f 328//635 400//745 327//633
f 327//634 400//746 328//636
f 329//637 401//747 328//635
f 328//636 401//748 329//638
f 330//639 402//749 329//637
f 329//638 402//750 330//640
f 331//641 403//751 330//639
f 330//640 403//752 331//642
f 332//643 404//753 331//641
f 331//642 404//754 332//644
f 404//753 332//643 369//705
f 369//706 332//644 404//754
f 334//645 326//631 398//741
f 398//742 326//632 334//646
f 374//715 373//713 333//713
f 333//714 373//714 374//716
f 334//645 405//755 335//647
f 335//648 405//756 334//646
f 375//717 374//715 311//715
f 311//716 374//716 375//718
f 386//735 375//717 318//717
f 318//718 375//718 386//736
f 313//615 376//719 378//723
f 378//724 376//720 313//616
f 312//613 377//721 376//719
f 376//720 377//722 312//614
f 335//647 406//757 377//721
f 377//722 406//758 335//648
f 314//617 378//723 379//725
f 379//726 378//724 314//618
f 316//621 379//725 383//733
f 383//734 379//726 316//622
f 407//759 336//649 337//651
f 337//652 336//650 407//760
f 408//761 337//651 338//653
f 338//654 337//652 408//762
f 409//763 338//653 339//655
f 339//656 338//654 409//764
f 410//765 339//655 380//727
f 380//728 339//656 410//766
f 340//657 342//661 411//767
f 411//768 342//662 340//658
f 411//767 381//729 340//657
f 340//658 381//730 411//768
f 381//729 412//769 341//659
f 341//660 412//770 381//730
f 341//659 413//771 380//727
f 380//728 413//772 341//660
f 342//661 343//663 414//773
f 414//774 343//664 342//662
f 343//663 344//665 415//775
f 415//776 344//666 343//664
f 344//665 345//667 416//777
f 416//778 345//668 344//666
f 417//779 345//667 382//731
f 382//732 345//668 417//780
f 346//669 383//733 418//781
f 418//782 383//734 346//670
f 346//669 419//783 382//731
f 382//732 419//784 346//670
f 336//649 407//759 347//671
f 347//672 407//760 336//650
f 347//671 420//785 348//673
f 348//674 420//786 347//672
f 348//673 421//787 349//675
f 349//676 421//788 348//674
f 349//675 422//789 350//677
f 350//678 422//790 349//676
f 350//677 360//600 361//600
f 361//599 360//599 350//678
f 317//623 361//600 358//600
f 358//599 361//599 317//624
f 374//715 351//717 352//715
f 352//716 351//718 374//716
f 375//717 356//735 351//717
f 351//718 356//736 375//718
f 373//713 352//715 384//713
f 384//714 352//716 373//714
f 370//707 353//709 354//707
f 354//708 353//710 370//708
f 371//709 384//713 353//709
f 353//710 384//714 371//710
f 359//683 354//707 385//683
f 385//684 354//708 359//684
f 358//680 387//679 355//679
f 355//682 387//682 358//681
f 387//679 385//683 355//679
f 355//682 385//684 387//682
f 357//167 356//167 386//167
f 386//168 356//168 357//168
f 361//685 388//680 358//680
f 358//681 388//681 361//688
f 385//683 387//679 359//683
f 359//684 387//682 385//684
f 354//707 359//683 370//707
f 370//708 359//684 354//708
f 391//686 389//693 321//686
f 321//687 389//694 391//687
f 323//693 389//693 395//693
f 395//694 389//694 323//694
f 360//686 390//685 361//685
f 361//688 390//688 360//687
f 389//693 391//686 360//686
f 360//687 391//687 389//694
f 423//599 324//627 392//599
f 392//600 324//628 423//600
f 322//690 424//791 392//791
f 392//792 424//792 322//691
f 362//690 393//689 363//689
f 363//692 393//692 362//691
f 424//791 394//690 362//690
f 362//691 394//691 424//792
f 394//690 424//791 322//690
f 322//691 424//792 394//691
f 363//689 395//693 389//693
f 389//694 395//694 363//692
f 425//793 366//699 364//695
f 364//696 366//700 425//794
f 426//795 364//695 365//697
f 365//698 364//696 426//796
f 396//737 324//627 427//797
f 427//798 324//628 396//738
f 428//799 365//697 396//737
f 396//738 365//698 428//800
f 429//801 367//701 366//699
f 366//700 367//702 429//802
f 430//803 368//703 367//701
f 367//702 368//704 430//804
f 431//805 397//739 368//703
f 368//704 397//740 431//806
f 369//705 397//739 404//753
f 404//754 397//740 369//706
f 353//709 370//707 371//709
f 371//710 370//708 353//710
f 384//713 371//709 373//713
f 373//714 371//710 384//714
f 398//741 372//711 399//743
f 399//744 372//712 398//742
f 399//743 327//633 400//745
f 400//746 327//634 399//744
f 400//745 328//635 401//747
f 401//748 328//636 400//746
f 401//747 329//637 402//749
f 402//750 329//638 401//748
f 402//749 330//639 403//751
f 403//752 330//640 402//750
f 403//751 331//641 404//753
f 404//754 331//642 403//752
f 405//755 334//645 398//741
f 398//742 334//646 405//756
f 352//715 373//713 374//715
f 374//716 373//714 352//716
f 406//757 335//647 405//755
f 405//756 335//648 406//758
f 351//717 374//715 375//717
f 375//718 374//716 351//718
f 356//735 375//717 386//735
f 386//736 375//718 356//736
f 432//807 378//723 376//719
f 376//720 378//724 432//808
f 433//809 376//719 377//721
f 377//722 376//720 433//810
f 434//811 377//721 406//757
f 406//758 377//722 434//812
f 435//813 379//725 378//723
f 378//724 379//726 435//814
f 436//815 383//733 379//725
f 379//726 383//734 436//816
f 337//651 408//761 407//759
f 407//760 408//762 337//652
f 338//653 409//763 408//761
f 408//762 409//764 338//654
f 339//655 410//765 409//763
f 409//764 410//766 339//656
f 380//727 437//817 410//765
f 410//766 437//818 380//728
f 414//773 411//767 342//661
f 342//662 411//768 414//774
f 381//729 411//767 438//819
f 438//820 411//768 381//730
f 412//769 381//729 438//819
f 438//820 381//730 412//770
f 413//771 341//659 412//769
f 412//770 341//660 413//772
f 437//817 380//727 413//771
f 413//772 380//728 437//818
f 415//775 414//773 343//663
f 343//664 414//774 415//776
f 416//777 415//775 344//665
f 344//666 415//776 416//778
f 345//667 417//779 416//777
f 416//778 417//780 345//668
f 382//731 439//821 417//779
f 417//780 439//822 382//732
f 440//823 418//781 383//733
f 383//734 418//782 440//824
f 419//783 346//669 418//781
f 418//782 346//670 419//784
f 439//821 382//731 419//783
f 419//784 382//732 439//822
f 420//785 347//671 407//759
f 407//760 347//672 420//786
f 421//787 348//673 420//785
f 420//786 348//674 421//788
f 422//789 349//675 421//787
f 421//788 349//676 422//790
f 422//789 363//600 350//677
f 350//678 363//599 422//790
f 350//677 389//600 360//600
f 360//599 389//599 350//678
f 324//627 423//599 427//797
f 427//798 423//600 324//628
f 392//791 441//825 423//825
f 423//826 441//826 392//792
f 392//791 424//791 442//791
f 442//792 424//792 392//792
f 422//789 362//600 363//600
f 363//599 362//599 422//790
f 362//600 443//827 424//600
f 424//599 443//828 362//599
f 350//677 363//600 389//600
f 389//599 363//599 350//678
f 366//699 425//793 429//801
f 429//802 425//794 366//700
f 364//695 426//795 425//793
f 425//794 426//796 364//696
f 365//697 428//799 426//795
f 426//796 428//800 365//698
f 427//797 444//829 396//737
f 396//738 444//830 427//798
f 396//737 445//831 428//799
f 428//800 445//832 396//738
f 367//701 429//801 430//803
f 430//804 429//802 367//702
f 368//703 430//803 431//805
f 431//806 430//804 368//704
f 397//739 431//805 446//833
f 446//834 431//806 397//740
f 446//833 404//753 397//739
f 397//740 404//754 446//834
f 447//835 398//741 399//743
f 399//744 398//742 447//836
f 400//745 447//835 399//743
f 399//744 447//836 400//746
f 401//747 448//837 400//745
f 400//746 448//838 401//748
f 402//749 449//839 401//747
f 401//748 449//840 402//750
f 403//751 450//841 402//749
f 402//750 450//842 403//752
f 404//753 446//833 403//751
f 403//752 446//834 404//754
f 398//741 447//835 405//755
f 405//756 447//836 398//742
f 405//755 451//843 406//757
f 406//758 451//844 405//756
f 378//723 432//807 435//813
f 435//814 432//808 378//724
f 376//719 433//809 432//807
f 432//808 433//810 376//720
f 377//721 434//811 433//809
f 433//810 434//812 377//722
f 406//757 452//845 434//811
f 434//812 452//846 406//758
f 379//725 435//813 436//815
f 436//816 435//814 379//726
f 383//733 436//815 440//823
f 440//824 436//816 383//734
f 453//847 407//759 408//761
f 408//762 407//760 453//848
f 454//849 408//761 409//763
f 409//764 408//762 454//850
f 455//851 409//763 410//765
f 410//766 409//764 455//852
f 456//853 410//765 437//817
f 437//818 410//766 456//854
f 411//767 414//773 457//855
f 457//856 414//774 411//768
f 457//855 438//819 411//767
f 411//768 438//820 457//856
f 438//819 458//857 412//769
f 412//770 458//858 438//820
f 412//769 459//859 413//771
f 413//772 459//860 412//770
f 413//771 460//861 437//817
f 437//818 460//862 413//772
f 414//773 415//775 461//863
f 461//864 415//776 414//774
f 415//775 416//777 462//865
f 462//866 416//778 415//776
f 463//867 416//777 417//779
f 417//780 416//778 463//868
f 464//869 417//779 439//821
f 439//822 417//780 464//870
f 418//781 440//823 465//871
f 465//872 440//824 418//782
f 418//781 466//873 419//783
f 419//784 466//874 418//782
f 419//783 467//875 439//821
f 439//822 467//876 419//784
f 407//759 453//847 420//785
f 420//786 453//848 407//760
f 420//785 468//877 421//787
f 421//788 468//878 420//786
f 421//787 469//879 422//789
f 422//790 469//880 421//788
f 427//797 423//599 470//599
f 470//600 423//600 427//798
f 442//791 441//825 392//791
f 392//792 441//826 442//792
f 423//825 441//825 471//825
f 471//826 441//826 423//826
f 441//825 442//791 424//791
f 424//792 442//792 441//826
f 422//789 443//827 362//600
f 362//599 443//828 422//790
f 443//827 441//600 424//600
f 424//599 441//599 443//828
f 472//881 429//801 425//793
f 425//794 429//802 472//882
f 473//883 425//793 426//795
f 426//796 425//794 473//884
f 474//885 426//795 428//799
f 428//800 426//796 474//886
f 444//829 427//797 475//887
f 475//888 427//798 444//830
f 445//831 396//737 444//829
f 444//830 396//738 445//832
f 476//889 428//799 445//831
f 445//832 428//800 476//890
f 477//891 430//803 429//801
f 429//802 430//804 477//892
f 478//893 431//805 430//803
f 430//804 431//806 478//894
f 479//895 446//833 431//805
f 431//806 446//834 479//896
f 447//835 400//745 448//837
f 448//838 400//746 447//836
f 448//837 401//747 449//839
f 449//840 401//748 448//838
f 449//839 402//749 450//841
f 450//842 402//750 449//840
f 450//841 403//751 446//833
f 446//834 403//752 450//842
f 451//843 405//755 447//835
f 447//836 405//756 451//844
f 452//845 406//757 451//843
f 451//844 406//758 452//846
f 480//897 435//813 432//807
f 432//808 435//814 480//898
f 481//899 432//807 433//809
f 433//810 432//808 481//900
f 482//901 433//809 434//811
f 434//812 433//810 482//902
f 483//903 434//811 452//845
f 452//846 434//812 483//904
f 484//905 436//815 435//813
f 435//814 436//816 484//906
f 485//907 440//823 436//815
f 436//816 440//824 485//908
f 408//761 454//849 453//847
f 453//848 454//850 408//762
f 409//763 455//851 454//849
f 454//850 455//852 409//764
f 410//765 456//853 455//851
f 455//852 456//854 410//766
f 437//817 486//909 456//853
f 456//854 486//910 437//818
f 461//863 457//855 414//773
f 414//774 457//856 461//864
f 438//819 457//855 487//911
f 487//912 457//856 438//820
f 458//857 438//819 487//911
f 487//912 438//820 458//858
f 459//859 412//769 458//857
f 458//858 412//770 459//860
f 460//861 413//771 459//859
f 459//860 413//772 460//862
f 486//909 437//817 460//861
f 460//862 437//818 486//910
f 462//865 461//863 415//775
f 415//776 461//864 462//866
f 416//777 463//867 462//865
f 462//866 463//868 416//778
f 417//779 464//869 463//867
f 463//868 464//870 417//780
f 439//821 488//913 464//869
f 464//870 488//914 439//822
f 489//915 465//871 440//823
f 440//824 465//872 489//916
f 466//873 418//781 465//871
f 465//872 418//782 466//874
f 467//875 419//783 466//873
f 466//874 419//784 467//876
f 488//913 439//821 467//875
f 467//876 439//822 488//914
f 468//877 420//785 453//847
f 453//848 420//786 468//878
f 469//879 421//787 468//877
f 468//878 421//788 469//880
f 469//879 490//917 422//789
f 422//790 490//918 469//880
f 423//825 491//919 470//919
f 470//920 491//920 423//826
f 427//797 470//599 492//599
f 492//600 470//600 427//798
f 491//919 471//825 441//825
f 441//826 471//826 491//920
f 471//825 491//919 423//825
f 423//826 491//920 471//826
f 422//789 490//917 443//827
f 443//828 490//918 422//790
f 441//600 443//827 493//921
f 493//922 443//828 441//599
f 429//801 472//881 477//891
f 477//892 472//882 429//802
f 425//793 473//883 472//881
f 472//882 473//884 425//794
f 426//795 474//885 473//883
f 473//884 474//886 426//796
f 428//799 476//889 474//885
f 474//886 476//890 428//800
f 427//797 494//599 475//887
f 475//888 494//600 427//798
f 475//887 495//923 444//829
f 444//830 495//924 475//888
f 444//829 496//925 445//831
f 445//832 496//926 444//830
f 445//831 497//927 476//889
f 476//890 497//928 445//832
f 430//803 477//891 478//893
f 478//894 477//892 430//804
f 431//805 478//893 479//895
f 479//896 478//894 431//806
f 446//833 479//895 450//841
f 450//842 479//896 446//834
f 448//837 451//843 447//835
f 447//836 451//844 448//838
f 449//839 498//929 448//837
f 448//838 498//930 449//840
f 450//841 499//931 449//839
f 449//840 499//932 450//842
f 498//929 452//845 451//843
f 451//844 452//846 498//930
f 435//813 480//897 484//905
f 484//906 480//898 435//814
f 432//807 481//899 480//897
f 480//898 481//900 432//808
f 433//809 482//901 481//899
f 481//900 482//902 433//810
f 434//811 483//903 482//901
f 482//902 483//904 434//812
f 500//933 483//903 452//845
f 452//846 483//904 500//934
f 436//815 484//905 485//907
f 485//908 484//906 436//816
f 440//823 485//907 489//915
f 489//916 485//908 440//824
f 501//935 453//847 454//849
f 454//850 453//848 501//936
f 502//937 454//849 455//851
f 455//852 454//850 502//938
f 503//939 455//851 456//853
f 456//854 455//852 503//940
f 504//941 456//853 486//909
f 486//910 456//854 504//942
f 457//855 461//863 505//943
f 505//944 461//864 457//856
f 505//943 487//911 457//855
f 457//856 487//912 505//944
f 487//911 506//945 458//857
f 458//858 506//946 487//912
f 458//857 507//947 459//859
f 459//860 507//948 458//858
f 459//859 508//949 460//861
f 460//862 508//950 459//860
f 460//861 509//951 486//909
f 486//910 509//952 460//862
f 461//863 462//865 510//953
f 510//954 462//866 461//864
f 511//955 462//865 463//867
f 463//868 462//866 511//956
f 512//957 463//867 464//869
f 464//870 463//868 512//958
f 513//959 464//869 488//913
f 488//914 464//870 513//960
f 465//871 489//915 514//961
f 514//962 489//916 465//872
f 465//871 515//963 466//873
f 466//874 515//964 465//872
f 466//873 516//965 467//875
f 467//876 516//966 466//874
f 467//875 517//967 488//913
f 488//914 517//968 467//876
f 453//847 501//935 468//877
f 468//878 501//936 453//848
f 468//877 518//969 469//879
f 469//880 518//970 468//878
f 469//879 519//971 490//917
f 490//918 519//972 469//880
f 470//919 491//919 520//919
f 520//920 491//920 470//920
f 470//919 521//973 492//973
f 492//974 521//974 470//920
f 427//797 492//599 494//599
f 494//600 492//600 427//798
f 441//600 493//921 491//600
f 491//599 493//922 441//599
f 490//917 522//975 443//827
f 443//828 522//976 490//918
f 443//827 523//977 493//921
f 493//922 523//978 443//828
f 524//979 477//891 472//881
f 472//882 477//892 524//980
f 525//981 472//881 473//883
f 473//884 472//882 525//982
f 526//983 473//883 474//885
f 474//886 473//884 526//984
f 527//985 474//885 476//889
f 476//890 474//886 527//986
f 475//887 494//599 528//599
f 528//600 494//600 475//888
f 495//923 475//887 529//987
f 529//988 475//888 495//924
f 496//925 444//829 495//923
f 495//924 444//830 496//926
f 497//927 445//831 496//925
f 496//926 445//832 497//928
f 530//989 476//889 497//927
f 497//928 476//890 530//990
f 531//991 478//893 477//891
f 477//892 478//894 531//992
f 532//993 479//895 478//893
f 478//894 479//896 532//994
f 499//931 450//841 479//895
f 479//896 450//842 499//932
f 451//843 448//837 498//929
f 498//930 448//838 451//844
f 498//929 449//839 499//931
f 499//932 449//840 498//930
f 452//845 498//929 500//933
f 500//934 498//930 452//846
f 533//995 484//905 480//897
f 480//898 484//906 533//996
f 534//997 480//897 481//899
f 481//900 480//898 534//998
f 535//999 481//899 482//901
f 482//902 481//900 535//1000
f 483//903 535//999 482//901
f 482//902 535//1000 483//904
f 483//903 500//933 536//1001
f 536//1002 500//934 483//904
f 537//1003 485//907 484//905
f 484//906 485//908 537//1004
f 538//1005 489//915 485//907
f 485//908 489//916 538//1006
f 454//849 502//937 501//935
f 501//936 502//938 454//850
f 455//851 503//939 502//937
f 502//938 503//940 455//852
f 456//853 504//941 503//939
f 503//940 504//942 456//854
f 486//909 539//1007 504//941
f 504//942 539//1008 486//910
f 510//953 505//943 461//863
f 461//864 505//944 510//954
f 487//911 505//943 540//1009
f 540//1010 505//944 487//912
f 506//945 487//911 540//1009
f 540//1010 487//912 506//946
f 507//947 458//857 506//945
f 506//946 458//858 507//948
f 508//949 459//859 507//947
f 507//948 459//860 508//950
f 509//951 460//861 508//949
f 508//950 460//862 509//952
f 539//1007 486//909 509//951
f 509//952 486//910 539//1008
f 462//865 511//955 510//953
f 510//954 511//956 462//866
f 463//867 512//957 511//955
f 511//956 512//958 463//868
f 464//869 513//959 512//957
f 512//958 513//960 464//870
f 488//913 541//1011 513//959
f 513//960 541//1012 488//914
f 542//1013 514//961 489//915
f 489//916 514//962 542//1014
f 515//963 465//871 514//961
f 514//962 465//872 515//964
f 516//965 466//873 515//963
f 515//964 466//874 516//966
f 517//967 467//875 516//965
f 516//966 467//876 517//968
f 541//1011 488//913 517//967
f 517//968 488//914 541//1012
f 518//969 468//877 501//935
f 501//936 468//878 518//970
f 518//969 519//971 469//879
f 469//880 519//972 518//970
f 519//971 543//1015 490//917
f 490//918 543//1016 519//972
f 521//973 520//919 491//919
f 491//920 520//920 521//974
f 520//919 521//973 470//919
f 470//920 521//974 520//920
f 492//973 521//973 544//973
f 544//974 521//974 492//974
f 492//973 545//1017 494//1017
f 494//1018 545//1018 492//974
f 491//600 493//921 521//600
f 521//599 493//922 491//599
f 522//975 490//917 543//1015
f 543//1016 490//918 522//976
f 523//977 443//827 522//975
f 522//976 443//828 523//978
f 546//1019 493//921 523//977
f 523//978 493//922 546//1020
f 477//891 524//979 531//991
f 531//992 524//980 477//892
f 472//881 525//981 524//979
f 524//980 525//982 472//882
f 473//883 526//983 525//981
f 525//982 526//984 473//884
f 474//885 527//985 526//983
f 526//984 527//986 474//886
f 476//889 530//989 527//985
f 527//986 530//990 476//890
f 494//1017 547//1021 528//1021
f 528//1022 547//1022 494//1018
f 475//887 528//599 548//599
f 548//600 528//600 475//888
f 475//887 548//599 529//987
f 529//988 548//600 475//888
f 529//987 549//1023 495//923
f 495//924 549//1024 529//988
f 495//923 550//1025 496//925
f 496//926 550//1026 495//924
f 496//925 551//1027 497//927
f 497//928 551//1028 496//926
f 497//927 552//1029 530//989
f 530//990 552//1030 497//928
f 478//893 531//991 532//993
f 532//994 531//992 478//894
f 479//895 532//993 499//931
f 499//932 532//994 479//896
f 499//931 500//933 498//929
f 498//930 500//934 499//932
f 484//905 533//995 537//1003
f 537//1004 533//996 484//906
f 480//897 534//997 533//995
f 533//996 534//998 480//898
f 481//899 535//999 534//997
f 534//998 535//1000 481//900
f 535//999 483//903 553//1031
f 553//1032 483//904 535//1000
f 532//993 536//1001 500//933
f 500//934 536//1002 532//994
f 536//1001 553//1031 483//903
f 483//904 553//1032 536//1002
f 485//907 537//1003 538//1005
f 538//1006 537//1004 485//908
f 489//915 538//1005 542//1013
f 542//1014 538//1006 489//916
f 554//1033 501//935 502//937
f 502//938 501//936 554//1034
f 555//1035 502//937 503//939
f 503//940 502//938 555//1036
f 556//1037 503//939 504//941
f 504//942 503//940 556//1038
f 557//1039 504//941 539//1007
f 539//1008 504//942 557//1040
f 505//943 510//953 558//1041
f 558//1042 510//954 505//944
f 558//1041 540//1009 505//943
f 505//944 540//1010 558//1042
f 540//1009 559//1043 506//945
f 506//946 559//1044 540//1010
f 506//945 560//1045 507//947
f 507//948 560//1046 506//946
f 507//947 561//1047 508//949
f 508//950 561//1048 507//948
f 508//949 562//1049 509//951
f 509//952 562//1050 508//950
f 509//951 563//1051 539//1007
f 539//1008 563//1052 509//952
f 564//1053 510//953 511//955
f 511//956 510//954 564//1054
f 565//1055 511//955 512//957
f 512//958 511//956 565//1056
f 566//1057 512//957 513//959
f 513//960 512//958 566//1058
f 567//1059 513//959 541//1011
f 541//1012 513//960 567//1060
f 514//961 542//1013 568//1061
f 568//1062 542//1014 514//962
f 514//961 569//1063 515//963
f 515//964 569//1064 514//962
f 515//963 570//1065 516//965
f 516//966 570//1066 515//964
f 516//965 571//1067 517//967
f 517//968 571//1068 516//966
f 517//967 572//1069 541//1011
f 541//1012 572//1070 517//968
f 501//935 554//1033 518//969
f 518//970 554//1034 501//936
f 518//969 573//1071 519//971
f 519//972 573//1072 518//970
f 543//1015 519//971 574//1073
f 574//1074 519//972 543//1016
f 545//1017 544//973 521//973
f 521//974 544//974 545//1018
f 544//973 545//1017 492//973
f 492//974 545//1018 544//974
f 494//1017 545//1017 575//1017
f 575//1018 545//1018 494//1018
f 521//600 493//921 545//600
f 545//599 493//922 521//599
f 543//1015 576//1075 522//975
f 522//976 576//1076 543//1016
f 522//975 577//1077 523//977
f 523//978 577//1078 522//976
f 493//921 546//1019 578//1079
f 578//1080 546//1020 493//922
f 523//977 579//1081 546//1019
f 546//1020 579//1082 523//978
f 580//1083 531//991 524//979
f 524//980 531//992 580//1084
f 581//1085 524//979 525//981
f 525//982 524//980 581//1086
f 582//1087 525//981 526//983
f 526//984 525//982 582//1088
f 583//1089 526//983 527//985
f 527//986 526//984 583//1090
f 584//1091 527//985 530//989
f 530//990 527//986 584//1092
f 575//1017 547//1021 494//1017
f 494//1018 547//1022 575//1018
f 528//1021 547//1021 585//1021
f 585//1022 547//1022 528//1022
f 528//1021 586//1093 548//1093
f 548//1094 586//1094 528//1022
f 529//987 548//599 587//599
f 587//600 548//600 529//988
f 549//1023 529//987 588//1095
f 588//1096 529//988 549//1024
f 550//1025 495//923 549//1023
f 549//1024 495//924 550//1026
f 551//1027 496//925 550//1025
f 550//1026 496//926 551//1028
f 552//1029 497//927 551//1027
f 551//1028 497//928 552//1030
f 589//1097 530//989 552//1029
f 552//1030 530//990 589//1098
f 536//1001 532//993 531//991
f 531//992 532//994 536//1002
f 500//933 499//931 532//993
f 532//994 499//932 500//934
f 590//1099 537//1003 533//995
f 533//996 537//1004 590//1100
f 591//1101 533//995 534//997
f 534//998 533//996 591//1102
f 592//1103 534//997 535//999
f 535//1000 534//998 592//1104
f 553//1031 592//1103 535//999
f 535//1000 592//1104 553//1032
f 553//1031 536//1001 580//1083
f 580//1084 536//1002 553//1032
f 593//1105 538//1005 537//1003
f 537//1004 538//1006 593//1106
f 594//1107 542//1013 538//1005
f 538//1006 542//1014 594//1108
f 502//937 555//1035 554//1033
f 554//1034 555//1036 502//938
f 503//939 556//1037 555//1035
f 555//1036 556//1038 503//940
f 504//941 557//1039 556//1037
f 556//1038 557//1040 504//942
f 539//1007 595//1109 557//1039
f 557//1040 595//1110 539//1008
f 510//953 564//1053 558//1041
f 558//1042 564//1054 510//954
f 540//1009 558//1041 596//1111
f 596//1112 558//1042 540//1010
f 559//1043 540//1009 596//1111
f 596//1112 540//1010 559//1044
f 560//1045 506//945 559//1043
f 559//1044 506//946 560//1046
f 561//1047 507//947 560//1045
f 560//1046 507//948 561//1048
f 562//1049 508//949 561//1047
f 561//1048 508//950 562//1050
f 563//1051 509//951 562//1049
f 562//1050 509//952 563//1052
f 595//1109 539//1007 563//1051
f 563//1052 539//1008 595//1110
f 511//955 565//1055 564//1053
f 564//1054 565//1056 511//956
f 512//957 566//1057 565//1055
f 565//1056 566//1058 512//958
f 513//959 567//1059 566//1057
f 566//1058 567//1060 513//960
f 541//1011 597//1113 567//1059
f 567//1060 597//1114 541//1012
f 598//1115 568//1061 542//1013
f 542//1014 568//1062 598//1116
f 569//1063 514//961 568//1061
f 568//1062 514//962 569//1064
f 570//1065 515//963 569//1063
f 569//1064 515//964 570//1066
f 571//1067 516//965 570//1065
f 570//1066 516//966 571//1068
f 572//1069 517//967 571//1067
f 571//1068 517//968 572//1070
f 597//1113 541//1011 572//1069
f 572//1070 541//1012 597//1114
f 554//1033 573//1071 518//969
f 518//970 573//1072 554//1034
f 573//1071 574//1073 519//971
f 519//972 574//1074 573//1072
f 574//1073 599//1117 543//1015
f 543//1016 599//1118 574//1074
f 547//1021 575//1017 545//1017
f 545//1018 575//1018 547//1022
f 545//600 493//921 578//1079
f 578//1080 493//922 545//599
f 576//1075 543//1015 599//1117
f 599//1118 543//1016 576//1076
f 577//1077 522//975 576//1075
f 576//1076 522//976 577//1078
f 579//1081 523//977 577//1077
f 577//1078 523//978 579//1082
f 600//1119 578//1079 546//1019
f 546//1020 578//1080 600//1120
f 601//1121 546//1019 579//1081
f 579//1082 546//1020 601//1122
f 531//991 580//1083 536//1001
f 536//1002 580//1084 531//992
f 524//979 581//1085 580//1083
f 580//1084 581//1086 524//980
f 525//981 582//1087 581//1085
f 581//1086 582//1088 525//982
f 526//983 583//1089 582//1087
f 582//1088 583//1090 526//984
f 527//985 584//1091 583//1089
f 583//1090 584//1092 527//986
f 530//989 589//1097 584//1091
f 584//1092 589//1098 530//990
f 586//1093 585//1021 547//1021
f 547//1022 585//1022 586//1094
f 585//1021 586//1093 528//1021
f 528//1022 586//1094 585//1022
f 548//1093 586//1093 602//1093
f 602//1094 586//1094 548//1094
f 602//1093 587//1123 548//1093
f 548//1094 587//1124 602//1094
f 529//987 587//599 603//599
f 603//600 587//600 529//988
f 529//987 603//599 588//1095
f 588//1096 603//600 529//988
f 588//1095 604//1125 549//1023
f 549//1024 604//1126 588//1096
f 549//1023 605//1127 550//1025
f 550//1026 605//1128 549//1024
f 550//1025 606//1129 551//1027
f 551//1028 606//1130 550//1026
f 551//1027 607//1131 552//1029
f 552//1030 607//1132 551//1028
f 552//1029 608//1133 589//1097
f 589//1098 608//1134 552//1030
f 537//1003 590//1099 593//1105
f 593//1106 590//1100 537//1004
f 533//995 591//1101 590//1099
f 590//1100 591//1102 533//996
f 534//997 592//1103 591//1101
f 591//1102 592//1104 534//998
f 592//1103 553//1031 609//1135
f 609//1136 553//1032 592//1104
f 580//1083 609//1135 553//1031
f 553//1032 609//1136 580//1084
f 538//1005 593//1105 594//1107
f 594//1108 593//1106 538//1006
f 542//1013 594//1107 598//1115
f 598//1116 594//1108 542//1014
f 555//1035 610//1137 554//1033
f 554//1034 610//1138 555//1036
f 556//1037 610//1137 555//1035
f 555//1036 610//1138 556//1038
f 557//1039 611//1139 556//1037
f 556//1038 611//1140 557//1040
f 611//1139 557//1039 595//1109
f 595//1110 557//1040 611//1140
f 612//1141 558//1041 564//1053
f 564//1054 558//1042 612//1142
f 558//1041 612//1141 596//1111
f 596//1112 612//1142 558//1042
f 612//1141 559//1043 596//1111
f 596//1112 559//1044 612//1142
f 613//1143 560//1045 559//1043
f 559//1044 560//1046 613//1144
f 614//1145 561//1047 560//1045
f 560//1046 561//1048 614//1146
f 615//1147 562//1049 561//1047
f 561//1048 562//1050 615//1148
f 616//1149 563//1051 562//1049
f 562//1050 563//1052 616//1150
f 617//1151 595//1109 563//1051
f 563//1052 595//1110 617//1152
f 618//1153 564//1053 565//1055
f 565//1056 564//1054 618//1154
f 619//1155 565//1055 566//1057
f 566//1058 565//1056 619//1156
f 620//1157 566//1057 567//1059
f 567//1060 566//1058 620//1158
f 597//1113 620//1157 567//1059
f 567//1060 620//1158 597//1114
f 568//1061 598//1115 621//1159
f 621//1160 598//1116 568//1062
f 568//1061 622//1161 569//1063
f 569//1064 622//1162 568//1062
f 569//1063 623//1163 570//1065
f 570//1066 623//1164 569//1064
f 570//1065 624//1165 571//1067
f 571//1068 624//1166 570//1066
f 571//1067 625//1167 572//1069
f 572//1070 625//1168 571//1068
f 572//1069 626//1169 597//1113
f 597//1114 626//1170 572//1070
f 554//1033 610//1137 573//1071
f 573//1072 610//1138 554//1034
f 574//1073 573//1071 627//1171
f 627//1172 573//1072 574//1074
f 599//1117 574//1073 628//1173
f 628//1174 574//1074 599//1118
f 545//600 578//1079 547//600
f 547//599 578//1080 545//599
f 599//1117 629//1175 576//1075
f 576//1076 629//1176 599//1118
f 576//1075 630//1177 577//1077
f 577//1078 630//1178 576//1076
f 577//1077 631//1179 579//1081
f 579//1082 631//1180 577//1078
f 578//1079 600//1119 632//1181
f 632//1182 600//1120 578//1080
f 546//1019 601//1121 600//1119
f 600//1120 601//1122 546//1020
f 579//1081 633//1183 601//1121
f 601//1122 633//1184 579//1082
f 609//1135 580//1083 581//1085
f 581//1086 580//1084 609//1136
f 634//1185 581//1085 582//1087
f 582//1088 581//1086 634//1186
f 635//1187 582//1087 583//1089
f 583//1090 582//1088 635//1188
f 636//1189 583//1089 584//1091
f 584//1092 583//1090 636//1190
f 637//1191 584//1091 589//1097
f 589//1098 584//1092 637//1192
f 547//600 578//1079 586//600
f 586//599 578//1080 547//599
f 586//1093 638//1123 602//1093
f 602//1094 638//1124 586//1094
f 602//1093 638//1123 587//1123
f 587//1124 638//1124 602//1094
f 638//1123 603//1193 587//1123
f 587//1124 603//1194 638//1124
f 588//1095 603//599 639//599
f 639//600 603//600 588//1096
f 604//1125 588//1095 640//1195
f 640//1196 588//1096 604//1126
f 605//1127 549//1023 604//1125
f 604//1126 549//1024 605//1128
f 606//1129 550//1025 605//1127
f 605//1128 550//1026 606//1130
f 607//1131 551//1027 606//1129
f 606//1130 551//1028 607//1132
f 608//1133 552//1029 607//1131
f 607//1132 552//1030 608//1134
f 641//1197 589//1097 608//1133
f 608//1134 589//1098 641//1198
f 590//1099 642//1199 593//1105
f 593//1106 642//1200 590//1100
f 591//1101 643//1201 590//1099
f 590//1100 643//1202 591//1102
f 592//1103 644//1203 591//1101
f 591//1102 644//1204 592//1104
f 609//1135 645//1205 592//1103
f 592//1104 645//1206 609//1136
f 593//1105 646//1207 594//1107
f 594//1108 646//1208 593//1106
f 594//1107 647//1209 598//1115
f 598//1116 647//1210 594//1108
f 556//1037 611//1139 610//1137
f 610//1138 611//1140 556//1038
f 595//1109 617//1151 611//1139
f 611//1140 617//1152 595//1110
f 564//1053 618//1153 612//1141
f 612//1142 618//1154 564//1054
f 559//1043 612//1141 613//1143
f 613//1144 612//1142 559//1044
f 560//1045 613//1143 614//1145
f 614//1146 613//1144 560//1046
f 561//1047 614//1145 615//1147
f 615//1148 614//1146 561//1048
f 562//1049 615//1147 616//1149
f 616//1150 615//1148 562//1050
f 563//1051 616//1149 617//1151
f 617//1152 616//1150 563//1052
f 565//1055 619//1155 618//1153
f 618//1154 619//1156 565//1056
f 566//1057 620//1157 619//1155
f 619//1156 620//1158 566//1058
f 620//1157 597//1113 648//1211
f 648//1212 597//1114 620//1158
f 598//1115 649//1213 621//1159
f 621//1160 649//1214 598//1116
f 622//1161 568//1061 621//1159
f 621//1160 568//1062 622//1162
f 623//1163 569//1063 622//1161
f 622//1162 569//1064 623//1164
f 624//1165 570//1065 623//1163
f 623//1164 570//1066 624//1166
f 625//1167 571//1067 624//1165
f 624//1166 571//1068 625//1168
f 626//1169 572//1069 625//1167
f 625//1168 572//1070 626//1170
f 626//1169 648//1211 597//1113
f 597//1114 648//1212 626//1170
f 610//1137 627//1171 573//1071
f 573//1072 627//1172 610//1138
f 627//1171 628//1173 574//1073
f 574//1074 628//1174 627//1172
f 628//1173 650//1215 599//1117
f 599//1118 650//1216 628//1174
f 629//1175 599//1117 650//1215
f 650//1216 599//1118 629//1176
f 630//1177 576//1075 629//1175
f 629//1176 576//1076 630//1178
f 631//1179 577//1077 630//1177
f 630//1178 577//1078 631//1180
f 633//1183 579//1081 631//1179
f 631//1180 579//1082 633//1184
f 651//1217 632//1181 600//1119
f 600//1120 632//1182 651//1218
f 586//600 578//1079 632//1181
f 632//1182 578//1080 586//599
f 652//1219 600//1119 601//1121
f 601//1122 600//1120 652//1220
f 653//1221 601//1121 633//1183
f 633//1184 601//1122 653//1222
f 581//1085 634//1185 609//1135
f 609//1136 634//1186 581//1086
f 582//1087 635//1187 634//1185
f 634//1186 635//1188 582//1088
f 583//1089 636//1189 635//1187
f 635//1188 636//1190 583//1090
f 584//1091 637//1191 636//1189
f 636//1190 637//1192 584//1092
f 589//1097 641//1197 637//1191
f 637//1192 641//1198 589//1098
f 638//1123 586//1093 654//1123
f 654//1124 586//1094 638//1124
f 638//1123 655//1193 603//1193
f 603//1194 655//1194 638//1124
f 655//1193 639//1223 603//1193
f 603//1194 639//1224 655//1194
f 588//1095 639//599 640//1195
f 640//1196 639//600 588//1096
f 640//1195 656//1225 604//1125
f 604//1126 656//1226 640//1196
f 604//1125 657//1227 605//1127
f 605//1128 657//1228 604//1126
f 605//1127 658//1229 606//1129
f 606//1130 658//1230 605//1128
f 606//1129 659//1231 607//1131
f 607//1132 659//1232 606//1130
f 607//1131 660//1233 608//1133
f 608//1134 660//1234 607//1132
f 608//1133 661//1235 641//1197
f 641//1198 661//1236 608//1134
f 642//1199 590//1099 643//1201
f 643//1202 590//1100 642//1200
f 646//1207 593//1105 642//1199
f 642//1200 593//1106 646//1208
f 643//1201 591//1101 644//1203
f 644//1204 591//1102 643//1202
f 644//1203 592//1103 645//1205
f 645//1206 592//1104 644//1204
f 645//1205 609//1135 634//1185
f 634//1186 609//1136 645//1206
f 647//1209 594//1107 646//1207
f 646//1208 594//1108 647//1210
f 649//1213 598//1115 647//1209
f 647//1210 598//1116 649//1214
f 611//1139 662//1237 610//1137
f 610//1138 662//1238 611//1140
f 662//1237 611//1139 617//1151
f 617//1152 611//1140 662//1238
f 618//1153 613//1143 612//1141
f 612//1142 613//1144 618//1154
f 663//1239 614//1145 613//1143
f 613//1144 614//1146 663//1240
f 664//1241 615//1147 614//1145
f 614//1146 615//1148 664//1242
f 665//1243 616//1149 615//1147
f 615//1148 616//1150 665//1244
f 666//1245 617//1151 616//1149
f 616//1150 617//1152 666//1246
f 619//1155 663//1239 618//1153
f 618//1154 663//1240 619//1156
f 620//1157 667//1247 619//1155
f 619//1156 667//1248 620//1158
f 648//1211 668//1249 620//1157
f 620//1158 668//1250 648//1212
f 669//1251 621//1159 649//1213
f 649//1214 621//1160 669//1252
f 621//1159 669//1251 622//1161
f 622//1162 669//1252 621//1160
f 622//1161 670//1253 623//1163
f 623//1164 670//1254 622//1162
f 623//1163 671//1255 624//1165
f 624//1166 671//1256 623//1164
f 624//1165 672//1257 625//1167
f 625//1168 672//1258 624//1166
f 625//1167 673//1259 626//1169
f 626//1170 673//1260 625//1168
f 648//1211 626//1169 674//1261
f 674//1262 626//1170 648//1212
f 627//1171 610//1137 662//1237
f 662//1238 610//1138 627//1172
f 628//1173 627//1171 675//1263
f 675//1264 627//1172 628//1174
f 650//1215 628//1173 676//1265
f 676//1266 628//1174 650//1216
f 650//1215 677//1267 629//1175
f 629//1176 677//1268 650//1216
f 629//1175 678//1269 630//1177
f 630//1178 678//1270 629//1176
f 630//1177 679//1271 631//1179
f 631//1180 679//1272 630//1178
f 631//1179 680//1273 633//1183
f 633//1184 680//1274 631//1180
f 632//1181 651//1217 681//1275
f 681//1276 651//1218 632//1182
f 600//1119 652//1219 651//1217
f 651//1218 652//1220 600//1120
f 586//600 632//1181 654//600
f 654//599 632//1182 586//599
f 601//1121 653//1221 652//1219
f 652//1220 653//1222 601//1122
f 633//1183 682//1277 653//1221
f 653//1222 682//1278 633//1184
f 683//1279 634//1185 635//1187
f 635//1188 634//1186 683//1280
f 684//1281 635//1187 636//1189
f 636//1190 635//1188 684//1282
f 685//1283 636//1189 637//1191
f 637//1192 636//1190 685//1284
f 686//1285 637//1191 641//1197
f 641//1198 637//1192 686//1286
f 654//1123 655//1193 638//1123
f 638//1124 655//1194 654//1124
f 655//1193 687//1223 639//1223
f 639//1224 687//1224 655//1194
f 640//1195 639//599 688//599
f 688//600 639//600 640//1196
f 656//1225 640//1195 689//1287
f 689//1288 640//1196 656//1226
f 657//1227 604//1125 656//1225
f 656//1226 604//1126 657//1228
f 658//1229 605//1127 657//1227
f 657//1228 605//1128 658//1230
f 659//1231 606//1129 658//1229
f 658//1230 606//1130 659//1232
f 660//1233 607//1131 659//1231
f 659//1232 607//1132 660//1234
f 661//1235 608//1133 660//1233
f 660//1234 608//1134 661//1236
f 690//1289 641//1197 661//1235
f 661//1236 641//1198 690//1290
f 643//1201 691//1291 642//1199
f 642//1200 691//1292 643//1202
f 642//1199 692//1293 646//1207
f 646//1208 692//1294 642//1200
f 644//1203 693//1295 643//1201
f 643//1202 693//1296 644//1204
f 645//1205 694//1297 644//1203
f 644//1204 694//1298 645//1206
f 634//1185 683//1279 645//1205
f 645//1206 683//1280 634//1186
f 646//1207 695//1299 647//1209
f 647//1210 695//1300 646//1208
f 647//1209 696//1301 649//1213
f 649//1214 696//1302 647//1210
f 617//1151 666//1245 662//1237
f 662//1238 666//1246 617//1152
f 613//1143 618//1153 663//1239
f 663//1240 618//1154 613//1144
f 614//1145 663//1239 664//1241
f 664//1242 663//1240 614//1146
f 615//1147 664//1241 665//1243
f 665//1244 664//1242 615//1148
f 616//1149 665//1243 666//1245
f 666//1246 665//1244 616//1150
f 663//1239 619//1155 667//1247
f 667//1248 619//1156 663//1240
f 667//1247 620//1157 668//1249
f 668//1250 620//1158 667//1248
f 668//1249 648//1211 697//1303
f 697//1304 648//1212 668//1250
f 649//1213 698//1305 669//1251
f 669//1252 698//1306 649//1214
f 670//1253 622//1161 669//1251
f 669//1252 622//1162 670//1254
f 671//1255 623//1163 670//1253
f 670//1254 623//1164 671//1256
f 672//1257 624//1165 671//1255
f 671//1256 624//1166 672//1258
f 673//1259 625//1167 672//1257
f 672//1258 625//1168 673//1260
f 673//1259 674//1261 626//1169
f 626//1170 674//1262 673//1260
f 674//1261 697//1303 648//1211
f 648//1212 697//1304 674//1262
f 662//1237 675//1263 627//1171
f 627//1172 675//1264 662//1238
f 675//1263 676//1265 628//1173
f 628//1174 676//1266 675//1264
f 676//1265 699//1307 650//1215
f 650//1216 699//1308 676//1266
f 677//1267 650//1215 699//1307
f 699//1308 650//1216 677//1268
f 678//1269 629//1175 677//1267
f 677//1268 629//1176 678//1270
f 679//1271 630//1177 678//1269
f 678//1270 630//1178 679//1272
f 680//1273 631//1179 679//1271
f 679//1272 631//1180 680//1274
f 682//1277 633//1183 680//1273
f 680//1274 633//1184 682//1278
f 700//1309 681//1275 651//1217
f 651//1218 681//1276 700//1310
f 701//600 632//1181 681//1275
f 681//1276 632//1182 701//599
f 702//1311 651//1217 652//1219
f 652//1220 651//1218 702//1312
f 654//600 632//1181 701//600
f 701//599 632//1182 654//599
f 703//1313 652//1219 653//1221
f 653//1222 652//1220 703//1314
f 704//1315 653//1221 682//1277
f 682//1278 653//1222 704//1316
f 635//1187 684//1281 683//1279
f 683//1280 684//1282 635//1188
f 636//1189 685//1283 684//1281
f 684//1282 685//1284 636//1190
f 637//1191 686//1285 685//1283
f 685//1284 686//1286 637//1192
f 641//1197 690//1289 686//1285
f 686//1286 690//1290 641//1198
f 655//1193 654//1123 701//1193
f 701//1194 654//1124 655//1194
f 701//1193 687//1223 655//1193
f 655//1194 687//1224 701//1194
f 687//1223 688//1317 639//1223
f 639//1224 688//1318 687//1224
f 640//1195 688//599 705//599
f 705//600 688//600 640//1196
f 640//1195 705//599 689//1287
f 689//1288 705//600 640//1196
f 689//1287 706//538 656//1225
f 656//1226 706//537 689//1288
f 656//1225 707//450 657//1227
f 657//1228 707//449 656//1226
f 657//1227 708//368 658//1229
f 658//1230 708//367 657//1228
f 658//1229 709//284 659//1231
f 659//1232 709//283 658//1230
f 659//1231 710//245 660//1233
f 660//1234 710//244 659//1232
f 660//1233 711//241 661//1235
f 661//1236 711//240 660//1234
f 661//1235 712//237 690//1289
f 690//1290 712//236 661//1236
f 691//1291 643//1201 693//1295
f 693//1296 643//1202 691//1292
f 692//1293 642//1199 691//1291
f 691//1292 642//1200 692//1294
f 695//1299 646//1207 692//1293
f 692//1294 646//1208 695//1300
f 693//1295 644//1203 694//1297
f 694//1298 644//1204 693//1296
f 694//1297 645//1205 683//1279
f 683//1280 645//1206 694//1298
f 696//1301 647//1209 695//1299
f 695//1300 647//1210 696//1302
f 698//1305 649//1213 696//1301
f 696//1302 649//1214 698//1306
f 675//1263 662//1237 666//1245
f 666//1246 662//1238 675//1264
f 667//1247 664//1241 663//1239
f 663//1240 664//1242 667//1248
f 713//1319 665//1243 664//1241
f 664//1242 665//1244 713//1320
f 714//1321 666//1245 665//1243
f 665//1244 666//1246 714//1322
f 668//1249 713//1319 667//1247
f 667//1248 713//1320 668//1250
f 697//1303 715//1323 668//1249
f 668//1250 715//1324 697//1304
f 716//1325 669//1251 698//1305
f 698//1306 669//1252 716//1326
f 669//1251 716//1325 670//1253
f 670//1254 716//1326 669//1252
f 670//1253 717//1327 671//1255
f 671//1256 717//1328 670//1254
f 671//1255 718//1329 672//1257
f 672//1258 718//1330 671//1256
f 672//1257 719//1331 673//1259
f 673//1260 719//1332 672//1258
f 674//1261 673//1259 720//1333
f 720//1334 673//1260 674//1262
f 697//1303 674//1261 721//1335
f 721//1336 674//1262 697//1304
f 676//1265 675//1263 714//1321
f 714//1322 675//1264 676//1266
f 699//1307 676//1265 715//1323
f 715//1324 676//1266 699//1308
f 699//1307 721//1335 677//1267
f 677//1268 721//1336 699//1308
f 677//1267 722//1337 678//1269
f 678//1270 722//1338 677//1268
f 678//1269 723//1339 679//1271
f 679//1272 723//1340 678//1270
f 679//1271 724//1341 680//1273
f 680//1274 724//1342 679//1272
f 680//1273 725//1343 682//1277
f 682//1278 725//1344 680//1274
f 681//1275 700//1309 726//1345
f 726//1346 700//1310 681//1276
f 651//1217 702//1311 700//1309
f 700//1310 702//1312 651//1218
f 701//600 681//1275 727//600
f 727//599 681//1276 701//599
f 652//1219 703//1313 702//1311
f 702//1312 703//1314 652//1220
f 653//1221 704//1315 703//1313
f 703//1314 704//1316 653//1222
f 682//1277 728//1347 704//1315
f 704//1316 728//1348 682//1278
f 729//1349 683//1279 684//1281
f 684//1282 683//1280 729//1350
f 730//1351 684//1281 685//1283
f 685//1284 684//1282 730//1352
f 731//1353 685//1283 686//1285
f 686//1286 685//1284 731//1354
f 732//1355 686//1285 690//1289
f 690//1290 686//1286 732//1356
f 687//1223 701//1193 727//1223
f 727//1224 701//1194 687//1224
f 687//1223 733//1317 688//1317
f 688//1318 733//1318 687//1224
f 733//1317 705//1357 688//1317
f 688//1318 705//1358 733//1318
f 689//1287 705//599 734//599
f 734//600 705//600 689//1288
f 706//538 689//1287 735//626
f 735//625 689//1288 706//537
f 707//450 656//1225 706//538
f 706//537 656//1226 707//449
f 708//368 657//1227 707//450
f 707//449 657//1228 708//367
f 709//284 658//1229 708//368
f 708//367 658//1230 709//283
f 710//245 659//1231 709//284
f 709//283 659//1232 710//244
f 711//241 660//1233 710//245
f 710//244 660//1234 711//240
f 712//237 661//1235 711//241
f 711//240 661//1236 712//236
f 736//233 690//1289 712//237
f 712//236 690//1290 736//232
f 693//1295 737//1359 691//1291
f 691//1292 737//1360 693//1296
f 691//1291 738//1361 692//1293
f 692//1294 738//1362 691//1292
f 692//1293 739//1363 695//1299
f 695//1300 739//1364 692//1294
f 694//1297 740//1365 693//1295
f 693//1296 740//1366 694//1298
f 683//1279 729//1349 694//1297
f 694//1298 729//1350 683//1280
f 695//1299 741//1367 696//1301
f 696//1302 741//1368 695//1300
f 696//1301 742//1369 698//1305
f 698//1306 742//1370 696//1302
f 666//1245 714//1321 675//1263
f 675//1264 714//1322 666//1246
f 664//1241 667//1247 713//1319
f 713//1320 667//1248 664//1242
f 665//1243 713//1319 714//1321
f 714//1322 713//1320 665//1244
f 713//1319 668//1249 715//1323
f 715//1324 668//1250 713//1320
f 715//1323 697//1303 699//1307
f 699//1308 697//1304 715//1324
f 698//1305 743//1371 716//1325
f 716//1326 743//1372 698//1306
f 717//1327 670//1253 716//1325
f 716//1326 670//1254 717//1328
f 718//1329 671//1255 717//1327
f 717//1328 671//1256 718//1330
f 719//1331 672//1257 718//1329
f 718//1330 672//1258 719//1332
f 719//1331 720//1333 673//1259
f 673//1260 720//1334 719//1332
f 720//1333 721//1335 674//1261
f 674//1262 721//1336 720//1334
f 721//1335 699//1307 697//1303
f 697//1304 699//1308 721//1336
f 714//1321 715//1323 676//1265
f 676//1266 715//1324 714//1322
f 722//1337 677//1267 721//1335
f 721//1336 677//1268 722//1338
f 723//1339 678//1269 722//1337
f 722//1338 678//1270 723//1340
f 724//1341 679//1271 723//1339
f 723//1340 679//1272 724//1342
f 725//1343 680//1273 724//1341
f 724//1342 680//1274 725//1344
f 728//1347 682//1277 725//1343
f 725//1344 682//1278 728//1348
f 744//1373 726//1345 700//1309
f 700//1310 726//1346 744//1374
f 727//600 681//1275 726//1345
f 726//1346 681//1276 727//599
f 745//1375 700//1309 702//1311
f 702//1312 700//1310 745//1376
f 746//1377 702//1311 703//1313
f 703//1314 702//1312 746//1378
f 747//1379 703//1313 704//1315
f 704//1316 703//1314 747//1380
f 748//1381 704//1315 728//1347
f 728//1348 704//1316 748//1382
f 684//1281 730//1351 729//1349
f 729//1350 730//1352 684//1282
f 685//1283 731//1353 730//1351
f 730//1352 731//1354 685//1284
f 686//1285 732//1355 731//1353
f 731//1354 732//1356 686//1286
f 690//1289 736//233 732//1355
f 732//1356 736//232 690//1290
f 727//1223 733//1317 687//1223
f 687//1224 733//1318 727//1224
f 733//1317 749//1357 705//1357
f 705//1358 749//1358 733//1318
f 749//1357 734//1383 705//1357
f 705//1358 734//1384 749//1358
f 689//1287 734//599 735//626
f 735//625 734//600 689//1288
f 735//167 750//167 706//167
f 706//168 750//168 735//168
f 706//167 751//167 707//167
f 707//168 751//168 706//168
f 707//167 752//167 708//167
f 708//168 752//168 707//168
f 708//167 753//167 709//167
f 709//168 753//168 708//168
f 709//167 754//167 710//167
f 710//168 754//168 709//168
f 710//167 755//167 711//167
f 711//168 755//168 710//168
f 711//167 756//167 712//167
f 712//168 756//168 711//168
f 712//167 757//167 736//167
f 736//168 757//168 712//168
f 737//1359 693//1295 740//1365
f 740//1366 693//1296 737//1360
f 738//1361 691//1291 737//1359
f 737//1360 691//1292 738//1362
f 739//1363 692//1293 738//1361
f 738//1362 692//1294 739//1364
f 741//1367 695//1299 739//1363
f 739//1364 695//1300 741//1368
f 740//1365 694//1297 729//1349
f 729//1350 694//1298 740//1366
f 742//1369 696//1301 741//1367
f 741//1368 696//1302 742//1370
f 743//1371 698//1305 742//1369
f 742//1370 698//1306 743//1372
f 715//1323 714//1321 713//1319
f 713//1320 714//1322 715//1324
f 758//1385 716//1325 743//1371
f 743//1372 716//1326 758//1386
f 716//1325 758//1385 717//1327
f 717//1328 758//1386 716//1326
f 717//1327 759//1387 718//1329
f 718//1330 759//1388 717//1328
f 718//1329 760//1389 719//1331
f 719//1332 760//1390 718//1330
f 720//1333 719//1331 761//1391
f 761//1392 719//1332 720//1334
f 721//1335 720//1333 722//1337
f 722//1338 720//1334 721//1336
f 722//1337 761//1391 723//1339
f 723//1340 761//1392 722//1338
f 723//1339 762//1393 724//1341
f 724//1342 762//1394 723//1340
f 724//1341 763//1395 725//1343
f 725//1344 763//1396 724//1342
f 725//1343 764//1397 728//1347
f 728//1348 764//1398 725//1344
f 726//1345 744//1373 765//1399
f 765//1400 744//1374 726//1346
f 700//1309 745//1375 744//1373
f 744//1374 745//1376 700//1310
f 727//600 726//1345 766//600
f 766//599 726//1346 727//599
f 702//1311 746//1377 745//1375
f 745//1376 746//1378 702//1312
f 703//1313 747//1379 746//1377
f 746//1378 747//1380 703//1314
f 704//1315 748//1381 747//1379
f 747//1380 748//1382 704//1316
f 728//1347 767//1401 748//1381
f 748//1382 767//1402 728//1348
f 768//1403 729//1349 730//1351
f 730//1352 729//1350 768//1404
f 769//1405 730//1351 731//1353
f 731//1354 730//1352 769//1406
f 770//1407 731//1353 732//1355
f 732//1356 731//1354 770//1408
f 771//228 732//1355 736//233
f 736//232 732//1356 771//227
f 733//1317 727//1223 766//1317
f 766//1318 727//1224 733//1318
f 766//1317 749//1357 733//1317
f 733//1318 749//1358 766//1318
f 749//1357 772//1383 734//1383
f 734//1384 772//1384 749//1358
f 735//626 734//599 773//599
f 773//600 734//600 735//625
f 735//167 774//167 750//167
f 750//168 774//168 735//168
f 706//167 750//167 751//167
f 751//168 750//168 706//168
f 707//167 751//167 752//167
f 752//168 751//168 707//168
f 708//167 752//167 753//167
f 753//168 752//168 708//168
f 709//167 753//167 754//167
f 754//168 753//168 709//168
f 710//167 754//167 755//167
f 755//168 754//168 710//168
f 711//167 755//167 756//167
f 756//168 755//168 711//168
f 712//167 756//167 757//167
f 757//168 756//168 712//168
f 736//167 757//167 775//167
f 775//168 757//168 736//168
f 740//1365 776//1409 737//1359
f 737//1360 776//1410 740//1366
f 737//1359 777//1411 738//1361
f 738//1362 777//1412 737//1360
f 738//1361 778//1413 739//1363
f 739//1364 778//1414 738//1362
f 739//1363 779//1415 741//1367
f 741//1368 779//1416 739//1364
f 729//1349 768//1403 740//1365
f 740//1366 768//1404 729//1350
f 741//1367 780//1417 742//1369
f 742//1370 780//1418 741//1368
f 742//1369 781//1419 743//1371
f 743//1372 781//1420 742//1370
f 743//1371 782//1421 758//1385
f 758//1386 782//1422 743//1372
f 759//1387 717//1327 758//1385
f 758//1386 717//1328 759//1388
f 760//1389 718//1329 759//1387
f 759//1388 718//1330 760//1390
f 762//1393 719//1331 760//1389
f 760//1390 719//1332 762//1394
f 719//1331 762//1393 761//1391
f 761//1392 762//1394 719//1332
f 761//1391 722//1337 720//1333
f 720//1334 722//1338 761//1392
f 762//1393 723//1339 761//1391
f 761//1392 723//1340 762//1394
f 763//1395 724//1341 762//1393
f 762//1394 724//1342 763//1396
f 764//1397 725//1343 763//1395
f 763//1396 725//1344 764//1398
f 767//1401 728//1347 764//1397
f 764//1398 728//1348 767//1402
f 750//504 765//1399 744//1373
f 744//1374 765//1400 750//503
f 783//600 726//1345 765//1399
f 765//1400 726//1346 783//599
f 751//418 744//1373 745//1375
f 745//1376 744//1374 751//417
f 766//600 726//1345 783//600
f 783//599 726//1346 766//599
f 752//332 745//1375 746//1377
f 746//1378 745//1376 752//331
f 753//248 746//1377 747//1379
f 747//1380 746//1378 753//247
f 754//170 747//1379 748//1381
f 748//1382 747//1380 754//169
f 755//118 748//1381 767//1401
f 767//1402 748//1382 755//117
f 730//1351 769//1405 768//1403
f 768//1404 769//1406 730//1352
f 731//1353 770//1407 769//1405
f 769//1406 770//1408 731//1354
f 732//1355 771//228 770//1407
f 770//1408 771//227 732//1356
f 736//167 775//167 771//167
f 771//168 775//168 736//168
f 749//1357 766//1317 783//1357
f 783//1358 766//1318 749//1358
f 783//1357 772//1383 749//1357
f 749//1358 772//1384 783//1358
f 772//1383 773//736 734//1383
f 734//1384 773//735 772//1384
f 773//167 774//167 735//167
f 735//168 774//168 773//168
f 765//1399 750//504 774//598
f 774//597 750//503 765//1400
f 744//1373 751//418 750//504
f 750//503 751//417 744//1374
f 745//1375 752//332 751//418
f 751//417 752//331 745//1376
f 746//1377 753//248 752//332
f 752//331 753//247 746//1378
f 747//1379 754//170 753//248
f 753//247 754//169 747//1380
f 748//1381 755//118 754//170
f 754//169 755//117 748//1382
f 755//118 784//1423 756//116
f 756//115 784//1424 755//117
f 756//116 785//1425 757//114
f 757//113 785//1426 756//115
f 757//114 786//1427 775//112
f 775//111 786//1428 757//113
f 776//1409 740//1365 768//1403
f 768//1404 740//1366 776//1410
f 777//1411 737//1359 776//1409
f 776//1410 737//1360 777//1412
f 778//1413 738//1361 777//1411
f 777//1412 738//1362 778//1414
f 779//1415 739//1363 778//1413
f 778//1414 739//1364 779//1416
f 780//1417 741//1367 779//1415
f 779//1416 741//1368 780//1418
f 781//1419 742//1369 780//1417
f 780//1418 742//1370 781//1420
f 782//1421 743//1371 781//1419
f 781//1420 743//1372 782//1422
f 787//1429 758//1385 782//1421
f 782//1422 758//1386 787//1430
f 758//1385 787//1429 759//1387
f 759//1388 787//1430 758//1386
f 759//1387 788//1431 760//1389
f 760//1390 788//1432 759//1388
f 760//1389 763//1395 762//1393
f 762//1394 763//1396 760//1390
f 788//1431 764//1397 763//1395
f 763//1396 764//1398 788//1432
f 789//1433 767//1401 764//1397
f 764//1398 767//1402 789//1434
f 783//600 765//1399 790//600
f 790//599 765//1400 783//599
f 784//1423 755//118 767//1401
f 767//1402 755//117 784//1424
f 791//1435 768//1403 769//1405
f 769//1406 768//1404 791//1436
f 792//1437 769//1405 770//1407
f 770//1408 769//1406 792//1438
f 793//230 770//1407 771//228
f 771//227 770//1408 793//225
f 771//167 775//167 794//167
f 794//168 775//168 771//168
f 772//1383 783//1357 790//1383
f 790//1384 783//1358 772//1384
f 772//1383 795//736 773//736
f 773//735 795//735 772//1384
f 795//167 774//167 773//167
f 773//168 774//168 795//168
f 790//600 765//1399 774//598
f 774//597 765//1400 790//599
f 785//1425 756//116 784//1423
f 784//1424 756//115 785//1426
f 786//1427 757//114 785//1425
f 785//1426 757//113 786//1428
f 796//1439 775//112 786//1427
f 786//1428 775//111 796//1440
f 768//1403 791//1435 776//1409
f 776//1410 791//1436 768//1404
f 776//1409 797//1441 777//1411
f 777//1412 797//1442 776//1410
f 777//1411 798//1443 778//1413
f 778//1414 798//1444 777//1412
f 778//1413 799//1445 779//1415
f 779//1416 799//1446 778//1414
f 779//1415 800//1447 780//1417
f 780//1418 800//1448 779//1416
f 780//1417 801//1449 781//1419
f 781//1420 801//1450 780//1418
f 781//1419 802//1451 782//1421
f 782//1422 802//1452 781//1420
f 782//1421 803//1453 787//1429
f 787//1430 803//1454 782//1422
f 788//1431 759//1387 787//1429
f 787//1430 759//1388 788//1432
f 763//1395 760//1389 788//1431
f 788//1432 760//1390 763//1396
f 764//1397 788//1431 789//1433
f 789//1434 788//1432 764//1398
f 767//1401 789//1433 784//1423
f 784//1424 789//1434 767//1402
f 769//1405 792//1437 791//1435
f 791//1436 792//1438 769//1406
f 770//1407 793//230 792//1437
f 792//1438 793//225 770//1408
f 771//167 794//167 793//167
f 793//168 794//168 771//168
f 775//112 796//1439 794//144
f 794//143 796//1440 775//111
f 790//1383 795//736 772//1383
f 772//1384 795//735 790//1384
f 774//167 795//167 804//167
f 804//168 795//168 774//168
f 790//600 774//598 804//600
f 804//599 774//597 790//599
f 784//1423 803//1453 785//1425
f 785//1426 803//1454 784//1424
f 785//1425 802//1451 786//1427
f 786//1428 802//1452 785//1426
f 786//1427 801//1449 796//1439
f 796//1440 801//1450 786//1428
f 797//1441 776//1409 791//1435
f 791//1436 776//1410 797//1442
f 798//1443 777//1411 797//1441
f 797//1442 777//1412 798//1444
f 799//1445 778//1413 798//1443
f 798//1444 778//1414 799//1446
f 800//1447 779//1415 799//1445
f 799//1446 779//1416 800//1448
f 801//1449 780//1417 800//1447
f 800//1448 780//1418 801//1450
f 802//1451 781//1419 801//1449
f 801//1450 781//1420 802//1452
f 803//1453 782//1421 802//1451
f 802//1452 782//1422 803//1454
f 789//1433 787//1429 803//1453
f 803//1454 787//1430 789//1434
f 787//1429 789//1433 788//1431
f 788//1432 789//1434 787//1430
f 803//1453 784//1423 789//1433
f 789//1434 784//1424 803//1454
f 805//1455 791//1435 792//1437
f 792//1438 791//1436 805//1456
f 806//314 792//1437 793//230
f 793//225 792//1438 806//313
f 793//167 794//167 807//167
f 807//168 794//168 793//168
f 808//1457 794//144 796//1439
f 796//1440 794//143 808//1458
f 795//736 790//1383 804//736
f 804//735 790//1384 795//735
f 802//1451 785//1425 803//1453
f 803//1454 785//1426 802//1452
f 801//1449 786//1427 802//1451
f 802//1452 786//1428 801//1450
f 800//1447 796//1439 801//1449
f 801//1450 796//1440 800//1448
f 791//1435 805//1455 797//1441
f 797//1442 805//1456 791//1436
f 797//1441 809//1459 798//1443
f 798//1444 809//1460 797//1442
f 798//1443 810//1461 799//1445
f 799//1446 810//1462 798//1444
f 799//1445 808//1457 800//1447
f 800//1448 808//1458 799//1446
f 792//1437 806//314 805//1455
f 805//1456 806//313 792//1438
f 793//167 807//167 806//167
f 806//168 807//168 793//168
f 794//144 808//1457 807//198
f 807//197 808//1458 794//143
f 796//1439 800//1447 808//1457
f 808//1458 800//1448 796//1440
f 809//1459 797//1441 805//1455
f 805//1456 797//1442 809//1460
f 810//1461 798//1443 809//1459
f 809//1460 798//1444 810//1462
f 808//1457 799//1445 810//1461
f 810//1462 799//1446 808//1458
f 811//364 805//1455 806//314
f 806//313 805//1456 811//363
f 806//167 807//167 812//167
f 812//168 807//168 806//168
f 810//1461 807//198 808//1457
f 808//1458 807//197 810//1462
f 805//1455 811//364 809//1459
f 809//1460 811//363 805//1456
f 809//1459 812//278 810//1461
f 810//1462 812//277 809//1460
f 806//167 812//167 811//167
f 811//168 812//168 806//168
f 807//198 810//1461 812//278
f 812//277 810//1462 807//197
f 812//278 809//1459 811//364
f 811//363 809//1460 812//277
