# SSTK version 0.8.0
# 19
mtllib original-19.mtl
o #ID105
v 0.340484 0.028084 0.295190
v 0.333517 0.029915 0.292247
v 0.336011 0.028532 0.290027
v 0.338078 0.029458 0.297513
v 0.292673 0.029915 0.245096
v 0.295168 0.028532 0.242875
v 0.343152 0.027615 0.292797
v 0.338710 0.028060 0.287669
v 0.344598 0.026834 0.299939
v 0.342309 0.028173 0.302397
v 0.331397 0.032115 0.294179
v 0.336100 0.031644 0.299608
v 0.286001 0.030583 0.237393
v 0.288406 0.029209 0.235070
v 0.297866 0.028060 0.240517
v 0.290553 0.032115 0.247027
v 0.341428 0.028532 0.285334
v 0.345901 0.028084 0.290497
v 0.347227 0.026377 0.297501
v 0.348570 0.024775 0.304525
v 0.346394 0.026055 0.307112
v 0.340515 0.030303 0.304706
v 0.334682 0.034493 0.301332
v 0.329795 0.034982 0.295690
v 0.279190 0.032652 0.229530
v 0.281479 0.031313 0.227073
v 0.291074 0.028740 0.232677
v 0.284022 0.032769 0.239488
v 0.300585 0.028532 0.238183
v 0.288952 0.034982 0.248539
v 0.343982 0.029915 0.283182
v 0.348543 0.029458 0.288448
v 0.350015 0.026834 0.295247
v 0.351160 0.024338 0.302042
v 0.352333 0.021941 0.308868
v 0.350262 0.023141 0.311578
v 0.344779 0.028092 0.309627
v 0.339339 0.033078 0.306708
v 0.333923 0.037811 0.302568
v 0.328822 0.038322 0.296679
v 0.272614 0.036061 0.221939
v 0.274791 0.034781 0.219352
v 0.284107 0.030856 0.224634
v 0.277396 0.034782 0.231839
v 0.293823 0.029209 0.230377
v 0.282604 0.035618 0.241212
v 0.303138 0.029915 0.236031
v 0.287978 0.038322 0.249527
v 0.346196 0.032115 0.281359
v 0.350899 0.031644 0.286788
v 0.352774 0.028173 0.293332
v 0.353987 0.024775 0.299833
v 0.354886 0.021532 0.306343
v 0.355820 0.018382 0.312895
v 0.353849 0.019481 0.315719
v 0.348817 0.025051 0.314289
v 0.343836 0.030747 0.311899
v 0.338861 0.036311 0.308269
v 0.333873 0.041371 0.303231
v 0.328542 0.041905 0.297076
v 0.266386 0.040752 0.214749
v 0.268456 0.039552 0.212039
v 0.277381 0.034344 0.216869
v 0.270999 0.038098 0.224454
v 0.286896 0.031313 0.222380
v 0.276220 0.037557 0.233842
v 0.296466 0.030583 0.228328
v 0.281845 0.038936 0.242447
v 0.305353 0.032115 0.234208
v 0.287698 0.041905 0.249925
v 0.352808 0.034493 0.285631
v 0.347921 0.034982 0.279990
v 0.355315 0.030303 0.291886
v 0.356859 0.026055 0.298047
v 0.357750 0.021941 0.304176
v 0.358341 0.018006 0.310331
v 0.358974 0.014157 0.316536
v 0.357092 0.015137 0.319463
v 0.352561 0.021231 0.318611
v 0.348095 0.027540 0.316816
v 0.343629 0.033839 0.313773
v 0.339113 0.039779 0.309280
v 0.334536 0.044932 0.303276
v 0.328975 0.045488 0.296856
v 0.260612 0.046645 0.208083
v 0.262584 0.045545 0.205259
v 0.271010 0.039142 0.209514
v 0.264941 0.042662 0.217460
v 0.280208 0.034781 0.214659
v 0.270056 0.040753 0.226726
v 0.289655 0.032652 0.220465
v 0.275742 0.040790 0.235402
v 0.298821 0.032769 0.226668
v 0.281795 0.042496 0.243111
v 0.307077 0.034982 0.232838
v 0.288131 0.045488 0.249705
v 0.354139 0.037811 0.285055
v 0.349038 0.038322 0.279167
v 0.357465 0.033078 0.291007
v 0.359578 0.028092 0.296808
v 0.360727 0.023141 0.302513
v 0.361237 0.018382 0.308202
v 0.361464 0.013823 0.313937
v 0.359936 0.010184 0.322746
v 0.361740 0.009340 0.319729
v 0.355946 0.016696 0.322519
v 0.352043 0.023510 0.321374
v 0.348145 0.030438 0.318986
v 0.344172 0.037156 0.315120
v 0.340078 0.043248 0.309674
v 0.335868 0.048249 0.302701
v 0.330092 0.048828 0.296033
v 0.255391 0.053638 0.202056
v 0.257273 0.052658 0.199129
v 0.265104 0.045170 0.202695
v 0.259324 0.048394 0.210975
v 0.273873 0.039552 0.207346
v 0.264218 0.045150 0.219986
v 0.283079 0.036061 0.212874
v 0.269849 0.043845 0.228599
v 0.292196 0.034782 0.219019
v 0.275994 0.044258 0.236413
v 0.300730 0.035618 0.225511
v 0.282459 0.046056 0.243156
v 0.308194 0.038322 0.232015
v 0.289248 0.048828 0.248882
v 0.354803 0.041371 0.285101
v 0.349471 0.041905 0.278946
v 0.359077 0.036311 0.290756
v 0.361961 0.030747 0.296198
v 0.363616 0.025051 0.301469
v 0.364314 0.019481 0.306654
v 0.364391 0.014157 0.311843
v 0.364203 0.009052 0.317099
v 0.362333 0.004706 0.325513
v 0.364071 0.004013 0.322419
v 0.358914 0.011526 0.325946
v 0.355613 0.018728 0.325495
v 0.352331 0.026165 0.323819
v 0.348964 0.033547 0.320652
v 0.345428 0.040474 0.315850
v 0.341691 0.046480 0.309423
v 0.337776 0.051098 0.301544
v 0.331817 0.051695 0.294663
v 0.252616 0.060768 0.193753
v 0.250812 0.061612 0.196770
v 0.259763 0.052323 0.196530
v 0.254245 0.055197 0.205112
v 0.268001 0.045545 0.200567
v 0.258806 0.050674 0.213738
v 0.276851 0.040752 0.205684
v 0.264268 0.048048 0.222156
v 0.285799 0.038098 0.211634
v 0.270393 0.047162 0.229947
v 0.294346 0.037557 0.218141
v 0.276959 0.047727 0.236807
v 0.302062 0.038936 0.224935
v 0.283790 0.049374 0.242581
v 0.308628 0.041905 0.231795
v 0.290973 0.051695 0.247512
v 0.354753 0.044932 0.285764
v 0.349192 0.045488 0.279344
v 0.360043 0.039779 0.291150
v 0.363845 0.033839 0.296261
v 0.366220 0.027540 0.301115
v 0.367360 0.021231 0.305791
v 0.367557 0.015137 0.310398
v 0.367157 0.009340 0.315036
v 0.366511 0.003777 0.319763
v 0.364241 -0.001203 0.327715
v 0.365926 -0.001733 0.324561
v 0.361416 0.005809 0.328833
v 0.358744 0.013276 0.329109
v 0.356117 0.021095 0.328189
v 0.353406 0.029014 0.325780
v 0.350496 0.036657 0.321700
v 0.347312 0.043566 0.315912
v 0.343841 0.049256 0.308544
v 0.334031 0.053895 0.292840
v 0.340132 0.053284 0.299884
v 0.246954 0.070431 0.192316
v 0.248692 0.069738 0.189223
v 0.255079 0.060480 0.191123
v 0.249790 0.062954 0.199970
v 0.262690 0.052658 0.194436
v 0.253912 0.057229 0.208088
v 0.271077 0.046645 0.199018
v 0.259094 0.053329 0.216183
v 0.279740 0.042662 0.204640
v 0.265087 0.051158 0.223822
v 0.288182 0.040753 0.211025
v 0.271649 0.050480 0.230677
v 0.295958 0.040790 0.217890
v 0.278571 0.050959 0.236556
v 0.302725 0.042496 0.224981
v 0.285699 0.052223 0.241424
v 0.308348 0.045488 0.232192
v 0.293187 0.053895 0.245689
v 0.353993 0.048249 0.287000
v 0.348218 0.048828 0.280332
v 0.360295 0.043248 0.292161
v 0.365102 0.037156 0.296990
v 0.368361 0.030438 0.301474
v 0.370168 0.023510 0.305673
v 0.370745 0.016696 0.309699
v 0.370401 0.010184 0.313681
v 0.369488 0.004013 0.317727
v 0.368349 -0.001914 0.321885
v 0.365627 -0.007441 0.329316
v 0.367274 -0.007800 0.326118
v 0.363407 -0.000359 0.331132
v 0.361382 0.007245 0.332155
v 0.359437 0.015313 0.332022
v 0.357423 0.023634 0.330417
v 0.355194 0.031863 0.327124
v 0.352637 0.039555 0.322059
v 0.349695 0.046221 0.315303
v 0.346382 0.051386 0.307098
v 0.336585 0.055278 0.290688
v 0.342775 0.054659 0.297834
v 0.245569 0.079413 0.185616
v 0.243883 0.079943 0.188771
v 0.251133 0.069501 0.186567
v 0.246037 0.071533 0.195637
v 0.258033 0.060768 0.189060
v 0.249620 0.064704 0.203134
v 0.265856 0.053638 0.192991
v 0.254416 0.059595 0.210782
v 0.274123 0.048394 0.198155
v 0.260169 0.056177 0.218145
v 0.282344 0.045150 0.204285
v 0.266620 0.054268 0.224871
v 0.290066 0.043845 0.211087
v 0.273533 0.053572 0.230739
v 0.296923 0.044258 0.218283
v 0.280721 0.053735 0.235677
v 0.302675 0.046056 0.225644
v 0.288055 0.054409 0.239764
v 0.307374 0.048828 0.233181
v 0.295741 0.055278 0.243537
v 0.352576 0.051098 0.288724
v 0.346616 0.051695 0.281844
v 0.359816 0.046480 0.293722
v 0.365645 0.040474 0.298338
v 0.369893 0.033547 0.302522
v 0.372548 0.026165 0.306307
v 0.373739 0.018728 0.309794
v 0.373714 0.011526 0.313126
v 0.372798 0.004706 0.316448
v 0.371343 -0.001733 0.319869
v 0.369684 -0.007922 0.323426
v 0.368093 -0.014084 0.327062
v 0.366469 -0.013903 0.330287
v 0.364854 -0.006870 0.332803
v 0.363482 0.000741 0.334580
v 0.362234 0.008919 0.335251
v 0.360945 0.017499 0.334484
v 0.359442 0.026173 0.332028
v 0.357573 0.034518 0.327758
v 0.355241 0.042044 0.321705
v 0.352415 0.048258 0.314063
v 0.349140 0.052725 0.305183
v 0.339303 0.055750 0.288354
v 0.345524 0.055127 0.295535
v 0.241651 0.089986 0.186194
v 0.243298 0.089627 0.182995
v 0.247991 0.079232 0.182940
v 0.243050 0.080787 0.192188
v 0.254109 0.069738 0.184530
v 0.246004 0.072970 0.198959
v 0.261277 0.061612 0.187705
v 0.250313 0.066741 0.206046
v 0.269044 0.055197 0.192292
v 0.255722 0.062134 0.213011
v 0.276932 0.050674 0.198037
v 0.261957 0.059026 0.219488
v 0.284485 0.048048 0.204644
v 0.268760 0.057166 0.225230
v 0.291322 0.047162 0.211817
v 0.275916 0.056227 0.230130
v 0.297175 0.047727 0.219295
v 0.283262 0.055865 0.234231
v 0.301916 0.049374 0.226880
v 0.290697 0.055783 0.237714
v 0.305772 0.051695 0.234692
v 0.298459 0.055750 0.241202
v 0.344496 0.053895 0.283776
v 0.350597 0.053284 0.290819
v 0.358640 0.049256 0.295724
v 0.365438 0.043566 0.300212
v 0.370712 0.036657 0.304188
v 0.374336 0.029014 0.307650
v 0.376333 0.021095 0.310677
v 0.376869 0.013276 0.313409
v 0.376215 0.005809 0.316014
v 0.374705 -0.001203 0.318650
v 0.372691 -0.007800 0.321425
v 0.370494 -0.014145 0.324362
v 0.366768 -0.020869 0.330632
v 0.368386 -0.020915 0.327401
v 0.365733 -0.013615 0.333817
v 0.365009 -0.006127 0.336342
v 0.364461 0.002022 0.337822
v 0.363914 0.010714 0.337911
v 0.363167 0.019685 0.336328
v 0.362037 0.028539 0.332911
v 0.360381 0.036798 0.327639
v 0.358130 0.043954 0.320661
v 0.355286 0.049538 0.312278
v 0.351929 0.053181 0.302929
v 0.348192 0.054659 0.293142
v 0.342002 0.055278 0.285996
v 0.241920 0.100208 0.181405
v 0.240296 0.100389 0.184630
v 0.245708 0.089505 0.180304
v 0.240878 0.090557 0.189681
v 0.250986 0.079413 0.180924
v 0.243125 0.081886 0.195635
v 0.257419 0.070431 0.183251
v 0.246856 0.074643 0.202055
v 0.264590 0.062954 0.187150
v 0.251822 0.068927 0.208508
v 0.272038 0.057229 0.192387
v 0.257741 0.064674 0.214621
v 0.279311 0.053329 0.198671
v 0.264336 0.061681 0.220122
v 0.286017 0.051158 0.205693
v 0.271364 0.059655 0.224875
v 0.291865 0.050480 0.213165
v 0.278636 0.058264 0.228890
v 0.296697 0.050959 0.220855
v 0.286021 0.057204 0.232316
v 0.300498 0.052223 0.228604
v 0.293446 0.056252 0.235415
v 0.303652 0.053895 0.236624
v 0.301158 0.055278 0.238845
v 0.356846 0.051386 0.298033
v 0.364495 0.046221 0.302483
v 0.370762 0.039555 0.306358
v 0.375410 0.031863 0.309612
v 0.378352 0.023634 0.312288
v 0.379653 0.015313 0.314510
v 0.379508 0.007245 0.316454
v 0.378206 -0.000359 0.318313
v 0.376092 -0.007441 0.320251
v 0.373510 -0.014084 0.322370
v 0.370786 -0.020930 0.324698
v 0.366768 -0.224781 0.330632
v 0.368386 -0.224781 0.327401
v 0.366041 -0.020797 0.334173
v 0.365935 -0.013240 0.337411
v 0.366079 -0.005261 0.339690
v 0.366277 0.003396 0.340638
v 0.366306 0.012510 0.339952
v 0.365951 0.021722 0.337430
v 0.365030 0.030571 0.333006
v 0.363428 0.038547 0.326777
v 0.361107 0.045154 0.318998
v 0.358113 0.049975 0.310069
v 0.354557 0.052725 0.300491
v 0.241477 0.110534 0.180893
v 0.239859 0.110580 0.184125
v 0.244322 0.100146 0.178704
v 0.239560 0.100676 0.188160
v 0.248715 0.089627 0.178303
v 0.241032 0.091301 0.193220
v 0.254348 0.079943 0.179706
v 0.244103 0.083167 0.198877
v 0.260837 0.071533 0.182817
v 0.248535 0.076439 0.204714
v 0.267746 0.064704 0.187433
v 0.254044 0.071113 0.210353
v 0.274632 0.059595 0.193270
v 0.260336 0.067040 0.215504
v 0.281099 0.056177 0.200015
v 0.267145 0.063961 0.220004
v 0.286836 0.054268 0.207359
v 0.274253 0.061564 0.223831
v 0.291658 0.053572 0.215038
v 0.281507 0.059544 0.227105
v 0.295521 0.053735 0.222858
v 0.288810 0.057660 0.230063
v 0.298519 0.054409 0.230699
v 0.296114 0.055783 0.233022
v 0.362880 0.048258 0.304999
v 0.370040 0.042044 0.308885
v 0.375699 0.034518 0.312057
v 0.379658 0.026173 0.314516
v 0.381875 0.017499 0.316354
v 0.382450 0.008919 0.317739
v 0.381608 0.000741 0.318879
v 0.379654 -0.006870 0.319983
v 0.376933 -0.013903 0.321222
v 0.373803 -0.020915 0.322708
v 0.370786 -0.224781 0.324698
v 0.366768 -0.224781 0.330632
v 0.364147 -0.233088 0.324531
v 0.361930 -0.233088 0.328957
v 0.368386 -0.224781 0.327401
v 0.366041 -0.224781 0.334173
v 0.366255 -0.020703 0.337781
v 0.367062 -0.012803 0.340824
v 0.367994 -0.004331 0.342621
v 0.368805 0.004770 0.342837
v 0.369249 0.014183 0.341237
v 0.369107 0.023471 0.337712
v 0.368218 0.032130 0.332307
v 0.366504 0.039647 0.325228
v 0.363971 0.045563 0.316831
v 0.360703 0.049538 0.307586
v 0.239859 0.235736 0.184125
v 0.241477 0.235736 0.180893
v 0.243877 0.110519 0.178190
v 0.239132 0.110652 0.187665
v 0.247337 0.100208 0.176712
v 0.239762 0.101052 0.191754
v 0.252116 0.089986 0.177129
v 0.242103 0.092167 0.196568
v 0.257849 0.080787 0.179368
v 0.245919 0.084541 0.201694
v 0.264129 0.072970 0.183258
v 0.250928 0.078234 0.206756
v 0.270529 0.066741 0.188534
v 0.256827 0.073150 0.211454
v 0.276651 0.062134 0.194881
v 0.263329 0.069072 0.215599
v 0.282173 0.059026 0.201976
v 0.270191 0.065710 0.219141
v 0.286886 0.057166 0.209529
v 0.277231 0.062765 0.222169
v 0.290715 0.056227 0.217310
v 0.284334 0.059981 0.224895
v 0.293727 0.055865 0.225166
v 0.291438 0.057204 0.227624
v 0.368595 0.043954 0.311596
v 0.375181 0.036798 0.314820
v 0.380162 0.028539 0.317210
v 0.383384 0.019685 0.318816
v 0.384843 0.010714 0.319781
v 0.384677 0.002022 0.320310
v 0.383134 -0.006127 0.320641
v 0.380532 -0.013615 0.320997
v 0.377232 -0.020869 0.321567
v 0.373803 -0.224781 0.322708
v 0.367434 -0.233088 0.320829
v 0.370786 -0.224781 0.324698
v 0.366041 -0.224781 0.334173
v 0.360935 -0.233088 0.333807
v 0.361930 -0.233088 0.328957
v 0.364147 -0.260778 0.324531
v 0.361930 -0.260778 0.328957
v 0.364147 -0.233088 0.324531
v 0.366255 -0.224781 0.337781
v 0.367396 -0.020594 0.341210
v 0.369036 -0.012334 0.343824
v 0.370622 -0.003402 0.344934
v 0.371875 0.006051 0.344269
v 0.372542 0.015620 0.341678
v 0.372419 0.024814 0.337157
v 0.371384 0.033110 0.330862
v 0.369401 0.040022 0.323100
v 0.366524 0.045154 0.314306
v 0.241477 0.235736 0.180893
v 0.246894 0.235736 0.176201
v 0.243877 0.235736 0.178190
v 0.250324 0.235736 0.175060
v 0.239859 0.235736 0.184125
v 0.239132 0.235736 0.187665
v 0.253932 0.235736 0.174846
v 0.257472 0.235736 0.175572
v 0.239346 0.235736 0.191273
v 0.240487 0.235736 0.194703
v 0.260704 0.235736 0.177191
v 0.242477 0.235736 0.197720
v 0.263406 0.235736 0.179590
v 0.245180 0.235736 0.200120
v 0.265396 0.235736 0.182608
v 0.248411 0.235736 0.201738
v 0.266537 0.235736 0.186037
v 0.251952 0.235736 0.202465
v 0.266751 0.235736 0.189645
v 0.255560 0.235736 0.202250
v 0.266025 0.235736 0.193186
v 0.258989 0.235736 0.201110
v 0.264406 0.235736 0.196417
v 0.262007 0.235736 0.199120
v 0.243877 0.235736 0.178190
v 0.239132 0.235736 0.187665
v 0.246894 0.110534 0.176201
v 0.239346 0.110745 0.191273
v 0.250761 0.100389 0.175565
v 0.240889 0.101488 0.195167
v 0.255678 0.090557 0.176861
v 0.244018 0.093096 0.199499
v 0.261250 0.081886 0.179934
v 0.248448 0.085915 0.203893
v 0.267072 0.074643 0.184543
v 0.253871 0.079907 0.208041
v 0.272751 0.068927 0.190378
v 0.259983 0.074899 0.211736
v 0.277957 0.064674 0.197109
v 0.266517 0.070631 0.214900
v 0.282462 0.061681 0.204421
v 0.273267 0.066810 0.217593
v 0.286164 0.059655 0.212055
v 0.280094 0.063174 0.220001
v 0.289100 0.058264 0.219825
v 0.286924 0.059544 0.222412
v 0.373892 0.038547 0.317712
v 0.379829 0.030571 0.320186
v 0.384077 0.021722 0.321729
v 0.386523 0.012510 0.322440
v 0.387206 0.003396 0.322509
v 0.386296 -0.005261 0.322178
v 0.384060 -0.013240 0.321710
v 0.380840 -0.020797 0.321353
v 0.377232 -0.224781 0.321567
v 0.373803 -0.224781 0.322708
v 0.371567 -0.233088 0.318103
v 0.367434 -0.260778 0.320829
v 0.367434 -0.233088 0.320829
v 0.366255 -0.224781 0.337781
v 0.361228 -0.233088 0.338749
v 0.360935 -0.233088 0.333807
v 0.360935 -0.260778 0.333807
v 0.371567 -0.260778 0.318103
v 0.364147 -0.260778 0.324531
v 0.367434 -0.260778 0.320829
v 0.361930 -0.260778 0.328957
v 0.376264 -0.260778 0.316541
v 0.381206 -0.260778 0.316247
v 0.370786 -0.260778 0.324698
v 0.373803 -0.260778 0.322708
v 0.386056 -0.260778 0.317243
v 0.377232 -0.260778 0.321567
v 0.380840 -0.260778 0.321353
v 0.384381 -0.260778 0.322080
v 0.390483 -0.260778 0.319459
v 0.387613 -0.260778 0.323698
v 0.394185 -0.260778 0.322746
v 0.390315 -0.260778 0.326098
v 0.396910 -0.260778 0.326879
v 0.392305 -0.260778 0.329115
v 0.393446 -0.260778 0.332545
v 0.398473 -0.260778 0.331577
v 0.393660 -0.260778 0.336153
v 0.398766 -0.260778 0.336519
v 0.392933 -0.260778 0.339693
v 0.391315 -0.260778 0.342925
v 0.388915 -0.260778 0.345628
v 0.397771 -0.260778 0.341368
v 0.383437 -0.260778 0.353785
v 0.388134 -0.260778 0.352222
v 0.395554 -0.260778 0.345795
v 0.392267 -0.260778 0.349497
v 0.360935 -0.260778 0.333807
v 0.368386 -0.260778 0.327401
v 0.361228 -0.260778 0.338749
v 0.366768 -0.260778 0.330632
v 0.366041 -0.260778 0.334173
v 0.366255 -0.260778 0.337781
v 0.362791 -0.260778 0.343446
v 0.367396 -0.260778 0.341210
v 0.365516 -0.260778 0.347579
v 0.369386 -0.260778 0.344228
v 0.372088 -0.260778 0.346627
v 0.369218 -0.260778 0.350866
v 0.375320 -0.260778 0.348246
v 0.373645 -0.260778 0.353083
v 0.378861 -0.260778 0.348972
v 0.378495 -0.260778 0.354078
v 0.382468 -0.260778 0.348758
v 0.385898 -0.260778 0.347617
v 0.367396 -0.224781 0.341210
v 0.369386 -0.020477 0.344228
v 0.371724 -0.011866 0.346206
v 0.373783 -0.002536 0.346472
v 0.375276 0.007150 0.344835
v 0.375959 0.016722 0.341244
v 0.375663 0.025657 0.335802
v 0.374311 0.033445 0.328768
v 0.371921 0.039647 0.320536
v 0.239346 0.235736 0.191273
v 0.240487 0.110855 0.194703
v 0.240487 0.235736 0.194703
v 0.242477 0.110972 0.197720
v 0.242477 0.235736 0.197720
v 0.245180 0.111089 0.200120
v 0.245180 0.235736 0.200120
v 0.248411 0.111199 0.201738
v 0.248411 0.235736 0.201738
v 0.251952 0.111293 0.202465
v 0.251952 0.235736 0.202465
v 0.255560 0.111365 0.202250
v 0.255560 0.235736 0.202250
v 0.258989 0.111410 0.201110
v 0.258989 0.235736 0.201110
v 0.262007 0.111425 0.199120
v 0.262007 0.235736 0.199120
v 0.264406 0.111410 0.196417
v 0.264406 0.235736 0.196417
v 0.266025 0.111365 0.193186
v 0.266025 0.235736 0.193186
v 0.266751 0.111293 0.189645
v 0.266751 0.235736 0.189645
v 0.266537 0.235736 0.186037
v 0.266537 0.111199 0.186037
v 0.265396 0.235736 0.182608
v 0.265396 0.111089 0.182608
v 0.263406 0.235736 0.179590
v 0.263406 0.110972 0.179590
v 0.260704 0.235736 0.177191
v 0.260704 0.110855 0.177191
v 0.257472 0.235736 0.175572
v 0.257472 0.110745 0.175572
v 0.253932 0.235736 0.174846
v 0.253932 0.110652 0.174846
v 0.250324 0.110580 0.175060
v 0.250324 0.235736 0.175060
v 0.246894 0.235736 0.176201
v 0.254360 0.100676 0.175340
v 0.242864 0.101957 0.198167
v 0.259158 0.091301 0.177519
v 0.246645 0.094026 0.201812
v 0.264320 0.083167 0.181365
v 0.251518 0.087196 0.205324
v 0.269465 0.076439 0.186584
v 0.257163 0.081344 0.208481
v 0.274260 0.071113 0.192841
v 0.263296 0.076242 0.211181
v 0.278461 0.067040 0.199803
v 0.269683 0.071611 0.213455
v 0.281944 0.063961 0.207184
v 0.276164 0.067185 0.215464
v 0.284718 0.061564 0.214766
v 0.282648 0.062765 0.217476
v 0.378683 0.032130 0.323242
v 0.383906 0.023471 0.324892
v 0.387375 0.014183 0.325536
v 0.389022 0.004770 0.325325
v 0.388924 -0.004331 0.324491
v 0.387278 -0.012803 0.323312
v 0.384381 -0.020703 0.322080
v 0.380840 -0.224781 0.321353
v 0.377232 -0.224781 0.321567
v 0.376264 -0.233088 0.316541
v 0.371567 -0.233088 0.318103
v 0.371567 -0.260778 0.318103
v 0.367396 -0.224781 0.341210
v 0.362791 -0.233088 0.343446
v 0.361228 -0.233088 0.338749
v 0.361228 -0.260778 0.338749
v 0.397771 -0.260778 0.341368
v 0.395554 -0.233088 0.345795
v 0.395554 -0.260778 0.345795
v 0.397771 -0.233088 0.341368
v 0.392267 -0.233088 0.349497
v 0.392267 -0.260778 0.349497
v 0.388134 -0.233088 0.352222
v 0.388134 -0.260778 0.352222
v 0.383437 -0.233088 0.353785
v 0.383437 -0.260778 0.353785
v 0.378495 -0.233088 0.354078
v 0.378495 -0.260778 0.354078
v 0.373645 -0.260778 0.353083
v 0.373645 -0.233088 0.353083
v 0.369218 -0.260778 0.350866
v 0.369218 -0.233088 0.350866
v 0.365516 -0.260778 0.347579
v 0.365516 -0.233088 0.347579
v 0.362791 -0.260778 0.343446
v 0.362791 -0.233088 0.343446
v 0.376264 -0.260778 0.316541
v 0.376264 -0.233088 0.316541
v 0.381206 -0.260778 0.316247
v 0.381206 -0.233088 0.316247
v 0.386056 -0.260778 0.317243
v 0.386056 -0.233088 0.317243
v 0.390483 -0.233088 0.319459
v 0.390483 -0.260778 0.319459
v 0.394185 -0.260778 0.322746
v 0.394185 -0.233088 0.322746
v 0.396910 -0.260778 0.326879
v 0.396910 -0.233088 0.326879
v 0.398473 -0.260778 0.331577
v 0.398473 -0.233088 0.331577
v 0.398766 -0.260778 0.336519
v 0.398766 -0.233088 0.336519
v 0.369386 -0.224781 0.344228
v 0.372088 -0.020359 0.346627
v 0.374942 -0.011429 0.347809
v 0.377264 -0.001792 0.347129
v 0.378777 0.007994 0.344497
v 0.379269 0.017415 0.339965
v 0.378617 0.025945 0.333739
v 0.376801 0.033110 0.326169
v 0.245551 0.102426 0.200549
v 0.248769 0.102863 0.202151
v 0.252297 0.103238 0.202864
v 0.255896 0.103525 0.202639
v 0.259320 0.103706 0.201491
v 0.262335 0.103768 0.199499
v 0.264737 0.103706 0.196799
v 0.266361 0.103525 0.193574
v 0.267097 0.103238 0.190044
v 0.266895 0.102863 0.186450
v 0.265768 0.102426 0.183037
v 0.263793 0.101957 0.180037
v 0.261106 0.101488 0.177655
v 0.257888 0.101052 0.176053
v 0.262320 0.092167 0.179056
v 0.249807 0.094892 0.203349
v 0.266849 0.084541 0.183564
v 0.254919 0.088296 0.205890
v 0.271145 0.078234 0.189244
v 0.260581 0.082447 0.208047
v 0.274953 0.073150 0.195753
v 0.266539 0.077085 0.209826
v 0.278129 0.069072 0.202779
v 0.272610 0.071945 0.211361
v 0.280656 0.065710 0.210076
v 0.278684 0.066810 0.212900
v 0.382884 0.024814 0.328092
v 0.387341 0.015620 0.328858
v 0.390001 0.006051 0.328568
v 0.390838 -0.003402 0.327422
v 0.389966 -0.012334 0.325694
v 0.387613 -0.020594 0.323698
v 0.384381 -0.224781 0.322080
v 0.380840 -0.224781 0.321353
v 0.381206 -0.233088 0.316247
v 0.369386 -0.224781 0.344228
v 0.365516 -0.233088 0.347579
v 0.395554 -0.233088 0.345795
v 0.392933 -0.224781 0.339693
v 0.391315 -0.224781 0.342925
v 0.397771 -0.233088 0.341368
v 0.392267 -0.233088 0.349497
v 0.388915 -0.224781 0.345628
v 0.385898 -0.224781 0.347617
v 0.388134 -0.233088 0.352222
v 0.382468 -0.224781 0.348758
v 0.383437 -0.233088 0.353785
v 0.378861 -0.224781 0.348972
v 0.378495 -0.233088 0.354078
v 0.373645 -0.233088 0.353083
v 0.375320 -0.224781 0.348246
v 0.369218 -0.233088 0.350866
v 0.372088 -0.224781 0.346627
v 0.386056 -0.233088 0.317243
v 0.384381 -0.224781 0.322080
v 0.387613 -0.224781 0.323698
v 0.390483 -0.233088 0.319459
v 0.394185 -0.233088 0.322746
v 0.390315 -0.224781 0.326098
v 0.396910 -0.233088 0.326879
v 0.392305 -0.224781 0.329115
v 0.398473 -0.233088 0.331577
v 0.393446 -0.224781 0.332545
v 0.398766 -0.233088 0.336519
v 0.393660 -0.224781 0.336153
v 0.372088 -0.224781 0.346627
v 0.375320 -0.020250 0.348246
v 0.378470 -0.011054 0.348521
v 0.380826 -0.001221 0.346861
v 0.382140 0.008524 0.343279
v 0.382246 0.017651 0.337928
v 0.381080 0.025657 0.331110
v 0.253288 0.095635 0.204007
v 0.256849 0.096206 0.203739
v 0.260250 0.096565 0.202565
v 0.263257 0.096687 0.200564
v 0.265667 0.096565 0.197873
v 0.267314 0.096206 0.194674
v 0.268087 0.095635 0.191187
v 0.267933 0.094892 0.187649
v 0.266862 0.094026 0.184300
v 0.264947 0.093096 0.181369
v 0.268664 0.085915 0.186381
v 0.258420 0.089140 0.205552
v 0.271997 0.079907 0.192340
v 0.263891 0.083140 0.206768
v 0.274782 0.074899 0.198916
v 0.269494 0.077373 0.207763
v 0.276982 0.070631 0.205835
v 0.275100 0.071611 0.208762
v 0.386424 0.016722 0.332179
v 0.390076 0.007150 0.332015
v 0.391909 -0.002536 0.330771
v 0.391940 -0.011866 0.328694
v 0.390315 -0.020477 0.326098
v 0.387613 -0.224781 0.323698
v 0.392933 -0.224781 0.339693
v 0.391315 -0.020039 0.342925
v 0.391315 -0.224781 0.342925
v 0.392933 -0.020084 0.339693
v 0.388915 -0.020024 0.345628
v 0.388915 -0.224781 0.345628
v 0.385898 -0.020039 0.347617
v 0.385898 -0.224781 0.347617
v 0.382468 -0.224781 0.348758
v 0.382468 -0.020084 0.348758
v 0.378861 -0.020156 0.348972
v 0.378861 -0.224781 0.348972
v 0.375320 -0.224781 0.348246
v 0.390315 -0.224781 0.326098
v 0.392305 -0.224781 0.329115
v 0.392305 -0.020359 0.329115
v 0.393446 -0.224781 0.332545
v 0.393446 -0.020250 0.332545
v 0.393660 -0.020156 0.336153
v 0.393660 -0.224781 0.336153
v 0.382069 -0.010766 0.348296
v 0.384226 -0.000862 0.345687
v 0.385134 0.008705 0.341263
v 0.384686 0.017415 0.335272
v 0.261782 0.089670 0.204334
v 0.264777 0.089851 0.202318
v 0.267199 0.089670 0.199642
v 0.268885 0.089140 0.196488
v 0.269718 0.088296 0.193070
v 0.269643 0.087196 0.189623
v 0.271963 0.081344 0.195662
v 0.266867 0.083376 0.204732
v 0.273760 0.076242 0.202116
v 0.271956 0.077085 0.205134
v 0.389242 0.007994 0.335432
v 0.392063 -0.001792 0.334309
v 0.393067 -0.011429 0.332108
v 0.390909 -0.010585 0.342456
v 0.392533 -0.010766 0.339231
v 0.388508 -0.010523 0.345157
v 0.385492 -0.010585 0.347149
v 0.393269 -0.011054 0.335702
v 0.387234 -0.000740 0.343686
v 0.387557 0.008524 0.338586
v 0.269308 0.083140 0.202076
v 0.271046 0.082447 0.198982
v 0.391290 -0.001221 0.337796
v 0.389643 -0.000862 0.340995
vn -0.27955174057863147 -0.9571623283765381 0.07543938942131963
vn -0.39750188577749535 -0.8647664941645012 0.3068732008073897
vn -0.21692780113524052 -0.9651919519969518 0.1461055265722123
vn -0.4541626177794339 -0.8568059262917087 0.2441719092834782
vn -0.39575031571123714 -0.8661266712291298 0.3052970307749539
vn -0.21590714889238224 -0.9655565411050967 0.14520560934869028
vn -0.08546082282209864 -0.9914448612670261 -0.09865867843113106
vn -0.021422515734976978 -0.9994645875973734 -0.02473083011944147
vn -0.3606457660267386 -0.9325257031431261 -0.018178130388066566
vn -0.526754110543811 -0.8347524054509624 0.16036997418167273
vn -0.5507517035429457 -0.705180712337768 0.44653412410625604
vn -0.5972171720074372 -0.6976101037723969 0.39581787803749474
vn -0.4508302382062032 -0.8595119255881635 0.24081392420428122
vn -0.27755274644294975 -0.9578884389831755 0.07358132510596994
vn -0.02142251573497773 -0.9994645875973734 -0.02473083011944082
vn -0.5487548086153239 -0.7078997023722785 0.44468659908164393
vn 0.17555197022006994 -0.9651919519969628 -0.1938710951950919
vn 0.11454029744912175 -0.9571623283765491 -0.2659338214613734
vn -0.16945936070464543 -0.9659258367304501 -0.195629248851375
vn -0.43894057921770574 -0.8919332901413265 -0.1085641462624435
vn -0.5968398721907824 -0.7984160271154752 0.07946077402361128
vn -0.6563210428793247 -0.6796541777923867 0.327586457722462
vn -0.69901613351046 -0.4908880071553842 0.520005201438507
vn -0.6662256954401594 -0.4974947133646522 0.5555558773962335
vn -0.5236509373791682 -0.8373887753508693 0.15674735946193807
vn -0.3587083179116385 -0.9332331119950148 -0.020107245885575203
vn -0.08546082282209842 -0.9914448612670261 -0.09865867843113126
vn -0.5935734960807537 -0.7030116012540749 0.3917208103390131
vn 0.17451567894746875 -0.9655565411051077 -0.192989232162431
vn -0.6645340686549084 -0.5015712944913432 0.5539139898388846
vn 0.36043109154471287 -0.8647664941645224 -0.34966889884330243
vn 0.3064523073092462 -0.8568059262917298 -0.4146933662553695
vn 0.03344626164586431 -0.9325257031431371 -0.3595513323008475
vn -0.2505584394398275 -0.9238795411308403 -0.28925259187316915
vn -0.5130964539964139 -0.8360796910662922 -0.1941720347598982
vn -0.6632207059310598 -0.7484185286376097 0.0028286421163536716
vn -0.7133847607184383 -0.65006916357461 0.2617102706125677
vn -0.7406058426409858 -0.4782529098611179 0.4719927330536017
vn -0.752857461115293 -0.2510729136906819 0.6084143614790057
vn -0.7361225449198696 -0.2560174133513347 0.6265609969680419
vn -0.5939580793397439 -0.8009376187051502 0.0755826099705857
vn -0.4370624696383982 -0.892609935871466 -0.11056174753105814
vn -0.1694593607046451 -0.9659258367304501 -0.1956292488513753
vn -0.6531350006198166 -0.6849166573615156 0.32296105559971244
vn 0.11241611504751846 -0.9578884389831865 -0.26422027844201695
vn -0.6961613257125375 -0.49897458805949274 0.5161237923725485
vn 0.3586212112476701 -0.8661266712291509 -0.34816004398661893
vn -0.7352044733853198 -0.2610868937884437 0.625546174319783
vn 0.5205220199632117 -0.705180712337798 -0.4814322275047377
vn 0.4769516085572725 -0.6976101037724269 -0.5346562505098527
vn 0.23386079617169678 -0.8347524054509836 -0.4984952854418349
vn -0.04484855722936698 -0.8919332901413375 -0.4499373432513607
vn -0.32737039286708985 -0.8660254059394275 -0.3779267417655136
vn -0.581844683386784 -0.7659204783571997 -0.2735371734291546
vn -0.7247608022585975 -0.685615388734007 -0.06821523466638918
vn -0.76743192029103 -0.6093612765236451 0.19931653817958914
vn -0.7807599098393274 -0.45743480520771795 0.4256375948765131
vn -0.7741292062499276 -0.24461051180061202 0.5838575764238222
vn -0.7553785624989433 0.005380569935763022 0.6552665692557468
vn -0.7557924744281497 0.002716391056990902 0.6548055870389319
vn -0.6605485565003908 -0.7507822163688145 -0.001291545423380437
vn -0.5112746517169043 -0.836713927045275 -0.1962346422022173
vn -0.25055843943982714 -0.9238795411308403 -0.2892525918731695
vn -0.7106405526265838 -0.6551025593470141 0.256574826706705
vn 0.031260532720613556 -0.9332331119950258 -0.35790884002788087
vn -0.7384361639051469 -0.48613130646846975 0.4673204304418007
vn 0.30265335957658784 -0.8595119255881846 -0.4118740022248255
vn -0.7516756297653786 -0.2611183946442812 0.6056409262881884
vn 0.5184085685089135 -0.7078997023723084 -0.47971925902316714
vn -0.755908920654708 -0.0027163910569486275 0.6546711578298373
vn 0.6143887518461572 -0.4908880071554208 -0.6177017290212975
vn 0.6448990983908797 -0.49749471336468887 -0.5801759759493811
vn 0.4178476967783889 -0.6796541777924167 -0.602887635390136
vn 0.1637750553895778 -0.7984160271154963 -0.5794045036735973
vn -0.11900443186307946 -0.8360796910663033 -0.5355452318744145
vn -0.39858093652217835 -0.7933533435810254 -0.460134446949922
vn -0.6440088642072533 -0.6826561971657317 -0.345301461470561
vn -0.7804072063792294 -0.6110811790253983 -0.13245521836566468
vn -0.8175378174450773 -0.5582269972885189 0.1414727413510591
vn -0.8187913350997612 -0.4287898158056888 0.3817329477879454
vn -0.7946666884764965 -0.23396271262318621 0.5601484654337632
vn -0.7549227021823195 0.005242077937420699 0.655792828832889
vn -0.706659727058003 0.261118394644322 0.6576087089848193
vn -0.7240122037888388 0.2610868937884845 0.6384668845419545
vn -0.7222830221929929 -0.6877807184884199 -0.07255976245350984
vn -0.5800750065982052 -0.7665015180923936 -0.27565995262668874
vn -0.32737039286708997 -0.8660254059394275 -0.37792674176551355
vn -0.7651062118423776 -0.6140794643990365 0.19369795043727006
vn -0.047093608346740014 -0.8926099358714771 -0.44836335090683055
vn -0.7792516969040035 -0.464970290830651 0.4202016438771877
vn 0.22983261579266626 -0.8373887753508902 -0.49594052832394825
vn -0.7737984649441877 -0.2543973955530056 0.5801016297045427
vn 0.4723767345360225 -0.7030116012541048 -0.531634187361219
vn -0.7563061540496181 -0.005380569935720748 0.654195728214303
vn 0.6430327221001751 -0.5015712944913797 -0.5787358247513977
vn -0.7251475947353959 0.25601741335137557 0.6392308267835186
vn 0.7095733706804063 -0.2510729136907228 -0.6583828852818833
vn 0.7251475947353959 -0.25601741335137557 -0.6392308267835186
vn 0.5727990506520665 -0.4782529098611546 -0.6657142042809583
vn 0.36078395384860606 -0.6500691635746401 -0.6687638007658121
vn 0.09739422492191076 -0.7484185286376309 -0.6560366384156786
vn -0.18775266817843445 -0.7659204783572107 -0.6149103645450612
vn -0.462971649652508 -0.707106786250624 -0.5344691239504388
vn -0.8292078021734114 -0.5260911928118607 -0.18879215465832894
vn -0.698525382387937 -0.5877114854235633 -0.4082370635562319
vn -0.8628450128429738 -0.497541388771768 0.08916866193382636
vn -0.8540493599795661 -0.39280820096361435 0.34102992240303837
vn -0.814118493116618 -0.21931180964188166 0.5376926718090274
vn -0.7544825775764392 0.005013892940138362 0.6563009226042558
vn -0.6845368962982348 0.2543973955530463 0.6831480093963581
vn -0.610139847079244 0.49897458805952927 0.615429709615111
vn -0.6430327221001751 0.5015712944913797 0.5787358247513977
vn -0.7781051708335065 -0.6130111131037466 -0.1370026216298997
vn -0.6422863371896572 -0.6831740685371366 -0.34747870889870347
vn -0.39858093652217796 -0.7933533435810254 -0.46013444694992234
vn -0.8156000430841409 -0.5625492871800978 0.1354063115748734
vn -0.121305793491945 -0.8367139270452859 -0.5340362429215318
vn -0.817909645618619 -0.4358534042239219 0.37557372329603106
vn 0.15952551360832226 -0.8009376187051713 -0.5771053122705512
vn -0.795157631224283 -0.2433235967780299 0.5554439384463477
vn 0.4128151617362906 -0.6849166573615454 -0.600393882971277
vn -0.7567620143673222 -0.005242077937378425 0.6536694686380964
vn 0.610139847079244 -0.49897458805952927 -0.615429709615111
vn -0.7095733706804063 0.2510729136907228 0.6583828852818833
vn 0.7240122037888388 -0.2610868937884845 -0.6384668845419545
vn -0.6448990983908797 0.49749471336468887 0.5801759759493811
vn 0.7563061540496181 0.005380569935720748 -0.654195728214303
vn 0.755908920654708 0.0027163910569486275 -0.6546711578298373
vn 0.6883016163525718 -0.2446105118006529 -0.6829396623736679
vn 0.532644971325186 -0.4574348052077546 -0.7120693319519774
vn 0.3067368130814198 -0.6093612765236751 -0.7311575494885428
vn 0.03585408699170387 -0.6856153887340283 -0.7270804791610613
vn -0.24991683949914745 -0.6826561971657427 -0.6866746608154143
vn -0.5194407899042537 -0.6087614356976734 -0.5996588865271257
vn -0.8703276022190682 -0.43209961884506365 -0.23626210912788873
vn -0.7444614861467321 -0.48271079806419614 -0.46126714718959305
vn -0.9025783667418982 -0.42834269870557745 0.04329924196970166
vn -0.8859307517345231 -0.3501054140348986 0.3042250847556047
vn -0.8321518326802694 -0.2009083112121617 0.5168744314170959
vn -0.7540657198403241 0.00469991894389164 0.6567821563681634
vn -0.6631777362000363 0.24332359677807067 0.7078057060094798
vn -0.5678650575282101 0.4861313064685063 0.6642331136805104
vn -0.4723767345360225 0.7030116012541048 0.531634187361219
vn -0.5184085685089135 0.7078997023723084 0.47971925902316714
vn -0.6968442326041072 -0.5881573159180763 -0.4104620411419758
vn -0.8270598850547389 -0.5277527156570689 -0.19351748667712373
vn -0.46297164965250986 -0.707106786250624 -0.5344691239504372
vn -0.861258055609446 -0.5013937842402241 0.0826972476755052
vn -0.19010615177351617 -0.7665015180924045 -0.613461550400597
vn -0.8537485081550681 -0.3992789985733958 0.3342001886911824
vn 0.09293503527848555 -0.7507822163688356 -0.6539794666517332
vn -0.8153877355025277 -0.22808649400385933 0.5320896466245958
vn 0.3553096099401901 -0.655102559347044 -0.6667801120467697
vn -0.7572021389710086 -0.005013892940096088 0.6531613748648294
vn 0.5678650575282101 -0.4861313064685063 -0.6642331136805104
vn -0.6883016163525718 0.2446105118006529 0.6829396623736679
vn 0.706659727058003 -0.261118394644322 -0.6576087089848193
vn -0.6143887518461572 0.4908880071554208 0.6177017290212975
vn 0.7557924744281497 -0.002716391056990902 -0.6548055870389319
vn -0.5205220199632117 0.705180712337798 0.4814322275047377
vn 0.7516756297653786 0.2611183946442812 -0.6056409262881884
vn 0.7352044733853198 0.2610868937884437 -0.625546174319783
vn 0.7567620143673222 0.005242077937378425 -0.6536694686380964
vn 0.6677641424785165 -0.2339627126232271 -0.7066487805989006
vn 0.4946135795257832 -0.42878981580572556 -0.7559740080253976
vn 0.25663095209341735 -0.5582269972885489 -0.7890013776450816
vn -0.019792330737699506 -0.6110811790254196 -0.7913204510720498
vn -0.3044333658179067 -0.5877114854235743 -0.7496102558516634
vn -0.5670221549225702 -0.50000000700997 -0.654588320104319
vn -0.9030630039722023 -0.3307147137331425 -0.27405289448773856
vn -0.7810311175714447 -0.36945089940394565 -0.5034842860653308
vn -0.9360580482560261 -0.3518148876933409 0.004649203420068965
vn -0.9138899839253863 -0.30141230101332267 0.27194801355904685
vn -0.8484580851357302 -0.17906730954218203 0.49804997381902794
vn -0.7536792597510357 0.004305527948587315 0.6572282981203826
vn -0.6429476128943432 0.2280864940039001 0.7311599813491398
vn -0.5270494813870628 0.4649702908306875 0.7113518628741013
vn -0.4128151617362906 0.6849166573615454 0.600393882971277
vn -0.3586212112476701 0.8661266712291509 0.34816004398661893
vn -0.30265335957658784 0.8595119255881846 0.4118740022248255
vn -0.8683095354523541 -0.43346431178363903 -0.24113739040732185
vn -0.7428151643494524 -0.4830770188440095 -0.4635323348778168
vn -0.5194407899042515 -0.6087614356976734 -0.5996588865271276
vn -0.9012990636681053 -0.43165929096751615 0.03647265211658759
vn -0.2523175095293387 -0.6831740685371475 -0.6852802831420973
vn -0.8861550583252789 -0.3558728085153504 0.296789077905368
vn 0.031200573412775615 -0.6877807184884409 -0.7252476869968203
vn -0.8341425920080957 -0.20894669544439406 0.5104384533524909
vn 0.3008439550749606 -0.6140794643990664 -0.7296569920847815
vn -0.7576189967082172 -0.0046999189438493676 0.652680141101869
vn 0.5270494813870628 -0.4649702908306875 -0.7113518628741013
vn -0.6677641424785165 0.2339627126232271 0.7066487805989006
vn 0.6845368962982348 -0.2543973955530463 -0.6831480093963581
vn -0.5727990506520665 0.4782529098611546 0.6657142042809583
vn 0.7553785624989433 -0.005380569935763022 -0.6552665692557468
vn -0.4769516085572725 0.6976101037724269 0.5346562505098527
vn 0.7361225449198696 0.2560174133513347 -0.6265609969680419
vn -0.36043109154471287 0.8647664941645224 0.34966889884330243
vn 0.6961613257125375 0.49897458805949274 -0.5161237923725485
vn 0.6645340686549084 0.5015712944913432 -0.5539139898388846
vn 0.7737984649441877 0.2543973955530056 -0.5801016297045427
vn 0.7572021389710086 0.005013892940096088 -0.6531613748648294
vn 0.6483123232293466 -0.21931180964192254 -0.7291045615688825
vn 0.4593555094543364 -0.39280820096365104 -0.7966769942640789
vn 0.21132373767187207 -0.49754138877179804 -0.841305440583514
vn -0.06859291081721682 -0.526091192811882 -0.8476574009771829
vn -0.3503694613828316 -0.4827107980642072 -0.802640346582777
vn -0.6049016186616827 -0.38268342091281926 -0.6983175718102316
vn -0.9268539040343272 -0.22367120353266987 -0.3015178822003319
vn -0.8076086305792178 -0.2498695037310152 -0.5341662015882104
vn -0.9627111541322765 -0.26926748626230057 -0.02612000289589986
vn -0.9374486379486234 -0.2475619095600395 0.2447512045797889
vn -0.862758281679391 -0.15416240864003963 0.4815413784462624
vn -0.7533298115058267 0.0038374679541806696 0.65763171223436
vn -0.6241927629311395 0.20894669544443484 0.752811180288418
vn -0.4883915710926613 0.4358534042239584 0.7559798167358892
vn -0.3553096099401901 0.655102559347044 0.6667801120467697
vn -0.22983261579266626 0.8373887753508902 0.49594052832394825
vn -0.17451567894746875 0.9655565411051077 0.192989232162431
vn -0.11241611504751846 0.9578884389831865 0.26422027844201695
vn -0.7794125647729703 -0.36973111835393196 -0.5057815279295708
vn -0.9011483255320976 -0.3317592102732495 -0.2790475260409351
vn -0.5670221549225718 -0.5000000070099702 -0.6545883201043178
vn -0.9350379550919812 -0.3545389807223934 -0.0024766278954839703
vn -0.3068753764299385 -0.5881573159180872 -0.7482636400848398
vn -0.914574844011155 -0.30637759919300467 0.26398034285662686
vn -0.02462157937583591 -0.6130111131037677 -0.7896905425800155
vn -0.8511012402130101 -0.1862317983854009 0.4908608725270486
vn 0.2503501613392826 -0.5625492871801274 -0.7879486634359663
vn -0.7580054567924602 -0.004305527948545042 0.6522339993452793
vn 0.4883915710926613 -0.4358534042239584 -0.7559798167358892
vn -0.6483123232293466 0.21931180964192254 0.7291045615688825
vn 0.6631777362000363 -0.24332359677807067 -0.7078057060094798
vn -0.532644971325186 0.4574348052077546 0.7120693319519774
vn 0.7549227021823195 -0.005242077937420699 -0.655792828832889
vn -0.4178476967783889 0.6796541777924167 0.602887635390136
vn 0.752857461115293 0.2510729136906819 -0.6084143614790057
vn -0.3064523073092462 0.8568059262917298 0.4146933662553695
vn 0.6662256954401594 0.4974947133646522 -0.5555558773962335
vn -0.17555197022006994 0.9651919519969628 0.1938710951950919
vn 0.5935734960807537 0.7030116012540749 -0.3917208103390131
vn 0.5487548086153239 0.7078997023722785 -0.44468659908164393
vn 0.7384361639051469 0.48613130646846975 -0.4673204304418007
vn 0.795157631224283 0.2433235967780299 -0.5554439384463477
vn 0.7576189967082172 0.0046999189438493676 -0.652680141101869
vn 0.6302790009854264 -0.20090831121220262 -0.7499228169636348
vn 0.42747416712872816 -0.3501054140349353 -0.8334818747285551
vn 0.17159040476813117 -0.4283426987056075 -0.8871748787342358
vn -0.10971266729782418 -0.43209961884508485 -0.8951273931839698
vn -0.3869390918629241 -0.3694508994039566 -0.8448574862767703
vn -0.6324310448093674 -0.2588190130523722 -0.7300984125745842
vn -0.8237392402944088 -0.12601280536075274 -0.5527878769331899
vn -0.9412932538250485 -0.11280060462687679 -0.31818710517439885
vn -0.9820816832035634 -0.182112795167879 -0.04848192809901306
vn -0.9562036646862109 -0.18947570262753302 0.2230997753348552
vn -0.8748077941556862 -0.12661970562488206 0.4676310227432853
vn -0.7530233535391192 0.0033037479605548714 0.6579854970089475
vn -0.6072341338784016 0.18623179838544168 0.7723887777039953
vn -0.4525526912293119 0.39927899857343235 0.797353336331707
vn -0.3008439550749606 0.6140794643990664 0.7296569920847815
vn -0.15952551360832226 0.8009376187051713 0.5771053122705512
vn -0.031260532720613556 0.9332331119950258 0.35790884002788087
vn 0.021422515734977225 0.9994645875973734 0.024730830119441258
vn 0.08546082282209859 0.9914448612670261 0.0986586784311311
vn -0.925014366187576 -0.22437759548707079 -0.3065992775432413
vn -0.80601021147905 -0.2500591061094522 -0.5364867029510039
vn -0.6049016186616818 -0.38268342091281926 -0.6983175718102324
vn -0.961897447683376 -0.2713523845427802 -0.03348407895035868
vn -0.35284630351749846 -0.4830770188440204 -0.8013339378553808
vn -0.9385216084474481 -0.2516401028951393 0.23633545881255105
vn -0.07357628734962399 -0.5277527156570899 -0.8462054130389453
vn -0.8659736003058782 -0.1603304965455799 0.4736917304014531
vn 0.20469213960099064 -0.5013937842402538 -0.8406577193547955
vn -0.7583549050384353 -0.0038374679541383966 0.6518305852319655
vn 0.4525526912293119 -0.39927899857343235 -0.797353336331707
vn -0.6302790009854264 0.20090831121220262 0.7499228169636348
vn 0.6429476128943432 -0.2280864940039001 -0.7311599813491398
vn -0.4946135795257832 0.42878981580572556 0.7559740080253976
vn 0.7544825775764392 -0.005013892940138362 -0.6563009226042558
vn -0.36078395384860606 0.6500691635746401 0.6687638007658121
vn 0.7741292062499276 0.24461051180061202 -0.5838575764238222
vn -0.23386079617169678 0.8347524054509836 0.4984952854418349
vn 0.69901613351046 0.4908880071553842 -0.520005201438507
vn -0.11454029744912175 0.9571623283765491 0.2659338214613734
vn 0.5507517035429457 0.705180712337768 -0.44653412410625604
vn 0.02142251573497762 0.9994645875973734 0.024730830119440914
vn 0.39575031571123714 0.8661266712291298 -0.3052970307749539
vn 0.4508302382062032 0.8595119255881635 -0.24081392420428122
vn 0.6531350006198166 0.6849166573615156 -0.32296105559971244
vn 0.7792516969040035 0.464970290830651 -0.4202016438771877
vn 0.8153877355025277 0.22808649400385933 -0.5320896466245958
vn 0.7580054567924602 0.004305527948545042 -0.6522339993452793
vn 0.6139727448459646 -0.17906730954222294 -0.7687472713705213
vn 0.39951488670214763 -0.3014123010133594 -0.8657589041420264
vn 0.13811068892513853 -0.3518148876933708 -0.9258248875472751
vn -0.14244807063843465 -0.33071471373316375 -0.9329181771687047
vn -0.41351659835034127 -0.2498695037310263 -0.8755394074477594
vn -0.6491393920071402 -0.13052619670655172 -0.7493870573461507
vn -0.9451643887569247 -0.028309520111832638 -0.32536571622834953
vn -0.8281904294175346 -0.0315971088496717 -0.5595553907644368
vn -0.9938381814374374 -0.0918421211257101 -0.062053959617881974
vn -0.9698341334302873 -0.1281475030319364 0.20736434384966904
vn -0.8844003452967681 -0.09691052529162134 0.4565570931730873
vn -0.7527651296733373 0.0027134989676152205 0.6582835988168293
vn -0.5923617550083632 0.16033049654562068 0.7895579035642964
vn -0.42014617698373996 0.35587280851538694 0.8347644782364179
vn -0.2503501613392826 0.5625492871801274 0.7879486634359663
vn -0.09293503527848555 0.7507822163688356 0.6539794666517332
vn 0.047093608346740014 0.8926099358714771 0.44836335090683055
vn 0.16945936070464546 0.9659258367304501 0.19562924885137498
vn 0.27755274644294975 0.9578884389831755 -0.07358132510596994
vn 0.21590714889238224 0.9655565411050967 -0.14520560934869028
vn -0.8221530662472627 -0.12610840676084425 -0.5551225138692047
vn -0.9394993183083884 -0.11315690454533346 -0.3233211187840841
vn -0.6324310448093683 -0.2588190130523722 -0.7300984125745835
vn -0.9814179546267525 -0.18352288971962347 -0.056019168908511593
vn -0.38944369979446464 -0.36973111835394284 -0.8435831344989904
vn -0.957585603075708 -0.19259699669599162 0.21432734227302153
vn -0.11482593961785112 -0.43346431178365996 -0.8938253151487685
vn -0.8785052039100986 -0.13168579660353 0.4592248443581529
vn 0.1646511427421829 -0.43165929096754596 -0.8868823246153283
vn -0.7586613630045419 -0.003303747960512598 0.6514768004568575
vn 0.42014617698373996 -0.35587280851538694 -0.8347644782364179
vn -0.6139727448459646 0.17906730954222294 0.7687472713705213
vn 0.6241927629311395 -0.20894669544443484 -0.752811180288418
vn -0.4593555094543364 0.39280820096365104 0.7966769942640789
vn 0.7540657198403241 -0.00469991894389164 -0.6567821563681634
vn -0.3067368130814198 0.6093612765236751 0.7311575494885428
vn 0.7946666884764965 0.23396271262318621 -0.5601484654337632
vn -0.1637750553895778 0.7984160271154963 0.5794045036735973
vn 0.7406058426409858 0.4782529098611179 -0.4719927330536017
vn -0.03344626164586431 0.9325257031431371 0.3595513323008475
vn 0.5972171720074372 0.6976101037723969 -0.39581787803749474
vn 0.08546082282209809 0.9914448612670259 0.0986586784311315
vn 0.39750188577749535 0.8647664941645012 -0.3068732008073897
vn 0.21692780113524052 0.9651919519969518 -0.1461055265722123
vn 0.5236509373791682 0.8373887753508693 -0.15674735946193807
vn 0.7106405526265838 0.6551025593470141 -0.256574826706705
vn 0.817909645618619 0.4358534042239219 -0.37557372329603106
vn 0.8341425920080957 0.20894669544439406 -0.5104384533524909
vn 0.7583549050384353 0.0038374679541383966 -0.6518305852319655
vn 0.5996725523339864 -0.1541624086400805 -0.7852558702356395
vn 0.37595627898283845 -0.24756190956007618 -0.8929557532310023
vn 0.1114575658211033 -0.2692674862623306 -0.9565940789400693
vn -0.1662389902723632 -0.22367120353269115 -0.960383147927671
vn -0.4296471971847923 -0.12601280536076376 -0.8941610922179306
vn -0.6543902342619844 -0.0327190800615901 -0.7554487958177367
vn -0.9449489027783908 0 -0.32721792606444267
vn -0.8280602968819111 0 -0.5606390503058464
vn -0.9973474393633717 -0.023085230568110883 -0.06903011896949554
vn -0.9781068433038669 -0.06462663116118551 0.19781405821351686
vn -0.8913718896071119 -0.06554318321408059 0.4485089135707474
vn -0.7525595580932636 0.0020768229752173408 0.6585209171535868
vn -0.5798301452112296 0.13168579660357077 0.8040247842431272
vn -0.3917263565998349 0.3063775991930412 0.8675731832287852
vn -0.20469213960099064 0.5013937842402538 0.8406577193547955
vn -0.031200573412775615 0.6877807184884409 0.7252476869968203
vn 0.121305793491945 0.8367139270452859 0.5340362429215318
vn 0.2505584394398279 0.9238795411308403 0.2892525918731688
vn 0.3587083179116385 0.9332331119950148 0.020107245885575203
vn -0.8274006690151112 -0.031609051767247806 -0.5607218568592828
vn -0.9442742269914828 -0.028354049362437943 -0.3279363232769286
vn -0.649139392007139 -0.13052619670655172 -0.7493870573461517
vn -0.9932654872463558 -0.09255324080889321 -0.06969626576101935
vn -0.4160413563313511 -0.25005910610946314 -0.8742883010047121
vn -0.9714406051530984 -0.13025850214245577 0.19833273375664906
vn -0.1476647268485091 -0.33175921027327054 -0.931735453250337
vn -0.8884815661858496 -0.10078789873620485 0.44770783555381327
vn 0.13091221566368635 -0.35453898072242324 -0.9258315737424004
vn -0.7589195868755229 -0.002713498967572947 0.6511786986534792
vn 0.3917263565998349 -0.3063775991930412 -0.8675731832287852
vn -0.5996725523339864 0.1541624086400805 0.7852558702356395
vn 0.6072341338784016 -0.18623179838544168 -0.7723887777039953
vn -0.42747416712872816 0.3501054140349353 0.8334818747285551
vn 0.7536792597510357 -0.004305527948587315 -0.6572282981203826
vn -0.25663095209341735 0.5582269972885489 0.7890013776450816
vn 0.814118493116618 0.21931180964188166 -0.5376926718090274
vn -0.09739422492191076 0.7484185286376309 0.6560366384156786
vn 0.7807599098393274 0.45743480520771795 -0.4256375948765131
vn 0.04484855722936698 0.8919332901413375 0.4499373432513607
vn 0.6563210428793247 0.6796541777923867 -0.327586457722462
vn 0.16945936070464543 0.9659258367304501 0.195629248851375
vn 0.4541626177794339 0.8568059262917087 -0.2441719092834782
vn 0.27955174057863147 0.9571623283765381 -0.07543938942131963
vn 0.5939580793397439 0.8009376187051502 -0.0755826099705857
vn 0.7651062118423776 0.6140794643990365 -0.19369795043727006
vn 0.8537485081550681 0.3992789985733958 -0.3342001886911824
vn 0.8511012402130101 0.1862317983854009 -0.4908608725270486
vn 0.7586613630045419 0.003303747960512598 -0.6514768004568575
vn 0.5876230228619479 -0.12661970562492295 -0.7991662112164429
vn 0.35720121973936253 -0.18947570262756974 -0.914607154318454
vn 0.09208706305103712 -0.18211279516790904 -0.9789560269260134
vn -0.18067832087706792 -0.11280060462689807 -0.977052387521186
vn -0.43571065283072147 -0.03159710884968267 -0.8995320170634105
vn -0.654740790621856 0 -0.7558534891735744
vn -0.8044643107064232 0.5246289070081072 -0.2785707858536465
vn -0.7049534456371692 0.5246289145584315 -0.4772893687204066
vn -0.997440780746303 0 -0.07149747480999095
vn -0.9812924776835411 -0.016286290495151613 0.191832817796134
vn -0.8956030923514757 -0.033054371831713475 0.44362428864218506
vn -0.752410156071022 0.00140461098324773 0.6586933915784837
vn -0.5698538022630066 0.1007878987362456 0.8155418097894959
vn -0.36777961063346154 0.25164010289517574 0.8952180832720064
vn -0.1646511427421829 0.43165929096754596 0.8868823246153283
vn 0.02462157937583591 0.6130111131037677 0.7896905425800155
vn 0.19010615177351617 0.7665015180924045 0.613461550400597
vn 0.3273703928670885 0.8660254059394275 0.3779267417655148
vn 0.4370624696383982 0.892609935871466 0.11056174753105814
vn -0.6543902342619855 -0.0327190800615901 -0.7554487958177357
vn -0.9970724998846576 -0.02317424024378172 -0.07286552382905781
vn -0.43218419972046745 -0.12610840676085516 -0.8929241217797947
vn -0.9798496014365028 -0.06569124865817565 0.18862507366322356
vn -0.17153080599118975 -0.22437759548709182 -0.9592871714139847
vn -0.895732030902685 -0.06816557886705961 0.439337663617257
vn 0.10405272031161539 -0.27135238454281 -0.9568390224059027
vn -0.7591251584546352 -0.0020768229751750677 0.650941380315889
vn 0.36777961063346154 -0.25164010289517574 -0.8952180832720064
vn -0.5876230228619479 0.12661970562492295 0.7991662112164429
vn 0.5923617550083632 -0.16033049654562068 -0.7895579035642964
vn -0.39951488670214763 0.3014123010133594 0.8657589041420264
vn 0.7533298115058267 -0.0038374679541806696 -0.65763171223436
vn -0.21132373767187207 0.49754138877179804 0.841305440583514
vn 0.8321518326802694 0.2009083112121617 -0.5168744314170959
vn -0.03585408699170387 0.6856153887340283 0.7270804791610613
vn 0.8187913350997612 0.4287898158056888 -0.3817329477879454
vn 0.11900443186307946 0.8360796910663033 0.5355452318744145
vn 0.7133847607184383 0.65006916357461 -0.2617102706125677
vn 0.25055843943982753 0.9238795411308403 0.2892525918731691
vn 0.526754110543811 0.8347524054509624 -0.16036997418167273
vn 0.3606457660267386 0.9325257031431261 0.018178130388066566
vn 0.6605485565003908 0.7507822163688145 0.001291545423380437
vn 0.8156000430841409 0.5625492871800978 -0.1354063115748734
vn 0.8861550583252789 0.3558728085153504 -0.296789077905368
vn 0.8659736003058782 0.1603304965455799 -0.4736917304014531
vn 0.7589195868755229 0.002713498967572947 -0.6511786986534792
vn 0.578030486608128 -0.09691052529166223 -0.810240153682391
vn 0.34357076385673174 -0.12814750303197311 -0.9303425969445731
vn 0.08033060648514317 -0.09184212112574013 -0.9925280945388165
vn -0.18723140332491325 -0.028309520111853833 -0.9819078229039733
vn -0.4368017939504264 0 -0.8995577762443552
vn -0.5574011425666662 0.5246289174402803 -0.6434815189660187
vn -0.5574011425666678 0.5246289174402803 -0.6434815189660172
vn -0.8491522643973092 0.5246289320527165 -0.06086801723523036
vn -0.9819587188321596 0 0.18909541112756736
vn -0.898260111899703 -0.00838114144490831 0.43938425988878305
vn -0.7523194797113231 0.0007083654915614905 0.658798071236714
vn -0.5626033315945339 0.06816557886710038 0.8239119765705823
vn -0.34871557856652097 0.19259699669602814 0.9172261673811354
vn -0.13091221566368635 0.35453898072242324 0.9258315737424004
vn 0.07357628734962399 0.5277527156570899 0.8462054130389453
vn 0.2523175095293387 0.6831740685371475 0.6852802831420973
vn 0.39858093652217874 0.7933533435810254 0.46013444694992167
vn 0.5112746517169043 0.836713927045275 0.1962346422022173
vn 0 1 0
vn -0.6547407906218553 0 -0.7558534891735752
vn -0.4369778359672428 -0.031609051767258714 -0.8989167028817299
vn -0.9821825801176438 -0.01641973987873282 0.18721050038863474
vn -0.18601571269072825 -0.1131569045453545 -0.9760090519999668
vn -0.9001325409820515 -0.03437688932787017 0.43425757120093444
vn 0.0845322143775365 -0.18352288971965328 -0.9793741132383366
vn -0.7592745604791716 -0.0014046109832054567 0.6507689058929801
vn 0.34871557856652097 -0.19259699669602814 -0.9172261673811354
vn -0.578030486608128 0.09691052529166223 0.810240153682391
vn 0.5798301452112296 -0.13168579660357077 -0.8040247842431272
vn -0.37595627898283845 0.24756190956007618 0.8929557532310023
vn 0.7530233535391192 -0.0033037479605548714 -0.6579854970089475
vn -0.17159040476813117 0.4283426987056075 0.8871748787342358
vn 0.8484580851357302 0.17906730954218203 -0.49804997381902794
vn 0.019792330737699506 0.6110811790254196 0.7913204510720498
vn 0.8540493599795661 0.39280820096361435 -0.34102992240303837
vn 0.18775266817843445 0.7659204783572107 0.6149103645450612
vn 0.76743192029103 0.6093612765236451 -0.19931653817958914
vn 0.3273703928670887 0.8660254059394275 0.37792674176551466
vn 0.5968398721907824 0.7984160271154752 -0.07946077402361128
vn 0.43894057921770574 0.8919332901413265 0.1085641462624435
vn 0.7222830221929929 0.6877807184884199 0.07255976245350984
vn 0.861258055609446 0.5013937842402241 -0.0826972476755052
vn 0.914574844011155 0.30637759919300467 -0.26398034285662686
vn 0.8785052039100986 0.13168579660353 -0.4592248443581529
vn 0.7591251584546352 0.0020768229751750677 -0.650941380315889
vn 0.5710589341587531 -0.06554318321412149 -0.8182883262344813
vn 0.33529804650744127 -0.06462663116122223 -0.9398928761050618
vn 0.07392629176503407 -0.023085230568140838 -0.9969964771830876
vn -0.18909541112756736 0 -0.9819587188321596
vn -0.37186286736104995 0.5246289145584222 -0.7658214608427147
vn -0.654740790621853 0 -0.755853489173577
vn -0.6547407906218538 0 -0.7558534891735763
vn -0.8359719173364716 0.5246289070081024 0.160982804535973
vn 0 -1 0
vn -0.8995577762443552 0 0.4368017939504264
vn -0.7540721655387047 0.00008892544188604416 0.6567915660634156
vn -0.5582028172408738 0.03437688932791095 0.828992065284396
vn -0.334860620384577 0.1302585021424923 0.9332208139209339
vn -0.10405272031161539 0.27135238454281 0.9568390224059027
vn 0.11482593961785112 0.43346431178365996 0.8938253151487685
vn 0.3068753764299385 0.5881573159180872 0.7482636400848398
vn 0.46297164965251014 0.707106786250624 0.5344691239504369
vn 0.5800750065982052 0.7665015180923936 0.27565995262668874
vn -0.9005525762769698 -0.008547099804961683 0.4346630930339457
vn -0.7576292295443127 -0.00008892544184377044 0.6526851788054919
vn -0.7558534891735716 0 0.6547407906218591
vn -0.5630100291259751 0.008381141444949171 0.826407565049866
vn -0.5606390503058464 0 0.8280602968819111
vn -0.32983232079054153 0.016286290495188278 0.9438990395714106
vn -0.32721792606444267 0 0.9449489027783908
vn -0.07392629176503407 0.023085230568140838 0.9969964771830876
vn -0.07149747480999095 0 0.997440780746303
vn 0.18723140332491325 0.028309520111853833 0.9819078229039733
vn 0.18909541112756736 0 0.9819587188321596
vn 0.43571065283072147 0.03159710884968267 0.8995320170634105
vn 0.4368017939504264 0 0.8995577762443552
vn 0.6543902342619861 0.0327190800615901 0.7554487958177353
vn 0.6547407906218575 0 0.7558534891735733
vn 0.8281904294175346 0.0315971088496717 0.5595553907644368
vn 0.8280602968819111 0 0.5606390503058464
vn 0.9451643887569247 0.028309520111832638 0.32536571622834953
vn 0.9449489027783908 0 0.32721792606444267
vn 0.9973474393633717 0.023085230568110883 0.06903011896949554
vn 0.997440780746303 0 0.07149747480999095
vn 0.9819587188321596 0 -0.18909541112756736
vn 0.9812924776835411 0.016286290495151613 -0.191832817796134
vn 0.8995577762443552 0 -0.4368017939504264
vn 0.898260111899703 0.00838114144490831 -0.43938425988878305
vn 0.7558534891735741 0 -0.6547407906218563
vn 0.7540721655387047 -0.00008892544188604416 -0.6567915660634156
vn 0.5606390503058464 0 -0.8280602968819111
vn 0.5586641023204078 -0.008547099805002487 -0.8293499670606228
vn 0.32721792606444267 0 -0.9449489027783908
vn 0.3253842153440801 -0.016419739878769383 -0.9454393182786671
vn 0.07149747480999095 0 -0.997440780746303
vn 0.07009088489124858 -0.023174240243811553 -0.9972713885619519
vn -0.18990269193546785 -0.028354049362459038 -0.9813934050524358
vn 0.07268475078550363 -0.09255324080892302 -0.9930512698843976
vn -0.7593652368378542 -0.0007083654915192172 0.6506642262338694
vn 0.334860620384577 -0.1302585021424923 -0.9332208139209339
vn -0.5710589341587531 0.06554318321412149 0.8182883262344813
vn 0.5698538022630066 -0.1007878987362456 -0.8155418097894959
vn -0.35720121973936253 0.18947570262756974 0.914607154318454
vn 0.7527651296733373 -0.0027134989676152205 -0.6582835988168293
vn -0.13811068892513853 0.3518148876933708 0.9258248875472751
vn 0.862758281679391 0.15416240864003963 -0.4815413784462624
vn 0.06859291081721682 0.526091192811882 0.8476574009771829
vn 0.8859307517345231 0.3501054140348986 -0.3042250847556047
vn 0.24991683949914745 0.6826561971657427 0.6866746608154143
vn 0.8175378174450773 0.5582269972885189 -0.1414727413510591
vn 0.3985809365221788 0.7933533435810254 0.4601344469499216
vn 0.6632207059310598 0.7484185286376097 -0.0028286421163536716
vn 0.5130964539964139 0.8360796910662922 0.1941720347598982
vn 0.7781051708335065 0.6130111131037466 0.1370026216298997
vn 0.9012990636681053 0.43165929096751615 -0.03647265211658759
vn 0.9385216084474481 0.2516401028951393 -0.23633545881255105
vn 0.8884815661858496 0.10078789873620485 -0.44770783555381327
vn 0.7592745604791716 0.0014046109832054567 -0.6507689058929801
vn 0.5668277407417888 -0.03305437183175438 -0.8231729592426902
vn 0.32983232079054153 -0.016286290495188278 -0.9438990395714106
vn -0.16098280453594482 0.5246289070080892 -0.8359719173364853
vn -0.7658214608427012 0.5246289145584223 0.37186286736107815
vn 0.6547407906218572 0 0.7558534891735733
vn 0.6547407906218559 0 0.7558534891735745
vn -0.7558534891735748 0 0.6547407906218555
vn -0.7558534891735745 0 0.6547407906218558
vn 0.7558534891735723 0 -0.6547407906218583
vn 0.7558534891735726 0 -0.6547407906218581
vn -0.7558534891735691 0 0.6547407906218621
vn -0.5586641023204078 0.008547099805002487 0.8293499670606228
vn -0.32645157593305235 0.06569124865821219 0.9429284322898274
vn -0.0845322143775365 0.18352288971965328 0.9793741132383366
vn 0.1476647268485091 0.33175921027327054 0.931735453250337
vn 0.35284630351749846 0.4830770188440204 0.8013339378553808
vn 0.5194407899042511 0.6087614356976734 0.599658886527128
vn 0.6422863371896572 0.6831740685371366 0.34747870889870347
vn -0.5668277407417888 0.03305437183175438 0.8231729592426902
vn -0.33529804650744127 0.06462663116122223 0.9398928761050618
vn -0.08033060648514317 0.09184212112574013 0.9925280945388165
vn 0.18067832087706792 0.11280060462689807 0.977052387521186
vn 0.4296471971847923 0.12601280536076376 0.8941610922179306
vn 0.6491393920071384 0.13052619670655172 0.7493870573461522
vn 0.8237392402944088 0.12601280536075274 0.5527878769331899
vn 0.9412932538250485 0.11280060462687679 0.31818710517439885
vn 0.9938381814374374 0.0918421211257101 0.062053959617881974
vn 0.9781068433038669 0.06462663116118551 -0.19781405821351686
vn 0.8956030923514757 0.033054371831713475 -0.44362428864218506
vn 0.7523194797113231 -0.0007083654915614905 -0.658798071236714
vn 0.5582028172408738 -0.03437688932791095 -0.828992065284396
vn 0.32645157593305235 -0.06569124865821219 -0.9429284322898274
vn 0.5626033315945339 -0.06816557886710038 -0.8239119765705823
vn -0.34357076385673174 0.12814750303197311 0.9303425969445731
vn 0.7525595580932636 -0.0020768229752173408 -0.6585209171535868
vn -0.1114575658211033 0.2692674862623306 0.9565940789400693
vn 0.8748077941556862 0.12661970562488206 -0.4676310227432853
vn 0.10971266729782418 0.43209961884508485 0.8951273931839698
vn 0.9138899839253863 0.30141230101332267 -0.27194801355904685
vn 0.3044333658179067 0.5877114854235743 0.7496102558516634
vn 0.8628450128429738 0.497541388771768 -0.08916866193382636
vn 0.46297164965250986 0.707106786250624 0.5344691239504372
vn 0.7247608022585975 0.685615388734007 0.06821523466638918
vn 0.581844683386784 0.7659204783571997 0.2735371734291546
vn 0.8270598850547389 0.5277527156570689 0.19351748667712373
vn 0.9350379550919812 0.3545389807223934 0.0024766278954839703
vn 0.957585603075708 0.19259699669599162 -0.21432734227302153
vn 0.895732030902685 0.06816557886705961 -0.439337663617257
vn 0.7593652368378542 0.0007083654915192172 -0.6506642262338694
vn 0.5630100291259751 -0.008381141444949171 -0.826407565049866
vn 0.06086801723525854 0.5246289320526911 -0.8491522643973229
vn -0.6434815189660021 0.5246289174402672 0.5574011425666975
vn -0.6434815189660045 0.5246289174402672 0.5574011425666948
vn 0.7049534456372112 0.524628914558362 0.47728936872042105
vn 0.8044643107064652 0.5246289070080352 0.2785707858536609
vn 0.5574011425667106 0.5246289174402181 0.643481518966031
vn 0.5574011425667091 0.5246289174402181 0.6434815189660322
vn 0.3718628673610918 0.5246289145583714 0.7658214608427292
vn 0.16098280453598668 0.5246289070080532 0.8359719173364998
vn -0.060868017235216655 0.5246289320526725 0.8491522643973374
vn -0.27857078585363276 0.5246289070080712 0.8044643107064514
vn -0.4772893687203929 0.5246289145584061 0.7049534456371974
vn 0.2785707858536746 0.5246289070080712 -0.804464310706437
vn 0.47728936872043487 0.5246289145583876 -0.7049534456371832
vn 0.6434815189660459 0.524628917440231 -0.5574011425666807
vn 0.6434815189660471 0.5246289174402312 -0.5574011425666796
vn 0.7658214608427429 0.5246289145583714 -0.37186286736106366
vn 0.8359719173365135 0.52462890700804 -0.1609828045359585
vn 0.8491522643973511 0.524628932052647 0.060868017235244834
vn -0.3253842153440801 0.016419739878769383 0.9454393182786671
vn -0.07268475078550363 0.09255324080892302 0.9930512698843976
vn 0.17153080599118975 0.22437759548709182 0.9592871714139847
vn 0.38944369979446464 0.36973111835394284 0.8435831344989904
vn 0.5670221549225721 0.50000000700997 0.6545883201043173
vn 0.6968442326041072 0.5881573159180763 0.4104620411419758
vn -0.09208706305103712 0.18211279516790904 0.9789560269260134
vn 0.1662389902723632 0.22367120353269115 0.960383147927671
vn 0.41351659835034127 0.2498695037310263 0.8755394074477594
vn 0.6324310448093682 0.2588190130523722 0.7300984125745836
vn 0.8076086305792178 0.2498695037310152 0.5341662015882104
vn 0.9268539040343272 0.22367120353266987 0.3015178822003319
vn 0.9820816832035634 0.182112795167879 0.04848192809901306
vn 0.9698341334302873 0.1281475030319364 -0.20736434384966904
vn 0.8913718896071119 0.06554318321408059 -0.4485089135707474
vn 0.752410156071022 -0.00140461098324773 -0.6586933915784837
vn 0.8844003452967681 0.09691052529162134 -0.4565570931730873
vn 0.14244807063843465 0.33071471373316375 0.9329181771687047
vn 0.9374486379486234 0.2475619095600395 -0.2447512045797889
vn 0.3503694613828316 0.4827107980642072 0.802640346582777
vn 0.9025783667418982 0.42834269870557745 -0.04329924196970166
vn 0.5194407899042518 0.6087614356976734 0.5996588865271273
vn 0.7804072063792294 0.6110811790253983 0.13245521836566468
vn 0.6440088642072533 0.6826561971657317 0.345301461470561
vn 0.8683095354523541 0.43346431178363903 0.24113739040732185
vn 0.961897447683376 0.2713523845427802 0.03348407895035868
vn 0.9714406051530984 0.13025850214245577 -0.19833273375664906
vn 0.9001325409820515 0.03437688932787017 -0.43425757120093444
vn 0.7576292295443127 0.00008892544184377044 -0.6526851788054919
vn 0.8274006690151112 0.031609051767247806 0.5607218568592828
vn 0.9442742269914828 0.028354049362437943 0.3279363232769286
vn 0.654390234261986 0.0327190800615901 0.7554487958177353
vn 0.6547407906218586 0 0.7558534891735721
vn 0.4369778359672428 0.031609051767258714 0.8989167028817299
vn 0.18990269193546785 0.028354049362459038 0.9813934050524358
vn -0.07009088489124858 0.023174240243811553 0.9972713885619519
vn 0.7558534891735773 0 -0.6547407906218525
vn 0.9005525762769698 0.008547099804961683 -0.4346630930339457
vn 0.9821825801176438 0.01641973987873282 -0.18721050038863474
vn 0.9970724998846576 0.02317424024378172 0.07286552382905781
vn 0.18601571269072825 0.1131569045453545 0.9760090519999668
vn 0.4160413563313511 0.25005910610946314 0.8742883010047121
vn 0.6049016186616811 0.38268342091281926 0.698317571810233
vn 0.7428151643494524 0.4830770188440095 0.4635323348778168
vn 0.3869390918629241 0.3694508994039566 0.8448574862767703
vn 0.604901618661682 0.38268342091281926 0.6983175718102322
vn 0.7810311175714447 0.36945089940394565 0.5034842860653308
vn 0.9030630039722023 0.3307147137331425 0.27405289448773856
vn 0.9627111541322765 0.26926748626230057 0.02612000289589986
vn 0.9562036646862109 0.18947570262753302 -0.2230997753348552
vn 0.9360580482560261 0.3518148876933409 -0.004649203420068965
vn 0.5670221549225716 0.5000000070099702 0.654588320104318
vn 0.8292078021734114 0.5260911928118607 0.18879215465832894
vn 0.698525382387937 0.5877114854235633 0.4082370635562319
vn 0.9011483255320976 0.3317592102732495 0.2790475260409351
vn 0.9814179546267525 0.18352288971962347 0.056019168908511593
vn 0.9798496014365028 0.06569124865817565 -0.18862507366322356
vn 0.8221530662472627 0.12610840676084425 0.5551225138692047
vn 0.9394993183083884 0.11315690454533346 0.3233211187840841
vn 0.6491393920071398 0.13052619670655172 0.7493870573461511
vn 0.43218419972046745 0.12610840676085516 0.8929241217797947
vn 0.9932654872463558 0.09255324080889321 0.06969626576101935
vn 0.6324310448093683 0.2588190130523722 0.7300984125745835
vn 0.7794125647729703 0.36973111835393196 0.5057815279295708
vn 0.7444614861467321 0.48271079806419614 0.46126714718959305
vn 0.8703276022190682 0.43209961884506365 0.23626210912788873
vn 0.925014366187576 0.22437759548707079 0.3065992775432413
vn 0.80601021147905 0.2500591061094522 0.5364867029510039
usemtl material_0_0
f 1//1 2//2 3//3
f 2//2 1//1 4//4
f 3//3 5//5 6//6
f 5//5 3//3 2//2
f 7//7 3//3 8//8
f 3//3 7//7 1//1
f 9//9 4//4 1//1
f 4//4 9//9 10//10
f 4//4 11//11 2//2
f 11//11 4//4 12//12
f 6//6 13//13 14//14
f 13//13 6//6 5//5
f 8//8 6//6 15//15
f 6//6 8//8 3//3
f 2//2 16//16 5//5
f 16//16 2//2 11//11
f 17//17 7//7 8//8
f 7//7 17//17 18//18
f 19//19 1//1 7//7
f 1//1 19//19 9//9
f 20//20 10//10 9//9
f 10//10 20//20 21//21
f 10//10 12//12 4//4
f 12//12 10//10 22//22
f 23//23 11//11 12//12
f 11//11 23//23 24//24
f 14//14 25//25 26//26
f 25//25 14//14 13//13
f 15//15 14//14 27//27
f 14//14 15//15 6//6
f 5//5 28//28 13//13
f 28//28 5//5 16//16
f 29//29 8//8 15//15
f 8//8 29//29 17//17
f 24//24 16//16 11//11
f 16//16 24//24 30//30
f 31//31 18//18 17//17
f 18//18 31//31 32//32
f 18//18 19//19 7//7
f 19//19 18//18 33//33
f 34//34 9//9 19//19
f 9//9 34//34 20//20
f 35//35 21//21 20//20
f 21//21 35//35 36//36
f 21//21 22//22 10//10
f 22//22 21//21 37//37
f 38//38 12//12 22//22
f 12//12 38//38 23//23
f 39//39 24//24 23//23
f 24//24 39//39 40//40
f 26//26 41//41 42//42
f 41//41 26//26 25//25
f 27//27 26//26 43//43
f 26//26 27//27 14//14
f 13//13 44//44 25//25
f 44//44 13//13 28//28
f 45//45 15//15 27//27
f 15//15 45//45 29//29
f 30//30 28//28 16//16
f 28//28 30//30 46//46
f 47//47 17//17 29//29
f 17//17 47//47 31//31
f 40//40 30//30 24//24
f 30//30 40//40 48//48
f 49//49 32//32 31//31
f 32//32 49//49 50//50
f 32//32 33//33 18//18
f 33//33 32//32 51//51
f 33//33 34//34 19//19
f 34//34 33//33 52//52
f 53//53 20//20 34//34
f 20//20 53//53 35//35
f 54//54 36//36 35//35
f 36//36 54//54 55//55
f 36//36 37//37 21//21
f 37//37 36//36 56//56
f 57//57 22//22 37//37
f 22//22 57//57 38//38
f 58//58 23//23 38//38
f 23//23 58//58 39//39
f 59//59 40//40 39//39
f 40//40 59//59 60//60
f 42//42 61//61 62//62
f 61//61 42//42 41//41
f 43//43 42//42 63//63
f 42//42 43//43 26//26
f 25//25 64//64 41//41
f 64//64 25//25 44//44
f 65//65 27//27 43//43
f 27//27 65//65 45//45
f 46//46 44//44 28//28
f 44//44 46//46 66//66
f 67//67 29//29 45//45
f 29//29 67//67 47//47
f 48//48 46//46 30//30
f 46//46 48//48 68//68
f 69//69 31//31 47//47
f 31//31 69//69 49//49
f 60//60 48//48 40//40
f 48//48 60//60 70//70
f 49//49 71//71 50//50
f 71//71 49//49 72//72
f 50//50 51//51 32//32
f 51//51 50//50 73//73
f 51//51 52//52 33//33
f 52//52 51//51 74//74
f 52//52 53//53 34//34
f 53//53 52//52 75//75
f 76//76 35//35 53//53
f 35//35 76//76 54//54
f 77//77 55//55 54//54
f 55//55 77//77 78//78
f 55//55 56//56 36//36
f 56//56 55//55 79//79
f 80//80 37//37 56//56
f 37//37 80//80 57//57
f 81//81 38//38 57//57
f 38//38 81//81 58//58
f 82//82 39//39 58//58
f 39//39 82//82 59//59
f 83//83 60//60 59//59
f 60//60 83//83 84//84
f 62//62 85//85 86//86
f 85//85 62//62 61//61
f 63//63 62//62 87//87
f 62//62 63//63 42//42
f 41//41 88//88 61//61
f 88//88 41//41 64//64
f 89//89 43//43 63//63
f 43//43 89//89 65//65
f 66//66 64//64 44//44
f 64//64 66//66 90//90
f 91//91 45//45 65//65
f 45//45 91//91 67//67
f 68//68 66//66 46//46
f 66//66 68//68 92//92
f 93//93 47//47 67//67
f 47//47 93//93 69//69
f 70//70 68//68 48//48
f 68//68 70//70 94//94
f 95//95 49//49 69//69
f 49//49 95//95 72//72
f 84//84 70//70 60//60
f 70//70 84//84 96//96
f 72//72 97//97 71//71
f 97//97 72//72 98//98
f 50//50 99//99 73//73
f 99//99 50//50 71//71
f 73//73 74//74 51//51
f 74//74 73//73 100//100
f 74//74 75//75 52//52
f 75//75 74//74 101//101
f 75//75 76//76 53//53
f 76//76 75//75 102//102
f 103//103 54//54 76//76
f 54//54 103//103 77//77
f 77//77 104//104 78//78
f 104//104 77//77 105//105
f 106//106 55//55 78//78
f 55//55 106//106 79//79
f 107//107 56//56 79//79
f 56//56 107//107 80//80
f 108//108 57//57 80//80
f 57//57 108//108 81//81
f 109//109 58//58 81//81
f 58//58 109//109 82//82
f 110//110 59//59 82//82
f 59//59 110//110 83//83
f 111//111 84//84 83//83
f 84//84 111//111 112//112
f 86//86 113//113 114//114
f 113//113 86//86 85//85
f 87//87 86//86 115//115
f 86//86 87//87 62//62
f 61//61 116//116 85//85
f 116//116 61//61 88//88
f 117//117 63//63 87//87
f 63//63 117//117 89//89
f 90//90 88//88 64//64
f 88//88 90//90 118//118
f 119//119 65//65 89//89
f 65//65 119//119 91//91
f 92//92 90//90 66//66
f 90//90 92//92 120//120
f 121//121 67//67 91//91
f 67//67 121//121 93//93
f 94//94 92//92 68//68
f 92//92 94//94 122//122
f 93//93 95//95 69//69
f 95//95 93//93 123//123
f 96//96 94//94 70//70
f 94//94 96//96 124//124
f 125//125 72//72 95//95
f 72//72 125//125 98//98
f 112//112 96//96 84//84
f 96//96 112//112 126//126
f 98//98 127//127 97//97
f 127//127 98//98 128//128
f 71//71 129//129 99//99
f 129//129 71//71 97//97
f 73//73 130//130 100//100
f 130//130 73//73 99//99
f 100//100 101//101 74//74
f 101//101 100//100 131//131
f 101//101 102//102 75//75
f 102//102 101//101 132//132
f 102//102 103//103 76//76
f 103//103 102//102 133//133
f 77//77 134//134 105//105
f 134//134 77//77 103//103
f 105//105 135//135 104//104
f 135//135 105//105 136//136
f 137//137 78//78 104//104
f 78//78 137//137 106//106
f 138//138 79//79 106//106
f 79//79 138//138 107//107
f 139//139 80//80 107//107
f 80//80 139//139 108//108
f 140//140 81//81 108//108
f 81//81 140//140 109//109
f 141//141 82//82 109//109
f 82//82 141//141 110//110
f 142//142 83//83 110//110
f 83//83 142//142 111//111
f 143//143 112//112 111//111
f 112//112 143//143 144//144
f 145//145 113//113 146//146
f 113//113 145//145 114//114
f 115//115 114//114 147//147
f 114//114 115//115 86//86
f 116//116 113//113 85//85
f 113//113 116//116 148//148
f 149//149 87//87 115//115
f 87//87 149//149 117//117
f 118//118 116//116 88//88
f 116//116 118//118 150//150
f 151//151 89//89 117//117
f 89//89 151//151 119//119
f 120//120 118//118 90//90
f 118//118 120//120 152//152
f 153//153 91//91 119//119
f 91//91 153//153 121//121
f 122//122 120//120 92//92
f 120//120 122//122 154//154
f 121//121 123//123 93//93
f 123//123 121//121 155//155
f 124//124 122//122 94//94
f 122//122 124//124 156//156
f 123//123 125//125 95//95
f 125//125 123//123 157//157
f 126//126 124//124 96//96
f 124//124 126//126 158//158
f 125//125 128//128 98//98
f 128//128 125//125 159//159
f 144//144 126//126 112//112
f 126//126 144//144 160//160
f 128//128 161//161 127//127
f 161//161 128//128 162//162
f 97//97 163//163 129//129
f 163//163 97//97 127//127
f 99//99 164//164 130//130
f 164//164 99//99 129//129
f 100//100 165//165 131//131
f 165//165 100//100 130//130
f 131//131 132//132 101//101
f 132//132 131//131 166//166
f 132//132 133//133 102//102
f 133//133 132//132 167//167
f 103//103 168//168 134//134
f 168//168 103//103 133//133
f 134//134 136//136 105//105
f 136//136 134//134 169//169
f 136//136 170//170 135//135
f 170//170 136//136 171//171
f 104//104 172//172 137//137
f 172//172 104//104 135//135
f 173//173 106//106 137//137
f 106//106 173//173 138//138
f 174//174 107//107 138//138
f 107//107 174//174 139//139
f 175//175 108//108 139//139
f 108//108 175//175 140//140
f 176//176 109//109 140//140
f 109//109 176//176 141//141
f 177//177 110//110 141//141
f 110//110 177//177 142//142
f 178//178 111//111 142//142
f 111//111 178//178 143//143
f 143//143 179//179 144//144
f 179//179 143//143 180//180
f 181//181 145//145 146//146
f 145//145 181//181 182//182
f 183//183 114//114 145//145
f 114//114 183//183 147//147
f 148//148 146//146 113//113
f 146//146 148//148 184//184
f 185//185 115//115 147//147
f 115//115 185//185 149//149
f 150//150 148//148 116//116
f 148//148 150//150 186//186
f 187//187 117//117 149//149
f 117//117 187//187 151//151
f 152//152 150//150 118//118
f 150//150 152//152 188//188
f 189//189 119//119 151//151
f 119//119 189//189 153//153
f 154//154 152//152 120//120
f 152//152 154//154 190//190
f 153//153 155//155 121//121
f 155//155 153//153 191//191
f 156//156 154//154 122//122
f 154//154 156//156 192//192
f 155//155 157//157 123//123
f 157//157 155//155 193//193
f 158//158 156//156 124//124
f 156//156 158//158 194//194
f 157//157 159//159 125//125
f 159//159 157//157 195//195
f 160//160 158//158 126//126
f 158//158 160//160 196//196
f 159//159 162//162 128//128
f 162//162 159//159 197//197
f 144//144 198//198 160//160
f 198//198 144//144 179//179
f 162//162 199//199 161//161
f 199//199 162//162 200//200
f 127//127 201//201 163//163
f 201//201 127//127 161//161
f 129//129 202//202 164//164
f 202//202 129//129 163//163
f 130//130 203//203 165//165
f 203//203 130//130 164//164
f 131//131 204//204 166//166
f 204//204 131//131 165//165
f 132//132 205//205 167//167
f 205//205 132//132 166//166
f 133//133 206//206 168//168
f 206//206 133//133 167//167
f 168//168 169//169 134//134
f 169//169 168//168 207//207
f 169//169 171//171 136//136
f 171//171 169//169 208//208
f 171//171 209//209 170//170
f 209//209 171//171 210//210
f 135//135 211//211 172//172
f 211//211 135//135 170//170
f 212//212 137//137 172//172
f 137//137 212//212 173//173
f 213//213 138//138 173//173
f 138//138 213//213 174//174
f 214//214 139//139 174//174
f 139//139 214//214 175//175
f 215//215 140//140 175//175
f 140//140 215//215 176//176
f 216//216 141//141 176//176
f 141//141 216//216 177//177
f 217//217 142//142 177//177
f 142//142 217//217 178//178
f 178//178 180//180 143//143
f 180//180 178//178 218//218
f 180//180 219//219 179//179
f 219//219 180//180 220//220
f 221//221 181//181 222//222
f 181//181 221//221 182//182
f 223//223 145//145 182//182
f 145//145 223//223 183//183
f 224//224 146//146 184//184
f 146//146 224//224 181//181
f 225//225 147//147 183//183
f 147//147 225//225 185//185
f 186//186 184//184 148//148
f 184//184 186//186 226//226
f 227//227 149//149 185//185
f 149//149 227//227 187//187
f 188//188 186//186 150//150
f 186//186 188//188 228//228
f 229//229 151//151 187//187
f 151//151 229//229 189//189
f 190//190 188//188 152//152
f 188//188 190//190 230//230
f 189//189 191//191 153//153
f 191//191 189//189 231//231
f 192//192 190//190 154//154
f 190//190 192//192 232//232
f 191//191 193//193 155//155
f 193//193 191//191 233//233
f 194//194 192//192 156//156
f 192//192 194//194 234//234
f 193//193 195//195 157//157
f 195//195 193//193 235//235
f 196//196 194//194 158//158
f 194//194 196//196 236//236
f 195//195 197//197 159//159
f 197//197 195//195 237//237
f 160//160 238//238 196//196
f 238//238 160//160 198//198
f 197//197 200//200 162//162
f 200//200 197//197 239//239
f 179//179 240//240 198//198
f 240//240 179//179 219//219
f 200//200 241//241 199//199
f 241//241 200//200 242//242
f 161//161 243//243 201//201
f 243//243 161//161 199//199
f 163//163 244//244 202//202
f 244//244 163//163 201//201
f 164//164 245//245 203//203
f 245//245 164//164 202//202
f 165//165 246//246 204//204
f 246//246 165//165 203//203
f 166//166 247//247 205//205
f 247//247 166//166 204//204
f 167//167 248//248 206//206
f 248//248 167//167 205//205
f 206//206 207//207 168//168
f 207//207 206//206 249//249
f 169//169 250//250 208//208
f 250//250 169//169 207//207
f 208//208 210//210 171//171
f 210//210 208//208 251//251
f 209//209 252//252 253//253
f 252//252 209//209 210//210
f 170//170 254//254 211//211
f 254//254 170//170 209//209
f 255//255 172//172 211//211
f 172//172 255//255 212//212
f 256//256 173//173 212//212
f 173//173 256//256 213//213
f 257//257 174//174 213//213
f 174//174 257//257 214//214
f 258//258 175//175 214//214
f 175//175 258//258 215//215
f 259//259 176//176 215//215
f 176//176 259//259 216//216
f 260//260 177//177 216//216
f 177//177 260//260 217//217
f 217//217 218//218 178//178
f 218//218 217//217 261//261
f 218//218 220//220 180//180
f 220//220 218//218 262//262
f 220//220 263//263 219//219
f 263//263 220//220 264//264
f 265//265 221//221 222//222
f 221//221 265//265 266//266
f 267//267 182//182 221//221
f 182//182 267//267 223//223
f 222//222 224//224 268//268
f 224//224 222//222 181//181
f 269//269 183//183 223//223
f 183//183 269//269 225//225
f 226//226 224//224 184//184
f 224//224 226//226 270//270
f 225//225 227//227 185//185
f 227//227 225//225 271//271
f 228//228 226//226 186//186
f 226//226 228//228 272//272
f 227//227 229//229 187//187
f 229//229 227//227 273//273
f 230//230 228//228 188//188
f 228//228 230//230 274//274
f 229//229 231//231 189//189
f 231//231 229//229 275//275
f 232//232 230//230 190//190
f 230//230 232//232 276//276
f 231//231 233//233 191//191
f 233//233 231//231 277//277
f 234//234 232//232 192//192
f 232//232 234//234 278//278
f 233//233 235//235 193//193
f 235//235 233//233 279//279
f 236//236 234//234 194//194
f 234//234 236//236 280//280
f 235//235 237//237 195//195
f 237//237 235//235 281//281
f 196//196 282//282 236//236
f 282//282 196//196 238//238
f 237//237 239//239 197//197
f 239//239 237//237 283//283
f 198//198 284//284 238//238
f 284//284 198//198 240//240
f 285//285 200//200 239//239
f 200//200 285//285 242//242
f 219//219 286//286 240//240
f 286//286 219//219 263//263
f 287//287 241//241 242//242
f 241//241 287//287 288//288
f 199//199 289//289 243//243
f 289//289 199//199 241//241
f 201//201 290//290 244//244
f 290//290 201//201 243//243
f 202//202 291//291 245//245
f 291//291 202//202 244//244
f 203//203 292//292 246//246
f 292//292 203//203 245//245
f 204//204 293//293 247//247
f 293//293 204//204 246//246
f 205//205 294//294 248//248
f 294//294 205//205 247//247
f 248//248 249//249 206//206
f 249//249 248//248 295//295
f 249//249 250//250 207//207
f 250//250 249//249 296//296
f 250//250 251//251 208//208
f 251//251 250//250 297//297
f 251//251 252//252 210//210
f 252//252 251//251 298//298
f 252//252 299//299 253//253
f 299//299 252//252 300//300
f 254//254 253//253 301//301
f 253//253 254//254 209//209
f 302//302 211//211 254//254
f 211//211 302//302 255//255
f 303//303 212//212 255//255
f 212//212 303//303 256//256
f 304//304 213//213 256//256
f 213//213 304//304 257//257
f 305//305 214//214 257//257
f 214//214 305//305 258//258
f 306//306 215//215 258//258
f 215//215 306//306 259//259
f 307//307 216//216 259//259
f 216//216 307//307 260//260
f 260//260 261//261 217//217
f 261//261 260//260 308//308
f 261//261 262//262 218//218
f 262//262 261//261 309//309
f 262//262 264//264 220//220
f 264//264 262//262 310//310
f 263//263 311//311 312//312
f 311//311 263//263 264//264
f 313//313 265//265 314//314
f 265//265 313//313 266//266
f 266//266 267//267 221//221
f 267//267 266//266 315//315
f 316//316 222//222 268//268
f 222//222 316//316 265//265
f 317//317 223//223 267//267
f 223//223 317//317 269//269
f 270//270 268//268 224//224
f 268//268 270//270 318//318
f 319//319 225//225 269//269
f 225//225 319//319 271//271
f 272//272 270//270 226//226
f 270//270 272//272 320//320
f 271//271 273//273 227//227
f 273//273 271//271 321//321
f 274//274 272//272 228//228
f 272//272 274//274 322//322
f 273//273 275//275 229//229
f 275//275 273//273 323//323
f 276//276 274//274 230//230
f 274//274 276//276 324//324
f 275//275 277//277 231//231
f 277//277 275//275 325//325
f 278//278 276//276 232//232
f 276//276 278//278 326//326
f 277//277 279//279 233//233
f 279//279 277//277 327//327
f 280//280 278//278 234//234
f 278//278 280//280 328//328
f 279//279 281//281 235//235
f 281//281 279//279 329//329
f 236//236 330//330 280//280
f 330//330 236//236 282//282
f 281//281 283//283 237//237
f 283//283 281//281 331//331
f 238//238 332//332 282//282
f 332//332 238//238 284//284
f 283//283 285//285 239//239
f 285//285 283//283 333//333
f 240//240 334//334 284//284
f 334//334 240//240 286//286
f 335//335 242//242 285//285
f 242//242 335//335 287//287
f 286//286 312//312 336//336
f 312//312 286//286 263//263
f 312//312 288//288 287//287
f 288//288 312//312 311//311
f 288//288 289//289 241//241
f 289//289 288//288 337//337
f 243//243 338//338 290//290
f 338//338 243//243 289//289
f 244//244 339//339 291//291
f 339//339 244//244 290//290
f 245//245 340//340 292//292
f 340//340 245//245 291//291
f 246//246 341//341 293//293
f 341//341 246//246 292//292
f 247//247 342//342 294//294
f 342//342 247//247 293//293
f 248//248 343//343 295//295
f 343//343 248//248 294//294
f 295//295 296//296 249//249
f 296//296 295//295 344//344
f 296//296 297//297 250//250
f 297//297 296//296 345//345
f 251//251 346//346 298//298
f 346//346 251//251 297//297
f 298//298 300//300 252//252
f 300//300 298//298 347//347
f 300//300 348//348 299//299
f 348//348 300//300 349//349
f 301//301 299//299 350//350
f 299//299 301//301 253//253
f 351//351 254//254 301//301
f 254//254 351//351 302//302
f 352//352 255//255 302//302
f 255//255 352//352 303//303
f 353//353 256//256 303//303
f 256//256 353//353 304//304
f 354//354 257//257 304//304
f 257//257 354//354 305//305
f 355//355 258//258 305//305
f 258//258 355//355 306//306
f 356//356 259//259 306//306
f 259//259 356//356 307//307
f 307//307 308//308 260//260
f 308//308 307//307 357//357
f 308//308 309//309 261//261
f 309//309 308//308 358//358
f 309//309 310//310 262//262
f 310//310 309//309 359//359
f 264//264 360//360 311//311
f 360//360 264//264 310//310
f 361//361 314//314 362//362
f 314//314 361//361 313//313
f 363//363 266//266 313//313
f 266//266 363//363 315//315
f 314//314 316//316 364//364
f 316//316 314//314 265//265
f 315//315 317//317 267//267
f 317//317 315//315 365//365
f 318//318 316//316 268//268
f 316//316 318//318 366//366
f 367//367 269//269 317//317
f 269//269 367//367 319//319
f 320//320 318//318 270//270
f 318//318 320//320 368//368
f 369//369 271//271 319//319
f 271//271 369//369 321//321
f 322//322 320//320 272//272
f 320//320 322//322 370//370
f 321//321 323//323 273//273
f 323//323 321//321 371//371
f 324//324 322//322 274//274
f 322//322 324//324 372//372
f 323//323 325//325 275//275
f 325//325 323//323 373//373
f 326//326 324//324 276//276
f 324//324 326//326 374//374
f 325//325 327//327 277//277
f 327//327 325//325 375//375
f 328//328 326//326 278//278
f 326//326 328//328 376//376
f 327//327 329//329 279//279
f 329//329 327//327 377//377
f 280//280 378//378 328//328
f 378//378 280//280 330//330
f 329//329 331//331 281//281
f 331//331 329//329 379//379
f 282//282 380//380 330//330
f 380//380 282//282 332//332
f 331//331 333//333 283//283
f 333//333 331//331 381//381
f 284//284 382//382 332//332
f 382//382 284//284 334//334
f 383//383 285//285 333//333
f 285//285 383//383 335//335
f 334//334 336//336 384//384
f 336//336 334//334 286//286
f 336//336 287//287 335//335
f 287//287 336//336 312//312
f 311//311 337//337 288//288
f 337//337 311//311 360//360
f 337//337 338//338 289//289
f 338//338 337//337 385//385
f 290//290 386//386 339//339
f 386//386 290//290 338//338
f 291//291 387//387 340//340
f 387//387 291//291 339//339
f 292//292 388//388 341//341
f 388//388 292//292 340//340
f 293//293 389//389 342//342
f 389//389 293//293 341//341
f 294//294 390//390 343//343
f 390//390 294//294 342//342
f 295//295 391//391 344//344
f 391//391 295//295 343//343
f 296//296 392//392 345//345
f 392//392 296//296 344//344
f 297//297 393//393 346//346
f 393//393 297//297 345//345
f 346//346 347//347 298//298
f 347//347 346//346 394//394
f 300//300 395//395 349//349
f 395//395 300//300 347//347
f 396//396 397//397 398//396
f 397//397 396//396 399//397
f 299//299 400//398 350//350
f 400//398 299//299 348//348
f 401//399 301//301 350//350
f 301//301 401//399 351//351
f 402//400 302//302 351//351
f 302//302 402//400 352//352
f 403//401 303//303 352//352
f 303//303 403//401 353//353
f 404//402 304//304 353//353
f 304//304 404//402 354//354
f 405//403 305//305 354//354
f 305//305 405//403 355//355
f 406//404 306//306 355//355
f 306//306 406//404 356//356
f 407//405 307//307 356//356
f 307//307 407//405 357//357
f 357//357 358//358 308//308
f 358//358 357//357 408//406
f 358//358 359//359 309//309
f 359//359 358//358 409//407
f 310//310 410//408 360//360
f 410//408 310//310 359//359
f 411//348 361//361 362//362
f 361//361 411//348 412//349
f 361//361 363//363 313//313
f 363//363 361//361 413//409
f 362//362 364//364 414//410
f 364//364 362//362 314//314
f 415//411 315//315 363//363
f 315//315 415//411 365//365
f 366//366 364//364 316//316
f 364//364 366//366 416//412
f 365//365 367//367 317//317
f 367//367 365//365 417//413
f 368//368 366//366 318//318
f 366//366 368//368 418//414
f 419//415 319//319 367//367
f 319//319 419//415 369//369
f 370//370 368//368 320//320
f 368//368 370//370 420//416
f 369//369 371//371 321//321
f 371//371 369//369 421//417
f 372//372 370//370 322//322
f 370//370 372//372 422//418
f 371//371 373//373 323//323
f 373//373 371//371 423//419
f 374//374 372//372 324//324
f 372//372 374//374 424//420
f 373//373 375//375 325//325
f 375//375 373//373 425//421
f 376//376 374//374 326//326
f 374//374 376//376 426//422
f 375//375 377//377 327//327
f 377//377 375//375 427//423
f 328//328 428//424 376//376
f 428//424 328//328 378//378
f 377//377 379//379 329//329
f 379//379 377//377 429//425
f 330//330 430//426 378//378
f 430//426 330//330 380//380
f 379//379 381//381 331//331
f 381//381 379//379 431//427
f 332//332 432//428 380//380
f 432//428 332//332 382//382
f 433//429 333//333 381//381
f 333//333 433//429 383//383
f 382//382 384//384 434//430
f 384//384 382//382 334//334
f 384//384 335//335 383//383
f 335//335 384//384 336//336
f 360//360 385//385 337//337
f 385//385 360//360 410//408
f 385//385 386//386 338//338
f 386//386 385//385 435//431
f 339//339 436//432 387//387
f 436//432 339//339 386//386
f 340//340 437//433 388//388
f 437//433 340//340 387//387
f 341//341 438//434 389//389
f 438//434 341//341 388//388
f 342//342 439//435 390//390
f 439//435 342//342 389//389
f 343//343 440//436 391//391
f 440//436 343//343 390//390
f 344//344 441//437 392//392
f 441//437 344//344 391//391
f 392//392 393//393 345//345
f 393//393 392//392 442//438
f 393//393 394//394 346//346
f 394//394 393//393 443//439
f 347//347 444//440 395//395
f 444//440 347//347 394//394
f 399//397 445//441 397//397
f 445//441 399//397 446//442
f 447//443 398//396 448//443
f 398//396 447//443 396//396
f 449//348 450//349 451//348
f 450//349 449//348 452//349
f 453//444 350//350 400//398
f 350//350 453//444 401//399
f 454//445 351//351 401//399
f 351//351 454//445 402//400
f 455//446 352//352 402//400
f 352//352 455//446 403//401
f 456//447 353//353 403//401
f 353//353 456//447 404//402
f 457//448 354//354 404//402
f 354//354 457//448 405//403
f 458//449 355//355 405//403
f 355//355 458//449 406//404
f 459//450 356//356 406//404
f 356//356 459//450 407//405
f 407//405 408//406 357//357
f 408//406 407//405 460//451
f 408//406 409//407 358//358
f 409//407 408//406 461//452
f 359//359 462//453 410//408
f 462//453 359//359 409//407
f 463//454 464//454 465//454
f 464//454 463//454 466//454
f 466//454 463//454 467//454
f 466//454 467//454 468//454
f 466//454 468//454 469//454
f 469//454 468//454 470//454
f 470//454 468//454 471//454
f 470//454 471//454 472//454
f 470//454 472//454 473//454
f 473//454 472//454 474//454
f 473//454 474//454 475//454
f 475//454 474//454 476//454
f 475//454 476//454 477//454
f 477//454 476//454 478//454
f 477//454 478//454 479//454
f 479//454 478//454 480//454
f 479//454 480//454 481//454
f 481//454 480//454 482//454
f 481//454 482//454 483//454
f 483//454 482//454 484//454
f 483//454 484//454 485//454
f 485//454 484//454 486//454
f 487//455 361//361 412//349
f 361//361 487//455 413//409
f 411//348 414//410 488//398
f 414//410 411//348 362//362
f 489//456 363//363 413//409
f 363//363 489//456 415//411
f 416//412 414//410 364//364
f 414//410 416//412 490//457
f 415//411 417//413 365//365
f 417//413 415//411 491//458
f 418//414 416//412 366//366
f 416//412 418//414 492//459
f 493//460 367//367 417//413
f 367//367 493//460 419//415
f 420//416 418//414 368//368
f 418//414 420//416 494//461
f 419//415 421//417 369//369
f 421//417 419//415 495//462
f 422//418 420//416 370//370
f 420//416 422//418 496//463
f 421//417 423//419 371//371
f 423//419 421//417 497//464
f 424//420 422//418 372//372
f 422//418 424//420 498//465
f 423//419 425//421 373//373
f 425//421 423//419 499//466
f 426//422 424//420 374//374
f 424//420 426//422 500//467
f 425//421 427//423 375//375
f 427//423 425//421 501//468
f 428//424 426//422 376//376
f 426//422 428//424 502//469
f 427//423 429//425 377//377
f 429//425 427//423 503//470
f 378//378 504//471 428//424
f 504//471 378//378 430//426
f 429//425 431//427 379//379
f 431//427 429//425 505//472
f 380//380 506//473 430//426
f 506//473 380//380 432//428
f 507//474 381//381 431//427
f 381//381 507//474 433//429
f 432//428 434//430 508//475
f 434//430 432//428 382//382
f 434//430 383//383 433//429
f 383//383 434//430 384//384
f 410//408 435//431 385//385
f 435//431 410//408 462//453
f 435//431 436//432 386//386
f 436//432 435//431 509//476
f 387//387 510//477 437//433
f 510//477 387//387 436//432
f 388//388 511//478 438//434
f 511//478 388//388 437//433
f 389//389 512//479 439//435
f 512//479 389//389 438//434
f 390//390 513//480 440//436
f 513//480 390//390 439//435
f 391//391 514//481 441//437
f 514//481 391//391 440//436
f 392//392 515//482 442//438
f 515//482 392//392 441//437
f 442//438 443//439 393//393
f 443//439 442//438 516//483
f 443//439 444//440 394//394
f 444//440 443//439 517//484
f 518//485 445//441 446//442
f 445//441 518//485 519//485
f 452//349 520//486 450//349
f 520//486 452//349 521//487
f 522//488 448//443 523//488
f 448//443 522//488 447//443
f 524//398 451//348 525//398
f 451//348 524//398 449//348
f 526//489 527//489 528//489
f 527//489 526//489 529//489
f 529//489 526//489 530//489
f 529//489 530//489 531//489
f 529//489 531//489 532//489
f 532//489 531//489 533//489
f 533//489 531//489 534//489
f 533//489 534//489 535//489
f 535//489 534//489 536//489
f 536//489 534//489 537//489
f 537//489 534//489 538//489
f 537//489 538//489 539//489
f 539//489 538//489 540//489
f 539//489 540//489 541//489
f 541//489 540//489 542//489
f 541//489 542//489 543//489
f 543//489 542//489 544//489
f 544//489 542//489 545//489
f 544//489 545//489 546//489
f 546//489 545//489 547//489
f 546//489 547//489 548//489
f 548//489 547//489 549//489
f 549//489 547//489 550//489
f 550//489 547//489 551//489
f 550//489 551//489 552//489
f 552//489 551//489 553//489
f 553//489 551//489 554//489
f 553//489 554//489 555//489
f 532//489 556//489 529//489
f 556//489 532//489 557//489
f 556//489 557//489 558//489
f 558//489 557//489 559//489
f 558//489 559//489 560//489
f 558//489 560//489 561//489
f 558//489 561//489 562//489
f 562//489 561//489 563//489
f 562//489 563//489 564//489
f 564//489 563//489 565//489
f 564//489 565//489 566//489
f 564//489 566//489 567//489
f 567//489 566//489 568//489
f 567//489 568//489 569//489
f 569//489 568//489 570//489
f 569//489 570//489 571//489
f 571//489 570//489 572//489
f 571//489 572//489 573//489
f 571//489 573//489 550//489
f 571//489 550//489 552//489
f 454//445 453//444 574//490
f 453//444 454//445 401//399
f 575//491 402//400 454//445
f 402//400 575//491 455//446
f 576//492 403//401 455//446
f 403//401 576//492 456//447
f 577//493 404//402 456//447
f 404//402 577//493 457//448
f 578//494 405//403 457//448
f 405//403 578//494 458//449
f 579//495 406//404 458//449
f 406//404 579//495 459//450
f 580//496 407//405 459//450
f 407//405 580//496 460//451
f 460//451 461//452 408//406
f 461//452 460//451 581//497
f 409//407 582//498 462//453
f 582//498 409//407 461//452
f 490//457 488//398 414//410
f 488//398 490//457 583//444
f 584//499 583//444 490//457
f 583//444 584//499 585//490
f 586//500 585//490 584//499
f 585//490 586//500 587//501
f 588//502 587//501 586//500
f 587//501 588//502 589//503
f 590//504 589//503 588//502
f 589//503 590//504 591//505
f 592//506 591//505 590//504
f 591//505 592//506 593//507
f 594//508 593//507 592//506
f 593//507 594//508 595//509
f 596//510 595//509 594//508
f 595//509 596//510 597//511
f 598//512 597//511 596//510
f 597//511 598//512 599//513
f 600//514 599//513 598//512
f 599//513 600//514 601//515
f 602//516 601//515 600//514
f 601//515 602//516 603//517
f 604//518 603//517 602//516
f 603//517 604//518 605//519
f 606//520 604//518 607//521
f 604//518 606//520 605//519
f 608//522 607//521 609//523
f 607//521 608//522 606//520
f 610//524 609//523 611//525
f 609//523 610//524 608//522
f 612//526 611//525 613//527
f 611//525 612//526 610//524
f 614//528 613//527 615//529
f 613//527 614//528 612//526
f 616//530 615//529 617//531
f 615//529 616//530 614//528
f 616//530 618//532 619//484
f 618//532 616//530 617//531
f 619//484 489//456 620//440
f 489//456 619//484 618//532
f 620//440 413//409 487//455
f 413//409 620//440 489//456
f 618//532 415//411 489//456
f 415//411 618//532 491//458
f 492//459 490//457 416//412
f 490//457 492//459 584//499
f 621//533 417//413 491//458
f 417//413 621//533 493//460
f 494//461 492//459 418//414
f 492//459 494//461 622//534
f 493//460 495//462 419//415
f 495//462 493//460 623//535
f 496//463 494//461 420//416
f 494//461 496//463 624//536
f 495//462 497//464 421//417
f 497//464 495//462 625//537
f 498//465 496//463 422//418
f 496//463 498//465 626//538
f 497//464 499//466 423//419
f 499//466 497//464 627//539
f 500//467 498//465 424//420
f 498//465 500//467 628//540
f 499//466 501//468 425//421
f 501//468 499//466 629//541
f 502//469 500//467 426//422
f 500//467 502//469 630//542
f 501//468 503//470 427//423
f 503//470 501//468 631//543
f 428//424 632//544 502//469
f 632//544 428//424 504//471
f 503//470 505//472 429//425
f 505//472 503//470 633//545
f 430//426 634//546 504//471
f 634//546 430//426 506//473
f 635//547 431//427 505//472
f 431//427 635//547 507//474
f 506//473 508//475 636//548
f 508//475 506//473 432//428
f 508//475 433//429 507//474
f 433//429 508//475 434//430
f 462//453 509//476 435//431
f 509//476 462//453 582//498
f 436//432 637//549 510//477
f 637//549 436//432 509//476
f 437//433 638//550 511//478
f 638//550 437//433 510//477
f 438//434 639//551 512//479
f 639//551 438//434 511//478
f 439//435 640//552 513//480
f 640//552 439//435 512//479
f 440//436 641//553 514//481
f 641//553 440//436 513//480
f 441//437 642//554 515//482
f 642//554 441//437 514//481
f 442//438 643//555 516//483
f 643//555 442//438 515//482
f 443//439 644//530 517//484
f 644//530 443//439 516//483
f 645//556 519//485 518//485
f 519//485 645//556 646//556
f 647//440 520//486 521//487
f 520//486 647//440 648//440
f 649//557 523//488 650//557
f 523//488 649//557 522//488
f 651//444 525//398 652//444
f 525//398 651//444 524//398
f 653//517 654//515 655//515
f 654//515 653//517 656//517
f 655//515 657//558 658//559
f 657//558 655//515 654//515
f 658//559 659//511 660//511
f 659//511 658//559 657//558
f 660//511 661//509 662//509
f 661//509 660//511 659//511
f 662//509 663//507 664//507
f 663//507 662//509 661//509
f 663//507 665//505 664//507
f 665//505 663//507 666//505
f 666//505 667//503 665//505
f 667//503 666//505 668//503
f 668//503 669//560 667//503
f 669//560 668//503 670//561
f 670//561 671//490 669//560
f 671//490 670//561 672//490
f 672//490 652//444 671//490
f 652//444 672//490 651//444
f 647//440 673//484 648//440
f 673//484 647//440 674//484
f 674//484 675//530 673//484
f 675//530 674//484 676//530
f 676//530 677//528 675//530
f 677//528 676//530 678//528
f 677//528 679//526 680//526
f 679//526 677//528 678//528
f 679//526 681//562 680//526
f 681//562 679//526 682//563
f 682//563 683//522 681//562
f 683//522 682//563 684//522
f 684//522 685//520 683//522
f 685//520 684//522 686//520
f 686//520 687//519 685//520
f 687//519 686//520 688//519
f 687//519 656//517 653//517
f 656//517 687//519 688//519
f 575//491 574//490 689//564
f 574//490 575//491 454//445
f 690//565 455//446 575//491
f 455//446 690//565 576//492
f 691//566 456//447 576//492
f 456//447 691//566 577//493
f 692//567 457//448 577//493
f 457//448 692//567 578//494
f 578//494 579//495 458//449
f 579//495 578//494 693//568
f 694//569 459//450 579//495
f 459//450 694//569 580//496
f 580//496 581//497 460//451
f 581//497 580//496 695//570
f 461//452 696//571 582//498
f 696//571 461//452 581//497
f 622//534 584//499 492//459
f 584//499 622//534 586//500
f 697//572 586//500 622//534
f 586//500 697//572 588//502
f 698//573 588//502 697//572
f 588//502 698//573 590//504
f 699//574 590//504 698//573
f 590//504 699//574 592//506
f 700//575 592//506 699//574
f 592//506 700//575 594//508
f 701//576 594//508 700//575
f 594//508 701//576 596//510
f 702//577 596//510 701//576
f 596//510 702//577 598//512
f 703//578 598//512 702//577
f 598//512 703//578 600//514
f 704//579 600//514 703//578
f 600//514 704//579 602//516
f 705//580 602//516 704//579
f 602//516 705//580 604//518
f 607//521 705//580 706//581
f 705//580 607//521 604//518
f 609//523 706//581 707//582
f 706//581 609//523 607//521
f 611//525 707//582 708//583
f 707//582 611//525 609//523
f 613//527 708//583 709//584
f 708//583 613//527 611//525
f 615//529 709//584 710//585
f 709//584 615//529 613//527
f 617//531 710//585 621//533
f 710//585 617//531 615//529
f 617//531 491//458 618//532
f 491//458 617//531 621//533
f 621//533 623//535 493//460
f 623//535 621//533 710//585
f 624//536 622//534 494//461
f 622//534 624//536 697//572
f 623//535 625//537 495//462
f 625//537 623//535 711//586
f 626//538 624//536 496//463
f 624//536 626//538 712//587
f 625//537 627//539 497//464
f 627//539 625//537 713//588
f 628//540 626//538 498//465
f 626//538 628//540 714//589
f 627//539 629//541 499//466
f 629//541 627//539 715//590
f 630//542 628//540 500//467
f 628//540 630//542 716//591
f 629//541 631//543 501//468
f 631//543 629//541 717//592
f 632//544 630//542 502//469
f 630//542 632//544 718//593
f 631//543 633//545 503//470
f 633//545 631//543 719//594
f 504//471 720//595 632//544
f 720//595 504//471 634//546
f 721//596 505//472 633//545
f 505//472 721//596 635//547
f 634//546 636//548 722//597
f 636//548 634//546 506//473
f 636//548 507//474 635//547
f 507//474 636//548 508//475
f 582//498 637//549 509//476
f 637//549 582//498 696//571
f 510//477 723//598 638//550
f 723//598 510//477 637//549
f 511//478 724//599 639//551
f 724//599 511//478 638//550
f 512//479 725//600 640//552
f 725//600 512//479 639//551
f 513//480 726//601 641//553
f 726//601 513//480 640//552
f 514//481 727//602 642//554
f 727//602 514//481 641//553
f 515//482 728//603 643//555
f 728//603 515//482 642//554
f 516//483 729//528 644//530
f 729//528 516//483 643//555
f 730//604 646//556 645//556
f 646//556 730//604 731//604
f 732//605 650//557 733//606
f 650//557 732//605 649//557
f 734//607 735//608 736//607
f 735//608 734//607 737//608
f 738//609 736//607 739//610
f 736//607 738//609 734//607
f 738//609 740//611 741//611
f 740//611 738//609 739//610
f 741//611 742//612 743//612
f 742//612 741//611 740//611
f 743//612 744//613 745//613
f 744//613 743//612 742//612
f 744//613 746//614 745//613
f 746//614 744//613 747//614
f 747//614 748//615 746//614
f 748//615 747//614 749//615
f 749//615 733//606 748//615
f 733//606 749//615 732//605
f 730//604 750//616 731//604
f 750//616 730//604 751//616
f 750//616 752//617 753//617
f 752//617 750//616 751//616
f 752//617 754//618 753//617
f 754//618 752//617 755//619
f 755//619 756//620 754//618
f 756//620 755//619 757//620
f 757//620 758//621 756//620
f 758//621 757//620 759//621
f 759//621 760//622 758//621
f 760//622 759//621 761//622
f 737//608 761//622 735//608
f 761//622 737//608 760//622
f 690//565 689//564 762//503
f 689//564 690//565 575//491
f 763//623 576//492 690//565
f 576//492 763//623 691//566
f 764//624 577//493 691//566
f 577//493 764//624 692//567
f 765//625 578//494 692//567
f 578//494 765//625 693//568
f 693//568 694//569 579//495
f 694//569 693//568 766//626
f 767//627 580//496 694//569
f 580//496 767//627 695//570
f 768//628 581//497 695//570
f 581//497 768//628 696//571
f 712//587 697//572 624//536
f 697//572 712//587 698//573
f 769//629 698//573 712//587
f 698//573 769//629 699//574
f 770//630 699//574 769//629
f 699//574 770//630 700//575
f 771//631 700//575 770//630
f 700//575 771//631 701//576
f 772//632 701//576 771//631
f 701//576 772//632 702//577
f 773//633 702//577 772//632
f 702//577 773//633 703//578
f 774//634 703//578 773//633
f 703//578 774//634 704//579
f 774//634 705//580 704//579
f 705//580 774//634 775//635
f 706//581 775//635 776//636
f 775//635 706//581 705//580
f 707//582 776//636 777//637
f 776//636 707//582 706//581
f 708//583 777//637 778//638
f 777//637 708//583 707//582
f 709//584 778//638 711//586
f 778//638 709//584 708//583
f 710//585 711//586 623//535
f 711//586 710//585 709//584
f 711//586 713//588 625//537
f 713//588 711//586 778//638
f 714//589 712//587 626//538
f 712//587 714//589 769//629
f 713//588 715//590 627//539
f 715//590 713//588 779//639
f 716//591 714//589 628//540
f 714//589 716//591 780//640
f 715//590 717//592 629//541
f 717//592 715//590 781//641
f 718//593 716//591 630//542
f 716//591 718//593 782//642
f 717//592 719//594 631//543
f 719//594 717//592 783//643
f 720//595 718//593 632//544
f 718//593 720//595 784//644
f 719//594 721//596 633//545
f 721//596 719//594 785//645
f 720//595 722//597 786//646
f 722//597 720//595 634//546
f 722//597 635//547 721//596
f 635//547 722//597 636//548
f 768//628 637//549 696//571
f 637//549 768//628 723//598
f 724//599 723//598 787//647
f 723//598 724//599 638//550
f 639//551 788//648 725//600
f 788//648 639//551 724//599
f 640//552 789//649 726//601
f 789//649 640//552 725//600
f 641//553 790//650 727//602
f 790//650 641//553 726//601
f 642//554 791//651 728//603
f 791//651 642//554 727//602
f 729//528 728//603 792//526
f 728//603 729//528 643//555
f 793//517 794//652 795//515
f 794//652 793//517 796//653
f 795//515 797//654 798//655
f 797//654 795//515 794//652
f 798//655 799//656 800//511
f 799//656 798//655 797//654
f 801//509 799//656 802//657
f 799//656 801//509 800//511
f 801//509 803//658 804//507
f 803//658 801//509 802//657
f 803//658 805//505 804//507
f 805//505 803//658 763//623
f 763//623 762//503 805//505
f 762//503 763//623 690//565
f 728//603 806//659 792//526
f 806//659 728//603 791//651
f 791//651 807//522 806//659
f 807//522 791//651 808//660
f 808//660 809//520 807//522
f 809//520 808//660 810//661
f 809//520 811//662 812//519
f 811//662 809//520 810//661
f 812//519 796//653 793//517
f 796//653 812//519 811//662
f 803//658 691//566 763//623
f 691//566 803//658 764//624
f 813//663 692//567 764//624
f 692//567 813//663 765//625
f 814//664 693//568 765//625
f 693//568 814//664 766//626
f 815//665 694//569 766//626
f 694//569 815//665 767//627
f 767//627 768//628 695//570
f 768//628 767//627 816//666
f 780//640 769//629 714//589
f 769//629 780//640 770//630
f 817//667 770//630 780//640
f 770//630 817//667 771//631
f 817//667 772//632 771//631
f 772//632 817//667 818//668
f 818//668 773//633 772//632
f 773//633 818//668 819//669
f 820//670 773//633 819//669
f 773//633 820//670 774//634
f 821//671 774//634 820//670
f 774//634 821//671 775//635
f 776//636 821//671 822//672
f 821//671 776//636 775//635
f 777//637 822//672 779//639
f 822//672 777//637 776//636
f 778//638 779//639 713//588
f 779//639 778//638 777//637
f 779//639 781//641 715//590
f 781//641 779//639 822//672
f 782//642 780//640 716//591
f 780//640 782//642 817//667
f 781//641 783//643 717//592
f 783//643 781//641 823//673
f 784//644 782//642 718//593
f 782//642 784//644 824//674
f 783//643 785//645 719//594
f 785//645 783//643 825//675
f 786//646 784//644 720//595
f 784//644 786//646 826//676
f 786//646 721//596 785//645
f 721//596 786//646 722//597
f 787//647 768//628 816//666
f 768//628 787//647 723//598
f 788//648 787//647 827//677
f 787//647 788//648 724//599
f 725//600 828//678 789//649
f 828//678 725//600 788//648
f 726//601 829//679 790//650
f 829//679 726//601 789//649
f 727//602 808//660 791//651
f 808//660 727//602 790//650
f 796//653 830//680 794//652
f 830//680 796//653 831//681
f 794//652 832//682 797//654
f 832//682 794//652 830//680
f 797//654 833//683 799//656
f 833//683 797//654 832//682
f 799//656 813//663 802//657
f 813//663 799//656 833//683
f 802//657 764//624 803//658
f 764//624 802//657 813//663
f 790//650 810//661 808//660
f 810//661 790//650 829//679
f 829//679 811//662 810//661
f 811//662 829//679 834//684
f 811//662 831//681 796//653
f 831//681 811//662 834//684
f 833//683 765//625 813//663
f 765//625 833//683 814//664
f 835//685 766//626 814//664
f 766//626 835//685 815//665
f 836//686 767//627 815//665
f 767//627 836//686 816//666
f 824//674 817//667 782//642
f 817//667 824//674 818//668
f 837//687 818//668 824//674
f 818//668 837//687 819//669
f 838//688 819//669 837//687
f 819//669 838//688 820//670
f 823//673 820//670 838//688
f 820//670 823//673 821//671
f 822//672 823//673 781//641
f 823//673 822//672 821//671
f 783//643 838//688 825//675
f 838//688 783//643 823//673
f 826//676 824//674 784//644
f 824//674 826//676 837//687
f 786//646 825//675 826//676
f 825//675 786//646 785//645
f 836//686 787//647 816//666
f 787//647 836//686 827//677
f 828//678 827//677 839//689
f 827//677 828//678 788//648
f 789//649 834//684 829//679
f 834//684 789//649 828//678
f 830//680 839//689 840//690
f 839//689 830//680 831//681
f 832//682 840//690 835//685
f 840//690 832//682 830//680
f 832//682 814//664 833//683
f 814//664 832//682 835//685
f 831//681 828//678 839//689
f 828//678 831//681 834//684
f 840//690 815//665 835//685
f 815//665 840//690 836//686
f 825//675 837//687 826//676
f 837//687 825//675 838//688
f 839//689 836//686 840//690
f 836//686 839//689 827//677
