# SSTK version 0.8.0
# 9
mtllib original-9.mtl
o #ID34
v -0.186894 -0.057214 0.231189
v -0.184073 -0.051749 0.220165
v -0.189843 -0.051749 0.229932
v -0.181549 -0.057214 0.222141
v -0.181549 -0.057214 0.222141
v -0.186894 -0.057214 0.231189
v -0.184073 -0.051749 0.220165
v -0.189843 -0.051749 0.229932
v -0.175971 -0.051749 0.212223
v -0.174045 -0.057214 0.214786
v -0.174045 -0.057214 0.214786
v -0.175971 -0.051749 0.212223
v -0.186899 -0.046583 0.217950
v -0.193147 -0.046583 0.228525
v -0.186899 -0.046583 0.217950
v -0.193147 -0.046583 0.228525
v -0.189715 -0.057214 0.241311
v -0.192889 -0.051749 0.240861
v -0.189715 -0.057214 0.241311
v -0.192889 -0.051749 0.240861
v -0.184318 -0.062941 0.232286
v -0.179345 -0.062941 0.223868
v -0.179345 -0.062941 0.223868
v -0.184318 -0.062941 0.232286
v -0.178128 -0.046583 0.209353
v -0.178128 -0.046583 0.209353
v -0.172362 -0.062941 0.217024
v -0.172362 -0.062941 0.217024
v -0.164892 -0.057214 0.209623
v -0.166089 -0.051749 0.206649
v -0.166089 -0.051749 0.206649
v -0.164892 -0.057214 0.209623
v -0.190011 -0.041747 0.215513
v -0.196783 -0.041747 0.226976
v -0.190011 -0.041747 0.215513
v -0.196783 -0.041747 0.226976
v -0.196444 -0.046583 0.240356
v -0.196444 -0.046583 0.240356
v -0.189820 -0.057214 0.251819
v -0.193003 -0.051749 0.252205
v -0.189820 -0.057214 0.251819
v -0.193003 -0.051749 0.252205
v -0.186943 -0.062941 0.241704
v -0.186943 -0.062941 0.241704
v -0.182130 -0.068896 0.233218
v -0.177473 -0.068896 0.225334
v -0.177473 -0.068896 0.225334
v -0.182130 -0.068896 0.233218
v -0.180503 -0.041747 0.206193
v -0.180503 -0.041747 0.206193
v -0.167430 -0.046583 0.203318
v -0.167430 -0.046583 0.203318
v -0.170934 -0.068896 0.218925
v -0.170934 -0.068896 0.218925
v -0.163847 -0.062941 0.212221
v -0.163847 -0.062941 0.212221
v -0.154715 -0.057214 0.207005
v -0.155102 -0.051749 0.203823
v -0.155102 -0.051749 0.203823
v -0.154715 -0.057214 0.207005
v -0.193388 -0.037272 0.212867
v -0.200730 -0.037272 0.225295
v -0.193388 -0.037272 0.212867
v -0.200730 -0.037272 0.225295
v -0.200358 -0.041747 0.239801
v -0.200358 -0.041747 0.239801
v -0.196567 -0.046583 0.252638
v -0.196567 -0.046583 0.252638
v -0.187202 -0.057214 0.261995
v -0.190176 -0.051749 0.263192
v -0.190176 -0.051749 0.263192
v -0.187202 -0.057214 0.261995
v -0.187040 -0.062941 0.251481
v -0.187040 -0.062941 0.251481
v -0.184589 -0.068896 0.242038
v -0.184589 -0.068896 0.242038
v -0.180346 -0.075040 0.233978
v -0.175946 -0.075040 0.226530
v -0.175946 -0.075040 0.226530
v -0.180346 -0.075040 0.233978
v -0.183080 -0.037272 0.202764
v -0.183080 -0.037272 0.202764
v -0.168906 -0.041747 0.199652
v -0.168906 -0.041747 0.199652
v -0.155535 -0.046583 0.200258
v -0.155535 -0.046583 0.200258
v -0.169769 -0.075040 0.220475
v -0.169769 -0.075040 0.220475
v -0.162959 -0.068896 0.214426
v -0.162959 -0.068896 0.214426
v -0.154378 -0.062941 0.209785
v -0.154378 -0.062941 0.209785
v -0.143758 -0.051749 0.203936
v -0.144208 -0.057214 0.207110
v -0.143758 -0.051749 0.203936
v -0.144208 -0.057214 0.207110
v -0.204962 -0.033187 0.223492
v -0.197009 -0.033187 0.210031
v -0.204962 -0.033187 0.223492
v -0.197009 -0.033187 0.210031
v -0.204605 -0.037272 0.239199
v -0.204605 -0.037272 0.239199
v -0.200491 -0.041747 0.253115
v -0.200491 -0.041747 0.253115
v -0.193507 -0.046583 0.264533
v -0.193507 -0.046583 0.264533
v -0.182040 -0.057214 0.271148
v -0.184602 -0.051749 0.273074
v -0.184602 -0.051749 0.273074
v -0.182040 -0.057214 0.271148
v -0.184604 -0.062941 0.260950
v -0.184604 -0.062941 0.260950
v -0.184680 -0.068896 0.251194
v -0.184680 -0.068896 0.251194
v -0.182669 -0.075040 0.242310
v -0.182669 -0.075040 0.242310
v -0.178976 -0.081334 0.234561
v -0.174774 -0.081334 0.227448
v -0.174774 -0.081334 0.227448
v -0.178976 -0.081334 0.234561
v -0.185843 -0.033187 0.199086
v -0.185843 -0.033187 0.199086
v -0.170508 -0.037272 0.195672
v -0.170508 -0.037272 0.195672
v -0.156012 -0.041747 0.196334
v -0.156012 -0.041747 0.196334
v -0.143253 -0.046583 0.200381
v -0.143253 -0.046583 0.200381
v -0.168874 -0.081334 0.221665
v -0.168874 -0.081334 0.221665
v -0.162235 -0.075040 0.216225
v -0.162235 -0.075040 0.216225
v -0.154091 -0.068896 0.212145
v -0.154091 -0.068896 0.212145
v -0.144601 -0.062941 0.209883
v -0.144601 -0.062941 0.209883
v -0.132829 -0.051749 0.206982
v -0.134086 -0.057214 0.209931
v -0.132829 -0.051749 0.206982
v -0.134086 -0.057214 0.209931
v -0.209452 -0.029518 0.221579
v -0.200851 -0.029518 0.207021
v -0.209452 -0.029518 0.221579
v -0.200851 -0.029518 0.207021
v -0.209159 -0.033187 0.238553
v -0.209159 -0.033187 0.238553
v -0.204749 -0.037272 0.253632
v -0.204749 -0.037272 0.253632
v -0.197174 -0.041747 0.266009
v -0.197174 -0.041747 0.266009
v -0.187473 -0.046583 0.275231
v -0.187473 -0.046583 0.275231
v -0.174684 -0.057214 0.278652
v -0.176661 -0.051749 0.281176
v -0.176661 -0.051749 0.281176
v -0.174684 -0.057214 0.278652
v -0.179801 -0.062941 0.269465
v -0.179801 -0.062941 0.269465
v -0.182399 -0.068896 0.260062
v -0.182399 -0.068896 0.260062
v -0.182755 -0.075040 0.250960
v -0.182755 -0.075040 0.250960
v -0.181194 -0.081334 0.242520
v -0.181194 -0.081334 0.242520
v -0.178030 -0.087739 0.234965
v -0.173964 -0.087739 0.228083
v -0.173964 -0.087739 0.228083
v -0.178030 -0.087739 0.234965
v -0.188776 -0.029518 0.195185
v -0.188776 -0.029518 0.195185
v -0.172226 -0.033187 0.191405
v -0.172226 -0.033187 0.191405
v -0.156529 -0.037272 0.192076
v -0.156529 -0.037272 0.192076
v -0.142698 -0.041747 0.196468
v -0.142698 -0.041747 0.196468
v -0.131422 -0.046583 0.203679
v -0.131422 -0.046583 0.203679
v -0.171915 -0.087739 0.226075
v -0.168256 -0.087739 0.222488
v -0.168256 -0.087739 0.222488
v -0.171915 -0.087739 0.226075
v -0.161679 -0.081334 0.217607
v -0.161679 -0.081334 0.217607
v -0.153857 -0.075040 0.214070
v -0.153857 -0.075040 0.214070
v -0.144935 -0.068896 0.212237
v -0.144935 -0.068896 0.212237
v -0.135183 -0.062941 0.212508
v -0.135183 -0.062941 0.212508
v -0.123061 -0.051749 0.212753
v -0.125038 -0.057214 0.215276
v -0.123061 -0.051749 0.212753
v -0.125038 -0.057214 0.215276
v -0.214172 -0.026288 0.219569
v -0.204890 -0.026288 0.203857
v -0.214172 -0.026288 0.219569
v -0.204890 -0.026288 0.203857
v -0.213991 -0.029518 0.237867
v -0.213991 -0.029518 0.237867
v -0.209316 -0.033187 0.254187
v -0.209316 -0.033187 0.254187
v -0.201153 -0.037272 0.267611
v -0.201153 -0.037272 0.267611
v -0.190632 -0.041747 0.277606
v -0.190632 -0.041747 0.277606
v -0.178875 -0.046583 0.284002
v -0.178875 -0.046583 0.284002
v -0.165637 -0.057214 0.283997
v -0.166893 -0.051749 0.286946
v -0.166893 -0.051749 0.286946
v -0.165637 -0.057214 0.283997
v -0.172957 -0.062941 0.276448
v -0.172957 -0.062941 0.276448
v -0.177900 -0.068896 0.268037
v -0.177900 -0.068896 0.268037
v -0.180600 -0.075040 0.259338
v -0.180600 -0.075040 0.259338
v -0.181277 -0.081334 0.250781
v -0.181277 -0.081334 0.250781
v -0.180175 -0.087739 0.242664
v -0.180175 -0.087739 0.242664
v -0.178264 -0.087739 0.258397
v -0.163967 -0.087739 0.235914
v -0.180255 -0.087739 0.250657
v -0.166347 -0.087739 0.239942
v -0.167602 -0.087739 0.244448
v -0.167649 -0.087739 0.249125
v -0.174337 -0.087739 0.265359
v -0.166484 -0.087739 0.253655
v -0.164186 -0.087739 0.257730
v -0.168742 -0.087739 0.271067
v -0.160911 -0.087739 0.261070
v -0.156884 -0.087739 0.263450
v -0.161861 -0.087739 0.275133
v -0.152378 -0.087739 0.264705
v -0.147700 -0.087739 0.264752
v -0.154161 -0.087739 0.277278
v -0.143170 -0.087739 0.263587
v -0.139096 -0.087739 0.261289
v -0.135755 -0.087739 0.258014
v -0.163102 -0.087739 0.235066
v -0.168256 -0.087739 0.222488
v -0.171915 -0.087739 0.226075
v -0.161294 -0.087739 0.218561
v -0.153553 -0.087739 0.216570
v -0.145561 -0.087739 0.216650
v -0.160627 -0.087739 0.232640
v -0.137862 -0.087739 0.218796
v -0.156552 -0.087739 0.230341
v -0.152022 -0.087739 0.229176
v -0.147345 -0.087739 0.229223
v -0.130980 -0.087739 0.222861
v -0.142839 -0.087739 0.230479
v -0.138811 -0.087739 0.232858
v -0.125385 -0.087739 0.228569
v -0.135537 -0.087739 0.236199
v -0.133238 -0.087739 0.240273
v -0.121458 -0.087739 0.235531
v -0.132073 -0.087739 0.244803
v -0.132120 -0.087739 0.249481
v -0.119467 -0.087739 0.243272
v -0.133376 -0.087739 0.253987
v -0.146169 -0.087739 0.277358
v -0.119547 -0.087739 0.251264
v -0.138428 -0.087739 0.275367
v -0.121693 -0.087739 0.258964
v -0.131466 -0.087739 0.271440
v -0.125758 -0.087739 0.265845
v -0.178030 -0.087739 0.234965
v -0.173964 -0.087739 0.228083
v -0.180175 -0.087739 0.242664
v -0.163967 -0.087739 0.235914
v -0.180255 -0.087739 0.250657
v -0.163102 -0.087739 0.235066
v -0.180175 -0.087739 0.242664
v -0.178030 -0.087739 0.234965
v -0.171915 -0.087739 0.226075
v -0.173964 -0.087739 0.228083
v -0.125758 -0.087739 0.265845
v -0.131466 -0.087739 0.271440
v -0.121693 -0.087739 0.258964
v -0.138428 -0.087739 0.275367
v -0.119547 -0.087739 0.251264
v -0.146169 -0.087739 0.277358
v -0.119467 -0.087739 0.243272
v -0.154161 -0.087739 0.277278
v -0.135755 -0.087739 0.258014
v -0.133376 -0.087739 0.253987
v -0.132120 -0.087739 0.249481
v -0.121458 -0.087739 0.235531
v -0.132073 -0.087739 0.244803
v -0.133238 -0.087739 0.240273
v -0.125385 -0.087739 0.228569
v -0.135537 -0.087739 0.236199
v -0.138811 -0.087739 0.232858
v -0.130980 -0.087739 0.222861
v -0.142839 -0.087739 0.230479
v -0.147345 -0.087739 0.229223
v -0.137862 -0.087739 0.218796
v -0.152022 -0.087739 0.229176
v -0.156552 -0.087739 0.230341
v -0.160627 -0.087739 0.232640
v -0.145561 -0.087739 0.216650
v -0.153553 -0.087739 0.216570
v -0.161294 -0.087739 0.218561
v -0.168256 -0.087739 0.222488
v -0.139096 -0.087739 0.261289
v -0.143170 -0.087739 0.263587
v -0.147700 -0.087739 0.264752
v -0.161861 -0.087739 0.275133
v -0.152378 -0.087739 0.264705
v -0.156884 -0.087739 0.263450
v -0.168742 -0.087739 0.271067
v -0.160911 -0.087739 0.261070
v -0.164186 -0.087739 0.257730
v -0.174337 -0.087739 0.265359
v -0.166484 -0.087739 0.253655
v -0.167649 -0.087739 0.249125
v -0.178264 -0.087739 0.258397
v -0.167602 -0.087739 0.244448
v -0.166347 -0.087739 0.239942
v -0.191858 -0.026288 0.191084
v -0.191858 -0.026288 0.191084
v -0.174048 -0.029518 0.186877
v -0.174048 -0.029518 0.186877
v -0.157084 -0.033187 0.187510
v -0.157084 -0.033187 0.187510
v -0.142096 -0.037272 0.192220
v -0.142096 -0.037272 0.192220
v -0.129873 -0.041747 0.200042
v -0.129873 -0.041747 0.200042
v -0.120847 -0.046583 0.209926
v -0.120847 -0.046583 0.209926
v -0.161294 -0.087739 0.218561
v -0.161294 -0.087739 0.218561
v -0.153678 -0.081334 0.215548
v -0.153678 -0.081334 0.215548
v -0.145207 -0.075040 0.214157
v -0.145207 -0.075040 0.214157
v -0.136115 -0.068896 0.214695
v -0.136115 -0.068896 0.214695
v -0.126765 -0.062941 0.217481
v -0.126765 -0.062941 0.217481
v -0.115120 -0.051749 0.220855
v -0.117683 -0.057214 0.222781
v -0.115120 -0.051749 0.220855
v -0.117683 -0.057214 0.222781
v -0.249009 -0.004599 0.204728
v -0.234699 -0.004599 0.180506
v -0.249009 -0.004599 0.204728
v -0.234699 -0.004599 0.180506
v -0.219071 -0.026288 0.237147
v -0.219071 -0.026288 0.237147
v -0.214161 -0.029518 0.254775
v -0.214161 -0.029518 0.254775
v -0.205420 -0.033187 0.269329
v -0.205420 -0.033187 0.269329
v -0.194062 -0.037272 0.280183
v -0.194062 -0.037272 0.280183
v -0.181313 -0.041747 0.287114
v -0.181313 -0.041747 0.287114
v -0.168300 -0.046583 0.290250
v -0.168300 -0.046583 0.290250
v -0.155514 -0.057214 0.286818
v -0.155965 -0.051749 0.289992
v -0.155965 -0.051749 0.289992
v -0.155514 -0.057214 0.286818
v -0.164539 -0.062941 0.281421
v -0.164539 -0.062941 0.281421
v -0.171491 -0.068896 0.274576
v -0.171491 -0.068896 0.274576
v -0.176350 -0.075040 0.266872
v -0.176350 -0.075040 0.266872
v -0.179219 -0.081334 0.258782
v -0.179219 -0.081334 0.258782
v -0.180255 -0.087739 0.250657
v -0.180255 -0.087739 0.250657
v -0.137458 -0.081334 0.217849
v -0.145561 -0.087739 0.216650
v -0.137862 -0.087739 0.218796
v -0.145417 -0.081334 0.215631
v -0.145417 -0.081334 0.215631
v -0.137458 -0.081334 0.217849
v -0.145561 -0.087739 0.216650
v -0.137862 -0.087739 0.218796
v -0.153553 -0.087739 0.216570
v -0.153553 -0.087739 0.216570
v -0.160627 0.027567 0.232640
v -0.163102 -0.087739 0.235066
v -0.163102 0.027567 0.235066
v -0.160627 -0.087739 0.232640
v -0.160627 -0.087739 0.232640
v -0.160627 0.027567 0.232640
v -0.163102 -0.087739 0.235066
v -0.163102 0.027567 0.235066
v -0.156552 0.027567 0.230341
v -0.156552 -0.087739 0.230341
v -0.156552 -0.087739 0.230341
v -0.156552 0.027567 0.230341
v -0.152022 0.027567 0.229176
v -0.152022 -0.087739 0.229176
v -0.152022 -0.087739 0.229176
v -0.152022 0.027567 0.229176
v -0.147345 -0.087739 0.229223
v -0.147345 0.027567 0.229223
v -0.147345 0.027567 0.229223
v -0.147345 -0.087739 0.229223
v -0.142839 -0.087739 0.230479
v -0.142839 0.027567 0.230479
v -0.142839 0.027567 0.230479
v -0.142839 -0.087739 0.230479
v -0.138811 -0.087739 0.232858
v -0.138811 0.027567 0.232858
v -0.138811 0.027567 0.232858
v -0.138811 -0.087739 0.232858
v -0.135537 -0.087739 0.236199
v -0.135537 0.027567 0.236199
v -0.135537 0.027567 0.236199
v -0.135537 -0.087739 0.236199
v -0.133238 -0.087739 0.240273
v -0.133238 0.027567 0.240273
v -0.133238 0.027567 0.240273
v -0.133238 -0.087739 0.240273
v -0.132073 -0.087739 0.244803
v -0.132073 0.027567 0.244803
v -0.132073 0.027567 0.244803
v -0.132073 -0.087739 0.244803
v -0.132120 0.027567 0.249481
v -0.132120 -0.087739 0.249481
v -0.132120 0.027567 0.249481
v -0.132120 -0.087739 0.249481
v -0.133376 0.027567 0.253987
v -0.133376 -0.087739 0.253987
v -0.133376 0.027567 0.253987
v -0.133376 -0.087739 0.253987
v -0.135755 0.027567 0.258014
v -0.135755 -0.087739 0.258014
v -0.135755 0.027567 0.258014
v -0.135755 -0.087739 0.258014
v -0.139096 0.027567 0.261289
v -0.139096 -0.087739 0.261289
v -0.139096 0.027567 0.261289
v -0.139096 -0.087739 0.261289
v -0.143170 0.027567 0.263587
v -0.143170 -0.087739 0.263587
v -0.143170 0.027567 0.263587
v -0.143170 -0.087739 0.263587
v -0.147700 0.027567 0.264752
v -0.147700 -0.087739 0.264752
v -0.147700 0.027567 0.264752
v -0.147700 -0.087739 0.264752
v -0.152378 -0.087739 0.264705
v -0.152378 0.027567 0.264705
v -0.152378 0.027567 0.264705
v -0.152378 -0.087739 0.264705
v -0.156884 -0.087739 0.263450
v -0.156884 0.027567 0.263450
v -0.156884 0.027567 0.263450
v -0.156884 -0.087739 0.263450
v -0.160911 -0.087739 0.261070
v -0.160911 0.027567 0.261070
v -0.160911 0.027567 0.261070
v -0.160911 -0.087739 0.261070
v -0.164186 -0.087739 0.257730
v -0.164186 0.027567 0.257730
v -0.164186 0.027567 0.257730
v -0.164186 -0.087739 0.257730
v -0.166484 -0.087739 0.253655
v -0.166484 0.027567 0.253655
v -0.166484 0.027567 0.253655
v -0.166484 -0.087739 0.253655
v -0.167649 -0.087739 0.249125
v -0.167649 0.027567 0.249125
v -0.167649 0.027567 0.249125
v -0.167649 -0.087739 0.249125
v -0.167602 0.027567 0.244448
v -0.167602 -0.087739 0.244448
v -0.167602 -0.087739 0.244448
v -0.167602 0.027567 0.244448
v -0.166347 0.027567 0.239942
v -0.166347 -0.087739 0.239942
v -0.166347 -0.087739 0.239942
v -0.166347 0.027567 0.239942
v -0.163967 0.027567 0.235914
v -0.163967 -0.087739 0.235914
v -0.163967 -0.087739 0.235914
v -0.163967 0.027567 0.235914
v -0.163102 0.027567 0.235066
v -0.163102 -0.087739 0.235066
v -0.163102 -0.087739 0.235066
v -0.163102 0.027567 0.235066
v -0.178264 -0.087739 0.258397
v -0.178264 -0.087739 0.258397
v -0.174337 -0.087739 0.265359
v -0.175160 -0.081334 0.265977
v -0.175160 -0.081334 0.265977
v -0.174337 -0.087739 0.265359
v -0.168742 -0.087739 0.271067
v -0.169377 -0.081334 0.271877
v -0.169377 -0.081334 0.271877
v -0.168742 -0.087739 0.271067
v -0.161861 -0.087739 0.275133
v -0.162264 -0.081334 0.276079
v -0.162264 -0.081334 0.276079
v -0.161861 -0.087739 0.275133
v -0.154161 -0.087739 0.277278
v -0.154306 -0.081334 0.278297
v -0.154306 -0.081334 0.278297
v -0.154161 -0.087739 0.277278
v -0.146169 -0.087739 0.277358
v -0.146045 -0.081334 0.278380
v -0.146045 -0.081334 0.278380
v -0.146169 -0.087739 0.277358
v -0.138044 -0.081334 0.276322
v -0.138428 -0.087739 0.275367
v -0.138428 -0.087739 0.275367
v -0.138044 -0.081334 0.276322
v -0.130848 -0.081334 0.272263
v -0.131466 -0.087739 0.271440
v -0.131466 -0.087739 0.271440
v -0.130848 -0.081334 0.272263
v -0.124948 -0.081334 0.266480
v -0.125758 -0.087739 0.265845
v -0.125758 -0.087739 0.265845
v -0.124948 -0.081334 0.266480
v -0.121693 -0.087739 0.258964
v -0.120746 -0.081334 0.259367
v -0.120746 -0.081334 0.259367
v -0.121693 -0.087739 0.258964
v -0.119547 -0.087739 0.251264
v -0.118528 -0.081334 0.251409
v -0.118528 -0.081334 0.251409
v -0.119547 -0.087739 0.251264
v -0.119467 -0.087739 0.243272
v -0.118445 -0.081334 0.243148
v -0.118445 -0.081334 0.243148
v -0.119467 -0.087739 0.243272
v -0.121458 -0.087739 0.235531
v -0.120503 -0.081334 0.235147
v -0.120503 -0.081334 0.235147
v -0.121458 -0.087739 0.235531
v -0.125385 -0.087739 0.228569
v -0.124562 -0.081334 0.227951
v -0.124562 -0.081334 0.227951
v -0.125385 -0.087739 0.228569
v -0.130980 -0.087739 0.222861
v -0.130345 -0.081334 0.222051
v -0.130345 -0.081334 0.222051
v -0.130980 -0.087739 0.222861
v -0.225459 -0.004599 0.171448
v -0.214608 -0.004599 0.160813
v -0.214608 -0.004599 0.160813
v -0.225459 -0.004599 0.171448
v -0.175964 -0.026288 0.182118
v -0.175964 -0.026288 0.182118
v -0.157672 -0.029518 0.182665
v -0.157672 -0.029518 0.182665
v -0.141450 -0.033187 0.187666
v -0.141450 -0.033187 0.187666
v -0.128192 -0.037272 0.196096
v -0.128192 -0.037272 0.196096
v -0.118410 -0.041747 0.206814
v -0.118410 -0.041747 0.206814
v -0.112250 -0.046583 0.218697
v -0.112250 -0.046583 0.218697
v -0.136875 -0.075040 0.216479
v -0.136875 -0.075040 0.216479
v -0.128231 -0.068896 0.219352
v -0.128231 -0.068896 0.219352
v -0.119921 -0.062941 0.224463
v -0.119921 -0.062941 0.224463
v -0.109546 -0.051749 0.230736
v -0.112520 -0.057214 0.231933
v -0.109546 -0.051749 0.230736
v -0.112520 -0.057214 0.231933
v -0.249009 -0.004599 0.204728
v -0.239290 0.027567 0.176910
v -0.254374 0.027567 0.202443
v -0.234699 -0.004599 0.180506
v -0.234699 -0.004599 0.180506
v -0.249009 -0.004599 0.204728
v -0.239290 0.027567 0.176910
v -0.254374 0.027567 0.202443
v -0.256562 -0.004599 0.231829
v -0.256562 -0.004599 0.231829
v -0.219253 -0.026288 0.255394
v -0.219253 -0.026288 0.255394
v -0.209948 -0.029518 0.271151
v -0.209948 -0.029518 0.271151
v -0.197739 -0.033187 0.282946
v -0.197739 -0.033187 0.282946
v -0.183958 -0.037272 0.290491
v -0.183958 -0.037272 0.290491
v -0.169849 -0.041747 0.293886
v -0.169849 -0.041747 0.293886
v -0.156469 -0.046583 0.293547
v -0.156469 -0.046583 0.293547
v -0.145007 -0.057214 0.286923
v -0.144620 -0.051749 0.290106
v -0.144620 -0.051749 0.290106
v -0.145007 -0.057214 0.286923
v -0.155121 -0.062941 0.284046
v -0.155121 -0.062941 0.284046
v -0.163607 -0.068896 0.279233
v -0.163607 -0.068896 0.279233
v -0.170295 -0.075040 0.273049
v -0.170295 -0.075040 0.273049
v -0.229506 0.027567 0.167319
v -0.254374 0.027567 0.202443
v -0.239290 0.027567 0.176910
v -0.163102 0.027567 0.235066
v -0.262336 0.027567 0.231010
v -0.262633 0.027567 0.260664
v -0.255245 0.027567 0.289385
v -0.163967 0.027567 0.235914
v -0.218111 0.027567 0.156151
v -0.192282 0.027567 0.141581
v -0.163561 0.027567 0.134192
v -0.133907 0.027567 0.134489
v -0.105340 0.027567 0.142451
v -0.160627 0.027567 0.232640
v -0.079807 0.027567 0.157535
v -0.156552 0.027567 0.230341
v -0.152022 0.027567 0.229176
v -0.147345 0.027567 0.229223
v -0.059048 0.027567 0.178714
v -0.142839 0.027567 0.230479
v -0.138811 0.027567 0.232858
v -0.135537 0.027567 0.236199
v -0.133238 0.027567 0.240273
v -0.132073 0.027567 0.244803
v -0.132120 0.027567 0.249481
v -0.133376 0.027567 0.253987
v -0.044478 0.027567 0.204544
v -0.135755 0.027567 0.258014
v -0.194383 0.027567 0.351477
v -0.165816 0.027567 0.359439
v -0.037089 0.027567 0.233264
v -0.136161 0.027567 0.359736
v -0.037386 0.027567 0.262919
v -0.107441 0.027567 0.352348
v -0.045348 0.027567 0.291486
v -0.081611 0.027567 0.337778
v -0.060432 0.027567 0.317019
v -0.240674 0.027567 0.315214
v -0.166347 0.027567 0.239942
v -0.167602 0.027567 0.244448
v -0.219916 0.027567 0.336393
v -0.167649 0.027567 0.249125
v -0.166484 0.027567 0.253655
v -0.164186 0.027567 0.257730
v -0.160911 0.027567 0.261070
v -0.156884 0.027567 0.263450
v -0.152378 0.027567 0.264705
v -0.147700 0.027567 0.264752
v -0.143170 0.027567 0.263587
v -0.139096 0.027567 0.261289
v -0.135755 0.027567 0.258014
v -0.139096 0.027567 0.261289
v -0.194383 0.027567 0.351477
v -0.143170 0.027567 0.263587
v -0.147700 0.027567 0.264752
v -0.219916 0.027567 0.336393
v -0.152378 0.027567 0.264705
v -0.156884 0.027567 0.263450
v -0.160911 0.027567 0.261070
v -0.164186 0.027567 0.257730
v -0.166484 0.027567 0.253655
v -0.167649 0.027567 0.249125
v -0.167602 0.027567 0.244448
v -0.240674 0.027567 0.315214
v -0.166347 0.027567 0.239942
v -0.163967 0.027567 0.235914
v -0.255245 0.027567 0.289385
v -0.060432 0.027567 0.317019
v -0.045348 0.027567 0.291486
v -0.081611 0.027567 0.337778
v -0.107441 0.027567 0.352348
v -0.037386 0.027567 0.262919
v -0.136161 0.027567 0.359736
v -0.037089 0.027567 0.233264
v -0.165816 0.027567 0.359439
v -0.044478 0.027567 0.204544
v -0.133376 0.027567 0.253987
v -0.059048 0.027567 0.178714
v -0.132120 0.027567 0.249481
v -0.132073 0.027567 0.244803
v -0.133238 0.027567 0.240273
v -0.135537 0.027567 0.236199
v -0.138811 0.027567 0.232858
v -0.142839 0.027567 0.230479
v -0.147345 0.027567 0.229223
v -0.079807 0.027567 0.157535
v -0.152022 0.027567 0.229176
v -0.156552 0.027567 0.230341
v -0.160627 0.027567 0.232640
v -0.105340 0.027567 0.142451
v -0.163102 0.027567 0.235066
v -0.133907 0.027567 0.134489
v -0.163561 0.027567 0.134192
v -0.192282 0.027567 0.141581
v -0.218111 0.027567 0.156151
v -0.229506 0.027567 0.167319
v -0.262633 0.027567 0.260664
v -0.262336 0.027567 0.231010
v -0.254374 0.027567 0.202443
v -0.239290 0.027567 0.176910
v -0.162847 -0.075040 0.277449
v -0.162847 -0.075040 0.277449
v -0.154515 -0.075040 0.279772
v -0.154515 -0.075040 0.279772
v -0.145865 -0.075040 0.279858
v -0.145865 -0.075040 0.279858
v -0.137488 -0.075040 0.277703
v -0.137488 -0.075040 0.277703
v -0.129953 -0.075040 0.273453
v -0.129953 -0.075040 0.273453
v -0.123776 -0.075040 0.267398
v -0.123776 -0.075040 0.267398
v -0.119376 -0.075040 0.259950
v -0.119376 -0.075040 0.259950
v -0.117054 -0.075040 0.251618
v -0.117054 -0.075040 0.251618
v -0.116967 -0.075040 0.242968
v -0.116967 -0.075040 0.242968
v -0.119122 -0.075040 0.234591
v -0.119122 -0.075040 0.234591
v -0.123372 -0.075040 0.227057
v -0.123372 -0.075040 0.227057
v -0.129427 -0.075040 0.220879
v -0.129427 -0.075040 0.220879
v -0.229506 0.027567 0.167319
v -0.225459 -0.004599 0.171448
v -0.225459 -0.004599 0.171448
v -0.229506 0.027567 0.167319
v -0.190104 -0.004599 0.146990
v -0.190104 -0.004599 0.146990
v -0.214608 -0.004599 0.160813
v -0.229506 0.027567 0.167319
v -0.225459 -0.004599 0.171448
v -0.218111 0.027567 0.156151
v -0.218111 0.027567 0.156151
v -0.214608 -0.004599 0.160813
v -0.229506 0.027567 0.167319
v -0.225459 -0.004599 0.171448
v -0.158291 -0.026288 0.177572
v -0.158291 -0.026288 0.177572
v -0.140764 -0.029518 0.182834
v -0.140764 -0.029518 0.182834
v -0.126389 -0.033187 0.191864
v -0.126389 -0.033187 0.191864
v -0.115764 -0.037272 0.203437
v -0.115764 -0.037272 0.203437
v -0.109090 -0.041747 0.216323
v -0.109090 -0.041747 0.216323
v -0.106215 -0.046583 0.229395
v -0.106215 -0.046583 0.229395
v -0.121822 -0.068896 0.225891
v -0.121822 -0.068896 0.225891
v -0.115118 -0.062941 0.232979
v -0.115118 -0.062941 0.232979
v -0.106720 -0.051749 0.241723
v -0.109902 -0.057214 0.242110
v -0.106720 -0.051749 0.241723
v -0.109902 -0.057214 0.242110
v -0.256562 -0.004599 0.231829
v -0.262336 0.027567 0.231010
v -0.256562 -0.004599 0.231829
v -0.262336 0.027567 0.231010
v -0.256844 -0.004599 0.259961
v -0.256844 -0.004599 0.259961
v -0.214707 -0.026288 0.273067
v -0.214707 -0.026288 0.273067
v -0.201640 -0.029518 0.285879
v -0.201640 -0.029518 0.285879
v -0.186795 -0.033187 0.294112
v -0.186795 -0.033187 0.294112
v -0.171531 -0.037272 0.297833
v -0.171531 -0.037272 0.297833
v -0.157024 -0.041747 0.297461
v -0.157024 -0.041747 0.297461
v -0.144187 -0.046583 0.293670
v -0.144187 -0.046583 0.293670
v -0.133633 -0.051749 0.287279
v -0.134830 -0.057214 0.284305
v -0.134830 -0.057214 0.284305
v -0.133633 -0.051749 0.287279
v -0.145345 -0.062941 0.284143
v -0.145345 -0.062941 0.284143
v -0.154787 -0.068896 0.281692
v -0.154787 -0.068896 0.281692
v -0.190104 -0.004599 0.146990
v -0.192282 0.027567 0.141581
v -0.192282 0.027567 0.141581
v -0.190104 -0.004599 0.146990
v -0.162858 -0.004599 0.139981
v -0.163561 0.027567 0.134192
v -0.163561 0.027567 0.134192
v -0.162858 -0.004599 0.139981
v -0.133907 0.027567 0.134489
v -0.134726 -0.004599 0.140263
v -0.133907 0.027567 0.134489
v -0.134726 -0.004599 0.140263
v -0.105340 0.027567 0.142451
v -0.107625 -0.004599 0.147816
v -0.105340 0.027567 0.142451
v -0.107625 -0.004599 0.147816
v -0.079807 0.027567 0.157535
v -0.083403 -0.004599 0.162126
v -0.079807 0.027567 0.157535
v -0.083403 -0.004599 0.162126
v -0.059048 0.027567 0.178714
v -0.063710 -0.004599 0.182217
v -0.059048 0.027567 0.178714
v -0.063710 -0.004599 0.182217
v -0.044478 0.027567 0.204544
v -0.049887 -0.004599 0.206721
v -0.044478 0.027567 0.204544
v -0.049887 -0.004599 0.206721
v -0.037089 0.027567 0.233264
v -0.042878 -0.004599 0.233968
v -0.037089 0.027567 0.233264
v -0.042878 -0.004599 0.233968
v -0.037386 0.027567 0.262919
v -0.043160 -0.004599 0.262100
v -0.037386 0.027567 0.262919
v -0.043160 -0.004599 0.262100
v -0.045348 0.027567 0.291486
v -0.050713 -0.004599 0.289200
v -0.045348 0.027567 0.291486
v -0.050713 -0.004599 0.289200
v -0.060432 0.027567 0.317019
v -0.065023 -0.004599 0.313423
v -0.060432 0.027567 0.317019
v -0.065023 -0.004599 0.313423
v -0.085114 -0.004599 0.333116
v -0.081611 0.027567 0.337778
v -0.085114 -0.004599 0.333116
v -0.081611 0.027567 0.337778
v -0.109618 -0.004599 0.346938
v -0.107441 0.027567 0.352348
v -0.109618 -0.004599 0.346938
v -0.107441 0.027567 0.352348
v -0.136865 -0.004599 0.353947
v -0.136161 0.027567 0.359736
v -0.136865 -0.004599 0.353947
v -0.136161 0.027567 0.359736
v -0.165816 0.027567 0.359439
v -0.164997 -0.004599 0.353665
v -0.165816 0.027567 0.359439
v -0.164997 -0.004599 0.353665
v -0.194383 0.027567 0.351477
v -0.192097 -0.004599 0.346112
v -0.194383 0.027567 0.351477
v -0.192097 -0.004599 0.346112
v -0.219916 0.027567 0.336393
v -0.216320 -0.004599 0.331803
v -0.219916 0.027567 0.336393
v -0.216320 -0.004599 0.331803
v -0.240674 0.027567 0.315214
v -0.236013 -0.004599 0.311711
v -0.240674 0.027567 0.315214
v -0.236013 -0.004599 0.311711
v -0.255245 0.027567 0.289385
v -0.249835 -0.004599 0.287207
v -0.255245 0.027567 0.289385
v -0.249835 -0.004599 0.287207
v -0.262633 0.027567 0.260664
v -0.256844 -0.004599 0.259961
v -0.262633 0.027567 0.260664
v -0.256844 -0.004599 0.259961
v -0.145631 -0.068896 0.281783
v -0.145631 -0.068896 0.281783
v -0.136763 -0.068896 0.279502
v -0.136763 -0.068896 0.279502
v -0.128788 -0.068896 0.275003
v -0.128788 -0.068896 0.275003
v -0.122249 -0.068896 0.268594
v -0.122249 -0.068896 0.268594
v -0.117592 -0.068896 0.260711
v -0.117592 -0.068896 0.260711
v -0.115134 -0.068896 0.251890
v -0.115134 -0.068896 0.251890
v -0.115042 -0.068896 0.242734
v -0.115042 -0.068896 0.242734
v -0.117323 -0.068896 0.233866
v -0.117323 -0.068896 0.233866
v -0.162858 -0.004599 0.139981
v -0.162858 -0.004599 0.139981
v -0.140044 -0.026288 0.177754
v -0.140044 -0.026288 0.177754
v -0.124476 -0.029518 0.187374
v -0.124476 -0.029518 0.187374
v -0.112928 -0.033187 0.199816
v -0.112928 -0.033187 0.199816
v -0.105660 -0.037272 0.213745
v -0.105660 -0.037272 0.213745
v -0.102549 -0.041747 0.227919
v -0.102549 -0.041747 0.227919
v -0.103155 -0.046583 0.241290
v -0.103155 -0.046583 0.241290
v -0.112682 -0.062941 0.242448
v -0.112682 -0.062941 0.242448
v -0.106833 -0.051749 0.253068
v -0.110007 -0.057214 0.252617
v -0.106833 -0.051749 0.253068
v -0.110007 -0.057214 0.252617
v -0.249835 -0.004599 0.287207
v -0.249835 -0.004599 0.287207
v -0.205742 -0.026288 0.288961
v -0.205742 -0.026288 0.288961
v -0.189804 -0.029518 0.297954
v -0.189804 -0.029518 0.297954
v -0.173333 -0.033187 0.302065
v -0.173333 -0.033187 0.302065
v -0.157626 -0.037272 0.301708
v -0.157626 -0.037272 0.301708
v -0.143711 -0.041747 0.297594
v -0.143711 -0.041747 0.297594
v -0.132292 -0.046583 0.290610
v -0.132292 -0.046583 0.290610
v -0.123752 -0.051749 0.281705
v -0.125678 -0.057214 0.279143
v -0.125678 -0.057214 0.279143
v -0.123752 -0.051749 0.281705
v -0.135876 -0.062941 0.281707
v -0.135876 -0.062941 0.281707
v -0.134726 -0.004599 0.140263
v -0.134726 -0.004599 0.140263
v -0.107625 -0.004599 0.147816
v -0.122466 -0.026288 0.182654
v -0.122466 -0.026288 0.182654
v -0.107625 -0.004599 0.147816
v -0.083403 -0.004599 0.162126
v -0.106754 -0.026288 0.191935
v -0.106754 -0.026288 0.191935
v -0.083403 -0.004599 0.162126
v -0.063710 -0.004599 0.182217
v -0.093981 -0.026288 0.204967
v -0.093981 -0.026288 0.204967
v -0.063710 -0.004599 0.182217
v -0.085015 -0.026288 0.220861
v -0.049887 -0.004599 0.206721
v -0.049887 -0.004599 0.206721
v -0.085015 -0.026288 0.220861
v -0.080469 -0.026288 0.238534
v -0.042878 -0.004599 0.233968
v -0.042878 -0.004599 0.233968
v -0.080469 -0.026288 0.238534
v -0.080651 -0.026288 0.256782
v -0.043160 -0.004599 0.262100
v -0.043160 -0.004599 0.262100
v -0.080651 -0.026288 0.256782
v -0.085551 -0.026288 0.274360
v -0.050713 -0.004599 0.289200
v -0.050713 -0.004599 0.289200
v -0.085551 -0.026288 0.274360
v -0.094832 -0.026288 0.290071
v -0.065023 -0.004599 0.313423
v -0.065023 -0.004599 0.313423
v -0.094832 -0.026288 0.290071
v -0.085114 -0.004599 0.333116
v -0.107864 -0.026288 0.302845
v -0.085114 -0.004599 0.333116
v -0.107864 -0.026288 0.302845
v -0.109618 -0.004599 0.346938
v -0.123758 -0.026288 0.311810
v -0.109618 -0.004599 0.346938
v -0.123758 -0.026288 0.311810
v -0.136865 -0.004599 0.353947
v -0.141431 -0.026288 0.316357
v -0.136865 -0.004599 0.353947
v -0.141431 -0.026288 0.316357
v -0.164997 -0.004599 0.353665
v -0.159678 -0.026288 0.316174
v -0.164997 -0.004599 0.353665
v -0.159678 -0.026288 0.316174
v -0.192097 -0.004599 0.346112
v -0.177257 -0.026288 0.311275
v -0.192097 -0.004599 0.346112
v -0.177257 -0.026288 0.311275
v -0.216320 -0.004599 0.331803
v -0.192968 -0.026288 0.301993
v -0.216320 -0.004599 0.331803
v -0.192968 -0.026288 0.301993
v -0.236013 -0.004599 0.311711
v -0.236013 -0.004599 0.311711
v -0.127360 -0.062941 0.276904
v -0.127360 -0.062941 0.276904
v -0.120378 -0.062941 0.270060
v -0.120378 -0.062941 0.270060
v -0.115405 -0.062941 0.261642
v -0.115405 -0.062941 0.261642
v -0.112780 -0.062941 0.252224
v -0.112780 -0.062941 0.252224
v -0.109918 -0.029518 0.195974
v -0.109918 -0.029518 0.195974
v -0.101983 -0.033187 0.210982
v -0.101983 -0.033187 0.210982
v -0.098569 -0.037272 0.226317
v -0.098569 -0.037272 0.226317
v -0.099231 -0.041747 0.240814
v -0.099231 -0.041747 0.240814
v -0.103278 -0.046583 0.253572
v -0.103278 -0.046583 0.253572
v -0.109879 -0.051749 0.263996
v -0.112828 -0.057214 0.262740
v -0.109879 -0.051749 0.263996
v -0.112828 -0.057214 0.262740
v -0.175246 -0.029518 0.306555
v -0.175246 -0.029518 0.306555
v -0.158272 -0.033187 0.306262
v -0.158272 -0.033187 0.306262
v -0.143193 -0.037272 0.301852
v -0.143193 -0.037272 0.301852
v -0.130816 -0.041747 0.294277
v -0.130816 -0.041747 0.294277
v -0.121594 -0.046583 0.284576
v -0.121594 -0.046583 0.284576
v -0.115650 -0.051749 0.273764
v -0.118173 -0.057214 0.271787
v -0.118173 -0.057214 0.271787
v -0.115650 -0.051749 0.273764
v -0.098082 -0.029518 0.208050
v -0.098082 -0.029518 0.208050
v -0.089774 -0.029518 0.222777
v -0.089774 -0.029518 0.222777
v -0.085562 -0.029518 0.239153
v -0.085562 -0.029518 0.239153
v -0.085731 -0.029518 0.256061
v -0.085731 -0.029518 0.256061
v -0.090271 -0.029518 0.272349
v -0.090271 -0.029518 0.272349
v -0.098871 -0.029518 0.286907
v -0.098871 -0.029518 0.286907
v -0.110947 -0.029518 0.298743
v -0.110947 -0.029518 0.298743
v -0.125674 -0.029518 0.307051
v -0.125674 -0.029518 0.307051
v -0.142050 -0.029518 0.311264
v -0.142050 -0.029518 0.311264
v -0.158958 -0.029518 0.311094
v -0.158958 -0.029518 0.311094
v -0.094302 -0.033187 0.224600
v -0.094302 -0.033187 0.224600
v -0.094973 -0.037272 0.240296
v -0.094973 -0.037272 0.240296
v -0.099365 -0.041747 0.254127
v -0.099365 -0.041747 0.254127
v -0.106576 -0.046583 0.265403
v -0.106576 -0.046583 0.265403
v -0.142638 -0.033187 0.306419
v -0.142638 -0.033187 0.306419
v -0.129214 -0.037272 0.298256
v -0.129214 -0.037272 0.298256
v -0.119220 -0.041747 0.287735
v -0.119220 -0.041747 0.287735
v -0.112823 -0.046583 0.275978
v -0.112823 -0.046583 0.275978
v -0.090407 -0.033187 0.239741
v -0.090407 -0.033187 0.239741
v -0.090563 -0.033187 0.255375
v -0.090563 -0.033187 0.255375
v -0.094761 -0.033187 0.270436
v -0.094761 -0.033187 0.270436
v -0.102713 -0.033187 0.283898
v -0.102713 -0.033187 0.283898
v -0.113879 -0.033187 0.294842
v -0.113879 -0.033187 0.294842
v -0.127497 -0.033187 0.302523
v -0.127497 -0.033187 0.302523
v -0.095117 -0.037272 0.254730
v -0.095117 -0.037272 0.254730
v -0.102939 -0.041747 0.266952
v -0.102939 -0.041747 0.266952
v -0.116642 -0.037272 0.291165
v -0.116642 -0.037272 0.291165
v -0.109711 -0.041747 0.278416
v -0.109711 -0.041747 0.278416
v -0.098993 -0.037272 0.268634
v -0.098993 -0.037272 0.268634
v -0.106334 -0.037272 0.281061
v -0.106334 -0.037272 0.281061
vn 0.8099510070359527 0.4742713742425867 0.3450304765893797
vn 0.6624781703795289 0.5401935623739701 0.5189543225952661
vn 0.7742200345114666 0.540193557842415 0.3298094271342424
vn 0.6930521589223794 0.4742713905010922 0.5429045525368059
vn -0.6930521589223794 -0.4742713905010922 -0.5429045525368059
vn -0.8099510070359527 -0.4742713742425867 -0.3450304765893797
vn -0.6624781703795289 -0.5401935623739701 -0.5189543225952661
vn -0.7742200345114666 -0.540193557842415 -0.3298094271342424
vn 0.5055895679580815 0.5401935476471241 0.6727333200105186
vn 0.5289229970370702 0.4742713862153154 0.703780587557462
vn -0.5289229970370702 -0.4742713862153154 -0.703780587557462
vn -0.5055895679580815 -0.5401935476471241 -0.6727333200105186
vn 0.6275229090971838 0.6037979893234995 0.4915719546995201
vn 0.733368755512122 0.6037979911728435 0.3124071930897885
vn -0.6275229090971838 -0.6037979893234995 -0.4915719546995201
vn -0.733368755512122 -0.6037979911728435 -0.3124071930897885
vn 0.8716530579501367 0.47427137698726424 0.12364306505736665
vn 0.8332000588510102 0.540193594928184 0.11818858629003941
vn -0.8716530579501367 -0.47427137698726424 -0.12364306505736665
vn -0.8332000588510102 -0.540193594928184 -0.11818858629003941
vn 0.8405814093597997 0.4064511883284674 0.3580786586004108
vn 0.7192617829641533 0.4064511532669353 0.5634358415784406
vn -0.7192617829641533 -0.4064511532669353 -0.5634358415784406
vn -0.8405814093597997 -0.4064511883284674 -0.3580786586004108
vn 0.47891244573784714 0.6037979889261711 0.6372368930673309
vn -0.47891244573784714 -0.6037979889261711 -0.6372368930673309
vn 0.5489255915167606 0.4064511554771034 0.7303958879876733
vn -0.5489255915167606 -0.4064511554771034 -0.7303958879876733
vn 0.32874857130574225 0.47427138144373077 0.8166951901461698
vn 0.3142458889454432 0.5401935956437128 0.7806666385253088
vn -0.3142458889454432 -0.5401935956437128 -0.7806666385253088
vn -0.32874857130574225 -0.47427138144373077 -0.8166951901461698
vn 0.5881977825923088 0.6646183854006326 0.46076650305870437
vn 0.6874105932788046 0.6646183534967169 0.29282950746704955
vn -0.5881977825923088 -0.6646183854006326 -0.46076650305870437
vn -0.6874105932788046 -0.6646183534967169 -0.29282950746704955
vn 0.7892367499661557 0.6037979908486988 0.1119523950165187
vn -0.7892367499661557 -0.6037979908486988 -0.1119523950165187
vn 0.8739533680771754 0.47427139907453664 -0.10617038403642746
vn 0.8353989162923939 0.5401935859885203 -0.10148665091703885
vn -0.8739533680771754 -0.47427139907453664 0.10617038403642746
vn -0.8353989162923939 -0.5401935859885203 0.10148665091703885
vn 0.90461687505582 0.4064511733256748 0.1283189505350839
vn -0.90461687505582 -0.4064511733256748 -0.1283189505350839
vn 0.8661518574792355 0.33710688306316494 0.3689714205419003
vn 0.7411416689161324 0.33710687166676084 0.5805755624130764
vn -0.7411416689161324 -0.33710687166676084 -0.5805755624130764
vn -0.8661518574792355 -0.33710688306316494 -0.3689714205419003
vn 0.4489003263091067 0.6646183442887481 0.5973030666876411
vn -0.4489003263091067 -0.6646183442887481 -0.5973030666876411
vn 0.2976648748461392 0.6037980096997035 0.7394752097031441
vn -0.2976648748461392 -0.6037980096997035 -0.7394752097031441
vn 0.5656239262779118 0.3371068677062064 0.7526144655580768
vn -0.5656239262779118 -0.3371068677062064 -0.7526144655580768
vn 0.34118106639155665 0.4064511839547436 0.8475806244822423
vn -0.34118106639155665 -0.4064511839547436 -0.8475806244822423
vn 0.10617052953722267 0.4742713840835865 0.8739533585364982
vn 0.10148679027585249 0.5401935703871469 0.8353989094509829
vn -0.10148679027585249 -0.5401935703871469 -0.8353989094509829
vn -0.10617052953722267 -0.4742713840835865 -0.8739533585364982
vn 0.5445543895226136 0.7221436517242678 0.4265783200374736
vn 0.6364057565089718 0.7221436229143572 0.271102012103138
vn -0.5445543895226136 -0.7221436517242678 -0.4265783200374736
vn -0.6364057565089718 -0.7221436229143572 -0.271102012103138
vn 0.7397774635066091 0.6646183945574052 0.10493661945986607
vn -0.7397774635066091 -0.6646183945574052 -0.10493661945986607
vn 0.7913195495825115 0.6037980170275501 -0.09613181097914165
vn -0.7913195495825115 -0.6037980170275501 0.09613181097914165
vn 0.8166952088472564 0.4742714248208648 -0.3287484622691375
vn 0.7806666502407044 0.5401936407871595 -0.3142457822391113
vn -0.7806666502407044 -0.5401936407871595 0.3142457822391113
vn -0.8166952088472564 -0.4742714248208648 0.3287484622691375
vn 0.907004172705312 0.4064511979156021 -0.11018554536836893
vn -0.907004172705312 -0.4064511979156021 0.11018554536836893
vn 0.9321352849160784 0.3371068803967835 0.13222239524214385
vn -0.9321352849160784 -0.3371068803967835 -0.13222239524214385
vn 0.8867129271137068 0.2665709745838813 0.37773019524369744
vn 0.7587351871519854 0.26657097563337284 0.5943574940448831
vn -0.7587351871519854 -0.26657097563337284 -0.5943574940448831
vn -0.8867129271137068 -0.2665709745838813 -0.37773019524369744
vn 0.4155925901164585 0.7221436393956766 0.5529840532245576
vn -0.4155925901164585 -0.7221436393956766 -0.5529840532245576
vn 0.27901101418986723 0.6646183495799715 0.6931344049766514
vn -0.27901101418986723 -0.6646183495799715 -0.6931344049766514
vn 0.0961319432700212 0.6037980013809032 0.7913195454502284
vn -0.0961319432700212 -0.6037980013809032 -0.7913195454502284
vn 0.5790508892639458 0.2665709720211589 0.7704803595928504
vn -0.5790508892639458 -0.2665709720211589 -0.7704803595928504
vn 0.3515598310939986 0.33710687789471494 0.8733639779823972
vn -0.3515598310939986 -0.33710687789471494 -0.8733639779823972
vn 0.11018569610324654 0.406451184078253 0.9070041605944424
vn -0.11018569610324654 -0.406451184078253 -0.9070041605944424
vn -0.11818844833938963 0.5401936130492548 0.8332000666706163
vn -0.12364292113182825 0.4742713943993153 0.8716530688918142
vn 0.11818844833938963 -0.5401936130492548 -0.8332000666706163
vn 0.12364292113182825 -0.4742713943993153 -0.8716530688918142
vn 0.5804756562427875 0.7758237017138077 0.24727635626680908
vn 0.4966966086155179 0.7758236904686964 0.3890887820245851
vn -0.5804756562427875 -0.7758237017138077 -0.24727635626680908
vn -0.4966966086155179 -0.7758236904686964 -0.3890887820245851
vn 0.6848871088091332 0.7221436326346968 0.09715051225922931
vn -0.6848871088091332 -0.7221436326346968 -0.09715051225922931
vn 0.7417297623999822 0.6646183888796491 -0.0901074732366041
vn -0.7417297623999822 -0.6646183888796491 0.0901074732366041
vn 0.7394752144510425 0.6037980549741282 -0.2976647712142715
vn -0.7394752144510425 -0.6037980549741282 0.2976647712142715
vn 0.7037805867118931 0.4742714463557731 -0.5289229442357992
vn 0.6727333118416695 0.5401936102364825 -0.5055895119543267
vn -0.6727333118416695 -0.5401936102364825 0.5055895119543267
vn -0.7037805867118931 -0.4742714463557731 0.5289229442357992
vn 0.8475806498646812 0.40645122399385253 -0.3411809556362487
vn -0.8475806498646812 -0.40645122399385253 0.3411809556362487
vn 0.9345952073843342 0.3371069021931578 -0.1135373719440698
vn -0.9345952073843342 -0.3371069021931578 0.1135373719440698
vn 0.9542626825918838 0.26657097794013734 0.13536116995867128
vn -0.9542626825918838 -0.26657097794013734 -0.13536116995867128
vn 0.902316444296134 0.19513918239535735 0.384377072478124
vn 0.7720866302389875 0.1951391807389669 0.6048164478143182
vn -0.7720866302389875 -0.1951391807389669 -0.6048164478143182
vn -0.902316444296134 -0.19513918239535735 -0.384377072478124
vn 0.3790685116127037 0.7758237003503136 0.5043854175910287
vn -0.3790685116127037 -0.7758237003503136 -0.5043854175910287
vn 0.2583087688891073 0.7221436618206156 0.6417048477355506
vn -0.2583087688891073 -0.7221436618206156 -0.6417048477355506
vn 0.0901075975206734 0.6646183737478888 0.7417297608602231
vn -0.0901075975206734 -0.6646183737478888 -0.7417297608602231
vn -0.11195226395889342 0.6037980090223398 0.7892367546529601
vn 0.11195226395889342 -0.6037980090223398 -0.7892367546529601
vn 0.5892404983753449 0.19513917554526602 0.784038479439555
vn -0.5892404983753449 -0.19513917554526602 -0.784038479439555
vn 0.35990530420390016 0.2665709716948738 0.8940962414950354
vn -0.35990530420390016 -0.2665709716948738 -0.8940962414950354
vn 0.1135375270255562 0.33710689000773486 0.9345951929398278
vn -0.1135375270255562 -0.33710689000773486 -0.9345951929398278
vn -0.12831880152968397 0.4064511893978059 0.904616888970737
vn 0.12831880152968397 -0.4064511893978059 -0.904616888970737
vn -0.32980932395271223 0.5401936048303992 0.7742200456809377
vn -0.34503037148001814 0.47427141939209955 0.8099510253738578
vn 0.32980932395271223 -0.5401936048303992 -0.7742200456809377
vn 0.34503037148001814 -0.47427141939209955 -0.8099510253738578
vn 0.5198163970158054 0.8250799543377532 0.2214361811979197
vn 0.4447922035196099 0.8250799395238442 0.3484293171986243
vn -0.5198163970158054 -0.8250799543377532 -0.2214361811979197
vn -0.4447922035196099 -0.8250799395238442 -0.3484293171986243
vn 0.6246962601287688 0.7758236978933258 0.08861248426861358
vn -0.6246962601287688 -0.7758236978933258 -0.08861248426861358
vn 0.6866945013566801 0.7221436779916534 -0.08342164073660696
vn -0.6866945013566801 -0.7221436779916534 0.08342164073660696
vn 0.6931344031171063 0.6646183933645503 -0.27901091451234755
vn -0.6931344031171063 -0.6646183933645503 0.27901091451234755
vn 0.6372368777435163 0.6037980516971286 -0.47891238698789823
vn -0.6372368777435163 -0.6037980516971286 0.47891238698789823
vn 0.5429045040783966 0.47427145129028453 -0.6930521552829898
vn 0.5189542705353102 0.5401936256384796 -0.6624781595741238
vn -0.5189542705353102 -0.5401936256384796 0.6624781595741238
vn -0.5429045040783966 -0.47427145129028453 0.6930521552829898
vn 0.7303958942478149 0.4064512109895336 -0.5489255420829644
vn -0.7303958942478149 -0.4064512109895336 0.5489255420829644
vn 0.8733640094509004 0.33710691315389496 -0.3515597191085744
vn -0.8733640094509004 -0.33710691315389496 0.3515597191085744
vn 0.956781014207335 0.2665709955251794 -0.11623250490761297
vn -0.956781014207335 -0.2665709955251794 0.11623250490761297
vn 0.9710548623865857 0.19513918806860764 0.13774306340173245
vn -0.9710548623865857 -0.19513918806860764 -0.13774306340173245
vn 0.9083506366510432 0.1586527902541768 0.38694755851434015
vn 0.7772499286688999 0.1586527853181111 0.608861102465082
vn -0.7772499286688999 -0.1586527853181111 -0.608861102465082
vn -0.9083506366510432 -0.1586527902541768 -0.38694755851434015
vn 0.33945616041954985 0.8250799368499433 0.4516775541920478
vn -0.33945616041954985 -0.8250799368499433 -0.4516775541920478
vn 0.23560754254669805 0.7758237136303252 0.5853090220250814
vn -0.23560754254669805 -0.7758237136303252 -0.5853090220250814
vn 0.083421756070376 0.7221436638995282 0.6866945021651912
vn -0.083421756070376 -0.7221436638995282 -0.6866945021651912
vn -0.10493649623179711 0.6646184121330034 0.7397774651963921
vn 0.10493649623179711 -0.6646184121330034 -0.7397774651963921
vn -0.3124070925605514 0.6037980382971564 0.7333687595380437
vn 0.3124070925605514 -0.6037980382971564 -0.7333687595380437
vn 0.6912764010749683 0.1573291914751488 0.7052548920969038
vn 0.5931809588676494 0.15865279007345326 0.7892817255193261
vn -0.5931809588676494 -0.15865279007345326 -0.7892817255193261
vn -0.6912764010749683 -0.1573291914751488 -0.7052548920969038
vn 0.3662385801682823 0.19513918066067135 0.9098296557968435
vn -0.3662385801682823 -0.19513918066067135 -0.9098296557968435
vn 0.1162326634686524 0.26657098542652236 0.9567809977584816
vn -0.1162326634686524 -0.26657098542652236 -0.9567809977584816
vn -0.1322222420269388 0.33710689455019677 0.9321353015308949
vn 0.1322222420269388 -0.33710689455019677 -0.9321353015308949
vn -0.3580785521430796 0.40645123000355965 0.8405814345580738
vn 0.3580785521430796 -0.40645123000355965 -0.8405814345580738
vn -0.5189542705353102 0.5401936256384794 0.662478159574124
vn -0.5429045040783966 0.4742714512902843 0.69305215528299
vn 0.5189542705353102 -0.5401936256384794 -0.662478159574124
vn 0.5429045040783966 -0.4742714512902843 -0.69305215528299
vn 0.4726506401406933 0.8579405126146545 0.20134410641758746
vn 0.404433819006939 0.8579404909215521 0.3168144568682891
vn -0.4726506401406933 -0.8579405126146545 -0.20134410641758746
vn -0.404433819006939 -0.8579404909215521 -0.3168144568682891
vn 0.5594159384683546 0.8250799833684815 0.0793525603382527
vn -0.5594159384683546 -0.8250799833684815 -0.0793525603382527
vn 0.6263448154192599 0.7758237233396537 -0.07609022605308867
vn -0.6263448154192599 -0.7758237233396537 0.07609022605308867
vn 0.6417048399732299 0.7221437025969435 -0.2583086741758946
vn -0.6417048399732299 -0.7221437025969435 0.2583086741758946
vn 0.597303044785261 0.664618404994108 -0.4489002655750433
vn -0.597303044785261 -0.664618404994108 0.4489002655750433
vn 0.4915718994714292 0.603798052771563 -0.6275228913110023
vn -0.4915718994714292 -0.603798052771563 0.6275228913110023
vn 0.34503037148001814 0.47427141939209994 -0.8099510253738575
vn 0.32980932395271223 0.5401936048303997 -0.7742200456809375
vn -0.32980932395271223 -0.5401936048303997 0.7742200456809375
vn -0.34503037148001814 -0.47427141939209994 0.8099510253738575
vn 0.5634357968529188 0.4064512093781751 -0.7192617862918448
vn -0.5634357968529188 -0.4064512093781751 0.7192617862918448
vn 0.7526144783575498 0.3371069165914764 -0.5656238801118464
vn -0.7526144783575498 -0.3371069165914764 0.5656238801118464
vn 0.8940962782031201 0.266571000915899 -0.3599051913685392
vn -0.8940962782031201 -0.266571000915899 0.3599051913685392
vn 0.9736175007630479 0.1951391950047671 -0.11827787950757286
vn -0.9736175007630479 -0.1951391950047671 0.11827787950757286
vn 0.9775487338684521 0.1586527927570904 0.1386642140660737
vn -0.9775487338684521 -0.1586527927570904 -0.1386642140660737
vn 0 1 0
vn 0 -1 0
vn 0.30865545672254574 0.8579405118745224 0.41069439626062504
vn -0.30865545672254574 -0.8579405118745224 -0.41069439626062504
vn 0.2109866967660628 0.8250799441376342 0.5241447315098987
vn -0.2109866967660628 -0.8250799441376342 -0.5241447315098987
vn 0.07609033150034679 0.7758237107441365 0.626344818210677
vn -0.07609033150034679 -0.7758237107441365 -0.626344818210677
vn -0.09715039780739207 0.722143649002759 0.6848871077855427
vn 0.09715039780739207 -0.722143649002759 -0.6848871077855427
vn -0.2928294104630193 0.6646183990703153 0.6874105905389379
vn 0.2928294104630193 -0.6646183990703153 -0.6874105905389379
vn -0.4915718994714292 0.6037980527715627 0.6275228913110026
vn 0.4915718994714292 -0.6037980527715627 -0.6275228913110026
vn 0.36868774474919314 0.15865279684887265 0.9159140990965169
vn -0.36868774474919314 -0.15865279684887265 -0.9159140990965169
vn 0.11827804069972582 0.19513918734973543 0.9736174827152186
vn -0.11827804069972582 -0.19513918734973543 -0.9736174827152186
vn -0.13536101337940423 0.2665709896697726 0.9542627015258318
vn 0.13536101337940423 -0.2665709896697726 -0.9542627015258318
vn -0.3689713131828595 0.3371069197630198 0.8661518889294216
vn 0.3689713131828595 -0.3371069197630198 -0.8661518889294216
vn -0.5634357968529188 0.4064512093781747 0.719261786291845
vn 0.5634357968529188 -0.4064512093781747 -0.719261786291845
vn -0.6727333118416695 0.5401936102364823 0.5055895119543269
vn -0.7037805867118931 0.4742714463557729 0.5289229442357994
vn 0.6727333118416695 -0.5401936102364823 -0.5055895119543269
vn 0.7037805867118931 -0.4742714463557729 -0.5289229442357994
vn 0.4572482904274309 0.8677462988397713 0.19478285794974415
vn 0.391254435134618 0.8677463032857312 0.3064903263097201
vn -0.4572482904274309 -0.8677462988397713 -0.19478285794974415
vn -0.391254435134618 -0.8677463032857312 -0.3064903263097201
vn 0.5086571443231164 0.8579405131934333 0.07215251451225373
vn -0.5086571443231164 -0.8579405131934333 -0.07215251451225373
vn 0.5608922822873843 0.8250799659160625 -0.06813881063240118
vn -0.5608922822873843 -0.8250799659160625 0.06813881063240118
vn 0.5853090093910758 0.7758237500761255 -0.2356074539216773
vn -0.5853090093910758 -0.7758237500761255 0.2356074539216773
vn 0.5529840257300112 0.7221436959302389 -0.41559252846465516
vn -0.5529840257300112 -0.7221436959302389 0.41559252846465516
vn 0.4607664454132982 0.6646184467608164 -0.5881977584167029
vn -0.4607664454132982 -0.6646184467608164 0.5881977584167029
vn 0.3124070925605514 0.6037980382971567 -0.7333687595380434
vn -0.3124070925605514 -0.6037980382971567 0.7333687595380434
vn 0.12364292113182825 0.4742713943993157 -0.8716530688918139
vn 0.11818844833938963 0.5401936130492552 -0.8332000666706161
vn -0.11818844833938963 -0.5401936130492552 0.8332000666706161
vn -0.12364292113182825 -0.4742713943993157 0.8716530688918139
vn 0.3580785521430796 0.40645123000356004 -0.8405814345580735
vn -0.3580785521430796 -0.40645123000356004 0.8405814345580735
vn 0.5805755212774658 0.33710692107935375 -0.7411416786646109
vn -0.5805755212774658 -0.33710692107935375 0.7411416786646109
vn 0.7704803780637418 0.2665710125347976 -0.57905084603593
vn -0.7704803780637418 -0.2665710125347976 0.57905084603593
vn 0.9098296966918004 0.1951392028109267 -0.3662384667727059
vn -0.9098296966918004 -0.1951392028109267 0.3662384667727059
vn 0.9801285129013182 0.15865279157142023 -0.11906884531415463
vn -0.9801285129013182 -0.15865279157142023 0.11906884531415463
vn -0.38437696420384476 0.19513920545065816 0.9023164854337541
vn -0.13866405396734402 0.158652800082976 0.9775487553893017
vn -0.38694745012948434 0.15865280925022723 0.9083506795039575
vn -0.1377429042823176 0.19513919695995544 0.9710548831707176
vn 0.1377429042823176 -0.19513919695995544 -0.9710548831707176
vn 0.38437696420384476 -0.19513920545065816 -0.9023164854337541
vn 0.13866405396734402 -0.158652800082976 -0.9775487553893017
vn 0.38694745012948434 -0.15865280925022723 -0.9083506795039575
vn 0.11906900752159012 0.15865278526417861 0.9801284942168256
vn -0.11906900752159012 -0.15865278526417861 -0.9801284942168256
vn -0.600790305252483 0 -0.7994066606644132
vn -0.6999939735211537 0 -0.7141487499352402
vn 0.600790305252483 0 0.7994066606644132
vn 0.6999939735211537 0 0.7141487499352402
vn -0.37341728154134896 0 -0.9276634809273613
vn 0.37341728154134896 0 0.9276634809273613
vn -0.12059636713067777 0 -0.9927016249784639
vn 0.12059636713067777 0 0.9927016249784639
vn 0.1404429183293268 0 -0.9900887771766439
vn -0.1404429183293268 0 0.9900887771766439
vn 0.3919112678950035 0 -0.9200030206998947
vn -0.3919112678950035 0 0.9200030206998947
vn 0.616671575770236 0 -0.7872205330382674
vn -0.616671575770236 0 0.7872205330382674
vn 0.799406689122583 0 -0.6007902673862736
vn -0.799406689122583 0 0.6007902673862736
vn 0.9276635267923586 0 -0.3734171676010127
vn -0.9276635267923586 0 0.3734171676010127
vn 0.9927016449216396 0 -0.1205962029662253
vn -0.9927016449216396 0 0.1205962029662253
vn 0.9900887541992467 0 0.1404430803143523
vn -0.9900887541992467 0 -0.1404430803143523
vn 0.9200029744529851 0 0.3919113764585817
vn -0.9200029744529851 0 -0.3919113764585817
vn 0.7872205078894852 0 0.6166716078742565
vn -0.7872205078894852 0 -0.6166716078742565
vn 0.9159141416601304 0.15865281509922532 -0.36868763115688835
vn -0.9159141416601304 -0.15865281509922532 0.36868763115688835
vn 0.7892817503667205 0.1586528153767471 -0.5931809190382624
vn 0.7840385024660432 0.19513920625559897 -0.5892404575661272
vn -0.7840385024660432 -0.19513920625559897 0.5892404575661272
vn -0.7892817503667205 -0.1586528153767471 0.5931809190382624
vn 0.6088610682332787 0.1586528108943505 -0.7772499502638468
vn 0.6048164125188149 0.19513921178057184 -0.7720866500422916
vn -0.6048164125188149 -0.19513921178057184 0.7720866500422916
vn -0.6088610682332787 -0.1586528108943505 0.7772499502638468
vn 0.38694745012948434 0.15865280925022762 -0.9083506795039575
vn 0.3843769642038447 0.19513920545065852 -0.902316485433754
vn -0.3843769642038447 -0.19513920545065852 0.902316485433754
vn -0.38694745012948434 -0.15865280925022762 0.9083506795039575
vn 0.13866405396734402 0.15865280008297644 -0.9775487553893017
vn 0.13774290428231759 0.19513919695995582 -0.9710548831707174
vn -0.13774290428231759 -0.19513919695995582 0.9710548831707174
vn -0.13866405396734402 -0.15865280008297644 0.9775487553893017
vn -0.11906900752159012 0.15865278526417906 -0.9801284942168256
vn -0.11827804069972579 0.19513918734973584 -0.9736174827152184
vn 0.11827804069972579 -0.19513918734973584 0.9736174827152184
vn 0.11906900752159012 -0.15865278526417906 0.9801284942168256
vn -0.36623858016828226 0.19513918066067168 -0.9098296557968434
vn -0.36868774474919314 0.158652796848873 -0.9159140990965169
vn 0.36868774474919314 -0.158652796848873 0.9159140990965169
vn 0.36623858016828226 -0.19513918066067168 0.9098296557968434
vn -0.5892404983753446 0.1951391755452663 -0.7840384794395547
vn -0.5931809588676494 0.15865279007345362 -0.7892817255193261
vn 0.5931809588676494 -0.15865279007345362 0.7892817255193261
vn 0.5892404983753446 -0.1951391755452663 0.7840384794395547
vn -0.7720866302389873 0.19513918073896713 -0.604816447814318
vn -0.7772499286688999 0.15865278531811136 -0.608861102465082
vn 0.7772499286688999 -0.15865278531811136 0.608861102465082
vn 0.7720866302389873 -0.19513918073896713 0.604816447814318
vn -0.9083506366510432 0.15865279025417697 -0.38694755851434
vn -0.9023164442961341 0.1951391823953576 -0.38437707247812397
vn 0.9023164442961341 -0.1951391823953576 0.38437707247812397
vn 0.9083506366510432 -0.15865279025417697 0.38694755851434
vn -0.9775487338684521 0.1586527927570905 -0.13866421406607365
vn -0.9710548623865857 0.19513918806860772 -0.13774306340173234
vn 0.9710548623865857 -0.19513918806860772 0.13774306340173234
vn 0.9775487338684521 -0.1586527927570905 0.13866421406607365
vn -0.9801285129013182 0.15865279157142015 0.1190688453141547
vn -0.9736175007630479 0.19513919500476704 0.11827787950757296
vn 0.9736175007630479 -0.19513919500476704 -0.11827787950757296
vn 0.9801285129013182 -0.15865279157142015 -0.1190688453141547
vn -0.9159141416601304 0.15865281509922516 0.36868763115688846
vn -0.9098296966918004 0.1951392028109265 0.36623846677270605
vn 0.9098296966918004 -0.1951392028109265 -0.36623846677270605
vn 0.9159141416601304 -0.15865281509922516 -0.36868763115688846
vn -0.7892817503667205 0.15865281537674686 0.5931809190382624
vn -0.7840385024660433 0.19513920625559875 0.5892404575661274
vn 0.7840385024660433 -0.19513920625559875 -0.5892404575661274
vn 0.7892817503667205 -0.15865281537674686 -0.5931809190382624
vn -0.6088610682332787 0.15865281089435018 0.7772499502638468
vn -0.6048164125188149 0.19513921178057153 0.7720866500422916
vn 0.6048164125188149 -0.19513921178057153 -0.7720866500422916
vn 0.6088610682332787 -0.15865281089435018 -0.7772499502638468
vn 0.35015545619746247 0.8658946607763468 0.3572360465212914
vn 0.29859723895239254 0.8677462998227115 0.3973110217877185
vn -0.29859723895239254 -0.8677462998227115 -0.3973110217877185
vn -0.35015545619746247 -0.8658946607763468 -0.3572360465212914
vn 0.19184271191756866 0.8579405094236147 0.4765862526070819
vn -0.19184271191756866 -0.8579405094236147 -0.4765862526070819
vn 0.06813890527962795 0.8250799551741739 0.5608922865908186
vn -0.06813890527962795 -0.8250799551741739 -0.5608922865908186
vn -0.08861237953778359 0.7758237125230604 0.6246962568157324
vn 0.08861237953778359 -0.7758237125230604 -0.6246962568157324
vn -0.27110191964034436 0.7221436653567974 0.6364057477367485
vn 0.27110191964034436 -0.7221436653567974 -0.6364057477367485
vn -0.4607664454132982 0.6646184467608162 0.5881977584167031
vn 0.4607664454132982 -0.6646184467608162 -0.5881977584167031
vn -0.6372368777435163 0.6037980516971284 0.47891238698789845
vn 0.6372368777435163 -0.6037980516971284 -0.47891238698789845
vn -0.3777300873116523 0.2665710049988634 0.8867129639479889
vn 0.3777300873116523 -0.2665710049988634 -0.8867129639479889
vn -0.5805755212774657 0.3371069210793533 0.741141678664611
vn 0.5805755212774657 -0.3371069210793533 -0.741141678664611
vn -0.7303958942478149 0.4064512109895333 0.5489255420829645
vn 0.7303958942478149 -0.4064512109895333 -0.5489255420829645
vn -0.7806666502407044 0.5401936407871594 0.31424578223911154
vn -0.8166952088472564 0.47427142482086465 0.3287484622691378
vn 0.7806666502407044 -0.5401936407871594 -0.31424578223911154
vn 0.8166952088472564 -0.47427142482086465 -0.3287484622691378
vn 0.9052473264609281 0.17838208299578584 0.3856256091099584
vn 0.7745945134618607 0.1783820795463863 0.6067809929550283
vn -0.7745945134618607 -0.1783820795463863 -0.6067809929550283
vn -0.9052473264609281 -0.17838208299578584 -0.3856256091099584
vn 0.4920814266365105 0.8677463087151097 0.06980124118293456
vn -0.4920814266365105 -0.8677463087151097 -0.06980124118293456
vn 0.50999950618719 0.8579405161004382 -0.061956230696649045
vn -0.50999950618719 -0.8579405161004382 0.061956230696649045
vn 0.5241447153189202 0.8250799752198776 -0.21098661543902353
vn -0.5241447153189202 -0.8250799752198776 0.21098661543902353
vn 0.504385385877247 0.7758237508807799 -0.3790684503921929
vn -0.504385385877247 -0.7758237508807799 0.3790684503921929
vn 0.4265782610417159 0.7221437088686643 -0.5445543599568694
vn -0.4265782610417159 -0.7221437088686643 0.5445543599568694
vn 0.29282941046301936 0.6646183990703157 -0.6874105905389378
vn -0.29282941046301936 -0.6646183990703157 0.6874105905389378
vn 0.11195226395889342 0.60379800902234 -0.7892367546529597
vn -0.11195226395889342 -0.60379800902234 0.7892367546529597
vn -0.10617052953722267 0.4742713840835869 -0.8739533585364979
vn -0.10148679027585249 0.5401935703871473 -0.8353989094509827
vn 0.10148679027585249 -0.5401935703871473 0.8353989094509827
vn 0.10617052953722267 -0.4742713840835869 0.8739533585364979
vn 0.12831880152968397 0.4064511893978063 -0.9046168889707367
vn -0.12831880152968397 -0.4064511893978063 0.9046168889707367
vn 0.3689713131828595 0.3371069197630202 -0.8661518889294214
vn -0.3689713131828595 -0.3371069197630202 0.8661518889294214
vn 0.5943574561180492 0.2665710165840314 -0.7587352024746428
vn -0.5943574561180492 -0.2665710165840314 0.7587352024746428
vn 0.3777300873116523 0.26657100499886377 -0.8867129639479889
vn -0.3777300873116523 -0.26657100499886377 0.8867129639479889
vn 0.1353610133794042 0.26657098966977305 -0.9542627015258317
vn -0.1353610133794042 -0.26657098966977305 0.9542627015258317
vn -0.1162326634686524 0.2665709854265228 -0.9567809977584816
vn 0.1162326634686524 -0.2665709854265228 0.9567809977584816
vn -0.35990530420390016 0.2665709716948742 -0.8940962414950354
vn 0.35990530420390016 -0.2665709716948742 0.8940962414950354
vn -0.5790508892639457 0.2665709720211592 -0.7704803595928503
vn 0.5790508892639457 -0.2665709720211592 0.7704803595928503
vn -0.7587351871519854 0.2665709756333731 -0.5943574940448831
vn 0.7587351871519854 -0.2665709756333731 0.5943574940448831
vn -0.8867129271137068 0.2665709745838815 -0.37773019524369733
vn 0.8867129271137068 -0.2665709745838815 0.37773019524369733
vn -0.9542626825918838 0.2665709779401374 -0.13536116995867115
vn 0.9542626825918838 -0.2665709779401374 0.13536116995867115
vn -0.956781014207335 0.2665709955251793 0.1162325049076131
vn 0.956781014207335 -0.2665709955251793 -0.1162325049076131
vn -0.8940962782031201 0.26657100091589886 0.3599051913685394
vn 0.8940962782031201 -0.26657100091589886 -0.3599051913685394
vn -0.7704803780637418 0.2665710125347973 0.57905084603593
vn 0.7704803780637418 -0.2665710125347973 -0.57905084603593
vn -0.5943574561180494 0.2665710165840311 0.758735202474643
vn 0.5943574561180494 -0.2665710165840311 -0.758735202474643
vn 0.6889537505648826 0.1769039842978838 0.7028852750784552
vn -0.6889537505648826 -0.1769039842978838 -0.7028852750784552
vn 0.18559117493186084 0.8677462887968405 0.46105563012148776
vn -0.18559117493186084 -0.8677462887968405 -0.46105563012148776
vn 0.5911544606857141 0.17838208862174523 0.7865851728009666
vn -0.5911544606857141 -0.17838208862174523 -0.7865851728009666
vn 0.061956316895760456 0.857940506865744 0.5099995112504152
vn -0.061956316895760456 -0.857940506865744 -0.5099995112504152
vn -0.07935246625532656 0.8250799958452301 0.5594159334120119
vn 0.07935246625532656 -0.8250799958452301 -0.5594159334120119
vn -0.24727626948782291 0.7758237396487622 0.5804756425084479
vn 0.24727626948782291 -0.7758237396487622 -0.5804756425084479
vn -0.4265782610417158 0.7221437088686639 0.5445543599568696
vn 0.4265782610417158 -0.7221437088686639 -0.5445543599568696
vn -0.597303044785261 0.6646184049941077 0.4489002655750436
vn 0.597303044785261 -0.6646184049941077 -0.4489002655750436
vn -0.7394752144510425 0.6037980549741279 0.29766477121427176
vn 0.7394752144510425 -0.6037980549741279 -0.29766477121427176
vn -0.7526144783575499 0.3371069165914762 0.5656238801118466
vn 0.7526144783575499 -0.3371069165914762 -0.5656238801118466
vn -0.8475806498646811 0.4064512239938523 0.34118095563624873
vn 0.8475806498646811 -0.4064512239938523 -0.34118095563624873
vn -0.8353989162923939 0.5401935859885203 0.10148665091703911
vn -0.8739533680771754 0.47427139907453664 0.10617038403642769
vn 0.8353989162923939 -0.5401935859885203 -0.10148665091703911
vn 0.8739533680771754 -0.47427139907453664 -0.10617038403642769
vn 0.9742090159605781 0.17838209516611186 0.13819052552642713
vn -0.9742090159605781 -0.17838209516611186 -0.13819052552642713
vn 0.49338002483198945 0.8677463220913013 -0.05993723044823661
vn -0.49338002483198945 -0.8677463220913013 0.05993723044823661
vn 0.4765862347749118 0.857940536144695 -0.1918426367177687
vn -0.4765862347749118 -0.857940536144695 0.1918426367177687
vn 0.4516775199651882 0.8250799799440868 -0.3394561012171709
vn -0.4516775199651882 -0.8250799799440868 0.3394561012171709
vn 0.38908872303965486 0.7758237415442337 -0.4966965750432318
vn -0.38908872303965486 -0.7758237415442337 0.4966965750432318
vn 0.27110191964034436 0.7221436653567977 -0.6364057477367482
vn -0.27110191964034436 -0.7221436653567977 0.6364057477367482
vn 0.10493649623179711 0.6646184121330037 -0.7397774651963919
vn -0.10493649623179711 -0.6646184121330037 0.7397774651963919
vn -0.09613194327002123 0.6037980013809036 -0.7913195454502283
vn 0.09613194327002123 -0.6037980013809036 0.7913195454502283
vn -0.3142458889454432 0.5401935956437132 -0.7806666385253086
vn -0.32874857130574225 0.47427138144373115 -0.8166951901461695
vn 0.32874857130574225 -0.47427138144373115 0.8166951901461695
vn 0.3142458889454432 -0.5401935956437132 0.7806666385253086
vn -0.11018569610324654 0.40645118407825337 -0.9070041605944421
vn 0.11018569610324654 -0.40645118407825337 0.9070041605944421
vn 0.1322222420269388 0.33710689455019716 -0.9321353015308946
vn -0.1322222420269388 -0.33710689455019716 0.9321353015308946
vn 0.3674280936461417 0.17838209120404772 0.9127849831900353
vn -0.3674280936461417 -0.17838209120404772 -0.9127849831900353
vn 0.11866222294016056 0.17838210478448815 0.9767799657750745
vn -0.11866222294016056 -0.17838210478448815 -0.9767799657750745
vn -0.13819036593114037 0.17838210334682708 0.9742090371010625
vn 0.13819036593114037 -0.17838210334682708 -0.9742090371010625
vn -0.3856255007804483 0.1783821042084059 0.9052473684281053
vn 0.3856255007804483 -0.1783821042084059 -0.9052473684281053
vn -0.6067809581729436 0.17838210810700872 0.7745945341312599
vn 0.6067809581729436 -0.17838210810700872 -0.7745945341312599
vn -0.7865851967077389 0.17838211687757483 0.5911544203493051
vn 0.7865851967077389 -0.17838211687757483 -0.5911544203493051
vn -0.9127850248920067 0.17838211158395362 0.36742798015359196
vn 0.9127850248920067 -0.17838211158395362 -0.36742798015359196
vn -0.976779984130855 0.17838211182769617 0.1186620612547156
vn 0.976779984130855 -0.17838211182769617 -0.1186620612547156
vn -0.9742090159605781 0.17838209516611192 -0.13819052552642705
vn 0.9742090159605781 -0.17838209516611192 0.13819052552642705
vn -0.9052473264609281 0.17838208299578603 -0.38562560910995825
vn 0.9052473264609281 -0.17838208299578603 0.38562560910995825
vn -0.7745945134618605 0.17838207954638652 -0.6067809929550282
vn 0.7745945134618605 -0.17838207954638652 0.6067809929550282
vn -0.591154460685714 0.17838208862174557 -0.7865851728009664
vn 0.591154460685714 -0.17838208862174557 0.7865851728009664
vn -0.3674280936461417 0.1783820912040481 -0.9127849831900353
vn 0.3674280936461417 -0.1783820912040481 0.9127849831900353
vn -0.11866222294016053 0.17838210478448854 -0.9767799657750744
vn 0.11866222294016053 -0.17838210478448854 0.9767799657750744
vn 0.13819036593114037 0.17838210334682753 -0.9742090371010625
vn -0.13819036593114037 -0.17838210334682753 0.9742090371010625
vn 0.3856255007804483 0.17838210420840628 -0.9052473684281053
vn -0.3856255007804483 -0.17838210420840628 0.9052473684281053
vn 0.6067809581729436 0.17838210810700905 -0.7745945341312599
vn -0.6067809581729436 -0.17838210810700905 0.7745945341312599
vn 0.7865851967077389 0.17838211687757508 -0.5911544203493051
vn -0.7865851967077389 -0.17838211687757508 0.5911544203493051
vn 0.9127850248920067 0.1783821115839538 -0.36742798015359185
vn -0.9127850248920067 -0.1783821115839538 0.36742798015359185
vn 0.976779984130855 0.17838211182769623 -0.11866206125471553
vn -0.976779984130855 -0.17838211182769623 0.11866206125471553
vn -0.11353752702555622 0.3371068900077353 -0.9345951929398277
vn 0.11353752702555622 -0.3371068900077353 0.9345951929398277
vn -0.3515598310939986 0.33710687789471533 -0.873363977982397
vn 0.3515598310939986 -0.33710687789471533 0.873363977982397
vn -0.5656239262779118 0.3371068677062068 -0.7526144655580765
vn 0.5656239262779118 -0.3371068677062068 0.7526144655580765
vn -0.7411416689161324 0.3371068716667611 -0.5805755624130762
vn 0.7411416689161324 -0.3371068716667611 0.5805755624130762
vn -0.8661518574792355 0.33710688306316505 -0.36897142054190013
vn 0.8661518574792355 -0.33710688306316505 0.36897142054190013
vn -0.9321352849160787 0.3371068803967836 -0.13222239524214371
vn 0.9321352849160787 -0.3371068803967836 0.13222239524214371
vn -0.9345952073843342 0.3371069021931578 0.11353737194406997
vn 0.9345952073843342 -0.3371069021931578 -0.11353737194406997
vn -0.8733640094509006 0.3371069131538949 0.35155971910857464
vn 0.8733640094509006 -0.3371069131538949 -0.35155971910857464
vn 0.05993731387971883 0.8677463133498889 0.4933800300706955
vn -0.05993731387971883 -0.8677463133498889 -0.4933800300706955
vn -0.07215242877695839 0.8579405239195712 0.5086571383930414
vn 0.07215242877695839 -0.8579405239195712 -0.5086571383930414
vn -0.22143610134259434 0.8250799866900044 0.519816379682109
vn 0.22143610134259434 -0.8250799866900044 -0.519816379682109
vn -0.38908872303965486 0.7758237415442334 0.49669657504323217
vn 0.38908872303965486 -0.7758237415442334 -0.49669657504323217
vn -0.5529840257300112 0.7221436959302386 0.41559252846465555
vn 0.5529840257300112 -0.7221436959302386 -0.41559252846465555
vn -0.6931344031171063 0.6646183933645503 0.27901091451234783
vn 0.6931344031171063 -0.6646183933645503 -0.27901091451234783
vn -0.7913195495825115 0.6037980170275501 0.0961318109791419
vn 0.7913195495825115 -0.6037980170275501 -0.0961318109791419
vn -0.907004172705312 0.4064511979156021 0.11018554536836912
vn 0.907004172705312 -0.4064511979156021 -0.11018554536836912
vn -0.8332000588510102 0.540193594928184 -0.11818858629003916
vn -0.8716530579501367 0.47427137698726424 -0.12364306505736643
vn 0.8332000588510102 -0.540193594928184 0.11818858629003916
vn 0.8716530579501367 -0.47427137698726424 0.12364306505736643
vn 0.46105561194976363 0.867746314090603 -0.18559110181202595
vn -0.46105561194976363 -0.867746314090603 0.18559110181202595
vn 0.4106943614232836 0.8579405489221097 -0.3086554000991245
vn -0.4106943614232836 -0.8579405489221097 0.3086554000991245
vn 0.34842925983395867 0.8250799830828417 -0.44479216765538615
vn -0.34842925983395867 -0.8250799830828417 0.44479216765538615
vn 0.24727626948782291 0.7758237396487624 -0.5804756425084475
vn -0.24727626948782291 -0.7758237396487624 0.5804756425084475
vn 0.09715039780739207 0.7221436490027592 -0.6848871077855424
vn -0.09715039780739207 -0.7221436490027592 0.6848871077855424
vn -0.0901075975206734 0.664618373747889 -0.7417297608602229
vn 0.0901075975206734 -0.664618373747889 0.7417297608602229
vn -0.2976648748461392 0.6037980096997038 -0.7394752097031438
vn 0.2976648748461392 -0.6037980096997038 0.7394752097031438
vn -0.5055895679580815 0.5401935476471244 -0.6727333200105183
vn -0.5289229970370702 0.4742713862153158 -0.7037805875574619
vn 0.5289229970370702 -0.4742713862153158 0.7037805875574619
vn 0.5055895679580815 -0.5401935476471244 0.6727333200105183
vn -0.34118106639155665 0.406451183954744 -0.847580624482242
vn 0.34118106639155665 -0.406451183954744 0.847580624482242
vn -0.06980115818556396 0.8677463188682987 0.492081420505256
vn 0.06980115818556396 -0.8677463188682987 -0.492081420505256
vn -0.19478278597830154 0.8677463251670215 0.45724827112375294
vn -0.20134403244027244 0.8579405404275534 0.47265062116913403
vn 0.20134403244027244 -0.8579405404275534 -0.47265062116913403
vn 0.19478278597830154 -0.8677463251670215 -0.45724827112375294
vn -0.30649027218900515 0.8677463387326754 0.3912543989139888
vn -0.31681440181108717 0.857940528368774 0.4044337826979737
vn 0.31681440181108717 -0.857940528368774 -0.4044337826979737
vn 0.30649027218900515 -0.8677463387326754 -0.3912543989139888
vn -0.3973109869856715 0.8677463348913724 0.2985971833475018
vn -0.4106943614232836 0.8579405489221095 0.3086554000991249
vn 0.4106943614232836 -0.8579405489221095 -0.3086554000991249
vn 0.3973109869856715 -0.8677463348913724 -0.2985971833475018
vn -0.4765862347749118 0.857940536144695 0.19184263671776908
vn -0.46105561194976363 0.867746314090603 0.18559110181202632
vn 0.46105561194976363 -0.867746314090603 -0.18559110181202632
vn 0.4765862347749118 -0.857940536144695 -0.19184263671776908
vn -0.5099995061871899 0.857940516100438 0.06195623069664941
vn -0.49338002483198945 0.8677463220913013 0.05993723044823699
vn 0.49338002483198945 -0.8677463220913013 -0.05993723044823699
vn 0.5099995061871899 -0.857940516100438 -0.06195623069664941
vn -0.5086571443231164 0.8579405131934333 -0.07215251451225335
vn -0.4920814266365105 0.8677463087151097 -0.06980124118293418
vn 0.4920814266365105 -0.8677463087151097 0.06980124118293418
vn 0.5086571443231164 -0.8579405131934333 0.07215251451225335
vn -0.4726506401406933 0.8579405126146545 -0.2013441064175871
vn -0.4572482904274309 0.8677462988397713 -0.19478285794974376
vn 0.4572482904274309 -0.8677462988397713 0.19478285794974376
vn 0.4726506401406933 -0.8579405126146545 0.2013441064175871
vn -0.40443381900693887 0.8579404909215522 -0.31681445686828863
vn -0.39125443513461794 0.8677463032857313 -0.3064903263097197
vn 0.39125443513461794 -0.8677463032857313 0.3064903263097197
vn 0.40443381900693887 -0.8579404909215522 0.31681445686828863
vn -0.29859723895239254 0.8677462998227118 -0.3973110217877181
vn -0.30865545672254574 0.8579405118745226 -0.41069439626062465
vn 0.29859723895239254 -0.8677462998227118 0.3973110217877181
vn 0.30865545672254574 -0.8579405118745226 0.41069439626062465
vn -0.1855911749318608 0.8677462887968406 -0.4610556301214873
vn -0.19184271191756866 0.8579405094236149 -0.4765862526070815
vn 0.1855911749318608 -0.8677462887968406 0.4610556301214873
vn 0.19184271191756866 -0.8579405094236149 0.4765862526070815
vn -0.05993731387971883 0.8677463133498892 -0.49338003007069514
vn -0.061956316895760456 0.8579405068657442 -0.5099995112504149
vn 0.05993731387971883 -0.8677463133498892 0.49338003007069514
vn 0.061956316895760456 -0.8579405068657442 0.5099995112504149
vn 0.06980115818556396 0.8677463188682989 -0.4920814205052556
vn 0.07215242877695838 0.8579405239195713 -0.5086571383930409
vn -0.06980115818556396 -0.8677463188682989 0.4920814205052556
vn -0.07215242877695838 -0.8579405239195713 0.5086571383930409
vn 0.19478278597830154 0.8677463251670218 -0.45724827112375255
vn 0.20134403244027244 0.8579405404275536 -0.47265062116913364
vn -0.19478278597830154 -0.8677463251670218 0.45724827112375255
vn -0.20134403244027244 -0.8579405404275536 0.47265062116913364
vn 0.30649027218900504 0.8677463387326755 -0.39125439891398833
vn 0.31681440181108717 0.8579405283687742 -0.4044337826979733
vn -0.30649027218900504 -0.8677463387326755 0.39125439891398833
vn -0.31681440181108717 -0.8579405283687742 0.4044337826979733
vn 0.39731098698567147 0.8677463348913725 -0.2985971833475014
vn -0.39731098698567147 -0.8677463348913725 0.2985971833475014
vn -0.5489255915167607 0.40645115547710386 -0.7303958879876732
vn 0.5489255915167607 -0.40645115547710386 0.7303958879876732
vn -0.7192617829641532 0.4064511532669355 -0.5634358415784404
vn 0.7192617829641532 -0.4064511532669355 0.5634358415784404
vn -0.8405814093597997 0.4064511883284675 -0.3580786586004107
vn 0.8405814093597997 -0.4064511883284675 0.3580786586004107
vn -0.90461687505582 0.4064511733256748 -0.12831895053508371
vn 0.90461687505582 -0.4064511733256748 0.12831895053508371
vn -0.3484292598339587 0.8250799830828416 0.44479216765538665
vn 0.3484292598339587 -0.8250799830828416 -0.44479216765538665
vn -0.504385385877247 0.7758237508807797 0.3790684503921933
vn 0.504385385877247 -0.7758237508807797 -0.3790684503921933
vn -0.6417048399732299 0.7221437025969435 0.2583086741758949
vn 0.6417048399732299 -0.7221437025969435 -0.2583086741758949
vn -0.7417297623999822 0.6646183888796491 0.0901074732366044
vn 0.7417297623999822 -0.6646183888796491 -0.0901074732366044
vn -0.7892367499661557 0.6037979908486988 -0.11195239501651845
vn 0.7892367499661557 -0.6037979908486988 0.11195239501651845
vn -0.7742200345114666 0.5401935578424152 -0.3298094271342421
vn -0.8099510070359527 0.47427137424258686 -0.34503047658937946
vn 0.7742200345114666 -0.5401935578424152 0.3298094271342421
vn 0.8099510070359527 -0.47427137424258686 0.34503047658937946
vn 0.22143610134259434 0.8250799866900046 -0.5198163796821087
vn -0.22143610134259434 -0.8250799866900046 0.5198163796821087
vn 0.08861237953778359 0.7758237125230606 -0.6246962568157322
vn -0.08861237953778359 -0.7758237125230606 0.6246962568157322
vn -0.083421756070376 0.7221436638995284 -0.686694502165191
vn 0.083421756070376 -0.7221436638995284 0.686694502165191
vn -0.27901101418986723 0.6646183495799717 -0.6931344049766511
vn 0.27901101418986723 -0.6646183495799717 0.6931344049766511
vn -0.47891244573784714 0.6037979889261713 -0.6372368930673307
vn 0.47891244573784714 -0.6037979889261713 0.6372368930673307
vn -0.6624781703795289 0.5401935623739703 -0.5189543225952657
vn -0.6930521589223794 0.4742713905010924 -0.5429045525368056
vn 0.6930521589223794 -0.4742713905010924 0.5429045525368056
vn 0.6624781703795289 -0.5401935623739703 0.5189543225952657
vn -0.45167751996518823 0.8250799799440867 0.33945610121717135
vn 0.45167751996518823 -0.8250799799440867 -0.33945610121717135
vn -0.52414471531892 0.8250799752198774 0.21098661543902386
vn 0.52414471531892 -0.8250799752198774 -0.21098661543902386
vn -0.5608922822873843 0.8250799659160625 0.06813881063240154
vn 0.5608922822873843 -0.8250799659160625 -0.06813881063240154
vn -0.5594159384683547 0.8250799833684817 -0.07935256033825235
vn 0.5594159384683547 -0.8250799833684817 0.07935256033825235
vn -0.5198163970158054 0.8250799543377532 -0.22143618119791933
vn 0.5198163970158054 -0.8250799543377532 0.22143618119791933
vn -0.4447922035196098 0.8250799395238442 -0.34842931719862386
vn 0.4447922035196098 -0.8250799395238442 0.34842931719862386
vn -0.33945616041954985 0.8250799368499435 -0.4516775541920474
vn 0.33945616041954985 -0.8250799368499435 0.4516775541920474
vn -0.2109866967660628 0.8250799441376344 -0.5241447315098984
vn 0.2109866967660628 -0.8250799441376344 0.5241447315098984
vn -0.06813890527962795 0.8250799551741742 -0.5608922865908182
vn 0.06813890527962795 -0.8250799551741742 0.5608922865908182
vn 0.07935246625532655 0.8250799958452302 -0.5594159334120115
vn -0.07935246625532655 -0.8250799958452302 0.5594159334120115
vn -0.5853090093910757 0.7758237500761254 0.2356074539216776
vn 0.5853090093910757 -0.7758237500761254 -0.2356074539216776
vn -0.6866945013566801 0.7221436779916534 0.08342164073660728
vn 0.6866945013566801 -0.7221436779916534 -0.08342164073660728
vn -0.7397774635066091 0.6646183945574052 -0.10493661945986578
vn 0.7397774635066091 -0.6646183945574052 0.10493661945986578
vn -0.733368755512122 0.6037979911728437 -0.3124071930897882
vn 0.733368755512122 -0.6037979911728437 0.3124071930897882
vn -0.07609033150034678 0.7758237107441365 -0.6263448182106767
vn 0.07609033150034678 -0.7758237107441365 0.6263448182106767
vn -0.2583087688891073 0.7221436618206158 -0.6417048477355503
vn 0.2583087688891073 -0.7221436618206158 0.6417048477355503
vn -0.4489003263091067 0.6646183442887483 -0.5973030666876409
vn 0.4489003263091067 -0.6646183442887483 0.5973030666876409
vn -0.6275229090971837 0.6037979893234996 -0.49157195469951975
vn 0.6275229090971837 -0.6037979893234996 0.49157195469951975
vn -0.6263448154192599 0.7758237233396537 0.07609022605308902
vn 0.6263448154192599 -0.7758237233396537 -0.07609022605308902
vn -0.6246962601287688 0.7758236978933258 -0.08861248426861323
vn 0.6246962601287688 -0.7758236978933258 0.08861248426861323
vn -0.5804756562427876 0.7758237017138078 -0.2472763562668088
vn 0.5804756562427876 -0.7758237017138078 0.2472763562668088
vn -0.4966966086155179 0.7758236904686966 -0.3890887820245847
vn 0.4966966086155179 -0.7758236904686966 0.3890887820245847
vn -0.3790685116127036 0.7758237003503137 -0.5043854175910283
vn 0.3790685116127036 -0.7758237003503137 0.5043854175910283
vn -0.23560754254669805 0.7758237136303254 -0.5853090220250812
vn 0.23560754254669805 -0.7758237136303254 0.5853090220250812
vn -0.6848871088091332 0.7221436326346968 -0.097150512259229
vn 0.6848871088091332 -0.7221436326346968 0.097150512259229
vn -0.6874105932788045 0.664618353496717 -0.2928295074670492
vn 0.6874105932788045 -0.664618353496717 0.2928295074670492
vn -0.4155925901164586 0.7221436393956769 -0.5529840532245573
vn 0.4155925901164586 -0.7221436393956769 0.5529840532245573
vn -0.5881977825923088 0.6646183854006329 -0.46076650305870415
vn 0.5881977825923088 -0.6646183854006329 0.46076650305870415
vn -0.6364057565089718 0.7221436229143572 -0.2711020121031377
vn 0.6364057565089718 -0.7221436229143572 0.2711020121031377
vn -0.5445543895226136 0.722143651724268 -0.4265783200374732
vn 0.5445543895226136 -0.722143651724268 0.4265783200374732
usemtl material_0_0
f 1//1 2//2 3//3
f 2//2 1//1 4//4
f 5//5 6//6 7//7
f 8//8 7//7 6//6
f 4//4 9//9 2//2
f 9//9 4//4 10//10
f 11//11 5//5 12//12
f 7//7 12//12 5//5
f 3//3 13//13 14//14
f 13//13 3//3 2//2
f 7//7 8//8 15//15
f 16//16 15//15 8//8
f 17//17 3//3 18//18
f 3//3 17//17 1//1
f 6//6 19//19 8//8
f 20//20 8//8 19//19
f 21//21 4//4 1//1
f 4//4 21//21 22//22
f 23//23 24//24 5//5
f 6//6 5//5 24//24
f 2//2 25//25 13//13
f 25//25 2//2 9//9
f 12//12 7//7 26//26
f 15//15 26//26 7//7
f 22//22 10//10 4//4
f 10//10 22//22 27//27
f 28//28 23//23 11//11
f 5//5 11//11 23//23
f 29//29 9//9 10//10
f 9//9 29//29 30//30
f 31//31 32//32 12//12
f 11//11 12//12 32//32
f 14//14 33//33 34//34
f 33//33 14//14 13//13
f 15//15 16//16 35//35
f 36//36 35//35 16//16
f 18//18 14//14 37//37
f 14//14 18//18 3//3
f 8//8 20//20 16//16
f 38//38 16//16 20//20
f 39//39 18//18 40//40
f 18//18 39//39 17//17
f 19//19 41//41 20//20
f 42//42 20//20 41//41
f 43//43 1//1 17//17
f 1//1 43//43 21//21
f 24//24 44//44 6//6
f 19//19 6//6 44//44
f 45//45 22//22 21//21
f 22//22 45//45 46//46
f 47//47 48//48 23//23
f 24//24 23//23 48//48
f 13//13 49//49 33//33
f 49//49 13//13 25//25
f 26//26 15//15 50//50
f 35//35 50//50 15//15
f 30//30 25//25 9//9
f 25//25 30//30 51//51
f 52//52 31//31 26//26
f 12//12 26//26 31//31
f 46//46 27//27 22//22
f 27//27 46//46 53//53
f 54//54 47//47 28//28
f 23//23 28//28 47//47
f 55//55 10//10 27//27
f 10//10 55//55 29//29
f 32//32 56//56 11//11
f 28//28 11//11 56//56
f 57//57 30//30 29//29
f 30//30 57//57 58//58
f 59//59 60//60 31//31
f 32//32 31//31 60//60
f 34//34 61//61 62//62
f 61//61 34//34 33//33
f 35//35 36//36 63//63
f 64//64 63//63 36//36
f 37//37 34//34 65//65
f 34//34 37//37 14//14
f 16//16 38//38 36//36
f 66//66 36//36 38//38
f 40//40 37//37 67//67
f 37//37 40//40 18//18
f 20//20 42//42 38//38
f 68//68 38//38 42//42
f 40//40 69//69 39//39
f 69//69 40//40 70//70
f 71//71 42//42 72//72
f 41//41 72//72 42//42
f 73//73 17//17 39//39
f 17//17 73//73 43//43
f 44//44 74//74 19//19
f 41//41 19//19 74//74
f 75//75 21//21 43//43
f 21//21 75//75 45//45
f 48//48 76//76 24//24
f 44//44 24//24 76//76
f 77//77 46//46 45//45
f 46//46 77//77 78//78
f 79//79 80//80 47//47
f 48//48 47//47 80//80
f 33//33 81//81 61//61
f 81//81 33//33 49//49
f 50//50 35//35 82//82
f 63//63 82//82 35//35
f 51//51 49//49 25//25
f 49//49 51//51 83//83
f 84//84 52//52 50//50
f 26//26 50//50 52//52
f 58//58 51//51 30//30
f 51//51 58//58 85//85
f 86//86 59//59 52//52
f 31//31 52//52 59//59
f 78//78 53//53 46//46
f 53//53 78//78 87//87
f 88//88 79//79 54//54
f 47//47 54//54 79//79
f 89//89 27//27 53//53
f 27//27 89//89 55//55
f 56//56 90//90 28//28
f 54//54 28//28 90//90
f 91//91 29//29 55//55
f 29//29 91//91 57//57
f 60//60 92//92 32//32
f 56//56 32//32 92//92
f 93//93 57//57 94//94
f 57//57 93//93 58//58
f 59//59 95//95 60//60
f 96//96 60//60 95//95
f 97//97 61//61 98//98
f 61//61 97//97 62//62
f 64//64 99//99 63//63
f 100//100 63//63 99//99
f 101//101 34//34 62//62
f 34//34 101//101 65//65
f 66//66 102//102 36//36
f 64//64 36//36 102//102
f 103//103 37//37 65//65
f 37//37 103//103 67//67
f 68//68 104//104 38//38
f 66//66 38//38 104//104
f 67//67 70//70 40//40
f 70//70 67//67 105//105
f 106//106 68//68 71//71
f 42//42 71//71 68//68
f 70//70 107//107 69//69
f 107//107 70//70 108//108
f 109//109 71//71 110//110
f 72//72 110//110 71//71
f 39//39 111//111 73//73
f 111//111 39//39 69//69
f 72//72 41//41 112//112
f 74//74 112//112 41//41
f 113//113 43//43 73//73
f 43//43 113//113 75//75
f 76//76 114//114 44//44
f 74//74 44//44 114//114
f 115//115 45//45 75//75
f 45//45 115//115 77//77
f 80//80 116//116 48//48
f 76//76 48//48 116//116
f 117//117 78//78 77//77
f 78//78 117//117 118//118
f 119//119 120//120 79//79
f 80//80 79//79 120//120
f 61//61 121//121 98//98
f 121//121 61//61 81//81
f 82//82 63//63 122//122
f 100//100 122//122 63//63
f 83//83 81//81 49//49
f 81//81 83//83 123//123
f 124//124 84//84 82//82
f 50//50 82//82 84//84
f 85//85 83//83 51//51
f 83//83 85//85 125//125
f 126//126 86//86 84//84
f 52//52 84//84 86//86
f 127//127 58//58 93//93
f 58//58 127//127 85//85
f 86//86 128//128 59//59
f 95//95 59//59 128//128
f 118//118 87//87 78//78
f 87//87 118//118 129//129
f 130//130 119//119 88//88
f 79//79 88//88 119//119
f 131//131 53//53 87//87
f 53//53 131//131 89//89
f 90//90 132//132 54//54
f 88//88 54//54 132//132
f 133//133 55//55 89//89
f 55//55 133//133 91//91
f 92//92 134//134 56//56
f 90//90 56//56 134//134
f 94//94 91//91 135//135
f 91//91 94//94 57//57
f 60//60 96//96 92//92
f 136//136 92//92 96//96
f 137//137 94//94 138//138
f 94//94 137//137 93//93
f 95//95 139//139 96//96
f 140//140 96//96 139//139
f 141//141 98//98 142//142
f 98//98 141//141 97//97
f 99//99 143//143 100//100
f 144//144 100//100 143//143
f 145//145 62//62 97//97
f 62//62 145//145 101//101
f 102//102 146//146 64//64
f 99//99 64//64 146//146
f 147//147 65//65 101//101
f 65//65 147//147 103//103
f 104//104 148//148 66//66
f 102//102 66//66 148//148
f 103//103 105//105 67//67
f 105//105 103//103 149//149
f 150//150 104//104 106//106
f 68//68 106//106 104//104
f 105//105 108//108 70//70
f 108//108 105//105 151//151
f 152//152 106//106 109//109
f 71//71 109//109 106//106
f 108//108 153//153 107//107
f 153//153 108//108 154//154
f 155//155 109//109 156//156
f 110//110 156//156 109//109
f 69//69 157//157 111//111
f 157//157 69//69 107//107
f 110//110 72//72 158//158
f 112//112 158//158 72//72
f 73//73 159//159 113//113
f 159//159 73//73 111//111
f 112//112 74//74 160//160
f 114//114 160//160 74//74
f 161//161 75//75 113//113
f 75//75 161//161 115//115
f 116//116 162//162 76//76
f 114//114 76//76 162//162
f 163//163 77//77 115//115
f 77//77 163//163 117//117
f 120//120 164//164 80//80
f 116//116 80//80 164//164
f 165//165 118//118 117//117
f 118//118 165//165 166//166
f 167//167 168//168 119//119
f 120//120 119//119 168//168
f 98//98 169//169 142//142
f 169//169 98//98 121//121
f 122//122 100//100 170//170
f 144//144 170//170 100//100
f 81//81 171//171 121//121
f 171//171 81//81 123//123
f 124//124 82//82 172//172
f 122//122 172//172 82//82
f 83//83 173//173 123//123
f 173//173 83//83 125//125
f 126//126 84//84 174//174
f 124//124 174//174 84//84
f 85//85 175//175 125//125
f 175//175 85//85 127//127
f 128//128 86//86 176//176
f 126//126 176//176 86//86
f 177//177 93//93 137//137
f 93//93 177//177 127//127
f 128//128 178//178 95//95
f 139//139 95//95 178//178
f 166//166 129//129 118//118
f 129//129 166//166 179//179
f 129//129 179//179 180//180
f 181//181 182//182 130//130
f 182//182 167//167 130//130
f 119//119 130//130 167//167
f 183//183 87//87 129//129
f 87//87 183//183 131//131
f 132//132 184//184 88//88
f 130//130 88//88 184//184
f 185//185 89//89 131//131
f 89//89 185//185 133//133
f 134//134 186//186 90//90
f 132//132 90//90 186//186
f 135//135 133//133 187//187
f 133//133 135//135 91//91
f 92//92 136//136 134//134
f 188//188 134//134 136//136
f 138//138 135//135 189//189
f 135//135 138//138 94//94
f 96//96 140//140 136//136
f 190//190 136//136 140//140
f 191//191 138//138 192//192
f 138//138 191//191 137//137
f 139//139 193//193 140//140
f 194//194 140//140 193//193
f 195//195 142//142 196//196
f 142//142 195//195 141//141
f 143//143 197//197 144//144
f 198//198 144//144 197//197
f 199//199 97//97 141//141
f 97//97 199//199 145//145
f 146//146 200//200 99//99
f 143//143 99//99 200//200
f 201//201 101//101 145//145
f 101//101 201//201 147//147
f 148//148 202//202 102//102
f 146//146 102//102 202//202
f 203//203 103//103 147//147
f 103//103 203//203 149//149
f 150//150 204//204 104//104
f 148//148 104//104 204//204
f 149//149 151//151 105//105
f 151//151 149//149 205//205
f 206//206 150//150 152//152
f 106//106 152//152 150//150
f 151//151 154//154 108//108
f 154//154 151//151 207//207
f 208//208 152//152 155//155
f 109//109 155//155 152//152
f 154//154 209//209 153//153
f 209//209 154//154 210//210
f 211//211 155//155 212//212
f 156//156 212//212 155//155
f 107//107 213//213 157//157
f 213//213 107//107 153//153
f 156//156 110//110 214//214
f 158//158 214//214 110//110
f 111//111 215//215 159//159
f 215//215 111//111 157//157
f 158//158 112//112 216//216
f 160//160 216//216 112//112
f 113//113 217//217 161//161
f 217//217 113//113 159//159
f 160//160 114//114 218//218
f 162//162 218//218 114//114
f 219//219 115//115 161//161
f 115//115 219//219 163//163
f 164//164 220//220 116//116
f 162//162 116//116 220//220
f 221//221 117//117 163//163
f 117//117 221//221 165//165
f 168//168 222//222 120//120
f 164//164 120//120 222//222
f 223//223 224//223 225//223
f 224//223 223//223 226//223
f 226//223 223//223 227//223
f 227//223 223//223 228//223
f 228//223 223//223 229//223
f 228//223 229//223 230//223
f 230//223 229//223 231//223
f 231//223 229//223 232//223
f 231//223 232//223 233//223
f 233//223 232//223 234//223
f 234//223 232//223 235//223
f 234//223 235//223 236//223
f 236//223 235//223 237//223
f 237//223 235//223 238//223
f 237//223 238//223 239//223
f 239//223 238//223 240//223
f 240//223 238//223 241//223
f 242//223 243//223 244//223
f 243//223 242//223 245//223
f 245//223 242//223 246//223
f 246//223 242//223 247//223
f 247//223 242//223 248//223
f 247//223 248//223 249//223
f 249//223 248//223 250//223
f 249//223 250//223 251//223
f 249//223 251//223 252//223
f 249//223 252//223 253//223
f 253//223 252//223 254//223
f 253//223 254//223 255//223
f 253//223 255//223 256//223
f 256//223 255//223 257//223
f 256//223 257//223 258//223
f 256//223 258//223 259//223
f 259//223 258//223 260//223
f 259//223 260//223 261//223
f 259//223 261//223 262//223
f 262//223 261//223 263//223
f 262//223 263//223 241//223
f 262//223 241//223 238//223
f 262//223 238//223 264//223
f 262//223 264//223 265//223
f 265//223 264//223 266//223
f 265//223 266//223 267//223
f 267//223 266//223 268//223
f 267//223 268//223 269//223
f 270//223 244//223 271//223
f 244//223 270//223 242//223
f 242//223 270//223 272//223
f 242//223 272//223 225//223
f 242//223 225//223 224//223
f 273//224 274//224 275//224
f 274//224 276//224 275//224
f 276//224 277//224 275//224
f 275//224 277//224 278//224
f 279//224 278//224 277//224
f 280//224 281//224 282//224
f 281//224 283//224 282//224
f 282//224 283//224 284//224
f 283//224 285//224 284//224
f 284//224 285//224 286//224
f 285//224 287//224 286//224
f 287//224 288//224 286//224
f 288//224 289//224 286//224
f 289//224 290//224 286//224
f 286//224 290//224 291//224
f 290//224 292//224 291//224
f 292//224 293//224 291//224
f 291//224 293//224 294//224
f 293//224 295//224 294//224
f 295//224 296//224 294//224
f 294//224 296//224 297//224
f 296//224 298//224 297//224
f 298//224 299//224 297//224
f 297//224 299//224 300//224
f 299//224 301//224 300//224
f 301//224 302//224 300//224
f 302//224 303//224 300//224
f 300//224 303//224 304//224
f 303//224 275//224 304//224
f 304//224 275//224 305//224
f 305//224 275//224 306//224
f 306//224 275//224 307//224
f 278//224 307//224 275//224
f 288//224 287//224 308//224
f 308//224 287//224 309//224
f 309//224 287//224 310//224
f 287//224 311//224 310//224
f 310//224 311//224 312//224
f 312//224 311//224 313//224
f 311//224 314//224 313//224
f 313//224 314//224 315//224
f 315//224 314//224 316//224
f 314//224 317//224 316//224
f 316//224 317//224 318//224
f 318//224 317//224 319//224
f 317//224 320//224 319//224
f 319//224 320//224 321//224
f 321//224 320//224 322//224
f 322//224 320//224 273//224
f 274//224 273//224 320//224
f 142//142 323//225 196//196
f 323//225 142//142 169//169
f 170//170 144//144 324//226
f 198//198 324//226 144//144
f 121//121 325//227 169//169
f 325//227 121//121 171//171
f 172//172 122//122 326//228
f 170//170 326//228 122//122
f 123//123 327//229 171//171
f 327//229 123//123 173//173
f 174//174 124//124 328//230
f 172//172 328//230 124//124
f 125//125 329//231 173//173
f 329//231 125//125 175//175
f 176//176 126//126 330//232
f 174//174 330//232 126//126
f 331//233 127//127 177//177
f 127//127 331//233 175//175
f 176//176 332//234 128//128
f 178//178 128//128 332//234
f 333//235 137//137 191//191
f 137//137 333//235 177//177
f 178//178 334//236 139//139
f 193//193 139//139 334//236
f 335//237 129//129 180//180
f 129//129 335//237 183//183
f 184//184 336//238 130//130
f 181//181 130//130 336//238
f 337//239 131//131 183//183
f 131//131 337//239 185//185
f 186//186 338//240 132//132
f 184//184 132//132 338//240
f 187//187 185//185 339//241
f 185//185 187//187 133//133
f 134//134 188//188 186//186
f 340//242 186//186 188//188
f 189//189 187//187 341//243
f 187//187 189//189 135//135
f 136//136 190//190 188//188
f 342//244 188//188 190//190
f 192//192 189//189 343//245
f 189//189 192//192 138//138
f 140//140 194//194 190//190
f 344//246 190//190 194//194
f 345//247 192//192 346//248
f 192//192 345//247 191//191
f 193//193 347//249 194//194
f 348//250 194//194 347//249
f 349//251 196//196 350//252
f 196//196 349//251 195//195
f 197//197 351//253 198//198
f 352//254 198//198 351//253
f 353//255 141//141 195//195
f 141//141 353//255 199//199
f 200//200 354//256 143//143
f 197//197 143//143 354//256
f 355//257 145//145 199//199
f 145//145 355//257 201//201
f 202//202 356//258 146//146
f 200//200 146//146 356//258
f 357//259 147//147 201//201
f 147//147 357//259 203//203
f 204//204 358//260 148//148
f 202//202 148//148 358//260
f 203//203 205//205 149//149
f 205//205 203//203 359//261
f 360//262 204//204 206//206
f 150//150 206//206 204//204
f 205//205 207//207 151//151
f 207//207 205//205 361//263
f 362//264 206//206 208//208
f 152//152 208//208 206//206
f 207//207 210//210 154//154
f 210//210 207//207 363//265
f 364//266 208//208 211//211
f 155//155 211//211 208//208
f 210//210 365//267 209//209
f 365//267 210//210 366//268
f 367//269 211//211 368//270
f 212//212 368//270 211//211
f 153//153 369//271 213//213
f 369//271 153//153 209//209
f 212//212 156//156 370//272
f 214//214 370//272 156//156
f 157//157 371//273 215//215
f 371//273 157//157 213//213
f 214//214 158//158 372//274
f 216//216 372//274 158//158
f 159//159 373//275 217//217
f 373//275 159//159 215//215
f 216//216 160//160 374//276
f 218//218 374//276 160//160
f 161//161 375//277 219//219
f 375//277 161//161 217//217
f 218//218 162//162 376//278
f 220//220 376//278 162//162
f 377//279 163//163 219//219
f 163//163 377//279 221//221
f 222//222 378//280 164//164
f 220//220 164//164 378//280
f 379//281 380//282 381//283
f 380//282 379//281 382//284
f 383//285 384//286 385//287
f 386//288 385//287 384//286
f 382//284 387//289 380//282
f 387//289 382//284 337//239
f 338//240 383//285 388//290
f 385//287 388//290 383//285
f 387//289 183//183 335//237
f 183//183 387//289 337//239
f 338//240 388//290 184//184
f 336//238 184//184 388//290
f 389//291 390//292 391//292
f 390//292 389//291 392//291
f 393//293 394//293 395//294
f 396//294 395//294 394//293
f 397//295 392//291 389//291
f 392//291 397//295 398//295
f 399//296 400//296 393//293
f 394//293 393//293 400//296
f 401//297 398//295 397//295
f 398//295 401//297 402//297
f 403//298 404//298 399//296
f 400//296 399//296 404//298
f 401//297 405//299 402//297
f 405//299 401//297 406//299
f 407//300 404//298 408//300
f 403//298 408//300 404//298
f 406//299 409//301 405//299
f 409//301 406//299 410//301
f 411//302 407//300 412//302
f 408//300 412//302 407//300
f 410//301 413//303 409//301
f 413//303 410//301 414//303
f 415//304 411//302 416//304
f 412//302 416//304 411//302
f 414//303 417//305 413//303
f 417//305 414//303 418//305
f 419//306 415//304 420//306
f 416//304 420//306 415//304
f 418//305 421//307 417//305
f 421//307 418//305 422//307
f 423//308 419//306 424//308
f 420//306 424//308 419//306
f 422//307 425//309 421//307
f 425//309 422//307 426//309
f 427//310 423//308 428//310
f 424//308 428//310 423//308
f 425//309 429//311 430//311
f 429//311 425//309 426//309
f 427//310 428//310 431//312
f 432//312 431//312 428//310
f 430//311 433//313 434//313
f 433//313 430//311 429//311
f 431//312 432//312 435//314
f 436//314 435//314 432//312
f 434//313 437//315 438//315
f 437//315 434//313 433//313
f 435//314 436//314 439//316
f 440//316 439//316 436//314
f 438//315 441//293 442//293
f 441//293 438//315 437//315
f 439//316 440//316 443//291
f 444//291 443//291 440//316
f 442//293 445//296 446//296
f 445//296 442//293 441//293
f 443//291 444//291 447//295
f 448//295 447//295 444//291
f 446//296 449//298 450//298
f 449//298 446//296 445//296
f 447//295 448//295 451//297
f 452//297 451//297 448//295
f 449//298 453//300 450//298
f 453//300 449//298 454//300
f 455//299 451//297 456//299
f 452//297 456//299 451//297
f 454//300 457//302 453//300
f 457//302 454//300 458//302
f 459//301 455//299 460//301
f 456//299 460//301 455//299
f 458//302 461//304 457//302
f 461//304 458//302 462//304
f 463//303 459//301 464//303
f 460//301 464//303 459//301
f 462//304 465//306 461//304
f 465//306 462//304 466//306
f 467//305 463//303 468//305
f 464//303 468//305 463//303
f 466//306 469//308 465//306
f 469//308 466//306 470//308
f 471//307 467//305 472//307
f 468//305 472//307 467//305
f 470//308 473//310 469//308
f 473//310 470//308 474//310
f 475//309 471//307 476//309
f 472//307 476//309 471//307
f 477//312 473//310 474//310
f 473//310 477//312 478//312
f 479//311 480//311 476//309
f 475//309 476//309 480//311
f 481//314 478//312 477//312
f 478//312 481//314 482//314
f 483//313 484//313 479//311
f 480//311 479//311 484//313
f 485//316 482//314 481//314
f 482//314 485//316 486//316
f 487//315 488//315 483//313
f 484//313 483//313 488//315
f 489//292 486//316 485//316
f 486//316 489//292 490//292
f 491//294 492//294 487//315
f 488//315 487//315 492//294
f 219//219 493//317 377//279
f 493//317 219//219 375//277
f 376//278 220//220 494//318
f 378//280 494//318 220//220
f 375//277 495//319 493//317
f 495//319 375//277 496//320
f 497//321 376//278 498//322
f 494//318 498//322 376//278
f 496//320 499//323 495//319
f 499//323 496//320 500//324
f 501//325 497//321 502//326
f 498//322 502//326 497//321
f 500//324 503//327 499//323
f 503//327 500//324 504//328
f 505//329 501//325 506//330
f 502//326 506//330 501//325
f 504//328 507//331 503//327
f 507//331 504//328 508//332
f 509//333 505//329 510//334
f 506//330 510//334 505//329
f 508//332 511//335 507//331
f 511//335 508//332 512//336
f 513//337 509//333 514//338
f 510//334 514//338 509//333
f 515//339 511//335 512//336
f 511//335 515//339 516//340
f 517//341 518//342 514//338
f 513//337 514//338 518//342
f 519//343 516//340 515//339
f 516//340 519//343 520//344
f 521//345 522//346 517//341
f 518//342 517//341 522//346
f 523//347 520//344 519//343
f 520//344 523//347 524//348
f 525//349 526//350 521//345
f 522//346 521//345 526//350
f 523//347 527//351 524//348
f 527//351 523//347 528//352
f 529//353 526//350 530//354
f 525//349 530//354 526//350
f 528//352 531//355 527//351
f 531//355 528//352 532//356
f 533//357 529//353 534//358
f 530//354 534//358 529//353
f 532//356 535//359 531//355
f 535//359 532//356 536//360
f 537//361 533//357 538//362
f 534//358 538//362 533//357
f 536//360 539//363 535//359
f 539//363 536//360 540//364
f 541//365 537//361 542//366
f 538//362 542//366 537//361
f 540//364 543//367 539//363
f 543//367 540//364 544//368
f 545//369 541//365 546//370
f 542//366 546//370 541//365
f 544//368 547//371 543//367
f 547//371 544//368 548//372
f 549//373 545//369 550//374
f 546//370 550//374 545//369
f 548//372 381//283 547//371
f 381//283 548//372 379//281
f 384//286 549//373 386//288
f 550//374 386//288 549//373
f 196//196 551//375 350//252
f 551//375 196//196 552//376
f 552//376 196//196 323//225
f 324//226 198//198 553//377
f 553//377 198//198 554//378
f 352//254 554//378 198//198
f 169//169 555//379 323//225
f 555//379 169//169 325//227
f 326//228 170//170 556//380
f 324//226 556//380 170//170
f 171//171 557//381 325//227
f 557//381 171//171 327//229
f 328//230 172//172 558//382
f 326//228 558//382 172//172
f 173//173 559//383 327//229
f 559//383 173//173 329//231
f 330//232 174//174 560//384
f 328//230 560//384 174//174
f 175//175 561//385 329//231
f 561//385 175//175 331//233
f 332//234 176//176 562//386
f 330//232 562//386 176//176
f 563//387 177//177 333//235
f 177//177 563//387 331//233
f 332//234 564//388 178//178
f 334//236 178//178 564//388
f 565//389 191//191 345//247
f 191//191 565//389 333//235
f 334//236 566//390 193//193
f 347//249 193//193 566//390
f 339//241 337//239 382//284
f 337//239 339//241 185//185
f 186//186 340//242 338//240
f 383//285 338//240 340//242
f 341//243 339//241 567//391
f 339//241 341//243 187//187
f 188//188 342//244 340//242
f 568//392 340//242 342//244
f 343//245 341//243 569//393
f 341//243 343//245 189//189
f 190//190 344//246 342//244
f 570//394 342//244 344//246
f 346//248 343//245 571//395
f 343//245 346//248 192//192
f 194//194 348//250 344//246
f 572//396 344//246 348//250
f 573//397 346//248 574//398
f 346//248 573//397 345//247
f 347//249 575//399 348//250
f 576//400 348//250 575//399
f 577//401 578//402 579//401
f 578//402 577//401 580//402
f 581//403 582//404 583//403
f 584//404 583//403 582//404
f 585//405 195//195 349//251
f 195//195 585//405 353//255
f 354//256 586//406 197//197
f 351//253 197//197 586//406
f 587//407 199//199 353//255
f 199//199 587//407 355//257
f 356//258 588//408 200//200
f 354//256 200//200 588//408
f 589//409 201//201 355//257
f 201//201 589//409 357//259
f 358//260 590//410 202//202
f 356//258 202//202 590//410
f 591//411 203//203 357//259
f 203//203 591//411 359//261
f 360//262 592//412 204//204
f 358//260 204//204 592//412
f 359//261 361//263 205//205
f 361//263 359//261 593//413
f 594//414 360//262 362//264
f 206//206 362//264 360//262
f 361//263 363//265 207//207
f 363//265 361//263 595//415
f 596//416 362//264 364//266
f 208//208 364//266 362//264
f 363//265 366//268 210//210
f 366//268 363//265 597//417
f 598//418 364//266 367//269
f 211//211 367//269 364//266
f 366//268 599//419 365//267
f 599//419 366//268 600//420
f 601//421 367//269 602//422
f 368//270 602//422 367//269
f 209//209 603//423 369//271
f 603//423 209//209 365//267
f 368//270 212//212 604//424
f 370//272 604//424 212//212
f 213//213 605//425 371//273
f 605//425 213//213 369//271
f 370//272 214//214 606//426
f 372//274 606//426 214//214
f 215//215 607//427 373//275
f 607//427 215//215 371//273
f 372//274 216//216 608//428
f 374//276 608//428 216//216
f 217//217 496//320 375//277
f 496//320 217//217 373//275
f 374//276 218//218 497//321
f 376//278 497//321 218//218
f 567//391 382//284 379//281
f 382//284 567//391 339//241
f 340//242 568//392 383//285
f 384//286 383//285 568//392
f 609//224 610//224 611//224
f 610//224 609//224 612//224
f 610//224 612//224 613//224
f 613//224 612//224 614//224
f 614//224 612//224 615//224
f 615//224 612//224 616//224
f 617//224 612//224 609//224
f 612//224 617//224 618//224
f 612//224 618//224 619//224
f 612//224 619//224 620//224
f 612//224 620//224 621//224
f 612//224 621//224 622//224
f 622//224 621//224 623//224
f 622//224 623//224 624//224
f 624//224 623//224 625//224
f 625//224 623//224 626//224
f 626//224 623//224 627//224
f 626//224 627//224 628//224
f 628//224 627//224 629//224
f 629//224 627//224 630//224
f 630//224 627//224 631//224
f 631//224 627//224 632//224
f 632//224 627//224 633//224
f 633//224 627//224 634//224
f 634//224 627//224 635//224
f 634//224 635//224 636//224
f 636//224 635//224 637//224
f 637//224 635//224 638//224
f 638//224 635//224 639//224
f 638//224 639//224 640//224
f 640//224 639//224 641//224
f 640//224 641//224 642//224
f 642//224 641//224 643//224
f 642//224 643//224 644//224
f 644//224 643//224 645//224
f 616//224 646//224 615//224
f 646//224 616//224 647//224
f 646//224 647//224 648//224
f 646//224 648//224 649//224
f 649//224 648//224 650//224
f 649//224 650//224 651//224
f 649//224 651//224 652//224
f 649//224 652//224 653//224
f 649//224 653//224 654//224
f 649//224 654//224 655//224
f 649//224 655//224 656//224
f 649//224 656//224 637//224
f 637//224 656//224 657//224
f 637//224 657//224 658//224
f 637//224 658//224 636//224
f 659//223 660//223 661//223
f 660//223 662//223 661//223
f 662//223 663//223 661//223
f 661//223 663//223 664//223
f 663//223 665//223 664//223
f 665//223 666//223 664//223
f 666//223 667//223 664//223
f 667//223 668//223 664//223
f 668//223 669//223 664//223
f 669//223 670//223 664//223
f 670//223 671//223 664//223
f 664//223 671//223 672//223
f 671//223 673//223 672//223
f 673//223 674//223 672//223
f 675//223 672//223 674//223
f 676//223 677//223 678//223
f 678//223 677//223 679//223
f 677//223 680//223 679//223
f 679//223 680//223 681//223
f 680//223 682//223 681//223
f 681//223 682//223 683//223
f 682//223 684//223 683//223
f 683//223 684//223 661//223
f 661//223 684//223 659//223
f 659//223 684//223 685//223
f 684//223 686//223 685//223
f 685//223 686//223 687//223
f 687//223 686//223 688//223
f 688//223 686//223 689//223
f 689//223 686//223 690//223
f 690//223 686//223 691//223
f 691//223 686//223 692//223
f 692//223 686//223 693//223
f 686//223 694//223 693//223
f 693//223 694//223 695//223
f 695//223 694//223 696//223
f 696//223 694//223 697//223
f 694//223 698//223 697//223
f 697//223 698//223 699//223
f 698//223 700//223 699//223
f 700//223 701//223 699//223
f 701//223 702//223 699//223
f 702//223 703//223 699//223
f 704//223 699//223 703//223
f 674//223 699//223 675//223
f 675//223 699//223 705//223
f 705//223 699//223 706//223
f 706//223 699//223 707//223
f 699//223 704//223 707//223
f 708//223 707//223 704//223
f 373//275 500//324 496//320
f 500//324 373//275 607//427
f 608//428 374//276 501//325
f 497//321 501//325 374//276
f 607//427 504//328 500//324
f 504//328 607//427 709//429
f 710//430 608//428 505//329
f 501//325 505//329 608//428
f 709//429 508//332 504//328
f 508//332 709//429 711//431
f 712//432 710//430 509//333
f 505//329 509//333 710//430
f 711//431 512//336 508//332
f 512//336 711//431 713//433
f 714//434 712//432 513//337
f 509//333 513//337 712//432
f 715//435 512//336 713//433
f 512//336 715//435 515//339
f 518//342 716//436 513//337
f 714//434 513//337 716//436
f 717//437 515//339 715//435
f 515//339 717//437 519//343
f 522//346 718//438 518//342
f 716//436 518//342 718//438
f 719//439 519//343 717//437
f 519//343 719//439 523//347
f 526//350 720//440 522//346
f 718//438 522//346 720//440
f 719//439 528//352 523//347
f 528//352 719//439 721//441
f 722//442 720//440 529//353
f 526//350 529//353 720//440
f 721//441 532//356 528//352
f 532//356 721//441 723//443
f 724//444 722//442 533//357
f 529//353 533//357 722//442
f 723//443 536//360 532//356
f 536//360 723//443 725//445
f 726//446 724//444 537//361
f 533//357 537//361 724//444
f 725//445 540//364 536//360
f 540//364 725//445 727//447
f 728//448 726//446 541//365
f 537//361 541//365 726//446
f 727//447 544//368 540//364
f 544//368 727//447 729//449
f 730//450 728//448 545//369
f 541//365 545//369 728//448
f 729//449 548//372 544//368
f 548//372 729//449 731//451
f 732//452 730//450 549//373
f 545//369 549//373 730//450
f 731//451 379//281 548//372
f 379//281 731//451 567//391
f 568//392 732//452 384//286
f 549//373 384//286 732//452
f 580//402 733//453 578//402
f 733//453 580//402 734//453
f 735//454 581//403 736//454
f 583//403 736//454 581//403
f 323//225 737//455 552//376
f 737//455 323//225 555//379
f 556//380 324//226 738//456
f 553//377 738//456 324//226
f 739//457 740//453 741//453
f 740//453 739//457 742//457
f 743//458 744//458 745//454
f 746//454 745//454 744//458
f 325//227 747//459 555//379
f 747//459 325//227 557//381
f 558//382 326//228 748//460
f 556//380 748//460 326//228
f 327//229 749//461 557//381
f 749//461 327//229 559//383
f 560//384 328//230 750//462
f 558//382 750//462 328//230
f 329//231 751//463 559//383
f 751//463 329//231 561//385
f 562//386 330//232 752//464
f 560//384 752//464 330//232
f 753//465 331//233 563//387
f 331//233 753//465 561//385
f 562//386 754//466 332//234
f 564//388 332//234 754//466
f 755//467 333//235 565//389
f 333//235 755//467 563//387
f 564//388 756//468 334//236
f 566//390 334//236 756//468
f 757//469 345//247 573//397
f 345//247 757//469 565//389
f 566//390 758//470 347//249
f 575//399 347//249 758//470
f 569//393 567//391 731//451
f 567//391 569//393 341//243
f 342//244 570//394 568//392
f 732//452 568//392 570//394
f 571//395 569//393 759//471
f 569//393 571//395 343//245
f 344//246 572//396 570//394
f 760//472 570//394 572//396
f 574//398 571//395 761//473
f 571//395 574//398 346//248
f 348//250 576//400 572//396
f 762//474 572//396 576//400
f 763//475 574//398 764//476
f 574//398 763//475 573//397
f 575//399 765//477 576//400
f 766//478 576//400 765//477
f 767//479 579//401 768//479
f 579//401 767//479 577//401
f 582//404 769//480 584//404
f 770//480 584//404 769//480
f 771//481 353//255 585//405
f 353//255 771//481 587//407
f 588//408 772//482 354//256
f 586//406 354//256 772//482
f 773//483 355//257 587//407
f 355//257 773//483 589//409
f 590//410 774//484 356//258
f 588//408 356//258 774//484
f 775//485 357//259 589//409
f 357//259 775//485 591//411
f 592//412 776//486 358//260
f 590//410 358//260 776//486
f 777//487 359//261 591//411
f 359//261 777//487 593//413
f 594//414 778//488 360//262
f 592//412 360//262 778//488
f 593//413 595//415 361//263
f 595//415 593//413 779//489
f 780//490 594//414 596//416
f 362//264 596//416 594//414
f 595//415 597//417 363//265
f 597//417 595//415 781//491
f 782//492 596//416 598//418
f 364//266 598//418 596//416
f 597//417 600//420 366//268
f 600//420 597//417 783//493
f 784//494 598//418 601//421
f 367//269 601//421 598//418
f 785//495 599//419 600//420
f 599//419 785//495 786//496
f 787//497 788//498 602//422
f 601//421 602//422 788//498
f 365//267 789//499 603//423
f 789//499 365//267 599//419
f 602//422 368//270 790//500
f 604//424 790//500 368//270
f 369//271 791//501 605//425
f 791//501 369//271 603//423
f 604//424 370//272 792//502
f 606//426 792//502 370//272
f 371//273 709//429 607//427
f 709//429 371//273 605//425
f 606//426 372//274 710//430
f 608//428 710//430 372//274
f 793//503 742//457 739//457
f 742//457 793//503 794//503
f 795//504 796//504 743//458
f 744//458 743//458 796//504
f 797//505 794//503 793//503
f 794//503 797//505 798//505
f 799//506 800//506 795//504
f 796//504 795//504 800//506
f 801//507 797//505 802//507
f 797//505 801//507 798//505
f 799//506 803//508 800//506
f 804//508 800//506 803//508
f 805//509 802//507 806//509
f 802//507 805//509 801//507
f 803//508 807//510 804//508
f 808//510 804//508 807//510
f 809//511 806//509 810//511
f 806//509 809//511 805//509
f 807//510 811//512 808//510
f 812//512 808//510 811//512
f 813//513 810//511 814//513
f 810//511 813//513 809//511
f 811//512 815//514 812//512
f 816//514 812//512 815//514
f 817//515 814//513 818//515
f 814//513 817//515 813//513
f 815//514 819//516 816//514
f 820//516 816//514 819//516
f 821//517 818//515 822//517
f 818//515 821//517 817//515
f 819//516 823//518 820//516
f 824//518 820//516 823//518
f 825//519 822//517 826//519
f 822//517 825//519 821//517
f 823//518 827//520 824//518
f 828//520 824//518 827//520
f 829//521 826//519 830//521
f 826//519 829//521 825//519
f 827//520 831//522 828//520
f 832//522 828//520 831//522
f 833//523 830//521 834//523
f 830//521 833//523 829//521
f 831//522 835//524 832//522
f 836//524 832//522 835//524
f 833//523 837//525 838//525
f 837//525 833//523 834//523
f 836//524 835//524 839//526
f 840//526 839//526 835//524
f 838//525 841//527 842//527
f 841//527 838//525 837//525
f 839//526 840//526 843//528
f 844//528 843//528 840//526
f 842//527 845//529 846//529
f 845//529 842//527 841//527
f 843//528 844//528 847//530
f 848//530 847//530 844//528
f 849//531 845//529 850//531
f 845//529 849//531 846//529
f 848//530 851//532 847//530
f 852//532 847//530 851//532
f 853//533 850//531 854//533
f 850//531 853//533 849//531
f 851//532 855//534 852//532
f 856//534 852//532 855//534
f 857//535 854//533 858//535
f 854//533 857//535 853//533
f 855//534 859//536 856//534
f 860//536 856//534 859//536
f 861//537 858//535 862//537
f 858//535 861//537 857//535
f 859//536 863//538 860//536
f 864//538 860//536 863//538
f 865//539 862//537 866//539
f 862//537 865//539 861//537
f 863//538 867//540 864//538
f 868//540 864//538 867//540
f 869//541 866//539 870//541
f 866//539 869//541 865//539
f 867//540 871//542 868//540
f 872//542 868//540 871//542
f 870//541 768//479 869//541
f 768//479 870//541 767//479
f 769//480 872//542 770//480
f 871//542 770//480 872//542
f 605//425 711//431 709//429
f 711//431 605//425 791//501
f 792//502 606//426 712//432
f 710//430 712//432 606//426
f 791//501 713//433 711//431
f 713//433 791//501 873//543
f 874//544 792//502 714//434
f 712//432 714//434 792//502
f 875//545 713//433 873//543
f 713//433 875//545 715//435
f 716//436 876//546 714//434
f 874//544 714//434 876//546
f 877//547 715//435 875//545
f 715//435 877//547 717//437
f 718//438 878//548 716//436
f 876//546 716//436 878//548
f 879//549 717//437 877//547
f 717//437 879//549 719//439
f 720//440 880//550 718//438
f 878//548 718//438 880//550
f 879//549 721//441 719//439
f 721//441 879//549 881//551
f 882//552 880//550 722//442
f 720//440 722//442 880//550
f 881//551 723//443 721//441
f 723//443 881//551 883//553
f 884//554 882//552 724//444
f 722//442 724//444 882//552
f 883//553 725//445 723//443
f 725//445 883//553 885//555
f 886//556 884//554 726//446
f 724//444 726//446 884//554
f 885//555 727//447 725//445
f 727//447 885//555 887//557
f 888//558 886//556 728//448
f 726//446 728//448 886//556
f 887//557 729//449 727//447
f 729//449 887//557 759//471
f 760//472 888//558 730//450
f 728//448 730//450 888//558
f 759//471 731//451 729//449
f 731//451 759//471 569//393
f 570//394 760//472 732//452
f 730//450 732//452 760//472
f 555//379 889//559 737//455
f 889//559 555//379 747//459
f 748//460 556//380 890//560
f 738//456 890//560 556//380
f 557//381 891//561 747//459
f 891//561 557//381 749//461
f 750//462 558//382 892//562
f 748//460 892//562 558//382
f 559//383 893//563 749//461
f 893//563 559//383 751//463
f 752//464 560//384 894//564
f 750//462 894//564 560//384
f 561//385 895//565 751//463
f 895//565 561//385 753//465
f 754//466 562//386 896//566
f 752//464 896//566 562//386
f 897//567 563//387 755//467
f 563//387 897//567 753//465
f 754//466 898//568 564//388
f 756//468 564//388 898//568
f 899//569 565//389 757//469
f 565//389 899//569 755//467
f 756//468 900//570 566//390
f 758//470 566//390 900//570
f 901//571 573//397 763//475
f 573//397 901//571 757//469
f 758//470 902//572 575//399
f 765//477 575//399 902//572
f 761//473 759//471 887//557
f 759//471 761//473 571//395
f 572//396 762//474 760//472
f 888//558 760//472 762//474
f 764//476 761//473 903//573
f 761//473 764//476 574//398
f 576//400 766//478 762//474
f 904//574 762//474 766//478
f 905//575 764//476 906//576
f 764//476 905//575 763//475
f 765//477 907//577 766//478
f 908//578 766//478 907//577
f 909//579 587//407 771//481
f 587//407 909//579 773//483
f 774//484 910//580 588//408
f 772//482 588//408 910//580
f 911//581 589//409 773//483
f 589//409 911//581 775//485
f 776//486 912//582 590//410
f 774//484 590//410 912//582
f 913//583 591//411 775//485
f 591//411 913//583 777//487
f 778//488 914//584 592//412
f 776//486 592//412 914//584
f 777//487 779//489 593//413
f 779//489 777//487 915//585
f 916//586 778//488 780//490
f 594//414 780//490 778//488
f 779//489 781//491 595//415
f 781//491 779//489 917//587
f 918//588 780//490 782//492
f 596//416 782//492 780//490
f 781//491 783//493 597//417
f 783//493 781//491 919//589
f 920//590 782//492 784//494
f 598//418 784//494 782//492
f 921//591 600//420 783//493
f 600//420 921//591 785//495
f 788//498 922//592 601//421
f 784//494 601//421 922//592
f 923//593 786//496 785//495
f 786//496 923//593 924//594
f 925//595 926//596 787//497
f 788//498 787//497 926//596
f 786//496 789//499 599//419
f 789//499 786//496 927//597
f 928//598 787//497 790//500
f 602//422 790//500 787//497
f 603//423 873//543 791//501
f 873//543 603//423 789//499
f 790//500 604//424 874//544
f 792//502 874//544 604//424
f 747//459 929//599 889//559
f 929//599 747//459 891//561
f 892//562 748//460 930//600
f 890//560 930//600 748//460
f 891//561 931//601 929//599
f 931//601 891//561 932//602
f 933//603 892//562 934//604
f 930//600 934//604 892//562
f 932//602 935//605 931//601
f 935//605 932//602 936//606
f 937//607 933//603 938//608
f 934//604 938//608 933//603
f 936//606 939//609 935//605
f 939//609 936//606 940//610
f 941//611 937//607 942//612
f 938//608 942//612 937//607
f 943//613 939//609 940//610
f 939//609 943//613 944//614
f 945//615 946//616 942//612
f 941//611 942//612 946//616
f 947//617 944//614 943//613
f 944//614 947//617 948//618
f 949//619 950//620 945//615
f 946//616 945//615 950//620
f 951//621 948//618 947//617
f 948//618 951//621 952//622
f 953//623 954//624 949//619
f 950//620 949//619 954//624
f 955//625 952//622 951//621
f 952//622 955//625 956//626
f 957//627 958//628 953//623
f 954//624 953//623 958//628
f 959//629 956//626 955//625
f 956//626 959//629 960//630
f 961//631 962//632 957//627
f 958//628 957//627 962//632
f 963//633 959//629 964//634
f 959//629 963//633 960//630
f 961//631 965//635 962//632
f 966//636 962//632 965//635
f 967//637 964//634 968//638
f 964//634 967//637 963//633
f 965//635 969//639 966//636
f 970//640 966//636 969//639
f 971//641 968//638 972//642
f 968//638 971//641 967//637
f 969//639 973//643 970//640
f 974//644 970//640 973//643
f 975//645 972//642 976//646
f 972//642 975//645 971//641
f 973//643 977//647 974//644
f 978//648 974//644 977//647
f 979//649 976//646 980//650
f 976//646 979//649 975//645
f 977//647 981//651 978//648
f 982//652 978//648 981//651
f 983//653 980//650 984//654
f 980//650 983//653 979//649
f 981//651 985//655 982//652
f 986//656 982//652 985//655
f 983//653 911//581 987//657
f 911//581 983//653 984//654
f 986//656 985//655 912//582
f 988//658 912//582 985//655
f 987//657 773//483 909//579
f 773//483 987//657 911//581
f 912//582 988//658 774//484
f 910//580 774//484 988//658
f 927//597 873//543 789//499
f 873//543 927//597 875//545
f 876//546 928//598 874//544
f 790//500 874//544 928//598
f 989//659 875//545 927//597
f 875//545 989//659 877//547
f 878//548 990//660 876//546
f 928//598 876//546 990//660
f 991//661 877//547 989//659
f 877//547 991//661 879//549
f 880//550 992//662 878//548
f 990//660 878//548 992//662
f 991//661 881//551 879//549
f 881//551 991//661 993//663
f 994//664 992//662 882//552
f 880//550 882//552 992//662
f 993//663 883//553 881//551
f 883//553 993//663 995//665
f 996//666 994//664 884//554
f 882//552 884//554 994//664
f 995//665 885//555 883//553
f 885//555 995//665 903//573
f 904//574 996//666 886//556
f 884//554 886//556 996//666
f 903//573 887//557 885//555
f 887//557 903//573 761//473
f 762//474 904//574 888//558
f 886//556 888//558 904//574
f 749//461 932//602 891//561
f 932//602 749//461 893//563
f 894//564 750//462 933//603
f 892//562 933//603 750//462
f 751//463 997//667 893//563
f 997//667 751//463 895//565
f 896//566 752//464 998//668
f 894//564 998//668 752//464
f 753//465 999//669 895//565
f 999//669 753//465 897//567
f 898//568 754//466 1000//670
f 896//566 1000//670 754//466
f 1001//671 755//467 899//569
f 755//467 1001//671 897//567
f 898//568 1002//672 756//468
f 900//570 756//468 1002//672
f 1003//673 757//469 901//571
f 757//469 1003//673 899//569
f 900//570 1004//674 758//470
f 902//572 758//470 1004//674
f 1005//675 763//475 905//575
f 763//475 1005//675 901//571
f 902//572 1006//676 765//477
f 907//577 765//477 1006//676
f 906//576 903//573 995//665
f 903//573 906//576 764//476
f 766//478 908//578 904//574
f 996//666 904//574 908//578
f 1007//677 906//576 1008//678
f 906//576 1007//677 905//575
f 907//577 1009//679 908//578
f 1010//680 908//578 1009//679
f 984//654 775//485 911//581
f 775//485 984//654 913//583
f 914//584 986//656 776//486
f 912//582 776//486 986//656
f 913//583 915//585 777//487
f 915//585 913//583 1011//681
f 1012//682 914//584 916//586
f 778//488 916//586 914//584
f 915//585 917//587 779//489
f 917//587 915//585 1013//683
f 1014//684 916//586 918//588
f 780//490 918//588 916//586
f 917//587 919//589 781//491
f 919//589 917//587 1015//685
f 1016//686 918//588 920//590
f 782//492 920//590 918//588
f 1017//687 783//493 919//589
f 783//493 1017//687 921//591
f 922//592 1018//688 784//494
f 920//590 784//494 1018//688
f 1019//689 785//495 921//591
f 785//495 1019//689 923//593
f 926//596 1020//690 788//498
f 922//592 788//498 1020//690
f 1021//691 924//594 923//593
f 924//594 1021//691 1022//692
f 1023//693 1024//694 925//595
f 926//596 925//595 1024//694
f 924//594 927//597 786//496
f 927//597 924//594 989//659
f 990//660 925//595 928//598
f 787//497 928//598 925//595
f 893//563 936//606 932//602
f 936//606 893//563 997//667
f 998//668 894//564 937//607
f 933//603 937//607 894//564
f 997//667 940//610 936//606
f 940//610 997//667 1025//695
f 1026//696 998//668 941//611
f 937//607 941//611 998//668
f 1027//697 940//610 1025//695
f 940//610 1027//697 943//613
f 946//616 1028//698 941//611
f 1026//696 941//611 1028//698
f 1029//699 943//613 1027//697
f 943//613 1029//699 947//617
f 950//620 1030//700 946//616
f 1028//698 946//616 1030//700
f 1031//701 947//617 1029//699
f 947//617 1031//701 951//621
f 954//624 1032//702 950//620
f 1030//700 950//620 1032//702
f 1033//703 951//621 1031//701
f 951//621 1033//703 955//625
f 958//628 1034//704 954//624
f 1032//702 954//624 1034//704
f 1035//705 955//625 1033//703
f 955//625 1035//705 959//629
f 962//632 1036//706 958//628
f 1034//704 958//628 1036//706
f 964//634 1035//705 1037//707
f 1035//705 964//634 959//629
f 962//632 966//636 1036//706
f 1038//708 1036//706 966//636
f 968//638 1037//707 1039//709
f 1037//707 968//638 964//634
f 966//636 970//640 1038//708
f 1040//710 1038//708 970//640
f 972//642 1039//709 1041//711
f 1039//709 972//642 968//638
f 970//640 974//644 1040//710
f 1042//712 1040//710 974//644
f 976//646 1041//711 1043//713
f 1041//711 976//646 972//642
f 974//644 978//648 1042//712
f 1044//714 1042//712 978//648
f 980//650 1043//713 1011//681
f 1043//713 980//650 976//646
f 978//648 982//652 1044//714
f 1012//682 1044//714 982//652
f 984//654 1011//681 913//583
f 1011//681 984//654 980//650
f 982//652 986//656 1012//682
f 914//584 1012//682 986//656
f 1022//692 989//659 924//594
f 989//659 1022//692 991//661
f 992//662 1023//693 990//660
f 925//595 990//660 1023//693
f 1022//692 993//663 991//661
f 993//663 1022//692 1008//678
f 1010//680 1023//693 994//664
f 992//662 994//664 1023//693
f 1008//678 995//665 993//663
f 995//665 1008//678 906//576
f 908//578 1010//680 996//666
f 994//664 996//666 1010//680
f 895//565 1025//695 997//667
f 1025//695 895//565 999//669
f 1000//670 896//566 1026//696
f 998//668 1026//696 896//566
f 1001//671 999//669 897//567
f 999//669 1001//671 1045//715
f 1046//716 1002//672 1000//670
f 898//568 1000//670 1002//672
f 1003//673 1001//671 899//569
f 1001//671 1003//673 1047//717
f 1048//718 1004//674 1002//672
f 900//570 1002//672 1004//674
f 1005//675 1003//673 901//571
f 1003//673 1005//675 1049//719
f 1050//720 1006//676 1004//674
f 902//572 1004//674 1006//676
f 1051//721 905//575 1007//677
f 905//575 1051//721 1005//675
f 1006//676 1052//722 907//577
f 1009//679 907//577 1052//722
f 1021//691 1008//678 1022//692
f 1008//678 1021//691 1007//677
f 1009//679 1024//694 1010//680
f 1023//693 1010//680 1024//694
f 1011//681 1013//683 915//585
f 1013//683 1011//681 1043//713
f 1044//714 1012//682 1014//684
f 916//586 1014//684 1012//682
f 1013//683 1015//685 917//587
f 1015//685 1013//683 1053//723
f 1054//724 1014//684 1016//686
f 918//588 1016//686 1014//684
f 1015//685 1017//687 919//589
f 1017//687 1015//685 1055//725
f 1056//726 1016//686 1018//688
f 920//590 1018//688 1016//686
f 1057//727 921//591 1017//687
f 921//591 1057//727 1019//689
f 1020//690 1058//728 922//592
f 1018//688 922//592 1058//728
f 1059//729 923//593 1019//689
f 923//593 1059//729 1021//691
f 1024//694 1060//730 926//596
f 1020//690 926//596 1060//730
f 1045//715 1025//695 999//669
f 1025//695 1045//715 1027//697
f 1028//698 1046//716 1026//696
f 1000//670 1026//696 1046//716
f 1061//731 1027//697 1045//715
f 1027//697 1061//731 1029//699
f 1030//700 1062//732 1028//698
f 1046//716 1028//698 1062//732
f 1063//733 1029//699 1061//731
f 1029//699 1063//733 1031//701
f 1032//702 1064//734 1030//700
f 1062//732 1030//700 1064//734
f 1065//735 1031//701 1063//733
f 1031//701 1065//735 1033//703
f 1034//704 1066//736 1032//702
f 1064//734 1032//702 1066//736
f 1067//737 1033//703 1065//735
f 1033//703 1067//737 1035//705
f 1036//706 1068//738 1034//704
f 1066//736 1034//704 1068//738
f 1037//707 1067//737 1069//739
f 1067//737 1037//707 1035//705
f 1036//706 1038//708 1068//738
f 1070//740 1068//738 1038//708
f 1039//709 1069//739 1071//741
f 1069//739 1039//709 1037//707
f 1038//708 1040//710 1070//740
f 1072//742 1070//740 1040//710
f 1041//711 1071//741 1053//723
f 1071//741 1041//711 1039//709
f 1040//710 1042//712 1072//742
f 1054//724 1072//742 1042//712
f 1043//713 1053//723 1013//683
f 1053//723 1043//713 1041//711
f 1042//712 1044//714 1054//724
f 1014//684 1054//724 1044//714
f 1047//717 1045//715 1001//671
f 1045//715 1047//717 1061//731
f 1062//732 1048//718 1046//716
f 1002//672 1046//716 1048//718
f 1049//719 1047//717 1003//673
f 1047//717 1049//719 1073//743
f 1074//744 1050//720 1048//718
f 1004//674 1048//718 1050//720
f 1075//745 1005//675 1051//721
f 1005//675 1075//745 1049//719
f 1050//720 1076//746 1006//676
f 1052//722 1006//676 1076//746
f 1059//729 1007//677 1021//691
f 1007//677 1059//729 1051//721
f 1052//722 1060//730 1009//679
f 1024//694 1009//679 1060//730
f 1053//723 1055//725 1015//685
f 1055//725 1053//723 1071//741
f 1072//742 1054//724 1056//726
f 1016//686 1056//726 1054//724
f 1077//747 1017//687 1055//725
f 1017//687 1077//747 1057//727
f 1058//728 1078//748 1018//688
f 1056//726 1018//688 1078//748
f 1079//749 1019//689 1057//727
f 1019//689 1079//749 1059//729
f 1060//730 1080//750 1020//690
f 1058//728 1020//690 1080//750
f 1073//743 1061//731 1047//717
f 1061//731 1073//743 1063//733
f 1064//734 1074//744 1062//732
f 1048//718 1062//732 1074//744
f 1081//751 1063//733 1073//743
f 1063//733 1081//751 1065//735
f 1066//736 1082//752 1064//734
f 1074//744 1064//734 1082//752
f 1083//753 1065//735 1081//751
f 1065//735 1083//753 1067//737
f 1068//738 1084//754 1066//736
f 1082//752 1066//736 1084//754
f 1069//739 1083//753 1077//747
f 1083//753 1069//739 1067//737
f 1068//738 1070//740 1084//754
f 1078//748 1084//754 1070//740
f 1071//741 1077//747 1055//725
f 1077//747 1071//741 1069//739
f 1070//740 1072//742 1078//748
f 1056//726 1078//748 1072//742
f 1075//745 1073//743 1049//719
f 1073//743 1075//745 1081//751
f 1082//752 1076//746 1074//744
f 1050//720 1074//744 1076//746
f 1079//749 1051//721 1059//729
f 1051//721 1079//749 1075//745
f 1076//746 1080//750 1052//722
f 1060//730 1052//722 1080//750
f 1083//753 1057//727 1077//747
f 1057//727 1083//753 1079//749
f 1080//750 1084//754 1058//728
f 1078//748 1058//728 1084//754
f 1083//753 1075//745 1079//749
f 1075//745 1083//753 1081//751
f 1082//752 1084//754 1076//746
f 1080//750 1076//746 1084//754
