# SSTK version 0.8.0
# 57
mtllib original-57.mtl
o #ID235
v -0.036061 -0.094481 0.118337
v -0.144644 -0.091933 0.111773
v -0.144644 -0.094481 0.118337
v -0.035991 -0.091933 0.111773
v -0.035991 -0.091933 0.111773
v -0.036061 -0.094481 0.118337
v -0.144644 -0.091933 0.111773
v -0.144644 -0.094481 0.118337
v -0.144644 -0.088428 0.105556
v -0.035926 -0.088428 0.105556
v -0.035926 -0.088428 0.105556
v -0.144644 -0.088428 0.105556
v -0.253227 -0.094481 0.118337
v -0.144644 -0.091933 0.111773
v -0.253296 -0.091933 0.111773
v -0.144644 -0.094481 0.118337
v -0.144644 -0.094481 0.118337
v -0.253227 -0.094481 0.118337
v -0.144644 -0.091933 0.111773
v -0.253296 -0.091933 0.111773
v -0.036132 -0.096027 0.125136
v -0.144644 -0.096027 0.125136
v -0.036132 -0.096027 0.125136
v -0.144644 -0.096027 0.125136
v -0.032927 -0.094481 0.118440
v -0.032424 -0.091933 0.111890
v -0.032424 -0.091933 0.111890
v -0.032927 -0.094481 0.118440
v -0.144644 -0.084025 0.099792
v -0.035865 -0.084025 0.099792
v -0.035865 -0.084025 0.099792
v -0.144644 -0.084025 0.099792
v -0.144644 -0.088428 0.105556
v -0.253361 -0.088428 0.105556
v -0.144644 -0.088428 0.105556
v -0.253361 -0.088428 0.105556
v -0.031948 -0.088428 0.105686
v -0.031948 -0.088428 0.105686
v -0.256361 -0.094481 0.118440
v -0.256863 -0.091933 0.111890
v -0.256361 -0.094481 0.118440
v -0.256863 -0.091933 0.111890
v -0.253155 -0.096027 0.125136
v -0.144644 -0.096027 0.125136
v -0.144644 -0.096027 0.125136
v -0.253155 -0.096027 0.125136
v -0.036205 -0.096545 0.132054
v -0.144644 -0.096545 0.132054
v -0.036205 -0.096545 0.132054
v -0.144644 -0.096545 0.132054
v -0.033447 -0.096027 0.125224
v -0.033447 -0.096027 0.125224
v -0.031680 -0.094481 0.118697
v -0.030459 -0.091933 0.112296
v -0.030459 -0.091933 0.112296
v -0.031680 -0.094481 0.118697
v -0.144644 -0.078799 0.094580
v -0.035810 -0.078799 0.094580
v -0.035810 -0.078799 0.094580
v -0.144644 -0.078799 0.094580
v -0.144644 -0.084025 0.099792
v -0.253422 -0.084025 0.099792
v -0.144644 -0.084025 0.099792
v -0.253422 -0.084025 0.099792
v -0.031507 -0.084025 0.099935
v -0.031507 -0.084025 0.099935
v -0.257339 -0.088428 0.105686
v -0.257339 -0.088428 0.105686
v -0.029302 -0.088428 0.106233
v -0.029302 -0.088428 0.106233
v -0.257607 -0.094481 0.118697
v -0.258828 -0.091933 0.112296
v -0.257607 -0.094481 0.118697
v -0.258828 -0.091933 0.112296
v -0.255840 -0.096027 0.125224
v -0.255840 -0.096027 0.125224
v -0.253082 -0.096545 0.132054
v -0.144644 -0.096545 0.132054
v -0.144644 -0.096545 0.132054
v -0.253082 -0.096545 0.132054
v -0.035621 -0.096545 0.132073
v -0.033798 -0.096370 0.129802
v -0.033977 -0.096545 0.132127
v -0.033977 -0.096545 0.132127
v -0.035621 -0.096545 0.132073
v -0.033798 -0.096370 0.129802
v -0.032945 -0.096027 0.125328
v -0.032945 -0.096027 0.125328
v -0.030474 -0.094481 0.119166
v -0.028557 -0.091933 0.113035
v -0.028557 -0.091933 0.113035
v -0.030474 -0.094481 0.119166
v -0.035762 -0.072841 0.090009
v -0.144644 -0.072841 0.090009
v -0.144644 -0.072841 0.090009
v -0.035762 -0.072841 0.090009
v -0.144644 -0.078799 0.094580
v -0.253477 -0.078799 0.094580
v -0.144644 -0.078799 0.094580
v -0.253477 -0.078799 0.094580
v -0.031108 -0.078799 0.094734
v -0.031108 -0.078799 0.094734
v -0.257780 -0.084025 0.099935
v -0.257780 -0.084025 0.099935
v -0.028230 -0.084025 0.100611
v -0.028230 -0.084025 0.100611
v -0.259985 -0.088428 0.106233
v -0.259985 -0.088428 0.106233
v -0.026742 -0.088428 0.107227
v -0.026742 -0.088428 0.107227
v -0.258813 -0.094481 0.119166
v -0.260730 -0.091933 0.113035
v -0.258813 -0.094481 0.119166
v -0.260730 -0.091933 0.113035
v -0.256342 -0.096027 0.125328
v -0.256342 -0.096027 0.125328
v -0.255489 -0.096370 0.129802
v -0.255310 -0.096545 0.132127
v -0.253666 -0.096545 0.132073
v -0.253666 -0.096545 0.132073
v -0.255310 -0.096545 0.132127
v -0.255489 -0.096370 0.129802
v -0.032459 -0.096027 0.125517
v -0.032459 -0.096027 0.125517
v -0.029331 -0.094481 0.119837
v -0.026755 -0.091933 0.114092
v -0.026755 -0.091933 0.114092
v -0.029331 -0.094481 0.119837
v -0.144644 -0.066251 0.086158
v -0.035721 -0.066251 0.086158
v -0.035721 -0.066251 0.086158
v -0.144644 -0.066251 0.086158
v -0.144644 -0.072841 0.090009
v -0.253525 -0.072841 0.090009
v -0.253525 -0.072841 0.090009
v -0.144644 -0.072841 0.090009
v -0.030758 -0.072841 0.090173
v -0.030758 -0.072841 0.090173
v -0.258179 -0.078799 0.094734
v -0.258179 -0.078799 0.094734
v -0.027260 -0.078799 0.095529
v -0.027260 -0.078799 0.095529
v -0.261057 -0.084025 0.100611
v -0.261057 -0.084025 0.100611
v -0.025059 -0.084025 0.101843
v -0.025059 -0.084025 0.101843
v -0.262545 -0.088428 0.107227
v -0.262545 -0.088428 0.107227
v -0.024316 -0.088428 0.108651
v -0.024316 -0.088428 0.108651
v -0.259956 -0.094481 0.119837
v -0.262532 -0.091933 0.114092
v -0.259956 -0.094481 0.119837
v -0.262532 -0.091933 0.114092
v -0.256828 -0.096027 0.125517
v -0.256828 -0.096027 0.125517
v -0.257289 -0.096027 0.125787
v -0.257715 -0.096027 0.126134
v -0.257289 -0.096027 0.125787
v -0.257715 -0.096027 0.126134
v -0.031998 -0.096027 0.125787
v -0.031998 -0.096027 0.125787
v -0.028273 -0.094481 0.120698
v -0.025087 -0.091933 0.115449
v -0.025087 -0.091933 0.115449
v -0.028273 -0.094481 0.120698
v -0.035689 -0.059144 0.083092
v -0.144644 -0.059144 0.083092
v -0.144644 -0.059144 0.083092
v -0.035689 -0.059144 0.083092
v -0.144644 -0.066251 0.086158
v -0.253566 -0.066251 0.086158
v -0.253566 -0.066251 0.086158
v -0.144644 -0.066251 0.086158
v -0.030463 -0.066251 0.086330
v -0.030463 -0.066251 0.086330
v -0.258529 -0.072841 0.090173
v -0.258529 -0.072841 0.090173
v -0.026410 -0.072841 0.091071
v -0.026410 -0.072841 0.091071
v -0.262027 -0.078799 0.095529
v -0.262027 -0.078799 0.095529
v -0.023537 -0.078799 0.096975
v -0.023537 -0.078799 0.096975
v -0.264228 -0.084025 0.101843
v -0.264228 -0.084025 0.101843
v -0.022054 -0.084025 0.103607
v -0.022054 -0.084025 0.103607
v -0.264971 -0.088428 0.108651
v -0.264971 -0.088428 0.108651
v -0.022070 -0.088428 0.110478
v -0.022070 -0.088428 0.110478
v -0.261015 -0.094481 0.120698
v -0.264200 -0.091933 0.115449
v -0.261015 -0.094481 0.120698
v -0.264200 -0.091933 0.115449
v -0.031572 -0.096027 0.126134
v -0.031572 -0.096027 0.126134
v -0.027320 -0.094481 0.121731
v -0.023585 -0.091933 0.117078
v -0.023585 -0.091933 0.117078
v -0.027320 -0.094481 0.121731
v -0.144644 -0.051639 0.080864
v -0.035665 -0.051639 0.080864
v -0.035665 -0.051639 0.080864
v -0.144644 -0.051639 0.080864
v -0.144644 -0.059144 0.083092
v -0.253598 -0.059144 0.083092
v -0.253598 -0.059144 0.083092
v -0.144644 -0.059144 0.083092
v -0.030228 -0.059144 0.083271
v -0.030228 -0.059144 0.083271
v -0.258824 -0.066251 0.086330
v -0.258824 -0.066251 0.086330
v -0.025694 -0.066251 0.087315
v -0.025694 -0.066251 0.087315
v -0.262877 -0.072841 0.091071
v -0.262877 -0.072841 0.091071
v -0.022203 -0.072841 0.092706
v -0.022203 -0.072841 0.092706
v -0.265750 -0.078799 0.096975
v -0.265750 -0.078799 0.096975
v -0.020009 -0.078799 0.099046
v -0.020009 -0.078799 0.099046
v -0.267233 -0.084025 0.103607
v -0.267233 -0.084025 0.103607
v -0.019273 -0.084025 0.105869
v -0.019273 -0.084025 0.105869
v -0.267217 -0.088428 0.110478
v -0.267217 -0.088428 0.110478
v -0.020047 -0.088428 0.112672
v -0.020047 -0.088428 0.112672
v -0.261968 -0.094481 0.121731
v -0.265702 -0.091933 0.117078
v -0.261968 -0.094481 0.121731
v -0.265702 -0.091933 0.117078
v -0.258253 -0.095997 0.126361
v -0.258099 -0.096027 0.126550
v -0.258099 -0.096027 0.126550
v -0.258253 -0.095997 0.126361
v -0.031188 -0.096027 0.126550
v -0.031034 -0.095997 0.126361
v -0.031034 -0.095997 0.126361
v -0.031188 -0.096027 0.126550
v -0.026490 -0.094481 0.122918
v -0.022277 -0.091933 0.118950
v -0.022277 -0.091933 0.118950
v -0.026490 -0.094481 0.122918
v -0.144644 -0.043866 0.079511
v -0.035651 -0.043866 0.079511
v -0.035651 -0.043866 0.079511
v -0.144644 -0.043866 0.079511
v -0.144644 -0.051639 0.080864
v -0.253622 -0.051639 0.080864
v -0.253622 -0.051639 0.080864
v -0.144644 -0.051639 0.080864
v -0.030058 -0.051639 0.081047
v -0.030058 -0.051639 0.081047
v -0.259059 -0.059144 0.083271
v -0.259059 -0.059144 0.083271
v -0.025123 -0.059144 0.084325
v -0.025123 -0.059144 0.084325
v -0.263594 -0.066251 0.087315
v -0.263594 -0.066251 0.087315
v -0.021078 -0.066251 0.089108
v -0.021078 -0.066251 0.089108
v -0.267085 -0.072841 0.092706
v -0.267085 -0.072841 0.092706
v -0.018216 -0.072841 0.095046
v -0.018216 -0.072841 0.095046
v -0.269278 -0.078799 0.099046
v -0.269278 -0.078799 0.099046
v -0.016744 -0.078799 0.101702
v -0.016744 -0.078799 0.101702
v -0.270014 -0.084025 0.105869
v -0.270014 -0.084025 0.105869
v -0.016768 -0.084025 0.108586
v -0.016768 -0.084025 0.108586
v -0.269240 -0.088428 0.112672
v -0.269240 -0.088428 0.112672
v -0.018286 -0.088428 0.115191
v -0.018286 -0.088428 0.115191
v -0.262797 -0.094481 0.122918
v -0.267011 -0.091933 0.118950
v -0.262797 -0.094481 0.122918
v -0.267011 -0.091933 0.118950
v -0.258489 -0.096017 0.126976
v -0.258489 -0.096017 0.126976
v -0.030798 -0.096017 0.126976
v -0.030798 -0.096017 0.126976
v -0.025799 -0.094481 0.124236
v -0.021188 -0.091933 0.121028
v -0.021188 -0.091933 0.121028
v -0.025799 -0.094481 0.124236
v -0.144644 -0.035958 0.079058
v -0.035646 -0.035958 0.079058
v -0.035646 -0.035958 0.079058
v -0.144644 -0.035958 0.079058
v -0.144644 -0.043866 0.079511
v -0.253636 -0.043866 0.079511
v -0.253636 -0.043866 0.079511
v -0.144644 -0.043866 0.079511
v -0.029954 -0.043866 0.079698
v -0.029954 -0.043866 0.079698
v -0.259229 -0.051639 0.081047
v -0.259229 -0.051639 0.081047
v -0.024709 -0.051639 0.082152
v -0.024709 -0.051639 0.082152
v -0.264164 -0.059144 0.084325
v -0.264164 -0.059144 0.084325
v -0.020183 -0.059144 0.086245
v -0.020183 -0.059144 0.086245
v -0.268209 -0.066251 0.089108
v -0.268209 -0.066251 0.089108
v -0.016705 -0.066251 0.091676
v -0.016705 -0.066251 0.091676
v -0.271071 -0.072841 0.095046
v -0.271071 -0.072841 0.095046
v -0.014525 -0.072841 0.098047
v -0.014525 -0.072841 0.098047
v -0.272544 -0.078799 0.101702
v -0.272544 -0.078799 0.101702
v -0.013802 -0.078799 0.104892
v -0.013802 -0.078799 0.104892
v -0.272520 -0.084025 0.108586
v -0.272520 -0.084025 0.108586
v -0.014586 -0.084025 0.111707
v -0.014586 -0.084025 0.111707
v -0.271001 -0.088428 0.115191
v -0.271001 -0.088428 0.115191
v -0.016820 -0.088428 0.117989
v -0.016820 -0.088428 0.117989
v -0.263488 -0.094481 0.124236
v -0.268100 -0.091933 0.121028
v -0.263488 -0.094481 0.124236
v -0.268100 -0.091933 0.121028
v -0.258712 -0.096027 0.127560
v -0.258433 -0.096027 0.127028
v -0.258433 -0.096027 0.127028
v -0.258712 -0.096027 0.127560
v -0.030576 -0.096027 0.127560
v -0.030854 -0.096027 0.127028
v -0.030576 -0.096027 0.127560
v -0.030854 -0.096027 0.127028
v -0.025261 -0.094481 0.125660
v -0.021188 -0.091933 0.121028
v -0.025799 -0.094481 0.124236
v -0.020339 -0.091933 0.123273
v -0.020339 -0.091933 0.123273
v -0.025261 -0.094481 0.125660
v -0.021188 -0.091933 0.121028
v -0.025799 -0.094481 0.124236
v -0.144644 0.124976 0.079058
v -0.035646 0.124976 0.079058
v -0.035646 0.124976 0.079058
v -0.144644 0.124976 0.079058
v -0.144644 -0.035958 0.079058
v -0.253641 -0.035958 0.079058
v -0.253641 -0.035958 0.079058
v -0.144644 -0.035958 0.079058
v -0.029920 -0.035958 0.079246
v -0.029920 -0.035958 0.079246
v -0.259333 -0.043866 0.079698
v -0.259333 -0.043866 0.079698
v -0.024457 -0.043866 0.080833
v -0.024457 -0.043866 0.080833
v -0.264579 -0.051639 0.082152
v -0.264579 -0.051639 0.082152
v -0.019532 -0.051639 0.084163
v -0.019532 -0.051639 0.084163
v -0.269104 -0.059144 0.086245
v -0.269104 -0.059144 0.086245
v -0.015502 -0.059144 0.088992
v -0.015502 -0.059144 0.088992
v -0.272582 -0.066251 0.091676
v -0.272582 -0.066251 0.091676
v -0.012656 -0.066251 0.094968
v -0.012656 -0.066251 0.094968
v -0.274762 -0.072841 0.098047
v -0.274762 -0.072841 0.098047
v -0.011202 -0.072841 0.101652
v -0.011202 -0.072841 0.101652
v -0.275485 -0.078799 0.104892
v -0.275485 -0.078799 0.104892
v -0.011241 -0.078799 0.108556
v -0.011241 -0.078799 0.108556
v -0.274701 -0.084025 0.111707
v -0.274701 -0.084025 0.111707
v -0.012771 -0.084025 0.115172
v -0.012771 -0.084025 0.115172
v -0.272467 -0.088428 0.117989
v -0.272467 -0.088428 0.117989
v -0.016820 -0.088428 0.117989
v -0.015677 -0.088428 0.121011
v -0.015677 -0.088428 0.121011
v -0.016820 -0.088428 0.117989
v -0.264027 -0.094481 0.125660
v -0.268100 -0.091933 0.121028
v -0.268949 -0.091933 0.123273
v -0.263488 -0.094481 0.124236
v -0.263488 -0.094481 0.124236
v -0.264027 -0.094481 0.125660
v -0.268100 -0.091933 0.121028
v -0.268949 -0.091933 0.123273
v -0.258929 -0.096027 0.128133
v -0.258712 -0.096027 0.127560
v -0.258712 -0.096027 0.127560
v -0.258929 -0.096027 0.128133
v -0.030359 -0.096027 0.128133
v -0.030576 -0.096027 0.127560
v -0.030359 -0.096027 0.128133
v -0.030576 -0.096027 0.127560
v -0.024884 -0.094481 0.127163
v -0.019745 -0.091933 0.125642
v -0.019745 -0.091933 0.125642
v -0.024884 -0.094481 0.127163
v -0.144644 0.124976 0.079058
v -0.253641 0.124976 0.079058
v -0.253641 0.124976 0.079058
v -0.144644 0.124976 0.079058
v -0.029920 0.124976 0.079246
v -0.029920 0.124976 0.079246
v -0.259368 -0.035958 0.079246
v -0.259368 -0.035958 0.079246
v -0.024373 -0.035958 0.080391
v -0.024373 -0.035958 0.080391
v -0.264830 -0.043866 0.080833
v -0.264830 -0.043866 0.080833
v -0.019137 -0.043866 0.082900
v -0.019137 -0.043866 0.082900
v -0.269755 -0.051639 0.084163
v -0.269755 -0.051639 0.084163
v -0.014627 -0.051639 0.087042
v -0.014627 -0.051639 0.087042
v -0.273785 -0.059144 0.088992
v -0.273785 -0.059144 0.088992
v -0.011169 -0.059144 0.092516
v -0.011169 -0.059144 0.092516
v -0.276631 -0.066251 0.094968
v -0.276631 -0.066251 0.094968
v -0.009010 -0.066251 0.098923
v -0.009010 -0.066251 0.098923
v -0.278086 -0.072841 0.101652
v -0.278086 -0.072841 0.101652
v -0.008308 -0.072841 0.105793
v -0.008308 -0.072841 0.105793
v -0.278046 -0.078799 0.108556
v -0.278046 -0.078799 0.108556
v -0.009109 -0.078799 0.112624
v -0.009395 -0.078826 0.112041
v -0.009395 -0.078826 0.112041
v -0.009109 -0.078799 0.112624
v -0.276517 -0.084025 0.115172
v -0.276517 -0.084025 0.115172
v -0.012771 -0.084025 0.115172
v -0.011355 -0.084025 0.118915
v -0.011355 -0.084025 0.118915
v -0.012771 -0.084025 0.115172
v -0.272467 -0.088428 0.117989
v -0.273610 -0.088428 0.121011
v -0.272467 -0.088428 0.117989
v -0.273610 -0.088428 0.121011
v -0.014878 -0.088428 0.124201
v -0.014878 -0.088428 0.124201
v -0.264403 -0.094481 0.127163
v -0.269542 -0.091933 0.125642
v -0.264403 -0.094481 0.127163
v -0.269542 -0.091933 0.125642
v -0.259080 -0.096027 0.128739
v -0.259080 -0.096027 0.128739
v -0.255489 -0.096370 0.129802
v -0.255489 -0.096370 0.129802
v -0.030207 -0.096027 0.128739
v -0.030207 -0.096027 0.128739
v -0.024678 -0.094481 0.128716
v -0.019420 -0.091933 0.128090
v -0.019420 -0.091933 0.128090
v -0.024678 -0.094481 0.128716
v -0.259368 0.124976 0.079246
v -0.259368 0.124976 0.079246
v -0.024373 0.124976 0.080391
v -0.024373 0.124976 0.080391
v -0.264915 -0.035958 0.080391
v -0.264915 -0.035958 0.080391
v -0.019005 -0.035958 0.082477
v -0.019005 -0.035958 0.082477
v -0.270150 -0.043866 0.082900
v -0.270150 -0.043866 0.082900
v -0.014097 -0.043866 0.085859
v -0.014097 -0.043866 0.085859
v -0.274660 -0.051639 0.087042
v -0.274660 -0.051639 0.087042
v -0.010087 -0.051639 0.090735
v -0.010087 -0.051639 0.090735
v -0.278119 -0.059144 0.092516
v -0.278119 -0.059144 0.092516
v -0.007266 -0.059144 0.096750
v -0.007266 -0.059144 0.096750
v -0.280277 -0.066251 0.098923
v -0.280277 -0.066251 0.098923
v -0.005835 -0.066251 0.103465
v -0.005835 -0.066251 0.103465
v -0.280980 -0.072841 0.105793
v -0.280980 -0.072841 0.105793
v -0.005898 -0.072841 0.110390
v -0.006024 -0.072841 0.110059
v -0.006024 -0.072841 0.110059
v -0.005898 -0.072841 0.110390
v -0.279892 -0.078826 0.112041
v -0.280178 -0.078799 0.112624
v -0.279892 -0.078826 0.112041
v -0.280178 -0.078799 0.112624
v -0.007447 -0.078799 0.117019
v -0.007447 -0.078799 0.117019
v -0.276517 -0.084025 0.115172
v -0.277932 -0.084025 0.118915
v -0.276517 -0.084025 0.115172
v -0.277932 -0.084025 0.118915
v -0.010366 -0.084025 0.122865
v -0.010366 -0.084025 0.122865
v -0.274409 -0.088428 0.124201
v -0.274409 -0.088428 0.124201
v -0.014440 -0.088428 0.127497
v -0.014440 -0.088428 0.127497
v -0.264609 -0.094481 0.128716
v -0.269868 -0.091933 0.128090
v -0.264609 -0.094481 0.128716
v -0.269868 -0.091933 0.128090
v -0.259163 -0.096027 0.129364
v -0.259163 -0.096027 0.129364
v -0.030124 -0.096027 0.129364
v -0.030124 -0.096027 0.129364
v -0.024584 -0.094481 0.133167
v -0.019316 -0.091933 0.132994
v -0.019316 -0.091933 0.132994
v -0.024584 -0.094481 0.133167
v -0.264915 0.124976 0.080391
v -0.264915 0.124976 0.080391
v -0.019005 0.124976 0.082477
v -0.019005 0.124976 0.082477
v -0.270282 -0.035958 0.082477
v -0.270282 -0.035958 0.082477
v -0.013919 -0.035958 0.085462
v -0.013919 -0.035958 0.085462
v -0.275190 -0.043866 0.085859
v -0.275190 -0.043866 0.085859
v -0.009431 -0.043866 0.089653
v -0.009431 -0.043866 0.089653
v -0.279200 -0.051639 0.090735
v -0.279200 -0.051639 0.090735
v -0.005998 -0.051639 0.095170
v -0.005998 -0.051639 0.095170
v -0.282022 -0.059144 0.096750
v -0.282022 -0.059144 0.096750
v -0.003868 -0.059144 0.101611
v -0.003868 -0.059144 0.101611
v -0.283452 -0.066251 0.103465
v -0.283452 -0.066251 0.103465
v -0.003227 -0.066251 0.108417
v -0.003227 -0.066251 0.108417
v -0.283264 -0.072841 0.110059
v -0.283389 -0.072841 0.110390
v -0.283264 -0.072841 0.110059
v -0.283389 -0.072841 0.110390
v -0.004020 -0.072841 0.115357
v -0.004020 -0.072841 0.115357
v -0.281840 -0.078799 0.117019
v -0.281840 -0.078799 0.117019
v -0.006286 -0.078799 0.121657
v -0.006286 -0.078799 0.121657
v -0.278921 -0.084025 0.122865
v -0.278921 -0.084025 0.122865
v -0.009823 -0.084025 0.126947
v -0.009823 -0.084025 0.126947
v -0.274848 -0.088428 0.127497
v -0.274848 -0.088428 0.127497
v -0.014327 -0.088428 0.132831
v -0.014327 -0.088428 0.132831
v -0.264703 -0.094481 0.133167
v -0.269971 -0.091933 0.132994
v -0.264703 -0.094481 0.133167
v -0.269971 -0.091933 0.132994
v -0.259247 -0.096027 0.133345
v -0.259247 -0.096027 0.133345
v -0.030040 -0.096027 0.133345
v -0.030040 -0.096027 0.133345
v -0.270282 0.124976 0.082477
v -0.270282 0.124976 0.082477
v -0.013919 0.124976 0.085462
v -0.013919 0.124976 0.085462
v -0.275368 -0.035958 0.085462
v -0.275368 -0.035958 0.085462
v -0.009211 -0.035958 0.089291
v -0.009211 -0.035958 0.089291
v -0.279856 -0.043866 0.089653
v -0.279856 -0.043866 0.089653
v -0.005228 -0.043866 0.094212
v -0.005228 -0.043866 0.094212
v -0.283289 -0.051639 0.095170
v -0.283289 -0.051639 0.095170
v -0.002437 -0.051639 0.100264
v -0.002437 -0.051639 0.100264
v -0.285420 -0.059144 0.101611
v -0.285420 -0.059144 0.101611
v -0.002175 -0.062895 0.107800
v -0.003193 -0.066251 0.108508
v -0.001039 -0.059144 0.107009
v -0.001039 -0.059144 0.107009
v -0.002175 -0.062895 0.107800
v -0.003193 -0.066251 0.108508
v -0.286060 -0.066251 0.108417
v -0.286060 -0.066251 0.108417
v -0.285268 -0.072841 0.115357
v -0.285268 -0.072841 0.115357
v -0.001132 -0.066251 0.113956
v -0.001132 -0.066251 0.113956
v -0.002707 -0.072841 0.120598
v -0.002707 -0.072841 0.120598
v -0.005898 -0.072841 0.110390
v -0.005898 -0.072841 0.110390
v -0.283002 -0.078799 0.121657
v -0.283002 -0.078799 0.121657
v -0.005648 -0.078799 0.126450
v -0.005648 -0.078799 0.126450
v -0.279465 -0.084025 0.126947
v -0.279465 -0.084025 0.126947
v -0.009702 -0.084025 0.132680
v -0.009702 -0.084025 0.132680
v -0.274960 -0.088428 0.132831
v -0.274960 -0.088428 0.132831
v -0.253696 -0.096545 0.133527
v -0.253742 -0.096545 0.130649
v -0.253666 -0.096545 0.132073
v -0.253629 -0.096545 0.130352
v -0.253629 -0.096545 0.130352
v -0.253666 -0.096545 0.132073
v -0.253742 -0.096545 0.130649
v -0.253696 -0.096545 0.133527
v -0.035621 -0.096545 0.132073
v -0.035545 -0.096545 0.130649
v -0.035658 -0.096545 0.130352
v -0.035591 -0.096545 0.133527
v -0.033798 -0.096370 0.129802
v -0.033798 -0.096370 0.129802
v -0.035545 -0.096545 0.130649
v -0.035591 -0.096545 0.133527
v -0.035621 -0.096545 0.132073
v -0.035658 -0.096545 0.130352
v -0.275368 0.124976 0.085462
v -0.275368 0.124976 0.085462
v -0.009211 0.124976 0.089291
v -0.009211 0.124976 0.089291
v -0.280076 -0.035958 0.089291
v -0.280076 -0.035958 0.089291
v -0.004970 -0.035958 0.093890
v -0.004970 -0.035958 0.093890
v -0.284059 -0.043866 0.094212
v -0.284059 -0.043866 0.094212
v -0.001569 -0.043866 0.099447
v -0.001569 -0.043866 0.099447
v -0.286850 -0.051639 0.100264
v -0.286850 -0.051639 0.100264
v 0.000527 -0.051639 0.105920
v 0.000527 -0.051639 0.105920
v -0.287112 -0.062895 0.107800
v -0.286095 -0.066251 0.108508
v -0.288249 -0.059144 0.107009
v -0.288249 -0.059144 0.107009
v -0.287112 -0.062895 0.107800
v -0.286095 -0.066251 0.108508
v 0.001167 -0.059144 0.112841
v -0.001000 -0.059144 0.107110
v -0.001000 -0.059144 0.107110
v 0.001167 -0.059144 0.112841
v -0.001000 -0.059144 0.107110
v -0.001000 -0.059144 0.107110
v -0.288155 -0.066251 0.113956
v -0.288155 -0.066251 0.113956
v -0.286580 -0.072841 0.120598
v -0.286580 -0.072841 0.120598
v -0.283389 -0.072841 0.110390
v -0.283389 -0.072841 0.110390
v 0.000308 -0.066251 0.119705
v 0.000308 -0.066251 0.119705
v -0.001987 -0.072841 0.126014
v -0.001987 -0.072841 0.126014
v -0.283639 -0.078799 0.126450
v -0.283639 -0.078799 0.126450
v -0.007610 -0.081412 0.132611
v -0.006049 -0.079461 0.132560
v -0.005519 -0.078799 0.132543
v -0.005519 -0.078799 0.132543
v -0.006049 -0.079461 0.132560
v -0.007610 -0.081412 0.132611
v -0.279586 -0.084025 0.132680
v -0.279586 -0.084025 0.132680
v -0.280076 0.124976 0.089291
v -0.280076 0.124976 0.089291
v -0.004970 0.124976 0.093890
v -0.004970 0.124976 0.093890
v -0.284317 -0.035958 0.093890
v -0.284317 -0.035958 0.093890
v -0.001278 -0.035958 0.099173
v -0.001278 -0.035958 0.099173
v -0.287718 -0.043866 0.099447
v -0.287718 -0.043866 0.099447
v 0.001477 -0.043866 0.105259
v 0.001477 -0.043866 0.105259
v -0.289814 -0.051639 0.105920
v -0.289814 -0.051639 0.105920
v 0.000618 -0.051639 0.106161
v 0.000618 -0.051639 0.106161
v -0.290454 -0.059144 0.112841
v -0.288287 -0.059144 0.107110
v -0.288287 -0.059144 0.107110
v -0.290454 -0.059144 0.112841
v -0.288287 -0.059144 0.107110
v -0.288287 -0.059144 0.107110
v 0.002708 -0.059144 0.118995
v 0.002708 -0.059144 0.118995
v 0.002838 -0.051639 0.112030
v 0.000618 -0.051639 0.106161
v 0.000618 -0.051639 0.106161
v 0.002838 -0.051639 0.112030
v -0.289595 -0.066251 0.119705
v -0.289595 -0.066251 0.119705
v -0.287301 -0.072841 0.126014
v -0.287301 -0.072841 0.126014
v 0.001098 -0.066251 0.125647
v 0.001098 -0.066251 0.125647
v -0.005241 -0.078348 0.132534
v -0.001851 -0.072841 0.132423
v -0.001851 -0.072841 0.132423
v -0.005241 -0.078348 0.132534
v -0.283238 -0.079461 0.132560
v -0.283768 -0.078799 0.132543
v -0.281677 -0.081412 0.132611
v -0.281677 -0.081412 0.132611
v -0.283238 -0.079461 0.132560
v -0.283768 -0.078799 0.132543
v -0.284317 0.124976 0.093890
v -0.284317 0.124976 0.093890
v -0.001278 0.124976 0.099173
v -0.001278 0.124976 0.099173
v -0.288009 -0.035958 0.099173
v -0.288009 -0.035958 0.099173
v 0.001795 -0.035958 0.105038
v 0.001795 -0.035958 0.105038
v -0.290764 -0.043866 0.105259
v -0.290764 -0.043866 0.105259
v 0.001600 -0.043866 0.105584
v 0.001600 -0.043866 0.105584
v -0.289905 -0.051639 0.106161
v -0.289905 -0.051639 0.106161
v -0.292125 -0.051639 0.112030
v -0.289905 -0.051639 0.106161
v -0.289905 -0.051639 0.106161
v -0.292125 -0.051639 0.112030
v -0.291995 -0.059144 0.118995
v -0.291995 -0.059144 0.118995
v 0.003554 -0.059144 0.125354
v 0.003554 -0.059144 0.125354
v 0.004452 -0.051639 0.118478
v 0.004452 -0.051639 0.118478
v 0.003852 -0.043866 0.111538
v 0.001600 -0.043866 0.105584
v 0.001600 -0.043866 0.105584
v 0.003852 -0.043866 0.111538
v -0.290386 -0.066251 0.125647
v -0.290386 -0.066251 0.125647
v -0.284046 -0.078348 0.132534
v -0.287436 -0.072841 0.132423
v -0.287436 -0.072841 0.132423
v -0.284046 -0.078348 0.132534
v 0.001239 -0.066251 0.132321
v 0.001239 -0.066251 0.132321
v -0.288009 0.124976 0.099173
v -0.288009 0.124976 0.099173
v 0.001795 0.124976 0.105038
v 0.001795 0.124976 0.105038
v -0.291083 -0.035958 0.105038
v -0.291083 -0.035958 0.105038
v 0.001929 -0.035958 0.105391
v 0.001929 -0.035958 0.105391
v -0.290887 -0.043866 0.105584
v -0.290887 -0.043866 0.105584
v -0.293740 -0.051639 0.118478
v -0.293740 -0.051639 0.118478
v -0.293139 -0.043866 0.111538
v -0.290887 -0.043866 0.105584
v -0.290887 -0.043866 0.105584
v -0.293139 -0.043866 0.111538
v -0.292841 -0.059144 0.125354
v -0.292841 -0.059144 0.125354
v 0.003700 -0.059144 0.132241
v 0.003700 -0.059144 0.132241
v 0.005339 -0.051639 0.125142
v 0.005339 -0.051639 0.125142
v 0.005511 -0.043866 0.118165
v 0.005511 -0.043866 0.118165
v 0.004192 -0.035958 0.111373
v 0.004192 -0.035958 0.111373
v -0.290526 -0.066251 0.132321
v -0.290526 -0.066251 0.132321
v -0.291083 0.124976 0.105038
v -0.291083 0.124976 0.105038
v 0.004192 0.124976 0.111373
v 0.001929 0.124976 0.105391
v 0.001929 0.124976 0.105391
v 0.004192 0.124976 0.111373
v -0.291216 -0.035958 0.105391
v -0.291216 -0.035958 0.105391
v -0.294626 -0.051639 0.125142
v -0.294626 -0.051639 0.125142
v -0.294798 -0.043866 0.118165
v -0.294798 -0.043866 0.118165
v -0.293479 -0.035958 0.111373
v -0.293479 -0.035958 0.111373
v -0.292987 -0.059144 0.132241
v -0.292987 -0.059144 0.132241
v 0.005488 -0.051639 0.132182
v 0.005488 -0.051639 0.132182
v 0.006422 -0.043866 0.125013
v 0.006422 -0.043866 0.125013
v 0.005866 -0.035958 0.118060
v 0.005866 -0.035958 0.118060
v -0.293479 0.124976 0.111373
v -0.291216 0.124976 0.105391
v -0.291216 0.124976 0.105391
v -0.293479 0.124976 0.111373
v 0.005866 0.124976 0.118060
v 0.005866 0.124976 0.118060
v -0.294775 -0.051639 0.132182
v -0.294775 -0.051639 0.132182
v -0.295710 -0.043866 0.125013
v -0.295710 -0.043866 0.125013
v -0.295153 -0.035958 0.118060
v -0.295153 -0.035958 0.118060
v 0.006573 -0.043866 0.132147
v 0.006573 -0.043866 0.132147
v 0.006786 -0.035958 0.124970
v 0.006786 -0.035958 0.124970
v -0.295153 0.124976 0.118060
v -0.295153 0.124976 0.118060
v 0.006786 0.124976 0.124970
v 0.006786 0.124976 0.124970
v -0.295860 -0.043866 0.132147
v -0.295860 -0.043866 0.132147
v -0.296073 -0.035958 0.124970
v -0.296073 -0.035958 0.124970
v 0.006937 -0.035958 0.132135
v 0.006937 -0.035958 0.132135
v -0.296073 0.124976 0.124970
v -0.296073 0.124976 0.124970
v 0.006937 0.124976 0.132135
v 0.006937 0.124976 0.132135
v -0.296224 -0.035958 0.132135
v -0.296224 -0.035958 0.132135
v -0.296224 0.124976 0.132135
v -0.296224 0.124976 0.132135
vn -0.004802237265725562 0.9559733650073988 0.2934141508408793
vn 0 0.9037851353845701 0.42798648233080244
vn 0 0.9561437361854688 0.2928978589086861
vn -0.007011768279484346 0.9035547296422034 0.4284153191084554
vn 0 0.8345883825677686 0.5508740615448469
vn -0.009021439088488993 0.8343209923119246 0.5512051300781026
vn 0.004802237265725562 0.9559733650073988 0.2934141508408793
vn 0.007011768279484346 0.9035547296422034 0.4284153191084554
vn -0.002445509605054336 0.9887708841278311 0.14941940363901512
vn 0 0.9888620307208971 0.14883509061556513
vn -0.034982989302229414 0.9552188342078327 0.29382506570084993
vn -0.05091389402691653 0.902518918743962 0.427629953001711
vn 0 0.751739595053423 0.6594600679562909
vn -0.010797020189952263 0.7514584006995532 0.659692122412484
vn 0.009021439088488993 0.8343209923119246 0.5512051300781026
vn -0.06539318166066783 0.8331003324762168 0.5492427221368635
vn 0.034982989302229414 0.9552188342078327 0.29382506570084993
vn 0.05091389402691653 0.902518918743962 0.427629953001711
vn 0.002445509605054336 0.9887708841278311 0.14941940363901512
vn -0.0012227652751494594 0.9972045296503586 0.07471031314275725
vn 0 0.9972043138728748 0.07472319849503936
vn -0.018818541829963755 0.984377922585451 0.1750598983483812
vn -0.08491883530048998 0.9542009955908097 0.28686103155485565
vn -0.12344308969359709 0.9004855096140433 0.4169983819897091
vn 0 0.6583769658857928 0.7526883623326575
vn -0.012321340140531488 0.6581027306288579 0.7528273245014305
vn 0.010797020189952263 0.7514584006995532 0.659692122412484
vn -0.0781779786543941 0.7501560543575458 0.6566232540538234
vn 0.06539318166066783 0.8331003324762168 0.5492427221368635
vn -0.1583175209749798 0.8300107505764222 0.5348062419978855
vn 0.08491883530048998 0.9542009955908097 0.28686103155485565
vn 0.12344308969359709 0.9004855096140433 0.4169983819897091
vn 0.022537140675159155 0.9883881067320834 0.15026984980612695
vn 0.0012227652751494594 0.9972045296503586 0.07471031314275725
vn -0.0024455278333221243 0.9972032540802102 0.07469731886390808
vn -0.06367383061244451 0.9745153541668127 0.21509409054706552
vn -0.13302748061513583 0.9524159046277314 0.2742401028539221
vn -0.19297565111344134 0.8969368373672597 0.39782497137681216
vn -0.013590511821597021 0.5570425829630782 0.830372722790344
vn 0 0.5572926881218928 0.8303161203817945
vn 0.012321340140531488 0.6581027306288579 0.7528273245014305
vn -0.08914813223622413 0.6568158963382583 0.7487626385151459
vn 0.0781779786543941 0.7501560543575458 0.6566232540538234
vn -0.18896963652082244 0.7461893629979813 0.6383509309320816
vn 0.1583175209749798 0.8300107505764222 0.5348062419978855
vn -0.24686858253000632 0.8246509754139453 0.5089269807236146
vn 0.13302748061513583 0.9524159046277314 0.2742401028539221
vn 0.19297565111344134 0.8969368373672597 0.39782497137681216
vn 0.04979599395817213 0.9879372159127958 0.14663020289214404
vn 0.00719674016617391 0.9972247020671794 0.07410196028450303
vn 0.0024455278333221243 0.9972032540802102 0.07469731886390808
vn -0.09982836001122593 0.9734890988953387 0.20579910803842286
vn -0.17831325477710466 0.9500102310248173 0.2562907413836263
vn -0.25795151846903014 0.8921891596541489 0.37075533376493025
vn 0 0.45078665577020616 0.8926317219209239
vn -0.0146092852426236 0.4505736493658701 0.8926197148180302
vn 0.013590511821597021 0.5570425829630782 0.830372722790344
vn -0.09827851825780039 0.555854834701582 0.8254494143119421
vn 0.08914813223622413 0.6568158963382583 0.7487626385151459
vn -0.21514589416354837 0.6523103995768469 0.7267760224639097
vn 0.18896963652082244 0.7461893629979813 0.6383509309320816
vn -0.2938629802695078 0.7393524744204768 0.6058072856902937
vn 0.24686858253000632 0.8246509754139453 0.5089269807236146
vn -0.32888725070290137 0.8175431980827017 0.4727116410601659
vn 0.17831325477710466 0.9500102310248173 0.2562907413836263
vn 0.25795151846903014 0.8921891596541489 0.37075533376493025
vn 0.06878651314567856 0.9875017196300314 0.14180539248205737
vn 0.08676271224001103 0.9870493237474006 0.1349291082552466
vn 0.12372941121530229 0.9817125033656061 0.1446775502140864
vn -0.13396007543527835 0.9721020760818071 0.1925415588043653
vn -0.21910648327880916 0.9471243819510887 0.23440937289059333
vn -0.3170618666002648 0.8866496550603538 0.3366365427717432
vn -0.01538682567083169 0.34047710096796097 0.9401269006427952
vn 0 0.3406437671689219 0.9401924398169585
vn 0.0146092852426236 0.4505736493658701 0.8926197148180302
vn -0.10560552896263305 0.4495518687647512 0.8869896220039118
vn 0.09827851825780039 0.555854834701582 0.8254494143119421
vn -0.23683228961018743 0.5512310875230215 0.8000342209844422
vn 0.21514589416354837 0.6523103995768469 0.7267760224639097
vn -0.33366896198129103 0.6445944907573339 0.6878684222259525
vn 0.2938629802695078 0.7393524744204768 0.6058072856902937
vn -0.3901014339383647 0.730370975257642 0.5606952021735451
vn 0.32888725070290137 0.8175431980827017 0.4727116410601659
vn -0.4026963869991893 0.8093391488578666 0.4275579048781853
vn 0.21910648327880916 0.9471243819510887 0.23440937289059333
vn 0.3170618666002648 0.8866496550603538 0.3366365427717432
vn -0.16377275018810247 0.9703768148176072 0.17761566248577432
vn -0.2577254997626375 0.9438273376381889 0.20680310321391973
vn -0.3692785671886762 0.8807710371413675 0.29643839148800893
vn 0 0.22819160080807707 0.9736162454071149
vn -0.015933247571452255 0.2280774764492793 0.9735126071902486
vn 0.01538682567083169 0.34047710096796097 0.9401269006427952
vn -0.11119642514962826 0.33967124811190147 0.9339479633470199
vn 0.10560552896263305 0.4495518687647512 0.8869896220039118
vn -0.2541636275247669 0.44524229194727966 0.8585803118549742
vn 0.23683228961018743 0.5512310875230215 0.8000342209844422
vn -0.3663912672629527 0.5433594871695827 0.755326357925007
vn 0.33366896198129103 0.6445944907573339 0.6878684222259525
vn -0.44140470419407657 0.6345517319859132 0.634433595066511
vn 0.3901014339383647 0.730370975257642 0.5606952021735451
vn -0.4757194625149911 0.7201220524857693 0.5050893213166664
vn 0.4026963869991893 0.8093391488578666 0.4275579048781853
vn -0.46712730434951844 0.8007354295316855 0.37498647098776733
vn 0.2577254997626375 0.9438273376381889 0.20680310321391973
vn 0.3692785671886762 0.8807710371413675 0.29643839148800893
vn 0.19082085835178786 0.9685210734067188 0.1598572187453047
vn 0.1770901867817665 0.9693540464253133 0.1702697813015293
vn -0.1770901867817665 0.9693540464253133 0.1702697813015293
vn -0.19082085835178786 0.9685210734067188 0.1598572187453047
vn -0.2907718618910167 0.9407065264841588 0.1747082006161712
vn -0.4138479478783561 0.8750078383864138 0.2511795349928194
vn 0 0.11440049766486758 0.9934347115608709
vn -0.01625723798883077 0.11434257196854644 0.9933083501353406
vn 0.015933247571452255 0.2280774764492793 0.9735126071902486
vn -0.11512489916815048 0.22752228688502765 0.9669435694817615
vn 0.11119642514962826 0.33967124811190147 0.9339479633470199
vn -0.2673422323977759 0.33606674162887795 0.90309870775432
vn 0.2541636275247669 0.44524229194727966 0.8585803118549742
vn -0.3923604602103401 0.43794319503281004 0.808862798741532
vn 0.3663912672629527 0.5433594871695827 0.755326357925007
vn -0.48315813720405526 0.5332007640070012 0.6944459372160352
vn 0.44140470419407657 0.6345517319859132 0.634433595066511
vn -0.5361922065377042 0.6232178656840643 0.5692955379593517
vn 0.4757194625149911 0.7201220524857693 0.5050893213166664
vn -0.549540346020215 0.7095053070818077 0.44114354502670894
vn 0.46712730434951844 0.8007354295316855 0.37498647098776733
vn -0.5214692401106868 0.7924003338771897 0.3164988822882342
vn 0.2907718618910167 0.9407065264841588 0.1747082006161712
vn 0.4138479478783561 0.8750078383864138 0.2511795349928194
vn 0.22527677263939047 0.9660760837904482 0.12628292060802015
vn -0.22527677263939047 0.9660760837904482 0.12628292060802015
vn -0.3041652003272451 0.9393227309530103 0.1586074967486266
vn -0.43388194636490635 0.8718051908600868 0.227381102574529
vn 0 0.028622939034338324 0.9995902797451746
vn -0.01635785754107424 0.02861621316651257 0.9994566187887669
vn 0.01625723798883077 0.11434257196854644 0.9933083501353406
vn -0.11745406486377828 0.11405975257906362 0.9865064193853874
vn 0.11512489916815048 0.22752228688502765 0.9669435694817615
vn -0.27657744347248414 0.2249372048177162 0.9342955483416463
vn 0.2673422323977759 0.33606674162887795 0.90309870775432
vn -0.41199278185099436 0.3299870682235435 0.8493353180622535
vn 0.3923604602103401 0.43794319503281004 0.808862798741532
vn -0.5160027633066131 0.4285917808008382 0.7416537154831128
vn 0.48315813720405526 0.5332007640070012 0.6944459372160352
vn -0.5848640491930102 0.5218500823900307 0.6209722501618525
vn 0.5361922065377042 0.6232178656840643 0.5692955379593517
vn -0.6169605435336135 0.611614385070495 0.4952651125382732
vn 0.549540346020215 0.7095053070818077 0.44114354502670894
vn -0.6105529017418103 0.6996397584894449 0.37111906784142273
vn 0.5214692401106868 0.7924003338771897 0.3164988822882342
vn -0.5455428609358269 0.7878103067232495 0.28589842165106916
vn 0.3041652003272451 0.9393227309530103 0.1586074967486266
vn 0.43388194636490635 0.8718051908600868 0.227381102574529
vn 0.23050876078089796 0.9657507740721134 0.11912662835138317
vn -0.23050876078089796 0.9657507740721134 0.11912662835138317
vn -0.33576609315235084 0.936079769673754 0.10495615987991654
vn -0.4661275974040353 0.8669706397728671 0.17631498152501726
vn -0.327011606679841 0.9368902117972673 0.12369373522996603
vn -0.4781798642767738 0.8654489416107464 0.14947289675752395
vn 0 0 1
vn -0.016364563737152036 0 0.9998660915611113
vn 0.01635785754107424 0.02861621316651257 0.9994566187887669
vn -0.11817731825326294 0.02857860090242531 0.9925811730135361
vn 0.11745406486377828 0.11405975257906362 0.9865064193853874
vn -0.28204279615897543 0.11271179050970617 0.9527580560745329
vn 0.27657744347248414 0.2249372048177162 0.9342955483416463
vn -0.4256887260811248 0.2205902169599626 0.8775699770781734
vn 0.41199278185099436 0.3299870682235435 0.8493353180622535
vn -0.5406513410825158 0.3222433092125318 0.7770813194598322
vn 0.5160027633066131 0.4285917808008382 0.7416537154831128
vn -0.6227813970236085 0.41823149404908594 0.6612304809268794
vn 0.5848640491930102 0.5218500823900307 0.6209722501618525
vn -0.6706204489625065 0.5103504743682066 0.5383406047712476
vn 0.6169605435336135 0.611614385070495 0.4952651125382732
vn -0.6826094234396127 0.6010186290500685 0.4157174311551244
vn 0.6105529017418103 0.6996397584894449 0.37111906784142273
vn -0.6369413617596695 0.6944172836389305 0.33479895140706023
vn 0.5455428609358269 0.7878103067232495 0.28589842165106916
vn -0.5842132563145486 0.7809366544001406 0.2209814765102872
vn -0.598719673885665 0.7787867907365833 0.187152041603762
vn 0.33576609315235084 0.936079769673754 0.10495615987991654
vn 0.4661275974040353 0.8669706397728671 0.17631498152501726
vn 0.4781798642767738 0.8654489416107464 0.14947289675752395
vn 0.327011606679841 0.9368902117972673 0.12369373522996603
vn 0.17511644075059885 0.9830248521306358 0.054739129262199995
vn 0.1704431822595609 0.9832561306797942 0.0644709477348792
vn -0.25386323805941596 0.9639794277916213 0.0793543896487554
vn -0.24715267110084688 0.9644562188829553 0.0934866783328494
vn -0.34993028890892053 0.9343943223378437 0.06675360130301197
vn -0.49743261037591013 0.8622971642229108 0.09489151019840783
vn 0.016364563737152036 0 0.9998660915611113
vn -0.11822562079870684 0 0.9929867585153189
vn 0.11817731825326294 0.02857860090242531 0.9925811730135361
vn -0.28373840341631484 0.02823676143244446 0.9584858912527444
vn 0.28204279615897543 0.11271179050970617 0.9527580560745329
vn -0.4337694861054511 0.11044925499429493 0.8942287151478743
vn 0.4256887260811248 0.2205902169599626 0.8775699770781734
vn -0.5577506819617412 0.21507678402392705 0.801658377206362
vn 0.5406513410825158 0.3222433092125318 0.7770813194598322
vn -0.6510116989592766 0.31372180861241805 0.6912035840612442
vn 0.6227813970236085 0.41823149404908594 0.6612304809268794
vn -0.712023211650196 0.40782723146615757 0.571576674949205
vn 0.6706204489625065 0.5103504743682066 0.5383406047712476
vn -0.7396576790214799 0.4993852656743125 0.4511328787529831
vn 0.6826094234396127 0.6010186290500685 0.4157174311551244
vn -0.7353163003624857 0.5914137411922612 0.3309678612043766
vn -0.7093816861118748 0.5971696989915437 0.3743874650885402
vn 0.6369413617596695 0.6944172836389305 0.33479895140706023
vn -0.6809279597577221 0.6855638272761552 0.2575642683887961
vn -0.6971491096466241 0.6830037083813927 0.21791983217730493
vn 0.5842132563145486 0.7809366544001406 0.2209814765102872
vn 0.598719673885665 0.7787867907365833 0.187152041603762
vn -0.6215442865334431 0.7743542292467888 0.11856739655252978
vn 0.34993028890892053 0.9343943223378437 0.06675360130301197
vn 0.49743261037591013 0.8622971642229108 0.09489151019840783
vn 0.18274312486921876 0.9825424636290958 0.034860543293242036
vn 0.09270633649099067 0.9956849699427746 0.004120170442528046
vn -0.26477651215946213 0.9629860819191552 0.050509450983592614
vn -0.3576784153816072 0.9334415181997877 0.02744236270764783
vn -0.5079185106477166 0.86052320011008 0.03896932914116494
vn 0.11822562079870684 0 0.9929867585153189
vn -0.2838516675452952 0 0.9588682030559547
vn 0.28373840341631484 0.02823676143244446 0.9584858912527444
vn -0.43627277648058715 0.027663317858517725 0.8993891289908823
vn 0.4337694861054511 0.11044925499429493 0.8942287151478743
vn -0.5678014891024559 0.1075869503960706 0.8161044768150134
vn 0.5577506819617412 0.21507678402392705 0.801658377206362
vn -0.6704781888449266 0.20903900648979445 0.7118719632412746
vn 0.6510116989592766 0.31372180861241805 0.6912035840612442
vn -0.7426092170494979 0.30522296703359414 0.5961295925789467
vn 0.712023211650196 0.40782723146615757 0.571576674949205
vn -0.7837466177889145 0.3976941641796153 0.4770540754274237
vn 0.7396576790214799 0.4993852656743125 0.4511328787529831
vn -0.8060109565983288 0.4894850086722031 0.3327923739039405
vn -0.7827180157658776 0.491877311356282 0.38132560675680127
vn 0.7093816861118748 0.5971696989915437 0.3743874650885402
vn 0.7353163003624857 0.5914137411922612 0.3309678612043766
vn -0.7753128135914283 0.5832282126792077 0.24235282753861156
vn 0.6809279597577221 0.6855638272761552 0.2575642683887961
vn 0.6971491096466241 0.6830037083813927 0.21791983217730493
vn -0.7222689797059777 0.6777489708391794 0.13778190549168362
vn 0.6215442865334431 0.7743542292467888 0.11856739655252978
vn -0.6339157665052996 0.7718713057688881 0.04863628590497232
vn 0.3576784153816072 0.9334415181997877 0.02744236270764783
vn 0.5079185106477166 0.86052320011008 0.03896932914116494
vn 0.18703231405325074 0.9822505510542255 0.014239678843152224
vn -0.21640300728736983 0.9761912150096066 0.014847564616814848
vn -0.35640918818556117 0.9342997114220857 0.007519296078541407
vn -0.5079310208718084 0.8613310891820779 0.010716008797040068
vn 0.2838516675452952 0 0.9588682030559547
vn -0.4364397623768925 0 0.8997334793239615
vn 0.43627277648058715 0.027663317858517725 0.8993891289908823
vn -0.5709091857124975 0.026938447912335538 0.8205711557769793
vn 0.5678014891024559 0.1075869503960706 0.8161044768150134
vn -0.6818743791396127 0.10446160918463442 0.7239717558575917
vn 0.6704781888449266 0.20903900648979445 0.7118719632412746
vn -0.7635771264765729 0.20304696393297414 0.6129615831023841
vn 0.7426092170494979 0.30522296703359414 0.5961295925789467
vn -0.816173900985742 0.29727630012099887 0.49546641130967306
vn 0.7837466177889145 0.3976941641796153 0.4770540754274237
vn -0.826969594440659 0.3910630010050244 0.4039690818807748
vn 0.7827180157658776 0.491877311356282 0.38132560675680127
vn 0.8060109565983288 0.4894850086722031 0.3327923739039405
vn -0.8358949304910744 0.48270817230973495 0.2612900410745063
vn 0.7753128135914283 0.5832282126792077 0.24235282753861156
vn -0.8017952650739675 0.577693584870799 0.15295252500070483
vn 0.7222689797059777 0.6777489708391794 0.13778190549168362
vn -0.7358204134508317 0.6748193663600955 0.056454777781923135
vn 0.6339157665052996 0.7718713057688881 0.04863628590497232
vn -0.6349266552048916 0.7724562828491038 0.013395282650018861
vn 0.35640918818556117 0.9342997114220857 0.007519296078541407
vn 0.5079310208718084 0.8613310891820779 0.010716008797040068
vn 0.18443868970566848 0.9828371566171977 0.0036733244177228623
vn -0.18443868970566848 0.9828371566171977 0.0036733244177228623
vn 0.4364397623768925 0 0.8997334793239615
vn -0.5711164607910132 0 0.8208690444970788
vn 0.5709091857124975 0.026938447912335538 0.8205711557769793
vn -0.6853910889819365 0.026147684111387307 0.7277055405586565
vn 0.6818743791396127 0.10446160918463442 0.7239717558575917
vn -0.7758046390989223 0.10136911130909725 0.6227772195777515
vn 0.7635771264765729 0.20304696393297414 0.6129615831023841
vn -0.8380199797699809 0.19754232588506596 0.5086251497814861
vn 0.816173900985742 0.29727630012099887 0.49546641130967306
vn -0.8577773628761867 0.34082480820141964 0.38478103624222526
vn -0.8514342999706245 0.388827225015504 0.3519559942951325
vn -0.8730860161366412 0.2905449624141088 0.3915411003233669
vn 0.826969594440659 0.3910630010050244 0.4039690818807748
vn 0.8358949304910744 0.48270817230973495 0.2612900410745063
vn -0.8816076505964863 0.3831762801511889 0.2755791877831874
vn -0.8631239738250052 0.47739587685984536 0.16465170076786617
vn -0.841534076298199 0.43645889886138795 0.318314354111846
vn 0.8017952650739675 0.577693584870799 0.15295252500070483
vn -0.816021472753445 0.5746209052559248 0.06260807654097085
vn 0.7358204134508317 0.6748193663600955 0.056454777781923135
vn -0.7375313693185912 0.6751335917650395 0.015559965985854315
vn 0.6349266552048916 0.7724562828491038 0.013395282650018861
vn 0.09335607942213175 0.995631606311711 0.001531975225301091
vn -0.09335607942213175 0.995631606311711 0.001531975225301091
vn 0.5711164607910132 0 0.8208690444970788
vn -0.6856255128057257 0 0.7279544327702702
vn 0.6853910889819365 0.026147684111387307 0.7277055405586565
vn -0.7795706687379653 0.02536595530780856 0.6258004000915658
vn 0.7758046390989223 0.10136911130909725 0.6227772195777515
vn -0.8507054550300623 0.09853593724646009 0.5163244114440615
vn 0.8380199797699809 0.19754232588506596 0.5086251497814861
vn -0.8953600927077068 0.19283340864577617 0.4014294220613357
vn 0.8577773628761867 0.34082480820141964 0.38478103624222526
vn 0.8514342999706245 0.388827225015504 0.3519559942951325
vn 0.8730860161366412 0.2905449624141088 0.3915411003233669
vn -0.9147846067205085 0.2853099587496775 0.28594990950420246
vn -0.8956999060018025 0.2879832088265883 0.33880281849816984
vn 0.8816076505964863 0.3831762801511889 0.2755791877831874
vn 0.8631239738250052 0.47739587685984536 0.16465170076786617
vn 0.841534076298199 0.43645889886138795 0.318314354111846
vn -0.9092082855985966 0.3784941879914606 0.1734429100757521
vn -0.8776991325699751 0.4744570877908861 0.06734021481183894
vn 0.816021472753445 0.5746209052559248 0.06260807654097085
vn -0.780404611236939 0.6250580480536194 0.016464486737257603
vn -0.8181830514951423 0.574698646935377 0.017261502157823613
vn 0.7375313693185912 0.6751335917650395 0.015559965985854315
vn 0.6856255128057257 0 0.7279544327702702
vn -0.7798215900684266 0 0.626001827204323
vn 0.7795706687379653 0.02536595530780856 0.6258004000915658
vn -0.8546058869519161 0.024650388835158604 0.5186917546263912
vn 0.8507054550300623 0.09853593724646009 0.5163244114440615
vn -0.9082612171860802 0.09611805042203185 0.40721355790141367
vn 0.8953600927077068 0.19283340864577617 0.4014294220613357
vn -0.9181135328766297 0.1909542117016373 0.3472809090379146
vn 0.9147846067205085 0.2853099587496775 0.28594990950420246
vn 0.8956999060018025 0.2879832088265883 0.33880281849816984
vn -0.9425465938269272 0.2815616416620036 0.17980255951975482
vn -0.9372325863715646 0.18911771717437395 0.29296683787422234
vn 0.9092082855985966 0.3784941879914606 0.1734429100757521
vn 0.8776991325699751 0.4744570877908861 0.06734021481183894
vn -0.9239402141705867 0.3759113899687905 0.07088799284887538
vn -0.8512894109329329 0.5243889572644399 0.01795996471526752
vn -0.880129882868221 0.4743696903510045 0.018568418313459782
vn 0.780404611236939 0.6250580480536194 0.016464486737257603
vn 0.8181830514951423 0.574698646935377 0.017261502157823613
vn 0.7798215900684266 0 0.626001827204323
vn -0.8548656510261665 0 0.5188494181317045
vn 0.8546058869519161 0.024650388835158604 0.5186917546263912
vn -0.9122223608411775 0.02404016159385701 0.4089895292203579
vn 0.9082612171860802 0.09611805042203185 0.40721355790141367
vn -0.9310811051402619 0.09514742881004536 0.35218594867147385
vn 0.9181135328766297 0.1909542117016373 0.3472809090379146
vn 0.9372325863715646 0.18911771717437395 0.29296683787422234
vn 0.9425465938269272 0.2815616416620036 0.17980255951975482
vn -0.9573326222267129 0.27949839087536577 0.07344998242754736
vn -0.9650502817800488 0.1865122247196878 0.18409547432340903
vn -0.9502108684884258 0.09421379952370794 0.2970236781567724
vn 0.9239402141705867 0.3759113899687905 0.07088799284887538
vn 0.8512894109329329 0.5243889572644399 0.01795996471526752
vn 0.880129882868221 0.4743696903510045 0.018568418313459782
vn -0.9265201804294068 0.3757369620819701 0.0195471374495507
vn 0.8548656510261665 0 0.5188494181317045
vn -0.9124860698083576 0 0.4091077760269258
vn 0.9122223608411775 0.02404016159385701 0.4089895292203579
vn -0.9350604338468392 0.023760352378881366 0.35369115158424863
vn 0.9310811051402619 0.09514742881004536 0.35218594867147385
vn 0.9650502817800488 0.1865122247196878 0.18409547432340903
vn 0.9502108684884258 0.09421379952370794 0.2970236781567724
vn 0.9573326222267129 0.27949839087536577 0.07344998242754736
vn -0.9599885682005729 0.27930584588042867 0.02025323137754078
vn -0.9798437217282177 0.18508020633580735 0.07517711229150886
vn -0.9780406735788278 0.09288037952851526 0.18657351345813072
vn -0.9541913536036605 0.02355984646467929 0.29826799081124133
vn 0.9265201804294068 0.3757369620819701 0.0195471374495507
vn 0.9124860698083576 0 0.4091077760269258
vn -0.9544562934835922 0 0.2983507731338444
vn -0.9353244809467125 0 0.3537910617041683
vn 0.9350604338468392 0.023760352378881366 0.35369115158424863
vn 0.9798437217282177 0.18508020633580735 0.07517711229150886
vn 0.9780406735788278 0.09288037952851526 0.18657351345813072
vn 0.9541913536036605 0.02355984646467929 0.29826799081124133
vn 0.9599885682005729 0.27930584588042867 0.02025323137754078
vn -0.9825344533579992 0.1849225810342078 0.020728892593304505
vn -0.9928274526621776 0.09214815260402562 0.07617327098134005
vn -0.9820219004706222 0.023223660781817243 0.18733298848830202
vn 0.9544562934835922 0 0.2983507731338444
vn 0.9353244809467125 0 0.3537910617041683
vn -0.9822868178673818 0 0.18738358370992214
vn 0.9825344533579992 0.1849225810342078 0.020728892593304505
vn 0.9928274526621776 0.09214815260402562 0.07617327098134005
vn 0.9820219004706222 0.023223660781817243 0.18733298848830202
vn -0.9955318714866073 0.09206064650236029 0.021003100245936976
vn -0.9968050203174382 0.023039099100298353 0.07647843737026712
vn 0.9822868178673818 0 0.18738358370992214
vn -0.9970696771223222 0 0.07649875138319759
vn 0.9955318714866073 0.09206064650236029 0.021003100245936976
vn 0.9968050203174382 0.023039099100298353 0.07647843737026712
vn -0.9995134343153877 0.022983233043589305 0.021087096099824086
vn 0.9970696771223222 0 0.07649875138319759
vn -0.9997775248566733 0 0.021092671510843694
vn 0.9995134343153877 0.022983233043589305 0.021087096099824086
vn 0.9997775248566733 0 0.021092671510843694
vn 0.007011768279484346 -0.9035547296422034 -0.4284153191084554
vn 0.004802237265725562 -0.9559733650073988 -0.2934141508408793
vn 0 -0.9037851353845701 -0.42798648233080244
vn 0 -0.9561437361854688 -0.2928978589086861
vn 0.009021439088488993 -0.8343209923119246 -0.5512051300781026
vn 0 -0.8345883825677686 -0.5508740615448469
vn -0.004802237265725562 -0.9559733650073988 -0.2934141508408793
vn -0.007011768279484346 -0.9035547296422034 -0.4284153191084554
vn 0.002445509605054336 -0.9887708841278311 -0.14941940363901512
vn 0 -0.9888620307208971 -0.14883509061556513
vn 0.05091389402691653 -0.902518918743962 -0.427629953001711
vn 0.034982989302229414 -0.9552188342078327 -0.29382506570084993
vn 0.010797020189952263 -0.7514584006995532 -0.659692122412484
vn 0 -0.751739595053423 -0.6594600679562909
vn -0.009021439088488993 -0.8343209923119246 -0.5512051300781026
vn 0.06539318166066783 -0.8331003324762168 -0.5492427221368635
vn -0.034982989302229414 -0.9552188342078327 -0.29382506570084993
vn -0.05091389402691653 -0.902518918743962 -0.427629953001711
vn -0.002445509605054336 -0.9887708841278311 -0.14941940363901512
vn 0.0012227652751494594 -0.9972045296503586 -0.07471031314275725
vn 0 -0.9972043138728748 -0.07472319849503936
vn 0.018818541829963755 -0.984377922585451 -0.1750598983483812
vn 0.12344308969359709 -0.9004855096140433 -0.4169983819897091
vn 0.08491883530048998 -0.9542009955908097 -0.28686103155485565
vn 0.012321340140531488 -0.6581027306288579 -0.7528273245014305
vn 0 -0.6583769658857928 -0.7526883623326575
vn -0.010797020189952263 -0.7514584006995532 -0.659692122412484
vn 0.0781779786543941 -0.7501560543575458 -0.6566232540538234
vn -0.06539318166066783 -0.8331003324762168 -0.5492427221368635
vn 0.1583175209749798 -0.8300107505764222 -0.5348062419978855
vn -0.08491883530048998 -0.9542009955908097 -0.28686103155485565
vn -0.12344308969359709 -0.9004855096140433 -0.4169983819897091
vn -0.022537140675159155 -0.9883881067320834 -0.15026984980612695
vn -0.0012227652751494594 -0.9972045296503586 -0.07471031314275725
vn 0.0024455278333221243 -0.9972032540802102 -0.07469731886390808
vn 0.06367383061244451 -0.9745153541668127 -0.21509409054706552
vn 0.19297565111344134 -0.8969368373672597 -0.39782497137681216
vn 0.13302748061513583 -0.9524159046277314 -0.2742401028539221
vn 0 -0.5572926881218928 -0.8303161203817945
vn 0.013590511821597021 -0.5570425829630782 -0.830372722790344
vn -0.012321340140531488 -0.6581027306288579 -0.7528273245014305
vn 0.08914813223622413 -0.6568158963382583 -0.7487626385151459
vn -0.0781779786543941 -0.7501560543575458 -0.6566232540538234
vn 0.18896963652082244 -0.7461893629979813 -0.6383509309320816
vn -0.1583175209749798 -0.8300107505764222 -0.5348062419978855
vn 0.24686858253000632 -0.8246509754139453 -0.5089269807236146
vn -0.13302748061513583 -0.9524159046277314 -0.2742401028539221
vn -0.19297565111344134 -0.8969368373672597 -0.39782497137681216
vn -0.04979599395817213 -0.9879372159127958 -0.14663020289214404
vn -0.0024455278333221243 -0.9972032540802102 -0.07469731886390808
vn -0.00719674016617391 -0.9972247020671794 -0.07410196028450303
vn 0.09982836001122593 -0.9734890988953387 -0.20579910803842286
vn 0.25795151846903014 -0.8921891596541489 -0.37075533376493025
vn 0.17831325477710466 -0.9500102310248173 -0.2562907413836263
vn 0.0146092852426236 -0.4505736493658701 -0.8926197148180302
vn 0 -0.45078665577020616 -0.8926317219209239
vn -0.013590511821597021 -0.5570425829630782 -0.830372722790344
vn 0.09827851825780039 -0.555854834701582 -0.8254494143119421
vn -0.08914813223622413 -0.6568158963382583 -0.7487626385151459
vn 0.21514589416354837 -0.6523103995768469 -0.7267760224639097
vn -0.18896963652082244 -0.7461893629979813 -0.6383509309320816
vn 0.2938629802695078 -0.7393524744204768 -0.6058072856902937
vn -0.24686858253000632 -0.8246509754139453 -0.5089269807236146
vn 0.32888725070290137 -0.8175431980827017 -0.4727116410601659
vn -0.17831325477710466 -0.9500102310248173 -0.2562907413836263
vn -0.25795151846903014 -0.8921891596541489 -0.37075533376493025
vn -0.06878651314567856 -0.9875017196300314 -0.14180539248205737
vn -0.08676271224001103 -0.9870493237474006 -0.1349291082552466
vn -0.12372941121530229 -0.9817125033656061 -0.1446775502140864
vn 0.13396007543527835 -0.9721020760818071 -0.1925415588043653
vn 0.3170618666002648 -0.8866496550603538 -0.3366365427717432
vn 0.21910648327880916 -0.9471243819510887 -0.23440937289059333
vn 0 -0.3406437671689219 -0.9401924398169585
vn 0.01538682567083169 -0.34047710096796097 -0.9401269006427952
vn -0.0146092852426236 -0.4505736493658701 -0.8926197148180302
vn 0.10560552896263305 -0.4495518687647512 -0.8869896220039118
vn -0.09827851825780039 -0.555854834701582 -0.8254494143119421
vn 0.23683228961018743 -0.5512310875230215 -0.8000342209844422
vn -0.21514589416354837 -0.6523103995768469 -0.7267760224639097
vn 0.33366896198129103 -0.6445944907573339 -0.6878684222259525
vn -0.2938629802695078 -0.7393524744204768 -0.6058072856902937
vn 0.3901014339383647 -0.730370975257642 -0.5606952021735451
vn -0.32888725070290137 -0.8175431980827017 -0.4727116410601659
vn 0.4026963869991893 -0.8093391488578666 -0.4275579048781853
vn -0.21910648327880916 -0.9471243819510887 -0.23440937289059333
vn -0.3170618666002648 -0.8866496550603538 -0.3366365427717432
vn 0.16377275018810247 -0.9703768148176072 -0.17761566248577432
vn 0.3692785671886762 -0.8807710371413675 -0.29643839148800893
vn 0.2577254997626375 -0.9438273376381889 -0.20680310321391973
vn 0.015933247571452255 -0.2280774764492793 -0.9735126071902486
vn 0 -0.22819160080807707 -0.9736162454071149
vn -0.01538682567083169 -0.34047710096796097 -0.9401269006427952
vn 0.11119642514962826 -0.33967124811190147 -0.9339479633470199
vn -0.10560552896263305 -0.4495518687647512 -0.8869896220039118
vn 0.2541636275247669 -0.44524229194727966 -0.8585803118549742
vn -0.23683228961018743 -0.5512310875230215 -0.8000342209844422
vn 0.3663912672629527 -0.5433594871695827 -0.755326357925007
vn -0.33366896198129103 -0.6445944907573339 -0.6878684222259525
vn 0.44140470419407657 -0.6345517319859132 -0.634433595066511
vn -0.3901014339383647 -0.730370975257642 -0.5606952021735451
vn 0.4757194625149911 -0.7201220524857693 -0.5050893213166664
vn -0.4026963869991893 -0.8093391488578666 -0.4275579048781853
vn 0.46712730434951844 -0.8007354295316855 -0.37498647098776733
vn -0.2577254997626375 -0.9438273376381889 -0.20680310321391973
vn -0.3692785671886762 -0.8807710371413675 -0.29643839148800893
vn -0.1770901867817665 -0.9693540464253133 -0.1702697813015293
vn -0.19082085835178786 -0.9685210734067188 -0.1598572187453047
vn 0.19082085835178786 -0.9685210734067188 -0.1598572187453047
vn 0.1770901867817665 -0.9693540464253133 -0.1702697813015293
vn 0.4138479478783561 -0.8750078383864138 -0.2511795349928194
vn 0.2907718618910167 -0.9407065264841588 -0.1747082006161712
vn 0.01625723798883077 -0.11434257196854644 -0.9933083501353406
vn 0 -0.11440049766486758 -0.9934347115608709
vn -0.015933247571452255 -0.2280774764492793 -0.9735126071902486
vn 0.11512489916815048 -0.22752228688502765 -0.9669435694817615
vn -0.11119642514962826 -0.33967124811190147 -0.9339479633470199
vn 0.2673422323977759 -0.33606674162887795 -0.90309870775432
vn -0.2541636275247669 -0.44524229194727966 -0.8585803118549742
vn 0.3923604602103401 -0.43794319503281004 -0.808862798741532
vn -0.3663912672629527 -0.5433594871695827 -0.755326357925007
vn 0.48315813720405526 -0.5332007640070012 -0.6944459372160352
vn -0.44140470419407657 -0.6345517319859132 -0.634433595066511
vn 0.5361922065377042 -0.6232178656840643 -0.5692955379593517
vn -0.4757194625149911 -0.7201220524857693 -0.5050893213166664
vn 0.549540346020215 -0.7095053070818077 -0.44114354502670894
vn -0.46712730434951844 -0.8007354295316855 -0.37498647098776733
vn 0.5214692401106868 -0.7924003338771897 -0.3164988822882342
vn -0.2907718618910167 -0.9407065264841588 -0.1747082006161712
vn -0.4138479478783561 -0.8750078383864138 -0.2511795349928194
vn -0.22527677263939047 -0.9660760837904482 -0.12628292060802015
vn 0.22527677263939047 -0.9660760837904482 -0.12628292060802015
vn 0.43388194636490635 -0.8718051908600868 -0.227381102574529
vn 0.3041652003272451 -0.9393227309530103 -0.1586074967486266
vn 0.01635785754107424 -0.02861621316651257 -0.9994566187887669
vn 0 -0.028622939034338324 -0.9995902797451746
vn -0.01625723798883077 -0.11434257196854644 -0.9933083501353406
vn 0.11745406486377828 -0.11405975257906362 -0.9865064193853874
vn -0.11512489916815048 -0.22752228688502765 -0.9669435694817615
vn 0.27657744347248414 -0.2249372048177162 -0.9342955483416463
vn -0.2673422323977759 -0.33606674162887795 -0.90309870775432
vn 0.41199278185099436 -0.3299870682235435 -0.8493353180622535
vn -0.3923604602103401 -0.43794319503281004 -0.808862798741532
vn 0.5160027633066131 -0.4285917808008382 -0.7416537154831128
vn -0.48315813720405526 -0.5332007640070012 -0.6944459372160352
vn 0.5848640491930102 -0.5218500823900307 -0.6209722501618525
vn -0.5361922065377042 -0.6232178656840643 -0.5692955379593517
vn 0.6169605435336135 -0.611614385070495 -0.4952651125382732
vn -0.549540346020215 -0.7095053070818077 -0.44114354502670894
vn 0.6105529017418103 -0.6996397584894449 -0.37111906784142273
vn -0.5214692401106868 -0.7924003338771897 -0.3164988822882342
vn 0.5455428609358269 -0.7878103067232495 -0.28589842165106916
vn -0.3041652003272451 -0.9393227309530103 -0.1586074967486266
vn -0.43388194636490635 -0.8718051908600868 -0.227381102574529
vn -0.23050876078089796 -0.9657507740721134 -0.11912662835138317
vn 0.23050876078089796 -0.9657507740721134 -0.11912662835138317
vn 0.4781798642767738 -0.8654489416107464 -0.14947289675752395
vn 0.33576609315235084 -0.936079769673754 -0.10495615987991654
vn 0.4661275974040353 -0.8669706397728671 -0.17631498152501726
vn 0.327011606679841 -0.9368902117972673 -0.12369373522996603
vn 0.016364563737152036 0 -0.9998660915611113
vn 0 0 -1
vn -0.01635785754107424 -0.02861621316651257 -0.9994566187887669
vn 0.11817731825326294 -0.02857860090242531 -0.9925811730135361
vn -0.11745406486377828 -0.11405975257906362 -0.9865064193853874
vn 0.28204279615897543 -0.11271179050970617 -0.9527580560745329
vn -0.27657744347248414 -0.2249372048177162 -0.9342955483416463
vn 0.4256887260811248 -0.2205902169599626 -0.8775699770781734
vn -0.41199278185099436 -0.3299870682235435 -0.8493353180622535
vn 0.5406513410825158 -0.3222433092125318 -0.7770813194598322
vn -0.5160027633066131 -0.4285917808008382 -0.7416537154831128
vn 0.6227813970236085 -0.41823149404908594 -0.6612304809268794
vn -0.5848640491930102 -0.5218500823900307 -0.6209722501618525
vn 0.6706204489625065 -0.5103504743682066 -0.5383406047712476
vn -0.6169605435336135 -0.611614385070495 -0.4952651125382732
vn 0.6826094234396127 -0.6010186290500685 -0.4157174311551244
vn -0.6105529017418103 -0.6996397584894449 -0.37111906784142273
vn 0.6369413617596695 -0.6944172836389305 -0.33479895140706023
vn -0.5455428609358269 -0.7878103067232495 -0.28589842165106916
vn 0.598719673885665 -0.7787867907365833 -0.187152041603762
vn 0.5842132563145486 -0.7809366544001406 -0.2209814765102872
vn -0.327011606679841 -0.9368902117972673 -0.12369373522996603
vn -0.33576609315235084 -0.936079769673754 -0.10495615987991654
vn -0.4661275974040353 -0.8669706397728671 -0.17631498152501726
vn -0.4781798642767738 -0.8654489416107464 -0.14947289675752395
vn -0.1704431822595609 -0.9832561306797942 -0.0644709477348792
vn -0.17511644075059885 -0.9830248521306358 -0.054739129262199995
vn 0.25386323805941596 -0.9639794277916213 -0.0793543896487554
vn 0.24715267110084688 -0.9644562188829553 -0.0934866783328494
vn 0.49743261037591013 -0.8622971642229108 -0.09489151019840783
vn 0.34993028890892053 -0.9343943223378437 -0.06675360130301197
vn -0.016364563737152036 0 -0.9998660915611113
vn 0.11822562079870684 0 -0.9929867585153189
vn -0.11817731825326294 -0.02857860090242531 -0.9925811730135361
vn 0.28373840341631484 -0.02823676143244446 -0.9584858912527444
vn -0.28204279615897543 -0.11271179050970617 -0.9527580560745329
vn 0.4337694861054511 -0.11044925499429493 -0.8942287151478743
vn -0.4256887260811248 -0.2205902169599626 -0.8775699770781734
vn 0.5577506819617412 -0.21507678402392705 -0.801658377206362
vn -0.5406513410825158 -0.3222433092125318 -0.7770813194598322
vn 0.6510116989592766 -0.31372180861241805 -0.6912035840612442
vn -0.6227813970236085 -0.41823149404908594 -0.6612304809268794
vn 0.712023211650196 -0.40782723146615757 -0.571576674949205
vn -0.6706204489625065 -0.5103504743682066 -0.5383406047712476
vn 0.7396576790214799 -0.4993852656743125 -0.4511328787529831
vn -0.6826094234396127 -0.6010186290500685 -0.4157174311551244
vn 0.7093816861118748 -0.5971696989915437 -0.3743874650885402
vn 0.7353163003624857 -0.5914137411922612 -0.3309678612043766
vn -0.6369413617596695 -0.6944172836389305 -0.33479895140706023
vn 0.6971491096466241 -0.6830037083813927 -0.21791983217730493
vn 0.6809279597577221 -0.6855638272761552 -0.2575642683887961
vn -0.5842132563145486 -0.7809366544001406 -0.2209814765102872
vn -0.598719673885665 -0.7787867907365833 -0.187152041603762
vn 0.6215442865334431 -0.7743542292467888 -0.11856739655252978
vn -0.34993028890892053 -0.9343943223378437 -0.06675360130301197
vn -0.49743261037591013 -0.8622971642229108 -0.09489151019840783
vn -0.18274312486921876 -0.9825424636290958 -0.034860543293242036
vn -0.09270633649099067 -0.9956849699427746 -0.004120170442528046
vn 0.26477651215946213 -0.9629860819191552 -0.050509450983592614
vn 0.5079185106477166 -0.86052320011008 -0.03896932914116494
vn 0.3576784153816072 -0.9334415181997877 -0.02744236270764783
vn -0.11822562079870684 0 -0.9929867585153189
vn 0.2838516675452952 0 -0.9588682030559547
vn -0.28373840341631484 -0.02823676143244446 -0.9584858912527444
vn 0.43627277648058715 -0.027663317858517725 -0.8993891289908823
vn -0.4337694861054511 -0.11044925499429493 -0.8942287151478743
vn 0.5678014891024559 -0.1075869503960706 -0.8161044768150134
vn -0.5577506819617412 -0.21507678402392705 -0.801658377206362
vn 0.6704781888449266 -0.20903900648979445 -0.7118719632412746
vn -0.6510116989592766 -0.31372180861241805 -0.6912035840612442
vn 0.7426092170494979 -0.30522296703359414 -0.5961295925789467
vn -0.712023211650196 -0.40782723146615757 -0.571576674949205
vn 0.7837466177889145 -0.3976941641796153 -0.4770540754274237
vn -0.7396576790214799 -0.4993852656743125 -0.4511328787529831
vn 0.7827180157658776 -0.491877311356282 -0.38132560675680127
vn 0.8060109565983288 -0.4894850086722031 -0.3327923739039405
vn -0.7093816861118748 -0.5971696989915437 -0.3743874650885402
vn -0.7353163003624857 -0.5914137411922612 -0.3309678612043766
vn 0.7753128135914283 -0.5832282126792077 -0.24235282753861156
vn -0.6809279597577221 -0.6855638272761552 -0.2575642683887961
vn -0.6971491096466241 -0.6830037083813927 -0.21791983217730493
vn 0.7222689797059777 -0.6777489708391794 -0.13778190549168362
vn -0.6215442865334431 -0.7743542292467888 -0.11856739655252978
vn 0.6339157665052996 -0.7718713057688881 -0.04863628590497232
vn -0.3576784153816072 -0.9334415181997877 -0.02744236270764783
vn -0.5079185106477166 -0.86052320011008 -0.03896932914116494
vn -0.18703231405325074 -0.9822505510542255 -0.014239678843152224
vn 0.21640300728736983 -0.9761912150096066 -0.014847564616814848
vn 0.5079310208718084 -0.8613310891820779 -0.010716008797040068
vn 0.35640918818556117 -0.9342997114220857 -0.007519296078541407
vn -0.2838516675452952 0 -0.9588682030559547
vn 0.4364397623768925 0 -0.8997334793239615
vn -0.43627277648058715 -0.027663317858517725 -0.8993891289908823
vn 0.5709091857124975 -0.026938447912335538 -0.8205711557769793
vn -0.5678014891024559 -0.1075869503960706 -0.8161044768150134
vn 0.6818743791396127 -0.10446160918463442 -0.7239717558575917
vn -0.6704781888449266 -0.20903900648979445 -0.7118719632412746
vn 0.7635771264765729 -0.20304696393297414 -0.6129615831023841
vn -0.7426092170494979 -0.30522296703359414 -0.5961295925789467
vn 0.816173900985742 -0.29727630012099887 -0.49546641130967306
vn -0.7837466177889145 -0.3976941641796153 -0.4770540754274237
vn 0.826969594440659 -0.3910630010050244 -0.4039690818807748
vn -0.7827180157658776 -0.491877311356282 -0.38132560675680127
vn -0.8060109565983288 -0.4894850086722031 -0.3327923739039405
vn 0.8358949304910744 -0.48270817230973495 -0.2612900410745063
vn -0.7753128135914283 -0.5832282126792077 -0.24235282753861156
vn 0.8017952650739675 -0.577693584870799 -0.15295252500070483
vn -0.7222689797059777 -0.6777489708391794 -0.13778190549168362
vn 0.7358204134508317 -0.6748193663600955 -0.056454777781923135
vn -0.6339157665052996 -0.7718713057688881 -0.04863628590497232
vn 0.6349266552048916 -0.7724562828491038 -0.013395282650018861
vn -0.35640918818556117 -0.9342997114220857 -0.007519296078541407
vn -0.5079310208718084 -0.8613310891820779 -0.010716008797040068
vn -0.18443868970566848 -0.9828371566171977 -0.0036733244177228623
vn 0.18443868970566848 -0.9828371566171977 -0.0036733244177228623
vn -0.4364397623768925 0 -0.8997334793239615
vn 0.5711164607910132 0 -0.8208690444970788
vn -0.5709091857124975 -0.026938447912335538 -0.8205711557769793
vn 0.6853910889819365 -0.026147684111387307 -0.7277055405586565
vn -0.6818743791396127 -0.10446160918463442 -0.7239717558575917
vn 0.7758046390989223 -0.10136911130909725 -0.6227772195777515
vn -0.7635771264765729 -0.20304696393297414 -0.6129615831023841
vn 0.8380199797699809 -0.19754232588506596 -0.5086251497814861
vn -0.816173900985742 -0.29727630012099887 -0.49546641130967306
vn 0.8730860161366412 -0.2905449624141088 -0.3915411003233669
vn 0.8577773628761867 -0.34082480820141964 -0.38478103624222526
vn 0.8514342999706245 -0.388827225015504 -0.3519559942951325
vn -0.826969594440659 -0.3910630010050244 -0.4039690818807748
vn -0.8358949304910744 -0.48270817230973495 -0.2612900410745063
vn 0.8816076505964863 -0.3831762801511889 -0.2755791877831874
vn 0.8631239738250052 -0.47739587685984536 -0.16465170076786617
vn 0.841534076298199 -0.43645889886138795 -0.318314354111846
vn -0.8017952650739675 -0.577693584870799 -0.15295252500070483
vn 0.816021472753445 -0.5746209052559248 -0.06260807654097085
vn -0.7358204134508317 -0.6748193663600955 -0.056454777781923135
vn 0.7375313693185912 -0.6751335917650395 -0.015559965985854315
vn -0.6349266552048916 -0.7724562828491038 -0.013395282650018861
vn -0.09335607942213175 -0.995631606311711 -0.001531975225301091
vn 0.09335607942213175 -0.995631606311711 -0.001531975225301091
vn -0.5711164607910132 0 -0.8208690444970788
vn 0.6856255128057257 0 -0.7279544327702702
vn -0.6853910889819365 -0.026147684111387307 -0.7277055405586565
vn 0.7795706687379653 -0.02536595530780856 -0.6258004000915658
vn -0.7758046390989223 -0.10136911130909725 -0.6227772195777515
vn 0.8507054550300623 -0.09853593724646009 -0.5163244114440615
vn -0.8380199797699809 -0.19754232588506596 -0.5086251497814861
vn 0.8953600927077068 -0.19283340864577617 -0.4014294220613357
vn -0.8730860161366412 -0.2905449624141088 -0.3915411003233669
vn -0.8577773628761867 -0.34082480820141964 -0.38478103624222526
vn -0.8514342999706245 -0.388827225015504 -0.3519559942951325
vn 0.8956999060018025 -0.2879832088265883 -0.33880281849816984
vn 0.9147846067205085 -0.2853099587496775 -0.28594990950420246
vn -0.8816076505964863 -0.3831762801511889 -0.2755791877831874
vn -0.8631239738250052 -0.47739587685984536 -0.16465170076786617
vn -0.841534076298199 -0.43645889886138795 -0.318314354111846
vn 0.9092082855985966 -0.3784941879914606 -0.1734429100757521
vn 0.8776991325699751 -0.4744570877908861 -0.06734021481183894
vn -0.816021472753445 -0.5746209052559248 -0.06260807654097085
vn 0.8181830514951423 -0.574698646935377 -0.017261502157823613
vn 0.780404611236939 -0.6250580480536194 -0.016464486737257603
vn -0.7375313693185912 -0.6751335917650395 -0.015559965985854315
vn -0.6856255128057257 0 -0.7279544327702702
vn 0.7798215900684266 0 -0.626001827204323
vn -0.7795706687379653 -0.02536595530780856 -0.6258004000915658
vn 0.8546058869519161 -0.024650388835158604 -0.5186917546263912
vn -0.8507054550300623 -0.09853593724646009 -0.5163244114440615
vn 0.9082612171860802 -0.09611805042203185 -0.40721355790141367
vn -0.8953600927077068 -0.19283340864577617 -0.4014294220613357
vn 0.9181135328766297 -0.1909542117016373 -0.3472809090379146
vn -0.8956999060018025 -0.2879832088265883 -0.33880281849816984
vn -0.9147846067205085 -0.2853099587496775 -0.28594990950420246
vn 0.9425465938269272 -0.2815616416620036 -0.17980255951975482
vn 0.9372325863715646 -0.18911771717437395 -0.29296683787422234
vn -0.9092082855985966 -0.3784941879914606 -0.1734429100757521
vn -0.8776991325699751 -0.4744570877908861 -0.06734021481183894
vn 0.9239402141705867 -0.3759113899687905 -0.07088799284887538
vn 0.880129882868221 -0.4743696903510045 -0.018568418313459782
vn 0.8512894109329329 -0.5243889572644399 -0.01795996471526752
vn -0.780404611236939 -0.6250580480536194 -0.016464486737257603
vn -0.8181830514951423 -0.574698646935377 -0.017261502157823613
vn -0.7798215900684266 0 -0.626001827204323
vn 0.8548656510261665 0 -0.5188494181317045
vn -0.8546058869519161 -0.024650388835158604 -0.5186917546263912
vn 0.9122223608411775 -0.02404016159385701 -0.4089895292203579
vn -0.9082612171860802 -0.09611805042203185 -0.40721355790141367
vn 0.9310811051402619 -0.09514742881004536 -0.35218594867147385
vn -0.9181135328766297 -0.1909542117016373 -0.3472809090379146
vn -0.9372325863715646 -0.18911771717437395 -0.29296683787422234
vn -0.9425465938269272 -0.2815616416620036 -0.17980255951975482
vn 0.9573326222267129 -0.27949839087536577 -0.07344998242754736
vn 0.9650502817800488 -0.1865122247196878 -0.18409547432340903
vn 0.9502108684884258 -0.09421379952370794 -0.2970236781567724
vn -0.9239402141705867 -0.3759113899687905 -0.07088799284887538
vn -0.880129882868221 -0.4743696903510045 -0.018568418313459782
vn -0.8512894109329329 -0.5243889572644399 -0.01795996471526752
vn 0.9265201804294068 -0.3757369620819701 -0.0195471374495507
vn -0.8548656510261665 0 -0.5188494181317045
vn 0.9124860698083576 0 -0.4091077760269258
vn -0.9122223608411775 -0.02404016159385701 -0.4089895292203579
vn 0.9350604338468392 -0.023760352378881366 -0.35369115158424863
vn -0.9310811051402619 -0.09514742881004536 -0.35218594867147385
vn -0.9650502817800488 -0.1865122247196878 -0.18409547432340903
vn -0.9502108684884258 -0.09421379952370794 -0.2970236781567724
vn -0.9573326222267129 -0.27949839087536577 -0.07344998242754736
vn 0.9599885682005729 -0.27930584588042867 -0.02025323137754078
vn 0.9798437217282177 -0.18508020633580735 -0.07517711229150886
vn 0.9780406735788278 -0.09288037952851526 -0.18657351345813072
vn 0.9541913536036605 -0.02355984646467929 -0.29826799081124133
vn -0.9265201804294068 -0.3757369620819701 -0.0195471374495507
vn -0.9124860698083576 0 -0.4091077760269258
vn 0.9353244809467125 0 -0.3537910617041683
vn 0.9544562934835922 0 -0.2983507731338444
vn -0.9350604338468392 -0.023760352378881366 -0.35369115158424863
vn -0.9798437217282177 -0.18508020633580735 -0.07517711229150886
vn -0.9780406735788278 -0.09288037952851526 -0.18657351345813072
vn -0.9541913536036605 -0.02355984646467929 -0.29826799081124133
vn -0.9599885682005729 -0.27930584588042867 -0.02025323137754078
vn 0.9825344533579992 -0.1849225810342078 -0.020728892593304505
vn 0.9928274526621776 -0.09214815260402562 -0.07617327098134005
vn 0.9820219004706222 -0.023223660781817243 -0.18733298848830202
vn -0.9353244809467125 0 -0.3537910617041683
vn -0.9544562934835922 0 -0.2983507731338444
vn 0.9822868178673818 0 -0.18738358370992214
vn -0.9825344533579992 -0.1849225810342078 -0.020728892593304505
vn -0.9928274526621776 -0.09214815260402562 -0.07617327098134005
vn -0.9820219004706222 -0.023223660781817243 -0.18733298848830202
vn 0.9955318714866073 -0.09206064650236029 -0.021003100245936976
vn 0.9968050203174382 -0.023039099100298353 -0.07647843737026712
vn -0.9822868178673818 0 -0.18738358370992214
vn 0.9970696771223222 0 -0.07649875138319759
vn -0.9955318714866073 -0.09206064650236029 -0.021003100245936976
vn -0.9968050203174382 -0.023039099100298353 -0.07647843737026712
vn 0.9995134343153877 -0.022983233043589305 -0.021087096099824086
vn -0.9970696771223222 0 -0.07649875138319759
vn 0.9997775248566733 0 -0.021092671510843694
vn -0.9995134343153877 -0.022983233043589305 -0.021087096099824086
vn -0.9997775248566733 0 -0.021092671510843694
usemtl material_0_0
f 1//1 2//2 3//3
f 2//2 1//1 4//4
f 4//4 9//5 2//2
f 9//5 4//4 10//6
f 13//7 14//2 15//8
f 14//2 13//7 16//3
f 21//9 3//3 22//10
f 3//3 21//9 1//1
f 25//11 4//4 1//1
f 4//4 25//11 26//12
f 10//6 29//13 9//5
f 29//13 10//6 30//14
f 15//8 33//5 34//15
f 33//5 15//8 14//2
f 26//12 10//6 4//4
f 10//6 26//12 37//16
f 39//17 15//8 40//18
f 15//8 39//17 13//7
f 43//19 16//3 13//7
f 16//3 43//19 44//10
f 47//20 22//10 48//21
f 22//10 47//20 21//9
f 51//22 1//1 21//9
f 1//1 51//22 25//11
f 53//23 26//12 25//11
f 26//12 53//23 54//24
f 30//14 57//25 29//13
f 57//25 30//14 58//26
f 34//15 61//13 62//27
f 61//13 34//15 33//5
f 37//16 30//14 10//6
f 30//14 37//16 65//28
f 40//18 34//15 67//29
f 34//15 40//18 15//8
f 54//24 37//16 26//12
f 37//16 54//24 69//30
f 71//31 40//18 72//32
f 40//18 71//31 39//17
f 75//33 13//7 39//17
f 13//7 75//33 43//19
f 77//34 44//10 43//19
f 44//10 77//34 78//21
f 81//35 21//9 47//20
f 21//9 81//35 51//22
f 51//22 81//35 82//35
f 82//35 81//35 83//35
f 87//36 25//11 51//22
f 25//11 87//36 53//23
f 89//37 54//24 53//23
f 54//24 89//37 90//38
f 93//39 57//25 58//26
f 57//25 93//39 94//40
f 62//27 97//25 98//41
f 97//25 62//27 61//13
f 65//28 58//26 30//14
f 58//26 65//28 101//42
f 67//29 62//27 103//43
f 62//27 67//29 34//15
f 69//30 65//28 37//16
f 65//28 69//30 105//44
f 72//32 67//29 107//45
f 67//29 72//32 40//18
f 90//38 69//30 54//24
f 69//30 90//38 109//46
f 111//47 72//32 112//48
f 72//32 111//47 71//31
f 115//49 39//17 71//31
f 39//17 115//49 75//33
f 117//50 43//19 75//33
f 43//19 117//50 118//51
f 43//19 118//51 119//51
f 43//19 119//51 77//34
f 123//52 53//23 87//36
f 53//23 123//52 89//37
f 125//53 90//38 89//37
f 90//38 125//53 126//54
f 93//39 129//55 94//40
f 129//55 93//39 130//56
f 133//40 98//41 97//25
f 98//41 133//40 134//57
f 137//58 58//26 101//42
f 58//26 137//58 93//39
f 103//43 98//41 139//59
f 98//41 103//43 62//27
f 105//44 101//42 65//28
f 101//42 105//44 141//60
f 107//45 103//43 143//61
f 103//43 107//45 67//29
f 109//46 105//44 69//30
f 105//44 109//46 145//62
f 112//48 107//45 147//63
f 107//45 112//48 72//32
f 126//54 109//46 90//38
f 109//46 126//54 149//64
f 151//65 112//48 152//66
f 112//48 151//65 111//47
f 155//67 71//31 111//47
f 71//31 155//67 115//49
f 117//50 157//68 158//69
f 157//68 117//50 155//67
f 155//67 117//50 115//49
f 115//49 117//50 75//33
f 161//70 89//37 123//52
f 89//37 161//70 125//53
f 163//71 126//54 125//53
f 126//54 163//71 164//72
f 167//73 129//55 130//56
f 129//55 167//73 168//74
f 171//55 134//57 133//40
f 134//57 171//55 172//75
f 175//76 93//39 137//58
f 93//39 175//76 130//56
f 134//57 139//59 98//41
f 139//59 134//57 177//77
f 179//78 101//42 141//60
f 101//42 179//78 137//58
f 143//61 139//59 181//79
f 139//59 143//61 103//43
f 145//62 141//60 105//44
f 141//60 145//62 183//80
f 147//63 143//61 185//81
f 143//61 147//63 107//45
f 149//64 145//62 109//46
f 145//62 149//64 187//82
f 152//66 147//63 189//83
f 147//63 152//66 112//48
f 164//72 149//64 126//54
f 149//64 164//72 191//84
f 193//85 152//66 194//86
f 152//66 193//85 151//65
f 157//68 111//47 151//65
f 111//47 157//68 155//67
f 158//69 151//65 193//85
f 151//65 158//69 157//68
f 197//87 125//53 161//70
f 125//53 197//87 163//71
f 199//88 164//72 163//71
f 164//72 199//88 200//89
f 167//73 203//90 168//74
f 203//90 167//73 204//91
f 207//74 172//75 171//55
f 172//75 207//74 208//92
f 211//93 130//56 175//76
f 130//56 211//93 167//73
f 172//75 177//77 134//57
f 177//77 172//75 213//94
f 215//95 137//58 179//78
f 137//58 215//95 175//76
f 177//77 181//79 139//59
f 181//79 177//77 217//96
f 219//97 141//60 183//80
f 141//60 219//97 179//78
f 185//81 181//79 221//98
f 181//79 185//81 143//61
f 187//82 183//80 145//62
f 183//80 187//82 223//99
f 189//83 185//81 225//100
f 185//81 189//83 147//63
f 191//84 187//82 149//64
f 187//82 191//84 227//101
f 194//86 189//83 229//102
f 189//83 194//86 152//66
f 200//89 191//84 164//72
f 191//84 200//89 231//103
f 233//104 194//86 234//105
f 194//86 233//104 193//85
f 237//106 193//85 233//104
f 193//85 237//106 158//69
f 158//69 237//106 238//107
f 241//108 163//71 197//87
f 163//71 241//108 242//109
f 163//71 242//109 199//88
f 245//110 200//89 199//88
f 200//89 245//110 246//111
f 204//91 249//112 203//90
f 249//112 204//91 250//113
f 253//90 208//92 207//74
f 208//92 253//90 254//114
f 257//115 167//73 211//93
f 167//73 257//115 204//91
f 208//92 213//94 172//75
f 213//94 208//92 259//116
f 261//117 175//76 215//95
f 175//76 261//117 211//93
f 213//94 217//96 177//77
f 217//96 213//94 263//118
f 265//119 179//78 219//97
f 179//78 265//119 215//95
f 217//96 221//98 181//79
f 221//98 217//96 267//120
f 269//121 183//80 223//99
f 183//80 269//121 219//97
f 225//100 221//98 271//122
f 221//98 225//100 185//81
f 227//101 223//99 187//82
f 223//99 227//101 273//123
f 229//102 225//100 275//124
f 225//100 229//102 189//83
f 231//103 227//101 191//84
f 227//101 231//103 277//125
f 234//105 229//102 279//126
f 229//102 234//105 194//86
f 246//111 231//103 200//89
f 231//103 246//111 281//127
f 283//128 234//105 284//129
f 234//105 283//128 233//104
f 287//130 233//104 283//128
f 233//104 287//130 237//106
f 289//131 199//88 242//109
f 199//88 289//131 245//110
f 291//132 246//111 245//110
f 246//111 291//132 292//133
f 250//113 295//134 249//112
f 295//134 250//113 296//135
f 299//112 254//114 253//90
f 254//114 299//112 300//136
f 303//137 204//91 257//115
f 204//91 303//137 250//113
f 254//114 259//116 208//92
f 259//116 254//114 305//138
f 307//139 211//93 261//117
f 211//93 307//139 257//115
f 259//116 263//118 213//94
f 263//118 259//116 309//140
f 311//141 215//95 265//119
f 215//95 311//141 261//117
f 263//118 267//120 217//96
f 267//120 263//118 313//142
f 315//143 219//97 269//121
f 219//97 315//143 265//119
f 267//120 271//122 221//98
f 271//122 267//120 317//144
f 273//123 269//121 223//99
f 269//121 273//123 319//145
f 275//124 271//122 321//146
f 271//122 275//124 225//100
f 277//125 273//123 227//101
f 273//123 277//125 323//147
f 279//126 275//124 325//148
f 275//124 279//126 229//102
f 281//127 277//125 231//103
f 277//125 281//127 327//149
f 284//129 279//126 329//150
f 279//126 284//129 234//105
f 292//133 281//127 246//111
f 281//127 292//133 331//151
f 333//152 284//129 334//153
f 284//129 333//152 283//128
f 337//154 283//128 333//152
f 283//128 337//154 287//130
f 287//130 337//154 338//154
f 341//155 289//131 342//155
f 289//131 341//155 245//110
f 245//110 341//155 291//132
f 345//156 346//157 347//158
f 346//157 345//156 348//159
f 296//135 353//160 295//134
f 353//160 296//135 354//161
f 357//134 300//136 299//112
f 300//136 357//134 358//162
f 361//163 250//113 303//137
f 250//113 361//163 296//135
f 300//136 305//138 254//114
f 305//138 300//136 363//164
f 365//165 257//115 307//139
f 257//115 365//165 303//137
f 305//138 309//140 259//116
f 309//140 305//138 367//166
f 369//167 261//117 311//141
f 261//117 369//167 307//139
f 309//140 313//142 263//118
f 313//142 309//140 371//168
f 373//169 265//119 315//143
f 265//119 373//169 311//141
f 313//142 317//144 267//120
f 317//144 313//142 375//170
f 377//171 269//121 319//145
f 269//121 377//171 315//143
f 321//146 317//144 379//172
f 317//144 321//146 271//122
f 323//147 319//145 273//123
f 319//145 323//147 381//173
f 325//148 321//146 383//174
f 321//146 325//148 275//124
f 327//149 323//147 277//125
f 323//147 327//149 385//175
f 329//150 325//148 387//176
f 325//148 329//150 279//126
f 331//151 327//149 281//127
f 327//149 331//151 389//177
f 334//153 329//150 391//178
f 329//150 334//153 284//129
f 348//159 393//179 346//157
f 393//179 348//159 394//180
f 397//181 398//182 399//183
f 398//182 397//181 400//184
f 405//185 400//184 397//181
f 400//184 405//185 406//186
f 409//187 347//158 410//188
f 347//158 409//187 345//156
f 413//189 348//159 345//156
f 348//159 413//189 414//190
f 417//160 358//162 357//134
f 358//162 417//160 418//191
f 421//192 296//135 361//163
f 296//135 421//192 354//161
f 358//162 363//164 300//136
f 363//164 358//162 423//193
f 425//194 303//137 365//165
f 303//137 425//194 361//163
f 363//164 367//166 305//138
f 367//166 363//164 427//195
f 429//196 307//139 369//167
f 307//139 429//196 365//165
f 367//166 371//168 309//140
f 371//168 367//166 431//197
f 433//198 311//141 373//169
f 311//141 433//198 369//167
f 371//168 375//170 313//142
f 375//170 371//168 435//199
f 437//200 315//143 377//171
f 315//143 437//200 373//169
f 375//170 379//172 317//144
f 379//172 375//170 439//201
f 381//173 377//171 319//145
f 377//171 381//173 441//202
f 383//174 379//172 443//203
f 379//172 383//174 321//146
f 385//175 381//173 323//147
f 381//173 385//175 445//204
f 387//176 383//174 447//205
f 383//174 387//176 325//148
f 389//177 385//175 327//149
f 385//175 389//177 449//206
f 385//175 449//206 450//207
f 391//178 387//176 453//208
f 387//176 391//178 329//150
f 394//180 455//209 393//179
f 455//209 394//180 456//210
f 399//183 459//211 460//212
f 459//211 399//183 398//182
f 414//190 394//180 348//159
f 394//180 414//190 463//213
f 465//214 399//183 466//215
f 399//183 465//214 397//181
f 469//216 397//181 465//214
f 397//181 469//216 405//185
f 471//217 406//186 405//185
f 473//218 345//156 409//187
f 345//156 473//218 413//189
f 475//219 414//190 413//189
f 414//190 475//219 476//220
f 418//191 423//193 358//162
f 423//193 418//191 479//221
f 481//222 361//163 425//194
f 361//163 481//222 421//192
f 423//193 427//195 363//164
f 427//195 423//193 483//223
f 485//224 365//165 429//196
f 365//165 485//224 425//194
f 427//195 431//197 367//166
f 431//197 427//195 487//225
f 489//226 369//167 433//198
f 369//167 489//226 429//196
f 431//197 435//199 371//168
f 435//199 431//197 491//227
f 493//228 373//169 437//200
f 373//169 493//228 433//198
f 435//199 439//201 375//170
f 439//201 435//199 495//229
f 441//202 437//200 377//171
f 437//200 441//202 497//230
f 439//201 443//203 379//172
f 443//203 439//201 499//231
f 501//232 381//173 445//204
f 381//173 501//232 441//202
f 447//205 443//203 503//233
f 443//203 447//205 383//174
f 450//207 445//204 385//175
f 445//204 450//207 449//206
f 445//204 449//206 505//234
f 445//204 505//234 506//235
f 453//208 509//236 510//237
f 509//236 453//208 447//205
f 447//205 453//208 387//176
f 456//210 449//206 455//209
f 449//206 456//210 513//238
f 460//212 515//239 516//240
f 515//239 460//212 459//211
f 463//213 456//210 394//180
f 456//210 463//213 519//241
f 466//215 460//212 521//242
f 460//212 466//215 399//183
f 476//220 463//213 414//190
f 463//213 476//220 523//243
f 525//244 466//215 526//245
f 466//215 525//244 465//214
f 529//246 465//214 525//244
f 465//214 529//246 469//216
f 471//217 405//185 469//216
f 531//247 413//189 473//218
f 413//189 531//247 475//219
f 533//248 476//220 475//219
f 476//220 533//248 534//249
f 479//221 483//223 423//193
f 483//223 479//221 537//250
f 539//251 425//194 485//224
f 425//194 539//251 481//222
f 483//223 487//225 427//195
f 487//225 483//223 541//252
f 543//253 429//196 489//226
f 429//196 543//253 485//224
f 487//225 491//227 431//197
f 491//227 487//225 545//254
f 547//255 433//198 493//228
f 433//198 547//255 489//226
f 491//227 495//229 435//199
f 495//229 491//227 549//256
f 497//230 493//228 437//200
f 493//228 497//230 551//257
f 495//229 499//231 439//201
f 499//231 495//229 553//258
f 555//259 441//202 501//232
f 441//202 555//259 497//230
f 443//203 557//260 503//233
f 557//260 443//203 499//231
f 559//261 445//204 506//235
f 445//204 559//261 501//232
f 510//237 561//262 562//263
f 561//262 510//237 503//233
f 503//233 510//237 509//236
f 503//233 509//236 447//205
f 565//264 449//206 513//238
f 449//206 565//264 505//234
f 559//261 506//235 505//234
f 516//240 510//237 567//265
f 510//237 516//240 515//239
f 519//241 513//238 456//210
f 513//238 519//241 569//266
f 521//242 516//240 571//267
f 516//240 521//242 460//212
f 523//243 519//241 463//213
f 519//241 523//243 573//268
f 526//245 521//242 575//269
f 521//242 526//245 466//215
f 534//249 523//243 476//220
f 523//243 534//249 577//270
f 579//271 526//245 580//272
f 526//245 579//271 525//244
f 583//273 525//244 579//271
f 525//244 583//273 529//246
f 471//217 469//216 529//246
f 585//274 475//219 531//247
f 475//219 585//274 533//248
f 537//250 541//252 483//223
f 541//252 537//250 587//275
f 589//276 485//224 543//253
f 485//224 589//276 539//251
f 541//252 545//254 487//225
f 545//254 541//252 591//277
f 593//278 489//226 547//255
f 489//226 593//278 543//253
f 545//254 549//256 491//227
f 549//256 545//254 595//279
f 551//257 547//255 493//228
f 547//255 551//257 597//280
f 549//256 553//258 495//229
f 553//258 549//256 599//281
f 601//282 497//230 555//259
f 497//230 601//282 551//257
f 499//231 603//283 557//260
f 603//283 499//231 553//258
f 605//284 559//261 606//285
f 559//261 605//284 501//232
f 501//232 605//284 607//286
f 501//232 607//286 555//259
f 503//233 611//287 561//262
f 611//287 503//233 557//260
f 510//237 613//288 567//265
f 613//288 510//237 562//263
f 611//287 562//263 561//262
f 615//289 505//234 565//264
f 505//234 615//289 606//285
f 617//290 513//238 569//266
f 513//238 617//290 565//264
f 559//261 619//291 606//285
f 571//267 567//265 621//292
f 567//265 571//267 516//240
f 573//268 569//266 519//241
f 569//266 573//268 623//293
f 575//269 571//267 625//294
f 571//267 575//269 521//242
f 577//270 573//268 523//243
f 573//268 577//270 627//295
f 580//272 575//269 629//296
f 575//269 580//272 526//245
f 631//297 529//246 583//273
f 529//246 631//297 471//217
f 471//217 631//297 632//297
f 632//297 631//297 633//297
f 632//297 633//297 634//297
f 639//298 640//298 641//298
f 640//298 639//298 642//298
f 640//298 642//298 585//274
f 640//298 585//274 643//298
f 643//298 585//274 531//247
f 587//275 591//277 541//252
f 591//277 587//275 649//299
f 651//300 543//253 593//278
f 543//253 651//300 589//276
f 591//277 595//279 545//254
f 595//279 591//277 653//301
f 655//302 547//255 597//280
f 547//255 655//302 593//278
f 595//279 599//281 549//256
f 599//281 595//279 657//303
f 659//304 551//257 601//282
f 551//257 659//304 597//280
f 553//258 661//305 603//283
f 661//305 553//258 599//281
f 663//306 555//259 607//286
f 555//259 663//306 601//282
f 611//287 665//307 666//308
f 665//307 611//287 557//260
f 665//307 557//260 667//309
f 667//309 557//260 603//283
f 671//310 606//285 615//289
f 606//285 671//310 672//311
f 606//285 672//311 605//284
f 607//286 605//284 675//311
f 562//263 677//312 613//288
f 677//312 562//263 666//308
f 567//265 679//313 621//292
f 679//313 567//265 613//288
f 611//287 666//308 681//314
f 683//315 565//264 617//290
f 565//264 683//315 615//289
f 685//316 569//266 623//293
f 569//266 685//316 617//290
f 625//294 621//292 687//317
f 621//292 625//294 571//267
f 627//295 623//293 573//268
f 623//293 627//295 689//318
f 623//293 689//318 690//318
f 623//293 690//318 691//319
f 629//296 625//294 695//320
f 625//294 629//296 575//269
f 649//299 653//301 591//277
f 653//301 649//299 697//321
f 655//302 651//300 593//278
f 651//300 655//302 699//322
f 653//301 657//303 595//279
f 657//303 653//301 701//323
f 703//324 597//280 659//304
f 597//280 703//324 655//302
f 599//281 705//325 661//305
f 705//325 599//281 657//303
f 707//326 601//282 663//306
f 601//282 707//326 659//304
f 603//283 709//327 667//309
f 709//327 603//283 661//305
f 711//328 607//286 675//311
f 607//286 711//328 663//306
f 666//308 713//329 677//312
f 713//329 666//308 714//330
f 714//330 666//308 665//307
f 667//309 717//330 665//307
f 719//331 615//289 683//315
f 615//289 719//331 671//310
f 721//332 672//311 671//310
f 672//311 721//332 722//328
f 613//288 725//333 679//313
f 725//333 613//288 677//312
f 621//292 727//334 687//317
f 727//334 621//292 679//313
f 729//335 617//290 685//316
f 617//290 729//335 683//315
f 731//336 623//293 691//319
f 623//293 731//336 732//337
f 623//293 732//337 685//316
f 735//338 687//317 736//339
f 687//317 735//338 625//294
f 625//294 735//338 737//338
f 625//294 737//338 695//320
f 697//321 701//323 653//301
f 701//323 697//321 741//340
f 743//341 655//302 703//324
f 655//302 743//341 699//322
f 657//303 745//342 705//325
f 745//342 657//303 701//323
f 747//343 659//304 707//326
f 659//304 747//343 703//324
f 661//305 749//344 709//327
f 749//344 661//305 705//325
f 751//345 663//306 711//328
f 663//306 751//345 707//326
f 667//309 753//346 717//330
f 753//346 667//309 709//327
f 714//330 755//347 713//329
f 755//347 714//330 756//346
f 677//312 759//348 725//333
f 759//348 677//312 713//329
f 761//349 683//315 729//335
f 683//315 761//349 719//331
f 763//350 671//310 719//331
f 671//310 763//350 721//332
f 765//351 722//328 721//332
f 722//328 765//351 766//345
f 679//313 769//352 727//334
f 769//352 679//313 725//333
f 687//317 771//353 736//339
f 771//353 687//317 772//354
f 772//354 687//317 727//334
f 775//355 685//316 732//337
f 685//316 775//355 729//335
f 701//323 777//356 745//342
f 777//356 701//323 741//340
f 779//357 703//324 747//343
f 703//324 779//357 743//341
f 705//325 781//358 749//344
f 781//358 705//325 745//342
f 783//359 707//326 751//345
f 707//326 783//359 747//343
f 709//327 785//360 753//346
f 785//360 709//327 749//344
f 713//329 787//361 759//348
f 787//361 713//329 755//347
f 756//346 789//362 755//347
f 789//362 756//346 790//360
f 725//333 793//363 769//352
f 793//363 725//333 759//348
f 795//364 729//335 775//355
f 729//335 795//364 761//349
f 797//365 719//331 761//349
f 719//331 797//365 763//350
f 799//366 721//332 763//350
f 721//332 799//366 765//351
f 801//367 766//345 765//351
f 766//345 801//367 783//359
f 727//334 803//368 772//354
f 803//368 727//334 769//352
f 745//342 805//369 781//358
f 805//369 745//342 777//356
f 807//370 783//359 801//367
f 783//359 807//370 808//371
f 783//359 808//371 747//343
f 747//343 808//371 779//357
f 749//344 811//372 785//360
f 811//372 749//344 781//358
f 759//348 813//373 793//363
f 813//373 759//348 787//361
f 755//347 815//374 787//361
f 815//374 755//347 789//362
f 790//360 817//375 789//362
f 817//375 790//360 811//372
f 769//352 819//376 803//368
f 819//376 769//352 793//363
f 821//377 761//349 795//364
f 761//349 821//377 797//365
f 823//378 763//350 797//365
f 763//350 823//378 799//366
f 825//379 765//351 799//366
f 765//351 825//379 801//367
f 811//372 827//380 817//375
f 827//380 811//372 828//381
f 828//381 811//372 781//358
f 828//381 781//358 805//369
f 831//382 801//367 825//379
f 801//367 831//382 807//370
f 793//363 833//383 819//376
f 833//383 793//363 813//373
f 787//361 835//384 813//373
f 835//384 787//361 815//374
f 789//362 837//385 815//374
f 837//385 789//362 817//375
f 839//386 797//365 821//377
f 797//365 839//386 823//378
f 841//387 799//366 823//378
f 799//366 841//387 825//379
f 817//375 843//388 837//385
f 843//388 817//375 827//380
f 845//389 825//379 841//387
f 825//379 845//389 831//382
f 813//373 847//390 833//383
f 847//390 813//373 835//384
f 815//374 849//391 835//384
f 849//391 815//374 837//385
f 851//392 823//378 839//386
f 823//378 851//392 841//387
f 837//385 853//393 849//391
f 853//393 837//385 843//388
f 845//389 851//392 855//394
f 851//392 845//389 841//387
f 835//384 857//395 847//390
f 857//395 835//384 849//391
f 849//391 859//396 857//395
f 859//396 849//391 853//393
usemtl material_1_0
f 5//397 6//398 7//399
f 8//400 7//399 6//398
f 11//401 5//397 12//402
f 7//399 12//402 5//397
f 17//400 18//403 19//399
f 20//404 19//399 18//403
f 6//398 23//405 8//400
f 24//406 8//400 23//405
f 27//407 28//408 5//397
f 6//398 5//397 28//408
f 31//409 11//401 32//410
f 12//402 32//410 11//401
f 19//399 20//404 35//402
f 36//411 35//402 20//404
f 38//412 27//407 11//401
f 5//397 11//401 27//407
f 18//403 41//413 20//404
f 42//414 20//404 41//413
f 45//406 46//415 17//400
f 18//403 17//400 46//415
f 23//405 49//416 24//406
f 50//417 24//406 49//416
f 28//408 52//418 6//398
f 23//405 6//398 52//418
f 55//419 56//420 27//407
f 28//408 27//407 56//420
f 59//421 31//409 60//422
f 32//410 60//422 31//409
f 35//402 36//411 63//410
f 64//423 63//410 36//411
f 66//424 38//412 31//409
f 11//401 31//409 38//412
f 20//404 42//414 36//411
f 68//425 36//411 42//414
f 70//426 55//419 38//412
f 27//407 38//412 55//419
f 41//413 73//427 42//414
f 74//428 42//414 73//427
f 46//415 76//429 18//403
f 41//413 18//403 76//429
f 79//417 80//430 45//406
f 46//415 45//406 80//430
f 84//431 85//431 86//431
f 86//431 85//431 52//418
f 52//418 85//431 23//405
f 49//416 23//405 85//431
f 56//420 88//432 28//408
f 52//418 28//408 88//432
f 91//433 92//434 55//419
f 56//420 55//419 92//434
f 95//435 96//436 60//422
f 59//421 60//422 96//436
f 63//410 64//423 99//422
f 100//437 99//422 64//423
f 102//438 66//424 59//421
f 31//409 59//421 66//424
f 36//411 68//425 64//423
f 104//439 64//423 68//425
f 106//440 70//426 66//424
f 38//412 66//424 70//426
f 42//414 74//428 68//425
f 108//441 68//425 74//428
f 110//442 91//433 70//426
f 55//419 70//426 91//433
f 73//427 113//443 74//428
f 114//444 74//428 113//443
f 76//429 116//445 41//413
f 73//427 41//413 116//445
f 80//430 120//446 46//415
f 120//446 121//446 46//415
f 121//446 122//447 46//415
f 76//429 46//415 122//447
f 92//434 124//448 56//420
f 88//432 56//420 124//448
f 127//449 128//450 91//433
f 92//434 91//433 128//450
f 131//451 96//436 132//452
f 95//435 132//452 96//436
f 135//453 136//435 100//437
f 99//422 100//437 136//435
f 96//436 138//454 59//421
f 102//438 59//421 138//454
f 64//423 104//439 100//437
f 140//455 100//437 104//439
f 142//456 106//440 102//438
f 66//424 102//438 106//440
f 68//425 108//441 104//439
f 144//457 104//439 108//441
f 146//458 110//442 106//440
f 70//426 106//440 110//442
f 74//428 114//444 108//441
f 148//459 108//441 114//444
f 150//460 127//449 110//442
f 91//433 110//442 127//449
f 113//443 153//461 114//444
f 154//462 114//444 153//461
f 116//445 156//463 73//427
f 113//443 73//427 156//463
f 76//429 122//447 116//445
f 116//445 122//447 156//463
f 156//463 122//447 159//464
f 160//465 159//464 122//447
f 128//450 162//466 92//434
f 124//448 92//434 162//466
f 165//467 166//468 127//449
f 128//450 127//449 166//468
f 169//469 170//470 132//452
f 131//451 132//452 170//470
f 173//471 174//452 135//453
f 136//435 135//453 174//452
f 131//451 176//472 96//436
f 138//454 96//436 176//472
f 178//473 135//453 140//455
f 100//437 140//455 135//453
f 138//454 180//474 102//438
f 142//456 102//438 180//474
f 104//439 144//457 140//455
f 182//475 140//455 144//457
f 184//476 146//458 142//456
f 106//440 142//456 146//458
f 108//441 148//459 144//457
f 186//477 144//457 148//459
f 188//478 150//460 146//458
f 110//442 146//458 150//460
f 114//444 154//462 148//459
f 190//479 148//459 154//462
f 192//480 165//467 150//460
f 127//449 150//460 165//467
f 153//461 195//481 154//462
f 196//482 154//462 195//481
f 156//463 159//464 113//443
f 153//461 113//443 159//464
f 159//464 160//465 153//461
f 195//481 153//461 160//465
f 166//468 198//483 128//450
f 162//466 128//450 198//483
f 201//484 202//485 165//467
f 166//468 165//467 202//485
f 205//486 170//470 206//487
f 169//469 206//487 170//470
f 209//488 210//469 173//471
f 174//452 173//471 210//469
f 170//470 212//489 131//451
f 176//472 131//451 212//489
f 214//490 173//471 178//473
f 135//453 178//473 173//471
f 176//472 216//491 138//454
f 180//474 138//454 216//491
f 218//492 178//473 182//475
f 140//455 182//475 178//473
f 180//474 220//493 142//456
f 184//476 142//456 220//493
f 144//457 186//477 182//475
f 222//494 182//475 186//477
f 224//495 188//478 184//476
f 146//458 184//476 188//478
f 148//459 190//479 186//477
f 226//496 186//477 190//479
f 228//497 192//480 188//478
f 150//460 188//478 192//480
f 154//462 196//482 190//479
f 230//498 190//479 196//482
f 232//499 201//484 192//480
f 165//467 192//480 201//484
f 195//481 235//500 196//482
f 236//501 196//482 235//500
f 239//502 240//503 160//465
f 160//465 240//503 195//481
f 235//500 195//481 240//503
f 202//485 243//504 166//468
f 243//504 244//505 166//468
f 198//483 166//468 244//505
f 247//506 248//507 201//484
f 202//485 201//484 248//507
f 251//508 205//486 252//509
f 206//487 252//509 205//486
f 255//510 256//487 209//488
f 210//469 209//488 256//487
f 205//486 258//511 170//470
f 212//489 170//470 258//511
f 260//512 209//488 214//490
f 173//471 214//490 209//488
f 212//489 262//513 176//472
f 216//491 176//472 262//513
f 264//514 214//490 218//492
f 178//473 218//492 214//490
f 216//491 266//515 180//474
f 220//493 180//474 266//515
f 268//516 218//492 222//494
f 182//475 222//494 218//492
f 220//493 270//517 184//476
f 224//495 184//476 270//517
f 186//477 226//496 222//494
f 272//518 222//494 226//496
f 274//519 228//497 224//495
f 188//478 224//495 228//497
f 190//479 230//498 226//496
f 276//520 226//496 230//498
f 278//521 232//499 228//497
f 192//480 228//497 232//499
f 196//482 236//501 230//498
f 280//522 230//498 236//501
f 282//523 247//506 232//499
f 201//484 232//499 247//506
f 235//500 285//524 236//501
f 286//525 236//501 285//524
f 240//503 288//526 235//500
f 285//524 235//500 288//526
f 248//507 290//527 202//485
f 243//504 202//485 290//527
f 293//528 294//529 247//506
f 248//507 247//506 294//529
f 297//530 251//508 298//531
f 252//509 298//531 251//508
f 301//532 302//509 255//510
f 256//487 255//510 302//509
f 251//508 304//533 205//486
f 258//511 205//486 304//533
f 306//534 255//510 260//512
f 209//488 260//512 255//510
f 258//511 308//535 212//489
f 262//513 212//489 308//535
f 310//536 260//512 264//514
f 214//490 264//514 260//512
f 262//513 312//537 216//491
f 266//515 216//491 312//537
f 314//538 264//514 268//516
f 218//492 268//516 264//514
f 266//515 316//539 220//493
f 270//517 220//493 316//539
f 318//540 268//516 272//518
f 222//494 272//518 268//516
f 320//541 274//519 270//517
f 224//495 270//517 274//519
f 226//496 276//520 272//518
f 322//542 272//518 276//520
f 324//543 278//521 274//519
f 228//497 274//519 278//521
f 230//498 280//522 276//520
f 326//544 276//520 280//522
f 328//545 282//523 278//521
f 232//499 278//521 282//523
f 236//501 286//525 280//522
f 330//546 280//522 286//525
f 332//547 293//528 282//523
f 247//506 282//523 293//528
f 285//524 335//548 286//525
f 336//549 286//525 335//548
f 339//550 340//550 288//526
f 288//526 340//550 285//524
f 335//548 285//524 340//550
f 294//529 343//551 248//507
f 248//507 343//551 290//527
f 344//551 290//527 343//551
f 349//552 350//553 351//554
f 352//555 351//554 350//553
f 355//556 297//530 356//557
f 298//531 356//557 297//530
f 359//558 360//531 301//532
f 302//509 301//532 360//531
f 297//530 362//559 251//508
f 304//533 251//508 362//559
f 364//560 301//532 306//534
f 255//510 306//534 301//532
f 304//533 366//561 258//511
f 308//535 258//511 366//561
f 368//562 306//534 310//536
f 260//512 310//536 306//534
f 308//535 370//563 262//513
f 312//537 262//513 370//563
f 372//564 310//536 314//538
f 264//514 314//538 310//536
f 312//537 374//565 266//515
f 316//539 266//515 374//565
f 376//566 314//538 318//540
f 268//516 318//540 314//538
f 316//539 378//567 270//517
f 320//541 270//517 378//567
f 272//518 322//542 318//540
f 380//568 318//540 322//542
f 382//569 324//543 320//541
f 274//519 320//541 324//543
f 276//520 326//544 322//542
f 384//570 322//542 326//544
f 386//571 328//545 324//543
f 278//521 324//543 328//545
f 280//522 330//546 326//544
f 388//572 326//544 330//546
f 390//573 332//547 328//545
f 282//523 328//545 332//547
f 286//525 336//549 330//546
f 392//574 330//546 336//549
f 395//575 349//552 396//576
f 351//554 396//576 349//552
f 401//577 402//578 403//579
f 404//580 403//579 402//578
f 407//581 408//582 401//577
f 402//578 401//577 408//582
f 350//553 411//583 352//555
f 412//584 352//555 411//583
f 415//585 416//586 349//552
f 350//553 349//552 416//586
f 419//587 420//557 359//558
f 360//531 359//558 420//557
f 355//556 422//588 297//530
f 362//559 297//530 422//588
f 424//589 359//558 364//560
f 301//532 364//560 359//558
f 362//559 426//590 304//533
f 366//561 304//533 426//590
f 428//591 364//560 368//562
f 306//534 368//562 364//560
f 366//561 430//592 308//535
f 370//563 308//535 430//592
f 432//593 368//562 372//564
f 310//536 372//564 368//562
f 370//563 434//594 312//537
f 374//565 312//537 434//594
f 436//595 372//564 376//566
f 314//538 376//566 372//564
f 374//565 438//596 316//539
f 378//567 316//539 438//596
f 440//597 376//566 380//568
f 318//540 380//568 376//566
f 442//598 382//569 378//567
f 320//541 378//567 382//569
f 322//542 384//570 380//568
f 444//599 380//568 384//570
f 446//600 386//571 382//569
f 324//543 382//569 386//571
f 326//544 388//572 384//570
f 448//601 384//570 388//572
f 451//602 452//603 386//571
f 452//603 390//573 386//571
f 328//545 386//571 390//573
f 330//546 392//574 388//572
f 454//604 388//572 392//574
f 457//605 395//575 458//606
f 396//576 458//606 395//575
f 403//579 404//580 461//607
f 462//608 461//607 404//580
f 464//609 415//585 395//575
f 349//552 395//575 415//585
f 402//578 467//610 404//580
f 468//611 404//580 467//610
f 408//582 470//612 402//578
f 467//610 402//578 470//612
f 408//582 407//581 472//613
f 416//586 474//614 350//553
f 411//583 350//553 474//614
f 477//615 478//616 415//585
f 416//586 415//585 478//616
f 480//617 419//587 424//589
f 359//558 424//589 419//587
f 422//588 482//618 362//559
f 426//590 362//559 482//618
f 484//619 424//589 428//591
f 364//560 428//591 424//589
f 426//590 486//620 366//561
f 430//592 366//561 486//620
f 488//621 428//591 432//593
f 368//562 432//593 428//591
f 430//592 490//622 370//563
f 434//594 370//563 490//622
f 492//623 432//593 436//595
f 372//564 436//595 432//593
f 434//594 494//624 374//565
f 438//596 374//565 494//624
f 496//625 436//595 440//597
f 376//566 440//597 436//595
f 498//626 442//598 438//596
f 378//567 438//596 442//598
f 500//627 440//597 444//599
f 380//568 444//599 440//597
f 442//598 502//628 382//569
f 446//600 382//569 502//628
f 384//570 448//601 444//599
f 504//629 444//599 448//601
f 507//630 508//631 446//600
f 508//631 452//603 446//600
f 452//603 451//602 446//600
f 386//571 446//600 451//602
f 388//572 454//604 448//601
f 448//601 454//604 511//632
f 512//633 511//632 454//604
f 514//634 457//605 452//603
f 458//606 452//603 457//605
f 461//607 462//608 517//635
f 518//636 517//635 462//608
f 520//637 464//609 457//605
f 395//575 457//605 464//609
f 404//580 468//611 462//608
f 522//638 462//608 468//611
f 524//639 477//615 464//609
f 415//585 464//609 477//615
f 467//610 527//640 468//611
f 528//641 468//611 527//640
f 470//612 530//642 467//610
f 527//640 467//610 530//642
f 470//612 408//582 472//613
f 478//616 532//643 416//586
f 474//614 416//586 532//643
f 535//644 536//645 477//615
f 478//616 477//615 536//645
f 538//646 480//617 484//619
f 424//589 484//619 480//617
f 482//618 540//647 426//590
f 486//620 426//590 540//647
f 542//648 484//619 488//621
f 428//591 488//621 484//619
f 486//620 544//649 430//592
f 490//622 430//592 544//649
f 546//650 488//621 492//623
f 432//593 492//623 488//621
f 490//622 548//651 434//594
f 494//624 434//594 548//651
f 550//652 492//623 496//625
f 436//595 496//625 492//623
f 552//653 498//626 494//624
f 438//596 494//624 498//626
f 554//654 496//625 500//627
f 440//597 500//627 496//625
f 498//626 556//655 442//598
f 502//628 442//598 556//655
f 500//627 444//599 558//656
f 504//629 558//656 444//599
f 502//628 560//657 446//600
f 507//630 446//600 560//657
f 448//601 511//632 504//629
f 511//632 512//633 504//629
f 504//629 512//633 563//658
f 564//659 563//658 512//633
f 508//631 566//660 452//603
f 514//634 452//603 566//660
f 508//631 507//630 560//657
f 517//635 518//636 512//633
f 568//661 512//633 518//636
f 570//662 520//637 514//634
f 457//605 514//634 520//637
f 462//608 522//638 518//636
f 572//663 518//636 522//638
f 574//664 524//639 520//637
f 464//609 520//637 524//639
f 468//611 528//641 522//638
f 576//665 522//638 528//641
f 578//666 535//644 524//639
f 477//615 524//639 535//644
f 527//640 581//667 528//641
f 582//668 528//641 581//667
f 530//642 584//669 527//640
f 581//667 527//640 584//669
f 530//642 470//612 472//613
f 536//645 586//670 478//616
f 532//643 478//616 586//670
f 588//671 538//646 542//648
f 484//619 542//648 538//646
f 540//647 590//672 486//620
f 544//649 486//620 590//672
f 592//673 542//648 546//650
f 488//621 546//650 542//648
f 544//649 594//674 490//622
f 548//651 490//622 594//674
f 596//675 546//650 550//652
f 492//623 550//652 546//650
f 598//676 552//653 548//651
f 494//624 548//651 552//653
f 600//677 550//652 554//654
f 496//625 554//654 550//652
f 552//653 602//678 498//626
f 556//655 498//626 602//678
f 554//654 500//627 604//679
f 558//656 604//679 500//627
f 556//655 608//680 502//628
f 608//680 609//681 502//628
f 502//628 609//681 560//657
f 610//682 560//657 609//681
f 558//656 504//629 612//683
f 563//658 612//683 504//629
f 564//659 512//633 614//684
f 568//661 614//684 512//633
f 563//658 564//659 612//683
f 610//682 616//685 508//631
f 566//660 508//631 616//685
f 566//660 618//686 514//634
f 570//662 514//634 618//686
f 610//682 620//687 560//657
f 518//636 572//663 568//661
f 622//688 568//661 572//663
f 624//689 574//664 570//662
f 520//637 570//662 574//664
f 522//638 576//665 572//663
f 626//690 572//663 576//665
f 628//691 578//666 574//664
f 524//639 574//664 578//666
f 528//641 582//668 576//665
f 630//692 576//665 582//668
f 635//693 636//693 637//693
f 636//693 638//693 637//693
f 637//693 638//693 472//613
f 472//613 638//693 530//642
f 584//669 530//642 638//693
f 532//643 586//670 644//694
f 644//694 586//670 645//694
f 586//670 646//694 645//694
f 646//694 647//694 645//694
f 648//694 645//694 647//694
f 650//695 588//671 592//673
f 542//648 592//673 588//671
f 590//672 652//696 544//649
f 594//674 544//649 652//696
f 654//697 592//673 596//675
f 546//650 596//675 592//673
f 594//674 656//698 548//651
f 598//676 548//651 656//698
f 658//699 596//675 600//677
f 550//652 600//677 596//675
f 598//676 660//700 552//653
f 602//678 552//653 660//700
f 600//677 554//654 662//701
f 604//679 662//701 554//654
f 602//678 664//702 556//655
f 608//680 556//655 664//702
f 604//679 558//656 668//703
f 668//703 558//656 669//704
f 558//656 612//683 669//704
f 670//705 669//704 612//683
f 609//681 673//706 610//682
f 673//706 674//707 610//682
f 616//685 610//682 674//707
f 676//706 609//681 608//680
f 670//705 564//659 678//708
f 614//684 678//708 564//659
f 614//684 568//661 680//709
f 622//688 680//709 568//661
f 682//710 670//705 612//683
f 616//685 684//711 566//660
f 618//686 566//660 684//711
f 618//686 686//712 570//662
f 624//689 570//662 686//712
f 572//663 626//690 622//688
f 688//713 622//688 626//690
f 692//714 693//715 624//689
f 693//715 694//715 624//689
f 694//715 628//691 624//689
f 574//664 624//689 628//691
f 576//665 630//692 626//690
f 696//716 626//690 630//692
f 698//717 650//695 654//697
f 592//673 654//697 650//695
f 700//718 656//698 652//696
f 594//674 652//696 656//698
f 702//719 654//697 658//699
f 596//675 658//699 654//697
f 656//698 704//720 598//676
f 660//700 598//676 704//720
f 658//699 600//677 706//721
f 662//701 706//721 600//677
f 660//700 708//722 602//678
f 664//702 602//678 708//722
f 662//701 604//679 710//723
f 668//703 710//723 604//679
f 664//702 712//724 608//680
f 676//706 608//680 712//724
f 669//704 670//705 715//725
f 715//725 670//705 716//726
f 678//708 716//726 670//705
f 669//704 718//725 668//703
f 674//707 720//727 616//685
f 684//711 616//685 720//727
f 723//724 724//728 673//706
f 674//707 673//706 724//728
f 678//708 614//684 726//729
f 680//709 726//729 614//684
f 680//709 622//688 728//730
f 688//713 728//730 622//688
f 684//711 730//731 618//686
f 686//712 618//686 730//731
f 686//712 733//732 624//689
f 733//732 734//733 624//689
f 692//714 624//689 734//733
f 696//716 738//734 626//690
f 738//734 739//734 626//690
f 626//690 739//734 688//713
f 740//735 688//713 739//734
f 742//736 698//717 702//719
f 654//697 702//719 698//717
f 700//718 744//737 656//698
f 704//720 656//698 744//737
f 702//719 658//699 746//738
f 706//721 746//738 658//699
f 704//720 748//739 660//700
f 708//722 660//700 748//739
f 706//721 662//701 750//740
f 710//723 750//740 662//701
f 708//722 752//741 664//702
f 712//724 664//702 752//741
f 710//723 668//703 754//742
f 718//725 754//742 668//703
f 757//742 715//725 758//743
f 716//726 758//743 715//725
f 716//726 678//708 760//744
f 726//729 760//744 678//708
f 720//727 762//745 684//711
f 730//731 684//711 762//745
f 724//728 764//746 674//707
f 720//727 674//707 764//746
f 767//741 768//747 723//724
f 724//728 723//724 768//747
f 726//729 680//709 770//748
f 728//730 770//748 680//709
f 728//730 688//713 773//749
f 773//749 688//713 774//750
f 740//735 774//750 688//713
f 730//731 776//751 686//712
f 733//732 686//712 776//751
f 742//736 702//719 778//752
f 746//738 778//752 702//719
f 744//737 780//753 704//720
f 748//739 704//720 780//753
f 746//738 706//721 782//754
f 750//740 782//754 706//721
f 748//739 784//755 708//722
f 752//741 708//722 784//755
f 750//740 710//723 786//756
f 754//742 786//756 710//723
f 758//743 716//726 788//757
f 760//744 788//757 716//726
f 791//756 757//742 792//758
f 758//743 792//758 757//742
f 760//744 726//729 794//759
f 770//748 794//759 726//729
f 762//745 796//760 730//731
f 776//751 730//731 796//760
f 764//746 798//761 720//727
f 762//745 720//727 798//761
f 768//747 800//762 724//728
f 764//746 724//728 800//762
f 784//755 802//763 767//741
f 768//747 767//741 802//763
f 770//748 728//730 804//764
f 773//749 804//764 728//730
f 778//752 746//738 806//765
f 782//754 806//765 746//738
f 780//753 809//766 748//739
f 748//739 809//766 784//755
f 809//766 810//767 784//755
f 802//763 784//755 810//767
f 782//754 750//740 812//768
f 786//756 812//768 750//740
f 788//757 760//744 814//769
f 794//759 814//769 760//744
f 792//758 758//743 816//770
f 788//757 816//770 758//743
f 812//768 791//756 818//771
f 792//758 818//771 791//756
f 794//759 770//748 820//772
f 804//764 820//772 770//748
f 798//761 822//773 762//745
f 796//760 762//745 822//773
f 800//762 824//774 764//746
f 798//761 764//746 824//774
f 802//763 826//775 768//747
f 800//762 768//747 826//775
f 806//765 782//754 829//776
f 782//754 812//768 829//776
f 829//776 812//768 830//777
f 818//771 830//777 812//768
f 810//767 832//778 802//763
f 826//775 802//763 832//778
f 814//769 794//759 834//779
f 820//772 834//779 794//759
f 816//770 788//757 836//780
f 814//769 836//780 788//757
f 818//771 792//758 838//781
f 816//770 838//781 792//758
f 824//774 840//782 798//761
f 822//773 798//761 840//782
f 826//775 842//783 800//762
f 824//774 800//762 842//783
f 830//777 818//771 844//784
f 838//781 844//784 818//771
f 832//778 846//785 826//775
f 842//783 826//775 846//785
f 836//780 814//769 848//786
f 834//779 848//786 814//769
f 838//781 816//770 850//787
f 836//780 850//787 816//770
f 842//783 852//788 824//774
f 840//782 824//774 852//788
f 844//784 838//781 854//789
f 850//787 854//789 838//781
f 842//783 846//785 852//788
f 856//790 852//788 846//785
f 850//787 836//780 858//791
f 848//786 858//791 836//780
f 854//789 850//787 860//792
f 858//791 860//792 850//787
