-0.448171 0.548535 0.084435
0.537908 -0.739850 -0.366135
-0.555113 -0.690512 0.223160
0.532765 0.106196 0.383624
0.403544 0.667144 -0.392816
-0.128402 -0.157319 -0.346229
0.184672 -0.569642 0.334632
-0.293338 -0.069489 0.383624
0.537908 -0.000016 -0.310183
0.169694 0.667987 0.321509
-0.400943 -0.751562 -0.392816
-0.552242 0.225657 -0.392816
-0.160312 0.647751 -0.392816
-0.559461 -0.234056 -0.041077
0.162273 -0.013194 0.050334
0.537908 -0.388418 0.021784
0.537908 0.479919 0.042669
-0.150116 -0.517880 -0.014463
0.123109 0.254757 -0.361758
0.070211 -0.746580 -0.392816
-0.132190 0.341381 0.341810
0.275103 -0.361686 -0.346229
0.018715 0.481140 -0.019739
-0.569814 0.247147 0.343832
-0.233187 -0.475362 0.383624
-0.559461 0.652331 -0.309259
0.537908 -0.727435 0.219902
0.282760 -0.193900 0.383624
-0.236196 -0.005429 -0.007978
-0.558287 -0.414790 -0.392816
-0.225136 0.297382 -0.223740
-0.569814 -0.305806 0.333552
-0.559461 0.197292 -0.028000
0.525529 0.614422 0.383401
0.165613 0.148690 0.422343
0.537908 -0.032615 0.056242
0.212713 -0.517880 -0.030525
0.537908 0.356010 -0.300706
-0.287843 0.664897 0.371984
-0.559461 -0.623666 -0.109154
-0.173508 -0.492086 -0.361758
-0.123822 -0.754278 0.223160
0.528977 -0.420468 0.352567
-0.474561 -0.094097 -0.346229
0.208779 -0.051234 -0.361758
-0.021879 -0.247832 0.321509
-0.538756 -0.025091 0.189318
0.333928 0.384261 0.321509
0.299635 0.473376 -0.156510
-0.562049 0.551657 0.358560
0.426618 0.219830 -0.048329
-0.406597 -0.460941 0.116239
0.537908 -0.717629 -0.075587
0.117896 0.570841 -0.361758
0.537908 -0.285940 -0.251583
0.023830 -0.369584 -0.196118
-0.339575 -0.335598 -0.196118
-0.046035 0.065335 -0.196118
0.528013 0.672662 -0.150438
-0.065552 -0.005429 0.202440
-0.322090 0.548747 -0.196118
-0.559461 0.402987 -0.195658
0.539686 -0.158604 0.352567
-0.254056 0.070527 -0.361758
0.336914 -0.013194 -0.139527
0.300681 -0.612168 -0.392816
-0.210406 0.481140 0.143129
0.537908 0.279526 0.198396
0.436533 -0.517880 -0.194703
0.013023 -0.460941 0.184211
0.274563 0.473376 0.093052
0.345228 -0.005429 0.221709
0.096790 0.437037 0.383624
0.350959 -0.468705 0.171772
0.356644 0.160079 -0.361758
-0.371296 0.397369 0.382002
-0.070280 0.416287 -0.361758
-0.306345 0.169209 0.354400
-0.448171 -0.004001 -0.115535
-0.057686 0.610547 0.348316
0.078825 -0.512704 -0.380847
-0.456862 -0.543890 0.378486
0.426576 -0.218680 0.157052
0.309309 -0.747996 0.223160
0.192164 -0.209727 -0.196118
-0.080779 0.144624 0.440547
-0.555045 0.672662 -0.070793
0.411720 0.641604 0.154019
-0.538756 0.350022 0.139759
0.067945 -0.049839 0.383220
0.537630 -0.487763 -0.392816
-0.339103 -0.283426 0.354400
-0.390144 0.375944 -0.346229
0.457675 -0.193984 -0.068536
-0.311992 -0.643282 0.223160
0.317834 0.374858 -0.361758
-0.145338 -0.718150 -0.392816
-0.026081 -0.553543 0.383624
-0.448171 -0.246106 0.164223
-0.538756 -0.414936 -0.164227
-0.429112 0.226700 -0.196118
-0.559461 -0.625393 -0.323226
0.391988 -0.162968 -0.346229
0.192496 0.131503 -0.196118
0.540496 0.402954 0.378275
-0.036014 0.576901 -0.200773
-0.377348 -0.537126 -0.392816
-0.492143 0.038029 0.383624
0.004269 0.473376 0.199176
-0.367103 0.614580 -0.392816
0.067924 -0.238813 -0.361758
-0.323998 -0.013194 0.184875
-0.353767 -0.517880 -0.095495
0.167542 -0.356061 0.321509
-0.206032 -0.460941 0.178037
0.000691 0.265576 -0.196118
-0.448171 0.150019 0.135653
-0.174070 0.473376 -0.076864
0.085594 -0.702500 0.223160
0.389308 -0.561077 0.354209
0.537908 -0.532201 0.183809
-0.559461 0.471189 -0.380083
-0.304199 -0.237631 -0.361758
-0.104748 0.194177 -0.361758
0.368352 0.187853 0.321509
-0.155193 -0.277461 -0.196118
0.537908 0.555767 -0.314509
-0.538756 0.068135 -0.270605
0.426618 0.135521 0.124058
-0.227015 -0.026663 -0.196118
0.537908 0.178808 -0.195810
0.044605 0.253499 0.321509
-0.559461 -0.501495 0.224965
-0.557172 0.672662 0.213402
0.325514 0.279775 -0.196118
-0.559461 -0.259341 -0.286016
0.213729 -0.517880 -0.218163
-0.017717 -0.005429 0.000103
0.034852 -0.460941 -0.020476
0.025923 -0.013229 -0.361758
0.328223 0.575782 0.352567
0.360556 -0.294164 -0.196118
-0.559461 -0.420917 0.019071
0.537908 0.004728 -0.123751
0.356307 -0.365479 0.379095
0.535799 0.179405 -0.392816
0.537908 0.365411 -0.118174
0.396083 -0.517880 0.002714
-0.559461 0.443723 -0.014563
0.537908 -0.008064 0.242423
0.517202 0.498879 0.221798
-0.095536 -0.517880 -0.187191
-0.484430 -0.147597 0.352567
0.132763 0.452670 -0.226044
-0.226488 0.497232 0.321509
-0.237109 0.483217 -0.361758
-0.404875 -0.168568 -0.196118
0.271017 0.004565 0.383624
0.022203 -0.158129 -0.209660
0.345704 -0.005429 0.037763
-0.115879 -0.061593 0.383624
0.403149 0.641604 -0.028163
-0.145938 -0.321320 0.422776
-0.559461 0.013545 0.019704
-0.559461 -0.606714 0.069642
-0.070035 -0.352587 -0.361758
0.177810 -0.460941 0.130018
0.156174 -0.005429 0.241157
-0.370091 0.481140 0.221560
-0.386649 0.198084 -0.361758
0.152656 -0.033899 -0.198148
0.537908 -0.352572 0.197416
-0.400192 0.481140 -0.063062
0.168694 0.481140 0.234587
0.299324 0.544914 -0.346229
-0.292243 0.131531 -0.196118
-0.399614 -0.378667 -0.346229
-0.559461 -0.110976 -0.178117
0.457675 0.516829 -0.152857
-0.181522 -0.199062 0.321509
0.428550 -0.045169 0.383624
0.537908 -0.633983 -0.244196
0.203168 0.288363 0.352567
-0.435029 -0.517880 -0.244242
0.537908 -0.129744 -0.211083
-0.257056 -0.517880 -0.223164
-0.058971 -0.598445 0.223160
-0.448171 -0.395218 0.281074
0.130668 -0.200829 0.321509
-0.559461 0.507677 0.190789
0.203262 0.107880 -0.361758
0.537908 0.661481 0.053995
-0.452128 0.663483 0.382615
0.045246 -0.334071 0.436381
-0.559461 -0.154590 0.095596
-0.386585 -0.013194 0.039888
0.537908 -0.528393 -0.065059
0.168857 0.473376 -0.066689
-0.194275 0.064253 0.321509
0.389910 -0.002049 -0.361758
0.537908 0.315398 0.045981
-0.316743 -0.072885 -0.361758
0.241105 -0.203124 -0.346229
0.028527 0.087654 0.321509
0.407351 0.094128 -0.227175
-0.060889 -0.402698 0.321509
0.193586 -0.364948 -0.196118
-0.142462 0.457838 -0.227175
-0.560257 0.396048 0.382973
0.386739 -0.480727 -0.361758
0.426618 -0.399407 -0.091098
0.059478 -0.517880 -0.175939
-0.559461 0.556224 -0.182214
0.530540 -0.225783 -0.392816
-0.559461 0.128977 0.246140
-0.415987 0.046869 -0.361758
-0.448433 0.297383 -0.061093
-0.023338 -0.625886 -0.392816
-0.031336 0.560316 -0.392816
0.378957 0.481140 -0.016912
-0.449565 0.297382 0.267014
0.537908 0.663657 0.234470
0.537908 -0.239249 0.056808
-0.282206 -0.655256 -0.392816
0.405875 0.641604 -0.231456
0.537908 0.111191 0.014408
-0.559461 -0.345914 0.162700
0.537908 -0.745040 0.071153
-0.559461 -0.755915 0.070678
-0.414526 0.629844 -0.111786
0.525541 0.256864 0.352567
-0.062884 0.467114 0.383624
0.170580 0.277598 -0.196118
-0.260735 -0.174363 -0.227175
-0.448171 -0.313678 0.033550
0.414894 -0.229977 0.321509
0.462661 -0.354991 -0.361758
-0.127612 -0.003969 -0.361758
0.535776 -0.569023 0.352567
0.239152 0.672662 -0.385681
0.207071 0.532035 0.421714
-0.377581 0.540699 0.354400
-0.416010 0.641604 0.230916
0.272250 -0.607489 0.223160
0.375318 0.473376 0.205258
0.091687 0.427174 -0.361758
0.052670 0.130093 -0.346229
-0.150648 0.171587 -0.227175
-0.416795 0.641604 -0.255071
-0.262002 0.282033 -0.361758
-0.367894 -0.517880 0.265324
0.131246 0.473376 0.083668
0.078941 -0.468705 0.312282
-0.272275 -0.517880 0.060960
0.444237 -0.612075 -0.392816
-0.559461 0.091842 -0.130605
0.537908 0.144025 0.245017
0.280856 -0.468705 0.302323
-0.448171 0.170028 0.339657
-0.538756 0.657484 0.070120
-0.559461 0.264881 -0.153320
0.126585 -0.368444 -0.361758
0.196705 0.576901 -0.199857
-0.184542 -0.005429 0.124455
0.537908 -0.313043 -0.107608
-0.444613 0.486548 -0.227175
-0.448171 -0.285704 -0.121949
-0.460466 -0.517880 -0.004158
-0.559461 -0.715599 -0.215171
0.537908 -0.123783 0.162888
0.320738 -0.424230 -0.227175
-0.097868 0.481140 0.056772
-0.121533 -0.013194 -0.092470
0.310422 0.138887 0.438299
-0.367816 0.041479 0.321509
0.387864 -0.158129 -0.203310
-0.360715 -0.007228 -0.227175
0.208583 -0.754882 -0.392816
0.368020 -0.733319 -0.392816
-0.270009 0.299733 0.383624
-0.448171 0.110920 0.003042
-0.129685 0.195117 0.321509
0.537908 -0.433379 -0.232416
-0.559461 -0.160313 0.238378
0.079811 0.564427 0.321509
-0.441054 -0.328094 0.434319
0.099391 -0.013194 -0.071320
0.424171 -0.597532 0.223160
-0.171287 -0.411187 -0.227175
-0.242390 -0.373878 -0.361758
0.420761 0.463552 -0.346229
0.426618 -0.310050 0.014169
0.059868 -0.005429 0.144679
-0.448658 -0.237706 -0.361758
-0.047221 -0.517880 -0.314904
0.426618 0.064373 -0.045446
-0.305756 0.473376 0.032417
0.226081 -0.329771 0.439649
0.426618 0.295566 0.124865
0.215584 -0.512704 -0.363449
0.454172 0.505101 0.352567
0.142583 -0.629626 -0.392816
-0.081162 -0.468705 0.088993
0.426618 -0.410276 0.264845
-0.452321 -0.158129 -0.063588
-0.559461 0.326117 -0.304219
0.537908 0.670291 -0.382163
-0.569814 -0.463504 0.351587
0.457675 0.285379 -0.191038
-0.479229 0.453158 0.295340
-0.126920 -0.517880 0.305789
-0.554587 0.020367 -0.392816
0.427129 0.301221 -0.361758
0.001344 0.304792 -0.361758
-0.559461 -0.753092 -0.355060
-0.559461 -0.486445 -0.273276
0.537908 0.584484 -0.053434
0.258644 0.245921 -0.361758
-0.193028 0.576901 -0.212229
0.537908 -0.227169 0.242505
-0.210902 0.148312 0.439591
0.303558 -0.517880 -0.122742
-0.393600 -0.743413 0.223160
-0.559461 0.221894 0.156873
-0.235086 -0.362774 0.321509
-0.418920 0.500254 -0.361758
0.426618 0.083999 0.267161
-0.360202 -0.161184 0.321509
0.412326 0.672662 0.350229
0.239628 -0.005429 -0.056227
-0.463825 -0.591791 0.223160
-0.355863 -0.438618 0.377665
-0.118658 0.481140 0.254071
0.426618 0.291264 0.273631
0.527637 -0.097072 -0.392816
-0.109344 -0.158129 -0.198395
0.117116 -0.551973 0.223160
0.532604 -0.282079 0.383624
0.537908 -0.615429 0.027875
0.018276 0.473376 -0.150365
0.189170 -0.090838 0.366687
-0.237020 -0.468705 -0.108112
-0.322022 -0.005429 -0.104261
-0.559461 -0.045108 0.316387
0.240802 0.143183 0.321509
-0.448171 -0.261959 0.289015
0.049258 0.147216 -0.196118
0.028848 -0.030146 -0.227175
0.279873 -0.517880 0.081297
0.453844 -0.033899 -0.224303
-0.434858 0.089947 -0.196118
0.426618 -0.423020 0.076822
-0.280078 0.525974 0.429840
0.045946 0.667040 -0.392816
0.144174 0.047951 0.353457
-0.559461 0.316597 0.022265
0.248017 -0.005429 0.144982
0.195431 0.357507 -0.361758
-0.004683 -0.139995 -0.346229
-0.448171 0.066353 0.226635
0.537908 0.452712 -0.221493
0.220021 0.420429 0.352567
0.537908 0.059854 0.137780
-0.167845 -0.273809 -0.346229
-0.559461 0.188157 -0.255953
-0.448171 0.259103 0.055334
0.426576 0.530829 0.104148
0.426618 -0.001805 0.130775
0.040065 0.152487 0.425543
0.537908 0.186364 0.119854
-0.181085 0.610547 0.350125
0.087632 -0.270915 -0.227175
0.257119 0.020637 -0.227175
-0.504732 0.580073 -0.392816
0.517202 0.408483 0.138363
-0.186760 -0.651268 0.223160
-0.559461 -0.750065 -0.099649
-0.559461 0.116233 0.082817
-0.559461 -0.508990 -0.072440
0.537908 -0.742948 -0.193361
-0.448171 -0.431535 -0.086424
-0.405466 0.282529 0.383624
0.310149 0.164177 -0.227175
0.537908 0.460520 -0.387083
0.000408 0.347176 0.381596
-0.137156 0.308340 -0.346229
-0.444856 -0.635192 -0.392816
-0.559461 -0.113558 -0.037774
-0.479229 0.563505 -0.029883
-0.391508 0.142673 0.440025
-0.559461 -0.199577 -0.387820
-0.448171 -0.164818 0.058852
0.537908 -0.088460 -0.047269
0.537908 -0.500390 0.070623
0.083741 -0.517880 0.069800
-0.559461 0.373342 0.264574
-0.491796 -0.522692 -0.361758
0.540496 -0.017482 0.358608
-0.445060 -0.373910 -0.227175
0.433630 -0.382193 -0.227175
0.160525 -0.460941 -0.132207
0.333702 -0.070465 0.321509
-0.562546 0.672662 0.349227
0.107636 -0.117901 -0.361758
0.517202 0.115674 -0.298297
-0.015266 -0.129629 0.383624
0.537908 0.249789 -0.051006
0.417236 0.101634 0.380652
0.537908 0.561496 0.124056
-0.261461 -0.317073 0.432269
0.426618 -0.333028 0.167176
0.260994 -0.289399 0.321509
-0.559461 0.544702 0.056892
0.400076 0.310106 0.383624
0.517202 0.379205 0.268626
-0.218484 -0.013194 0.233417
0.340156 -0.267613 -0.346229
-0.006724 -0.005429 -0.115720
-0.270974 0.672662 -0.373023
-0.562035 0.127941 0.379820
-0.114380 0.297382 -0.197264
-0.310399 -0.560625 0.353757
-0.410952 -0.066520 0.383624
-0.037024 -0.008251 0.321509
0.446018 0.576901 0.263794
-0.044420 -0.460941 -0.103693
0.457675 0.134886 -0.129277
-0.559461 -0.251337 -0.173244
-0.166034 -0.607219 -0.392816
-0.538756 -0.471512 0.117739
0.036934 0.668430 0.321509
0.194592 0.472609 -0.361758
-0.559461 -0.271380 0.078597
-0.448171 0.180070 -0.085518
-0.097244 -0.468705 0.204713
-0.491376 0.136205 -0.346229
-0.419351 0.641604 0.028783
-0.438479 -0.005429 0.138978
0.071695 0.560683 -0.227175
0.423605 -0.454975 0.383624
0.457675 -0.161490 0.048470
-0.333001 0.283723 -0.196118
-0.219845 0.178581 -0.361758
-0.356429 -0.460941 0.000496
-0.277550 0.396401 0.321509
-0.252930 0.452670 -0.212484
-0.131663 0.523096 -0.361758
-0.538756 0.665343 -0.191152
0.537908 0.472650 -0.068513
-0.538756 -0.369844 -0.287293
0.132842 0.182570 0.321509
-0.270995 -0.746473 0.223160
-0.282745 0.473376 -0.099321
0.019647 -0.420792 -0.361758
-0.308409 -0.517880 0.171711
0.308806 -0.517880 -0.292287
-0.465364 0.296251 -0.361758
0.419905 -0.747190 0.223160
-0.051871 -0.254341 -0.227175
0.383487 0.463108 -0.227175
-0.204833 -0.089432 0.321509
0.289158 0.039102 -0.346229
-0.361882 -0.451601 -0.196118
0.311909 -0.089519 -0.361758
0.113812 0.343946 0.321509
-0.559461 -0.330295 -0.093660
-0.473799 0.452670 0.130753
0.277334 0.473376 0.254087
0.462551 0.565702 -0.392816
0.161308 -0.471928 0.383624
0.457675 -0.243585 -0.165494
-0.281692 -0.475099 -0.361758
-0.086902 -0.033899 -0.212459
0.305692 -0.460941 -0.030376
0.444855 -0.517880 0.130064
0.537908 -0.612021 -0.138072
0.275014 0.672662 0.346602
-0.022691 -0.703135 0.223160
0.124900 0.034781 -0.346229
-0.448171 -0.363892 0.139629
-0.466374 -0.261615 -0.227175
-0.559461 0.489508 -0.273580
0.312976 0.553976 -0.227175
-0.461271 -0.033899 0.272792
-0.049728 -0.247989 -0.346229
-0.123673 -0.005429 0.035668
0.116457 -0.435917 -0.227175
0.273465 0.481140 -0.037860
-0.139817 0.526427 0.429719
0.517202 0.252312 -0.281726
0.326308 0.072240 0.321509
-0.448171 0.260082 0.162492
-0.452803 -0.158129 0.248478
-0.460626 0.672662 -0.362177
-0.200116 0.076933 -0.196118
-0.559461 -0.585879 -0.209159
0.225983 0.572464 0.321509
0.053165 -0.323929 0.321509
-0.538756 -0.002889 -0.175518
0.469210 -0.517880 -0.305334
0.023591 0.473376 0.086452
0.457675 0.213814 0.055504
0.517202 0.640606 -0.253729
0.537116 0.071068 -0.392816
0.430901 -0.033899 0.277879
-0.088716 0.084662 0.321509
0.380425 0.516204 0.427942
-0.467295 -0.438538 0.383624
-0.011758 -0.517880 0.272769
0.043997 -0.005429 0.253636
-0.255336 -0.517880 0.274293
0.290412 -0.535881 0.383361
0.537908 -0.647103 0.151233
-0.063029 0.077890 -0.346229
-0.235227 -0.139612 -0.361758
0.089009 -0.561878 0.377497
0.537908 -0.436809 -0.127572
0.426618 0.215907 0.200699
-0.559461 -0.681645 -0.020450
0.537908 -0.452962 0.253564
-0.252741 -0.755509 -0.392816
0.258442 -0.289467 -0.227175
-0.373070 0.473376 0.111872
0.537908 -0.616096 -0.347510
-0.184884 -0.460941 0.076147
-0.538756 -0.035696 -0.276893
0.537908 0.050116 -0.217251
-0.277595 0.383559 -0.346229
0.006156 0.473376 0.302850
0.298063 0.260691 0.383624
0.524534 0.285345 -0.392816
-0.538756 -0.300914 -0.389358
0.172125 -0.639549 0.223160
-0.448171 -0.477068 0.209360
0.392972 0.628946 -0.129949
0.255168 -0.005429 0.271196
-0.448171 0.543405 0.257422
0.213256 -0.517880 0.242796
-0.033689 -0.005429 0.102765
-0.096106 -0.213164 0.382750
-0.198400 0.481140 0.037976
-0.049438 -0.517880 0.002989
0.426618 -0.028805 -0.087181
-0.135008 -0.289784 0.321509
-0.559461 -0.157698 -0.281515
-0.059426 0.660636 -0.392816
0.457675 -0.338252 0.344098
-0.482682 -0.517880 -0.138303
-0.013600 -0.469510 -0.227175
-0.269331 0.473376 0.232627
0.090075 0.054284 -0.196118
-0.538756 -0.555439 0.308340
-0.538756 0.476625 -0.108196
-0.224043 -0.035160 -0.346229
-0.085501 -0.349722 -0.227175
0.426618 -0.158579 0.250876
-0.256228 -0.287611 -0.227175
0.105168 0.526520 0.429694
0.172475 -0.279960 -0.346229
0.363139 0.481140 0.306123
-0.074948 0.481140 -0.092215
0.127302 -0.517880 -0.293273
-0.174405 0.421826 0.383624
-0.022903 0.179712 0.321509
-0.448171 -0.413098 0.022821
0.517202 -0.409067 0.117750
-0.129947 -0.013194 0.285396
-0.559461 -0.252346 0.199778
-0.486497 0.405833 -0.361758
-0.175985 -0.561636 0.380674
-0.263004 0.027577 0.383624
-0.562049 -0.217583 0.378995
-0.054982 0.269734 0.352567
-0.474397 0.511781 0.383624
0.457675 0.544648 0.010731
0.457675 -0.286355 0.249199
-0.278780 0.573227 -0.361758
-0.538756 -0.013947 -0.072991
-0.260860 -0.225763 0.374023
-0.167553 0.409919 -0.346229
-0.292405 -0.005429 0.073116
0.399042 -0.139199 0.383624
-0.559461 -0.586356 0.166057
0.537908 0.560344 0.301992
-0.159435 0.098025 -0.346229
-0.538756 -0.056404 0.085698
-0.458383 0.362452 0.352567
0.517202 -0.269835 0.147934
-0.538756 0.252853 0.247736
-0.559461 0.586220 0.266808
0.451701 -0.033899 0.009495
-0.467121 0.452670 0.017074
-0.376190 0.655074 0.321509
0.211700 -0.741633 0.223160
-0.292354 0.576901 0.322920
0.132980 -0.279814 0.379095
0.517202 -0.164044 -0.318463
0.146073 -0.460941 0.012269
0.051268 -0.200826 0.383624
-0.330349 -0.517880 -0.289143
0.517202 -0.099412 0.268758
0.437976 0.394040 0.352567
-0.538756 -0.394404 0.244339
-0.238189 0.232114 0.321509
-0.262253 -0.397857 -0.196118
-0.489541 0.620899 0.166894
-0.353884 0.452670 -0.221491
0.243307 -0.403573 0.379095
0.020936 -0.323411 -0.346229
0.141132 0.672662 -0.377261
-0.559461 0.352977 -0.113059
-0.457041 -0.033899 -0.024324
0.418356 -0.322953 0.438806
-0.167002 -0.405948 0.379095
-0.419858 -0.227556 0.374054
-0.055689 0.158636 -0.227175
0.457675 0.044622 -0.161253
0.537908 -0.177857 -0.118082
0.457675 0.172588 0.290851
-0.458470 -0.000786 -0.227175
0.237514 0.489336 -0.227175
0.435158 -0.246539 -0.361758
-0.479229 0.045750 0.065201
-0.005823 0.529828 0.427010
0.537908 0.567995 -0.156606
-0.559461 -0.100355 -0.388457
-0.466996 0.576901 -0.189493
0.016689 -0.438618 0.377445
0.308385 0.469219 0.382657
0.450096 0.452670 0.273711
0.368029 -0.517880 0.250615
0.426618 -0.305038 -0.088641
-0.048475 0.452670 -0.213468
0.306673 -0.199347 -0.227175
0.537908 -0.402927 -0.331939
-0.538756 0.101324 -0.039342
-0.334086 0.270209 0.321509
-0.094825 0.473376 0.150396
0.537908 -0.334718 0.295472
-0.559461 -0.520277 0.033225
-0.052737 -0.331427 0.422808
0.032177 -0.620241 0.223160
0.153856 -0.005429 0.143196
-0.245104 -0.517880 -0.029044
0.426736 0.452670 -0.092007
0.381215 -0.460941 -0.145610
0.459043 -0.517880 0.309706
0.517202 0.024839 -0.021420
0.007836 0.464864 -0.346229
-0.559461 0.048158 0.320179
0.139448 -0.460941 0.242027
0.517202 0.394393 0.001566
-0.359283 -0.162787 -0.361758
0.136929 0.603175 0.383624
-0.337245 -0.226916 -0.227175
-0.474751 -0.158129 0.147402
0.537908 -0.178982 -0.013608
0.011083 -0.460941 0.086785
0.392972 0.629316 0.064392
0.457675 0.046216 0.058310
0.440859 0.297383 0.020230
0.454332 -0.489410 -0.067243
0.430524 0.297383 -0.098007
0.537908 -0.545340 -0.218993
0.246874 0.236654 -0.227175
-0.095624 -0.463787 0.383624
0.537908 0.097039 -0.104974
0.321623 0.639347 -0.361758
0.406720 0.180563 -0.196118
0.213335 0.577025 -0.346229
-0.367775 -0.367055 0.321509
-0.559461 -0.327877 -0.001997
-0.061769 0.399770 0.321509
0.446418 0.641604 -0.313558
0.517202 -0.032999 0.156836
0.365084 -0.011816 -0.227175
0.517202 -0.307289 -0.014955
-0.468698 0.297383 -0.150049
0.439809 0.072666 -0.346229
0.255902 -0.013194 0.051271
0.320925 0.077724 -0.196118
-0.448171 0.085702 -0.100276
0.104182 -0.114131 0.327683
0.537908 0.061193 0.304898
0.379741 -0.388313 -0.346229
0.107212 0.274437 0.383624
0.119357 0.209757 -0.227175
-0.559461 0.224035 0.066421
-0.478844 -0.319664 0.352567
-0.331689 0.482067 -0.346229
0.457675 0.029655 0.336367
0.518828 0.672662 -0.058841
0.416288 0.547288 -0.227175
-0.318637 0.481140 0.320632
0.537908 0.468686 0.304370
-0.133843 -0.517880 -0.103303
-0.538756 0.278679 -0.060824
0.338300 0.285062 -0.346229
0.473663 0.190141 0.383624
-0.022308 -0.715903 -0.392816
-0.085356 -0.442628 -0.346229
-0.531443 -0.674943 -0.392816
-0.559461 0.052391 0.148820
0.457675 0.146783 -0.004391
0.360934 0.013809 0.383624
-0.479229 -0.221672 -0.003094
-0.466362 -0.436343 -0.361758
0.446121 0.452670 0.065107
-0.350207 -0.325044 0.440211
0.085866 -0.517880 -0.066889
-0.366294 0.170831 -0.227175
-0.403391 -0.042407 -0.361758
0.109675 -0.175500 -0.196118
-0.307864 0.140008 -0.346229
0.341645 -0.277492 0.379095
-0.559461 0.180246 -0.119673
0.222371 -0.173469 0.321509
-0.479229 -0.343352 -0.057495
-0.479229 -0.482495 0.292446
0.016020 0.218670 -0.346229
-0.490211 0.641604 0.279366
0.080969 0.481140 0.245637
-0.506964 0.295467 0.383624
-0.479229 0.092211 0.311565
-0.541088 -0.384112 0.377602
-0.559461 0.409558 0.077901
0.188530 0.481140 -0.154161
0.537908 -0.314265 -0.383577
-0.077413 -0.111172 0.321509
0.426618 0.540341 -0.071776
0.177654 0.492709 0.321509
0.281143 0.347120 0.381386
-0.443577 0.473376 -0.139170
-0.234281 -0.005429 -0.100316
-0.414526 0.633810 0.123461
-0.152831 0.018384 0.383624
0.212732 -0.005429 -0.141069
-0.302899 0.136263 0.435499
0.501766 0.641604 0.131225
-0.329212 -0.320025 -0.346229
0.091465 0.334824 -0.346229
0.212805 -0.427040 -0.346229
0.040039 -0.517880 -0.296584
-0.569814 -0.138137 0.336899
-0.245938 0.212809 -0.227175
-0.213640 0.145833 0.352567
0.034000 0.593992 -0.346229
0.075283 -0.013194 0.052514
0.264000 -0.468705 0.172834
-0.559461 -0.682278 0.136721
0.429056 -0.085945 -0.361758
-0.289464 0.042301 -0.227175
-0.559461 -0.568809 -0.390426
0.442027 0.175079 -0.361758
0.537908 -0.155773 0.080495
0.214330 0.473376 0.155222
-0.479229 0.530622 0.168113
-0.559461 0.567988 -0.061825
0.295853 0.458283 -0.361758
0.447381 -0.699601 -0.392816
0.457675 0.461068 0.171770
0.061102 -0.657649 -0.392816
0.223233 -0.659930 -0.392816
0.500025 0.672662 0.325275
-0.321407 -0.013194 -0.017598
0.319130 -0.443925 0.383624
-0.137148 0.542417 0.321509
-0.559461 0.481094 0.308438
0.517202 -0.077838 -0.135461
-0.479229 -0.205097 -0.130302
0.537908 0.573693 0.031767
-0.479229 -0.338979 0.216996
0.457675 -0.392144 -0.008146
-0.377384 0.120051 0.354400
-0.038376 -0.517880 0.145998
0.419171 0.594148 0.383624
-0.344947 0.303162 -0.361758
-0.302389 -0.013194 0.267616
0.457675 0.049921 0.195182
-0.479229 0.156588 0.235986
0.103666 0.473376 -0.147138
0.537908 -0.047930 -0.235485
-0.539045 0.658826 -0.392816
-0.470146 -0.682899 0.223160
-0.538756 -0.340153 -0.205171
0.457677 0.379239 -0.346229
0.473530 -0.671747 0.223160
0.531283 -0.569642 0.260032
-0.556067 0.368214 -0.392816
-0.099308 0.600111 -0.346229
0.464258 -0.517880 0.224928
0.105960 0.473376 0.164880
-0.291933 -0.425812 0.321509
0.457675 0.136455 0.203010
0.475799 -0.219068 0.383624
-0.259731 -0.159151 0.321509
0.173770 -0.286410 -0.227175
-0.357534 0.473376 -0.138915
-0.233907 -0.517880 -0.306634
-0.384504 -0.517880 0.056350
0.235960 -0.438087 -0.196118
0.517202 0.229175 0.262990
0.537908 0.310291 -0.182209
0.326776 -0.531441 -0.392816
0.304111 -0.453129 -0.346229
-0.479229 0.221165 -0.017918
0.329488 -0.517880 -0.210842
0.215618 0.083999 0.379095
0.357898 0.473376 0.103722
-0.559461 0.423926 0.196374
0.537908 -0.214961 -0.206807
-0.019504 0.047951 0.381280
0.381332 0.562425 -0.346229
-0.265928 0.457130 0.383624
-0.559461 0.319040 -0.220809
-0.511908 -0.060182 0.383358
0.177189 0.049467 -0.196118
0.084755 -0.468705 0.142300
-0.538756 -0.106381 0.160544
0.537908 -0.714611 -0.286759
0.049812 0.460110 -0.227175
-0.109357 0.547729 -0.227175
-0.559461 -0.420999 -0.064108
0.039236 -0.460941 -0.105616
0.223027 -0.468705 0.045732
-0.332563 0.048101 -0.346229
-0.395006 -0.639811 0.223160
-0.369067 -0.454351 -0.361758
0.283800 -0.094261 0.383509
0.245860 -0.460941 -0.104825
-0.196438 -0.460941 0.260935
0.497839 0.336563 0.352567
0.491265 -0.091257 0.354856
-0.293344 0.481140 0.144312
-0.073222 -0.093354 -0.346229
0.217736 0.473376 0.023003
0.352121 -0.013194 -0.054368
-0.126211 0.663530 0.382549
0.337530 -0.196789 0.321509
0.384968 -0.670408 0.223160
0.194458 -0.132704 -0.361758
-0.538756 0.558457 -0.320635
-0.029759 -0.539181 -0.392816
-0.218133 -0.272988 0.321509
0.543058 0.174470 0.321509
0.217535 -0.244092 0.379095
-0.451378 0.586773 0.352567
-0.398937 0.452670 0.327586
0.537908 0.453812 -0.305027
-0.139817 0.121021 0.379095
-0.464003 -0.517880 0.131358
-0.397984 -0.569642 0.321687
-0.140487 -0.144001 0.383624
-0.520016 0.620899 -0.124154
0.517202 0.282524 0.118361
0.277768 0.143667 -0.346229
0.162957 -0.027587 0.321509
-0.152110 -0.576949 0.223160
-0.479229 -0.358236 -0.143972
0.018485 -0.071166 0.321509
-0.282213 -0.460941 0.118951
-0.217343 0.341381 0.327988
0.465127 -0.525430 -0.392816
-0.177600 -0.517880 -0.242165
0.170990 0.356689 0.383624
-0.149545 -0.362730 -0.346229
0.373892 -0.517880 -0.075828
0.498478 -0.489231 0.383624
0.049581 0.503026 0.373818
0.457675 -0.447691 0.169126
0.391620 -0.517880 -0.281376
-0.098376 -0.446825 -0.227175
0.397089 0.641604 0.264407
0.537908 0.175781 -0.085469
0.337407 -0.460941 0.076241
0.426618 -0.244108 0.061356
0.457675 0.541299 0.183396
0.359180 0.277878 0.321509
-0.099757 -0.460941 -0.044510
0.302567 0.473376 0.169828
0.537908 -0.354279 -0.208323
0.098465 0.121334 0.379095
0.070889 0.032214 0.383624
-0.371269 -0.460941 0.190647
-0.569814 0.332699 0.333575
-0.144776 -0.517880 0.116915
0.472653 0.620899 -0.100086
-0.448171 0.465198 0.208927
-0.191785 -0.202468 -0.196118
-0.241595 -0.592228 0.223160
0.446683 -0.302703 -0.227175
-0.124348 0.047097 -0.196118
0.469009 0.620899 0.039701
0.093044 -0.386315 0.352567
-0.559461 0.099458 -0.380111
-0.517307 0.641604 -0.005546
0.247227 0.198821 0.379095
-0.011966 0.549227 0.321509
0.517202 -0.373945 -0.059388
0.517202 -0.474656 -0.009390
0.284889 -0.367267 0.321509
-0.040196 -0.325675 0.321509
-0.482283 0.002544 -0.361758
0.463473 0.620899 -0.180336
0.353478 -0.489410 0.327789
0.094709 0.473376 0.002862
0.479183 -0.015235 -0.361758
-0.366955 -0.618832 -0.392816
-0.479229 0.187570 0.070922
-0.538756 0.177918 0.305230
-0.559461 -0.490790 -0.175260
0.117418 0.173265 -0.361758
-0.358666 0.515527 0.427265
-0.301796 -0.468705 -0.061378
-0.343445 0.609647 0.383624
-0.471530 -0.448580 -0.227175
0.457675 -0.487494 0.042891
-0.479229 0.534561 -0.103547
-0.559461 0.479385 0.116981
0.219865 0.629859 0.383624
-0.479229 -0.297479 0.104375
0.537908 0.232458 0.055684
-0.171586 -0.092915 -0.361758
-0.033605 0.151015 -0.346229
0.537908 -0.640593 -0.046712
-0.559461 0.403764 -0.317072
-0.304047 0.090587 0.352567
0.537908 -0.078358 -0.316923
0.536205 0.382125 -0.392816
-0.559461 0.601292 -0.249580
0.046209 0.621341 0.383624
-0.371441 -0.515289 0.383624
0.517202 0.596285 0.200053
-0.156950 -0.468705 -0.175815
0.537908 -0.520961 -0.144447
-0.384228 0.118541 -0.361758
-0.538756 -0.243573 0.297459
0.451893 0.452670 -0.016136
-0.146562 -0.005429 0.203475
-0.479229 0.041221 -0.014442
-0.394899 0.481140 0.027072
-0.177079 0.473376 -0.158782
-0.559461 0.133652 -0.196698
-0.479229 -0.164807 -0.219971
0.200335 0.185985 -0.361758
-0.392644 -0.005429 0.248530
-0.218645 -0.214359 -0.346229
0.517202 -0.313645 0.068446
-0.310877 0.221127 -0.361758
0.423687 0.241317 0.352567
-0.497804 0.218028 0.383624
0.314199 -0.168362 -0.346229
0.537908 0.325753 -0.033783
-0.483369 -0.334650 -0.346229
-0.462779 0.208489 -0.346229
-0.179298 0.278206 0.352567
0.426618 -0.345649 0.084174
0.019721 -0.234611 -0.196118
-0.409874 -0.517880 -0.317736
-0.191504 0.473376 0.228264
-0.346819 0.346795 0.321509
-0.373355 0.208416 0.354400
-0.559461 -0.155481 -0.103114
-0.287921 -0.468705 -0.166712
-0.232865 -0.567754 -0.392816
-0.479424 0.620899 -0.295926
0.175939 -0.171971 0.383624
0.537908 0.483100 0.134489
0.095070 -0.361429 -0.227175
0.457675 -0.344808 -0.147447
-0.559461 -0.700906 -0.297827
-0.325819 -0.719256 -0.392816
0.537908 -0.246450 -0.318551
-0.538756 0.025343 0.248042
-0.430348 0.001675 0.352567
-0.366128 0.072792 -0.227175
0.291369 -0.723754 -0.392816
-0.538756 0.135342 0.154714
0.517202 -0.226720 0.316818
0.393680 0.144237 0.440443
0.164069 -0.201938 -0.346229
0.015193 0.389787 -0.361758
0.064773 -0.013194 -0.143098
-0.396775 0.572767 -0.227175
-0.538756 0.246002 -0.319886
-0.427845 0.576614 -0.361758
0.119613 -0.443402 -0.346229
-0.170637 0.245021 -0.196118
-0.479229 0.063205 0.139975
0.517202 -0.241358 -0.078293
0.457675 -0.465122 -0.143290
-0.334787 -0.086249 0.321509
-0.479229 0.169011 -0.200276
0.020162 -0.507527 0.343726
0.537908 -0.703924 -0.000398
0.517202 0.520633 -0.249925
0.452569 -0.158129 0.322685
-0.123017 0.481140 -0.015296
0.426618 -0.172489 -0.134854
-0.417445 -0.381032 0.378268
-0.055053 0.251961 -0.361758
0.150133 -0.334466 0.435986
0.339396 -0.005429 0.145883
0.290506 -0.517880 0.245158
0.390097 0.481140 -0.152209
0.537908 0.581515 -0.385999
-0.549419 0.478894 0.383624
-0.559461 -0.576942 -0.017039
-0.182030 -0.460941 -0.052755
-0.538756 -0.559106 -0.277230
0.216601 0.024417 -0.361758
-0.053775 -0.021929 -0.361758
0.537908 0.187233 -0.004872
0.426618 -0.241967 -0.018574
0.099779 0.297382 -0.213320
-0.174299 0.238764 -0.361758
0.300136 -0.334840 0.426570
-0.422952 -0.468705 -0.155431
0.519478 0.477246 0.377602
-0.559461 -0.080917 0.235367
-0.559461 0.372833 -0.039839
0.057879 -0.275668 0.379095
0.131715 -0.048381 -0.346229
-0.494247 0.503801 -0.361758
0.537908 -0.488069 -0.298742
0.426618 0.203192 -0.126522
0.418570 -0.226521 -0.227175
0.168360 0.116538 0.321509
0.537908 0.067047 0.212411
-0.127314 -0.367930 0.321509
0.517202 -0.108493 0.026227
-0.401937 -0.302139 -0.346229
-0.463074 0.437764 0.383624
-0.007831 -0.170760 0.321509
0.249045 -0.060501 0.321509
-0.117999 0.452670 0.335099
0.279078 -0.362121 -0.227175
-0.431668 0.297382 -0.220408
-0.290104 -0.361135 0.379095
-0.319827 -0.151462 0.383624
0.356968 0.070412 -0.346229
-0.100712 -0.551417 0.383624
0.235636 -0.478239 0.383624
-0.257008 0.525671 -0.227175
-0.231220 0.481140 -0.028970
-0.479229 -0.028450 0.050610
0.395875 -0.314610 -0.361758
0.050195 0.403496 0.336140
-0.316685 -0.468705 0.243198
-0.559461 -0.190848 0.019438
0.537908 -0.451624 0.175077
0.381269 -0.651571 -0.392816
0.094755 0.473376 -0.071548
-0.470000 0.114314 0.383624
-0.490721 -0.178572 -0.346229
-0.217099 -0.006317 0.321509
0.281903 0.503901 0.321509
-0.479229 -0.485477 0.059723
0.125322 0.130617 -0.227175
-0.198250 -0.732890 0.223160
-0.448171 0.241107 0.319236
0.249121 0.094138 -0.227175
0.397121 0.560676 0.321509
-0.538756 -0.084576 -0.102749
0.517202 0.382593 -0.186964
-0.065362 0.494556 -0.346229
-0.020972 0.121734 0.379095
0.462549 0.641604 0.230302
0.262232 0.242441 0.321509
0.391747 -0.467818 -0.227175
0.134734 -0.460941 -0.063107
0.100427 0.492224 0.321509
-0.206768 0.576098 -0.346229
0.363157 0.419929 0.383624
-0.479229 -0.435349 0.141763
0.169380 -0.517880 0.175929
0.517202 -0.560831 0.107164
-0.453911 0.641604 -0.042814
0.517202 -0.343045 -0.292957
0.391739 0.272886 -0.227175
0.199506 -0.354801 -0.346229
0.474715 -0.437525 -0.346229
-0.414915 -0.446693 0.321509
-0.204940 -0.321490 0.379095
0.207983 -0.460941 0.305551
0.517202 0.193764 0.189835
0.262179 -0.289500 -0.346229
-0.120291 -0.517880 -0.308997
0.071348 0.498001 -0.361758
-0.559461 0.291838 0.094110
0.362707 -0.360451 -0.227175
-0.559461 0.646063 0.145245
0.517202 0.472036 -0.138700
-0.559461 -0.380803 0.080240
-0.248010 0.604664 0.383624
-0.444415 -0.517880 -0.075997
-0.223498 -0.048356 0.383617
-0.448171 0.222483 0.231908
0.457675 0.229784 0.130397
0.281492 0.529069 0.414451
0.156371 -0.517880 0.065614
-0.064398 -0.569642 0.323287
0.363007 -0.005429 0.307308
-0.349500 0.550834 -0.361758
0.139612 -0.557027 -0.392816
-0.307104 -0.013194 -0.178504
-0.316609 -0.404135 -0.361758
-0.559461 0.565657 0.126421
-0.239208 0.646145 0.321509
0.165377 -0.013194 -0.041168
0.160433 0.224160 0.374121
-0.000946 -0.517880 -0.135867
0.253402 -0.161212 -0.196118
-0.494854 -0.223864 0.352567
-0.002982 -0.035210 0.383624
-0.270875 -0.460941 0.007410
0.075144 -0.480656 0.383624
0.015395 0.068191 -0.346229
0.468165 -0.561878 0.377031
-0.098827 0.211182 -0.196118
-0.319229 -0.005459 0.352567
0.072643 0.211180 0.379095
0.537908 0.412010 0.207467
-0.212380 -0.137465 0.383624
0.457675 -0.162427 0.120654
-0.559461 -0.175642 -0.211607
-0.340184 -0.517880 -0.177721
0.457675 -0.025861 0.196901
0.290091 0.103096 0.379095
-0.529020 -0.623322 0.223160
-0.395854 -0.153643 0.383624
-0.082750 -0.013194 -0.029733
-0.086908 0.199896 0.379095
0.296327 -0.033899 -0.201710
-0.559461 -0.191287 0.161997
-0.023612 -0.211873 0.383624
-0.538756 -0.123396 0.032405
0.057611 -0.517880 0.244208
-0.538756 -0.442599 0.189634
0.520945 -0.668937 -0.392816
-0.559461 0.294833 -0.375721
-0.054874 -0.460941 0.267634
0.457675 -0.162897 -0.218297
0.353772 -0.584999 0.223160
-0.538756 0.162315 0.030797
-0.559461 -0.515875 -0.339779
0.257380 0.325460 -0.346229
0.461074 -0.153653 -0.361758
-0.238522 -0.304277 -0.346229
0.383993 0.401590 -0.361758
0.537908 0.184592 -0.290191
-0.201455 0.339163 -0.346229
0.357027 -0.517880 0.114365
0.517202 -0.188243 0.186512
-0.559461 0.296679 0.195494
0.457675 -0.410261 0.328939
-0.395568 -0.304426 -0.227175
-0.448171 -0.275026 -0.038470
-0.339240 -0.460941 0.069485
0.344542 0.651347 0.352567
-0.479229 -0.375705 0.074580
-0.362273 -0.574734 0.223160
-0.335049 0.481140 -0.034975
0.346494 0.473376 -0.079476
-0.154773 -0.005429 -0.159483
-0.034961 -0.399431 -0.227175
-0.479229 0.232854 -0.122709
0.457675 0.117003 0.060273
-0.391975 -0.013194 -0.157583
-0.390108 -0.013194 -0.034557
-0.145788 -0.441161 0.321509
-0.242148 -0.568821 0.321509
0.147661 -0.719079 -0.392816
0.482547 0.497775 -0.346229
0.445233 0.452670 -0.185809
0.098342 -0.005429 0.303881
-0.409812 -0.305285 0.354400
-0.088122 -0.288862 0.379095
0.537908 0.127053 0.158867
0.041270 0.152668 0.352567
-0.115107 -0.013194 0.132749
-0.538756 -0.039169 -0.357332
0.486145 0.105239 0.322997
-0.469322 0.452670 -0.077147
0.376313 -0.581227 -0.392816
0.193215 0.287324 -0.361758
-0.373267 -0.238131 -0.346229
0.354718 0.497539 -0.346229
0.440949 -0.279924 0.383624
-0.559461 -0.662825 -0.169005
-0.233274 -0.517880 0.147513
-0.559461 0.514437 -0.006348
0.517202 -0.545898 -0.350574
-0.509616 -0.501882 0.352567
-0.040709 -0.192544 -0.196118
0.517372 -0.352931 0.377670
-0.559461 -0.311424 0.237397
-0.067789 -0.005429 -0.151465
-0.401578 0.265168 -0.346229
0.457212 -0.033899 -0.154473
0.468400 0.239816 -0.361758
0.120542 0.521538 -0.196118
-0.295932 -0.489410 0.350171
-0.502392 -0.517880 -0.225792
-0.004085 -0.375538 0.354400
-0.158163 0.473376 0.094466
0.145268 -0.517880 -0.204715
-0.507699 0.001564 0.323466
-0.559461 -0.404221 0.310169
-0.428847 -0.144332 -0.361758
0.234630 0.139195 0.423226
0.548260 -0.482500 0.327441
0.141423 -0.013194 -0.126853
0.019213 0.280194 0.383624
-0.309967 -0.517880 -0.000189
-0.075033 0.540681 0.352567
0.049813 -0.079419 -0.361758
0.316037 0.189964 0.379095
0.070365 0.333137 0.383624
0.517202 0.523244 -0.025988
-0.312288 0.201055 -0.196118
-0.307531 -0.531288 -0.392816
0.214129 -0.517880 0.115104
-0.559461 0.064750 -0.202394
0.098303 0.661478 0.352567
-0.473216 0.620899 0.066814
0.325786 -0.023648 -0.346229
0.244837 -0.681045 0.223160
-0.398482 -0.242870 -0.196118
-0.538756 0.468376 -0.188099
-0.559461 -0.560172 -0.145145
0.031229 0.072441 -0.227175
0.537908 -0.334644 0.130790
-0.448171 -0.233730 0.060856
-0.448171 0.034736 0.289650
-0.013526 0.655670 0.383624
-0.338383 -0.158129 -0.224234
-0.448171 -0.018711 0.205818
0.517202 0.162792 0.058663
-0.478535 0.641604 -0.214292
-0.522053 0.382524 0.321509
0.162349 -0.517880 -0.089933
-0.538756 -0.450419 -0.336758
-0.088050 0.043716 0.383624
-0.103416 -0.517880 0.046508
0.055493 -0.238407 0.321509
-0.514418 0.594134 0.383624
0.222242 0.359357 0.321509
-0.186033 -0.517880 0.210518
-0.304687 -0.221614 0.321509
-0.083232 -0.581929 -0.392816
0.065708 -0.122745 0.383624
-0.231277 0.132265 -0.227175
0.537908 -0.579160 -0.289957
0.537908 0.298971 -0.102076
-0.448171 0.106149 0.072944
0.131953 0.260380 0.321509
0.049032 -0.013194 -0.012155
0.416968 -0.468705 0.227085
0.242381 -0.568184 -0.392816
-0.166066 -0.337138 -0.227175
0.135910 -0.044926 0.383624
-0.151608 -0.012299 -0.227175
-0.530633 -0.277833 0.383624
0.509798 0.620899 -0.327407
0.011199 0.529453 -0.227175
0.457675 -0.033001 0.078861
-0.559461 0.590634 0.198893
0.517202 0.336517 0.159782
0.193729 -0.310451 0.379095
0.272662 -0.517880 0.001626
-0.158500 -0.495978 0.383624
-0.118446 -0.517161 -0.392816
0.339043 -0.131623 0.352567
-0.048913 0.353669 -0.346229
0.051578 0.214384 -0.227175
-0.296898 0.238119 0.373877
-0.024267 0.481140 0.032840
0.472967 0.610547 0.329763
-0.096953 0.659076 0.321509
-0.360546 -0.517880 0.128370
0.537908 -0.668679 0.086974
-0.189919 -0.013194 0.047654
0.143397 0.527261 0.373818
-0.538756 -0.093974 -0.317588
0.023064 -0.460941 0.261431
-0.479229 -0.220194 0.218511
0.319828 0.486097 -0.227175
0.457675 0.274502 0.187244
-0.387720 -0.460941 -0.078857
0.517202 0.074797 0.072975
0.517202 -0.166981 0.271525
-0.538756 0.372740 -0.256283
0.537908 -0.648731 0.218811
-0.491341 -0.586142 -0.392816
0.018089 -0.517880 0.051125
-0.253101 -0.676329 0.223160
-0.492192 -0.078736 0.321509
-0.080356 0.352396 0.383624
-0.161433 0.210272 0.379095
0.457675 -0.361930 0.229484
-0.052580 -0.460941 -0.172790
0.032375 -0.565410 -0.392816
0.537908 -0.744396 0.138578
0.253395 0.394499 -0.361758
-0.040672 0.473376 0.106558
0.022752 -0.460941 -0.171165
-0.213082 -0.436774 0.321509
0.457675 -0.214951 0.270506
0.517202 0.290340 0.291027
0.344476 -0.312037 0.321509
0.011112 -0.005429 0.190929
-0.258322 0.473376 0.079958
-0.538756 -0.230135 -0.111944
-0.135682 -0.460941 0.030485
-0.122496 0.114194 -0.196118
0.343551 -0.399865 0.321509
0.183991 0.001728 0.383624
0.230887 -0.517880 -0.136649
0.537908 -0.075288 0.107793
0.371530 -0.200204 0.383624
0.242585 0.489896 0.373818
0.251422 -0.569642 0.330227
-0.499748 0.069850 -0.346229
0.426618 -0.169193 -0.014827
-0.193618 -0.517880 0.309065
-0.235058 0.537823 0.373818
0.360980 0.124011 0.352567
-0.094578 -0.654880 0.223160
0.537908 -0.371169 -0.140356
0.289454 0.481140 0.028505
-0.350061 -0.013194 0.105644
-0.559461 0.154373 -0.313385
-0.138418 -0.084332 0.321509
0.395683 0.220312 -0.346229
0.229849 0.473376 -0.093262
0.313760 0.208511 -0.346229
0.179649 -0.413634 0.352567
0.537908 -0.685265 -0.133700
0.250488 -0.460941 0.237461
0.045676 -0.517880 0.173800
0.287688 -0.013194 -0.007050
-0.559461 0.261511 -0.258723
0.537908 0.585245 -0.223527
-0.434302 0.473376 0.081626
-0.538756 0.017427 -0.316638
0.097351 0.088436 0.321509
-0.015817 0.211828 0.379095
0.517202 -0.293881 0.220285
-0.226047 -0.337784 -0.196118
-0.538756 0.475064 0.054187
0.164839 -0.517880 0.288007
-0.559461 -0.425944 -0.226103
-0.268253 -0.300971 0.354400
0.212416 -0.033899 -0.226475
-0.077656 -0.196554 0.321509
-0.190338 -0.414587 -0.361758
-0.081773 -0.656680 -0.392816
-0.165913 -0.013194 -0.043577
0.337001 0.577243 -0.392816
0.517202 0.249054 -0.168990
-0.448171 0.509904 0.314263
-0.110866 -0.460941 -0.127395
0.094110 -0.460941 -0.170387
0.540496 0.544686 0.365885
0.073133 -0.460941 0.215089
-0.336138 0.672662 -0.381359
-0.479229 0.293582 -0.003202
-0.204911 -0.517880 -0.137378
0.011927 0.532202 -0.346229
-0.507699 0.559423 0.322670
-0.550755 0.008765 0.383624
-0.507920 0.274713 0.321509
0.537908 -0.070032 0.214007
-0.269194 -0.077569 0.321509
-0.262583 -0.005429 0.163653
0.070514 -0.169870 0.321509
-0.054966 0.481140 0.225793
0.465686 0.288839 0.383624
0.507745 0.033195 0.383624
-0.081774 0.149599 0.321509
0.300656 -0.468705 -0.179111
0.426618 0.071610 0.142071
0.158573 0.409042 -0.346229
-0.438998 -0.182622 0.321509
0.517202 -0.240808 -0.012125
0.154859 0.417832 0.352567
-0.315805 0.346686 0.378866
-0.108633 0.590312 0.383624
0.422375 0.457475 0.383624
-0.381179 -0.684930 -0.392816
0.121931 -0.517880 -0.008165
-0.112293 0.473376 -0.165094
-0.458423 -0.749321 0.223160
0.426618 -0.400423 -0.160806
-0.483155 -0.517880 -0.297447
-0.061494 -0.507527 0.342401
0.351313 -0.062565 0.383624
-0.115880 0.369752 -0.346229
-0.258858 0.046137 0.321509
0.537908 -0.009901 -0.388862
0.140299 0.109936 -0.346229
-0.348081 0.470059 0.377373
0.426618 0.160074 -0.078071
-0.552210 0.534353 -0.392816
0.457675 -0.263075 0.121474
-0.172893 -0.517880 0.047569
-0.559461 0.658817 0.276660
0.035593 0.341381 0.325246
-0.025352 -0.325833 -0.227175
-0.479229 -0.403598 0.219881
0.285291 0.612878 0.321509
0.111583 -0.460941 0.082686
0.162680 0.526872 -0.346229
0.517202 -0.267233 -0.156752
-0.232299 0.393087 0.383624
-0.426302 0.437989 -0.346229
-0.420262 0.641604 -0.186445
-0.409035 -0.517880 0.170966
0.426618 0.515388 0.262724
0.426618 -0.159656 0.186384
-0.479229 -0.306888 -0.183083
-0.538756 -0.313718 -0.319044
-0.066537 0.481140 0.308706
0.333924 -0.565381 0.321509
-0.479229 0.203160 0.178847
-0.448171 0.510401 -0.004369
-0.102404 -0.281669 -0.361758
-0.256503 -0.460941 0.221621
0.524808 -0.419288 -0.392816
0.472322 -0.151729 0.383624
0.093203 -0.028869 -0.227175
-0.004147 0.183129 -0.196118
0.300284 -0.003341 0.321509
-0.152502 0.400115 0.321509
0.276522 -0.005429 0.210540
0.257641 0.578253 -0.392816
-0.559461 0.603175 0.024126
-0.034395 0.604472 -0.346229
-0.479229 -0.339760 0.290472
0.319076 -0.460941 0.236885
0.517202 -0.496656 0.131292
-0.417608 -0.460941 0.052816
0.227581 0.297382 -0.217975
0.197147 0.225464 0.321509
0.372297 -0.460941 0.020265
0.398692 -0.114131 0.324646
0.239694 0.069555 0.321509
0.491602 0.427882 0.321509
-0.187270 0.019310 -0.361758
-0.553013 -0.561878 0.370401
-0.151112 -0.267027 0.379095
0.173342 -0.291542 0.321509
0.517202 0.402083 -0.061901
-0.120852 0.252375 0.352567
0.406950 -0.460941 0.298431
-0.205618 -0.468705 0.006111
-0.220217 -0.452245 -0.227175
-0.538756 0.114194 0.318663
0.023879 -0.569642 0.329416
0.537908 0.407654 0.077979
-0.325401 -0.713157 0.223160
0.333987 -0.517880 -0.015940
0.243283 0.513813 -0.361758
0.426618 0.032584 -0.215639
0.397984 0.046367 0.321509
0.128453 -0.507527 0.342218
-0.076446 -0.380341 0.379095
-0.388464 -0.052016 0.323234
-0.373930 0.234056 -0.227175
0.103997 -0.013194 0.205524
0.024546 0.473376 -0.087023
-0.407650 -0.468705 0.257700
0.517202 -0.531900 0.018341
0.371081 0.339337 -0.361758
-0.559461 -0.686562 -0.099324
-0.479229 0.155181 -0.036103
-0.559461 0.162899 -0.381012
0.182102 -0.450475 -0.227175
0.149508 -0.753840 0.223160
0.057096 -0.156120 -0.361758
0.276677 -0.266826 0.379095
-0.559461 0.524098 0.254401
-0.360479 -0.341773 0.379095
-0.559461 0.176952 0.201442
0.517202 0.126719 -0.051265
-0.067894 -0.517880 -0.089317
0.171977 0.587670 -0.392816
-0.435709 -0.512704 -0.389113
-0.152940 0.488307 0.373818
0.457675 0.235545 0.286416
0.028039 0.024556 0.321509
0.409241 -0.517880 0.069571
-0.538756 -0.275371 -0.228626
-0.474172 0.297382 0.118790
-0.475447 -0.563439 0.321509
-0.389421 0.652765 0.383624
-0.164321 0.575501 -0.392816
-0.011802 0.585649 0.383624
0.537908 0.004405 0.107847
0.426618 -0.437162 -0.039437
-0.538756 0.079116 0.213666
0.515099 0.121224 -0.361758
-0.357533 -0.218725 0.373900
0.486648 0.432913 -0.361758
-0.448171 -0.459203 -0.023302
0.517202 -0.044111 0.298748
0.093276 -0.329289 0.379095
-0.538756 -0.567594 -0.082021
-0.104323 -0.215405 -0.346229
0.076499 -0.517880 -0.245420
-0.559461 -0.682541 0.073905
0.095035 0.632977 -0.361758
-0.083438 -0.517880 -0.258191
-0.509219 -0.242749 -0.346229
-0.375518 0.045342 0.383624
-0.463598 -0.033899 -0.174219
-0.075404 -0.147130 0.383624
0.012264 -0.517880 -0.033431
0.396032 -0.460941 0.129042
-0.264868 0.294255 0.321509
0.310227 0.218475 -0.196118
-0.479229 -0.214398 -0.068170
-0.559461 -0.548300 0.091980
0.355903 0.473376 0.040696
-0.559461 0.254014 0.011546
-0.342454 0.420489 -0.346229
0.132051 0.576901 -0.225970
-0.355559 -0.489410 0.328989
-0.014438 -0.468705 0.019226
-0.538756 0.056535 -0.082918
0.137412 -0.448698 0.321509
-0.353737 -0.468705 -0.136576
-0.427129 0.147463 -0.227175
-0.538756 0.087440 0.021552
0.223684 0.635066 0.321509
0.537908 0.061658 -0.331158
-0.178978 -0.194660 0.383624
0.537908 -0.579457 -0.029352
0.274563 0.409010 0.383624
-0.098120 -0.219339 -0.196118
-0.559461 0.425747 -0.137485
0.049649 -0.464645 -0.227175
0.517202 0.234406 -0.108516
-0.559461 -0.476754 0.282039
-0.298032 -0.517880 -0.123117
0.537908 0.350529 0.102593
-0.221826 0.568716 0.321509
0.505634 0.337817 -0.361758
-0.021482 -0.013194 -0.194907
-0.053047 -0.059616 0.352567
0.457675 -0.455398 -0.204638
0.517202 0.603569 0.262524
0.201849 0.184403 -0.227175
0.295771 -0.005429 0.098178
0.358008 0.521415 0.354400
-0.420170 0.513301 0.419627
0.017097 -0.206853 -0.346229
-0.310545 -0.273472 -0.196118
-0.538756 -0.215599 0.096051
-0.559461 -0.055841 -0.222061
-0.127702 -0.468705 0.268178
-0.479229 0.051599 -0.141564
0.019306 -0.512704 -0.363090
-0.448171 0.573524 0.203341
0.517202 0.136209 -0.239907
-0.432775 -0.114131 0.346044
-0.559461 -0.002097 0.106960
-0.396562 0.672662 -0.368153
-0.538756 -0.458600 -0.120440
0.156015 0.473376 0.026608
-0.414526 0.626209 -0.314903
-0.223523 0.633545 -0.361758
0.457675 -0.386181 0.118911
-0.538756 0.354530 0.201685
0.517202 -0.001591 -0.190592
-0.538756 0.450310 0.248199
0.260199 0.546325 -0.196118
0.202282 -0.005429 0.186414
0.022841 0.431845 0.383624
0.183700 -0.578983 0.223160
-0.448171 -0.277929 0.217028
0.517202 0.608063 0.078567
0.029027 -0.736678 0.223160
0.426618 0.061803 -0.107016
-0.174860 0.479162 -0.361758
0.537908 0.323768 0.241252
0.062387 0.565434 -0.392816
0.020367 -0.324486 0.379095
0.488977 0.641604 -0.014729
0.266619 -0.016737 -0.361758
-0.025499 0.347846 0.321509
0.394947 -0.013194 0.182297
0.237817 -0.135136 0.383624
-0.538756 0.190475 -0.185447
0.517202 0.060070 -0.160052
0.517202 -0.446878 -0.064271
-0.221402 -0.702611 -0.392816
0.240988 -0.460941 -0.043577
-0.381590 -0.367926 -0.227175
0.494788 -0.264878 -0.361758
-0.569814 0.608116 0.335686
0.155443 -0.504671 -0.346229
0.517202 0.519762 -0.188428
0.426618 -0.289239 0.310696
-0.023730 -0.451480 0.321509
0.547399 0.372061 0.321509
0.112576 -0.201335 0.383624
0.418868 -0.530573 -0.346229
-0.559461 0.309484 0.258713
-0.008007 0.113398 -0.196118
-0.068809 0.521197 0.411826
0.537908 0.523175 -0.367330
0.426618 -0.248105 0.210744
-0.110348 -0.517880 0.170675
-0.363709 -0.517880 -0.234228
0.182148 -0.529456 0.383624
0.065234 0.033650 -0.361758
0.461346 0.672662 -0.373550
-0.398274 0.481140 0.167261
-0.162331 0.133804 0.321509
0.453902 0.157168 -0.227175
-0.525981 -0.517880 0.176510
-0.311728 -0.013971 -0.346229
-0.386293 -0.231543 0.321509
0.365024 -0.460941 -0.044932
0.318597 -0.460941 -0.106575
-0.510616 0.356687 0.383624
-0.319912 0.554227 0.373818
0.279682 -0.231344 0.321509
-0.448171 -0.404731 -0.174645
0.390757 -0.013194 -0.168081
0.517202 -0.459973 -0.181639
-0.254821 -0.419188 0.374159
-0.559461 -0.287049 0.146973
-0.415914 -0.471261 0.383624
-0.287334 -0.339977 -0.227175
0.412147 0.156952 0.352567
0.517202 0.135599 -0.147249
0.426618 -0.228682 -0.107663
0.540135 0.186131 0.381117
-0.261928 0.481140 -0.159523
0.170603 0.506515 -0.227175
-0.559461 -0.475927 -0.387877
-0.449944 0.297382 0.342058
0.183556 0.170187 0.352567
0.165573 0.470059 0.381668
0.314673 -0.517880 0.157884
0.537908 0.265934 -0.223651
0.248541 -0.517880 -0.299427
-0.479229 -0.161304 0.003065
0.289888 -0.013194 -0.089294
-0.477332 0.297382 0.200399
-0.277291 0.259795 -0.196118
0.537908 0.277810 -0.332676
0.125431 -0.319167 -0.196118
-0.398770 0.349666 0.352567
-0.538756 0.052706 0.073886
0.363420 0.227313 0.374065
0.457675 0.505081 -0.214323
0.058056 -0.467660 -0.346229
-0.063109 0.473376 -0.018067
0.101945 -0.517880 0.285331
0.548260 -0.075438 0.342351
-0.559461 0.172259 0.111554
-0.508937 0.346625 -0.361758
0.517202 -0.512206 0.272391
-0.094683 -0.283520 -0.196118
-0.021411 -0.005429 0.243658
0.537908 -0.441589 0.056849
-0.534287 -0.384786 -0.346229
-0.349306 -0.509230 -0.346229
-0.448171 0.228535 0.111059
0.379935 -0.222330 -0.361758
-0.448171 0.168355 0.022997
0.447290 0.620899 0.110068
-0.374336 -0.517880 -0.007399
0.457675 0.016287 -0.023993
0.177912 -0.460941 0.193451
0.457675 -0.295735 0.070932
0.537908 -0.031600 -0.019037
-0.091424 0.560336 -0.392816
-0.550614 -0.569642 0.239331
0.407564 0.473376 0.141072
-0.538756 -0.347091 0.291008
0.537908 0.633799 -0.100344
-0.427659 -0.517880 0.285419
0.275439 -0.511648 -0.361758
-0.538756 0.432455 -0.251807
-0.507699 -0.423744 0.333048
0.359885 0.143330 -0.196118
0.457675 0.229126 -0.211360
-0.479229 0.261751 -0.213767
0.257324 -0.468705 0.106732
-0.058764 0.259705 -0.196118
0.393654 -0.412342 0.354400
-0.427605 0.073358 0.374014
0.364727 -0.515306 0.383624
-0.342317 -0.460941 0.129104
-0.221125 0.210560 0.379095
0.376911 0.364674 0.365762
0.340507 -0.346113 -0.361758
0.047594 0.481140 0.140496
-0.509679 0.153679 0.352567
0.109014 0.142746 0.440044
0.457675 0.567072 0.068553
0.047739 0.090207 0.379095
-0.062043 -0.013194 -0.090784
0.517202 -0.397994 0.244013
0.537908 -0.652011 -0.187502
0.065262 -0.412257 -0.196118
-0.015251 0.501300 0.373818
0.076254 -0.308256 -0.361758
0.411569 0.620899 0.321111
0.537908 0.522318 -0.114808
0.494427 -0.517880 -0.104096
0.032755 -0.408441 0.321509
0.399703 -0.005429 0.007187
-0.144908 0.473376 0.182129
-0.538756 0.408703 -0.082260
0.517202 0.532038 0.068508
0.495414 -0.281643 0.321509
0.065938 -0.214349 -0.227175
0.253699 0.570665 0.373819
-0.025878 -0.472374 -0.346229
-0.150056 -0.698512 0.223160
0.301852 -0.263878 -0.196118
-0.507699 0.483506 0.337393
-0.012967 -0.517880 0.213625
0.023209 -0.284827 -0.227175
0.368195 0.514144 -0.196118
-0.271272 -0.187396 -0.346229
0.320222 -0.642046 0.223160
0.419068 0.106004 0.321509
-0.073917 -0.275809 0.321509
0.389358 -0.517880 0.163801
-0.448171 -0.393747 -0.041104
-0.117484 0.031769 0.321509
0.105460 -0.195484 -0.346229
-0.559461 0.531813 -0.109140
0.117204 -0.610895 0.223160
0.368127 -0.235753 -0.196118
0.479758 -0.411584 0.383624
-0.460015 0.576901 0.137240
-0.259357 0.009279 -0.361758
0.184740 -0.158129 -0.223395
-0.415840 0.481140 0.258533
-0.469041 0.641604 -0.144946
0.527926 0.672662 -0.301819
0.470702 0.565895 0.383624
0.404909 -0.468705 -0.091364
-0.048496 -0.460941 0.156179
-0.439197 0.221359 0.382224
0.385658 -0.013194 0.080073
-0.559461 0.033172 -0.132684
0.517202 -0.206902 -0.261130
-0.017398 -0.075243 -0.346229
0.426618 -0.338105 -0.037309
0.217033 0.473376 0.081798
-0.236778 -0.240034 -0.196118
-0.052046 0.509470 -0.227175
-0.559461 -0.072940 0.011236
-0.559461 -0.322850 -0.259270
-0.321991 0.609457 -0.346229
0.299946 -0.468705 0.027259
-0.316112 -0.470435 -0.227175
-0.414176 -0.437422 -0.227175
-0.479229 0.056036 -0.213274
-0.120156 0.401062 0.377602
0.153461 0.101721 0.379095
0.457675 0.251236 -0.137949
0.537908 -0.145762 -0.061555
-0.538756 -0.375193 -0.034524
0.426618 0.169113 0.241615
0.273399 0.609582 -0.346229
0.537908 0.024890 0.046599
-0.008658 -0.517880 -0.195024
-0.386577 -0.104201 -0.361758
-0.538756 -0.180027 0.310872
0.201507 0.635172 -0.361758
0.225198 -0.013194 0.001786
-0.146978 -0.460941 0.128922
0.097419 -0.278789 0.321509
-0.448701 0.635928 0.321509
-0.479229 0.143959 -0.118931
0.441987 0.341381 0.328181
0.344798 0.074849 0.379095
0.457675 0.010937 0.252287
0.099747 0.380203 0.364731
0.528557 -0.167677 -0.392816
-0.251862 -0.460941 0.285431
-0.113336 0.662003 -0.361758
0.012334 -0.005429 0.049812
0.196623 0.030594 0.321509
-0.402776 0.473376 -0.180476
-0.545895 -0.112247 0.383014
0.402010 -0.320909 0.352567
-0.330735 0.365875 -0.361758
0.419004 -0.517880 -0.139494
-0.159597 -0.158129 -0.227173
-0.448171 0.521932 -0.170216
-0.538756 -0.468061 0.046909
-0.067268 -0.517880 0.256652
-0.291927 -0.352348 0.321509
-0.559461 0.615855 -0.354065
0.227293 -0.362920 0.321509
-0.326058 0.623770 0.321509
-0.153389 0.152141 0.436636
-0.559461 -0.660359 -0.231823
-0.479229 -0.206518 0.287768
0.517202 0.447919 -0.019942
-0.538756 -0.330221 0.098633
-0.350530 -0.062347 0.383624
0.130064 0.026752 -0.227175
0.232468 -0.515926 0.321509
0.222276 -0.236188 0.321509
0.457675 -0.288914 -0.030826
-0.377079 0.006389 -0.346229
-0.559461 -0.119253 -0.235058
0.136472 0.475658 -0.346229
0.517202 0.314530 -0.266657
-0.224666 0.473376 -0.116448
-0.559461 -0.462121 -0.023960
-0.235519 0.020873 -0.227175
0.209119 -0.005429 0.102776
0.426618 0.092606 -0.166290
-0.511551 0.642257 0.352567
-0.312957 -0.132784 -0.346229
0.548260 0.641045 0.338038
0.315686 -0.311628 -0.227175
0.263007 -0.221779 -0.196118
0.098714 -0.569642 0.321585
-0.559461 -0.340282 -0.150057
0.537908 0.129764 0.100624
0.426618 0.453232 0.325937
-0.243106 -0.468705 0.064106
-0.475618 -0.687643 -0.392816
0.486734 0.383430 0.383456
-0.559461 -0.102660 0.288269
0.517202 0.017782 0.192046
0.239425 0.473376 0.298401
0.370369 -0.055918 -0.361758
-0.559461 0.546480 -0.265857
-0.479229 -0.356058 0.011126
-0.160230 -0.569642 0.326370
0.134432 -0.216515 -0.227175
0.361980 -0.317011 0.432036
-0.342040 0.403496 0.325787
0.517202 -0.395544 0.302619
0.457675 0.176592 -0.168153
0.105335 -0.013194 0.100958
-0.499404 0.250554 -0.361758
-0.520071 -0.179357 0.383624
0.537908 -0.211636 0.138897
0.347468 -0.517880 0.058226
0.268624 -0.472884 -0.227175
-0.309795 -0.588153 -0.392816
0.393925 0.110762 -0.361758
-0.097676 -0.517880 -0.040870
-0.510347 -0.517880 -0.045201
-0.379511 -0.013194 0.172707
0.150101 -0.372979 0.379095
-0.080872 -0.005429 0.257856
0.291421 -0.163613 0.321509
-0.420885 0.400643 0.321509
-0.253847 0.091179 0.379095
-0.454436 -0.271487 0.383624
0.081740 0.297382 0.325827
0.275451 0.297382 0.325948
-0.373931 0.525848 -0.196118
0.548260 0.312700 0.342586
-0.084219 -0.012284 0.352567
-0.130387 -0.223421 0.321509
0.231093 0.473376 0.221408
0.457675 0.556837 0.320428
-0.448439 -0.158129 -0.123135
-0.538756 0.608756 -0.190186
0.131372 -0.101331 0.383624
0.069872 0.201294 -0.346229
-0.081025 0.301357 -0.346229
0.426618 0.211506 0.007614
-0.166341 0.616266 -0.346229
-0.559461 -0.247246 0.023504
0.457675 0.172902 0.159812
-0.538756 -0.182945 -0.053440
-0.396570 -0.013194 -0.094515
0.185038 0.452670 -0.202802
-0.312514 -0.548128 0.223160
-0.118359 -0.158129 0.328590
-0.448171 0.505377 0.125968
0.312030 0.190920 0.321509
-0.562049 0.181676 0.362697
-0.102804 -0.549577 0.223160
0.419693 0.620899 -0.080730
-0.138940 0.149381 -0.361758
0.427800 0.022711 0.383624
-0.538756 0.320419 -0.168461
0.431696 0.576901 -0.114302
-0.448171 0.196279 0.281748
-0.225135 -0.475933 -0.346229
0.517202 0.247484 0.005555
-0.448171 -0.230024 -0.173061
0.053774 0.291572 -0.346229
-0.479229 0.112620 0.200896
0.308481 0.022866 -0.196118
0.278154 0.365211 0.321509
0.488617 -0.517880 -0.173570
0.174468 0.575223 0.352567
-0.326741 0.481140 0.257231
-0.216359 0.442450 0.352567
0.517202 0.210918 -0.236911
0.457675 -0.461972 0.114861
-0.395950 0.027378 -0.196118
0.401498 0.620899 -0.361150
-0.236682 -0.521899 0.352567
0.423383 0.528769 -0.361758
0.457675 -0.287093 0.185135
0.517202 -0.117936 -0.261796
-0.538756 0.239762 -0.101115
0.148460 0.327033 -0.361758
0.160183 -0.398959 -0.227175
0.075572 -0.052016 0.327823
0.429549 0.576901 -0.029515
0.267303 -0.005429 -0.153422
-0.456378 0.576901 0.036642
0.045962 -0.371425 -0.361758
-0.406503 -0.489410 -0.205457
0.175927 0.233849 -0.346229
-0.538756 -0.183206 -0.147021
0.537908 -0.491345 -0.233414
-0.245010 -0.215214 0.321509
-0.429465 0.151292 -0.361758
0.486145 -0.464163 0.335269
0.122862 0.183167 0.379095
0.517202 0.034853 -0.081609
-0.508688 -0.283933 0.321509
0.488980 -0.737612 -0.392816
0.259770 -0.114131 0.332436
-0.217982 0.492923 -0.196118
-0.300275 -0.198475 -0.196118
0.537908 0.192016 -0.141639
-0.436589 0.344009 -0.361758
0.169915 -0.007793 -0.346229
0.015953 0.028037 -0.196118
-0.362404 -0.517880 0.201426
0.159928 0.481140 0.176253
-0.562049 0.064428 0.373349
0.458428 0.641604 -0.249632
0.364154 -0.260042 0.321509
-0.315262 -0.517880 0.283187
0.476434 -0.204756 -0.346229
0.245970 -0.111878 -0.361758
-0.448171 0.231946 -0.065673
-0.517122 -0.132252 -0.361758
0.457675 0.280410 -0.052641
-0.479229 -0.430895 0.080619
-0.559461 0.420674 0.306425
0.051546 -0.321484 -0.196118
0.503499 -0.616237 -0.392816
-0.271089 0.473376 0.288099
-0.153480 -0.331709 0.354400
0.306476 -0.517880 0.303018
0.136824 0.473376 0.279288
0.190206 -0.517880 0.020128
-0.526544 0.620899 -0.056119
-0.547202 0.672662 -0.245432
0.457402 0.611310 -0.361758
-0.306945 0.401350 0.377602
-0.004092 -0.517880 0.102521
0.457675 0.064564 0.003100
0.097120 0.559536 0.373818
0.356374 0.048768 -0.227175
0.042753 0.519561 0.321509
-0.028372 0.481140 -0.062452
0.403865 -0.517880 0.306592
0.505164 0.625499 -0.392816
0.221036 -0.315722 -0.196118
-0.012314 0.627153 0.321509
-0.045213 -0.195158 -0.361758
-0.396095 0.166900 0.321509
0.355929 -0.517880 -0.140301
-0.083642 -0.395358 -0.196118
0.169121 -0.517880 -0.254508
0.074830 0.473376 0.054347
-0.269249 0.621190 -0.392816
0.245405 -0.055084 0.377602
-0.261950 -0.526614 -0.361758
0.300207 -0.311302 0.354400
-0.065136 -0.005429 0.028185
0.537908 -0.277989 0.286609
0.078282 -0.460941 -0.054364
0.490772 -0.562450 0.321509
0.457675 0.116244 -0.065928
0.028160 -0.005429 -0.062510
-0.479229 -0.291510 0.173647
-0.137350 0.511918 -0.196118
0.369628 0.222499 -0.227175
0.216280 -0.259183 -0.196118
0.246207 -0.517880 0.189901
-0.511020 0.641604 -0.335913
0.426618 0.499314 0.008572
0.517202 -0.323971 -0.159521
0.287698 -0.359626 0.379095
0.537908 0.515282 0.270493
-0.354147 0.307583 0.383624
0.003910 -0.517880 -0.255157
-0.524558 -0.459061 0.383624
0.140783 -0.699579 0.223160
-0.320622 0.473376 0.198917
0.486145 0.218361 0.338150
-0.559461 0.131589 -0.092671
-0.559461 0.030033 -0.032706
-0.406554 -0.033899 -0.212840
-0.021793 0.224864 -0.227175
-0.265187 0.576901 -0.209140
-0.169431 0.485524 0.321509
-0.538756 -0.208552 -0.288754
0.107199 -0.333643 0.321509
-0.381667 0.115297 -0.196118
-0.071321 0.147294 0.379095
-0.506909 -0.517880 0.260988
-0.210461 -0.517880 0.087510
-0.037960 -0.438641 0.381839
-0.046662 -0.407036 -0.361758
0.435944 -0.566165 0.321509
-0.255082 -0.429790 -0.346229
-0.191627 -0.327946 -0.361758
0.003029 0.297382 0.326579
-0.194040 -0.254316 -0.227175
-0.213547 0.646913 0.379260
-0.036263 0.481140 0.163294
-0.508209 -0.517880 0.092897
0.537908 0.007519 -0.251497
0.440612 0.347886 0.382380
0.174099 0.064447 -0.346229
-0.482668 0.641604 0.216913
0.426618 0.465199 0.221951
-0.479229 0.097557 -0.039777
0.392972 0.640640 0.205243
-0.511298 0.641604 0.120035
0.499380 -0.118090 -0.346229
0.285155 -0.489385 0.352567
-0.479229 0.454723 -0.175880
-0.479229 0.508060 0.230100
0.384297 -0.169033 0.321509
-0.204414 0.068610 0.376961
0.002092 0.634880 -0.392816
0.382041 -0.030189 0.352567
-0.448171 0.005981 0.085429
-0.411373 -0.198169 -0.361758
-0.479229 0.515753 0.054207
0.034194 -0.517880 -0.094417
-0.026983 -0.499242 0.383624
-0.453786 -0.382485 -0.346229
-0.026991 0.440754 0.352567
0.184501 -0.468705 -0.083880
0.426618 0.186356 0.090517
0.242489 0.481140 -0.148541
0.239907 -0.517880 -0.083155
-0.399748 0.609501 0.352567
0.537908 0.079797 -0.029813
-0.292093 -0.031776 -0.227175
-0.409814 0.447902 0.383624
-0.149927 -0.460941 0.219365
-0.252366 -0.517880 0.220202
-0.538756 0.365234 0.009638
0.320187 0.481140 0.220447
-0.225325 0.116434 -0.361758
0.236485 -0.562683 0.223160
-0.479229 -0.419984 -0.129249
0.457675 0.561614 -0.195374
-0.264927 -0.124693 0.383624
0.517202 -0.386926 -0.250736
-0.197744 0.198266 -0.196118
0.537908 -0.607994 0.090820
-0.083313 -0.460941 0.006953
0.426618 -0.451123 0.012739
-0.161554 -0.468705 -0.110549
-0.151362 -0.221272 -0.227175
-0.072949 0.654933 0.383624
-0.448171 0.177956 -0.157105
-0.523354 -0.739732 -0.392816
-0.521358 0.426597 0.352567
-0.569722 -0.513362 0.321509
0.355421 -0.123408 -0.346229
-0.251142 0.179853 0.321509
-0.375399 -0.008809 0.352567
-0.545319 -0.329596 0.382438
-0.050926 0.046348 0.321509
0.193075 0.239848 -0.227175
0.537908 0.221473 -0.359336
0.457675 -0.425139 0.217939
-0.284762 0.130000 0.321509
0.497044 -0.036856 0.383624
0.284375 0.155602 0.352567
-0.243009 0.534297 -0.346229
-0.479229 -0.276212 0.010822
0.518023 0.672662 0.185428
-0.515172 0.199267 -0.361758
-0.022505 0.135070 0.431043
0.517202 0.450723 0.176692
0.277436 0.050381 0.354400
-0.148467 0.075261 0.352567
0.457675 0.492571 -0.074051
-0.415022 0.100757 0.321509
-0.538756 0.427174 0.124065
0.517202 -0.357012 -0.350035
0.287909 0.452670 0.336066
0.473945 -0.517880 0.083802
0.018793 -0.013194 0.109597
0.514851 0.620899 -0.148603
-0.149984 -0.517880 -0.195530
-0.538756 0.290702 0.143327
-0.084547 0.027614 -0.361758
-0.142706 -0.013194 0.087052
0.282618 -0.242711 -0.361758
-0.162647 0.651646 0.321509
-0.463602 -0.075309 0.366464
0.284870 0.294972 -0.227175
0.457675 0.494152 0.129909
0.102648 -0.517880 0.152655
-0.181022 -0.005429 -0.103233
0.253065 -0.458390 -0.361758
-0.538756 -0.377981 -0.105542
-0.105742 0.246392 -0.346229
-0.207637 -0.520799 -0.392816
-0.484458 -0.362614 0.383624
0.517202 0.426864 -0.263241
-0.332454 0.114093 -0.227175
-0.538756 0.021964 -0.243998
0.145787 0.301410 0.352567
0.528866 -0.214253 0.383624
-0.479229 0.100626 -0.162353
0.281515 -0.517880 -0.171992
0.457675 -0.368344 0.282318
-0.177518 -0.170614 -0.361758
0.426618 0.094301 0.212432
0.495737 0.051020 -0.361758
0.351521 -0.460941 0.282932
0.207808 0.548431 -0.392536
-0.479229 0.016319 0.230944
-0.559461 -0.422755 0.113689
0.517202 -0.128571 -0.107350
0.087340 0.616995 0.321509
0.426618 -0.295207 -0.178584
-0.240811 -0.013194 0.082978
0.141303 0.659965 0.383624
0.336304 -0.517880 0.206335
0.468821 0.089572 0.383624
-0.332702 -0.407297 -0.196118
0.046425 -0.370669 0.379095
0.517202 -0.187310 -0.165929
-0.332391 0.042273 -0.196118
-0.538756 0.093860 -0.316920
-0.038483 -0.299759 -0.346229
-0.032629 -0.468705 0.212899
-0.338624 0.134903 0.321509
0.062145 -0.576581 0.223160
-0.462724 -0.517880 -0.187330
0.392972 0.639031 -0.282728
-0.451946 -0.321429 -0.227175
-0.139301 -0.517880 0.244722
0.337135 0.429039 -0.346229
-0.402743 0.172001 0.379095
0.450553 0.657766 0.383624
-0.538756 0.598569 0.090561
-0.538756 -0.021251 -0.014330
0.510044 0.178469 -0.346229
0.383714 -0.013194 0.259273
0.457675 0.107779 -0.208712
0.155096 -0.468705 -0.185566
-0.063960 0.414289 0.383624
-0.559461 -0.573354 -0.337786
-0.205562 -0.005429 0.182786
0.448855 -0.517880 0.000496
-0.268759 -0.013194 -0.142190
0.318568 -0.378299 -0.196118
0.117437 0.001442 0.352567
0.426618 -0.305838 0.118762
-0.011437 0.390365 0.352567
0.537908 -0.699602 -0.223383
-0.363436 -0.013194 0.291727
0.209491 0.525900 -0.196118
-0.028234 0.041480 -0.361758
0.296879 -0.689340 0.223160
0.537908 -0.436265 -0.289129
0.461560 0.641604 0.288760
0.100802 -0.005429 -0.018063
-0.559461 -0.281045 -0.112299
-0.138982 0.548090 0.373818
-0.479229 -0.288516 -0.078770
0.151375 -0.091681 0.321509
-0.421903 -0.517880 0.093367
0.163540 -0.460941 0.074414
0.141306 0.532486 0.321509
-0.191515 0.526112 -0.227175
0.205545 -0.366993 0.379095
-0.325859 0.473376 -0.180873
-0.479229 0.045260 -0.066845
0.179595 -0.219208 0.352567
0.054547 0.266858 -0.227175
-0.302461 -0.460941 -0.116807
-0.559461 0.032524 0.200291
0.173066 0.473376 0.122708
-0.065308 0.027650 -0.227175
-0.403964 -0.517880 -0.110786
-0.001046 -0.579654 0.223160
-0.077028 0.611249 -0.392816
-0.515914 0.330470 0.321509
-0.538756 -0.393325 0.154402
-0.173196 -0.060460 0.352567
0.517202 0.508897 -0.303799
0.523377 0.672662 -0.212811
0.516539 0.016393 0.321509
-0.057244 -0.013194 0.151351
-0.296067 0.208601 0.321509
0.486838 0.291512 -0.346229
0.517202 -0.294563 -0.202781
0.426618 0.259559 -0.013049
-0.141091 0.044108 -0.346229
-0.015784 -0.460941 -0.033501
-0.109513 -0.422736 0.354400
-0.448171 -0.425441 0.183965
0.087187 -0.405497 -0.361758
-0.416951 0.551146 0.321509
0.517202 -0.376678 0.076801
-0.064383 -0.517880 -0.141399
-0.453107 -0.038980 -0.346229
0.455081 -0.488687 -0.346229
-0.448171 0.000689 0.013740
-0.417319 0.641604 0.178744
-0.538756 0.517164 -0.209845
-0.559461 -0.752724 -0.292152
-0.431549 -0.200829 -0.227175
0.479989 -0.517880 -0.224968
0.426618 -0.196279 0.096097
0.431497 -0.393855 -0.346229
0.239936 -0.548547 0.383624
-0.336385 -0.517880 0.076162
0.279785 0.452885 -0.227175
0.426618 -0.393534 0.033963
0.457675 0.036125 0.109307
0.053135 0.523368 -0.196118
-0.206569 0.488859 0.373818
-0.292293 -0.360907 -0.346229
-0.181297 0.189049 0.321509
-0.448171 -0.176183 0.199969
0.498754 0.568376 -0.346229
-0.099931 -0.045083 -0.346229
-0.207092 -0.639010 -0.392816
-0.513762 0.086373 0.383624
-0.448171 -0.254584 0.113020
-0.234951 -0.468705 -0.159967
0.138989 -0.561878 0.363568
0.517202 -0.239553 0.194102
0.392972 0.634936 -0.181676
0.517202 0.407607 -0.140072
0.100523 -0.460941 -0.102042
0.426618 0.247414 0.079833
0.226448 -0.517880 0.061702
0.537908 -0.061659 -0.180114
0.395236 -0.245993 0.378797
0.402264 0.493697 0.352567
0.537908 0.657138 -0.008062
0.095126 0.243346 -0.196118
-0.278947 -0.005429 0.021207
0.006188 -0.418243 -0.196118
0.517202 -0.404642 0.181524
-0.310447 0.042562 0.321509
-0.559461 0.497744 -0.324621
-0.538756 -0.446078 0.243087
-0.559461 -0.251195 -0.390401
-0.268415 0.140763 0.379095
-0.414050 -0.428909 -0.361758
0.515293 -0.488547 -0.346229
-0.250283 0.095619 -0.196118
0.457675 -0.264974 -0.078829
0.328012 0.473376 -0.014185
-0.330582 -0.013194 0.033144
0.254452 0.288205 0.383624
-0.175116 -0.517880 0.160131
0.141379 0.481140 -0.023764
-0.474180 -0.025458 0.352567
0.457675 0.130252 0.261514
-0.040787 0.481140 -0.130738
-0.522805 0.225433 0.321509
0.369789 -0.530634 -0.361758
0.179542 0.008513 -0.227175
-0.479229 0.093512 0.257362
0.517202 0.541136 0.192462
0.222993 0.243969 0.383624
0.350853 -0.468705 -0.196028
0.507979 -0.126631 0.321509
-0.004682 -0.283386 0.354400
0.298566 -0.049449 0.352567
-0.559461 0.004940 0.290414
-0.271052 -0.013194 -0.044922
0.457675 0.500269 0.301554
-0.485561 0.590051 -0.346229
-0.562049 -0.061870 0.372441
-0.557781 0.419497 -0.392816
-0.538756 0.625340 0.230474
-0.017171 -0.365125 -0.361758
0.024690 -0.137672 0.352567
-0.297758 0.323096 -0.361758
0.029123 0.473376 0.031269
-0.175807 0.364429 0.355505
-0.478759 0.105304 -0.227175
0.137141 0.081351 -0.196118
0.174378 -0.085812 -0.346229
-0.212489 -0.158129 -0.221804
0.303079 0.607769 0.383624
-0.448171 -0.206811 0.131429
0.242819 -0.005429 0.320864
-0.211785 -0.326195 0.440519
-0.162355 0.003059 0.321509
0.457675 -0.296208 -0.128331
-0.538756 0.194509 0.244806
0.154832 -0.158129 0.336006
0.517202 0.103803 -0.200336
-0.538756 -0.217093 -0.238337
0.517202 0.370075 0.050166
-0.356608 0.159741 -0.346229
0.517202 -0.483412 0.218121
-0.559461 -0.241290 0.249660
0.062303 -0.517880 0.023425
-0.126599 0.472935 -0.346229
-0.479229 -0.450976 0.252254
-0.538756 -0.422225 -0.272642
-0.425833 0.535127 0.373819
-0.077539 -0.517880 0.113251
0.263088 0.183897 -0.227175
0.537121 -0.566394 -0.392816
-0.479229 -0.294290 0.264707
-0.187007 0.038686 -0.227175
-0.065189 0.562256 -0.346229
0.119865 -0.517880 -0.118074
-0.491764 0.455350 -0.346229
0.496634 -0.563758 0.223160
-0.357898 0.238976 -0.346229
-0.168783 -0.033932 -0.361758
0.426618 0.080651 0.091970
0.183785 -0.517880 -0.303168
-0.182331 -0.517880 -0.088097
0.137869 -0.460941 0.161412
-0.289700 0.510648 -0.346229
0.487750 0.146497 0.352567
-0.440708 0.136992 0.428789
0.517202 0.118075 0.206588
0.180782 -0.005429 -0.095717
-0.383548 0.288582 -0.196118
0.457675 0.502093 0.066624
-0.538756 0.138501 -0.269841
-0.454130 0.632716 -0.392816
-0.286134 0.481140 -0.013743
-0.534338 -0.624286 -0.392816
0.317841 -0.160813 -0.196118
0.517202 0.075187 0.257989
-0.240358 0.473376 0.191010
0.426618 -0.007918 0.322403
-0.060734 -0.736654 0.223160
-0.195687 -0.330860 0.321509
0.024695 0.169410 -0.361758
0.537908 0.235305 0.133042
0.517202 -0.190966 -0.071257
-0.177522 -0.005429 0.262174
-0.272618 0.176377 -0.346229
-0.559461 -0.295066 -0.040550
0.537908 -0.021639 -0.080536
-0.029702 0.297382 -0.221147
0.155907 -0.344998 -0.227175
0.322489 0.342589 0.352567
0.262986 -0.517880 -0.249605
-0.263133 -0.027302 0.321509
0.517202 0.437773 0.245754
0.042393 -0.517880 0.299491
-0.451830 0.576901 -0.107335
0.204743 -0.107378 0.321509
0.548260 0.124828 0.329590
-0.235372 -0.361850 0.379095
-0.102770 0.301714 0.352567
-0.056705 0.085985 0.379095
0.209389 0.473376 -0.036523
0.438741 -0.198057 0.352567
0.379695 -0.517880 -0.205278
0.089696 -0.468705 0.262926
0.421183 0.195721 0.383624
0.426618 -0.487919 0.181427
0.426618 0.570259 0.156126
-0.257459 0.168076 -0.196118
0.537908 -0.755523 -0.318181
-0.538756 0.294492 -0.118130
0.517202 -0.260621 0.097502
0.304347 0.117612 0.321509
-0.449830 -0.299718 -0.361758
-0.279250 0.433927 -0.346229
0.283402 -0.659502 -0.392816
-0.261601 -0.517880 -0.157919
-0.370430 -0.690577 0.223160
-0.217382 -0.250690 0.379095
0.077636 0.136877 0.321509
-0.538756 0.426988 0.035435
0.477327 0.641604 0.175239
-0.017750 -0.517880 -0.084862
-0.559461 0.341625 0.065918
-0.137453 -0.390649 -0.196118
0.053815 0.481140 0.195179
0.352217 0.576901 -0.205602
0.426618 0.290310 0.341527
-0.413543 -0.517880 -0.160314
-0.479229 0.495457 -0.052665
-0.442627 -0.067269 0.321509
0.537908 -0.598844 0.212760
-0.371524 -0.100666 0.352567
0.081645 -0.575126 -0.392816
0.537908 -0.572082 -0.168515
-0.257250 -0.255450 -0.361758
0.037930 0.347820 -0.346229
0.241796 -0.326264 0.352567
0.537908 -0.753986 -0.003872
0.354410 0.464313 0.352567
-0.371965 -0.305597 0.321509
-0.559461 0.271700 0.301367
-0.538756 -0.068918 -0.047320
-0.288615 -0.239038 -0.227175
0.463378 -0.052016 0.340941
0.107525 -0.272311 -0.346229
-0.334746 0.672662 0.343490
0.203526 -0.468705 -0.172780
0.103150 -0.239953 0.352567
0.416145 0.202673 0.321509
-0.414526 0.641237 0.285352
-0.019541 -0.528338 0.321509
-0.479229 0.283052 -0.103288
0.535113 0.348761 0.383624
0.162838 0.188181 -0.196118
-0.538756 -0.024647 0.255824
-0.007158 0.481140 0.247228
0.537908 -0.695210 -0.332837
-0.559461 -0.642169 0.010229
0.457675 -0.246689 0.341234
0.426618 0.572031 0.207652
0.295528 -0.145605 0.383624
-0.266561 -0.517880 -0.074151
-0.559461 0.488855 -0.049248
0.203117 -0.468705 0.251249
0.022853 0.576901 0.344201
0.457675 -0.216165 0.010766
-0.495220 -0.473983 -0.346229
-0.359350 0.473376 0.061143
0.066337 0.107787 -0.227175
0.450897 -0.515618 0.383624
-0.324335 0.481140 0.105081
0.113321 0.224236 0.352567
0.408746 0.473376 0.091282
0.027363 -0.669799 0.223160
-0.559461 -0.269751 -0.334703
-0.071339 0.094885 -0.227175
0.314309 0.473376 0.287409
0.157829 0.513373 0.419357
-0.062297 -0.097359 0.383624
-0.279717 0.341381 0.327169
-0.104109 0.497681 0.373818
0.193737 0.531282 0.373818
0.141139 0.144225 0.352567
-0.408292 -0.576030 -0.392816
-0.139421 0.286443 0.383624
0.062142 -0.444117 0.352567
-0.097285 0.255222 -0.227175
0.463910 0.430226 0.383624
-0.269736 -0.013194 0.230184
-0.006062 0.474594 -0.227175
0.548260 -0.331152 0.345474
0.303043 -0.517880 -0.054708
0.362457 0.277780 0.383624
-0.215630 -0.460941 0.129381
0.390774 0.481140 0.261383
0.215458 0.422370 -0.346229
0.068105 -0.164700 -0.227175
0.517202 -0.158689 0.026587
0.280917 -0.438662 0.352567
-0.317826 0.033085 0.383624
-0.475058 0.641604 -0.087572
0.408116 -0.468705 0.081298
-0.304611 0.452670 -0.225778
-0.110053 -0.489410 0.343867
0.015767 -0.274233 -0.346229
-0.448171 0.012823 -0.169334
0.399024 -0.497876 0.352567
-0.422998 0.486531 0.354400
-0.335182 0.127363 0.379095
-0.461663 -0.507527 0.342037
0.078842 0.078544 -0.346229
0.537908 -0.422588 -0.026554
0.239178 0.324871 0.352567
0.297493 -0.561543 0.223160
0.426618 0.100344 -0.010812
-0.042310 -0.307280 0.379095
-0.297290 0.080529 -0.196118
-0.172681 -0.465564 -0.227175
0.212593 0.137518 0.379095
0.072637 -0.522559 0.352567
0.457675 -0.180293 0.218693
0.537908 -0.331617 0.244396
0.282474 0.502321 -0.196118
0.091100 0.497030 -0.227175
-0.004814 -0.320068 0.424028
-0.167302 -0.116752 0.352567
0.426618 0.493969 -0.118849
0.099410 -0.489410 -0.210225
0.031896 -0.090838 0.365964
0.390099 -0.319550 -0.227175
-0.310082 -0.210138 0.383624
0.051197 0.452670 0.336221
0.082496 -0.009684 -0.346229
0.215285 0.672662 0.352049
0.457675 -0.371209 0.181235
0.352674 0.672662 -0.380195
-0.137997 -0.461897 -0.346229
0.047500 -0.460941 0.053822
-0.538756 -0.050584 -0.163777
0.440815 -0.489410 0.264686
-0.391755 -0.414053 0.352567
0.146890 0.481140 -0.186973
-0.356946 -0.045691 -0.346229
0.548260 0.498537 0.341926
0.537908 -0.309088 0.174728
-0.538756 -0.360005 0.204861
-0.472124 -0.033899 -0.084927
0.000768 -0.468705 0.137380
0.355022 0.614910 0.321509
0.069171 0.211104 0.321509
0.316198 -0.015903 0.383624
-0.538756 0.258672 -0.197280
-0.330210 0.481140 -0.090029
0.457675 0.196344 -0.088990
-0.295408 -0.597214 0.223160
-0.067582 0.199706 0.321509
-0.110890 0.091920 -0.346229
-0.097925 -0.323451 0.439784
-0.559461 -0.143321 -0.328276
0.480390 -0.720173 0.223160
0.537908 -0.114432 -0.160444
-0.559461 0.649632 -0.120986
0.319377 -0.409349 -0.361758
0.369813 0.164122 0.379095
-0.019640 -0.274002 -0.196118
-0.294532 -0.417433 -0.227175
0.346145 0.473376 -0.180589
-0.342813 0.189070 0.321509
-0.479229 -0.381464 0.173022
0.216177 -0.460941 0.163051
0.145885 -0.260999 -0.196118
-0.095319 -0.397397 -0.361758
0.517202 -0.036828 -0.334667
-0.562049 0.286758 0.371288
0.216208 -0.245108 -0.346229
-0.305766 -0.517880 -0.220069
-0.190237 -0.475719 0.352567
-0.396840 -0.404000 -0.196118
0.178239 0.087102 -0.227175
-0.102641 0.576901 0.322665
-0.479229 -0.388728 -0.091776
-0.215126 0.347463 0.381957
0.537908 0.094859 -0.255360
0.405723 0.481140 -0.057627
-0.021406 0.421932 -0.361758
-0.311772 -0.005429 0.134737
-0.559461 -0.733000 0.199762
0.537908 0.456416 0.093760
0.388066 -0.267503 -0.227175
-0.559461 -0.720371 -0.049947
-0.381726 0.608573 -0.346229
0.517202 -0.132655 0.206013
0.194393 -0.560247 -0.392816
-0.170459 -0.390376 0.321509
0.236525 0.038832 0.383624
-0.168646 0.187870 -0.361758
-0.350536 -0.561508 0.381153
-0.559461 -0.537294 -0.210146
0.427011 -0.192836 -0.361758
-0.413930 -0.468705 0.168758
-0.559461 -0.139778 0.189097
0.126875 -0.382126 -0.196118
-0.559461 -0.612498 -0.156392
0.088971 -0.517880 -0.333665
0.454462 -0.291888 -0.361758
0.135023 0.634030 0.321509
0.323481 0.288643 0.352567
-0.186674 0.473376 -0.008464
0.426618 0.496977 0.185284
-0.290049 -0.295972 -0.361758
-0.538756 -0.291463 -0.154898
-0.365731 -0.278629 -0.196118
-0.226656 0.403496 0.325623
0.352681 -0.184129 -0.227175
0.192328 -0.468705 0.000084
0.517202 -0.201013 0.096404
-0.094544 -0.468705 0.143279
0.426618 -0.252121 0.270877
0.147374 0.473376 -0.126331
-0.022689 -0.013194 -0.047417
-0.479229 0.240634 0.282124
0.019522 0.576901 -0.222606
0.517202 -0.543890 -0.262701
0.457675 0.166130 0.047313
0.547953 0.443249 0.352567
-0.253588 -0.468705 -0.057352
-0.035757 -0.362379 -0.196118
-0.157966 0.560570 -0.346229
0.217024 -0.406243 -0.227175
0.325869 -0.524412 0.352567
0.260074 0.197599 -0.361758
-0.448171 0.109796 0.163970
0.221063 0.029004 -0.196118
-0.119591 0.481140 -0.110694
-0.231945 -0.080223 -0.361758
0.288157 0.623588 -0.392816
0.288839 0.545248 0.352567
-0.449480 0.107343 -0.361758
0.423574 -0.371374 0.352567
-0.043368 0.101196 0.321509
-0.348940 -0.442223 0.321509
-0.559461 -0.068600 0.187554
-0.317732 -0.318881 0.379095
0.138265 0.259894 -0.227175
0.095527 0.672620 -0.392816
-0.078989 0.146529 -0.361758
-0.306464 0.494049 0.373818
-0.219526 -0.005429 -0.153538
-0.301438 0.447425 0.352567
-0.538756 -0.476764 -0.216412
-0.225488 -0.396292 -0.227175
-0.314585 -0.468705 0.026052
0.331489 -0.657275 -0.392816
-0.559461 0.245889 0.115154
0.327266 -0.514347 -0.346229
0.457675 -0.340969 -0.096269
-0.538756 -0.315655 0.052793
-0.448171 -0.368000 0.343653
-0.250184 0.215959 -0.361758
0.235718 0.621037 -0.392816
-0.538756 -0.518670 -0.132584
-0.450665 0.197044 -0.227175
-0.154905 -0.468705 -0.013868
-0.397965 0.473376 -0.112980
0.330110 0.120040 -0.361758
0.457675 0.282525 0.090254
0.426618 -0.207444 -0.171329
-0.465909 0.177518 0.383624
-0.479229 0.044654 0.324873
0.426618 0.173980 -0.028855
0.181041 -0.467189 -0.361758
-0.087512 -0.328804 0.352567
0.537908 -0.292498 -0.064284
0.115573 0.516502 -0.361758
0.537908 -0.397701 -0.188035
0.320928 0.026754 0.352567
-0.160632 0.232283 0.321509
-0.314091 0.564048 -0.392816
0.537908 0.432499 -0.178052
-0.519462 -0.082779 -0.361758
-0.055388 -0.512704 -0.362228
0.219422 0.383964 0.383599
-0.066037 -0.485827 -0.227175
-0.538756 0.519923 0.102197
0.519280 0.297727 0.377602
-0.448029 -0.147010 0.383624
0.040399 -0.517880 0.120119
0.503180 -0.525314 0.352567
0.517202 0.302469 0.002460
-0.145975 0.164504 0.354400
0.223197 0.524751 0.321509
-0.277059 -0.046867 -0.346229
-0.538756 -0.147510 -0.011277
0.263525 -0.468705 -0.149035
-0.479229 0.233543 0.029541
-0.448171 -0.471444 0.093202
-0.010102 0.251115 0.352567
-0.324546 -0.402632 0.379095
-0.408807 -0.517880 -0.044219
-0.479229 0.211887 -0.169824
-0.559461 0.109126 -0.238444
0.199866 -0.461255 0.352567
0.517202 0.595909 -0.270421
-0.448171 0.149320 0.290147
-0.305403 -0.291038 0.321509
-0.538756 0.072028 0.284448
0.302429 -0.468705 0.122186
-0.188973 0.002578 -0.196118
-0.199660 -0.007082 0.383624
-0.559461 -0.382990 -0.202424
-0.559461 0.669564 0.028940
-0.538756 0.085520 0.112691
0.457675 0.051014 0.293848
-0.404962 0.175882 -0.196118
0.426618 0.251362 -0.179216
0.083880 0.157103 -0.227175
-0.214725 0.258399 -0.346229
-0.268852 0.362683 0.383125
0.504160 0.072659 0.352567
0.426618 -0.338549 0.302519
-0.538756 -0.542168 0.137699
0.023614 0.211336 0.352567
0.452717 0.021027 -0.346229
0.039698 -0.561878 0.373521
-0.294165 0.505294 -0.196118
-0.407681 -0.545977 0.383151
-0.538756 -0.354823 -0.382799
0.407088 -0.076670 0.352567
-0.149207 0.072998 -0.227175
0.537908 0.368442 0.188636
-0.479229 -0.448595 0.017576
0.188157 -0.691873 -0.392816
-0.222984 0.301201 0.352567
0.537908 -0.167479 -0.244785
0.517202 -0.226309 -0.132769
0.371739 0.090076 -0.196118
0.537908 0.424605 -0.342387
0.537908 -0.688453 0.174432
0.251314 -0.020103 -0.196118
-0.559461 0.211865 -0.345446
0.306926 0.672662 -0.392604
0.326835 0.419349 0.352567
-0.116419 -0.755690 -0.392816
0.362647 0.620491 0.383624
-0.535292 -0.023659 0.352567
-0.274814 0.523292 0.352567
0.247031 0.197584 0.321509
0.421299 -0.013194 0.048610
-0.401406 0.452670 -0.223042
-0.364911 0.491128 0.321509
0.410604 -0.529396 -0.392816
0.481236 -0.304743 0.383624
-0.150906 -0.207187 -0.346229
-0.452240 0.620899 -0.000321
-0.378586 0.254246 0.321509
0.459829 0.241929 0.383624
0.137860 0.610764 -0.346229
0.350536 0.026242 -0.361758
-0.479229 0.457890 0.243785
0.375777 0.560654 0.373818
-0.004832 -0.468705 -0.128290
-0.538756 0.558483 0.226638
-0.211809 -0.517880 -0.184102
-0.559461 0.627624 -0.021570
-0.031742 0.296625 0.383624
-0.291226 -0.529522 0.383624
-0.388972 -0.188501 0.352567
0.548260 -0.279445 0.332625
0.437036 0.452670 -0.139145
0.517202 -0.123718 0.120510
0.209490 -0.013194 0.280007
0.517202 0.277705 0.071445
-0.425256 -0.517880 0.027207
-0.538756 0.531872 0.296035
-0.144011 -0.631417 0.223160
-0.238442 -0.517880 0.028190
-0.130775 -0.005429 -0.013205
-0.335130 -0.205704 -0.346229
0.200618 -0.013194 -0.185871
-0.008808 -0.207764 -0.227175
0.517202 0.065703 -0.289105
-0.052829 0.672662 0.344967
0.140098 -0.005429 0.007791
-0.034411 -0.460941 0.098718
-0.104053 -0.248303 0.352567
0.216510 -0.300599 -0.346229
0.517202 0.616114 0.032268
0.517202 0.360849 -0.258764
0.537908 -0.616920 -0.091352
-0.178610 -0.245940 0.321509
-0.222672 0.598336 -0.392816
0.310780 -0.266517 0.321509
-0.347009 0.144053 0.421439
0.010548 -0.203361 0.352567
-0.538756 -0.200568 0.260474
-0.112481 0.166278 -0.196118
-0.473447 -0.033899 0.169326
0.378918 -0.404468 -0.227175
-0.392546 -0.494958 -0.361758
0.064210 0.473376 -0.121774
-0.538756 -0.287122 0.008483
0.484220 0.368936 0.321509
-0.026878 -0.160277 -0.227175
0.040450 -0.013194 -0.183150
-0.120129 0.498761 0.321509
-0.486587 -0.517880 0.201881
-0.316493 -0.116566 0.352567
-0.559461 0.377229 -0.153121
0.537908 0.613418 0.120221
0.537908 -0.292569 -0.310589
-0.443894 -0.317782 0.321509
0.041495 0.609683 -0.392816
0.271824 -0.415547 -0.361758
0.334673 -0.245910 -0.227175
0.548260 -0.377866 0.343923
-0.252744 -0.489410 0.323061
-0.334768 -0.013194 0.233936
-0.538756 -0.113763 0.078116
-0.479229 0.252645 0.214364
-0.518406 0.620899 0.311603
-0.142139 -0.190384 0.352567
-0.405987 -0.517880 0.238316
0.104434 -0.460941 -0.008856
0.540148 -0.468338 0.381066
-0.041261 -0.180571 0.352567
0.457675 0.526065 -0.032071
-0.561640 -0.158298 0.381297
-0.345701 0.069586 0.352567
-0.426996 -0.468705 -0.108963
0.363228 0.481140 0.160897
-0.538756 -0.017610 0.059829
-0.277926 0.622392 0.352567
-0.316611 -0.376260 -0.227175
0.537908 -0.185397 0.310761
0.403979 -0.013194 -0.049548
-0.176168 0.132591 -0.227175
-0.448171 -0.223530 0.257470
0.517202 0.621471 0.305545
0.130391 0.454751 0.321509
0.454852 -0.108825 0.378692
0.214835 0.088759 -0.196118
0.126995 0.342657 0.377602
-0.355081 -0.013194 -0.065232
0.179480 0.620219 0.321509
0.537908 0.427615 0.026731
-0.245379 -0.013194 0.271389
0.426618 0.264961 0.220553
0.123734 0.378247 -0.346229
0.172340 0.387988 0.321509
-0.559461 -0.688087 0.027756
-0.398621 0.308877 -0.361758
0.258107 -0.739045 0.223160
-0.441328 -0.728565 -0.392816
-0.520047 0.525660 0.352567
0.301710 0.256419 -0.346229
-0.553773 0.642686 0.383624
0.537908 0.632144 0.174409
0.517202 0.338153 -0.073472
0.186085 -0.517880 -0.180865
-0.269731 -0.472329 -0.227175
0.548260 0.050836 0.348937
-0.455385 0.576901 0.307397
-0.538756 0.560824 0.167661
0.005002 0.164232 0.379095
-0.341184 -0.468705 -0.085872
0.015158 -0.688570 -0.392816
0.426618 0.253528 -0.083492
0.426618 -0.320762 0.250041
-0.213760 0.406368 -0.346229
0.517202 -0.358718 -0.015622
-0.210074 0.665187 -0.392816
-0.277092 0.672662 0.324295
0.087568 -0.319017 0.425079
-0.112224 -0.005429 -0.138436
0.161150 0.158043 -0.361758
-0.559461 -0.733918 -0.172660
-0.481600 0.392749 0.383624
0.387648 -0.434452 -0.361758
0.231789 0.068133 -0.361758
0.431625 0.132650 -0.346229
0.486145 -0.004843 0.352042
-0.091264 0.484922 -0.227175
0.537908 0.630293 -0.046976
-0.475501 0.548431 -0.375951
0.407605 -0.033899 -0.225453
-0.124551 -0.357990 0.379095
-0.538756 0.012145 0.158246
0.425548 -0.431015 -0.227175
0.517202 0.111245 0.286862
0.426618 0.015475 -0.100339
0.537908 -0.044715 -0.285271
-0.201577 -0.307604 -0.227175
0.316759 0.481140 0.126579
-0.288239 0.097404 -0.346229
0.517202 0.523964 0.020178
-0.107221 -0.569642 0.341708
0.517202 -0.559703 0.055186
-0.475472 -0.191233 0.383624
0.211828 -0.460941 0.089808
-0.479229 -0.460835 0.345042
0.311212 -0.400217 0.354400
0.034745 -0.008880 0.352567
0.468970 -0.625858 0.223160
-0.414526 0.626305 -0.061252
-0.138492 -0.468705 -0.068246
-0.447818 -0.333692 0.383624
-0.559461 0.055119 -0.362954
0.266486 -0.167944 -0.361758
-0.054088 -0.226965 0.352567
-0.229035 0.029090 0.352567
0.314179 -0.232691 0.352567
0.469780 0.620899 -0.051098
-0.184759 -0.533940 -0.346229
-0.384105 -0.265417 0.352567
-0.493061 0.658046 -0.392816
0.207300 -0.049067 0.352567
0.517202 -0.477928 -0.104001
-0.334696 -0.468705 0.286722
-0.569814 0.444487 0.344373
-0.256738 0.151263 0.437514
0.325025 -0.453846 0.321509
-0.559461 0.487786 -0.147698
0.295696 0.100361 -0.227175
0.300231 -0.013194 0.266493
-0.448171 0.497370 0.174650
-0.282147 -0.460941 0.164909
-0.366782 0.074558 -0.361758
-0.061289 0.187673 -0.346229
0.537908 -0.448646 -0.343713
0.214340 0.455032 0.383624
0.471282 -0.366445 0.383624
0.019397 -0.250612 0.379095
-0.320455 0.265558 -0.346229
0.426434 -0.025134 -0.346229
0.239491 -0.013194 -0.101467
-0.076815 -0.517880 0.202017
0.441822 0.620899 -0.014664
-0.265277 0.620899 -0.347094
-0.538756 -0.142585 0.275295
-0.559461 0.222138 0.209415
0.503364 0.383477 -0.346229
-0.405479 0.473376 -0.018153
0.517202 0.523778 -0.071865
-0.479229 0.533464 0.290090
0.079998 0.481140 0.099238
-0.365225 -0.343762 -0.361758
-0.026788 0.652272 -0.361758
-0.365503 -0.191993 -0.196118
-0.538756 -0.089078 -0.272041
0.517202 0.343486 -0.152654
0.415971 0.499976 -0.196118
0.348527 -0.005429 -0.183973
0.457675 -0.004166 -0.189708
-0.538756 0.616877 -0.289040
-0.143035 -0.468705 0.174793
0.045543 -0.111311 0.321509
0.001499 0.111778 -0.346229
-0.193801 -0.031471 -0.227175
-0.538756 -0.185588 0.061554
-0.199350 0.250504 0.383624
0.381617 0.587216 -0.392816
-0.536650 0.128871 -0.346229
-0.479229 0.467866 0.075352
-0.100299 -0.500516 -0.346229
-0.462281 0.452670 -0.028344
0.067137 0.473376 -0.033549
0.310549 0.081808 -0.346229
-0.017338 0.506119 -0.196118
0.050917 -0.468705 0.107704
-0.087401 0.253254 0.383624
-0.407828 0.513564 -0.227175
-0.209328 -0.437711 0.373835
0.400638 0.139264 -0.227175
0.537908 -0.085179 -0.092773
0.537908 -0.528530 0.309619
-0.068486 0.545200 -0.196118
0.230075 -0.280332 0.354400
-0.538756 -0.380637 0.013771
-0.475474 0.547355 0.352567
0.339465 -0.705595 0.223160
0.080378 0.376210 -0.361758
0.291172 0.297927 -0.361758
0.426618 0.535603 0.042804
-0.538756 -0.005276 -0.117710
0.457675 0.540392 -0.106226
0.000459 -0.013194 0.282828
-0.479229 0.453296 0.177860
0.537908 -0.734845 -0.117696
0.426618 -0.193211 0.034809
-0.559461 0.607179 -0.104670
0.225659 -0.005429 0.225413
-0.559461 -0.506371 -0.013537
-0.378084 0.487769 -0.346229
-0.538756 0.286221 -0.297596
-0.090133 0.473376 0.195587
0.254520 -0.165344 0.352567
0.537908 0.567305 -0.108531
-0.479229 0.208784 0.326495
0.333346 -0.556673 0.383624
0.435513 -0.335734 0.383624
0.474299 0.611128 0.383624
-0.414526 0.623028 0.079386
-0.479229 -0.263423 -0.170147
0.485550 0.641604 0.076485
0.139892 -0.315922 0.352567
0.457675 0.254320 0.035162
0.164297 -0.487372 0.321509
-0.195051 0.538447 0.352567
0.379870 0.451794 -0.361758
0.517202 0.069674 0.027977
0.517202 -0.025431 0.206090
0.426618 0.024508 0.174222
-0.559461 0.124868 0.006722
0.244795 -0.517880 0.277993
-0.325575 0.251647 -0.227175
0.123566 -0.655701 0.223160
-0.344627 -0.033899 0.327301
-0.479229 -0.006499 0.119356
-0.002103 0.139539 0.321509
-0.503469 0.477125 0.383624
-0.468718 0.331237 0.383624
0.446446 0.570271 -0.346229
-0.445473 -0.476432 -0.361758
-0.012710 -0.005429 0.152511
-0.448171 0.070656 0.107991
-0.216559 0.481140 0.265069
-0.206863 0.235506 -0.227175
-0.538756 0.470561 0.175483
-0.007712 0.006508 0.352567
0.061243 0.539182 -0.346229
-0.066662 0.204989 -0.227175
-0.333033 -0.648594 -0.392816
0.517202 0.337144 0.284960
0.517202 -0.086130 -0.223419
-0.559461 -0.145339 -0.385287
-0.446616 0.614553 -0.346229
-0.237023 -0.083237 0.352567
0.270557 0.473376 -0.112590
0.537908 0.664686 0.301111
-0.288023 -0.175398 0.352567
0.253711 0.102086 0.352567
0.024941 0.540717 0.373818
0.447227 -0.114131 0.330639
0.267897 -0.320659 -0.196118
0.420203 -0.352505 -0.196118
-0.294674 0.278488 0.352567
-0.200687 0.452670 -0.206347
0.537908 -0.435204 0.307206
-0.448171 -0.361248 0.251609
-0.519878 0.551307 -0.361758
0.399150 -0.517880 0.218171
0.548260 -0.236113 0.347921
-0.236183 0.122437 0.321509
-0.448171 -0.023176 0.314797
0.537908 0.415523 0.315268
0.426618 0.041141 0.025533
-0.538756 -0.300396 0.292515
0.108066 0.389013 0.321509
0.426618 -0.032630 0.228564
-0.316287 -0.460941 -0.019535
0.415420 0.530940 0.373819
-0.211724 -0.560474 0.353605
0.337846 0.238435 0.321509
0.517202 -0.163235 0.149295
-0.197723 0.532182 -0.346229
0.092442 0.489866 0.373818
0.039560 0.305320 0.352567
-0.200033 -0.373979 0.354400
-0.559461 -0.547113 0.187634
0.310505 0.131921 -0.196118
-0.098673 -0.005429 0.089419
0.537908 -0.704056 0.053154
0.202347 -0.173930 -0.346229
0.157618 -0.242761 0.321509
-0.538756 -0.214579 -0.188158
-0.538756 -0.212970 0.195214
-0.479229 -0.380235 0.309530
-0.181183 0.527434 0.412816
-0.448171 -0.246106 -0.073351
-0.448171 -0.348381 0.091472
0.043256 0.054551 0.352567
-0.061609 0.319058 0.352567
0.087153 -0.060463 -0.346229
-0.422032 -0.286270 -0.196118
-0.305606 -0.325067 0.421616
-0.077073 -0.169217 -0.227175
0.426618 -0.167287 -0.086281
0.426618 -0.158673 -0.181195
-0.538756 0.255393 0.177855
-0.105681 -0.096118 0.352567
0.018130 0.477733 0.352567
0.517202 0.030696 0.254941
-0.448171 0.019065 -0.048503
-0.569814 -0.356277 0.321629
0.517202 -0.138008 -0.022861
0.457675 -0.346791 0.052235
-0.315723 -0.450879 -0.346229
0.347083 0.519262 0.398536
-0.305815 -0.518922 -0.346229
0.350121 -0.517880 -0.250326
0.200110 0.320145 0.383624
-0.479229 0.202206 0.134333
-0.353729 -0.013194 -0.183611
-0.479229 -0.244542 0.315735
0.517202 0.325419 -0.223493
-0.497552 0.670907 0.321509
-0.211989 -0.551756 0.223160
0.304084 -0.013194 0.055161
0.537908 -0.603631 0.160636
0.537908 -0.393194 -0.093719
-0.061753 -0.526986 0.383624
-0.162381 -0.677090 -0.392816
0.165043 -0.005429 0.097020
0.381170 0.081364 0.354400
-0.363719 -0.532450 0.321509
0.228703 0.155537 -0.346229
0.307312 -0.321031 -0.346229
-0.349211 -0.750640 0.223160
0.492828 -0.563283 -0.392816
-0.104579 -0.460941 -0.185538
0.037826 0.473376 0.238641
-0.458644 0.620899 0.131530
-0.386240 0.580808 0.383624
-0.414189 -0.683148 0.223160
0.517202 0.211521 0.089724
-0.379970 0.376290 0.321509
-0.435679 0.481140 -0.090972
0.169588 0.153335 -0.227175
-0.559461 -0.656824 -0.066444
0.517202 -0.557278 0.151352
0.537908 0.667179 0.129085
-0.437138 0.243741 -0.361758
-0.538756 -0.121023 -0.140237
-0.448171 0.126736 -0.051943
-0.168046 -0.562950 -0.392816
-0.569814 -0.262031 0.326785
-0.237435 0.065124 -0.227175
0.058461 0.473376 0.282986
0.264179 -0.403952 -0.196118
0.457675 -0.436234 0.048146
0.068101 -0.652438 0.223160
0.426618 0.286925 -0.140858
0.078868 0.256223 -0.361758
-0.196231 -0.158129 0.329691
-0.381959 0.443687 -0.346229
-0.437280 0.120247 0.354400
-0.495881 -0.400284 -0.361758
-0.524791 -0.529473 0.383624
0.537908 -0.206179 -0.300201
-0.140353 0.473376 0.134945
0.101674 -0.165420 0.352567
0.378941 -0.013194 -0.089523
-0.559461 0.310664 -0.038398
0.027718 0.380203 0.370824
-0.301971 -0.461195 0.383624
-0.406505 0.297382 0.334083
0.254961 0.140491 -0.227175
0.237689 -0.385134 -0.346229
0.464564 0.107694 -0.361758
0.207855 -0.602288 -0.392816
-0.448171 0.262256 -0.004828
-0.255544 0.473376 0.035917
-0.538756 0.447620 -0.293244
0.330690 0.380203 0.374095
0.420045 -0.517880 -0.034315
-0.202298 0.670932 0.321509
-0.448171 0.189900 -0.018893
0.391878 0.407564 0.352567
0.548260 0.220843 0.341229
0.426618 0.015965 0.081222
-0.479229 -0.321187 -0.019417
-0.559461 0.670933 0.106593
0.517202 0.189363 -0.049046
0.378984 0.291622 -0.361758
-0.010580 -0.630748 0.223160
0.365737 -0.534952 0.321509
0.493507 -0.363612 0.321509
-0.328620 -0.359415 0.354400
-0.538756 -0.448526 0.314160
-0.523822 -0.517880 -0.273863
0.450183 0.114511 0.352567
0.504710 0.641604 -0.187897
0.540496 -0.119998 0.373599
-0.559461 0.266771 0.056157
-0.538756 0.140466 -0.158534
0.151685 -0.122608 -0.361758
-0.316146 0.007384 -0.227175
0.254375 0.442771 -0.346229
0.517202 0.524164 0.113689
-0.286948 -0.468705 0.061412
0.424575 0.620899 0.035075
0.434989 -0.517880 -0.274546
0.098468 0.186837 -0.196118
-0.559461 0.483375 -0.230126
-0.543939 0.364614 0.356198
-0.520185 -0.141720 0.321509
0.104099 -0.013194 0.161659
-0.142118 -0.468705 0.082014
-0.353303 0.241414 0.375192
0.073099 -0.517880 -0.114608
0.005452 0.141245 -0.227175
-0.054183 0.481140 0.064867
-0.005627 -0.517880 -0.301107
0.233278 0.576901 -0.223997
0.271654 -0.517880 0.149560
0.347968 0.140007 0.415746
0.426618 -0.362610 -0.118307
0.394824 0.573269 -0.196118
-0.557594 -0.525120 -0.392816
0.017014 0.644845 0.352567
0.401173 -0.468705 -0.021476
-0.313004 0.619639 -0.392816
0.537908 -0.569073 -0.124844
-0.439136 -0.460941 -0.195351
0.420744 0.620899 0.232701
-0.307229 0.576901 -0.226142
-0.044851 -0.022512 0.383624
-0.136608 0.603186 0.352567
0.328455 0.335376 -0.346229
0.426618 0.147350 0.309438
0.315979 0.501716 0.354400
0.041737 0.242721 0.383123
-0.476256 0.576901 0.257393
-0.448171 -0.186710 -0.167203
-0.164100 0.588202 0.383624
0.537908 -0.276125 0.033404
-0.370628 -0.407404 -0.361758
-0.473189 -0.489410 -0.042481
-0.354341 0.481140 0.172291
0.319888 -0.005429 0.184940
-0.537600 0.641604 0.182764
-0.163899 -0.517880 -0.310925
0.457675 -0.200399 -0.122138
0.513709 0.467223 -0.346229
-0.336163 0.492140 -0.227175
0.537908 -0.128437 -0.363910
-0.230128 0.540383 -0.196118
-0.457129 0.520664 -0.346229
0.517202 -0.253346 -0.271861
0.486145 -0.193218 0.350061
0.116980 -0.013194 0.258608
0.382396 -0.460941 0.200948
0.147578 -0.409988 -0.346229
0.089813 0.033477 0.321509
0.098558 -0.478213 -0.361758
-0.059025 0.481140 -0.182258
-0.098588 -0.066453 0.321509
0.517202 0.425852 -0.098367
0.112861 0.046018 0.383624
0.180453 0.662368 -0.392816
0.358809 0.180352 -0.227175
-0.452477 0.284765 0.383624
0.404922 0.266892 0.383624
-0.483562 0.630321 0.383624
-0.377842 0.501551 0.373818
-0.049447 0.239826 0.321509
0.091427 0.169101 0.352567
0.537908 -0.061241 0.264613
0.316498 -0.110343 0.321509
-0.178012 0.035333 0.352567
0.235927 -0.357302 -0.227175
0.517202 -0.015481 0.022141
-0.479229 -0.272441 0.068910
0.148828 -0.517880 -0.158585
-0.227023 -0.005429 0.133383
-0.479229 -0.176117 -0.097986
0.426618 -0.260687 0.020575
0.353894 0.556924 0.321509
0.006410 0.260982 -0.346229
-0.538756 -0.124614 -0.080751
0.457675 -0.225996 0.090337
0.537908 -0.749848 -0.261487
0.457675 -0.393547 -0.131340
0.457675 -0.408589 -0.202581
0.335371 -0.227420 -0.361758
0.537908 0.574933 0.165267
-0.267883 0.291156 -0.227175
-0.517146 -0.358078 0.352567
-0.039308 -0.517880 -0.258072
0.196701 0.453813 0.321509
-0.197074 -0.517880 -0.280836
0.477623 -0.517880 0.158357
0.351078 0.319542 0.383624
-0.398765 -0.460941 0.009494
0.295015 -0.468705 0.072305
-0.519636 0.641604 -0.227799
-0.371851 0.092498 0.321509
0.438298 0.641604 -0.151893
-0.288236 -0.517880 -0.279259
0.102384 -0.467838 0.352567
-0.479229 0.454140 -0.219129
-0.448171 -0.321576 -0.156810
-0.364555 -0.286935 -0.361758
0.303910 -0.563424 0.352567
-0.276005 -0.259342 0.321509
0.292641 0.231129 0.352567
0.493885 0.641604 0.260041
0.517202 0.399619 -0.226664
-0.513867 0.303729 -0.361758
-0.213515 -0.013194 -0.063279
0.433825 0.263301 -0.227175
0.517202 0.285811 -0.062673
-0.187315 0.481140 0.180299
-0.448171 0.160755 0.084277
0.023190 -0.267001 0.321509
0.028208 -0.517880 -0.217427
-0.538756 0.379703 0.050277
0.385037 -0.013194 0.132244
0.034136 -0.454683 0.321509
0.426618 -0.261066 0.164945
-0.042670 0.528941 -0.361758
0.109647 -0.460941 0.035312
0.517202 0.233636 -0.323549
0.218866 -0.184172 -0.227175
-0.559461 -0.185669 -0.320291
-0.093271 -0.517880 0.001969
-0.466429 0.047452 -0.361758
0.225710 -0.469559 -0.227175
0.457675 -0.244062 -0.223271
0.457675 0.180731 0.333099
0.517202 -0.035577 -0.127383
0.206084 -0.319443 0.321509
0.453711 -0.489410 0.347933
0.517202 0.658981 -0.345951
0.499081 0.574730 0.352567
0.457675 -0.009230 -0.116848
0.509507 -0.313887 0.352567
0.434429 0.452670 0.023753
0.537908 -0.108128 0.080083
-0.124029 -0.001295 -0.196118
0.182602 0.067138 0.354400
-0.538756 0.551535 -0.141194
-0.009667 -0.100491 0.352567
0.220045 -0.468705 0.208180
0.231005 0.189832 -0.196118
-0.047794 -0.460941 0.045132
-0.020397 0.501487 0.321509
0.302086 -0.468705 0.198227
0.319365 -0.004698 -0.227175
-0.479229 0.209699 -0.085541
-0.418524 0.203497 0.321509
-0.559461 -0.541769 0.270741
0.412586 -0.122400 -0.346229
-0.559461 -0.480302 0.187667
-0.139149 -0.517880 -0.060735
-0.448171 0.171913 0.210675
-0.393137 -0.517880 -0.278279
0.191487 -0.460941 -0.042321
0.488886 0.478735 0.321509
0.537908 -0.269841 -0.102679
-0.479229 0.160344 0.180054
-0.559461 -0.505143 0.143613
-0.538756 0.303685 -0.255004
0.537908 -0.197029 0.049654
-0.057252 -0.460941 -0.049704
0.095464 0.128581 -0.346229
0.122223 -0.408664 0.321509
0.047682 -0.189753 -0.196118
-0.060679 -0.517880 0.048993
-0.020272 -0.569642 0.344386
0.083848 -0.237742 -0.196118
0.443774 0.072191 0.352567
0.057824 -0.614980 -0.392816
-0.437971 0.561217 -0.227175
-0.402346 -0.013194 0.309511
0.111441 -0.061258 0.352567
-0.275602 -0.013194 -0.092449
0.457675 -0.235953 -0.047359
-0.031759 0.603075 -0.392816
-0.293625 -0.538106 0.321509
-0.463487 -0.497766 0.383624
-0.559461 0.570725 0.317720
0.457675 -0.410954 -0.052729
-0.094153 -0.468705 -0.086175
-0.538756 0.167597 -0.082581
-0.101951 -0.120928 -0.361758
-0.261557 0.452670 0.338147
-0.510460 -0.547928 -0.392816
-0.538128 0.616124 -0.392816
-0.130594 -0.305438 0.379095
-0.351428 -0.569642 0.338518
-0.448171 0.066812 -0.000163
-0.559461 -0.314163 0.194784
-0.426594 -0.078252 -0.361758
-0.538756 0.203409 0.019228
-0.459416 0.641604 -0.252829
0.537908 0.221035 0.299842
-0.273151 -0.441559 -0.196118
-0.231439 -0.186741 -0.196118
0.517202 0.233339 0.173931
0.457675 0.096558 0.157250
-0.538756 0.608969 0.148722
0.426618 0.255350 0.144480
-0.271936 -0.121225 -0.346229
-0.327087 0.274661 0.383624
-0.475887 -0.489410 0.160755
0.034318 -0.013194 -0.107303
-0.479229 0.526531 0.103580
-0.538756 0.078705 -0.167874
-0.559461 0.670814 -0.357400
0.079080 -0.000781 -0.196118
-0.140391 -0.033899 0.346866
0.517202 -0.492107 -0.048239
-0.448171 -0.203468 -0.041172
-0.443222 0.452670 0.338363
-0.404599 0.035572 0.352567
-0.059706 -0.695574 -0.392816
-0.559461 0.104100 0.174890
-0.136741 0.276985 -0.227175
0.537908 -0.695151 -0.175088
-0.529110 0.410008 -0.346229
0.175628 0.279032 0.383624
-0.559461 -0.645405 0.115501
0.359427 -0.428257 0.374000
-0.465852 0.297383 0.060875
0.148498 -0.158129 -0.201159
0.457675 0.229757 0.172904
0.500536 0.548431 -0.384718
-0.538756 0.236471 -0.055877
0.181378 0.264922 0.321509
-0.515280 -0.569642 0.352469
0.457675 0.053105 0.247075
0.123069 -0.235952 -0.361758
-0.569219 0.500062 0.352567
0.031599 -0.516542 0.383624
-0.354058 0.162394 0.352567
0.503562 0.238022 0.383624
0.184523 -0.264844 0.352567
-0.041185 0.292086 -0.361758
-0.538756 0.520645 -0.293661
-0.525912 0.026489 0.352567
0.147094 -0.424711 -0.196118
-0.095780 -0.460941 0.047492
-0.339481 0.510065 0.352567
0.537908 -0.667294 0.020943
0.394056 -0.455778 0.352567
0.517202 -0.063257 0.035531
-0.293830 -0.039374 0.352567
0.517202 0.469231 -0.263878
-0.159008 -0.517880 -0.154134
-0.411361 -0.013194 0.093933
0.517202 0.141745 -0.011657
-0.123500 -0.649377 -0.392816
-0.538756 0.388723 0.226679
0.142634 -0.005429 0.291679
0.094667 0.112931 -0.196118
-0.125501 -0.584493 -0.392816
-0.479229 0.552156 0.010996
-0.092727 -0.319839 -0.346229
-0.128473 0.335994 0.383624
0.356275 0.295968 -0.227175
0.426618 -0.203582 0.196576
-0.448171 0.037037 -0.105243
0.028610 -0.397886 -0.227175
-0.214047 0.103587 0.354400
-0.448171 -0.477211 0.019719
0.537908 -0.331029 -0.243630
0.517067 -0.524696 -0.392816
-0.196226 -0.468705 -0.192211
-0.234447 0.260525 0.352567
-0.479229 0.107601 -0.081800
-0.377997 0.481140 0.277321
-0.156347 0.449735 0.352567
0.183334 0.414890 0.383624
0.097149 0.590553 -0.392816
0.319299 -0.170075 0.352567
-0.049235 0.364674 0.357854
0.247220 0.393945 0.321509
-0.448171 -0.217042 -0.104327
-0.181388 0.173080 0.379095
0.273797 0.481140 0.139954
-0.267575 0.207062 0.352567
-0.049428 -0.439045 -0.227175
-0.098301 0.269847 0.321509
0.381397 -0.092092 0.382435
0.426618 -0.309070 0.203310
0.214640 0.251010 -0.361758
0.275236 0.672662 -0.363871
-0.181324 0.372780 -0.361758
-0.448171 -0.315730 0.245956
-0.397766 0.069477 -0.196118
0.457675 -0.023930 0.148705
0.214443 -0.422483 0.321509
0.213876 0.007945 0.352567
-0.216532 -0.517880 0.257895
-0.559461 -0.288839 -0.192422
0.537908 -0.394184 -0.287513
0.230573 -0.517880 -0.178757
-0.559461 -0.588924 -0.298664
0.020361 0.562861 -0.392816
0.517202 -0.533637 -0.028779
-0.448171 0.129846 0.226382
-0.448171 0.035174 0.038855
-0.559461 -0.577216 0.025031
0.537908 -0.260830 -0.217007
0.537908 0.193048 0.226413
-0.405050 -0.112876 0.377602
-0.350364 0.547522 -0.227175
-0.343536 0.154010 -0.196118
-0.390052 -0.493833 0.352567
-0.416725 0.663408 0.353520
-0.122420 -0.329679 -0.227175
-0.448171 0.260291 -0.129592
-0.538756 -0.088585 0.112699
0.019497 0.241504 -0.227175
0.030892 0.019389 0.383624
0.327013 0.481140 -0.115868
0.016648 -0.460941 -0.070224
0.062074 0.543334 0.354400
0.415753 0.376969 -0.346229
0.207280 -0.013194 0.061558
-0.212326 0.075069 -0.361758
0.537908 -0.159877 0.230346
-0.034063 0.563065 0.354400
0.229273 0.462336 -0.196118
-0.569814 -0.184910 0.338656
-0.469008 -0.158129 0.305399
0.370887 0.661377 0.321509
0.268197 0.473376 0.201852
0.517202 -0.369423 0.158766
-0.272143 0.481140 -0.053262
-0.034280 -0.552695 0.223160
0.537908 -0.077481 0.149633
0.338443 -0.005429 -0.096895
-0.479229 0.003962 0.186285
-0.519635 -0.309817 0.352567
-0.137109 -0.197050 -0.196118
-0.450082 -0.578950 -0.392816
0.255786 0.481140 0.056431
-0.436401 -0.548306 0.321509
0.230403 -0.608630 0.223160
-0.036463 -0.365842 0.379095
0.232063 0.288561 -0.346229
-0.559461 0.361407 -0.200433
-0.559461 -0.002807 -0.358168
-0.448171 -0.432808 0.343896
0.426618 0.031259 0.216124
-0.226992 0.309882 -0.361758
0.337045 -0.339500 0.352567
0.005893 0.481140 0.143486
0.050723 0.005475 -0.227175
-0.284909 0.173471 -0.227175
-0.410896 0.548431 -0.387557
-0.360628 0.198205 -0.196118
0.243221 -0.332728 -0.346229
-0.479229 -0.413624 -0.021498
0.537908 0.380341 -0.031863
0.537908 -0.057229 -0.385721
0.434270 -0.414616 0.383624
-0.082956 0.117237 0.352567
-0.455352 0.468584 -0.361758
0.144716 0.225773 -0.196118
-0.538756 0.417213 -0.039263
0.484133 0.620899 -0.275254
0.457675 0.534746 0.139568
-0.530761 -0.088064 0.352567
-0.100301 0.383770 0.321509
-0.265177 -0.267485 0.379095
-0.197574 0.473376 0.080780
-0.338847 -0.517880 0.034531
-0.559461 -0.542787 -0.048015
-0.448171 -0.355079 0.194320
0.010043 -0.325401 -0.196118
-0.341381 0.198163 0.379095
-0.538756 0.057494 -0.009163
0.385749 -0.277536 0.352567
-0.061390 0.571077 0.321509
-0.414291 0.006505 -0.227175
0.411851 0.255439 -0.361758
0.364398 -0.229017 0.354400
0.537908 0.562326 0.260390
0.301954 0.311120 0.383624
0.457675 -0.332271 0.127145
0.057857 -0.468705 0.174080
-0.370344 -0.295568 0.379095
-0.139098 -0.248009 -0.361758
0.179660 0.644948 0.377602
0.042426 -0.013194 0.294499
0.456723 -0.054855 -0.361758
0.426618 -0.250191 -0.193911
0.453143 -0.517880 -0.109281
0.457675 -0.184235 0.173635
-0.446970 0.641604 0.258688
0.416590 -0.517880 -0.075758
-0.082466 -0.176713 -0.361758
-0.116075 0.435847 -0.361758
-0.140525 -0.439255 -0.227175
-0.559461 0.210802 -0.290777
0.343348 -0.697084 -0.392816
0.426618 0.186952 0.136081
-0.448171 -0.356222 0.038695
0.426618 -0.269120 -0.123261
0.527230 -0.569642 0.303061
-0.448171 -0.288076 0.146368
0.227215 -0.200532 0.352567
-0.569814 0.098499 0.341232
0.537908 0.338095 0.011272
-0.559461 -0.699606 -0.149398
-0.232072 -0.156592 0.352567
0.272936 0.060235 -0.227175
0.009154 0.103760 0.354400
-0.328823 -0.468705 -0.173248
0.486145 0.259994 0.340176
0.457675 -0.452472 0.256557
-0.479229 0.195410 0.250360
-0.479229 -0.218910 0.167228
0.345940 -0.005429 0.105032
-0.228993 -0.005429 0.032758
-0.531920 0.465265 -0.346229
-0.337426 -0.371945 -0.346229
-0.334787 -0.174307 0.352567
-0.540537 0.672662 0.314228
-0.549688 0.215118 0.383624
0.134651 0.291303 -0.346229
0.119547 -0.403677 0.379095
-0.120137 -0.248329 -0.227175
0.069499 0.268377 0.352567
0.362358 -0.468705 -0.109711
-0.569814 0.010954 0.334772
-0.347548 0.637906 -0.361758
-0.538756 -0.025539 -0.318373
0.335652 -0.090838 0.357999
-0.559461 -0.687113 0.177680
-0.337982 -0.491175 0.383624
-0.141199 -0.531946 -0.361758
-0.081373 0.473376 0.099923
0.537908 0.553897 -0.007762
-0.423142 0.319783 0.383624
-0.356088 0.364674 0.357484
0.426618 0.158399 -0.142775
0.276757 -0.460941 -0.077541
-0.559461 -0.207677 -0.084281
0.109637 -0.468705 0.190410
-0.417122 -0.003295 -0.346229
0.429008 0.297383 0.064668
-0.002439 0.072579 -0.196118
0.167500 -0.468705 0.271938
-0.101778 0.062020 -0.227175
-0.269517 -0.555211 0.223160
0.537908 0.158269 -0.321869
-0.479229 -0.352955 -0.217703
-0.559461 -0.719290 0.118656
-0.448171 -0.189244 -0.002555
0.391754 0.022740 -0.196118
-0.437554 -0.347979 -0.196118
0.182383 -0.489410 -0.210342
-0.445494 0.411724 0.352567
-0.538756 0.467633 0.013717
0.515404 -0.191222 -0.361758
0.101912 0.524651 0.352567
-0.336084 -0.528528 0.352567
-0.479229 0.258176 0.107495
-0.559461 0.346580 0.295769
-0.454014 -0.200031 -0.346229
-0.479229 0.066832 0.199722
-0.077353 0.452670 0.341157
0.511806 0.016550 -0.346229
0.517202 0.302439 -0.137372
0.426618 0.161685 0.193776
-0.030260 -0.111869 -0.361758
-0.479229 0.485317 -0.122660
-0.196136 -0.244985 -0.361758
-0.479229 -0.338614 0.148657
0.316563 -0.517880 0.107467
-0.538756 0.319164 0.224623
0.537908 0.139838 -0.105285
-0.309507 0.473376 -0.143229
-0.559461 0.354269 -0.334078
-0.538756 0.140561 0.212659
0.517202 0.061354 0.173173
-0.159312 0.576901 0.323296
0.422244 0.425619 -0.361758
-0.538756 -0.119957 0.241090
-0.448171 0.575180 -0.053976
0.537908 0.478997 -0.173379
-0.479229 0.155277 0.317350
-0.383866 -0.460941 -0.038053
-0.222723 -0.517880 -0.248879
0.144231 0.207883 -0.346229
-0.291071 0.035222 -0.361758
0.442100 0.642048 -0.392816
-0.120273 0.564652 -0.361758
0.151741 0.341381 0.336782
-0.559461 -0.407297 0.187834
0.426618 0.207986 -0.167191
0.313919 0.647142 0.380625
0.270900 0.633090 0.383624
0.457675 -0.210958 -0.197777
0.501480 -0.239004 0.352567
-0.521560 0.014073 -0.361758
-0.129415 0.565296 -0.196118
0.075679 0.453671 -0.196118
-0.538756 0.228582 0.283955
-0.036716 -0.033222 -0.227175
0.137141 0.078894 0.321509
0.437519 0.576901 0.025787
-0.156193 0.291420 0.321509
0.457675 0.454775 0.104286
0.501274 0.641604 -0.079471
0.444786 0.576901 -0.069609
-0.479229 0.116437 0.138234
0.131797 -0.305203 -0.346229
0.307440 0.481140 -0.070233
-0.130925 -0.538165 0.352567
-0.105075 -0.005429 0.192041
0.426618 0.142637 0.067220
-0.546083 0.333960 0.383133
-0.538116 -0.237528 0.352567
0.151814 0.127838 -0.196118
0.406108 -0.400023 -0.196118
-0.538756 0.162503 -0.216857
0.448214 -0.445121 0.352567
-0.479229 0.183438 -0.129343
-0.069249 0.497397 0.352567
-0.448171 -0.399319 0.086587
-0.202129 0.127347 -0.196118
-0.125465 0.151730 0.321509
-0.468298 0.620899 -0.180653
0.262121 -0.027544 0.352567
-0.538756 0.556268 0.023707
0.377799 0.658354 0.383624
-0.010477 0.027816 -0.227175
0.219074 0.244597 -0.196118
0.399887 -0.352099 -0.346229
-0.200358 0.165399 -0.227175
-0.200215 -0.517880 0.014087
0.517202 -0.564087 -0.060894
0.198207 0.480233 0.354400
0.046174 -0.005429 0.080458
0.054544 -0.357370 -0.227175
0.356754 -0.334796 -0.196118
-0.384268 -0.341733 -0.196118
-0.359112 -0.005429 -0.004367
-0.527958 -0.517880 0.319716
-0.016065 -0.432615 -0.346229
-0.448171 -0.413721 -0.219349
0.081035 -0.409702 0.321509
-0.374690 -0.468705 0.294196
0.194474 -0.517880 -0.114900
-0.501268 0.109469 0.352567
0.443887 -0.702264 0.223160
0.303027 0.259430 0.321509
-0.473041 0.334901 -0.346229
-0.215709 0.038060 -0.196118
0.537908 0.570283 0.084370
0.043392 0.452749 -0.361758
-0.244956 -0.624252 -0.392816
0.391046 0.204944 0.354400
0.206923 0.607111 0.352567
0.372864 -0.620829 0.223160
0.517202 0.380376 0.222243
0.392972 0.628635 0.010814
-0.559461 -0.612029 0.198811
-0.559461 -0.037912 -0.105342
-0.095752 0.453162 -0.196118
0.270942 -0.246615 -0.227175
0.426618 0.527305 0.212197
0.373528 0.254252 -0.196118
-0.479229 -0.448987 0.211766
-0.161331 -0.517880 0.284404
-0.230953 0.473376 -0.068725
0.227793 -0.095376 0.352567
-0.153464 0.473376 -0.040842
0.014355 -0.479904 0.383624
0.537908 0.301133 -0.298773
-0.448171 0.483602 0.044993
-0.538756 -0.547877 -0.361472
0.255944 -0.013194 0.091752
-0.008865 0.501149 -0.361758
0.426618 0.019309 -0.155579
-0.171585 -0.133724 -0.346229
0.213614 -0.468705 -0.127997
0.065561 0.518304 0.429619
-0.215004 0.572947 0.373819
-0.175878 -0.460941 0.034967
-0.538756 -0.526087 -0.177262
-0.257392 -0.002065 0.352567
0.166962 -0.373074 -0.361758
-0.271937 -0.637836 0.223160
0.517202 -0.421211 0.010407
-0.475038 -0.141327 -0.346229
-0.538756 0.162175 0.078348
-0.263299 0.548431 -0.389657
-0.276795 -0.391633 0.354400
0.537908 0.494973 -0.226573
0.515811 -0.170898 0.382742
-0.171959 -0.468705 0.292097
0.172150 -0.246070 -0.227175
-0.199985 0.447562 -0.361758
-0.172746 0.279098 -0.361758
0.082776 -0.365716 -0.346229
-0.302283 0.613967 0.383624
-0.190344 -0.455490 -0.346229
0.454679 -0.033899 -0.030748
-0.196352 0.375228 0.321509
0.467138 0.011562 0.383624
-0.543672 -0.432795 0.352567
-0.559461 0.022242 -0.078157
-0.559461 -0.401324 -0.319402
0.347415 -0.005429 -0.015070
0.459629 0.465141 0.352567
-0.559461 -0.042617 0.222734
0.426618 -0.266113 0.095926
-0.477886 0.015373 0.352567
0.527297 0.031960 -0.392816
0.287037 0.494429 -0.346229
0.305148 0.647965 0.321509
-0.479229 0.252788 -0.050643
-0.136290 -0.517880 -0.233442
-0.413987 0.235990 0.354400
-0.538756 -0.360107 -0.240159
0.118288 0.132590 0.321509
-0.072614 -0.468705 -0.137298
-0.479229 0.285265 0.157776
0.101558 -0.309863 -0.227175
-0.265332 -0.517880 0.123156
-0.430174 -0.005429 0.049230
0.246278 -0.065872 -0.361758
-0.559461 0.644449 -0.218614
-0.448171 -0.394486 -0.131414
0.537908 -0.525674 -0.313067
-0.448171 -0.273458 0.327575
0.072298 0.341381 0.341715
0.287982 -0.013194 -0.049110
-0.451753 0.392797 -0.346229
-0.514875 0.249709 0.352567
0.148849 -0.517880 0.026117
-0.244805 -0.401775 0.321509
0.425595 0.564628 0.354400
0.167454 -0.311128 -0.196118
-0.559461 0.086275 0.056042
0.426618 -0.463834 -0.180582
-0.448171 -0.347696 -0.082581
0.313442 0.551763 0.321509
0.177524 -0.325004 -0.361758
0.134537 0.473376 0.134007
0.537908 0.500767 0.170539
-0.237134 -0.330270 0.354400
-0.050374 0.181516 0.379095
0.539697 -0.395382 0.381979
-0.085796 -0.013194 0.296904
0.261697 -0.460941 0.036502
-0.433184 -0.517880 -0.285098
0.326844 0.119127 0.379095
0.038794 0.634894 -0.361758
0.486222 0.640730 0.352567
-0.449706 -0.629294 0.223160
-0.538756 -0.187161 0.124282
0.026734 -0.115129 -0.346229
0.436833 0.346643 -0.361758
0.457675 -0.286736 0.340237
-0.430935 -0.005429 0.260265
-0.559461 -0.388353 -0.142581
0.426618 0.513599 0.324775
-0.511399 -0.517880 -0.103375
0.457675 0.290500 0.150556
0.537908 0.604087 -0.016733
-0.559461 -0.505858 0.070550
-0.289992 0.027807 0.352567
-0.383256 -0.327835 0.417839
-0.134377 -0.517880 0.205021
-0.326291 0.302995 0.352567
0.344040 -0.455462 -0.346229
-0.479229 -0.210029 0.035168
0.296864 -0.123164 -0.346229
0.457675 0.011314 0.298688
-0.272737 -0.013194 0.107063
0.457675 -0.216430 0.129160
-0.427329 0.198475 -0.361758
-0.479229 -0.024383 0.238369
-0.381322 -0.005429 0.129318
0.426618 -0.186690 0.312273
-0.420806 0.535258 -0.196118
0.038018 0.481140 -0.184235
-0.559461 -0.233365 -0.354635
-0.538756 0.445760 -0.067204
-0.174271 0.487279 -0.196118
0.537908 0.632841 -0.286983
0.204975 -0.539892 0.352567
-0.336301 -0.013194 -0.140728
-0.081408 -0.304805 -0.227175
-0.442880 -0.468705 0.283399
0.537908 -0.235756 0.283924
-0.427805 -0.158468 -0.227175
-0.398044 0.421573 0.352567
0.537908 -0.672226 -0.095995
0.065604 0.637178 0.352567
-0.559461 -0.697589 -0.258073
-0.003150 -0.310875 0.321509
-0.235267 -0.180075 -0.361758
-0.475241 -0.158129 -0.152671
-0.559461 0.020385 0.058996
-0.070407 0.578967 0.383624
-0.405185 -0.344844 0.352567
0.238239 -0.460941 0.279584
-0.526389 0.620899 0.037607
0.537908 -0.266978 0.244518
0.035408 0.285155 -0.196118
-0.253522 0.481140 0.154200
0.383015 -0.276892 -0.361758
-0.319779 0.528818 0.428021
-0.041467 0.619373 0.383624
-0.432131 0.251471 -0.227175
-0.184918 -0.099086 0.383624
0.548260 -0.127868 0.328720
-0.026411 -0.377988 0.321509
0.139166 -0.013194 -0.073364
0.160274 0.565676 -0.361758
-0.368216 -0.517880 -0.149449
-0.448171 0.140218 -0.094304
-0.479229 0.279001 0.247862
0.377634 0.238652 0.321509
-0.559461 -0.221523 -0.144798
0.537908 -0.129629 0.284247
-0.193678 -0.060842 -0.346229
0.396369 -0.199921 0.352567
0.164069 -0.544406 0.223160
0.224649 -0.438618 0.381097
-0.380749 -0.225542 -0.227175
0.395922 0.154040 -0.361758
-0.515204 0.200371 0.352567
-0.058402 -0.517880 0.304167
0.046074 -0.173945 0.352567
-0.056405 -0.160974 0.321509
0.457495 -0.570539 0.223160
-0.216021 0.481140 -0.157943
0.338758 0.601925 -0.361758
0.225402 -0.517880 -0.262381
-0.248283 -0.451850 0.352567
-0.408165 -0.158129 0.326511
0.517202 0.556207 -0.280660
0.245860 0.554297 -0.346229
0.537908 0.259726 0.248423
0.384944 0.473376 -0.090516
-0.479229 0.054279 0.251500
-0.118132 -0.013194 0.230027
-0.173916 0.060070 -0.361758
-0.388420 0.071739 0.354400
-0.538756 0.516634 -0.165360
-0.466687 0.068439 0.383624
-0.091264 -0.535868 -0.361758
-0.284993 -0.005400 0.383624
-0.266728 -0.567499 0.352567
-0.479229 0.130192 -0.192307
-0.403847 0.498485 0.321509
-0.258102 -0.005429 -0.183755
0.115162 0.074922 0.354400
-0.093807 0.473376 -0.058243
0.517202 -0.003185 0.072829
0.055879 -0.460941 -0.141561
-0.144898 0.215501 -0.346229
0.296565 0.572253 -0.196118
-0.114652 0.190746 -0.227175
-0.020766 -0.339180 0.354400
-0.559461 -0.020474 0.142021
0.486252 -0.687994 -0.392816
0.117702 -0.517880 0.090117
0.457675 0.187372 0.011973
0.457675 -0.463989 -0.037112
0.152048 -0.203950 0.383624
-0.511869 -0.132405 0.383624
0.357259 -0.325667 0.383624
0.537908 -0.659263 -0.349335
-0.479229 -0.003055 -0.038021
-0.528231 -0.726635 0.223160
-0.079605 0.293848 0.383624
0.379214 0.515816 0.321509
0.130475 0.481140 0.224495
0.139299 0.380203 0.378605
-0.023531 -0.414129 0.354400
-0.373996 -0.468705 0.152001
0.302816 -0.223466 -0.196118
0.130057 -0.001177 -0.361758
-0.479229 0.530960 -0.147537
0.471353 -0.524679 -0.346229
-0.538756 -0.281939 0.257605
-0.112861 -0.079002 -0.361758
0.263218 0.559403 0.321509
0.335474 -0.468705 0.008430
0.426618 0.097352 -0.089940
-0.559461 -0.065114 -0.336045
-0.250909 -0.191232 0.352567
0.517202 -0.155191 -0.276011
-0.149420 -0.323310 -0.346229
-0.538756 0.251379 -0.359942
-0.494564 0.070644 0.352567
-0.037549 -0.013194 0.064336
0.134332 0.637121 -0.392816
-0.201293 -0.395850 -0.196118
-0.427377 0.341381 0.326821
-0.248758 -0.347829 -0.227175
0.457675 0.039366 -0.055883
-0.349070 -0.611819 0.223160
-0.448171 0.211708 0.069562
-0.362204 0.635364 0.352567
0.053844 0.406756 0.383510
0.457675 -0.286999 0.021400
-0.538756 0.383069 0.098334
-0.130719 0.457363 0.383624
-0.194981 0.297382 -0.198489
0.510830 0.400682 0.352567
0.357945 0.231356 -0.346229
-0.499817 -0.643112 -0.392816
0.426618 -0.487479 0.113061
0.256369 -0.518888 0.352567
-0.510913 -0.282012 -0.346229
0.065215 0.294178 0.383624
-0.559461 0.620061 0.059606
0.342786 -0.028506 0.352567
-0.424573 -0.269622 -0.361758
0.517853 0.217016 -0.392816
-0.559461 -0.584672 -0.248419
-0.559461 -0.445838 0.156415
0.346540 0.481140 0.249570
0.523654 -0.278867 -0.392816
0.457675 0.156042 -0.044804
0.037001 -0.721176 -0.392816
-0.451759 -0.033899 0.113450
0.335308 0.546861 -0.361758
0.468219 -0.092363 -0.361758
0.115943 0.481140 -0.104188
-0.244668 0.488442 -0.227175
0.334185 -0.591801 -0.392816
0.153125 0.562691 -0.196118
0.115405 0.576901 0.343803
-0.448171 0.185390 0.162849
-0.074205 0.481140 0.018712
0.502709 -0.752386 0.223160
-0.079871 -0.170607 0.352567
0.298203 -0.013194 0.153244
0.209324 -0.517880 0.153987
-0.538756 0.129124 0.051601
-0.424614 -0.569063 0.352567
-0.559461 -0.248028 0.160847
0.056173 0.595709 0.352567
-0.479229 -0.186558 0.118831
0.537908 -0.084841 -0.258734
0.104785 0.550925 -0.392816
-0.218050 -0.468705 -0.073784
0.537908 -0.513082 0.233080
-0.263892 -0.717980 -0.392816
-0.559461 0.551191 -0.019834
-0.364793 -0.579754 -0.392816
0.106528 0.542849 -0.227175
-0.559461 -0.370739 0.267717
-0.217981 -0.197683 0.383624
0.271281 0.264437 0.352567
-0.024852 -0.013194 0.204181
0.263085 0.518923 -0.227175
0.134672 -0.285762 -0.227175
-0.407852 0.106718 0.379095
-0.250199 -0.031848 -0.227175
0.055916 -0.403168 0.352567
0.081072 -0.013194 -0.107558
-0.479229 0.011441 0.038576
-0.045195 0.481140 0.275965
0.457675 0.499142 0.208900
-0.447974 -0.340379 -0.361758
0.537908 -0.582095 -0.232236
-0.270638 0.253857 0.321509
0.170522 -0.194310 -0.227175
0.520604 -0.550859 0.383624
0.537908 -0.748333 -0.154337
0.337460 -0.517880 -0.103372
0.095846 -0.445114 0.383624
0.289299 0.229465 -0.227175
-0.534628 0.607789 0.352567
0.197329 0.581178 0.383624
-0.219258 0.618247 0.352567
-0.559461 0.579256 -0.217382
-0.046993 -0.517880 -0.202277
0.495690 -0.428926 0.321509
-0.361029 0.335132 -0.346229
0.517202 0.023776 -0.287235
-0.479229 0.052763 0.023144
0.410231 0.349317 0.352567
-0.538756 0.093205 -0.097596
-0.098435 0.635572 0.352567
-0.116961 -0.348033 -0.361758
-0.448171 -0.316207 -0.042420
-0.289903 -0.468705 0.203113
-0.311018 -0.386316 0.321509
0.031194 -0.356102 0.321509
-0.448171 0.087923 0.280209
0.538315 0.594333 0.352567
-0.448171 0.123668 -0.157645
0.401934 -0.517880 -0.237262
0.517202 0.105618 0.133796
-0.479229 0.154547 -0.075687
-0.508765 0.002819 0.383624
0.517202 -0.307404 -0.276610
-0.538756 0.226090 -0.218591
0.537908 -0.386183 -0.377071
0.322509 0.147838 0.352567
-0.341092 -0.755047 -0.392816
0.284256 -0.406173 0.321509
0.240336 -0.013194 0.188726
-0.001124 0.481140 -0.115209
0.457675 -0.330799 0.003308
-0.479229 0.503339 -0.221450
-0.032683 0.096612 -0.361758
0.537908 -0.439700 0.105734
-0.559461 0.390818 -0.361099
-0.408024 0.473376 0.218197
0.426618 -0.406510 0.303528
-0.550656 -0.049635 -0.392816
-0.329934 -0.033899 -0.218612
0.125072 -0.460941 0.286760
0.457675 -0.223385 0.208941
-0.195488 -0.229824 0.352567
0.395264 -0.517880 0.121221
0.334618 0.452670 -0.214026
0.457675 0.473274 -0.108072
0.107628 -0.335864 -0.346229
-0.119023 0.481140 0.023340
-0.479229 -0.206542 -0.179482
0.013100 -0.033899 0.332217
0.052017 0.046535 -0.196118
-0.325607 -0.430979 0.352567
0.113664 -0.517880 -0.256679
-0.559461 0.215364 -0.164005
-0.333265 -0.268269 -0.227175
0.132301 0.168810 -0.227175
-0.044090 -0.468705 -0.008098
0.395024 0.033123 -0.346229
-0.479229 -0.433690 0.286972
0.127852 0.495821 0.352567
-0.559461 -0.508167 -0.241149
-0.279276 -0.114131 0.329603
-0.290758 -0.685587 0.223160
-0.378233 -0.005429 0.210677
-0.015845 -0.468705 0.247848
0.173763 -0.005429 -0.146776
-0.419360 0.641604 -0.351552
-0.482663 -0.517880 0.038718
0.486145 -0.154755 0.345215
0.537908 -0.333653 0.005493
0.037516 0.576220 0.382997
-0.559461 0.526828 -0.057038
0.457675 0.291474 -0.015502
0.292024 0.548431 -0.384117
0.052348 -0.484719 0.352567
0.486145 0.524525 0.342511
-0.114425 -0.392971 -0.227175
-0.155287 -0.223747 0.373988
0.325918 0.183064 -0.196118
-0.167898 -0.434337 0.352567
0.080548 0.572756 -0.346229
0.103883 -0.631098 -0.392816
-0.055549 0.641969 0.321509
0.437129 0.576901 0.119454
0.149678 0.014496 -0.196118
-0.479229 0.151234 0.057580
0.162308 -0.241469 0.379095
-0.538756 -0.081584 -0.201895
0.332325 0.457566 0.321509
0.537908 0.305381 0.149810
0.282047 -0.423747 -0.227175
0.219748 0.210299 0.354400
0.457675 -0.450834 0.312726
-0.024196 -0.577457 -0.392816
-0.448171 0.206442 0.016283
-0.559461 -0.493018 -0.107661
-0.448171 -0.401713 0.147668
-0.300080 0.372704 0.352567
0.167522 -0.005429 0.203327
0.337357 -0.517880 0.279771
0.426618 -0.315327 -0.141135
-0.462225 0.641604 0.030747
-0.494571 0.605750 0.352567
0.457675 0.266926 -0.102639
0.517202 -0.272432 -0.034326
-0.417127 0.400027 -0.361758
-0.295663 0.473376 0.070113
0.429584 -0.561878 0.375409
0.509566 0.139400 0.383624
-0.266026 0.416234 0.352567
0.517202 0.420185 0.283023
0.151070 0.021872 0.383624
0.400722 0.473376 0.302041
0.335779 -0.005429 0.279356
-0.309265 0.642761 -0.361758
-0.479229 0.014143 -0.101564
0.429913 0.641604 -0.190614
-0.448171 0.489623 0.277805
0.139179 -0.082973 -0.361758
0.097455 -0.719270 -0.392816
0.517202 -0.206527 0.269626
-0.185813 0.103213 0.321509
-0.538756 -0.076134 0.052564
-0.443868 0.641604 -0.295188
-0.448171 0.024846 0.209748
0.085952 0.079773 0.379095
0.045614 -0.263174 -0.196118
0.199547 -0.209101 -0.361758
-0.083958 0.524538 -0.361758
-0.341564 0.452670 0.332832
0.517202 -0.480330 0.045066
0.383309 0.656657 -0.361758
0.387341 -0.203987 -0.227175
0.514957 -0.517880 -0.204773
-0.479229 0.022005 -0.195269
-0.424665 -0.511449 0.383624
-0.102618 -0.517880 -0.145698
-0.487776 0.318914 0.352567
-0.479229 0.569098 -0.081501
-0.559461 0.319796 -0.093646
0.277130 0.403496 0.345670
0.177807 0.544466 0.321509
0.242289 -0.512704 -0.391063
-0.187881 -0.365161 -0.346229
-0.012410 0.325560 0.352567
-0.490837 -0.031869 -0.346229
-0.448171 -0.327550 0.127253
-0.464926 0.250128 0.352567
0.079292 0.422377 0.352567
0.074070 -0.349294 0.352567
-0.497808 0.550384 0.383624
0.259978 -0.229777 0.354400
-0.230369 0.562912 -0.227175
0.139349 -0.517880 0.199799
0.340490 -0.154092 0.383624
-0.102356 0.363906 0.354242
-0.559461 -0.365727 -0.075686
-0.538756 -0.260568 -0.022674
-0.387069 0.533048 -0.361758
0.462383 0.666431 0.321509
0.457675 0.179888 0.114746
-0.569814 -0.557229 0.336267
0.194454 0.473376 0.288626
-0.538756 0.403968 0.274690
0.517202 0.158436 0.166292
-0.351793 0.237799 -0.196118
-0.249103 0.541798 0.321509
0.219433 -0.236970 -0.227175
0.537908 -0.682307 0.136128
-0.034539 -0.248298 0.379095
-0.559461 -0.422474 0.057335
-0.538756 0.474497 0.213571
0.202719 0.147076 0.321509
0.489881 0.620899 0.213283
0.457675 -0.174392 0.006930
-0.538756 -0.341223 -0.052155
-0.062411 -0.441748 0.352567
0.333383 -0.493364 0.383624
-0.041268 -0.098658 0.321509
0.426618 0.490078 -0.159191
-0.105505 0.166484 0.379095
0.517202 0.158352 0.273792
0.074019 -0.612926 0.223160
-0.087277 0.576901 -0.216066
-0.538756 -0.026828 -0.235877
-0.472352 -0.237723 0.383624
0.115223 -0.013194 -0.195488
0.457675 -0.243494 0.295913
0.188857 -0.126343 0.352567
-0.055300 -0.472643 0.383624
0.537908 0.357594 -0.356539
0.457675 -0.314796 0.313937
-0.479229 -0.293145 -0.142920
0.426618 -0.432478 0.196944
-0.559461 -0.600239 -0.368726
-0.019768 -0.029740 -0.346229
-0.439953 0.473376 -0.191636
-0.240887 -0.468705 0.164509
-0.280630 -0.164490 -0.196118
0.426618 0.135833 -0.030294
-0.544318 0.438301 0.380727
-0.252304 0.143438 -0.361758
0.199367 0.049794 -0.227175
0.203370 -0.005429 0.148278
0.517202 0.571740 0.229259
-0.019680 -0.270422 -0.361758
0.099764 -0.517880 0.030628
-0.374866 -0.460941 0.239811
0.537908 -0.614660 -0.195247
0.426618 -0.308901 0.052297
-0.366393 0.290445 0.321509
0.457675 -0.404970 0.152079
0.235923 0.620899 -0.353696
0.526166 0.439124 0.383572
-0.559461 -0.729739 -0.385801
-0.538756 0.592105 -0.140652
0.426618 -0.257031 -0.053967
-0.403129 0.079206 -0.346229
-0.448171 0.553029 -0.147346
0.235353 -0.517880 0.024657
0.380238 -0.033899 -0.198284
0.507428 0.551267 0.383624
-0.421555 -0.013194 -0.056055
0.034745 -0.046867 -0.346229
0.162915 -0.049628 0.352567
0.426618 0.559399 -0.147736
0.397651 0.620899 -0.315875
0.413222 0.402191 0.321509
0.537908 0.371850 -0.080659
0.259510 -0.517880 0.113452
-0.479229 -0.031278 -0.139622
-0.479229 0.550880 0.229786
0.517202 0.669910 0.021194
-0.246421 0.234787 -0.196118
-0.086097 -0.468705 0.247326
-0.538756 0.616998 0.275263
0.537908 0.449668 0.212859
0.537908 -0.037539 0.112431
-0.285144 -0.466864 0.321509
-0.538756 0.034525 -0.164550
-0.448171 -0.189349 0.097074
-0.448171 -0.361080 0.297819
0.130481 0.454646 0.383624
0.420542 0.634435 0.383624
0.537908 -0.624210 -0.310375
-0.333669 0.205856 -0.227175
0.182358 -0.440286 0.383484
-0.329297 -0.517880 0.238885
0.537908 -0.698840 -0.376672
0.464856 0.464009 -0.361758
0.373838 0.141667 0.321509
0.472746 -0.391585 -0.361758
0.399130 0.297382 -0.199144
0.471983 0.541477 -0.346229
-0.442453 0.620899 0.198231
-0.015102 -0.460941 0.285786
0.426618 0.214480 0.280801
0.457675 -0.326489 0.190205
0.385678 -0.370910 0.354400
-0.448171 0.538752 0.028184
-0.479229 -0.236262 0.101222
0.457675 0.005188 0.062282
-0.538756 -0.070766 0.147477
-0.168267 0.049782 -0.196118
-0.136173 0.004368 0.352567
0.296986 0.586704 -0.392816
0.075396 -0.351169 -0.196118
0.537908 -0.155634 -0.168313
-0.358476 -0.231624 -0.196118
-0.015503 -0.468705 -0.171256
-0.251096 0.650046 0.383431
0.488584 -0.332108 -0.346229
0.331756 0.220440 0.354400
0.350813 0.101152 0.321509
-0.448171 -0.470982 -0.064177
-0.448171 0.237001 -0.165030
0.189632 -0.642442 -0.392816
0.537908 -0.051295 -0.054535
0.376104 0.047951 0.377455
0.337947 -0.305105 -0.361758
-0.239219 0.483477 0.354400
-0.205946 0.287781 0.383624
0.497879 0.672662 -0.383469
0.221393 0.169033 0.352567
0.537908 0.182017 -0.249900
-0.538756 0.495326 0.280128
-0.479229 -0.174385 0.221524
-0.479229 -0.388183 0.038858
0.456438 0.526593 0.383624
0.299021 -0.273054 -0.346229
0.204579 0.108588 0.352567
0.163851 0.638637 -0.361758
0.380832 -0.517880 0.040429
-0.318133 0.599335 0.352567
-0.109201 -0.365518 -0.196118
0.426618 -0.351889 0.199944
0.432591 0.641604 -0.355320
-0.538756 -0.076653 0.266704
0.517202 0.331825 -0.110737
0.136875 0.294695 -0.196118
-0.529815 0.292966 0.352567
-0.484202 0.620899 -0.020475
-0.559461 -0.001761 0.216168
-0.419193 0.481140 0.125654
-0.152586 0.150171 -0.196118
-0.289750 0.507846 0.321509
-0.218184 -0.460941 0.230060
-0.538756 0.532177 0.143067
0.457675 -0.013721 -0.071909
0.026058 -0.193291 -0.227175
-0.448171 0.542384 -0.035279
0.502406 -0.155790 -0.361758
0.516347 0.192699 0.352567
-0.392635 -0.460941 -0.134350
0.372638 0.529165 -0.361758
-0.109366 0.054403 0.354400
-0.479229 -0.301267 0.217383
0.457675 -0.379193 -0.073063
-0.569814 0.526589 0.325774
-0.009226 -0.056466 0.352567
-0.026901 0.103398 -0.227175
-0.538756 0.502464 0.028306
-0.223514 0.369516 0.352567
-0.128791 -0.013194 -0.050085
-0.005314 -0.376176 -0.227175
0.392372 -0.013194 -0.124726
-0.414033 0.112137 -0.227175
0.537908 0.466043 0.259588
-0.559461 -0.245183 -0.080735
-0.029705 -0.517880 -0.049139
-0.322683 -0.249575 0.352567
-0.336700 -0.460941 0.175689
0.095265 -0.517880 0.244414
-0.559461 0.401577 -0.268814
-0.384678 -0.468705 0.086647
-0.045557 0.288778 0.321509
0.304620 -0.212286 -0.346229
0.537908 -0.499192 0.010227
-0.538756 -0.487106 -0.304679
0.537908 -0.132724 -0.316181
0.537908 -0.248079 -0.356130
0.120418 0.432932 0.352567
0.000182 0.613765 -0.361758
0.537908 -0.520766 -0.106844
0.517202 0.664766 0.097789
0.426618 -0.189068 -0.204136
-0.215636 -0.524310 0.383624
0.438860 -0.448811 -0.346229
0.426618 0.163014 0.009206
0.100718 0.474545 -0.361758
0.030902 -0.052803 0.377602
0.350584 -0.177758 -0.346229
-0.265841 -0.335369 -0.196118
-0.447584 0.620899 -0.219250
-0.559461 0.009623 -0.204258
-0.448171 -0.265784 0.029199
0.486425 -0.517880 0.048372
0.377441 0.191360 -0.361758
0.426618 -0.466804 0.047113
-0.313602 -0.055240 0.321509
-0.046822 0.022295 0.383624
-0.272433 -0.517880 -0.001261
0.375572 0.624271 -0.392816
-0.559461 0.637684 -0.176459
0.139675 0.441630 -0.361758
-0.063782 0.522847 0.321509
0.457675 0.012333 0.206846
0.289187 0.591921 0.352567
0.537908 -0.702394 -0.037898
0.537908 0.215696 -0.269207
-0.357330 -0.150367 0.383624
-0.250223 -0.301818 0.321509
0.263426 -0.310908 0.379095
0.418671 -0.100244 0.383624
0.381811 0.320529 0.352567
-0.274197 -0.337957 0.352567
0.158042 0.034042 0.321509
-0.077953 0.649579 -0.361758
0.102219 -0.286031 -0.196118
0.426618 0.018759 -0.051838
-0.468827 -0.402752 0.352567
0.517202 0.598278 -0.112563
-0.479229 -0.256440 0.186849
0.260831 0.532288 0.373818
0.457675 0.197503 -0.024093
0.301583 -0.415747 -0.196118
-0.184930 -0.005429 0.011350
0.347497 0.517321 -0.227175
0.429620 0.620899 -0.121914
-0.448171 0.224887 0.149701
-0.530016 -0.493658 -0.346229
0.232520 -0.172205 0.383624
0.517202 0.477344 -0.099354
-0.455216 0.086748 0.352567
-0.099592 0.345961 0.321509
0.517202 0.532997 0.237190
-0.242259 0.587985 -0.346229
-0.448171 -0.213517 0.197392
0.269225 0.153099 0.426325
0.457675 0.072929 -0.136797
-0.187773 -0.460941 -0.156112
0.457675 0.226097 0.250251
0.171195 0.576881 -0.227175
-0.479229 -0.172491 0.078169
-0.324541 0.087127 0.321509
-0.176289 -0.537022 0.352567
0.015632 0.019154 -0.346229
-0.559461 -0.216342 0.321333
-0.565548 -0.081598 0.321509
-0.448171 0.269928 0.292288
-0.478595 0.625978 -0.361758
0.094952 0.297649 -0.346229
-0.346893 0.425583 0.383624
-0.479937 0.663485 0.353578
0.190284 0.341381 0.328528
0.289389 -0.460941 0.259518
0.537908 0.638331 -0.222753
0.046291 0.172749 0.321509
0.183921 -0.318620 0.436357
-0.294761 -0.274703 0.354400
-0.391336 0.576901 0.336467
-0.559461 0.344592 0.172272
-0.083739 0.014785 0.321509
-0.559461 -0.148935 -0.153819
-0.479229 -0.393978 -0.192309
-0.538756 0.411801 0.158062
-0.352470 -0.013194 0.068418
0.136199 -0.017226 -0.227175
0.288875 0.421644 -0.361758
0.537908 0.435788 -0.048489
-0.165078 -0.357752 -0.196118
0.255705 -0.448974 0.321509
-0.157943 0.209967 -0.196118
0.457675 -0.178632 0.085432
0.288024 -0.550287 0.321509
-0.489955 0.641604 -0.053403
0.245650 0.610547 0.338980
0.457675 -0.472861 0.079225
-0.448171 0.081409 -0.137286
0.537908 -0.100923 -0.012161
-0.051681 0.220871 0.374702
-0.343490 -0.521583 -0.392816
0.426618 0.134377 -0.200954
0.439763 0.620899 0.200692
-0.479229 0.142157 0.111314
-0.113500 0.095963 0.352567
0.274134 0.481987 0.354400
0.299859 -0.054307 -0.361758
-0.144903 -0.479672 0.352567
0.052040 -0.546290 0.321509
-0.538756 0.342691 -0.046744
0.548260 0.086565 0.330057
0.227233 -0.007661 -0.346229
-0.013618 0.473376 0.067618
0.537908 0.387918 -0.319792
0.383395 -0.699471 -0.392816
-0.447764 -0.517880 -0.319295
-0.448171 -0.464765 0.324904
0.123652 -0.460941 -0.136928
0.282179 0.110197 -0.361758
-0.538756 -0.552948 -0.314644
0.517202 0.546974 0.152246
0.058861 -0.537540 -0.361758
0.186139 0.493337 -0.196118
-0.039185 -0.664633 -0.392816
-0.487928 0.279269 0.352567
0.227351 0.297382 0.325891
-0.448171 -0.431348 0.105346
0.221276 0.379154 -0.346229
0.177442 -0.005429 -0.006944
-0.544062 0.251305 0.377657
0.503143 -0.259235 0.383624
-0.538756 0.306995 0.051510
-0.538756 -0.451711 -0.066073
-0.093496 0.473376 0.280177
0.537908 0.064419 -0.073128
0.067023 -0.005429 -0.054996
0.491672 0.501011 0.383624
-0.101395 -0.468705 0.294280
0.199707 0.525455 -0.346229
-0.538756 -0.149278 -0.227389
-0.077180 0.371908 -0.361758
0.309246 -0.339356 0.321509
0.259139 -0.359024 -0.196118
-0.565731 0.646510 0.321509
-0.559461 -0.219179 0.126546
0.409077 0.015238 0.352567
-0.367149 -0.432173 -0.227175
0.457675 0.092665 -0.029409
-0.538756 -0.512245 0.113777
-0.018223 0.149398 0.354400
-0.559461 -0.074638 -0.144752
0.537908 0.120712 -0.328532
0.517202 0.602178 -0.363363
0.464426 0.145647 -0.361758
-0.185974 0.100592 0.379095
0.257132 -0.517880 -0.031933
-0.035692 -0.489410 0.323077
-0.073839 -0.045456 0.383624
0.015357 -0.446539 -0.227175
0.251641 -0.603963 -0.392816
0.259079 0.017638 -0.346229
-0.208986 -0.468705 0.303372
0.280542 -0.012275 -0.227175
-0.160771 -0.238930 -0.196118
0.294990 0.337288 -0.361758
0.305554 0.039538 0.383624
0.204129 -0.339340 0.352567
-0.017368 0.473376 -0.020881
0.517202 -0.487401 -0.156920
0.537908 0.525375 0.318789
-0.562049 0.585890 0.372353
-0.479229 0.189152 -0.054887
-0.479229 -0.013162 -0.000585
0.454978 0.277022 -0.361758
-0.540060 -0.168119 0.352567
-0.061797 -0.264343 0.354400
0.142640 0.076570 -0.361758
-0.089201 -0.618319 -0.392816
-0.479229 -0.249134 -0.027703
-0.201511 -0.005429 0.091722
-0.473011 -0.485419 -0.227175
0.323543 0.473376 0.090347
0.268590 0.065947 -0.361758
-0.483135 -0.216458 -0.361758
-0.217048 -0.033899 0.350335
0.457675 -0.406392 0.087626
-0.412672 -0.186419 0.383624
-0.466264 0.380624 0.321509
-0.531565 -0.662193 0.223160
0.460094 0.053804 0.383624
0.062721 -0.216943 0.352567
-0.490201 0.620899 -0.242404
0.537908 0.438107 -0.126226
-0.479229 0.571138 -0.155249
-0.324729 0.521956 -0.346229
-0.507699 -0.202411 0.325560
-0.011356 0.542431 -0.196118
-0.479229 -0.407010 -0.057696
0.222096 -0.492589 0.352567
-0.448171 -0.290637 -0.005156
-0.047849 -0.540970 0.352567
-0.187227 -0.697794 0.223160
-0.559461 -0.172971 0.274359
0.537908 -0.526344 0.124752
-0.360597 0.391392 -0.361758
0.517202 -0.349559 0.101648
-0.175129 -0.517880 -0.052034
0.457675 -0.371878 0.321556
0.194630 -0.508160 0.321509
-0.148653 0.473376 0.058946
-0.503519 -0.441701 -0.361758
0.249546 0.016870 0.352567
-0.479229 -0.242427 -0.092686
-0.448171 -0.176051 0.280986
0.341442 0.180161 0.354400
-0.033194 -0.137693 0.352567
0.530532 -0.507215 0.383624
-0.544409 -0.516961 0.352567
-0.158889 0.473376 -0.126851
-0.272230 -0.517880 0.165280
0.426618 0.254933 0.289529
0.517202 -0.507596 -0.268411
-0.085477 0.403496 0.349327
-0.222315 -0.642021 0.223160
0.208938 -0.162569 -0.196118
0.517202 0.155533 -0.281474
0.288518 -0.127291 0.352567
-0.378323 -0.545519 0.352567
0.163414 0.318746 0.383624
0.537908 -0.339977 -0.324943
-0.280809 -0.193726 0.321509
0.457675 -0.333134 -0.209858
-0.029161 0.255452 0.383624
-0.077431 0.481140 -0.132309
-0.559461 -0.028643 -0.043687
0.517202 0.323206 0.210998
0.154304 -0.114131 0.351589
-0.005105 -0.479365 0.352567
0.351648 0.254567 0.352567
0.457675 0.124132 0.309736
0.512461 -0.048729 0.352567
-0.442438 0.604051 0.383624
0.056832 -0.487406 -0.196118
-0.378354 0.562224 -0.196118
-0.468577 0.576901 0.073440
-0.470855 -0.517880 0.296870
0.457675 0.051969 -0.216778
0.356039 0.050853 0.321509
0.457675 -0.166243 -0.105657
-0.538756 0.161798 -0.005816
0.517202 0.534877 -0.142271
-0.559461 0.592710 -0.034823
0.356267 0.124287 -0.227175
-0.113253 -0.286702 0.352567
-0.066017 0.175028 -0.196118
0.255471 0.653216 0.321509
-0.184265 0.461553 0.383624
-0.559461 -0.364731 -0.319690
0.260800 -0.517880 -0.113185
0.457675 -0.030844 0.302618
-0.538756 0.592081 -0.335517
0.082895 -0.438335 -0.346229
0.426618 -0.179030 0.130533
-0.066252 0.297382 -0.222508
-0.448171 -0.299056 0.283424
0.264536 -0.369454 0.352567
0.145049 -0.425302 0.354400
-0.430526 -0.517880 -0.204643
0.429647 -0.731566 -0.392816
-0.559461 0.281262 0.235485
0.426618 0.531752 -0.181532
-0.559461 -0.358785 0.051076
0.457675 0.004537 -0.225197
0.104625 0.096468 -0.227175
-0.309273 -0.468705 0.095666
-0.559461 -0.002466 -0.261569
-0.526551 -0.512704 -0.378114
0.517202 0.205300 0.143226
-0.381900 -0.158129 -0.222509
0.540496 0.233493 0.376303
0.537908 -0.488612 0.292963
-0.024798 0.186580 -0.346229
-0.538756 0.328696 -0.372801
-0.446198 0.145384 -0.196118
0.109048 -0.013194 0.038653
-0.538756 0.051972 0.030155
-0.012462 0.351960 -0.346229
0.354535 0.481140 -0.144046
-0.254735 0.411818 -0.361758
0.404255 -0.517880 0.254912
-0.448171 0.222027 0.186064
0.511595 -0.388401 0.352567
-0.365245 0.473376 -0.056079
0.307490 0.535658 -0.196118
-0.339085 0.234086 0.321509
0.254614 0.077088 0.379095
0.440804 0.164998 0.383624
0.077452 0.142614 0.421824
0.392901 -0.090497 -0.361758
0.522991 0.672662 -0.114349
0.052692 -0.308264 0.354400
0.517202 -0.223089 -0.177962
0.548260 0.256835 0.324100
0.374164 -0.517880 -0.327936
0.176083 0.031578 -0.361758
-0.176558 -0.148927 0.383624
-0.278116 0.584200 0.383624
0.517202 -0.395733 -0.157445
-0.115084 0.200509 0.354400
-0.435898 0.310891 -0.346229
-0.559461 -0.251116 0.109122
0.426618 0.029567 0.255744
0.537908 0.441201 0.126804
-0.559461 0.376524 0.153626
-0.461263 0.172144 -0.346229
0.227068 -0.514527 0.383624
0.426618 -0.029462 0.097440
0.391354 0.481140 0.042953
-0.544065 0.523522 0.379782
0.411983 0.620899 0.101383
0.453370 -0.121694 -0.346229
-0.179487 0.231353 0.352567
-0.474663 -0.107017 0.352567
0.517202 0.164712 0.016508
0.147086 -0.467189 -0.346229
0.422216 -0.282143 0.352567
-0.537615 0.127210 0.352567
0.141919 0.063111 -0.227175
0.150209 -0.488228 -0.227175
0.457675 -0.395203 0.244063
0.457675 -0.265006 0.219817
0.537908 -0.540946 0.084919
-0.241641 -0.259657 0.352567
0.457675 0.533389 0.085045
-0.479229 0.187631 0.015732
0.421783 -0.052016 0.330319
0.131608 -0.468705 0.111963
-0.559461 0.307036 0.309719
-0.538756 0.277649 -0.006641
0.537908 -0.368555 0.282317
-0.114271 -0.692406 0.223160
-0.137771 -0.115092 -0.361758
-0.254559 0.057441 -0.196118
0.332361 -0.214098 0.377870
-0.271220 -0.251445 -0.196118
-0.006449 0.467497 0.383624
0.457675 -0.306335 -0.069931
0.539216 -0.044790 0.382461
-0.117128 0.473376 0.106070
0.517202 0.058106 -0.245941
0.008113 -0.517880 0.184111
0.252023 -0.469183 0.352567
-0.275456 -0.460941 0.252533
0.261154 0.356310 0.352567
-0.123691 0.473376 0.211524
0.395242 0.628507 0.352567
0.537908 -0.292817 -0.141568
-0.117340 -0.425599 -0.346229
0.457675 -0.238817 -0.123335
0.028273 0.490434 -0.361758
0.133663 -0.592765 -0.392816
-0.538756 -0.095303 -0.008351
-0.569814 0.168227 0.329969
-0.538756 -0.446748 -0.382206
0.300707 0.078817 0.354400
-0.135797 -0.308047 -0.196118
-0.559461 -0.444607 -0.162714
-0.538756 -0.559686 -0.229671
-0.178726 -0.468705 0.155557
-0.448171 0.242992 0.263662
-0.366280 0.473376 -0.018392
-0.126740 -0.173326 -0.227175
-0.067930 -0.679371 0.223160
0.122871 0.473376 0.041147
0.072943 -0.105629 0.352567
-0.457084 0.505050 0.352567
-0.559461 0.316371 0.120712
0.537908 -0.235994 -0.247786
-0.156680 0.665948 -0.361758
-0.559461 -0.383689 -0.261063
0.435956 0.452670 -0.048603
0.350735 -0.517880 0.155133
-0.274020 -0.292759 -0.196118
-0.308120 0.297382 0.321815
-0.527265 0.097604 -0.361758
0.457675 -0.482312 -0.104677
-0.448029 -0.234711 0.352567
-0.197341 0.282229 0.321509
-0.360598 -0.400128 0.379095
-0.562049 -0.025027 0.377624
0.257489 -0.736306 -0.392816
-0.448171 -0.265113 0.250799
0.517202 0.564064 -0.079113
-0.440448 -0.038370 0.352567
-0.448171 0.471045 0.149925
0.305049 -0.013194 -0.156525
-0.089079 -0.013194 -0.066843
-0.268154 0.069055 0.354400
-0.222910 -0.534938 0.321509
-0.253051 0.159832 0.352567
0.537908 -0.692022 0.212919
0.315813 -0.469753 0.352567
-0.158187 -0.071065 0.383624
-0.216598 -0.409491 0.352567
0.323791 0.201287 -0.227175
-0.353697 -0.026417 0.383624
-0.414570 0.653468 -0.392816
0.529189 0.340932 0.321509
-0.155827 0.316367 0.352567
-0.524931 0.664232 0.381866
0.263627 -0.325341 0.321509
-0.093376 -0.311489 0.321509
-0.288457 -0.213207 0.352567
0.416288 0.481700 -0.227175
-0.559461 0.171959 -0.154731
0.517202 0.031644 0.129231
-0.300146 -0.306313 -0.227175
0.107157 -0.531191 -0.361758
-0.011783 0.668114 -0.392816
-0.562049 -0.361955 0.358451
0.392972 0.638097 -0.063800
0.287745 0.012784 0.352567
-0.445528 0.597757 -0.392816
-0.479229 -0.298075 -0.224685
-0.013236 0.558381 -0.361758
0.251313 -0.389847 -0.227175
-0.559461 0.435394 -0.179991
0.537908 0.101598 0.230983
-0.021585 0.238723 -0.361758
-0.367674 0.028082 -0.227175
0.182232 -0.373844 0.352567
-0.276970 0.241643 -0.227175
-0.479229 -0.331546 0.084686
-0.180701 -0.468705 0.119101
-0.136060 0.088505 0.321509
-0.425060 -0.005429 -0.145831
-0.538756 0.558965 0.082600
0.457675 -0.385331 -0.170824
-0.559461 0.062010 -0.054040
0.517202 0.402970 -0.290102
-0.367925 0.578642 -0.392816
-0.448171 0.073825 -0.066351
-0.559461 -0.643798 -0.354101
-0.559461 -0.141811 0.062003
-0.134464 0.672662 -0.391126
-0.538756 0.563149 -0.090797
-0.011511 -0.013194 -0.150480
-0.318751 -0.044084 0.383624
-0.421937 -0.227005 0.321509
-0.235657 -0.101258 0.383624
0.425813 -0.581227 -0.392816
0.130417 -0.062497 0.321509
0.457675 0.078070 -0.177018
-0.369022 -0.489410 -0.212966
0.214181 -0.403897 0.354400
-0.406090 -0.528229 -0.361758
-0.538756 -0.227935 0.001403
0.299060 0.048843 0.321509
0.357399 -0.512704 -0.392029
-0.138867 -0.054244 -0.361758
-0.299087 -0.623576 -0.392816
0.353864 -0.566491 0.352567
-0.559461 0.050149 -0.235958
-0.365964 0.084913 0.379095
-0.173665 0.663442 0.353554
-0.559461 -0.579790 -0.055377
-0.479229 0.526252 -0.027377
0.306743 -0.005429 0.229873
0.372144 -0.216976 0.321509
-0.111885 0.278139 -0.361758
0.537908 0.151247 -0.357035
0.537908 -0.479002 0.099407
0.308102 0.624977 0.352567
-0.232704 0.664376 0.354489
0.221000 0.101438 0.321509
0.441737 -0.180402 0.383624
0.227119 0.473376 0.264730
0.458534 -0.025526 0.383624
0.517202 0.350674 -0.018458
-0.339584 0.473376 0.020577
-0.292758 0.468923 -0.196118
-0.526643 0.500709 -0.346229
0.468298 0.360909 0.352591
0.426618 -0.006783 -0.207383
0.169329 -0.010901 0.352567
-0.270204 -0.390266 -0.346229
0.181752 -0.730055 -0.392816
0.537908 -0.569222 0.027559
0.356535 -0.517880 -0.288558
-0.290329 -0.423466 -0.346229
-0.479229 0.145972 0.022160
0.071054 -0.517880 0.199058
-0.538756 -0.484147 0.005407
-0.166334 0.551553 -0.227175
0.214642 -0.517880 -0.328045
0.256398 0.229596 0.354400
-0.036196 0.527346 0.354400
-0.038111 0.070792 0.352567
0.242849 0.531939 0.422075
0.517202 -0.092661 -0.291495
0.338808 -0.517880 0.019503
0.406129 -0.056485 -0.361758
0.326263 0.502623 -0.196118
-0.559461 0.438412 -0.095424
0.457675 0.028727 -0.112105
0.353971 -0.301713 0.354400
-0.559461 0.093432 0.250030
0.457675 0.532626 0.258656
-0.538756 -0.204249 -0.355463
0.207182 0.508221 -0.227175
0.206889 0.560316 0.354400
0.428318 0.614995 0.352567
-0.151195 0.473376 0.009877
0.517202 -0.356282 -0.115336
-0.419744 0.641604 -0.150723
-0.422211 0.036772 0.321509
-0.301874 -0.517880 -0.079549
0.517202 -0.095149 0.304225
-0.559461 -0.280985 -0.257189
-0.021459 -0.517880 0.071312
-0.189481 0.619632 0.383624
-0.046852 0.114659 0.354400
0.457675 0.487346 -0.009867
0.047738 -0.153602 0.383624
0.114152 0.144239 -0.196118
-0.279609 0.469627 -0.346229
0.517202 0.280143 0.227718
-0.242166 0.430496 0.383624
-0.169307 0.513729 0.352567
0.517202 0.316810 0.108456
-0.357519 0.526040 0.321509
-0.169514 0.516805 -0.361758
0.186351 -0.398689 -0.346229
-0.448171 -0.180139 0.156448
-0.492136 0.153043 0.383624
0.517202 0.219558 0.029654
-0.235138 -0.005429 0.202839
-0.084387 -0.185172 -0.196118
0.457675 0.082237 -0.076704
-0.569814 0.398545 0.332412
0.537908 0.196857 0.057840
-0.559461 -0.586542 -0.121131
-0.344205 -0.324359 0.352567
-0.094631 -0.598865 0.223160
0.516342 -0.502738 0.321509
-0.538756 -0.293421 -0.086041
0.008519 -0.609870 -0.392816
-0.538756 -0.280336 0.192089
0.268077 -0.517880 -0.205015
-0.538756 -0.380332 0.109259
0.537908 0.080760 -0.180400
-0.360823 -0.260441 0.379095
-0.123602 -0.522284 0.383624
-0.496444 0.641604 0.049438
0.537908 0.134432 0.052608
-0.328208 -0.192139 -0.227175
0.413281 -0.489410 -0.201481
0.331676 0.436594 0.383624
0.304387 0.473376 0.060319
0.416633 0.614830 -0.392816
-0.231222 -0.517493 -0.346229
-0.518973 -0.340743 0.321509
-0.201871 0.196637 0.352567
0.319853 -0.294721 -0.196118
-0.448442 0.641604 0.161470
-0.538756 0.347777 0.251007
-0.117765 0.134053 0.354400
-0.479229 -0.480637 0.002108
0.031119 0.376479 0.321509
0.537908 0.041186 -0.138136
-0.444586 0.019313 -0.346229
0.426618 0.508632 -0.049086
0.336410 0.548467 0.373818
0.082411 -0.414643 -0.227175
0.133838 -0.183824 0.352567
-0.020854 0.178646 -0.227175
0.323775 0.049640 -0.361758
-0.098657 0.401565 -0.346229
-0.557388 -0.472637 0.383624
-0.329093 -0.284933 -0.361758
-0.559461 -0.220993 -0.316676
0.125332 0.487601 -0.227175
-0.538756 -0.536722 0.009527
0.517202 0.525924 -0.334956
0.149736 -0.337370 0.379095
-0.119136 -0.460941 -0.014762
0.335967 0.667722 0.321509
0.283425 -0.581155 -0.392816
-0.559461 -0.403947 -0.032629
0.517202 0.603478 -0.201214
0.452946 -0.532653 0.352567
-0.120208 0.512245 -0.227175
0.098521 0.473376 0.275472
-0.307165 -0.350013 -0.196118
0.070872 0.285203 -0.196118
-0.174533 -0.013194 0.223841
0.520047 -0.270453 0.352567
-0.538756 -0.141730 0.157755
-0.559461 0.616807 -0.317819
0.228720 0.253991 0.321509
0.245240 0.664897 0.369325
-0.394755 0.158434 -0.361758
-0.559461 -0.080004 -0.074361
-0.494620 0.620899 0.013373
0.466452 0.641604 0.133884
-0.164823 -0.370300 0.354400
0.258463 -0.317215 0.432799
-0.240648 0.281584 -0.196118
0.124127 0.017051 0.321509
-0.317095 -0.188464 0.321509
-0.060996 -0.240026 -0.196118
0.155772 -0.532723 0.352567
0.457675 0.129283 0.093468
-0.538756 0.194225 0.130032
0.517202 0.163097 0.207499
0.437804 0.620899 -0.269592
-0.559461 -0.028296 -0.145695
0.194888 -0.186134 0.352567
0.517202 0.408022 -0.367639
0.318557 0.513554 0.418683
-0.479229 0.576093 0.186579
0.418803 -0.460941 0.265092
-0.495101 -0.717178 -0.392816
-0.505307 0.620899 -0.084418
-0.116859 0.626612 -0.361758
-0.479229 -0.268060 0.124008
-0.181365 -0.425068 -0.196118
-0.479229 0.488797 -0.185353
-0.416918 -0.517880 -0.009796
-0.479229 -0.219091 0.069352
0.418718 -0.158129 0.332893
-0.152318 0.359839 -0.346229
-0.559461 -0.714072 0.153612
0.359012 -0.460334 0.352567
0.537908 0.385999 0.156082
-0.538756 0.057438 0.185777
-0.512994 0.089251 0.321509
-0.488244 0.636839 0.321509
0.243800 0.123611 -0.346229
0.409197 0.061495 -0.361758
0.517202 -0.239692 0.129540
0.430047 -0.033899 0.168305
-0.448171 -0.303786 0.185117
0.332002 -0.468705 -0.054736
0.426983 -0.158129 0.018698
0.367312 -0.067639 0.352567
-0.432806 -0.460941 0.139957
-0.267227 0.481140 0.113220
0.085887 -0.517880 -0.002838
-0.538756 0.105497 -0.191751
-0.006243 0.481140 0.106910
0.348392 -0.624106 -0.392816
0.517202 -0.305958 -0.356234
0.457675 0.504133 0.031392
0.537908 -0.509424 -0.179343
-0.559461 0.409073 -0.007933
-0.479229 0.209337 0.217948
-0.538756 0.640079 -0.147899
-0.219861 -0.271087 -0.361758
-0.513239 -0.591779 0.223160
0.068000 -0.569642 0.342576
-0.095591 -0.514002 0.321509
0.529059 0.370493 0.352567
-0.559461 -0.675451 -0.371420
-0.329640 -0.468705 0.209348
0.173169 -0.517880 -0.010733
0.537908 -0.618515 -0.019233
0.517202 0.092505 -0.059738
-0.235137 -0.460941 -0.028345
0.229052 -0.487251 -0.196118
0.457675 0.463518 0.238518
0.537908 -0.404570 0.053082
-0.236556 -0.455204 -0.196118
0.110153 -0.544916 0.352567
-0.197915 -0.592265 -0.392816
-0.274663 -0.517880 -0.329849
-0.559461 0.196064 -0.081947
0.104706 0.576901 -0.203795
0.099965 -0.090838 0.369609
0.537908 -0.239882 0.159910
-0.394716 0.234341 -0.361758
0.181890 0.539846 -0.227175
-0.363729 0.473376 -0.173554
0.444681 0.641604 0.014947
0.537908 -0.610945 -0.387738
-0.052903 -0.599760 -0.392816
-0.538756 0.574216 -0.386047
0.311293 -0.358071 -0.346229
0.151576 -0.754038 -0.392816
0.072350 0.084666 -0.196118
0.517202 0.149608 -0.390941
-0.402082 0.279604 -0.227175
0.350732 -0.092199 -0.361758
0.118015 -0.462658 -0.196118
-0.429619 0.481140 -0.043819
0.537908 0.600973 -0.334405
-0.065163 -0.416574 0.378809
0.032478 0.320183 0.383624
-0.447551 -0.109514 0.377602
0.426618 -0.387914 0.078433
-0.279949 0.558057 0.352567
0.492327 -0.347214 0.352567
-0.559461 -0.612050 0.029661
-0.190224 -0.274694 -0.196118
0.038872 -0.468705 0.214701
0.352466 -0.189974 0.352567
0.440459 -0.489410 -0.018283
0.426618 0.512756 0.134263
0.422889 0.297382 -0.225005
0.457675 -0.306612 -0.166818
-0.136651 -0.005429 0.169789
-0.333035 0.664897 0.377691
-0.314954 0.575059 -0.346229
0.517202 -0.202747 -0.104520
0.457675 0.077006 0.075159
0.516078 0.507649 0.352567
-0.392891 -0.460941 -0.171798
-0.175870 -0.270015 0.354400
-0.436339 -0.005429 0.174008
0.085976 0.198933 -0.227175
0.370117 -0.332678 -0.346229
-0.072227 -0.475708 0.352567
0.426618 0.026784 0.316265
0.395267 0.268974 0.321509
-0.479229 0.506424 0.193503
-0.525056 -0.414714 0.383624
0.537908 -0.556739 0.228105
0.339302 -0.385030 -0.346229
-0.385894 0.363984 0.381871
-0.523746 -0.063456 0.321509
0.486145 0.066216 0.323189
0.279605 0.473376 0.292355
-0.448171 -0.285783 0.059640
0.537908 -0.007019 -0.218347
-0.538756 0.129244 -0.060531
0.409208 0.182502 -0.346229
-0.313172 0.646597 0.352567
-0.198508 0.403496 0.346474
-0.287671 -0.460941 0.285364
0.537908 -0.237906 0.015975
-0.241073 -0.468705 0.106597
0.537908 0.130696 -0.208969
-0.538756 0.511347 -0.089684
0.165276 0.195761 0.321509
0.426618 -0.012830 -0.141690
-0.346453 -0.517880 -0.028572
-0.303913 0.279151 -0.227175
0.141078 -0.517880 0.155322
0.537908 -0.202486 -0.039553
-0.479229 -0.484911 0.223481
0.457675 0.457926 0.310488
0.334343 -0.381702 -0.227175
0.074972 0.608885 -0.346229
-0.024168 -0.169053 -0.346229
0.382920 -0.358017 -0.196118
-0.448171 -0.364942 -0.158608
0.416451 0.548431 -0.389848
0.277681 0.578531 -0.361758
0.500218 -0.561878 0.357429
0.457675 -0.159651 -0.061931
0.517202 -0.044133 0.242230
-0.448171 -0.383797 -0.007590
0.537908 -0.099235 0.194801
0.426618 -0.268931 0.240246
-0.534886 0.174973 0.383624
0.537908 0.276577 -0.008555
-0.063265 -0.201302 -0.227175
-0.170224 0.149389 -0.346229
0.426618 -0.005020 -0.015064
0.502420 0.439608 0.352567
-0.403771 -0.458099 0.352567
-0.538756 -0.481356 -0.047643
-0.472433 -0.489410 0.110725
0.537908 0.554029 -0.239143
-0.407636 0.388014 0.352567
0.537908 0.058490 0.095856
-0.097270 0.499669 -0.196118
-0.446425 -0.517880 -0.148625
0.426618 0.065903 -0.188757
0.417375 0.432664 0.352567
0.075989 -0.131231 -0.346229
0.517202 0.371910 0.120803
0.457675 0.247596 0.209442
0.348013 -0.350955 0.321509
-0.538756 0.139675 0.272077
-0.516245 -0.517880 -0.308445
0.031342 0.610547 0.333098
-0.107901 0.591055 -0.392816
0.537908 -0.182073 -0.195255
0.537908 0.089375 0.172301
-0.541644 -0.485878 0.321509
0.480702 0.080993 -0.346229
-0.110056 0.548930 0.354400
0.517202 0.280267 -0.260302
-0.049129 -0.406412 -0.196118
0.428713 0.217946 -0.227175
0.299935 0.176532 -0.346229
0.457675 0.296923 -0.128643
0.020574 -0.532638 -0.392816
-0.530535 -0.203533 0.352567
0.451948 0.541700 0.352567
0.367448 -0.114131 0.340026
-0.538756 0.020544 0.315545
0.502327 -0.423077 -0.361758
-0.032558 0.634269 0.352567
0.170582 -0.013194 0.271884
0.156005 -0.512704 -0.380097
0.031697 -0.517880 -0.147959
-0.141788 -0.013194 -0.121788
-0.125386 -0.033899 -0.208217
0.436895 0.620899 0.263530
-0.559461 0.543541 -0.231178
-0.072779 0.047363 0.352567
-0.209723 0.211876 -0.361758
-0.448171 0.293492 0.012489
0.537908 0.634991 -0.360311
-0.111097 -0.281924 -0.227175
-0.559461 -0.431990 -0.111878
0.010536 0.263799 0.321509
0.268609 -0.274093 -0.196118
-0.271423 -0.090838 0.367089
-0.227863 -0.401388 -0.346229
-0.355281 -0.089066 -0.361758
0.513939 -0.006474 0.383511
-0.559461 -0.243166 0.058301
-0.176981 -0.306129 0.354400
0.517202 0.447150 0.067459
-0.429630 -0.195025 0.352567
-0.054313 -0.156381 -0.361758
-0.538756 0.502907 -0.386844
0.457675 0.234987 -0.051634
-0.019190 0.561900 -0.227175
0.426618 -0.209229 -0.136411
0.455339 0.537239 -0.227175
-0.334185 -0.090838 0.367728
-0.448171 -0.217118 0.301046
0.426618 0.566586 0.304202
0.214238 0.009215 -0.227175
-0.359556 0.273639 -0.346229
0.331827 -0.033899 -0.213169
-0.145133 -0.376818 -0.227175
0.426618 -0.170549 0.072255
0.457675 -0.478626 -0.176103
0.426618 -0.416461 0.344410
-0.271064 -0.207476 -0.227175
0.517202 -0.273845 -0.331174
-0.559461 -0.166609 -0.357890
-0.454997 0.297382 0.231202
-0.444942 0.182716 -0.196118
-0.276096 -0.489410 -0.197674
0.158112 -0.660632 -0.392816
0.426618 0.105963 -0.134290
0.277056 -0.031347 0.383624
0.337665 -0.548144 0.223160
-0.425340 -0.499977 -0.346229
0.377946 0.199870 -0.196118
-0.559461 -0.528055 -0.269523
-0.435413 0.473376 -0.000707
0.417236 0.067059 0.378425
-0.330693 0.086060 0.379095
-0.029393 -0.669143 0.223160
0.255809 -0.517880 0.223189
0.144421 -0.517880 -0.034518
0.398261 -0.538755 0.379142
0.537908 -0.447710 -0.002682
0.223094 0.460519 -0.346229
-0.398724 -0.464624 -0.346229
-0.448171 -0.260518 -0.155099
0.426618 0.186180 0.034948
0.537908 -0.273826 -0.183716
-0.026071 0.471099 -0.361758
0.426618 0.541115 -0.034904
-0.415929 0.650251 0.321509
-0.190691 -0.219863 -0.227175
-0.099460 -0.051213 0.352567
0.008579 0.213967 0.321509
0.278883 0.473376 -0.003513
-0.248121 0.236967 0.373897
-0.559461 -0.610267 -0.007758
0.139535 -0.578305 0.223160
0.075105 0.254235 0.383624
0.388498 -0.460941 -0.179414
0.254138 -0.013194 -0.017140
0.055755 0.369740 0.352567
-0.229190 0.473376 0.296305
0.537908 -0.440792 -0.091273
-0.556534 -0.254949 0.383624
-0.559461 -0.321761 -0.181910
-0.127531 -0.186350 0.383624
0.465938 -0.244351 -0.346229
-0.435032 -0.547040 -0.392816
-0.517065 -0.396834 0.352567
-0.479229 -0.325073 0.043467
-0.538756 0.465352 -0.031763
0.374934 -0.468705 0.071745
-0.559461 -0.714273 -0.009157
-0.538756 -0.431159 -0.198973
-0.245473 -0.052016 0.337910
-0.068067 -0.632771 0.223160
-0.037749 -0.195217 0.321509
-0.378050 0.152002 0.392561
-0.504707 -0.367011 -0.346229
0.497332 -0.082255 -0.346229
0.264154 0.033921 -0.196118
0.142067 -0.232691 0.352567
-0.105980 -0.193155 0.352567
-0.559461 0.225387 0.250366
0.517202 0.149143 -0.078289
-0.192123 -0.720849 -0.392816
-0.471145 0.452670 -0.138236
0.457675 0.165944 -0.105284
0.224103 0.061471 0.354400
-0.448171 0.263106 -0.039773
-0.479229 -0.378694 0.137323
0.226004 0.339757 -0.346229
0.308389 0.347626 0.321509
-0.379013 -0.367203 0.354400
0.484449 -0.071163 0.321509
0.051670 -0.696389 0.223160
0.173399 -0.060429 0.321509
0.517202 -0.503561 0.190176
-0.203346 0.006507 -0.227175
-0.285765 -0.013194 -0.011649
-0.538756 -0.448019 -0.302410
0.077994 0.466949 0.352567
-0.538756 0.181021 -0.282523
-0.482501 -0.517880 -0.253894
0.395481 0.473376 0.173311
0.457675 0.024946 0.159371
0.299710 0.392054 0.321509
0.311177 -0.275417 -0.227175
-0.559461 0.283762 -0.343132
-0.416573 0.201764 -0.227175
0.517202 -0.449147 -0.264847
-0.021895 0.037267 -0.196118
-0.538756 0.448383 -0.221306
0.473588 0.642744 -0.361758
-0.046778 0.471342 0.352567
-0.538756 0.036934 -0.201232
0.071629 -0.013194 0.107857
0.457675 -0.250788 0.031582
-0.508487 -0.117993 0.352567
-0.559461 -0.049183 0.282226
-0.173709 -0.162578 -0.196118
0.102114 0.616313 0.352567
-0.174006 -0.489410 0.325503
-0.083419 0.585993 0.352567
0.084572 0.040570 -0.227175
-0.479229 -0.353857 0.331594
-0.450592 -0.368581 0.383624
-0.538756 -0.322936 -0.120108
0.517202 -0.279268 0.067697
-0.024745 -0.287843 -0.227175
-0.084746 -0.517880 0.147738
-0.559461 0.102966 0.133867
-0.485223 -0.096755 0.383624
-0.559461 0.035520 0.095269
-0.005463 -0.532616 0.352567
0.537908 -0.127541 0.045957
-0.448171 0.260776 -0.084370
-0.458615 -0.170276 0.352567
0.042183 -0.013194 0.021516
0.269436 0.481140 -0.079139
0.165972 0.501616 0.352567
0.537908 -0.382727 -0.028854
-0.287426 -0.517880 0.262026
-0.023950 -0.460941 0.180580
-0.367869 0.473376 -0.096416
0.069332 -0.000168 0.321509
0.437805 0.620899 0.143084
-0.538756 0.266120 0.083552
-0.424247 0.274263 -0.196118
0.217224 -0.547931 0.321509
-0.470075 -0.282108 0.352567
0.328838 -0.482050 -0.361758
-0.448171 0.139721 0.048533
-0.538756 -0.015565 -0.382407
0.050863 0.190474 0.352567
-0.448171 -0.396249 -0.079266
0.328613 -0.460941 -0.160797
-0.479229 -0.006247 0.077483
-0.228170 -0.216926 0.352567
0.008656 -0.202135 -0.196118
-0.559461 0.392070 -0.103966
-0.439795 -0.418055 0.382822
-0.559461 0.151039 0.300220
0.205254 0.605285 -0.392816
0.154742 -0.458946 0.352567
-0.538756 -0.102632 0.317559
-0.448171 0.534620 0.143873
-0.174224 0.325271 -0.361758
0.011375 0.179023 0.321509
0.135177 -0.176048 -0.227175
0.079270 -0.271953 0.352567
-0.097136 0.075769 -0.196118
-0.131203 -0.291894 -0.346229
0.221781 -0.468705 0.121678
0.517202 0.245672 0.092571
0.426618 0.252966 0.020743
0.150095 0.177560 0.352567
0.265532 -0.517880 0.312739
-0.538756 0.326258 -0.130965
0.279169 -0.517880 -0.079278
-0.034863 0.473376 0.196629
0.058375 -0.694410 -0.392816
-0.196260 0.138494 0.321509
-0.559461 -0.737612 -0.261415
0.163732 0.467252 -0.227175
0.517202 -0.102399 0.222059
0.207584 -0.559760 0.383159
-0.479229 0.523428 -0.184554
-0.365539 0.264015 0.352567
-0.226119 -0.348064 -0.346229
0.184379 0.235732 0.352567
-0.096965 0.610547 0.329257
-0.443322 -0.013194 -0.082469
-0.479229 -0.167285 0.188044
0.360346 -0.013194 0.171809
0.243149 -0.468705 0.073415
0.096505 -0.198811 0.321509
0.517202 -0.422989 -0.198181
-0.448171 0.087574 0.189993
-0.538756 0.018709 0.124548
0.380462 0.573333 -0.227175
-0.413274 -0.412516 0.321509
-0.343566 -0.477164 -0.361758
-0.403563 0.132996 0.321509
0.121799 0.665584 0.321509
0.240680 0.481140 -0.025079
0.414074 -0.005429 0.245088
-0.559461 -0.202559 -0.262190
-0.058253 0.013655 0.352567
0.204683 -0.013194 -0.072516
0.537908 -0.495233 -0.075279
0.046473 -0.289285 -0.346229
0.426618 0.487612 0.284837
-0.448171 0.512840 0.092600
-0.309034 0.072364 -0.227175
0.396988 0.519069 -0.227175
-0.228838 -0.185095 0.321509
0.408732 -0.460941 0.170448
0.037055 -0.517880 0.086105
-0.265067 -0.138955 0.352567
0.457675 -0.353830 -0.021937
0.127392 -0.379468 0.354400
0.454031 0.576901 -0.225715
-0.448171 0.037459 -0.139869
-0.479229 -0.346471 -0.096765
-0.547727 0.672662 0.172758
0.363333 0.603363 0.352567
0.348159 0.541809 -0.196118
-0.217737 0.186978 0.321509
0.185320 0.400812 0.352567
-0.510395 -0.517880 -0.160089
-0.341555 -0.007986 -0.361758
0.527929 -0.200072 0.352567
0.368070 -0.436853 -0.227175
-0.559461 0.510808 0.061068
0.108875 -0.244179 -0.227175
0.423348 0.395224 0.383386
0.256628 0.082131 -0.196118
0.453905 -0.074833 0.381548
0.100961 0.198715 0.321509
-0.559461 -0.308131 0.114350
-0.298012 0.031081 -0.196118
-0.147949 -0.013194 0.123548
-0.150820 -0.320002 0.321509
0.436046 -0.158129 0.283647
-0.193229 -0.328528 -0.196118
-0.220248 -0.005042 -0.361758
0.255784 -0.075771 0.352567
0.537908 -0.161224 -0.354575
-0.119360 0.153224 0.435043
-0.271968 -0.468705 -0.028650
0.517202 0.053353 -0.110232
-0.091821 0.647469 -0.392816
0.309089 0.608236 -0.346229
-0.212725 -0.107127 0.352567
-0.538756 0.654889 -0.273245
0.038064 -0.327552 -0.227175
-0.304137 0.481140 0.227702
0.457675 -0.158244 -0.023555
0.517202 -0.543898 -0.158788
-0.058641 -0.561878 0.378113
0.057530 -0.411739 -0.346229
0.525563 -0.316572 0.321509
0.006764 -0.643877 -0.392816
0.379837 -0.569642 0.322647
0.073333 -0.460941 0.076000
-0.513836 0.620899 0.084271
-0.191150 0.473376 -0.106316
-0.479229 -0.168733 0.269130
-0.077358 -0.125102 0.352567
0.477581 0.156330 0.383624
-0.071272 0.226383 -0.346229
-0.422657 -0.517880 0.139775
0.161045 -0.251916 -0.361758
-0.448171 0.498643 0.240330
0.076461 -0.375989 0.321509
-0.448171 -0.451716 0.238385
-0.326661 -0.340704 -0.227175
-0.128800 0.548431 -0.390415
-0.355494 0.593488 -0.361758
0.426618 0.114085 0.150454
-0.559461 0.111899 0.207977
-0.559461 -0.039876 0.019120
-0.462262 -0.567544 0.352567
-0.479229 0.254208 0.143966
-0.559461 -0.653715 -0.304437
0.033407 -0.232816 -0.227175
0.057390 0.043667 0.321509
-0.481447 -0.397177 0.383624
-0.499268 0.641604 0.246564
0.021266 0.275438 -0.227175
-0.195953 -0.033899 0.323696
0.537908 -0.326005 -0.076200
0.426618 -0.431826 -0.191983
-0.448171 0.163887 -0.055647
0.537908 0.105125 -0.381115
-0.479229 -0.287231 0.304915
-0.035329 0.222357 -0.196118
-0.071532 -0.013194 0.120535
0.242128 0.601056 0.383624
-0.538756 0.374235 -0.316020
0.467752 0.403496 0.339253
0.024689 -0.517880 0.252534
-0.477754 0.184427 0.352567
-0.448171 0.119978 0.119840
0.337851 -0.220394 -0.196118
-0.538756 -0.270490 -0.361857
-0.559461 -0.064512 -0.254878
-0.401816 -0.076706 0.352567
-0.238475 0.124786 0.379095
0.272445 0.576901 -0.219533
0.537908 0.490777 -0.343037
-0.448171 -0.190975 0.230488
-0.175412 -0.013194 0.169340
0.118489 0.109548 0.354400
-0.342494 0.575752 0.352567
-0.181992 0.382838 0.383297
-0.398279 0.212598 -0.196118
-0.093644 -0.363985 0.321509
-0.078980 0.297382 0.325707
-0.559461 -0.125434 -0.357069
0.432297 0.452670 -0.217137
-0.139732 -0.517880 0.054572
0.537908 -0.318832 -0.191341
-0.158771 0.412128 0.352567
0.081266 -0.194209 -0.196118
0.347891 -0.468705 0.138037
-0.538756 -0.414869 0.285564
-0.479229 0.101209 0.012439
-0.032507 -0.005429 0.282653
-0.308481 0.526496 0.354400
0.517202 0.499203 0.313055
0.548260 0.567282 0.334793
-0.410137 -0.702475 -0.392816
0.180210 -0.062924 0.383624
0.063508 0.087469 0.321509
-0.559461 0.092511 -0.014048
-0.448171 -0.429050 -0.007931
0.372071 0.481140 0.073986
0.482804 -0.432766 0.352567
-0.538756 0.408864 -0.227541
0.096828 -0.306431 0.354400
0.165556 0.452670 0.334656
-0.077565 0.612025 0.383624
-0.301561 -0.005429 0.221767
-0.027754 -0.517880 0.038081
-0.559461 0.528781 -0.338058
0.537908 0.494923 -0.385912
-0.443224 0.125376 0.321509
-0.350110 -0.367729 -0.196118
0.284356 0.201782 0.379095
-0.501558 0.379849 -0.346229
-0.251683 0.102044 -0.346229
-0.177836 0.473376 0.147795
-0.331640 -0.517880 -0.126755
0.109588 -0.165743 -0.361758
0.330261 0.612208 -0.392816
-0.233893 0.169613 -0.227175
-0.232323 -0.252597 -0.227175
-0.448171 0.055388 0.074381
-0.535984 0.069948 0.352567
0.492248 -0.512704 -0.369928
-0.280102 -0.522217 0.352567
0.426618 -0.260007 -0.161581
-0.538756 -0.026052 -0.200116
0.231149 0.225952 -0.346229
-0.559461 -0.469711 0.073558
0.341421 0.231451 -0.196118
-0.559461 -0.346812 0.243865
0.106997 -0.544484 -0.392816
0.066650 0.640348 -0.392816
0.364681 -0.083933 0.321509
-0.448171 0.467989 0.111946
-0.016196 0.433046 0.383624
0.362841 0.555504 -0.392816
-0.237815 0.191103 0.352567
0.428214 0.229365 -0.346229
0.165464 0.220411 -0.227175
-0.331804 0.172142 -0.227175
-0.507860 0.516288 0.383624
0.258428 0.322244 0.383624
-0.394384 0.481140 0.086870
0.426618 -0.442878 -0.092358
-0.320341 -0.559897 0.321509
0.181309 -0.489410 0.351097
-0.158296 -0.005429 0.056536
-0.144061 -0.404206 0.354400
0.325235 0.502887 -0.361758
0.398675 -0.417994 0.321509
-0.296033 -0.181962 -0.227175
0.174099 -0.517880 0.241448
0.537908 -0.737083 -0.230255
-0.235156 0.077337 0.352567
0.537908 -0.265570 0.199784
-0.102747 -0.207015 -0.227175
0.457675 0.177485 0.231457
-0.396309 0.209451 0.379095
0.505899 0.641665 0.380251
-0.210499 -0.005429 -0.030599
-0.029489 0.137004 -0.227175
0.457675 0.002591 0.112680
0.517202 0.466160 0.019923
0.174361 0.524906 -0.196118
0.044642 0.263104 -0.361758
-0.436413 0.620899 -0.087790
0.273183 -0.195712 -0.227175
-0.485035 0.405334 0.352567
0.333534 -0.426080 0.352567
0.490976 0.325479 0.383624
-0.538756 0.029348 -0.285136
-0.134691 0.407779 -0.361758
0.122210 0.269000 0.352567
-0.189433 0.000924 0.352567
-0.278975 -0.368394 -0.196118
0.537908 -0.568880 0.196720
-0.324452 -0.522825 0.383624
0.336739 -0.054864 -0.361758
0.266738 0.467046 0.383624
-0.020861 -0.219709 -0.196118
0.426618 -0.397544 0.125089
0.122790 -0.339088 -0.227175
-0.217290 -0.489410 0.337996
0.335685 -0.013194 0.068919
-0.175314 -0.530115 -0.392816
-0.538756 -0.151058 0.213075
-0.379252 0.322289 0.352567
-0.324883 -0.477857 0.321509
-0.411855 -0.468705 -0.054980
0.457675 -0.263040 -0.193255
0.264562 0.434986 0.352567
0.451622 0.490682 0.382819
-0.175781 0.548431 -0.372014
-0.538756 -0.238970 -0.212827
-0.263223 0.118569 0.354400
-0.538756 0.668725 -0.099915
0.216485 -0.075309 0.378573
-0.320906 0.341381 0.346088
-0.134424 0.118853 -0.227175
-0.479229 0.500958 0.323408
-0.541232 0.469086 0.352567
0.144854 -0.441842 0.383624
0.258955 -0.517880 -0.331351
0.502117 -0.631218 0.223160
0.021419 0.473376 0.267931
-0.559461 -0.719068 -0.122043
-0.193969 -0.196291 0.352567
-0.154082 -0.013194 -0.084276
-0.030046 -0.489410 -0.196965
0.233800 0.536546 0.354400
-0.128128 0.473376 0.301079
0.006401 0.657195 -0.361758
0.517202 -0.103977 -0.074239
0.457675 0.262443 0.266365
0.441204 0.500351 -0.361758
-0.326789 0.259867 0.352567
0.517202 0.578507 0.001733
-0.255832 0.610547 0.330296
-0.559461 0.255974 -0.291791
0.457675 0.081692 0.213138
0.052354 0.470059 0.379250
-0.559461 0.634735 -0.251931
0.377926 -0.013194 0.031453
-0.448171 -0.192203 -0.072733
0.278465 -0.328075 -0.361758
-0.009548 0.258260 -0.227175
0.386544 -0.517880 -0.033830
0.187373 -0.138822 0.383624
0.158410 -0.460941 -0.037019
-0.192439 -0.468705 0.207650
0.457675 0.459080 -0.074557
0.537908 0.154329 0.129635
-0.144667 0.481140 -0.168750
-0.264542 -0.517880 -0.122736
0.203449 0.473376 0.186896
0.005909 -0.460941 0.216935
0.457675 -0.200898 -0.160663
0.008616 -0.460941 0.042231
-0.192914 0.576901 0.336277
-0.066180 -0.542535 0.223160
-0.344742 -0.005429 0.140557
-0.448171 0.514347 -0.137608
-0.133341 -0.090838 0.373020
-0.407076 0.468945 -0.361758
-0.393205 -0.114131 0.330912
0.089446 0.641779 0.378125
0.537908 -0.040676 -0.154053
0.537908 0.210396 -0.210635
0.054590 -0.499754 -0.361758
-0.125468 -0.001953 0.383624
-0.208738 0.025113 0.383624
0.436454 -0.031800 0.352567
0.182878 0.607393 -0.361758
0.217675 -0.468705 -0.088097
0.143234 0.270739 0.383624
-0.559461 0.064488 -0.111374
-0.559461 0.636438 0.020756
0.426618 0.067295 0.232141
0.138303 0.622103 0.352567
0.024155 -0.461987 0.352567
-0.229827 0.452670 0.323729
0.526270 -0.480897 0.352567
0.247774 0.548431 -0.381384
0.517202 -0.335216 0.177171
-0.509066 0.427852 0.321509
-0.538756 -0.312555 0.153117
-0.559461 -0.632853 -0.183786
-0.188813 0.598237 -0.392816
0.388766 0.118831 -0.196118
0.517202 -0.074301 0.081582
0.033807 0.562379 -0.196118
0.203664 0.136722 -0.227175
0.181141 -0.460941 0.227306
-0.133932 0.082799 -0.196118
0.537908 0.652149 0.270152
0.548260 0.006087 0.323265
-0.534743 0.510652 0.321509
0.426618 0.289605 -0.027627
0.426618 0.116128 0.276243
0.167723 -0.389299 -0.196118
-0.004350 -0.736788 0.223160
0.005648 -0.242428 -0.346229
-0.064133 0.579540 -0.392816
0.062105 0.513546 -0.227175
0.537908 -0.405809 0.143714
-0.518223 0.140334 0.321509
0.517202 -0.155004 -0.221797
-0.458844 -0.512704 -0.365086
-0.171859 0.257116 -0.227175
0.517202 -0.160007 0.304526
-0.370522 -0.088558 0.321509
-0.286576 -0.424520 0.354400
0.028766 0.188481 -0.196118
0.537908 0.600837 -0.162372
-0.321649 0.226975 0.354400
0.497749 0.149694 -0.361758
0.449454 0.635703 0.321509
-0.402538 0.247225 0.383624
0.537908 0.334020 -0.380107
0.537908 0.391180 -0.160379
0.517202 -0.305554 -0.234336
-0.086815 0.146719 -0.227175
-0.460474 0.633172 0.352567
-0.439647 -0.517880 0.184139
0.537908 0.584212 -0.293764
-0.241353 0.270418 0.383624
-0.559461 0.088009 0.305087
0.464505 0.310750 -0.361758
0.517202 -0.441925 0.229923
0.457675 0.217960 -0.173928
0.426618 0.473940 -0.020386
-0.298582 -0.517880 0.223279
0.397388 0.620899 0.290487
-0.538756 0.186386 0.053805
0.517202 0.287681 0.173634
-0.559461 0.575620 -0.115266
0.216183 -0.330501 -0.227175
-0.479229 -0.339755 -0.171658
0.329106 0.481140 0.022540
0.457675 -0.010735 0.334025
0.096373 0.267317 -0.227175
0.537908 -0.502975 0.156565
0.426618 -0.230056 0.101577
-0.361146 -0.517880 -0.316358
-0.032991 -0.023925 0.352567
-0.448171 -0.028659 0.029416
-0.229833 -0.329921 0.321509
0.271175 0.366379 -0.361758
-0.304928 0.671439 -0.392816
0.245015 -0.022372 0.383624
-0.448171 0.152735 0.170911
0.160517 -0.407636 0.379095
0.457675 0.261034 0.115627
0.517202 0.227783 -0.021230
0.266224 0.164094 0.379095
0.255952 -0.005429 0.015132
0.340707 0.255151 -0.361758
-0.559461 -0.510599 0.282236
-0.420096 0.481140 0.293404
0.426618 -0.354936 -0.008673
0.290152 -0.500053 0.383624
0.035649 0.415954 -0.361758
-0.284056 0.123074 -0.227175
-0.456141 -0.517880 -0.043810
-0.146187 0.209525 -0.227175
0.537908 0.367092 0.244550
-0.027225 0.381699 -0.346229
0.098687 0.021594 -0.361758
0.514805 0.258202 -0.346229
-0.519850 -0.175143 -0.361758
0.133764 -0.372678 -0.227175
0.537908 -0.100377 -0.122650
-0.436754 -0.105754 -0.346229
0.537908 0.230785 0.232217
0.537908 0.423183 -0.237440
-0.479229 0.502702 -0.094331
-0.190711 0.638364 -0.361758
0.051758 0.121268 0.354400
-0.090086 -0.517880 0.280707
-0.507699 -0.548572 0.328020
-0.319311 0.396749 -0.346229
-0.435509 -0.008716 0.383624
-0.559461 -0.731874 -0.317927
0.426618 -0.477616 -0.115266
0.071308 -0.013194 0.200052
0.385581 0.033102 -0.227175
0.168355 -0.468705 0.035543
0.199964 -0.374601 -0.227175
0.533043 0.582145 0.383624
-0.474371 0.004356 0.383624
0.351357 -0.287162 -0.227175
0.323636 -0.335815 -0.196118
-0.448171 -0.384970 0.208612
-0.177733 -0.517880 0.082401
0.285912 -0.489410 -0.200351
0.361580 0.103643 -0.361758
0.286752 0.219734 -0.361758
0.320870 -0.588695 0.223160
0.104974 0.153798 0.379095
0.204537 -0.427657 -0.196118
-0.163682 -0.105732 0.321509
0.537908 -0.460693 0.028282
-0.456768 0.576901 -0.009583
0.327976 -0.317138 0.429321
0.237793 0.387445 0.352567
-0.131542 0.650554 0.352567
-0.538756 -0.312560 -0.282956
-0.479229 0.485995 0.291179
-0.373289 0.567820 -0.346229
0.457675 0.201225 0.274258
0.064871 0.415390 -0.346229
-0.510777 0.260376 0.383624
-0.320959 -0.005429 0.319520
0.240543 -0.197482 -0.196118
-0.559461 0.192391 0.085296
-0.192012 0.636399 0.321509
0.517202 0.255427 -0.076190
-0.505085 0.661390 -0.361758
0.353805 0.489658 0.373818
0.139816 -0.517880 0.266370
-0.559461 0.228190 0.318777
-0.337077 -0.517880 0.308052
-0.449252 -0.517880 -0.108720
0.478436 0.641604 -0.300413
0.470324 -0.517880 -0.072517
0.426618 0.219198 0.233610
-0.343857 0.280334 -0.227175
-0.559461 -0.543662 -0.116500
-0.331224 -0.357318 0.321509
-0.085345 0.177971 0.354400
0.517202 0.337360 -0.318480
0.498197 0.609924 0.352567
-0.448171 0.047740 0.131806
0.517202 -0.557198 -0.196126
-0.263871 0.007184 0.321509
-0.212981 -0.489410 -0.211760
-0.448171 -0.396727 0.327336
-0.496453 -0.499906 0.383624
0.165830 -0.558179 0.383583
-0.558644 -0.110979 0.352567
0.457675 0.190874 -0.126948
0.517202 -0.436785 -0.320880
0.426618 0.179747 0.272882
-0.432038 -0.475173 0.352567
-0.311758 0.433453 0.383624
0.037832 -0.347087 0.352567
-0.365259 0.117809 -0.227175
-0.448171 -0.460281 -0.132849
0.011653 0.432253 0.352567
-0.435043 -0.296708 0.373884
-0.353166 0.340548 0.382183
-0.175497 0.473376 0.257132
0.138263 -0.351147 -0.196118
0.330171 -0.033899 0.322548
-0.090485 -0.013194 0.047843
-0.314466 -0.460941 0.146806
-0.538756 0.645167 -0.358946
-0.479229 -0.436440 -0.096421
-0.113901 -0.264428 0.321509
-0.040679 0.321723 -0.346229
-0.052803 -0.347053 0.354400
-0.017386 0.452670 0.323351
0.319705 -0.005429 -0.044518
-0.134678 0.266081 -0.196118
-0.538756 0.146248 0.107221
-0.502925 0.620899 0.201161
0.009953 -0.085134 -0.361758
0.457675 -0.306996 0.105977
0.270730 -0.407366 0.354400
0.537908 0.259224 0.172427
-0.296480 0.282008 -0.361758
-0.482781 -0.298851 -0.361758
-0.321053 0.312710 0.383624
0.005463 0.672662 0.339197
0.457675 -0.373327 0.032695
-0.559461 0.253715 -0.036912
0.069562 -0.317880 -0.227175
0.457675 0.149843 -0.195273
0.406285 0.500616 -0.361758
0.140952 -0.468705 0.200617
-0.473937 -0.052016 0.327642
0.302904 -0.468705 0.155119
0.537908 -0.734288 0.107233
0.257846 -0.462694 -0.196118
0.010939 -0.357839 -0.346229
0.517202 -0.414903 -0.072143
0.491824 0.566540 0.321509
0.517202 0.634410 0.003718
-0.487310 -0.191815 0.352567
0.112033 -0.005429 -0.139499
0.457675 0.566599 -0.131704
-0.208252 0.486366 -0.346229
-0.374848 0.002092 0.321509
0.105329 0.241023 0.321509
-0.021710 0.386706 0.383624
-0.073649 -0.277736 -0.346229
0.181339 0.066991 0.321509
-0.559461 -0.649754 -0.028589
0.419169 -0.460941 -0.060938
0.453284 -0.469202 0.383624
-0.395540 0.151469 0.354400
0.537908 0.211468 -0.097194
0.457675 -0.417561 0.272934
-0.467150 0.257244 -0.361758
-0.358060 -0.070176 0.352567
-0.559461 -0.281462 0.033418
0.436540 -0.517880 0.207205
0.426618 0.226737 0.119981
0.126386 -0.030214 0.352567
0.458867 -0.137918 0.352567
0.426618 0.530311 0.179446
-0.250854 0.581384 -0.392816
-0.326245 0.516127 -0.196118
-0.445574 0.136329 0.383624
0.369067 0.006708 0.352567
-0.559461 -0.581899 0.133484
-0.559461 0.583185 0.070179
0.089063 -0.389581 -0.196118
-0.341700 -0.301062 -0.196118
0.380993 -0.005429 -0.027366
-0.040405 0.199342 0.352567
0.419188 0.222961 -0.196118
-0.075477 0.215951 0.352567
-0.041995 -0.092136 0.353712
0.517202 -0.310815 0.121651
-0.263886 0.175919 0.379095
-0.557802 0.366940 0.321509
0.514683 -0.135008 0.352567
0.206949 -0.517880 0.186758
0.083995 -0.552045 0.223160
-0.538756 -0.551880 -0.024182
0.302383 0.045668 -0.227175
0.157155 0.473376 0.059441
-0.479229 -0.342793 0.116074
-0.133852 0.087976 0.379095
-0.333390 -0.468705 -0.052392
0.380289 0.270647 0.352567
-0.047471 0.403496 0.350838
0.381142 -0.460941 0.268753
0.128105 -0.517880 -0.333722
-0.415062 -0.718567 0.223160
-0.335923 -0.206235 -0.196118
0.426618 -0.384336 0.244723
-0.342796 0.107118 0.354400
0.117671 -0.130753 0.352567
-0.559461 0.375047 -0.072586
0.317526 -0.517880 0.044781
0.429544 0.593714 -0.361758
0.273511 -0.100124 -0.346229
-0.539098 -0.474979 0.352567
-0.493922 -0.074289 0.353990
0.517202 0.481054 0.100076
-0.538756 -0.531275 0.069589
0.417937 0.134366 0.382517
0.000068 -0.411062 0.321509
0.469251 -0.376753 0.352567
0.426618 0.108957 0.067027
-0.559461 0.053698 -0.292430
0.067115 -0.517880 -0.040002
-0.069010 0.061315 -0.227175
-0.442968 0.620899 0.102747
0.537908 -0.256701 -0.054275
0.537908 -0.647768 -0.273928
-0.470090 -0.300277 0.383624
-0.448171 -0.250986 0.198380
0.426618 0.126955 0.207329
0.226819 -0.402656 -0.196118
0.150466 0.664931 0.352567
-0.294289 -0.005429 -0.121694
0.369460 -0.335160 0.354400
0.318776 -0.055582 0.377602
0.539930 -0.037932 0.321509
-0.331111 0.428717 0.352567
0.161103 0.378769 0.352567
-0.316536 0.047951 0.353230
0.362842 -0.182074 -0.196118
-0.352271 -0.543560 0.223160
0.000345 -0.488174 0.321509
-0.178302 -0.437360 0.321509
0.364749 -0.396082 0.354400
0.457675 0.061421 0.143818
-0.409024 -0.201035 -0.196118
0.457675 -0.482023 0.189901
0.069170 -0.512863 0.383624
-0.374576 -0.335967 -0.227175
0.000258 -0.250723 0.352567
0.517202 0.559133 -0.214341
0.532483 -0.353757 0.321509
-0.479229 -0.244247 -0.196633
0.051920 -0.443875 0.383624
-0.272578 0.473376 0.196516
0.423789 -0.517880 -0.305253
0.089221 0.167603 -0.346229
-0.038431 -0.013194 -0.114113
-0.539138 0.324710 0.352567
-0.385584 -0.306352 -0.196118
-0.479229 -0.417371 0.177822
-0.064501 -0.033899 0.335989
0.223154 -0.471530 -0.361758
0.346063 0.341381 0.329984
0.098872 -0.039325 0.383624
0.422210 0.620899 -0.048160
-0.107348 0.151182 -0.346229
-0.055548 -0.363235 0.321509
0.379009 -0.523683 0.352567
-0.182486 0.530623 -0.196118
-0.559461 -0.172544 -0.007997
0.459428 -0.569642 0.346544
-0.196010 0.338821 0.352567
-0.388905 -0.342172 0.321509
-0.003013 -0.108022 0.321509
0.369841 0.134578 -0.346229
-0.479229 0.475689 0.038800
0.248341 0.134228 0.354400
-0.176253 -0.517880 0.255376
0.299898 -0.003779 -0.346229
-0.202479 0.531732 0.321509
-0.479229 0.155935 -0.149284
-0.162903 -0.460941 0.261726
-0.443775 0.199671 0.352567
0.240987 -0.468705 0.012514
-0.438542 -0.003126 -0.196118
0.500764 0.641604 -0.127702
0.297479 0.473376 -0.195122
-0.559461 0.495176 -0.179463
-0.478914 0.297382 0.326990
0.243130 0.287254 0.352567
0.091473 -0.142728 0.383624
0.544648 0.601965 0.321509
-0.448171 0.224052 -0.118200
-0.137653 -0.452051 -0.196118
0.537908 0.309887 -0.069985
0.043444 0.219934 -0.196118
0.509537 -0.118446 0.383624
-0.479229 0.156711 0.283663
0.426618 -0.370350 0.171440
0.537908 -0.375026 0.101893
-0.448171 0.541082 0.206275
-0.203339 0.086209 -0.227175
-0.456454 0.164996 -0.227175
0.093783 0.540457 -0.346229
0.472741 -0.627823 -0.392816
-0.406848 0.065847 -0.227175
-0.173092 -0.159183 0.352567
0.305544 0.384242 0.352567
0.542835 0.669662 0.352567
0.426618 0.209745 0.064347
-0.263271 -0.460941 -0.087433
0.051271 -0.226649 -0.196118
-0.118398 0.006613 -0.227175
0.009272 -0.193739 0.383624
0.059795 0.481140 0.023686
0.437425 0.297382 0.175072
0.506020 0.288280 0.321509
0.180072 0.203487 0.352567
0.537908 0.544101 -0.182359
0.494486 -0.517880 0.294966
0.185085 0.419708 -0.361758
0.483801 0.600370 -0.346229
0.144944 -0.190047 -0.196118
0.411920 -0.343647 -0.227175
0.042914 -0.486481 0.321509
-0.458311 0.076672 -0.227175
-0.538756 -0.476233 0.255217
-0.486748 0.541610 -0.346229
0.457675 0.244554 0.342875
-0.452009 0.620899 0.234152
0.031561 0.247056 0.352567
-0.538756 0.168459 -0.334093
0.312318 -0.517880 -0.154034
0.362097 0.056422 -0.196118
0.293273 -0.525932 0.352567
-0.470365 0.641604 0.091687
-0.432752 0.569198 -0.196118
0.426618 -0.296874 -0.025578
0.144565 -0.005429 0.180347
-0.559461 -0.314532 0.027609
0.517202 -0.280223 0.008726
-0.218560 0.163902 0.379095
-0.339006 -0.680511 -0.392816
-0.087293 -0.004958 -0.227175
0.103456 -0.508229 0.321509
-0.448458 0.452670 -0.165727
-0.479217 -0.468736 0.383624
-0.026138 0.070945 -0.227175
-0.538756 0.390344 0.132792
0.420715 -0.220637 -0.346229
0.362350 -0.033899 0.327036
0.517202 -0.553265 -0.318973
0.407513 0.114647 0.352567
-0.220395 -0.364253 -0.227175
-0.480555 -0.617010 -0.392816
-0.038547 -0.517880 0.233566
-0.479229 -0.245248 -0.143284
0.018131 0.342130 0.352567
-0.267835 -0.533856 -0.392816
0.537908 0.664452 -0.246364
0.354953 -0.325639 -0.227175
0.457675 -0.402180 -0.100001
-0.353109 0.532022 0.373818
-0.122876 -0.381165 -0.346229
0.539191 0.025396 0.382485
0.501474 0.040027 0.352567
-0.207970 -0.274483 0.354400
0.386795 0.595598 0.383624
0.517202 -0.026435 -0.052685
-0.378938 -0.276615 -0.227175
0.091653 0.024422 0.352567
0.426618 -0.452740 0.114896
-0.448171 0.125376 0.258471
0.037269 -0.255764 0.352567
0.457675 0.559508 -0.045504
-0.401042 -0.273096 0.379095
0.197780 -0.013423 -0.361758
0.168773 0.538280 0.354400
0.384349 -0.059846 0.383268
0.323092 -0.351778 0.379095
0.372736 0.403496 0.326758
0.157535 -0.668466 0.223160
-0.559461 -0.539164 0.232885
0.537908 -0.344706 -0.036204
-0.479229 0.172927 0.101221
-0.045226 -0.005429 -0.025504
-0.375443 0.493426 -0.196118
-0.267511 -0.708120 0.223160
0.537908 -0.653588 -0.127014
-0.274332 -0.013194 0.294612
-0.538756 -0.384468 -0.177585
0.426618 -0.278538 0.136148
0.351414 0.467216 -0.361758
-0.302042 -0.013194 -0.054249
0.462860 0.604049 -0.392816
0.235311 0.430388 0.383624
0.537908 -0.365437 -0.263242
0.517202 0.289962 -0.167894
0.058674 0.480499 0.321509
0.048308 -0.287390 0.321509
-0.522276 -0.054519 0.352567
0.426618 -0.337096 0.134809
-0.401149 -0.517880 0.202336
0.048206 0.022596 0.352567
0.537908 -0.010357 0.274675
0.517202 -0.232448 0.080688
0.392839 -0.701764 0.223160
-0.189170 0.469059 0.352567
-0.122259 -0.406227 0.379095
0.266977 -0.282735 0.352567
0.279061 -0.517880 0.275385
-0.316964 0.473376 -0.007921
-0.448171 0.549201 0.329631
-0.123359 0.243806 0.321509
-0.190784 -0.181459 -0.227175
-0.559461 0.221248 -0.117620
0.537908 -0.070849 -0.348342
0.085292 -0.468705 0.110005
-0.479229 0.494518 0.099320
0.222244 -0.268483 0.321509
-0.559461 -0.148587 0.013658
0.342797 0.397246 -0.346229
-0.072881 -0.208038 -0.346229
0.457675 0.266722 0.005230
0.517202 0.499756 0.069152
-0.196705 -0.069027 0.383624
0.426000 -0.273323 -0.346229
-0.479229 -0.485881 -0.135806
0.326427 -0.162747 -0.227175
0.262176 -0.204224 0.321509
0.537908 -0.511536 -0.344873
0.351090 0.248920 -0.227175
0.426618 0.525724 -0.124548
0.222424 0.456911 -0.227175
0.423286 -0.227683 0.352567
0.517202 0.333463 -0.190844
0.302394 -0.013194 0.022953
0.449039 0.310694 0.352567
0.537908 0.367447 0.074749
0.426618 0.285934 -0.182371
0.517202 0.291487 -0.030928
-0.559461 0.250464 0.272450
0.109269 -0.431074 -0.196118
0.430963 0.285905 0.383624
-0.090433 0.265759 -0.196118
-0.314212 -0.490503 -0.361758
0.318155 0.463009 0.352567
0.131357 0.177407 -0.196118
0.270537 0.011018 0.321509
-0.098692 -0.538253 0.352567
-0.559461 0.005241 -0.012110
-0.559461 0.124741 -0.124165
-0.538756 0.196802 -0.138000
-0.181796 0.491463 -0.227175
-0.218920 0.548431 -0.364259
0.205982 -0.287217 -0.227175
0.043989 -0.549963 0.223160
0.537908 -0.138536 0.012358
0.426618 -0.440849 0.323372
-0.538756 -0.010618 0.024672
0.165896 0.588188 0.383624
0.517202 0.208269 -0.297103
-0.360000 0.296046 0.352567
-0.112650 -0.187921 -0.361758
-0.100215 0.425607 0.383624
0.460778 -0.557325 -0.392816
0.286997 0.664897 0.375448
-0.287638 0.267359 0.383624
-0.559461 0.455853 0.035347
0.126374 0.473376 0.189751
-0.453015 0.664871 -0.392816
-0.559461 0.633296 0.207171
0.185994 0.473376 -0.123047
-0.078933 -0.402275 -0.227175
-0.252962 0.487371 -0.196118
-0.017925 0.357246 0.352567
-0.060589 -0.025258 -0.196118
-0.402433 -0.517880 -0.220289
-0.238984 0.570350 0.352567
-0.479229 -0.393107 0.101610
-0.479229 0.282860 -0.061987
-0.479229 0.512706 0.003564
0.356384 -0.158129 0.333105
0.254003 -0.439430 -0.227175
0.537908 -0.467742 -0.211614
0.043899 0.170603 0.379095
0.325529 -0.113961 0.377873
0.400966 -0.213047 0.382867
-0.167193 0.531048 0.321509
-0.483377 0.105094 -0.346229
0.517238 -0.722338 -0.392816
0.426618 0.479735 0.250596
0.413326 0.620899 0.182447
-0.436984 -0.325945 0.354400
0.457675 0.474018 0.044080
0.537908 -0.644921 -0.379905
0.517202 -0.471868 0.161198
0.262184 -0.158129 -0.226851
0.426618 -0.200122 -0.073915
-0.528550 0.576264 0.352567
0.457675 0.243044 0.089039
0.252467 -0.480907 0.321509
-0.159911 0.559939 0.352567
0.457675 0.532422 -0.073424
-0.185537 -0.013194 -0.164283
-0.087176 -0.075309 0.369836
0.537908 0.518775 -0.281369
0.517202 0.644557 0.072190
-0.479229 0.006444 -0.164520
-0.448171 0.279370 0.113551
0.304113 -0.193056 0.321509
-0.187262 -0.207804 -0.346229
-0.201393 -0.479471 0.383624
-0.057258 -0.437820 -0.196118
0.457675 0.105734 -0.160831
0.517202 0.128307 -0.179677
-0.559461 -0.728181 0.086735
0.278949 0.194733 0.321509
0.041644 -0.255349 -0.346229
-0.125733 0.487337 0.352567
-0.002223 -0.307641 -0.361758
-0.139530 0.072082 -0.361758
-0.139965 -0.180694 0.321509
0.537908 0.174598 0.255536
-0.140870 -0.486811 -0.227175
-0.460149 0.142589 0.352567
0.517202 -0.450011 -0.148126
-0.479229 0.486531 0.258106
-0.184598 0.110289 -0.361758
0.457675 0.272729 0.229261
0.165755 -0.033363 0.383624
-0.559461 0.574524 -0.302265
0.517202 -0.334284 0.220143
0.457675 0.125179 0.171562
-0.330210 0.592664 -0.392816
-0.197103 -0.013194 -0.129781
0.288096 -0.177149 0.352567
0.013460 -0.161284 -0.361758
0.517202 0.074996 0.118661
0.517202 -0.158412 -0.095824
-0.479229 -0.260427 0.038644
-0.362090 -0.460941 0.047111
-0.354088 -0.460941 0.097808
-0.524294 0.056480 -0.361758
0.181695 0.473376 0.007562
0.537908 0.022412 0.002815
-0.318252 0.249767 -0.196118
-0.304498 -0.163607 -0.346229
-0.209739 -0.594811 0.223160
0.076072 0.228667 0.352567
0.262811 -0.704807 -0.392816
-0.410747 -0.537285 0.352567
0.259079 -0.561878 0.361803
0.250676 0.473376 0.025873
0.430427 -0.517880 0.288857
0.393729 -0.336642 0.379095
0.426618 0.128152 -0.077166
0.067568 -0.040587 -0.361758
-0.551046 0.635776 0.352567
0.537908 -0.060834 -0.118090
0.179484 0.380401 -0.346229
0.537908 0.053062 0.268055
0.236466 -0.127854 0.352567
0.040399 0.548431 -0.372581
-0.254123 -0.491193 -0.361758
-0.501623 0.183520 0.383624
0.336796 0.481140 -0.043872
0.228895 0.640259 0.352567
0.193224 -0.615605 0.223160
0.014977 0.473376 -0.050465
-0.068321 0.552532 -0.227175
-0.302752 -0.070012 0.352567
0.509941 0.210372 -0.346229
0.517202 -0.375885 -0.219372
-0.529217 -0.027679 0.383624
-0.344660 -0.129253 -0.346229
0.172504 -0.175382 -0.361758
-0.224966 -0.670918 -0.392816
0.537908 -0.226786 -0.107661
0.426618 0.100231 -0.042692
-0.409224 0.338877 -0.346229
-0.538756 -0.246998 -0.249381
0.537908 0.512019 -0.000913
0.068606 -0.417239 0.378303
0.328220 -0.468705 0.041982
-0.125546 0.333641 -0.361758
0.192592 -0.498887 -0.346229
0.457675 0.151461 0.129151
-0.400518 -0.608424 0.223160
0.070914 -0.517880 0.149758
0.537908 -0.185470 -0.333900
-0.457857 0.249245 0.383624
0.537908 0.184026 0.154798
-0.538756 -0.321351 -0.027250
0.061972 0.156306 -0.361758
-0.182415 -0.517880 -0.196372
0.426618 0.047614 -0.140973
-0.523997 -0.306812 -0.361758
-0.559461 0.255441 -0.070902
0.372926 0.097027 -0.227175
-0.024824 0.295511 0.352567
0.349803 0.393800 0.352567
-0.227102 -0.241536 0.321509
0.537908 -0.597601 -0.066048
0.426618 0.056555 0.298116
-0.251833 -0.006301 0.383624
-0.079666 -0.397636 0.352567
0.537908 -0.427841 0.196232
-0.353566 -0.517880 -0.063670
-0.448171 -0.301392 0.098639
0.360002 -0.470042 -0.227175
-0.413672 0.560947 0.352567
0.537723 0.241868 -0.392816
0.051587 0.182568 -0.227175
0.505268 -0.673827 0.223160
0.537908 0.643192 -0.157155
-0.162937 0.126990 0.352567
0.385035 -0.005429 0.228465
0.426618 -0.339783 -0.089541
0.517202 0.504932 -0.152972
-0.213262 -0.460941 0.093280
-0.442912 -0.005429 -0.025174
-0.538756 -0.557026 -0.196271
0.457675 -0.213637 0.161287
-0.388606 0.536770 0.321509
0.452783 -0.489410 0.233166
0.537908 0.539479 -0.043811
-0.118018 0.033146 0.383624
0.202932 0.137641 0.424780
0.537908 0.541011 -0.089120
0.537908 -0.104281 -0.343276
0.426618 -0.385829 -0.001264
0.426618 0.071180 0.173832
-0.361177 -0.517880 -0.265890
-0.479229 -0.424253 -0.201900
0.013106 -0.460941 0.002669
0.195476 -0.005429 0.019195
-0.004761 -0.389890 -0.346229
0.074949 0.055175 0.354400
-0.152195 -0.464858 0.383624
-0.559461 -0.327890 0.276491
-0.055893 -0.468705 0.120772
-0.538756 -0.347541 0.138685
-0.559461 0.140619 -0.234436
-0.538756 0.240698 -0.273203
0.231655 0.545360 -0.227175
0.329822 0.274837 -0.227175
-0.093917 -0.108825 0.379168
-0.096212 0.482092 -0.346229
0.426618 0.465455 0.166935
-0.479229 0.571169 0.330314
0.442853 -0.165311 0.352567
0.333066 0.241414 0.378173
0.131811 -0.490279 -0.361758
0.537908 0.238660 -0.247323
0.411034 0.175782 -0.227175
0.537908 -0.036983 0.185029
-0.154618 0.052620 0.373901
-0.445793 0.641604 -0.329746
-0.103005 0.013235 0.352567
0.161069 0.117292 0.352567
-0.230555 0.049153 -0.361758
-0.081592 0.520915 -0.227175
0.180231 0.035595 0.352567
0.239551 -0.460941 -0.168239
-0.259904 0.290471 0.352567
0.016252 -0.479343 -0.196118
-0.474825 -0.489410 -0.194143
0.079607 0.481140 0.213564
0.263182 -0.635121 -0.392816
0.537908 0.158862 -0.141518
0.171616 -0.582239 -0.392816
-0.479229 -0.441730 0.317591
0.517202 0.133675 0.077003
-0.559461 0.532668 0.171361
0.182749 0.473376 0.153118
0.486145 -0.517874 0.326052
-0.316476 0.302861 -0.346229
0.347587 0.516173 0.321509
-0.479229 0.267631 -0.148006
0.425049 -0.536014 0.321509
0.501788 0.067196 0.383624
0.517202 0.005028 -0.099854
-0.252094 0.481140 -0.099340
-0.087540 -0.005429 0.146708
0.537908 -0.401805 0.279563
-0.102226 0.431152 0.352567
-0.423693 0.503780 -0.196118
0.308254 -0.268212 0.379095
0.517202 0.043169 0.212786
-0.559461 0.639647 0.085998
0.383023 0.661024 0.352567
0.165014 0.279446 -0.227175
-0.375567 0.663999 0.352567
0.517202 -0.345982 0.274432
-0.310715 -0.307239 -0.196118
0.123748 0.481140 -0.061694
0.225816 -0.362237 0.354400
-0.479229 0.504186 0.131597
-0.506022 -0.517880 0.292556
0.470530 0.285905 0.352567
-0.199373 -0.078525 0.352567
-0.194324 -0.336325 0.352567
0.457675 0.147940 0.343108
0.525175 -0.136299 -0.392816
0.449343 0.663243 0.352567
-0.117172 -0.466349 0.321509
-0.262921 0.655488 0.352567
0.125746 -0.538620 0.380271
-0.559461 -0.656754 -0.263163
0.426618 -0.373861 0.281825
0.181363 -0.439731 -0.346229
0.426576 0.228825 0.167741
-0.050625 0.145912 0.352567
0.151333 0.157029 0.321509
0.156386 0.124701 -0.227175
-0.329005 -0.257492 -0.346229
0.157407 0.188507 -0.227175
-0.387401 0.051879 -0.346229
0.517202 -0.105642 0.146343
-0.324058 -0.007916 0.383624
-0.559461 -0.422305 0.243095
0.174546 -0.457561 0.321509
0.517202 0.431101 -0.211595
0.492941 0.475204 0.352567
0.388145 -0.494213 0.383624
-0.022802 -0.223165 0.352567
-0.221392 -0.517880 0.214395
0.187752 0.481140 0.073113
0.457675 0.026810 -0.197808
0.260972 0.469378 -0.361758
0.136102 0.548431 -0.374358
0.320759 -0.523104 0.383624
-0.448171 0.524320 -0.207245
-0.202021 0.237553 -0.196118
0.517202 -0.453374 0.200582
0.229980 0.119430 -0.227175
0.426618 0.516761 -0.092646
0.537908 0.448351 -0.090848
0.276603 -0.332140 0.354400
-0.479229 -0.190467 0.319386
-0.341933 -0.433436 -0.346229
0.537908 0.300399 0.078331
-0.559461 -0.309745 -0.342420
0.426637 -0.158129 -0.220433
-0.472773 0.641604 0.187041
0.071479 0.484856 -0.196118
-0.479229 -0.260382 0.252576
0.068436 0.564536 -0.196118
0.133538 -0.480759 0.321509
-0.414094 0.108650 -0.361758
-0.078392 0.235101 -0.196118
-0.559461 0.195475 -0.208587
-0.099227 -0.517880 -0.091999
-0.559461 -0.041261 0.058936
-0.559461 0.102963 -0.338767
-0.563407 0.217626 0.352567
-0.351167 0.015542 -0.196118
-0.346462 -0.126039 0.352567
-0.448171 -0.444101 0.027979
0.301930 -0.517880 -0.023310
0.426618 -0.190973 -0.106922
-0.156282 -0.012965 -0.196118
0.463801 0.620899 -0.130226
0.387088 -0.165254 0.352567
-0.559461 -0.529685 -0.153476
-0.088695 -0.475809 -0.361758
-0.559461 -0.092952 0.035994
-0.559461 0.089024 -0.281603
0.517202 -0.052935 -0.029132
-0.434804 -0.175159 -0.361758
0.517202 0.341354 0.080861
0.177741 -0.525984 -0.361758
-0.433757 0.349318 0.383297
-0.479229 0.493022 0.165124
-0.002891 0.559913 0.352567
-0.479229 0.038933 0.291179
0.056410 -0.460941 0.002321
0.304039 0.315064 0.352567
-0.051029 -0.077522 -0.361758
0.457675 0.081208 0.270612
-0.001395 -0.555031 -0.392816
0.109189 0.404427 0.382282
0.535852 -0.510758 0.352567
0.537908 0.337238 0.185580
0.400612 0.237401 0.373889
-0.517342 -0.517880 0.207977
-0.538756 0.592234 -0.059597
-0.500860 -0.057190 -0.361758
-0.225518 0.637299 -0.392816
-0.416206 -0.317068 -0.196118
-0.467685 0.620899 0.272568
-0.368504 -0.420967 -0.196118
0.316068 0.575039 0.381442
0.457675 0.295410 0.273195
0.129856 -0.244049 0.379095
-0.444825 0.028736 -0.196118
0.537908 0.112543 -0.151881
-0.552399 0.415044 0.352567
-0.095154 0.052674 -0.346229
0.076295 -0.274814 -0.346229
0.426618 -0.407660 -0.050240
-0.075871 -0.128688 -0.346229
-0.355618 -0.709584 -0.392816
-0.378139 -0.005735 0.383624
0.537908 0.029182 -0.334384
0.248729 -0.485239 -0.346229
-0.352197 0.605527 0.352567
0.226780 -0.541037 -0.392816
-0.241321 -0.454090 -0.361758
0.131181 -0.092158 0.353690
-0.425963 0.317011 0.352567
-0.417373 0.045379 0.383624
0.218273 -0.165328 0.352567
0.517202 0.303010 -0.322172
-0.177965 0.030190 0.321509
-0.089425 -0.359987 0.354400
-0.227532 0.473376 0.071734
-0.559461 -0.351611 0.108272
-0.405574 -0.320914 0.438651
-0.137580 0.184122 -0.361758
-0.117225 -0.258393 0.379095
-0.216152 -0.013194 0.282557
-0.507699 -0.233645 0.323736
-0.122015 -0.517880 -0.261282
0.387010 0.461781 -0.196118
-0.005886 -0.167576 0.352567
0.527092 0.123269 0.352567
0.086181 0.586891 0.352567
-0.304989 0.135502 0.379095
-0.319582 -0.251429 0.321509
-0.386734 -0.643048 -0.392816
0.535081 0.616412 -0.392816
0.426618 0.479014 0.066260
-0.375072 -0.532094 -0.361758
0.517202 -0.055587 0.005231
0.210177 -0.005429 -0.109029
-0.538756 -0.563028 0.168033
0.014816 -0.005429 -0.167049
-0.460523 0.452670 0.055461
-0.538756 -0.150096 -0.303636
0.163449 0.470184 -0.361758
0.321332 -0.468705 0.284956
0.197158 -0.517880 0.050849
0.204247 0.473376 0.124465
0.349711 -0.460941 0.201994
-0.359603 0.199644 -0.346229
0.457675 0.180950 -0.207297
0.449021 0.117396 0.383624
0.537908 0.590373 0.293324
0.057563 -0.749321 0.223160
0.112873 0.555208 0.321509
-0.468750 0.432530 0.352567
0.537908 0.612779 -0.077283
-0.317908 -0.119206 0.383624
-0.250806 -0.446096 -0.227175
-0.075257 0.269963 -0.346229
0.537908 -0.650301 0.047104
0.092638 0.672227 -0.361758
0.118454 -0.001277 0.383624
0.281058 -0.005429 0.128374
-0.059532 0.481140 -0.063762
-0.339750 0.481140 0.144732
-0.448171 -0.033599 -0.141105
0.537908 0.562950 -0.344843
-0.262320 -0.486369 0.352567
-0.293936 -0.005429 0.187614
-0.559461 0.455035 0.194516
-0.323436 -0.414895 0.321509
-0.448171 -0.486476 -0.159787
-0.221481 0.517482 -0.361758
-0.532954 -0.278605 0.352567
-0.479229 -0.358859 0.251466
-0.175388 -0.059512 0.321509
-0.559461 -0.193621 -0.126217
0.537908 -0.122239 -0.284659
0.359972 0.384840 0.383624
0.354935 0.294164 -0.196118
-0.092203 -0.517880 -0.295559
0.426618 -0.282261 0.278689
-0.024844 -0.159561 -0.196118
-0.016835 0.013932 0.383624
-0.559461 -0.467036 0.215828
0.045865 0.322036 -0.361758
-0.380387 0.458049 0.383624
-0.448171 -0.455365 0.175392
-0.559461 -0.093162 -0.349538
-0.209198 -0.517880 -0.015712
-0.055813 -0.158129 -0.207334
0.496852 0.641604 0.317753
-0.538756 0.131206 -0.311664
0.517202 0.564759 -0.028295
0.358876 0.460565 0.383624
-0.377460 -0.517880 0.086659
-0.045137 0.015357 -0.361758
0.426618 -0.248967 -0.084014
0.426618 -0.416353 0.234337
0.104719 -0.354616 0.352567
-0.559461 0.219721 -0.240915
-0.313577 0.548431 -0.365926
-0.538756 0.170775 0.272217
-0.559461 0.644213 0.243975
-0.479229 0.247867 0.001946
0.537908 -0.717403 -0.151175
0.006931 -0.693693 0.223160
-0.375933 -0.460941 0.121363
-0.352590 0.024354 0.383624
0.158569 -0.281849 0.354400
-0.029084 0.040927 0.352567
0.378950 -0.517880 -0.119435
0.444682 0.576901 0.232455
-0.402669 -0.161059 -0.361758
-0.538756 0.505407 0.216673
0.040837 -0.179050 0.321509
-0.559461 -0.449423 0.097775
-0.091856 0.272647 0.352567
0.417783 0.668123 -0.361758
0.229563 -0.716244 0.223160
-0.559461 -0.140172 -0.206130
-0.037321 -0.460017 0.352567
-0.186869 0.076375 0.352567
-0.029522 0.339136 0.383239
0.287554 0.380881 0.381859
0.457675 0.000892 -0.146183
-0.374035 0.148291 -0.196118
-0.428284 0.151325 0.354400
0.517202 -0.409373 -0.226060
0.043816 0.473376 -0.061908
0.426967 0.469148 0.352567
-0.347811 0.481140 0.284475
-0.227294 0.290300 0.321509
-0.292827 -0.276171 -0.227175
-0.479229 -0.182272 -0.067585
-0.538756 0.553212 -0.205111
-0.207189 0.123214 0.379095
-0.538756 -0.240375 0.226588
-0.366842 -0.255697 0.321509
0.255086 0.160481 -0.361758
-0.309082 -0.098611 -0.346229
-0.288363 -0.008444 0.352567
0.155775 0.067902 0.374168
-0.132943 -0.063454 0.352567
0.548260 0.393361 0.344218
-0.466396 0.672662 0.327243
0.331789 0.084226 0.352567
0.233925 0.342379 0.377602
0.395085 0.240182 -0.227175
-0.538756 0.249929 0.308983
-0.479904 0.360837 0.383619
0.217980 -0.098583 -0.361758
-0.559461 0.484378 -0.013862
0.429189 -0.471048 0.352567
0.026557 0.454932 -0.196118
-0.538756 -0.044961 0.164604
0.475212 -0.309087 0.352567
-0.559461 -0.192751 0.093170
-0.559461 -0.468948 -0.350415
0.036410 0.141099 -0.227175
-0.112815 0.228442 -0.227175
-0.365523 -0.199827 -0.346229
-0.284811 0.556822 -0.196118
-0.133670 -0.114131 0.328389
-0.148090 0.377873 0.352567
0.513142 -0.517880 -0.235664
0.515747 0.455550 0.321509
-0.343899 0.380553 0.381077
0.245143 0.481140 0.128284
0.457675 0.526259 0.325055
0.406399 -0.392108 0.374008
-0.065591 0.481140 0.173099
-0.496772 -0.517880 -0.187847
-0.179419 0.221262 -0.227175
-0.160779 -0.013194 0.287683
0.517202 -0.465573 -0.294185
-0.283383 0.082082 0.379095
-0.322087 0.112570 -0.346229
-0.266208 -0.283925 -0.346229
-0.244320 0.387223 -0.346229
-0.214575 -0.304664 0.354400
-0.220069 0.102055 -0.196118
-0.544079 -0.018813 0.321509
-0.204570 -0.517880 0.169432
0.053805 0.043297 -0.227175
0.112659 -0.684596 0.223160
-0.519990 0.672662 0.342654
0.537908 -0.157124 0.199590
0.257988 -0.252974 -0.346229
0.294487 -0.517880 -0.338279
0.239319 -0.517880 0.146717
-0.559461 0.631993 0.292550
-0.431147 -0.517880 0.057494
0.073725 0.310508 0.352567
-0.538756 0.466195 0.291091
-0.538173 -0.517880 0.240129
-0.291019 0.596904 -0.346229
-0.359945 0.672007 -0.361758
-0.559461 -0.263633 0.286494
-0.017953 -0.013194 0.040521
0.537908 -0.532145 -0.368829
0.174399 0.091085 -0.361758
-0.479229 -0.194231 0.148744
0.238826 -0.421363 -0.361758
-0.538756 0.020882 -0.101401
0.517202 0.483243 0.185163
-0.062310 -0.005429 0.091345
0.224683 0.655477 -0.361758
-0.322067 0.457255 -0.361758
0.122121 0.359943 0.352567
-0.538756 -0.364360 0.321096
-0.559461 0.542725 0.101550
0.288521 0.576901 0.323070
0.457675 0.480525 -0.138008
0.086675 -0.214824 0.373832
-0.559461 -0.432916 -0.364076
0.226820 -0.321721 0.379095
0.452142 0.477646 -0.227175
-0.392633 -0.256354 -0.361758
0.306365 -0.202908 0.352567
0.119230 -0.517880 -0.226399
0.517202 0.647741 -0.032333
0.426618 0.051204 0.083006
0.380011 -0.468705 -0.073268
0.167309 0.308304 -0.346229
0.537908 0.470924 0.163026
0.372735 0.620899 -0.350216
0.537908 -0.653469 -0.006543
-0.559461 0.272183 -0.229867
-0.559461 -0.375740 0.139961
0.537908 0.378026 -0.209253
-0.567298 0.130261 0.321509
0.041754 -0.468705 0.147872
0.048316 0.354583 0.383624
0.522778 -0.322812 0.380779
0.487549 0.620899 0.296997
-0.018707 -0.013194 -0.077915
0.153857 0.254154 -0.361758
0.537908 0.382665 0.291087
-0.239539 0.303806 0.383624
0.068635 0.669527 0.352567
-0.559461 0.362034 -0.276323
-0.288184 0.475160 0.352567
0.125872 -0.734191 0.223160
0.517202 -0.333755 -0.218056
0.426618 0.206940 -0.096017
-0.112631 -0.474684 -0.227175
-0.538756 0.122130 -0.381446
-0.291293 -0.013206 0.321509
0.216188 -0.517880 0.000638
0.195058 -0.005429 0.254016
0.126636 0.216301 0.379095
-0.207395 -0.460941 -0.110514
-0.064516 -0.517880 -0.227508
0.377684 -0.468705 0.152418
0.401954 -0.489410 0.323190
0.517202 -0.012048 0.123456
-0.228703 0.178836 -0.196118
0.198641 0.173546 0.379095
0.444323 -0.517880 -0.156857
-0.142102 0.058412 0.321509
-0.163078 -0.003774 -0.361758
0.116532 -0.305724 0.379095
0.230369 -0.028839 0.352567
-0.448171 -0.233687 -0.140220
-0.078634 -0.060778 -0.361758
0.457675 -0.343098 -0.180845
-0.243747 -0.437591 0.321509
-0.024947 -0.468705 -0.081304
-0.198570 -0.402644 0.321509
-0.316373 0.403496 0.342575
-0.358933 0.649446 0.383270
-0.559461 0.323300 -0.266268
0.457675 -0.244537 0.262443
-0.538756 0.628455 0.123691
0.327709 -0.140840 -0.346229
0.302882 -0.383509 -0.361758
0.004132 -0.380544 0.321509
-0.088673 -0.005429 0.226689
0.254134 0.459642 0.321509
0.190547 0.482069 -0.227175
0.229302 -0.558512 0.352698
-0.146085 -0.079645 -0.346229
0.517202 0.165366 0.307847
-0.559461 0.638621 -0.380537
0.270328 -0.033899 0.323758
-0.448171 0.134818 -0.129125
-0.395889 0.531060 0.425353
0.232574 0.181643 -0.361758
0.430144 -0.507527 0.340580
0.215123 0.481140 -0.169330
-0.314838 -0.171554 -0.196118
-0.480261 0.641604 0.125168
-0.479229 -0.323680 0.256191
0.517202 0.446601 -0.368562
-0.377018 0.477920 0.354400
-0.160832 -0.468705 -0.143866
-0.538756 0.475898 -0.072467
0.172373 -0.007446 -0.196118
0.119796 0.313072 -0.361758
0.119882 -0.442591 0.352567
0.426746 0.025494 -0.361758
0.170729 -0.345566 0.354400
-0.049110 0.521544 -0.196118
0.096851 -0.539132 0.321509
-0.153487 0.106292 -0.196118
-0.082174 -0.013194 -0.113781
0.537908 0.224018 0.000929
-0.538756 0.464527 -0.267791
-0.538926 0.566477 0.379590
0.271470 -0.468705 0.008613
0.002374 0.059963 -0.227175
0.432545 -0.319984 0.352567
-0.448171 0.460346 -0.056331
0.092720 0.188097 0.379095
-0.113797 0.473376 0.176278
0.381938 0.152461 0.352567
0.040606 -0.013194 0.189344
-0.045306 -0.536684 -0.346229
0.517202 0.015352 -0.216505
-0.507699 0.380240 0.348364
0.486145 0.020112 0.330827
-0.261063 -0.468705 0.139553
-0.538756 0.661350 0.003513
0.260382 -0.005429 -0.080603
-0.391398 -0.074056 -0.361758
0.026503 -0.460941 0.291764
-0.538756 0.586963 -0.282969
0.149118 0.157041 0.379095
0.517202 -0.358032 -0.158528
-0.437372 -0.252110 -0.227175
0.225905 0.490908 -0.346229
0.371414 0.481140 -0.063675
0.120812 0.147221 -0.346229
-0.162494 0.020518 -0.227175
0.327351 0.009530 -0.346229
0.305487 -0.450653 -0.227175
-0.396185 -0.225311 -0.361758
-0.547328 -0.598228 0.223160
0.484698 0.671193 0.352567
0.537908 0.094875 0.063051
-0.156651 0.661937 0.383385
0.204153 0.658481 0.321509
0.015452 -0.005429 0.080303
0.071604 -0.489410 -0.222726
-0.227650 -0.598992 -0.392816
-0.538756 0.545565 -0.041488
0.374025 -0.266823 -0.196118
-0.443388 0.398184 0.379792
-0.348560 -0.361902 -0.227175
0.310989 -0.007508 -0.196118
-0.105912 -0.391882 0.321509
-0.203495 0.481140 -0.058054
0.390228 0.115988 0.321509
-0.468248 -0.534705 -0.346229
-0.342837 -0.401788 0.354400
-0.514157 0.641604 -0.197833
-0.479229 -0.012644 -0.208296
0.486470 0.620899 0.007470
-0.396158 -0.218041 0.354400
-0.559461 0.156086 -0.063443
0.517202 0.526822 0.296519
0.106748 0.083104 -0.196118
0.089632 0.268301 0.321509
-0.477052 0.620899 -0.109796
0.303903 -0.079416 0.352567
0.296763 -0.517880 0.022525
-0.538756 -0.540476 0.208932
-0.266040 0.331682 0.352567
-0.416538 -0.013194 0.195761
-0.424167 -0.316057 -0.361758
-0.114675 0.117803 -0.361758
0.450942 0.576901 -0.001503
-0.085149 -0.547481 0.321509
0.400377 -0.457289 -0.346229
-0.448171 -0.173550 -0.194616
-0.352008 -0.460941 -0.029645
0.481549 0.110596 0.352567
-0.475782 0.375557 -0.361758
0.158254 0.481140 0.097330
-0.271752 -0.013194 0.049694
-0.559461 -0.075974 0.074807
0.095497 0.588252 0.383624
0.271650 -0.468705 0.133519
-0.128427 -0.517880 -0.161719
0.437891 -0.266776 -0.227175
0.456964 -0.033899 0.228305
-0.375686 -0.439825 0.352567
-0.359773 -0.033899 -0.212685
0.393796 0.388238 0.383624
0.132351 -0.489410 -0.196942
0.008618 0.185946 -0.227175
-0.467517 0.222299 -0.227175
-0.450123 0.452670 0.303962
-0.363034 0.044663 0.352567
0.371043 -0.297237 0.379095
0.457675 0.255062 -0.192389
0.418347 0.141303 0.423014
-0.326847 -0.682848 0.223160
0.517202 -0.071600 -0.075235
-0.141320 0.490458 -0.227175
-0.381496 -0.561233 0.381826
0.005922 0.473376 0.006644
0.087657 -0.284030 0.379095
-0.414929 -0.250124 0.354400
-0.118257 -0.317998 0.354400
0.250794 0.046925 -0.346229
-0.056896 0.516666 0.373818
-0.087330 0.073690 0.379095
-0.395378 -0.517880 -0.071404
-0.157424 0.610547 0.331165
-0.099595 0.191459 0.321509
-0.457809 -0.009036 -0.346229
-0.352713 0.510313 -0.346229
0.537908 0.123607 -0.073175
0.542923 -0.408961 0.321509
0.358498 -0.258738 0.354400
-0.449470 0.452670 -0.224618
0.511361 -0.517880 0.152105
0.301582 0.481140 0.318039
-0.480855 -0.253806 0.352567
-0.402522 -0.005429 0.280245
0.537908 0.551622 -0.381182
0.457675 -0.026058 0.266116
0.517202 0.554535 0.042761
-0.333154 -0.052016 0.348671
-0.559461 0.477355 0.154467
0.537908 0.659864 0.162244
0.426618 0.059633 -0.015549
0.517202 0.406168 0.031980
0.163203 -0.320060 0.321509
-0.216204 -0.460941 0.052615
0.399956 -0.032990 0.321509
0.113396 -0.468705 0.228722
0.067197 0.575039 0.377208
0.271402 0.458057 -0.196118
-0.493733 0.348577 0.352567
-0.448171 0.024986 0.108969
0.537908 0.250413 0.209200
0.505307 0.620899 -0.234102
-0.445055 -0.005429 0.290502
0.204933 0.352441 0.352567
0.297169 0.290312 -0.196118
-0.559461 0.163405 -0.191310
0.002166 -0.451074 -0.361758
-0.114376 -0.460941 0.071328
0.537908 0.026117 0.076806
0.492869 -0.374542 -0.346229
-0.514449 -0.517880 0.148571
-0.256832 -0.468705 0.190176
-0.425742 -0.520032 0.321509
0.099827 -0.586179 0.223160
0.255100 -0.358499 0.379095
-0.538756 -0.063863 0.217025
-0.500056 -0.009867 0.352567
0.507444 0.231845 0.321509
-0.559461 -0.122416 0.145496
-0.479229 0.543754 0.042920
0.089879 -0.517880 -0.213384
-0.538756 0.483442 0.242404
0.112316 0.057395 -0.361758
-0.462536 -0.517880 0.164471
0.167349 -0.214202 0.321509
-0.493066 -0.262949 -0.361758
-0.538859 0.108632 0.380021
0.274710 0.481140 -0.171624
-0.297632 -0.165421 0.321509
-0.479229 -0.273771 -0.105081
-0.267381 -0.460941 0.039816
0.138678 0.297382 -0.226102
-0.337289 -0.484967 0.352567
0.394760 -0.590879 0.223160
-0.508749 -0.384375 0.383624
-0.243879 -0.291859 -0.196118
0.517202 -0.225863 -0.311026
0.139910 -0.343994 0.321509
0.167724 0.036250 -0.227175
-0.042365 -0.005429 -0.167671
0.517202 -0.248051 0.255558
-0.189868 -0.468705 -0.084488
-0.265003 0.206620 0.321509
0.376561 0.473376 0.012110
-0.559461 0.432793 -0.325158
-0.456382 -0.489410 0.137606
0.316741 0.473452 -0.346229
-0.143527 -0.422509 -0.196118
-0.559461 0.074401 0.093856
0.300989 -0.238086 0.379095
-0.001009 -0.033899 -0.226325
-0.559461 -0.108790 0.099395
0.451867 0.596242 0.352567
0.080757 0.007494 -0.227175
0.365793 0.583004 -0.361758
-0.415844 -0.468705 -0.014046
0.457675 0.507212 -0.181379
0.037694 -0.517880 0.221641
0.517202 0.027914 0.159097
0.406915 0.559225 -0.361758
-0.240880 0.672662 -0.373299
0.185326 0.250545 0.383624
-0.329554 0.481140 -0.122173
-0.181888 -0.383025 -0.227175
-0.268493 0.292984 -0.196118
-0.241984 -0.114131 0.352302
0.334179 0.346741 0.379974
-0.479229 0.093610 -0.108433
0.213431 -0.005429 -0.024780
0.457675 -0.458785 -0.085953
0.517202 0.427620 -0.320795
-0.169441 -0.333054 0.437398
0.286958 0.264986 -0.227175
-0.559461 0.068895 -0.318348
-0.090588 -0.733283 0.223160
-0.054201 -0.058124 0.321509
-0.208136 0.376865 -0.346229
-0.359854 -0.013194 0.026199
-0.057855 -0.377000 0.352567
-0.180881 -0.027855 0.352567
-0.198795 -0.460941 -0.022073
-0.016131 -0.202551 -0.361758
-0.311063 -0.557925 0.383624
0.457675 0.094211 0.311859
0.298559 0.170769 -0.196118
0.311731 -0.383206 0.379095
-0.449722 -0.110923 0.321509
-0.479229 0.172055 -0.009896
0.084335 0.359988 0.321509
0.198918 0.641048 0.352567
-0.416584 -0.283039 -0.227175
-0.090641 0.380203 0.379161
-0.319324 0.144884 -0.227175
0.537908 -0.305920 0.036685
0.345361 0.473376 0.204511
0.537908 0.414121 0.262231
-0.479229 0.022009 -0.136870
0.076279 0.143256 0.352567
-0.337278 0.062379 -0.227175
0.517202 0.048678 -0.313835
-0.285619 0.473376 0.257766
0.250750 0.591642 -0.361758
-0.318063 -0.452640 -0.196118
-0.088841 -0.158129 0.323537
0.380684 0.523771 0.373818
0.243486 -0.200071 0.383624
0.121300 0.397063 0.352567
-0.042524 -0.468705 -0.132552
0.498775 -0.388453 0.383624
0.060910 -0.468705 0.254686
0.012612 -0.517880 0.131273
-0.260321 0.141321 -0.227175
0.227649 0.567553 -0.196118
0.397696 0.056472 0.352567
0.506714 0.545787 0.352567
0.044965 -0.219608 -0.361758
-0.530814 0.641604 -0.032257
0.173282 0.198792 -0.361758
0.457675 -0.191348 0.046389
-0.206112 -0.512578 -0.361758
-0.032503 -0.399796 0.379095
-0.499291 -0.027274 0.383624
0.210431 -0.517880 -0.088330
0.426618 0.548959 -0.100435
0.482686 -0.093874 0.383405
-0.199989 -0.419645 -0.227175
-0.036659 0.042300 -0.227175
-0.254038 -0.405246 -0.227175
-0.099808 -0.216668 0.321509
0.180604 0.581194 -0.346229
0.289769 -0.096901 0.321509
-0.433894 0.641604 0.066169
0.478162 -0.527923 0.383624
-0.559461 0.394064 0.194700
0.517202 -0.044244 -0.192854
-0.487839 -0.658790 0.223160
-0.559461 0.336882 -0.149746
0.234127 0.314869 -0.361758
-0.562848 -0.278033 0.352567
0.283487 -0.436062 0.321509
-0.078285 -0.569874 0.223160
0.123927 -0.406967 -0.227175
-0.511809 0.548431 -0.390400
0.137978 0.514689 -0.227175
0.142124 0.586189 -0.392816
0.273444 0.541495 -0.361758
0.066377 0.444032 0.383624
0.537908 -0.382652 0.228879
0.177933 -0.033899 -0.214089
0.401933 0.641604 0.120441
0.265848 -0.013194 0.237348
-0.200272 0.518069 0.373818
0.356351 -0.428236 -0.346229
-0.309641 -0.207060 -0.361758
0.012653 0.601890 -0.392816
0.016203 0.051987 0.321509
0.070529 -0.135406 0.352567
0.218546 -0.468705 -0.025456
-0.202497 -0.139974 0.352567
0.537908 0.095751 0.112968
-0.289692 0.452670 0.325616
0.419328 0.359652 0.321509
0.537908 0.513464 0.132355
0.517202 0.404934 -0.026371
-0.329248 -0.157461 -0.361758
-0.544667 -0.316464 0.321509
-0.240987 0.473376 0.249773
0.448921 0.548431 -0.372645
0.537908 -0.474466 0.194277
0.133101 0.409647 -0.361758
0.115437 -0.226485 0.321509
-0.264125 -0.379041 0.321509
0.356439 -0.468705 -0.012795
0.196017 0.137162 0.352567
0.255037 0.516855 0.321509
0.171072 0.481140 -0.019203
-0.479229 -0.297791 -0.037915
-0.492562 0.030537 -0.361758
0.075308 0.473376 0.132706
-0.028852 -0.309313 0.352567
-0.281776 -0.018684 -0.196118
-0.233344 0.049525 0.373847
0.227343 0.473376 0.052010
0.224420 -0.359990 -0.361758
0.537908 0.136881 -0.295125
-0.479229 0.240390 -0.161099
-0.516431 0.620899 -0.153745
-0.448171 0.545274 -0.005613
0.537908 -0.471240 -0.363149
-0.444954 -0.406338 -0.361758
-0.158347 0.370895 0.321509
0.445813 -0.008674 -0.361758
0.457675 -0.188961 -0.039179
0.457675 0.475616 0.083009
0.424342 -0.305869 -0.361758
0.127085 -0.468705 -0.090818
-0.054078 -0.468705 0.076621
0.439522 0.641604 -0.226631
0.386400 -0.544319 0.223160
0.537340 -0.449043 0.352754
-0.559461 -0.358311 0.021306
-0.484798 0.660068 0.383624
-0.538756 0.529361 0.008978
0.457675 -0.368256 -0.216508
-0.365600 0.175445 0.379095
0.437149 0.000244 0.352567
0.047263 -0.337212 0.379095
0.537908 -0.628933 0.176294
-0.299438 0.481140 0.292688
-0.030821 0.281343 -0.196118
-0.144700 0.203290 0.354400
0.000381 -0.528269 -0.346229
0.506468 0.518784 -0.361758
-0.559461 0.410850 -0.061019
0.517202 0.571983 -0.252760
-0.448171 -0.204529 0.055222
-0.011757 -0.517880 -0.015901
-0.517302 0.456426 0.321509
0.342504 -0.226099 0.321509
0.517202 0.157560 -0.049778
0.537908 -0.248038 0.316518
-0.229004 0.350311 -0.346229
-0.142429 0.124294 -0.346229
-0.372373 0.475219 -0.227175
0.399045 -0.634870 0.223160
0.173571 0.160486 -0.196118
-0.538756 -0.424809 -0.320942
0.452694 0.202598 0.352567
-0.448171 0.229893 -0.001938
0.511135 -0.517880 0.111431
-0.559461 -0.091906 -0.223497
0.517202 -0.059092 -0.253599
0.517202 0.161912 -0.182886
0.027231 0.463957 0.321509
-0.538756 0.293356 0.174488
0.087810 -0.085748 -0.361758
-0.538756 0.331314 0.084511
-0.333794 -0.013194 0.290303
0.135546 -0.005429 0.100224
0.288278 -0.188078 -0.361758
-0.445729 0.548053 -0.346229
0.322984 -0.718657 -0.392816
0.369038 -0.005429 0.203482
-0.095635 0.326969 0.383624
0.107082 0.472465 0.354400
-0.484717 -0.552701 0.383624
-0.156060 0.576901 -0.202059
-0.399935 0.473376 -0.142571
-0.000582 -0.512704 -0.386959
0.418988 -0.517880 0.162859
0.426822 -0.307394 0.383624
0.537908 -0.144561 0.124400
0.537908 -0.340019 0.082712
0.241743 0.576901 0.346212
0.229845 -0.363498 -0.196118
0.009679 -0.468705 -0.097959
0.030927 0.117188 0.321509
0.426618 0.194079 -0.062986
0.517202 -0.023717 -0.372797
-0.559461 -0.073862 -0.375199
-0.283302 -0.500977 0.383624
-0.171899 -0.005429 0.090924
0.517202 -0.099067 -0.321348
-0.538756 0.488138 -0.294712
0.065119 -0.460941 -0.176430
0.537908 -0.220704 -0.073644
0.537908 0.626827 0.050526
0.448516 0.590181 0.383624
0.427176 0.297382 0.094222
-0.132238 -0.725910 0.223160
-0.479229 0.039963 0.158283
-0.390216 0.636673 -0.392816
-0.242340 -0.489410 -0.215385
-0.566546 0.043865 0.352567
0.539268 0.011673 0.353782
0.027944 0.473376 0.115701
0.537908 -0.374147 -0.325150
-0.559461 0.189802 -0.365126
-0.371469 0.394618 0.352567
0.102897 0.239783 -0.346229
0.284537 0.341381 0.337806
-0.538756 -0.524010 -0.057639
-0.450111 0.025458 0.352567
-0.290622 0.645583 -0.392816
-0.048238 -0.468705 0.239909
0.517202 -0.420687 -0.272777
-0.428124 0.636169 0.352567
-0.538756 -0.147867 -0.122761
-0.448171 0.549368 0.118278
-0.479229 0.237280 -0.197228
-0.281370 0.335947 0.383624
0.537908 -0.089293 -0.190497
-0.076267 -0.306589 -0.196118
0.186808 0.473376 0.212620
-0.376646 -0.161687 0.352567
-0.137962 -0.161171 0.352567
0.426618 -0.021370 0.018695
-0.448171 -0.258216 -0.111225
0.537908 -0.472350 -0.041060
0.426618 0.094580 0.117981
-0.559461 0.450347 0.111759
-0.339717 0.549440 -0.392816
-0.264981 -0.517880 -0.261113
-0.308486 -0.049205 -0.346229
-0.480364 -0.373042 -0.361758
-0.408033 0.252542 0.321509
-0.319694 0.125359 0.352567
0.275376 0.278461 -0.346229
0.517202 0.603746 0.233036
-0.078339 0.473376 0.242009
0.095383 -0.215925 -0.227175
0.274980 -0.051280 -0.346229
-0.538756 0.070847 -0.241249
-0.217437 -0.217786 -0.196118
-0.217987 0.473376 0.017364
0.339070 0.033572 0.383624
-0.538756 0.618148 0.009459
-0.539764 0.499446 0.352567
-0.414379 0.095697 0.352567
-0.036405 0.205893 0.321509
0.457675 0.041263 0.021122
-0.305439 -0.088785 0.321509
0.084068 0.114244 0.354400
-0.480456 0.234210 -0.346229
0.152240 0.470059 0.354343
-0.377342 -0.335250 0.352567
-0.014830 -0.456780 0.383624
0.401081 0.297382 0.328684
-0.388154 -0.434411 0.321509
0.383840 0.465003 0.352567
-0.559461 -0.580435 0.082910
-0.457218 0.275975 -0.227175
0.300539 0.473376 0.199193
-0.199217 -0.299507 -0.361758
-0.400293 0.250226 -0.227175
0.284354 -0.468705 -0.049104
-0.245927 -0.517880 -0.182829
-0.041088 0.576432 0.383209
0.537908 0.449682 -0.271314
0.046945 -0.382658 0.321509
0.384564 -0.013194 0.288850
-0.538756 -0.001836 -0.036438
0.315051 -0.468705 -0.134730
-0.538756 -0.314153 0.216675
0.272807 0.005808 -0.196118
-0.559461 -0.202072 0.046625
0.509498 0.620899 -0.041552
-0.259223 -0.239937 -0.227175
-0.559461 -0.205578 -0.048403
0.537908 0.075346 -0.232346
0.307166 0.129874 -0.346229
-0.559461 -0.685392 -0.322797
0.517202 0.190034 -0.215194
0.426618 0.190869 0.165215
0.113323 -0.418936 -0.361758
0.545498 0.035291 0.321509
-0.307072 -0.517880 0.078230
-0.476182 0.576901 0.216500
-0.410754 0.473376 0.063754
0.157906 -0.468705 -0.096340
-0.020144 0.545988 0.373818
0.140983 -0.350633 0.354400
-0.452874 0.452670 -0.101474
0.456197 -0.489410 0.303096
-0.286229 0.187535 -0.196118
0.147423 -0.165004 0.383624
0.537908 -0.345772 0.159241
0.235741 -0.033899 0.321738
-0.538756 0.338615 -0.002724
-0.479229 -0.355675 -0.018219
0.115494 0.112102 -0.361758
-0.212562 0.473376 0.207830
0.426618 -0.229375 0.035983
0.524301 0.093976 0.352567
-0.559461 0.301990 -0.010383
0.395172 0.333134 -0.346229
0.066052 -0.027054 -0.196118
0.330908 -0.415946 -0.196118
-0.151887 0.499254 -0.346229
0.475832 -0.220552 0.352567
-0.462777 0.452670 0.267489
-0.507699 -0.391690 0.325263
0.121293 0.492127 -0.196118
-0.456249 -0.181525 -0.227175
0.277319 -0.517880 -0.293831
-0.349544 -0.013194 -0.094018
0.517202 0.032297 0.099928
-0.538756 -0.342233 -0.325825
0.066434 0.109399 -0.361758
-0.045574 0.129234 -0.361758
0.188235 -0.037257 -0.346229
-0.559461 0.357879 -0.229520
0.106897 -0.468705 -0.067912
0.517202 0.122178 -0.269733
0.377431 0.246751 -0.361758
-0.010252 -0.669180 -0.392816
0.537908 -0.261904 -0.016491
-0.515798 0.641604 0.222369
0.289345 0.196845 -0.227175
-0.146088 0.027489 -0.196118
-0.241825 -0.468705 0.259049
0.087084 0.481140 -0.169981
-0.427066 0.641604 -0.216547
-0.060613 0.429596 0.352567
-0.430452 -0.085690 0.352567
0.319113 -0.517880 0.251338
0.229617 -0.013194 0.253352
-0.191346 -0.691596 -0.392816
-0.095279 0.116526 0.379095
0.079049 -0.158129 -0.200848
-0.161370 -0.636103 -0.392816
-0.186584 0.255021 0.321509
0.361332 -0.647717 0.223160
-0.465071 0.575041 0.375604
-0.342276 -0.400793 -0.346229
0.537908 -0.702395 -0.100555
0.526861 0.340168 0.352567
0.356030 0.564347 0.352567
-0.538756 0.408148 -0.126681
0.198051 -0.362702 0.321509
0.287464 0.508157 0.354400
0.398617 0.528947 -0.346229
0.517202 0.577465 -0.133084
-0.384746 0.452670 -0.199027
-0.349748 0.459088 -0.346229
-0.442901 0.230922 0.352567
-0.167484 -0.295997 0.321509
-0.538756 0.326631 0.303300
0.107698 0.216969 -0.196118
-0.082417 -0.476770 -0.196118
0.284043 -0.438618 0.381616
-0.033550 -0.005429 0.132038
-0.547327 0.442548 0.321509
-0.479229 -0.230972 0.140624
0.537908 0.261551 0.020593
0.342444 0.473376 0.138089
-0.421778 0.590340 0.352567
-0.008130 0.618281 0.352567
-0.448171 -0.425855 0.074419
-0.242490 -0.503029 0.383624
-0.559461 -0.086817 0.134605
-0.006505 -0.050590 -0.361758
-0.016038 0.452670 -0.210699
-0.538756 -0.160644 -0.261164
0.517202 0.495069 0.024248
0.057993 -0.517880 -0.075524
-0.538756 -0.269028 -0.304152
0.391190 -0.468705 -0.119311
-0.004599 -0.391071 0.379095
-0.389843 -0.460941 0.038102
-0.491439 -0.215662 0.383624
-0.345774 -0.460941 0.241947
0.426231 0.645447 0.352567
-0.145109 0.240189 -0.361758
0.328780 -0.449646 -0.196118
0.094636 0.170246 0.321509
-0.097161 0.325646 -0.346229
-0.356864 0.027402 -0.346229
0.340657 0.164223 0.379095
-0.479229 0.259449 0.304394
0.433356 -0.490481 0.383624
-0.544996 0.266117 0.352567
-0.142045 -0.259037 0.352567
0.198362 -0.013194 0.218752
-0.335901 0.479329 0.352567
-0.538756 0.369416 -0.019207
-0.407515 -0.145091 0.352567
-0.443961 -0.214261 0.383624
0.369783 -0.517880 0.185390
-0.558751 -0.333606 0.352567
-0.538756 0.249253 -0.013166
-0.460255 0.038841 -0.227175
-0.538756 0.286576 -0.088869
0.457675 0.224533 -0.081645
0.336289 0.146187 -0.346229
-0.136996 -0.507527 0.349418
-0.154401 -0.468705 -0.042987
0.426618 0.100251 0.242994
0.400635 -0.468705 0.007641
0.014970 -0.543078 0.321509
-0.160024 -0.540940 0.321509
0.330929 0.267725 0.321509
-0.162598 -0.515069 -0.346229
0.426618 0.053215 0.119519
0.537908 0.268002 -0.360965
0.086385 -0.305711 0.321509
0.537908 0.626871 0.086565
0.060770 0.628842 0.321509
-0.559461 0.410967 0.022752
0.089311 -0.460941 0.169962
-0.538756 -0.445901 0.285190
0.517202 0.295962 0.039689
0.537908 -0.594889 0.132894
0.159978 0.284828 -0.361758
0.537908 -0.191231 0.206717
-0.145491 -0.755007 -0.392816
-0.448171 0.101440 -0.075460
-0.538756 0.044894 0.273998
0.150201 0.433283 0.383624
0.091871 0.212251 -0.361758
0.354850 -0.507527 0.352020
-0.479229 -0.158763 0.052549
0.404192 0.473376 -0.128006
-0.559461 -0.433101 -0.025557
0.540496 -0.256547 0.372208
0.030449 0.521678 0.352567
0.457675 0.272569 0.057773
0.194788 0.511496 0.352567
-0.403215 0.138227 0.379095
-0.559461 0.449935 -0.047257
0.033531 -0.468845 -0.361758
-0.207650 0.238482 0.352567
-0.415593 0.065059 0.321509
0.426618 0.158759 0.099590
0.517202 0.498852 -0.056949
0.426618 0.133318 -0.124530
-0.430913 0.086309 -0.227175
-0.091935 0.552464 -0.361758
-0.450290 -0.489410 -0.006551
0.426576 0.256928 0.115485
-0.093508 -0.013194 -0.002762
-0.467717 -0.659702 -0.392816
0.351579 -0.010315 -0.346229
-0.507699 -0.473155 0.348811
-0.043034 -0.226685 -0.227175
-0.448171 0.128104 -0.222129
0.537908 0.219313 -0.039736
0.299599 0.202570 0.354400
-0.250241 0.034525 -0.346229
0.241151 -0.005429 -0.135162
0.157496 0.473376 0.313615
0.270333 0.044731 0.321509
-0.291506 -0.034089 0.383624
-0.559461 -0.014666 0.080806
-0.479229 -0.385033 0.009565
0.548260 0.468821 0.338862
0.115886 0.192609 0.352567
0.517202 -0.368294 0.024574
0.171912 -0.517880 0.212522
0.157310 0.087202 0.352567
0.219413 -0.438848 0.352567
-0.389450 -0.386329 0.321509
0.537908 -0.232045 -0.030436
-0.193246 -0.270722 0.379095
0.400065 -0.290626 0.374119
0.537908 -0.239008 -0.286225
0.338488 0.003688 0.352567
-0.538756 -0.188928 -0.247182
-0.538756 0.068425 0.319776
-0.528807 -0.408627 -0.361758
-0.089093 0.481140 -0.007864
0.185190 0.153521 -0.346229
0.072984 0.466161 -0.361758
0.537908 0.045019 -0.019565
-0.409574 0.181431 0.352567
-0.044284 -0.005429 0.182780
0.517202 0.451352 0.292890
-0.052619 -0.335592 -0.227175
-0.345301 -0.537910 -0.346229
-0.403337 -0.468705 0.286335
-0.507699 -0.173596 0.322710
0.432928 0.641604 0.284466
-0.559461 0.406765 0.106714
0.537908 -0.516425 -0.013032
0.042014 -0.753122 -0.392816
0.517202 0.226442 -0.080690
-0.381658 -0.186689 -0.227175
0.517202 0.643503 0.232939
0.540496 -0.538844 0.366390
0.457675 -0.163225 0.195333
0.479976 0.313805 0.352567
-0.151834 -0.013194 0.241778
-0.106210 -0.517880 0.117098
0.431402 -0.482787 -0.361758
0.249819 0.350631 0.321509
-0.210836 -0.138859 -0.346229
-0.316758 -0.239689 0.379095
0.548260 -0.552364 0.332491
-0.507699 0.174444 0.332538
0.338782 -0.517880 0.308650
0.217471 0.057691 -0.196118
-0.448171 0.290935 0.082820
0.194385 0.017880 -0.196118
0.101773 0.452670 0.324993
-0.305768 0.102991 -0.227175
-0.245955 0.341381 0.323902
-0.538756 0.013482 -0.139699
-0.569814 0.290645 0.343722
-0.154679 0.465501 -0.346229
0.033513 -0.147437 -0.346229
-0.177744 -0.377926 0.379095
0.426618 -0.353217 -0.145633
0.537908 0.049328 -0.357289
-0.055615 -0.517880 -0.168929
-0.289787 0.123678 -0.361758
-0.513038 -0.215802 -0.361758
0.537908 -0.206469 -0.372639
0.270085 -0.517880 -0.145464
-0.444304 -0.541678 0.352567
0.504223 0.326405 0.321509
0.060202 -0.507527 0.331118
0.138651 -0.489839 0.383624
-0.559461 0.602528 -0.007275
0.537908 -0.240682 0.216986
-0.538756 0.199749 0.282411
0.110592 0.297382 0.324914
-0.559461 -0.172856 0.045990
0.494585 0.622942 -0.361758
0.422905 0.664917 0.379459
-0.132771 -0.439712 0.352567
-0.247148 0.092291 -0.227175
-0.489316 0.215912 0.352567
0.398387 -0.460941 0.048049
-0.092616 0.523598 0.321509
-0.222795 0.149796 0.321509
-0.016850 0.182707 0.352567
-0.171341 -0.721858 0.223160
-0.040957 -0.055419 -0.346229
-0.569814 0.376793 0.352562
-0.383299 -0.054611 0.352567
0.037702 0.547939 0.321509
0.137368 0.473376 -0.085874
0.391953 -0.175542 -0.227175
0.480238 -0.474634 -0.346229
0.426618 0.230753 -0.118118
0.264928 0.640632 -0.392816
0.185940 -0.500896 0.383624
-0.538756 -0.199655 -0.102626
0.193700 0.473376 0.038868
-0.424714 0.170108 0.321509
-0.271789 0.535182 -0.346229
0.517202 -0.181311 -0.288128
0.021226 -0.295807 0.352567
-0.297300 0.481140 0.114972
0.466155 0.641604 0.103441
-0.529146 0.641604 -0.313554
-0.466979 -0.517880 -0.215792
0.259412 -0.260665 0.321509
0.270549 -0.013194 -0.125904
-0.140800 -0.013194 0.013886
0.517202 0.571295 0.278246
0.426618 0.520600 -0.224197
0.517202 0.238680 0.290147
0.190336 -0.410497 0.379095
-0.559461 -0.345675 -0.226355
-0.559461 0.534021 -0.150776
0.009254 0.605241 0.383624
-0.057093 -0.447956 -0.346229
0.457675 0.478119 -0.180840
-0.130008 0.473376 -0.136347
-0.052038 0.057603 0.373988
-0.538756 0.027633 -0.058947
-0.494732 0.512030 0.352567
0.363093 -0.304798 -0.346229
0.233377 0.481140 -0.065806
-0.538756 -0.355689 -0.137394
0.223693 0.481140 0.321166
0.260976 0.552287 0.352567
-0.538756 0.566782 0.262432
-0.098152 0.641270 0.381668
0.537908 0.005579 -0.172007
0.537908 0.258820 -0.186352
0.465643 -0.324495 -0.361758
-0.216711 -0.517880 -0.212711
-0.260136 -0.185430 -0.196118
0.492044 0.641604 -0.336413
0.496554 0.364674 0.358317
0.470765 -0.111784 0.352567
0.517202 -0.449980 0.074886
-0.559461 0.174715 0.246789
-0.386671 -0.425443 -0.346229
0.517202 -0.458800 0.272567
0.510206 -0.463034 0.383624
0.076664 0.242470 0.321509
-0.156785 -0.176466 0.383624
0.537908 0.526580 -0.230780
0.033956 0.214901 0.379095
-0.060802 -0.005429 -0.063192
-0.545934 -0.194200 0.383054
0.537908 -0.306670 0.287190
0.335481 0.095993 -0.346229
0.495686 -0.051863 -0.346229
-0.448171 0.296838 0.302212
0.517202 0.038709 -0.053189
0.537908 -0.711394 0.191645
-0.347322 0.107362 0.321509
0.385073 -0.329419 -0.196118
0.457675 0.571735 0.100125
-0.559461 0.253380 -0.391532
-0.538756 -0.108809 -0.293048
-0.438608 0.057830 0.352567
0.537908 0.360995 0.028527
0.537908 -0.112684 -0.234128
0.522437 -0.336567 -0.392816
0.537908 0.360988 0.216321
-0.538756 -0.405120 -0.114788
-0.093761 -0.241502 0.379095
0.528982 0.415037 -0.392816
0.142352 -0.517880 -0.243345
0.328524 -0.371975 0.321509
0.442757 -0.194581 -0.227175
-0.161747 -0.005429 -0.016304
-0.479229 -0.274011 0.227364
-0.022379 -0.509480 0.352567
-0.261336 0.028023 0.352567
-0.479229 -0.456843 0.058626
0.328308 0.481140 0.179735
-0.559461 0.242867 -0.342060
0.151295 -0.308761 0.379095
0.517202 0.425579 0.162956
-0.362431 -0.517880 0.293449
-0.121738 -0.274093 -0.196118
0.537908 -0.173952 -0.042128
-0.538756 -0.412363 0.096832
0.537908 -0.017070 -0.277775
-0.559461 -0.599574 -0.093663
-0.147683 0.481140 -0.068888
0.206942 -0.246072 0.352567
-0.559461 0.280480 0.022470
-0.479229 0.107354 0.229039
0.270809 -0.066835 0.383624
-0.085739 0.434711 -0.346229
0.105769 0.606438 -0.361758
-0.268968 0.309797 -0.361758
-0.559461 -0.633960 -0.383095
0.380706 0.539878 -0.196118
0.389133 -0.517880 0.093271
0.360033 0.113329 0.379095
0.506989 -0.200409 0.321509
-0.533610 0.146394 0.383624
0.285133 -0.517880 0.053178
-0.267748 0.644200 0.321509
0.537908 -0.641438 -0.075304
-0.538756 -0.527833 -0.239535
-0.073104 0.653982 0.352567
-0.188827 -0.402933 0.354400
-0.151584 0.672662 0.337428
-0.380927 -0.129262 0.383624
-0.451269 -0.489410 0.064189
-0.448171 0.026704 -0.020958
-0.446202 0.292563 -0.196118
-0.056783 0.546352 0.373818
-0.398315 -0.493779 0.383624
0.039924 0.072426 -0.196118
-0.486973 -0.517880 0.112018
-0.538756 0.536073 0.208913
-0.562049 0.341133 0.359746
0.537908 -0.391515 0.196193
0.416094 0.620899 -0.251021
-0.538756 0.144763 -0.107294
-0.427730 -0.215695 -0.346229
0.155518 -0.059545 -0.361758
0.048857 -0.329430 -0.346229
-0.235890 0.401379 0.352567
-0.371249 -0.478220 -0.346229
-0.538756 -0.080824 -0.173348
0.517202 -0.531507 0.239940
-0.538756 0.172181 0.227012
0.152020 0.253373 -0.196118
-0.495305 0.568166 -0.361758
0.379433 -0.468705 0.107151
-0.139136 0.293210 0.352567
0.299362 -0.249243 -0.227175
-0.479229 -0.310674 0.321193
-0.559461 0.272058 -0.180941
-0.318456 0.027194 -0.361758
0.225908 -0.631518 -0.392816
-0.479229 -0.420539 0.012359
-0.404286 0.572374 -0.346229
0.432298 -0.103623 0.352567
0.133353 0.481140 0.163022
0.517202 0.506539 -0.103130
-0.033297 0.482471 -0.196118
0.537908 0.079744 -0.309096
-0.559461 -0.477692 -0.323262
-0.454191 -0.067486 -0.346229
-0.448171 0.173656 -0.128906
-0.114412 0.221055 0.374175
0.212242 -0.329281 -0.346229
-0.559461 -0.364621 -0.164925
-0.559461 -0.414758 -0.183840
0.260671 0.547340 -0.227175
-0.507699 0.043845 0.326317
-0.479229 -0.404844 0.069025
0.061721 -0.055005 0.352567
-0.237040 0.518918 0.352567
-0.229123 0.458164 -0.227175
-0.538756 0.491636 0.132274
0.489454 -0.438390 0.383624
-0.405405 0.530880 0.354400
-0.282740 0.481140 -0.137256
-0.014082 0.129893 -0.361758
0.537908 -0.413934 -0.150234
0.537908 -0.280174 0.098443
-0.129198 -0.517880 0.149306
0.124149 -0.013194 0.313133
0.065271 -0.033899 -0.224705
0.517202 -0.095037 0.051337
-0.567987 -0.081395 0.352567
0.395243 -0.460941 0.244003
-0.558815 0.197942 -0.392816
-0.559461 0.606316 0.309214
-0.124847 0.364173 0.381640
-0.175060 0.186254 -0.227175
0.425098 0.620899 -0.209562
0.230911 0.101070 -0.361758
-0.152894 -0.148555 -0.361758
0.537908 0.278404 0.306486
-0.032438 0.473376 -0.156817
-0.558370 0.672662 -0.215017
0.030554 -0.390393 0.354400
-0.120422 0.579784 0.352567
0.086303 -0.005429 0.134152
-0.350691 0.555562 -0.196118
-0.249993 -0.382103 0.354400
0.537908 0.270565 -0.103571
0.426618 -0.425852 -0.000312
0.409789 -0.013195 0.352567
0.461390 -0.724352 -0.392816
-0.455002 0.592254 -0.361758
-0.441776 0.365320 0.321509
0.415234 -0.157778 -0.361758
-0.448900 0.576901 0.265139
0.310524 -0.240096 -0.346229
-0.027200 0.662988 0.352567
0.517202 -0.186002 0.065709
-0.032885 -0.495343 -0.361758
-0.045915 -0.075309 0.376319
0.426618 -0.461756 -0.152235
-0.240272 -0.468705 0.035825
-0.299846 0.184528 -0.346229
0.513067 -0.387136 -0.361758
-0.485012 -0.518256 0.321509
-0.538756 -0.464402 -0.241994
0.426618 -0.223838 0.268185
0.017961 -0.222706 0.373969
-0.559461 -0.152903 0.314948
-0.416039 0.486369 -0.227175
-0.415812 0.613948 0.383624
-0.538756 0.221704 0.122863
-0.538756 0.485567 0.098561
-0.047637 0.473376 -0.092174
0.537908 0.346378 -0.053293
0.426618 -0.315638 0.277963
-0.559461 -0.165360 -0.238278
0.457675 -0.269491 0.307311
0.200845 0.222840 -0.196118
0.022015 -0.317822 0.435065
0.537908 0.476206 0.222913
0.500312 0.450825 0.383624
-0.399741 -0.517880 0.280335
0.537908 0.617795 -0.262923
0.537908 -0.426828 0.242514
0.120080 0.209195 -0.361758
0.426618 -0.287867 0.033255
0.537908 -0.044114 0.030315
0.378410 -0.005429 -0.061651
0.310298 0.473376 -0.037393
-0.479229 0.177666 0.148551
-0.009354 -0.076580 0.321509
-0.276390 0.067467 -0.227175
-0.538756 -0.082192 -0.244531
-0.435621 0.067328 -0.361758
-0.334375 -0.517880 0.183091
-0.068251 -0.380878 -0.361758
0.510756 -0.517880 -0.339773
0.046330 0.338013 0.352567
-0.263804 0.212399 -0.196118
0.197635 0.067272 -0.361758
-0.262169 0.514345 0.321509
-0.348043 -0.186767 0.321509
-0.538756 -0.473274 -0.183430
-0.314836 0.473376 0.161045
-0.261188 0.576901 0.336252
0.398175 0.473376 0.221967
0.144047 0.552074 0.354400
-0.454523 0.529402 0.373819
0.323871 -0.013194 0.303840
-0.262578 0.473376 0.318872
0.186797 -0.460941 0.166576
0.537908 -0.091083 0.017919
0.385122 -0.512704 -0.386351
0.517202 -0.473591 -0.322284
0.074222 -0.281978 -0.196118
0.537908 0.513226 0.208929
0.517202 -0.213701 0.205576
0.004507 0.131598 0.352567
0.164533 -0.460941 0.105045
0.517202 -0.384552 -0.114606
-0.488603 0.300551 -0.346229
-0.494836 0.187226 -0.346229
0.394338 -0.113322 0.352567
-0.265996 0.241918 0.352567
-0.530667 0.291490 0.321509
0.537908 0.383734 -0.289751
0.426618 0.077710 -0.133581
-0.421218 0.364467 -0.346229
-0.145823 0.265752 0.352567
0.548260 0.285362 0.335439
0.484874 0.119712 -0.346229
0.168113 -0.370459 -0.227175
-0.559461 -0.346171 -0.117003
0.471348 0.641604 -0.197835
0.028419 0.478528 -0.227175
-0.538756 0.334426 0.044856
0.243075 0.288497 -0.196118
0.363908 0.053285 0.352567
-0.229516 -0.006482 0.352567
0.477773 0.641604 -0.229084
0.062199 -0.075309 0.372512
-0.299552 -0.729574 -0.392816
0.504458 -0.033345 0.321509
0.098898 0.391625 -0.346229
-0.415410 0.643597 0.377602
-0.032119 -0.232350 -0.361758
-0.097444 -0.158540 -0.346229
-0.017732 -0.468705 0.048641
0.007277 0.191857 -0.346229
0.537908 0.354463 0.276795
0.426618 0.517223 -0.151548
-0.538756 0.196637 -0.333022
-0.559461 0.570379 -0.244144
0.215076 0.640245 -0.392816
-0.448670 0.631546 0.383624
-0.275999 0.219784 0.378554
-0.559461 0.193774 0.154850
0.249971 -0.006632 -0.227175
-0.559461 -0.583891 0.202142
-0.559461 -0.448245 0.045918
0.270108 0.481140 -0.142929
-0.268793 -0.454412 -0.346229
0.037967 0.522527 -0.361758
0.086368 -0.413627 0.354400
0.521097 0.460704 0.352567
0.380360 0.473376 0.133739
-0.002638 -0.033899 -0.198069
0.426618 -0.325542 -0.191062
-0.327210 -0.005429 0.091110
-0.018338 -0.517880 0.174427
0.318557 0.304520 -0.361758
0.345151 0.358061 -0.346229
-0.375403 -0.005429 0.096116
-0.079302 -0.517880 -0.339095
-0.559461 0.522030 -0.251878
-0.538756 -0.403447 -0.071619
-0.447024 -0.005429 0.112144
0.537908 0.232323 -0.159804
-0.305118 -0.005429 -0.081138
-0.001307 0.513412 0.352567
0.414303 0.620899 -0.008718
-0.349580 0.223965 0.352567
0.383423 0.620598 0.321509
-0.268854 -0.517880 0.095229
0.307027 -0.283994 0.354400
-0.538756 -0.501564 -0.090618
0.338108 -0.517880 -0.165307
-0.559461 -0.205149 -0.204725
-0.152101 -0.517880 -0.124720
-0.071657 -0.197522 0.352567
0.252925 -0.281916 0.379095
0.517202 -0.072464 -0.367328
0.364048 0.481140 0.277999
-0.387600 0.473376 0.198849
-0.335855 -0.517880 0.211184
-0.121937 0.473376 0.069079
-0.340193 -0.252993 -0.196118
-0.538756 0.220719 0.190438
-0.467155 0.452670 0.095695
0.426618 0.493427 0.226039
0.457675 -0.014056 -0.011056
-0.538756 -0.096185 -0.054172
-0.292133 -0.517880 -0.307103
-0.479229 -0.262724 -0.052313
-0.334520 0.054155 0.373927
0.537908 -0.149251 0.264118
0.249633 0.252936 0.383624
0.357018 -0.158129 -0.209638
-0.522781 -0.345224 -0.361758
-0.496537 -0.526758 0.352567
-0.182982 -0.517880 0.133149
0.368686 -0.005429 0.056833
0.143181 0.549664 -0.346229
0.426618 0.486417 -0.091787
-0.164552 0.481140 0.122970
0.517202 -0.240551 -0.229357
-0.559461 -0.292680 0.174490
0.191418 -0.297272 0.354400
0.175042 0.354393 0.352567
0.517202 0.534180 0.268898
0.516149 0.552598 -0.361758
0.537908 -0.104875 0.118430
0.100525 -0.229728 -0.346229
0.434364 0.364674 0.360770
0.457675 -0.475803 -0.223911
-0.538756 -0.062121 -0.080619
0.459530 0.380203 0.377363
-0.528490 -0.462999 -0.361758
0.313088 0.136269 -0.227175
0.517202 -0.269672 0.308491
0.537908 0.131214 -0.032866
-0.538756 0.520322 -0.124184
-0.150240 -0.568789 0.352567
0.030373 0.126481 -0.196118
-0.494259 -0.106643 -0.361758
-0.559461 -0.545642 0.045181
-0.559461 -0.106609 -0.127997
0.302179 -0.512704 -0.370133
0.503378 0.620899 0.150065
0.253713 0.481140 0.241130
0.183012 -0.086764 0.321509
-0.277467 -0.460941 -0.129484
-0.538756 -0.251407 -0.049153
0.354703 0.422190 0.352567
-0.094028 0.148927 0.354400
-0.107562 0.333498 0.352567
0.517202 -0.519734 -0.087902
0.159917 -0.075309 0.368823
-0.332599 0.473376 0.052856
0.310913 0.639906 -0.392816
-0.361284 0.358428 -0.361758
0.517202 0.267804 -0.148200
-0.143315 0.386537 0.383624
-0.188482 0.304649 0.352567
-0.448171 -0.464311 0.047344
-0.356644 -0.033231 0.352567
0.407052 0.072843 0.321509
-0.175525 0.126552 0.379095
0.520241 0.075154 0.321509
-0.177697 -0.517880 -0.019179
-0.038037 0.174878 -0.196118
-0.078078 -0.415614 -0.346229
0.426618 0.151556 -0.224565
-0.024118 -0.418947 -0.196118
-0.414939 -0.021676 0.352567
0.362740 -0.468705 0.045375
0.200207 -0.284011 -0.361758
-0.025812 0.254775 0.321509
-0.038686 0.481140 0.306187
0.030464 -0.114315 0.381090
-0.538756 -0.118605 -0.384003
-0.372622 0.481140 0.007704
-0.351864 0.473376 0.247749
0.124708 -0.158129 0.338508
0.042580 0.190885 -0.361758
0.464482 0.350688 -0.361758
0.513633 0.646143 0.352567
-0.559461 0.095580 -0.078989
0.537908 0.264536 0.145000
-0.018381 0.473376 0.274960
0.457675 0.486038 0.325588
-0.387700 -0.013194 -0.129982
-0.224825 -0.754629 -0.392816
-0.538756 -0.547427 0.252873
0.426618 -0.364763 0.062813
0.517202 -0.101673 -0.030880
0.048451 0.477302 0.352567
0.426618 -0.318142 0.088953
0.426618 0.478690 0.311290
-0.535814 0.200406 0.321509
-0.305921 -0.033899 -0.197188
0.517202 0.084640 0.218781
0.463594 -0.517880 -0.185911
0.428421 -0.126385 0.383624
0.218620 -0.005429 0.037285
0.280631 0.561343 0.373818
-0.307570 0.350338 -0.361758
0.034750 0.100110 -0.227175
-0.448171 0.085443 -0.040996
0.537908 -0.734114 -0.023438
-0.290115 0.548431 -0.380998
-0.110170 -0.462919 0.352567
-0.448171 0.097165 -0.166297
0.295291 -0.426684 -0.346229
0.537908 -0.695011 0.096117
-0.289532 -0.382870 -0.227175
-0.378555 -0.317311 -0.346229
-0.291433 -0.323808 -0.361758
-0.479229 0.080156 -0.076954
0.177373 0.442114 0.383624
-0.186664 0.672662 -0.379673
0.468431 0.347007 0.380968
-0.321155 -0.489410 -0.207397
0.537908 0.181395 -0.032195
-0.422621 -0.341962 0.374102
0.048850 -0.460941 -0.044561
-0.243115 0.565980 -0.196118
-0.447370 0.269216 -0.346229
-0.059748 0.113670 0.379095
-0.538756 -0.154244 0.076972
-0.171671 -0.212976 0.352567
0.457675 0.554725 0.275946
-0.448171 -0.429286 0.143810
0.517202 -0.197654 -0.213653
-0.198832 -0.480519 -0.361758
-0.340018 -0.071725 -0.346229
-0.448171 -0.381469 0.065232
-0.060653 0.239506 0.352567
0.537908 -0.338552 -0.120923
-0.320619 0.159251 -0.361758
0.250576 -0.234283 0.321509
-0.270178 -0.260765 0.352567
0.078325 0.364674 0.373322
-0.321116 0.192779 0.354400
0.514036 0.282187 0.352567
-0.187535 -0.569642 0.343388
0.517202 0.367024 -0.099681
0.332851 -0.269324 0.352567
0.517202 -0.129990 -0.192525
-0.381108 -0.718570 0.223160
0.064070 0.228488 -0.346229
0.426618 -0.028801 -0.053668
0.297468 -0.407071 0.379095
-0.067348 -0.005429 0.061158
-0.448171 -0.214710 -0.015748
-0.214045 -0.668561 0.223160
-0.310271 -0.013194 -0.150480
-0.559461 0.525602 0.123445
0.482267 0.177464 -0.346229
-0.036197 0.452347 0.383624
-0.538756 0.441201 0.182180
-0.312711 -0.330591 0.354400
-0.559461 0.135792 -0.292741
-0.026471 0.228678 0.352567
-0.559461 0.444367 -0.372873
-0.057579 0.173797 0.321509
-0.339425 0.656346 0.321509
-0.366081 -0.517880 0.173900
-0.479229 0.279301 -0.034447
-0.132209 -0.355068 0.352567
-0.090795 0.476837 0.321509
0.486169 -0.255467 0.321509
0.329152 0.231613 -0.346229
-0.290807 -0.224567 -0.196118
-0.448171 0.227670 0.294954
0.517202 -0.059287 0.165721
0.537908 -0.710056 0.136140
0.426618 0.044632 0.148556
-0.495767 0.438852 0.352567
-0.559461 0.645353 -0.068660
0.444986 -0.033899 -0.116513
0.442271 -0.033899 0.119910
0.517202 0.208568 -0.149816
-0.567687 -0.223848 0.352567
-0.242004 0.348845 0.352567
-0.261588 -0.352804 0.379095
0.436689 -0.416236 -0.361758
-0.323765 0.088781 -0.196118
0.426618 0.016433 -0.192226
0.517202 -0.260325 -0.198576
-0.279491 0.403587 0.380741
-0.559461 0.249209 -0.214352
-0.436173 0.471772 0.373819
0.039293 -0.460941 0.080298
0.193445 -0.320755 -0.196118
0.305228 -0.013194 -0.128810
-0.479229 -0.382350 0.202092
0.457675 0.066651 0.100863
-0.294394 -0.489410 -0.218481
0.537908 -0.312367 -0.032652
-0.538756 0.435335 -0.121338
-0.099796 -0.094130 0.321509
0.042836 0.481140 -0.137596
-0.424058 0.060748 -0.196118
0.159838 -0.028402 -0.361758
0.094825 0.013181 0.383624
0.517202 -0.354572 0.060110
0.068127 0.473376 -0.004916
-0.216074 0.481140 0.116021
0.314091 0.248644 0.352567
0.517202 -0.349373 -0.072159
-0.479229 0.184556 0.205593
0.100107 0.473376 0.116616
0.032631 -0.396339 -0.361758
0.058156 -0.517880 -0.203591
0.502621 -0.337472 0.321509
-0.356687 0.115749 -0.361758
-0.538756 -0.521763 0.267523
-0.049785 -0.468705 0.311309
0.092024 -0.468705 -0.127203
-0.559461 -0.033292 -0.253033
-0.559461 -0.295464 0.274863
-0.559461 -0.285220 0.315855
-0.412720 -0.013194 0.145332
0.154030 -0.618650 0.223160
0.457675 -0.033644 -0.182110
0.389897 0.435668 0.352567
-0.082658 -0.460941 0.119561
-0.538756 0.364649 0.167564
-0.133676 -0.672727 0.223160
-0.479229 -0.381031 -0.048269
-0.538756 0.587591 -0.237445
-0.002356 0.153900 0.429316
0.145364 0.024605 -0.361758
-0.535899 0.641604 -0.104358
0.426618 0.558878 0.271672
-0.450528 0.297383 -0.088640
0.411501 -0.512704 -0.365967
-0.234946 -0.318083 0.379095
0.124250 0.103326 0.321509
0.022470 -0.114131 0.336431
0.537908 0.110123 0.305110
-0.559461 -0.421016 0.215504
0.163967 0.671667 -0.361758
-0.418717 -0.419739 0.354400
-0.448171 -0.387487 0.033140
-0.355459 -0.283464 0.321509
0.359281 -0.517880 0.221644
0.188598 -0.234633 0.374178
-0.101252 0.352234 -0.361758
0.347750 -0.438179 0.321509
-0.559461 -0.054880 -0.058981
-0.541188 0.166712 0.352567
-0.182388 0.631191 -0.392816
0.165045 -0.555354 0.321509
-0.468343 0.062042 0.352567
-0.414526 0.631289 -0.034112
-0.507194 0.641604 0.183427
0.517202 -0.100998 -0.101846
-0.559461 0.180526 0.029993
-0.538756 -0.309663 -0.195544
-0.320680 0.386218 0.321509
0.517202 -0.452444 0.313105
0.426618 0.502513 -0.022193
0.295895 -0.655040 0.223160
0.075710 0.511847 0.373818
0.169927 0.146218 0.352567
-0.032033 -0.279930 0.354400
0.211346 0.416762 0.383624
-0.515710 -0.024707 -0.361758
0.302773 -0.544983 -0.392816
-0.068676 -0.460941 0.291484
-0.448171 -0.297924 0.340249
-0.396352 -0.012597 -0.361758
-0.101896 0.515076 0.352567
0.225328 -0.013194 0.123653
-0.452219 -0.033899 0.151770
-0.124626 -0.575145 0.223160
-0.315693 -0.209121 0.352567
0.517202 0.461289 -0.169392
-0.156328 -0.091499 0.352567
0.162369 0.442954 -0.346229
-0.541766 0.631578 0.321509
-0.548074 0.362054 0.383293
-0.351409 0.135054 0.354400
0.457176 0.452670 -0.157903
-0.479229 0.576061 -0.109752
-0.084661 -0.282417 0.352567
-0.538756 -0.499515 0.053571
0.399383 -0.246951 -0.196118
0.457675 0.068373 0.321312
0.457675 -0.268976 -0.132250
-0.479229 0.272665 0.188466
-0.058394 -0.114193 -0.361758
-0.004625 -0.427632 -0.227175
-0.559461 -0.489352 0.022754
0.362805 -0.111780 0.377602
-0.507699 0.356339 0.325969
-0.146767 -0.028404 -0.346229
0.426618 -0.254369 0.326401
-0.445521 0.198272 0.321509
0.137612 0.582077 -0.346229
-0.276621 -0.517880 0.313902
-0.424381 0.287643 0.352567
-0.189490 0.169004 -0.346229
0.517202 0.602983 -0.062076
-0.380855 -0.005429 -0.073333
-0.538756 0.288430 -0.392633
0.316892 0.406437 -0.346229
-0.569814 0.479269 0.334600
0.366220 -0.144425 0.383624
-0.538756 0.372068 -0.170444
-0.311086 0.151539 -0.196118
-0.471481 0.484521 -0.346229
-0.438789 0.173712 0.381335
0.440569 -0.489410 -0.135793
0.064150 -0.435175 -0.227175
-0.539930 -0.163137 -0.392816
-0.559461 0.538059 -0.298448
0.379226 0.485122 -0.346229
-0.559461 -0.395794 0.050788
-0.296133 -0.269185 -0.361758
-0.559461 0.305635 -0.158128
0.517202 0.287142 0.145428
0.517202 0.585454 0.045436
0.164798 0.297382 0.333171
0.122293 -0.338162 0.379095
-0.448171 -0.396351 0.174592
-0.448171 -0.206953 -0.146462
0.058434 0.117262 0.321509
-0.538756 0.277605 -0.266829
0.537908 -0.525020 -0.263881
0.364947 -0.013194 -0.125203
-0.348343 0.073495 0.321509
0.268991 -0.382146 0.379095
0.010915 0.548431 -0.371491
-0.395093 0.027475 -0.227175
-0.569814 -0.023962 0.330452
-0.281715 0.181271 0.354400
0.010919 -0.562703 0.352567
0.102506 -0.033899 0.339597
0.286956 -0.385132 0.354400
-0.336166 -0.468705 -0.112827
0.537908 0.043610 0.176022
-0.282921 -0.230044 -0.346229
-0.388620 -0.468139 0.383624
-0.403224 -0.430658 -0.196118
0.207422 0.137499 -0.346229
-0.410437 -0.052016 0.344382
-0.334373 -0.045923 -0.361758
0.537908 -0.118500 -0.058849
-0.217686 0.280770 -0.361758
-0.479229 0.565307 0.300513
-0.104018 -0.517880 0.205175
0.225561 -0.008435 -0.196118
-0.412953 0.453337 -0.196118
-0.548550 -0.405857 0.352567
0.537908 0.153205 -0.263718
-0.245683 -0.627769 0.223160
0.023060 -0.592618 0.223160
-0.559461 -0.006216 0.046026
-0.564692 -0.110420 0.321509
-0.549030 0.010500 0.352567
-0.188301 -0.005429 0.319618
0.247340 0.522171 -0.196118
-0.050629 0.341381 0.330190
0.366130 0.473376 -0.110379
-0.208965 0.380203 0.377476
-0.538756 0.311070 -0.286163
0.121421 0.481140 0.258064
-0.538756 -0.079703 0.293882
0.058624 0.577850 -0.361758
-0.465095 0.149965 -0.361758
0.537908 0.220855 -0.309775
-0.339131 0.329934 -0.361758
0.276062 -0.578525 0.223160
-0.229837 -0.461124 0.321509
-0.559461 0.478030 0.071788
0.517202 -0.490993 -0.374945
0.155695 0.597058 -0.361758
-0.266733 0.482630 0.373818
0.517202 -0.334068 -0.366107
0.426618 0.493910 0.093718
-0.397061 0.502212 0.354400
-0.394399 0.419358 -0.346229
-0.479229 0.283488 0.274813
0.537908 -0.257992 0.076685
0.429348 -0.569642 0.349217
-0.119713 0.364436 0.321509
-0.169224 -0.463164 -0.361758
0.517202 -0.276013 -0.071033
-0.006091 -0.017682 0.321509
-0.479229 0.463077 -0.100372
-0.538756 -0.344063 0.010635
0.040868 -0.522969 0.352567
0.394249 0.641604 -0.154103
-0.479229 -0.289695 0.140652
0.517202 -0.007509 -0.262778
-0.287332 -0.396533 0.379095
0.426618 -0.335127 -0.122352
0.139197 -0.460941 -0.164787
-0.322560 0.576034 -0.196118
-0.197388 -0.385489 -0.361758
-0.032976 -0.388596 0.352567
-0.025606 -0.321702 -0.361758
0.457675 0.276195 -0.224126
-0.506014 0.641604 -0.113216
0.548260 0.670918 0.325571
0.477266 0.641604 0.022662
0.517202 -0.420789 -0.044224
0.162776 -0.341899 -0.346229
-0.065831 -0.493235 -0.346229
-0.403026 -0.546323 -0.392816
0.548260 -0.048397 0.345907
-0.404807 0.125819 0.354400
0.452024 0.641604 -0.029186
-0.155555 -0.469733 0.321509
-0.496968 -0.517880 0.169498
-0.538756 -0.219792 0.279808
0.517202 -0.052340 0.212796
-0.154034 -0.438618 0.376489
0.038106 -0.463058 -0.196118
0.082630 0.645115 0.321509
0.038270 -0.262117 -0.227175
0.486777 0.641604 -0.056397
-0.528239 0.149619 -0.361758
-0.559461 0.061156 -0.165502
0.216534 0.274240 -0.227175
-0.380524 -0.300910 0.354400
0.426618 0.470218 0.195180
-0.538756 -0.012755 0.290526
-0.467622 -0.489410 0.316089
0.433654 0.173642 0.352567
0.009309 0.305894 0.383624
0.202666 -0.517880 -0.055820
0.537908 -0.156011 -0.203957
-0.172653 -0.339754 -0.346229
-0.559461 0.284619 0.126753
-0.085737 0.634088 0.321509
-0.538756 -0.348191 0.180203
0.522327 0.315696 -0.392816
-0.158293 0.528932 0.373818
-0.559461 0.071644 0.029406
-0.538756 -0.080534 -0.391529
-0.179546 -0.468705 -0.001638
0.283908 -0.013194 0.074966
0.517202 0.614046 0.172462
0.193495 -0.228793 -0.227175
0.477035 -0.178513 0.383624
-0.314568 -0.359406 -0.361758
0.245840 0.254584 0.352567
0.180006 -0.466015 -0.196118
0.517202 0.439254 0.097719
0.149612 -0.227257 -0.361758
0.301632 0.096869 -0.196118
-0.538756 0.054696 0.100992
0.537908 -0.025134 -0.250282
-0.479229 0.101146 0.339025
-0.086275 0.672662 -0.384288
0.482457 -0.588394 -0.392816
0.517202 -0.274824 -0.288493
-0.448171 -0.308907 0.219665
0.214835 0.287513 -0.196118
-0.024213 -0.218756 0.321509
-0.479229 -0.467713 -0.027315
0.537908 -0.668276 0.199756
0.301921 -0.507527 0.327699
0.056957 -0.024490 0.352567
0.004646 -0.119775 -0.361758
-0.257856 0.255210 -0.361758
-0.506479 0.641604 0.146742
0.310713 0.083961 0.379095
0.517202 -0.014094 -0.017946
-0.116882 -0.246754 -0.346229
0.194222 -0.110455 -0.346229
-0.530946 0.273450 -0.346229
-0.080443 0.588319 -0.361758
-0.342205 0.067562 -0.196118
-0.166837 -0.462000 0.352567
0.517202 0.311234 -0.089562
-0.249937 0.508073 -0.346229
0.426618 -0.488859 0.154321
0.491524 0.620899 -0.162440
-0.037118 0.485147 0.373818
0.110519 0.244190 -0.227175
0.517202 -0.043939 0.069575
-0.190346 -0.517880 -0.316849
0.261618 -0.425417 0.374050
0.128980 0.514171 0.425839
0.499582 0.280120 0.383624
-0.538756 -0.330725 0.250698
0.402725 0.481140 0.018361
-0.044023 0.672662 -0.374050
0.304003 0.473376 0.258863
-0.429140 0.480553 -0.346229
0.537908 -0.029161 -0.318980
0.486145 -0.397266 0.347333
0.255098 -0.655981 0.223160
0.190740 -0.468705 0.104921
-0.538756 0.470645 -0.150986
-0.415383 0.574613 -0.392816
0.426618 0.129101 0.043769
0.517202 -0.410185 0.090697
-0.559461 -0.128729 -0.015349
-0.142272 0.473376 -0.098110
0.193110 0.198693 0.321509
-0.538756 0.215057 0.227181
-0.448171 -0.419290 -0.142255
0.282295 -0.487747 0.321509
0.329866 -0.213298 -0.227175
-0.034116 0.481140 0.244872
-0.239410 -0.322437 -0.227175
-0.517832 -0.517880 -0.335455
0.527520 0.672662 0.210764
-0.559461 -0.376458 0.294163
0.181670 0.616812 0.352567
0.148298 -0.489410 0.345257
0.438379 0.392278 0.321509
-0.457898 -0.257820 -0.346229
-0.136374 0.110561 0.354400
-0.026819 0.132816 -0.196118
-0.177552 0.557205 -0.196118
-0.448171 -0.209177 -0.207557
0.486145 0.451400 0.334488
0.426618 -0.457669 -0.222792
0.044554 0.481140 0.071258
0.537908 0.010416 0.298675
-0.038512 0.643521 -0.392816
0.434373 -0.060777 0.352567
-0.414640 -0.121278 -0.346229
-0.283962 0.523797 -0.227175
-0.365226 -0.512704 -0.379451
-0.397027 0.308193 0.383624
-0.230500 0.462127 -0.346229
0.250404 0.188350 0.354400
-0.559461 0.342876 0.029727
0.355483 0.314552 0.352567
0.457675 0.125336 -0.183947
-0.538756 0.189797 0.189816
-0.073574 -0.468705 -0.029651
-0.317232 0.168581 0.379095
0.202189 0.507802 0.321509
-0.538756 0.432066 0.211657
-0.171274 -0.013194 -0.139585
0.523297 -0.074452 0.352567
0.246057 0.243988 -0.196118
0.408144 0.081356 0.352567
-0.559461 0.288782 0.280473
0.537908 0.442338 0.312271
0.404575 -0.532306 0.352567
-0.188267 0.042688 0.383624
-0.382013 0.451473 0.352567
-0.379204 0.473376 0.245731
0.161720 0.563412 0.373818
0.027689 -0.480300 -0.227175
-0.315569 -0.143518 0.352567
0.537908 -0.235820 -0.189643
0.186271 -0.065948 0.352567
-0.559461 -0.535764 -0.017960
0.517202 0.043922 0.304980
0.363941 0.340715 0.352567
-0.479229 0.090039 0.132769
0.404565 0.149107 -0.196118
0.517202 -0.273105 0.265505
0.399264 0.481140 -0.181917
0.517202 0.376672 -0.374495
-0.535139 0.223455 -0.346229
0.290405 -0.005429 0.177847
0.356726 -0.468705 -0.137463
-0.351410 -0.235400 -0.361758
0.241031 0.263005 -0.227175
-0.205851 0.620399 -0.346229
0.064824 -0.517880 -0.140255
0.426618 -0.476849 0.289161
-0.011961 0.481140 -0.141125
0.457675 -0.362135 0.106768
-0.538361 -0.235155 0.381746
-0.448171 -0.270156 -0.087080
0.537908 0.539511 0.051192
0.075335 -0.171055 0.352567
0.517202 0.662507 -0.172920
-0.442227 0.641604 0.215452
0.518211 -0.707258 0.223160
-0.099244 0.220266 -0.346229
0.517202 -0.548550 -0.235895
-0.420530 -0.368971 0.354400
-0.538756 -0.498998 0.207945
-0.120200 -0.558101 -0.392816
0.537908 0.455436 -0.346544
0.517202 -0.551499 -0.382526
-0.559461 0.338255 0.207235
-0.231914 -0.068492 0.321509
0.517202 0.259106 -0.036566
-0.213007 -0.166123 -0.196118
-0.283438 0.150469 0.423525
-0.448171 -0.031119 0.181944
0.517202 -0.122675 0.255241
0.225867 -0.068537 0.352567
0.517202 0.142455 0.117233
-0.276698 -0.517880 -0.027819
-0.200656 -0.348043 0.379095
-0.559461 0.045640 -0.337786
0.143261 -0.460941 0.041312
-0.538756 -0.075583 -0.295302
0.150810 -0.529469 0.383624
-0.041835 0.548777 -0.196118
0.183582 0.297382 -0.208868
-0.366353 -0.005429 -0.160041
0.517202 -0.545642 -0.131969
0.426618 0.031337 -0.078644
0.518755 -0.342338 0.352567
-0.538756 0.332877 -0.210711
0.517202 0.381023 -0.136169
-0.299503 0.296665 0.383624
-0.407773 0.576901 -0.202325
0.517202 0.095743 -0.353510
0.283939 -0.154678 -0.346229
-0.448171 -0.264387 0.000557
0.099061 0.216055 0.379095
-0.488382 -0.517880 -0.029738
0.515195 0.395473 0.383320
-0.448171 -0.347155 0.274476
-0.538756 0.336902 -0.094087
0.537908 0.108092 -0.279446
-0.507374 -0.615630 -0.392816
-0.559461 0.471334 -0.319781
-0.438488 0.657442 -0.361758
0.228675 -0.235372 -0.196118
0.426618 -0.204993 0.292640
0.141409 -0.005429 0.034598
-0.207293 -0.411472 0.379095
-0.448171 -0.280206 -0.196189
-0.195742 -0.565522 -0.392816
0.372125 0.177366 0.354400
-0.383714 -0.130878 -0.361758
-0.479229 -0.027408 0.136168
0.238974 -0.246368 0.352567
-0.559461 -0.230980 0.183553
0.455355 0.297383 0.042805
-0.426789 0.620899 0.008161
0.537908 0.465479 0.189292
0.156431 -0.460941 0.295107
0.457675 0.562537 -0.088239
-0.505651 0.598696 -0.361758
0.426618 0.455466 0.135109
-0.377174 -0.517359 0.352567
-0.538756 0.592569 0.037469
-0.364309 0.213664 0.379095
0.517202 0.208330 0.116346
0.509107 0.641604 0.282113
0.029207 0.641735 0.379934
0.098096 0.481140 0.034529
-0.209061 -0.557873 0.321509
-0.435049 -0.445542 -0.361758
-0.063500 -0.033676 -0.227175
-0.559461 -0.374096 0.214350
0.537908 0.286286 0.053642
-0.361250 -0.005429 -0.040362
0.457675 0.099017 -0.130779
0.002062 0.326589 -0.346229
-0.003441 -0.173210 -0.227175
0.478016 0.066911 0.352567
0.517202 0.484652 -0.292463
0.460972 0.641604 0.065902
-0.055600 0.599453 -0.361758
0.517202 -0.278872 -0.232318
0.437968 0.551001 0.373819
-0.559461 -0.062549 -0.175777
0.517202 -0.009390 -0.349934
0.093823 0.473376 -0.035413
0.457675 0.475869 0.195711
-0.278426 0.554106 0.321509
-0.407765 0.021414 -0.361758
-0.146470 -0.547140 -0.392816
0.327815 -0.058191 0.352567
-0.559461 -0.482453 -0.069232
0.268909 0.047951 0.379616
-0.243122 -0.517880 0.172361
-0.409760 -0.005429 -0.018206
0.484199 0.641604 -0.256679
0.263083 -0.460941 0.269760
0.309485 -0.145227 0.352567
0.408911 -0.482597 -0.346229
0.080294 -0.544902 -0.392816
-0.479229 0.146753 0.211159
0.132083 0.042541 0.321509
0.537908 -0.575647 -0.263487
0.517202 -0.085361 0.121304
-0.479229 0.541790 0.326728
0.241190 -0.013194 0.292574
-0.465958 0.032844 0.383624
0.165897 -0.310186 0.354400
0.343441 0.516227 0.427965
0.092945 0.481140 0.190444
0.517202 0.364263 0.316576
0.537908 -0.233930 0.113717
0.463332 -0.512704 -0.369427
0.159686 0.351239 -0.361758
-0.559461 0.249840 0.088768
0.200125 0.346686 0.378169
0.364743 0.412414 -0.346229
-0.377368 0.481140 0.150691
-0.437559 -0.013194 0.235622
0.457675 -0.226286 -0.072213
0.537908 -0.123804 -0.091240
-0.538756 0.443063 0.277832
-0.454529 0.620899 -0.059595
0.435726 -0.134268 -0.361758
-0.418026 0.521057 0.321509
0.457675 0.239678 0.062598
-0.479229 -0.370380 0.352505
0.533643 -0.151115 0.383624
0.238907 -0.137572 -0.361758
0.176635 0.083733 0.379095
-0.559461 0.006422 -0.303980
0.457675 0.156407 0.180735
0.138290 -0.517880 -0.078491
0.436046 -0.675494 -0.392816
-0.559461 -0.584116 0.055547
-0.448171 0.143246 0.106893
-0.393413 0.644242 0.352567
-0.067544 -0.005429 0.315355
-0.538756 0.113475 -0.136537
0.205890 -0.517880 -0.244276
0.330965 0.576474 -0.361758
-0.559461 -0.438837 -0.274554
-0.559461 0.502246 0.097387
0.045077 0.473376 -0.018210
-0.190200 -0.468705 -0.130779
0.018983 0.405524 0.383180
-0.291053 -0.460941 -0.192690
-0.144467 -0.487704 -0.346229
0.410857 -0.163038 0.383624
-0.002394 -0.541084 0.377602
0.426618 -0.282578 -0.003145
-0.026693 -0.526950 0.383624
0.302792 0.473376 -0.123644
-0.142533 0.620899 -0.357140
0.537908 0.051551 0.234018
-0.554995 -0.658297 -0.392816
-0.215860 -0.351797 0.354400
0.537908 -0.041830 -0.209615
-0.505972 0.120324 -0.361758
0.475931 0.562682 -0.361758
-0.329579 0.364674 0.359372
0.537908 -0.428843 0.156966
0.517202 -0.079620 0.200388
0.037136 0.535224 -0.227175
-0.201072 0.489486 0.321509
0.011292 0.040272 -0.361758
0.051558 0.481140 0.106326
0.356312 -0.517880 -0.001566
-0.123037 -0.116844 0.352567
0.392554 0.481140 0.111467
0.537908 -0.171836 0.016418
-0.559461 -0.611504 -0.199569
0.333990 0.173920 -0.361758
0.493014 0.357477 0.383624
0.081603 0.047637 -0.346229
-0.405744 0.128496 -0.346229
0.190657 0.260231 -0.196118
0.537908 0.539749 0.107945
-0.385512 -0.468596 -0.196118
0.363975 0.473376 0.231126
0.304910 -0.402931 -0.227175
0.321678 0.217465 0.379095
0.355242 -0.394151 0.379095
0.517202 -0.143706 0.234052
-0.440349 0.560001 0.352567
0.457675 0.226250 -0.148730
0.096172 -0.254051 -0.361758
0.417274 0.646798 0.321509
0.426618 -0.206142 0.330302
0.122511 0.661955 -0.392816
-0.538756 0.421097 0.089793
0.456245 -0.489410 -0.200288
-0.365750 0.514965 0.354400
-0.559461 -0.140757 -0.077029
0.000002 0.286198 0.352567
0.217691 0.159221 -0.227175
0.361887 -0.262832 -0.227175
0.316615 -0.468705 0.090741
-0.319123 0.015049 -0.196118
0.019089 -0.005429 0.244565
0.537908 -0.675938 -0.036248
-0.524003 0.222048 0.383624
-0.458095 0.620899 0.174911
-0.538756 -0.485458 0.078641
-0.128229 -0.212945 0.352567
0.536615 -0.187295 0.383624
-0.559461 -0.480832 -0.243892
-0.428473 -0.517589 0.352567
-0.061949 -0.322074 0.354400
0.430237 0.111228 -0.361758
-0.479229 0.537888 0.263973
0.394296 -0.430186 0.373966
-0.559461 0.610973 0.238625
0.135873 0.595729 0.352567
-0.479229 0.486673 0.211149
-0.291409 -0.005429 0.151669
-0.408135 -0.005429 0.171877
-0.082857 -0.013194 -0.188376
-0.432260 0.177602 -0.346229
-0.448171 0.499633 -0.115597
0.131379 -0.200877 -0.346229
0.022259 -0.443588 -0.346229
-0.264238 0.559587 0.373818
-0.448171 -0.029804 -0.195338
0.537908 -0.554660 0.135068
-0.300433 0.248243 -0.346229
0.040596 0.297382 0.327338
-0.479229 0.116604 0.301293
-0.559461 0.153615 0.064262
-0.538756 0.605495 0.206019
-0.020720 0.481140 0.006615
0.381180 -0.033899 -0.226848
-0.559461 -0.166237 0.189457
-0.559461 -0.227170 -0.251372
-0.534770 -0.277574 0.321509
0.181444 -0.468705 -0.146424
-0.229263 0.007491 0.383624
-0.068428 0.126763 0.321509
0.150592 0.139416 -0.346229
-0.538756 0.560515 -0.282911
0.457675 0.559169 0.247160
0.140697 0.228986 -0.361758
-0.486364 0.139158 0.352567
-0.559461 0.307011 -0.330545
-0.559461 -0.598483 -0.329573
-0.056894 -0.544357 0.321509
-0.479229 -0.397640 0.289634
0.517202 -0.303918 -0.129457
-0.479229 -0.278203 -0.192059
-0.448171 0.062353 -0.112822
0.537908 0.348072 -0.275500
0.170216 0.177631 -0.346229
0.517202 -0.356438 -0.323617
0.098763 0.122232 -0.227175
0.537908 -0.410457 -0.113719
0.127182 -0.460941 -0.022292
0.537908 0.001481 0.034360
-0.458344 0.247070 -0.227175
-0.230689 0.216469 0.354400
0.517202 0.369921 0.159264
0.426618 -0.287274 0.067449
-0.297219 -0.460941 0.005641
-0.559461 -0.522404 -0.095179
0.523166 0.323494 0.381838
0.517202 0.650075 -0.310290
0.011694 0.575039 0.377645
0.464308 -0.517880 0.021897
0.430653 -0.512704 -0.384130
0.291929 -0.331555 -0.196118
0.370827 0.576901 0.324693
-0.115104 -0.554617 0.321509
-0.101049 -0.154880 0.352567
-0.401474 0.141336 -0.227175
-0.284851 0.473376 0.168046
0.537908 -0.423795 -0.352545
0.537908 0.039923 -0.284777
-0.160912 0.342868 0.352567
0.266289 0.225689 -0.346229
0.537908 0.518589 -0.144024
-0.253836 -0.517880 0.247968
0.406037 -0.413282 -0.227175
-0.222344 -0.363886 -0.196118
0.014430 0.665311 -0.392816
-0.090315 -0.517880 -0.066182
0.166047 0.008927 0.321509
0.088254 0.138500 -0.196118
0.517202 -0.332903 -0.268627
-0.443846 -0.242038 -0.196118
-0.167513 -0.064009 -0.346229
0.517202 0.534013 -0.295815
0.504720 0.303071 -0.361758
0.380489 -0.052016 0.333132
-0.538756 0.584508 0.222534
0.240148 0.474517 0.352567
0.537908 -0.287903 -0.012251
0.457675 -0.298241 0.209000
0.517202 0.079874 0.283909
-0.559461 -0.234156 0.083046
0.426618 -0.474645 -0.001433
0.270331 -0.196487 -0.196118
-0.538756 0.364732 0.278374
0.503621 0.167505 0.352567
0.537908 0.142103 0.273160
0.457675 -0.301873 -0.095876
0.537908 -0.216020 0.069197
-0.560360 -0.251827 0.352567
0.083254 0.397808 0.321509
-0.448171 -0.277039 0.084464
0.052883 0.147270 0.321509
0.441823 -0.033899 0.326888
-0.409552 -0.512704 -0.392009
-0.026490 0.503194 -0.227175
-0.153901 0.160047 0.379095
0.319158 0.114277 0.354400
0.131469 0.116169 0.379095
0.517202 0.170876 -0.375446
-0.122714 0.570400 -0.227175
0.214934 0.217996 0.379095
0.306212 0.339337 0.383185
0.330062 -0.512704 -0.374641
-0.163158 -0.468705 0.063501
-0.417677 0.145338 0.440388
-0.477701 0.641604 -0.279792
0.457675 -0.322511 -0.128259
0.156574 0.546975 -0.227175
0.517202 -0.509637 0.083935
0.060369 -0.546549 0.352567
0.299385 0.134095 0.354400
-0.079396 -0.095926 0.352567
-0.312811 -0.454513 0.321509
0.130368 -0.256222 0.352567
-0.341636 0.031606 -0.227175
0.131794 -0.013194 0.235193
-0.538756 0.496275 -0.258899
-0.479229 -0.380611 -0.116759
-0.160624 -0.011134 0.352567
-0.528897 -0.152404 0.383624
0.209630 -0.460941 -0.064330
-0.045096 0.144333 0.421364
0.030643 0.473376 0.185553
-0.064549 -0.214005 -0.196118
-0.353408 -0.670578 0.223160
0.048049 0.570736 0.352567
-0.559461 0.614796 -0.049030
-0.538756 0.401434 -0.391674
-0.284506 0.350349 0.352567
-0.559461 0.441017 -0.235674
0.537908 -0.072144 0.175478
0.274037 0.208544 0.354400
0.426187 0.134773 0.352567
0.288925 -0.239610 0.354400
0.055172 -0.372279 0.354400
-0.468138 -0.559903 -0.392816
0.444506 0.585289 -0.392816
-0.559461 -0.283570 -0.311120
-0.250706 -0.266315 0.321509
-0.448171 0.110498 0.300466
0.393125 -0.410884 -0.346229
0.401495 -0.207420 0.321509
-0.559461 0.239323 0.179007
-0.559461 -0.394257 0.022375
0.537908 -0.601778 -0.276666
-0.351972 -0.260189 0.354400
0.517202 -0.164052 -0.054833
-0.137731 0.445479 -0.346229
-0.162007 0.481140 -0.012863
-0.007713 0.270553 0.383624
0.405752 -0.013194 -0.090147
-0.534620 -0.233736 -0.346229
0.405766 0.276865 0.352567
-0.569814 0.068598 0.332938
0.001140 0.444825 -0.361758
0.459512 0.641604 -0.109366
-0.478442 -0.238337 -0.227175
0.510909 0.015564 0.352567
0.023743 -0.013194 0.320170
0.381089 -0.026732 -0.361758
-0.185997 0.140149 0.439349
0.378335 0.212452 0.321509
-0.187781 0.167067 0.354400
-0.432528 0.267768 0.383624
-0.104172 -0.468705 -0.151513
-0.102176 -0.161704 -0.227175
-0.360341 0.110504 0.379095
-0.470788 0.068100 -0.346229
-0.479229 0.265242 0.332220
-0.559461 -0.613802 0.172671
-0.538756 0.509398 0.247947
-0.393972 0.427036 0.383624
0.237489 0.178327 -0.227175
-0.084862 0.249402 -0.361758
-0.010104 -0.493285 -0.346229
0.278158 -0.013194 -0.175957
-0.479229 0.471394 0.150360
0.361940 -0.517880 0.288785
0.496492 -0.483884 0.321509
0.300656 -0.119725 0.383624
0.358225 0.432447 -0.361758
-0.198513 0.090972 -0.346229
-0.478714 -0.165265 0.383624
-0.085118 -0.560796 0.352567
0.376813 -0.248307 -0.361758
-0.389116 -0.432882 0.373919
0.537908 -0.735685 0.046722
0.323742 -0.567819 -0.392816
-0.479229 0.459835 -0.004976
0.537908 -0.462665 -0.131521
0.381530 -0.121846 -0.346229
-0.134003 -0.468705 0.200129
-0.432382 -0.517880 -0.030885
0.537908 0.135722 0.183539
-0.559461 0.286487 0.160071
-0.541279 0.202329 0.352567
-0.367372 0.630460 0.321509
-0.497839 0.641604 -0.313335
0.357706 -0.460941 -0.084478
-0.559461 0.376149 0.083966
-0.369343 0.468653 -0.361758
-0.559461 -0.078794 -0.034809
0.484227 0.220448 0.383624
0.240075 0.481140 0.001042
0.537908 -0.068542 -0.025936
-0.038259 -0.517880 -0.141520
0.537908 -0.543858 0.056821
-0.239887 -0.460941 -0.132885
-0.002327 -0.013194 0.217400
-0.448171 0.166084 0.049014
-0.559461 0.631233 -0.282169
-0.446867 0.620899 -0.262616
-0.448171 -0.286585 -0.156646
0.249709 -0.591047 0.223160
0.042698 -0.517880 -0.030746
-0.538756 0.385819 0.301712
-0.479229 0.568195 -0.210854
0.255535 -0.090799 0.321509
-0.471407 -0.049255 -0.361758
-0.448171 -0.454895 0.119735
0.079752 -0.468705 -0.088266
0.158181 0.501157 -0.346229
0.008001 -0.005429 -0.004369
-0.164872 -0.005429 0.031274
-0.134624 0.402213 0.352567
0.241113 -0.158129 0.331232
-0.559461 0.223425 0.040331
0.537908 -0.030085 0.141221
0.178790 0.428237 0.352567
-0.240234 -0.517880 -0.142945
0.424219 0.641604 -0.277801
-0.056221 -0.310926 -0.361758
-0.559461 0.540512 0.025588
-0.087777 -0.447835 0.352567
0.179571 0.548431 -0.365021
0.059373 0.117727 0.379095
0.537908 -0.450834 0.286326
-0.178225 -0.438395 -0.361758
-0.283652 0.473376 0.046962
-0.559461 -0.489545 -0.034062
-0.507172 -0.324007 -0.346229
0.122228 0.158364 0.321509
0.446381 0.297383 -0.068894
-0.261860 0.515525 0.373818
-0.250152 -0.165345 -0.346229
-0.388469 -0.540635 0.321509
0.322042 -0.724986 0.223160
0.523829 0.314277 0.352567
0.023519 0.470059 0.376886
-0.014720 -0.438618 0.352996
0.229834 -0.297724 -0.227175
0.243460 0.481140 0.154293
-0.032356 0.403496 0.329606
0.060264 0.381997 -0.346229
0.081806 -0.344810 -0.361758
0.517202 -0.358536 0.126112
0.517202 0.012730 -0.321023
-0.127957 0.524481 0.373818
0.416148 -0.013194 0.283589
0.457675 -0.372208 -0.146290
0.103077 -0.569642 0.347269
0.061838 0.068494 0.376226
-0.543751 0.390404 0.352567
-0.559461 0.646588 -0.039417
-0.538756 -0.468195 -0.285953
0.321415 -0.005429 0.093680
-0.181262 -0.500157 0.352567
-0.170623 -0.250156 -0.361758
-0.559461 0.017579 0.261770
0.281267 0.167164 -0.361758
-0.538756 0.224617 -0.176773
0.006111 -0.005429 -0.078938
-0.229109 -0.327398 -0.361758
0.517202 -0.376932 -0.176415
0.517202 -0.015777 -0.310081
0.397987 0.490422 0.321509
-0.255978 -0.208447 -0.346229
-0.448280 0.310443 0.383624
-0.559461 0.493616 0.041344
0.517202 -0.071910 -0.106893
-0.559461 -0.540639 -0.183274
0.178233 -0.013194 0.118049
-0.479229 0.543834 0.123000
-0.534176 -0.098263 -0.346229
0.225639 -0.350490 0.379095
-0.379592 -0.025332 -0.227175
0.426618 0.553384 0.122997
0.163163 -0.176361 0.352567
-0.009559 0.160904 -0.346229
-0.485840 0.620899 -0.199840
-0.538756 0.000872 0.188041
-0.005094 -0.569642 0.323284
0.537908 0.432415 -0.022496
0.437563 0.576901 -0.189257
-0.243779 0.473376 0.101499
0.344773 -0.251691 0.379095
0.286978 0.142960 -0.196118
0.424750 -0.321049 -0.227175
-0.538756 0.033689 0.223433
0.253155 -0.468705 -0.065177
-0.559461 -0.290138 -0.223325
0.548260 -0.205252 0.323929
-0.462028 0.297383 -0.116460
0.202843 0.019598 0.383624
-0.215503 0.473376 -0.009803
-0.538756 0.550508 0.122373
-0.447900 -0.460941 -0.164518
-0.311293 -0.468611 0.352567
0.321600 0.527140 0.373818
0.181685 -0.468705 -0.119322
-0.132330 0.274302 -0.346229
0.118755 0.091557 -0.346229
-0.507428 0.526161 -0.361758
-0.365968 -0.468705 -0.177033
-0.467189 0.641604 -0.004930
0.215512 0.597698 -0.361758
-0.276875 0.096536 -0.196118
-0.131096 -0.468705 0.109936
0.086732 0.473376 0.298578
-0.532759 0.641604 -0.251792
0.346099 -0.286160 0.321509
0.517202 -0.520191 -0.051784
0.243401 -0.329145 -0.196118
-0.538756 0.361224 -0.374830
-0.559461 -0.484853 0.125814
0.457675 0.013553 0.089191
0.290672 0.514861 -0.361758
-0.538756 -0.099762 0.185604
0.426618 0.468504 -0.194431
-0.365549 -0.114131 0.331246
-0.559461 0.241688 -0.133550
0.330431 -0.005429 0.242979
-0.539500 0.612350 0.377602
-0.538756 -0.441336 -0.230195
0.005993 -0.077433 0.352567
0.316759 0.561074 -0.392816
-0.541799 -0.326406 -0.392816
-0.469004 0.608900 0.383624
-0.559461 -0.465206 0.241662
-0.273865 -0.147051 -0.346229
-0.195328 -0.005429 0.154720
-0.559461 -0.225457 -0.013949
0.217027 -0.460941 -0.000306
0.009809 0.640607 0.321509
-0.524752 0.620899 -0.328636
-0.333534 0.233652 -0.361758
-0.033741 -0.352698 -0.346229
-0.467918 -0.160777 -0.361758
-0.142875 0.467442 0.321509
-0.114161 -0.517880 -0.020914
0.147360 0.218281 0.352567
-0.513811 0.644367 0.321509
0.308869 0.481140 -0.097410
-0.559461 -0.573014 -0.096573
-0.207195 -0.460941 -0.046705
0.537908 0.265144 -0.249514
0.389089 0.075799 -0.227175
-0.538756 0.386438 -0.214640
-0.112279 0.285405 -0.227175
0.213887 0.071346 0.321509
0.462156 -0.183867 0.352567
0.096478 0.297382 0.347086
-0.347725 0.481140 -0.192332
0.429270 0.500076 0.373819
0.517202 0.467654 -0.036654
-0.448171 0.042151 -0.079894
-0.479229 0.216030 0.048566
0.426618 0.272886 -0.066348
-0.121657 0.515745 0.414738
-0.473508 -0.517880 -0.321639
-0.062041 -0.517880 -0.272696
0.217263 -0.396910 0.379095
-0.405153 -0.234061 -0.227175
0.537908 -0.740458 -0.286501
-0.559461 0.434640 0.012375
0.351088 0.364674 0.366890
0.517202 -0.157513 -0.183668
-0.368212 0.573984 0.354400
-0.356273 -0.350100 0.354400
-0.047591 0.172215 -0.361758
0.457675 -0.166147 0.295284
0.230426 -0.517880 0.095055
0.537908 0.423422 -0.368875
0.349261 0.473376 0.000507
-0.078061 -0.326580 0.421329
0.235648 0.310074 0.383624
0.537908 0.601463 0.027412
0.517202 -0.306439 -0.070897
-0.340766 -0.460941 0.032548
0.364707 0.341285 0.380758
0.448369 0.450839 0.383624
-0.559461 -0.345605 0.199354
-0.448171 0.083580 0.130335
-0.318405 -0.512704 -0.374235
-0.559461 -0.306321 -0.161228
0.179307 -0.334108 -0.227175
0.179698 0.473376 -0.177135
-0.538756 -0.391931 0.188957
-0.479229 0.245003 0.239014
-0.213042 0.481140 0.182326
0.370199 -0.013194 0.109172
0.278704 -0.005429 0.029597
0.012950 -0.357956 -0.227175
0.291256 0.530824 0.373818
0.188658 -0.005429 0.293087
-0.532301 0.641604 0.270997
0.471486 -0.171421 -0.346229
0.044064 -0.013194 0.114731
0.423194 -0.468705 -0.034893
-0.228852 0.160074 -0.346229
-0.427986 -0.371921 -0.196118
-0.310980 0.473376 -0.106068
-0.251938 -0.326290 -0.346229
0.222091 0.127416 0.354400
0.537908 0.636433 0.026604
-0.197813 0.556451 -0.227175
-0.428794 -0.468705 0.238980
-0.220430 0.546384 0.354400
0.537908 -0.554463 -0.023061
-0.199733 -0.013194 0.206658
-0.448171 -0.162415 -0.097725
-0.559461 0.296094 -0.241677
0.537908 0.161237 -0.234665
0.424869 0.152064 -0.361758
0.241502 -0.338536 0.321509
0.245461 -0.454430 0.383624
-0.355835 -0.013194 0.162569
-0.284654 0.155325 0.354400
0.368820 0.461284 0.321509
0.517202 0.266095 0.282341
0.422487 0.641604 -0.323073
0.370888 -0.517880 0.139106
-0.231436 0.126662 0.354400
0.537908 0.183617 -0.366974
0.228788 0.564166 0.373818
0.482930 0.387530 0.352567
0.035676 -0.419069 0.352567
0.438311 0.672662 0.328152
0.273268 -0.718252 0.223160
-0.393908 -0.468705 0.062627
0.426618 -0.236059 0.138077
0.306763 0.236536 -0.361758
0.517202 0.266234 -0.208389
0.446480 0.443032 0.352567
-0.538756 0.178117 -0.379809
0.294686 0.480666 -0.227175
-0.559461 -0.383131 -0.351242
-0.083344 0.346670 0.352567
-0.000678 -0.275302 -0.227175
-0.510846 -0.498769 0.321509
0.310931 0.567860 -0.346229
-0.559461 0.504889 -0.128496
0.537908 0.167886 0.178257
-0.559461 -0.533533 -0.321089
-0.395118 0.647801 -0.361758
-0.261315 0.645646 -0.392816
-0.116666 0.308186 -0.361758
-0.124435 -0.517880 0.265694
-0.169107 -0.489410 -0.218281
-0.373706 0.561438 -0.227175
-0.249284 -0.514828 0.321509
-0.301798 0.051960 0.373889
0.537908 0.368713 -0.147917
0.274674 0.613120 0.352567
0.133675 0.391050 0.321509
-0.299125 -0.013194 0.035079
-0.185707 -0.541218 0.321509
0.311150 0.050431 0.354400
-0.559461 -0.383835 -0.048598
-0.559461 -0.442048 0.004487
-0.520748 -0.491604 0.383624
-0.312312 0.560812 0.321509
0.517202 0.091685 0.041185
0.491515 -0.502166 -0.346229
0.537908 0.408612 0.046949
0.420132 -0.620889 -0.392816
0.220680 -0.689710 0.223160
-0.431755 -0.017556 -0.361758
-0.559461 -0.103987 -0.274805
-0.559461 0.503728 -0.076580
-0.448171 0.194473 0.050554
0.537908 -0.176046 0.096220
-0.371074 0.153901 0.429317
0.314107 -0.434626 -0.361758
0.537908 -0.201255 -0.000873
-0.516781 0.646076 -0.392816
0.071981 0.481140 -0.062644
-0.339847 0.496600 0.321509
-0.538756 0.634768 0.055296
0.112708 -0.432487 0.321509
0.359743 -0.225366 -0.346229
-0.412820 -0.005429 -0.123290
-0.139353 0.581459 0.383624
-0.538756 -0.405137 -0.195523
0.476934 -0.052185 0.379350
-0.303237 0.587279 -0.392816
-0.559461 0.286034 -0.047611
0.187666 -0.468705 0.291978
0.018186 -0.468705 -0.045841
-0.379957 -0.162550 -0.196118
-0.538756 -0.166387 -0.073008
0.200223 0.473376 -0.012586
-0.559461 0.091032 -0.176605
0.400664 0.551896 0.373819
0.517202 -0.211200 0.054870
-0.347579 0.183182 -0.361758
-0.559461 -0.534976 0.312329
-0.518904 -0.152558 -0.346229
-0.479229 -0.011424 -0.103237
0.010394 0.481140 -0.173474
0.426618 0.149787 0.224797
0.457675 -0.186523 0.111965
-0.559461 -0.275646 -0.022560
-0.492233 -0.569642 0.341297
0.517202 0.370901 -0.303045
-0.559461 0.153828 -0.274560
0.036710 -0.013194 0.050978
0.517202 0.592127 -0.236932
0.426618 -0.189842 0.218186
0.274392 -0.224085 -0.346229
-0.538756 0.500564 -0.039771
0.076569 0.610547 0.348158
0.113939 -0.078669 -0.361758
-0.469401 -0.489410 0.269838
-0.192684 0.275000 -0.346229
-0.479229 0.285332 0.222909
0.438084 0.333833 0.352567
-0.538756 0.100772 -0.291020
-0.433751 0.620899 0.166993
0.375283 -0.488299 0.352567
-0.301096 0.610547 0.337098
0.517202 -0.435711 0.292166
0.396949 0.282073 -0.346229
-0.161850 0.593841 0.352567
-0.234979 -0.060106 -0.346229
-0.039173 -0.468509 -0.227175
-0.111026 -0.517880 0.070943
0.359730 0.554501 -0.361758
0.482357 0.398084 -0.346229
-0.136666 -0.460941 0.004919
0.517202 0.185806 -0.275226
-0.000380 0.006640 -0.361758
-0.538756 -0.550579 -0.129821
-0.304608 -0.316593 0.321509
-0.037116 0.340361 0.352567
-0.240243 -0.162743 -0.196118
-0.235821 -0.561000 0.223160
-0.479229 -0.465485 0.104827
0.517202 0.137919 -0.342520
-0.538756 -0.167254 0.159053
0.114938 -0.316929 -0.361758
-0.075202 -0.250034 -0.346229
0.537908 0.154919 0.005180
0.457675 -0.412338 0.057198
-0.538756 0.420793 -0.176671
-0.011587 -0.464299 -0.196118
0.457675 -0.456624 -0.119198
-0.192028 -0.442721 0.352567
0.272071 -0.460941 -0.171820
-0.414526 0.639677 -0.280440
0.426268 -0.460941 0.204599
0.517202 -0.073082 0.317086
-0.362145 0.425330 -0.361758
-0.221964 -0.305623 0.321509
0.195353 -0.200282 -0.227175
0.275683 -0.243950 -0.196118
-0.538756 0.289937 -0.143259
-0.430110 0.620899 -0.197689
0.517202 0.248250 -0.235863
0.051373 -0.250979 0.379095
0.407039 0.051261 -0.196118
0.517202 -0.308802 -0.180059
0.537908 -0.469231 0.222814
-0.538756 -0.288499 0.046595
0.443648 0.085313 0.383624
-0.295412 0.055016 -0.346229
-0.559461 -0.300304 -0.072787
-0.339728 -0.342519 -0.361758
-0.538756 -0.361330 0.240376
-0.525049 0.421814 0.383624
-0.538756 -0.310504 -0.250877
0.537908 -0.171602 0.047413
0.098334 -0.362366 -0.196118
0.451358 -0.185172 -0.361758
0.117256 -0.417211 0.352567
0.537908 0.541646 0.207359
0.537908 0.058558 -0.260835
-0.084702 -0.517880 0.029178
-0.122322 -0.330948 0.422500
0.182234 -0.305331 -0.346229
0.537908 0.066292 -0.133666
0.251700 -0.517880 -0.060548
-0.435215 0.641604 -0.102646
-0.538756 0.076232 -0.043833
0.517202 0.317844 -0.301443
0.531945 0.414959 0.352567
0.044530 0.503414 -0.346229
0.517202 -0.400794 0.218682
-0.321745 0.664981 -0.361758
0.376297 0.149186 0.422476
-0.448171 -0.297720 -0.099476
-0.538756 -0.006776 -0.343851
-0.040816 0.554816 -0.346229
0.537908 0.415614 -0.213108
-0.538756 -0.429530 0.044282
-0.162309 -0.517880 0.201245
-0.448171 -0.428351 -0.184178
-0.372260 0.239447 0.352567
-0.368537 -0.457603 -0.227175
-0.050437 -0.217298 0.321509
-0.231700 0.481140 -0.178195
0.216093 -0.190395 -0.196118
0.517202 0.361192 -0.327429
-0.471433 0.576901 0.162360
0.537908 -0.379830 0.059067
0.254186 -0.373538 -0.361758
0.475972 0.192308 0.352567
-0.195055 -0.448435 -0.227175
-0.280244 -0.158129 -0.225331
-0.517876 -0.088634 0.321509
-0.400269 0.214132 0.354400
-0.538756 0.100485 0.051943
0.517202 0.657678 -0.233222
0.222513 0.364674 0.366300
-0.107314 -0.517880 -0.240517
-0.468981 -0.158129 -0.044359
-0.479229 -0.343117 0.062031
-0.207853 0.659294 0.352567
-0.417023 -0.468705 0.025408
0.537908 0.419899 0.147721
-0.559461 0.563885 0.278962
-0.214573 0.211278 -0.227175
0.108030 -0.200870 -0.196118
-0.552832 -0.543770 0.352567
0.383911 -0.090146 0.352567
-0.386105 -0.565927 0.223160
-0.538756 -0.128008 0.179137
0.204359 -0.261864 -0.227175
0.420985 -0.075169 0.380294
0.537908 -0.551252 -0.333543
-0.538756 0.409473 0.008120
0.457675 0.562121 -0.169982
-0.246732 -0.468705 0.006055
-0.538756 -0.208920 0.170144
0.517202 -0.020445 -0.212371
0.332904 0.538242 -0.227175
-0.254926 -0.013194 0.018526
-0.473755 -0.489410 0.084198
0.537908 0.016764 -0.146100
-0.559461 -0.677830 0.201608
-0.479229 -0.234684 -0.173123
0.426618 0.455342 0.047752
0.077688 -0.170953 -0.361758
-0.448171 0.268563 -0.204126
-0.353887 0.506809 -0.196118
0.021557 0.112298 -0.361758
0.457743 -0.024803 -0.346229
-0.149030 0.632176 0.352567
0.537908 -0.289795 -0.276657
0.036620 -0.013194 -0.034279
0.317076 -0.005429 -0.019288
-0.346518 -0.178255 -0.346229
0.151237 0.610547 0.334062
0.288013 -0.012578 0.352567
-0.132544 0.576901 0.330479
0.457675 0.168387 -0.144158
0.457675 -0.398389 0.028858
0.471003 0.620899 0.078055
-0.521791 -0.569642 0.327562
-0.270028 0.200182 -0.361758
-0.538756 -0.087856 -0.138504
-0.260861 0.021331 -0.227175
-0.085965 -0.023932 -0.346229
-0.470097 -0.158129 0.028922
0.426618 0.002186 0.028028
-0.559461 0.365572 -0.004957
-0.271590 0.094729 0.352567
-0.196605 0.396060 -0.361758
-0.358272 -0.267940 -0.346229
-0.427621 -0.468705 0.197153
-0.294401 -0.364728 0.354400
0.537908 -0.694737 -0.271072
0.517202 -0.552792 0.272632
0.467666 -0.670807 -0.392816
0.517202 0.181437 -0.322135
-0.201451 -0.042432 -0.361758
0.159585 0.020961 0.352567
-0.258638 0.469920 -0.361758
-0.448171 -0.390923 -0.208374
0.517202 -0.134001 0.032115
0.315502 0.672662 -0.368803
-0.538756 -0.149241 -0.036516
0.040072 0.624131 0.352567
0.046058 -0.110115 -0.361758
0.228197 0.403496 0.335541
0.517202 0.013526 0.014292
0.473987 -0.517880 -0.002294
-0.379033 0.139123 0.321509
-0.538756 -0.323231 -0.347776
0.281894 -0.286438 -0.361758
-0.255680 0.519352 0.429900
0.259229 0.074284 0.354400
-0.387729 -0.090838 0.369283
-0.444870 0.547022 -0.196118
-0.546473 0.144569 0.321509
-0.438789 0.095076 0.380442
-0.154599 -0.099419 0.383624
-0.448171 0.064725 0.201430
0.065172 -0.250997 0.352567
-0.341650 -0.278784 0.379095
-0.468149 -0.158129 -0.195507
0.449790 0.297382 0.114993
-0.448171 0.272918 0.317360
-0.024441 -0.335455 0.379095
-0.559461 -0.241168 0.316776
-0.538756 0.498163 -0.009584
0.199388 0.306238 -0.346229
0.537908 -0.386926 -0.351451
-0.163858 0.601971 -0.392816
0.356382 -0.370661 0.354400
-0.058362 -0.517880 -0.112677
0.392954 0.642555 -0.392816
-0.215388 -0.179721 -0.346229
-0.035354 -0.607310 0.223160
-0.403057 -0.359089 -0.361758
-0.102300 0.481140 -0.143274
-0.562049 0.099814 0.365195
0.327336 0.049351 -0.227175
-0.559461 0.253556 0.233348
0.385053 0.084720 0.379095
-0.538756 -0.222037 -0.083253
0.039778 -0.677382 -0.392816
0.395472 -0.005429 0.101964
-0.167774 -0.031647 -0.227175
-0.538756 -0.176385 0.089032
-0.538756 -0.488929 0.231965
0.258537 -0.548830 -0.392816
-0.540722 -0.075309 0.372534
0.328206 -0.468705 0.182609
0.516769 -0.578911 0.223160
-0.466786 -0.287103 -0.346229
0.160673 -0.286857 -0.196118
0.487558 0.023409 -0.346229
0.351266 -0.037366 0.383624
0.517202 0.235635 -0.053411
0.537908 -0.016546 -0.195021
-0.055266 -0.222398 -0.361758
-0.319182 -0.517880 0.148936
0.517202 0.402842 0.113812
-0.233533 -0.547914 0.352567
0.133820 -0.295416 -0.196118
0.247622 -0.090838 0.371024
0.394740 -0.239765 0.354400
-0.356692 0.008051 0.352567
-0.479229 -0.313738 -0.157407
0.359407 0.473376 -0.035975
-0.187609 -0.275270 -0.361758
0.322178 0.038882 0.321509
0.517202 0.496718 -0.330014
0.170311 -0.169632 -0.196118
0.438346 -0.406914 -0.227175
0.066681 0.392411 0.352567
-0.538756 0.169144 0.132062
-0.398076 -0.005429 0.074027
-0.364067 0.548431 -0.386567
0.485146 0.044252 0.383624
-0.448171 -0.263082 0.143518
-0.286853 -0.438618 0.375233
0.231945 -0.468705 0.252584
-0.562049 0.039775 0.378331
-0.142354 0.118524 0.321509
-0.404617 0.125578 -0.196118
0.457675 0.101751 0.256108
0.137429 0.234765 -0.227175
0.423876 -0.112245 0.321509
-0.012350 0.473376 -0.094095
0.328310 -0.368595 -0.361758
0.116194 -0.517880 -0.201446
-0.507190 -0.537941 -0.346229
0.517202 -0.278925 -0.113656
-0.287101 -0.420653 -0.196118
-0.166607 -0.268017 0.321509
0.028864 -0.052156 0.352567
0.505874 0.620899 -0.016696
0.548260 -0.173295 0.330184
-0.559461 0.124257 -0.367388
-0.033915 0.481140 0.129467
0.517202 -0.564396 0.183234
0.079632 -0.324640 0.352567
-0.559461 0.661640 0.301937
-0.317111 -0.468705 -0.093021
-0.559461 -0.109316 0.055043
0.537908 0.584424 -0.262060
0.121882 -0.517880 0.217840
-0.447316 0.036435 0.321509
0.116289 -0.460941 0.148584
0.129889 -0.260113 -0.361758
-0.559461 -0.497960 0.249817
0.517202 -0.298223 -0.038362
0.294377 0.059860 0.374027
-0.469938 -0.090344 0.321509
0.034883 -0.230779 0.352567
0.517202 0.159407 -0.127347
-0.274437 -0.070599 0.352567
-0.559461 0.337418 -0.033591
-0.071355 -0.460941 0.166516
0.517202 -0.385904 -0.275803
-0.177281 -0.122980 0.383624
-0.559461 -0.490883 -0.215359
-0.079933 0.481140 0.131767
0.517202 0.168482 0.129378
0.288260 0.100514 0.352567
0.480357 0.620899 -0.314435
-0.448171 0.129168 -0.014160
0.510770 0.072950 -0.361758
0.181377 -0.005429 -0.058840
-0.456347 0.641604 -0.202619
0.046532 0.001047 -0.361758
0.072442 0.339870 -0.361758
-0.426670 0.201253 0.374031
-0.314323 0.646820 0.377602
-0.559461 0.328989 -0.179680
-0.448171 0.030406 0.079825
-0.058509 0.481140 0.199506
0.025026 0.498052 0.373818
-0.538756 0.500802 -0.228817
-0.424886 -0.660495 0.223160
-0.418424 -0.224255 -0.196118
0.537908 -0.071565 0.241790
-0.027139 -0.250376 -0.227175
-0.538756 -0.398666 -0.003616
0.105756 -0.177234 0.383624
0.487485 -0.046978 0.352567
0.457675 -0.218205 -0.029699
0.515861 -0.107416 -0.361758
0.517202 0.211029 0.064696
0.440679 -0.489410 0.071236
0.457675 0.218833 -0.106019
0.537908 -0.110346 0.300205
0.409985 -0.671141 0.223160
-0.471682 0.614875 -0.392816
-0.222088 -0.441064 0.352567
-0.167980 -0.460941 -0.075162
-0.524074 0.672662 -0.373534
0.396318 0.620899 0.034377
-0.281085 0.473376 0.093883
0.317558 0.154597 0.379095
0.374046 -0.433566 0.354400
0.457675 0.117666 -0.028489
-0.559461 -0.113251 -0.334627
-0.479229 -0.299373 0.020278
-0.018910 -0.005429 0.303863
-0.538756 0.474802 -0.212276
0.517202 -0.209269 -0.027262
0.045504 -0.357093 -0.196118
-0.319272 -0.013194 0.010833
0.426618 0.221934 -0.023403
0.517202 -0.294998 0.294983
-0.135475 -0.241293 0.379095
0.040142 0.472080 -0.346229
-0.559461 0.429054 -0.300431
0.517202 0.234296 -0.353673
-0.559461 -0.109666 -0.062473
-0.448171 -0.451587 0.265960
-0.058229 0.144189 -0.346229
-0.548983 -0.044574 0.352567
-0.538756 -0.135759 -0.347603
0.517202 0.568855 -0.319476
-0.370156 -0.253720 -0.196118
-0.176853 -0.171625 0.321509
-0.315062 0.252751 0.383624
-0.252787 -0.459857 0.383624
0.517202 -0.487837 -0.131933
0.426618 0.566912 0.099103
-0.352388 -0.424878 0.354400
-0.538756 0.199325 -0.014169
0.517202 -0.249720 0.283409
-0.347696 0.563699 0.373818
-0.357035 0.451657 0.352567
0.347119 -0.482298 0.352567
0.426618 -0.160373 -0.110282
0.517202 0.482959 0.155939
0.366827 -0.561878 0.373406
0.392972 0.625311 -0.261865
-0.448171 -0.011834 0.065309
0.537908 0.322226 0.095601
0.537908 -0.526141 0.271815
0.349581 -0.358707 -0.196118
-0.237676 0.003804 -0.346229
-0.012436 0.082012 -0.361758
-0.285437 0.650192 -0.361758
0.426618 0.167370 -0.205256
-0.290648 -0.144832 0.352567
0.011163 0.291055 -0.196118
-0.538756 -0.558452 0.275256
-0.200773 -0.003653 -0.346229
-0.293388 -0.512704 -0.384046
0.513287 0.423468 -0.346229
0.204095 -0.468705 0.061973
-0.433601 0.473376 0.024171
0.035483 -0.202703 0.352567
-0.194891 -0.085756 -0.346229
0.537908 -0.512718 -0.386159
-0.559461 0.584978 0.296299
-0.134896 0.462453 0.352567
0.505241 -0.494301 0.352567
0.392459 -0.295403 -0.346229
0.517202 0.208216 -0.005778
0.241478 -0.542168 0.321509
0.321627 0.532967 -0.346229
0.033048 0.633134 -0.392816
-0.106037 0.552235 0.321509
0.224112 0.187790 0.321509
0.476327 -0.540322 0.321509
-0.538756 0.099935 0.262276
0.204152 0.119792 0.321509
0.361586 -0.460941 0.253319
0.537908 0.394194 -0.131905
0.192976 0.330593 0.352567
0.206429 -0.021980 0.352567
0.519393 0.657468 0.321509
-0.142184 -0.507034 -0.361758
0.360775 -0.468705 -0.173195
0.317151 0.096264 0.321509
-0.133305 -0.517880 0.094825
-0.144877 0.289165 -0.361758
-0.034639 -0.484760 0.352567
-0.122024 -0.135633 -0.361758
0.026000 -0.517880 -0.276040
-0.151417 -0.333908 0.379095
-0.285227 0.623305 -0.361758
0.537908 0.285849 0.015261
-0.212226 -0.468705 0.278516
0.047615 0.481140 -0.092127
0.517202 -0.487382 -0.220224
0.517202 -0.049372 -0.221137
-0.559461 -0.646242 -0.150475
-0.512349 0.620899 -0.352790
-0.538756 0.346465 -0.354822
-0.332294 0.550596 0.352567
-0.559461 0.306133 0.220195
-0.299227 0.017605 -0.346229
-0.385797 0.525082 -0.227175
-0.160017 0.474251 0.354400
-0.538756 -0.318206 -0.084172
-0.290000 0.363288 0.321509
-0.479229 0.189422 -0.214455
0.457675 -0.365793 0.068253
-0.074663 0.176259 0.379095
0.537908 -0.136773 -0.038387
0.214921 0.506898 -0.361758
-0.436763 0.620899 -0.037975
-0.559461 0.394682 -0.170804
-0.538756 -0.014657 -0.147278
-0.520019 0.093173 0.352567
0.499664 0.205812 0.321509
-0.273367 0.224882 -0.361758
-0.289140 -0.325031 0.440208
-0.113193 -0.440190 -0.196118
-0.381216 -0.033899 0.338595
-0.106349 0.563960 0.373818
0.537908 0.439269 0.163655
-0.046212 -0.215046 0.373836
-0.543187 -0.376995 0.352567
-0.447747 -0.517880 0.270822
0.010085 -0.437607 0.352567
0.128537 0.023651 0.352567
0.262316 0.417668 -0.361758
-0.023509 -0.517880 -0.238922
0.517202 0.019071 -0.174367
-0.455969 0.238288 -0.346229
-0.240846 -0.424714 0.354400
0.537908 0.172161 0.295958
-0.461502 -0.213864 0.352567
0.352922 0.142395 0.439950
-0.353003 0.473376 0.085136
0.517202 0.449794 -0.291947
0.262724 0.513476 0.418975
-0.538756 0.602435 -0.263567
0.537908 0.293815 -0.258438
0.496366 0.040710 0.321509
0.432762 -0.517880 0.061687
0.537908 -0.167927 -0.290864
0.120068 0.157183 0.354400
-0.027403 0.257166 -0.346229
-0.331299 -0.517880 -0.084997
0.075641 -0.311860 0.379095
-0.442644 -0.358957 -0.346229
-0.559461 0.253305 -0.099515
-0.226649 -0.157733 0.383624
-0.079676 0.482212 -0.196118
0.000208 -0.028071 0.352567
0.426618 0.169006 -0.165175
-0.520159 -0.056387 -0.346229
0.177735 0.324563 -0.361758
0.537908 -0.728124 -0.053138
-0.538756 -0.186019 -0.299063
0.381355 0.297382 0.343738
-0.479229 -0.320737 0.165812
-0.528857 0.315893 -0.346229
0.162182 -0.546812 -0.392816
-0.449814 -0.033899 -0.070515
0.342567 -0.451949 0.383624
-0.177555 0.016822 0.383624
-0.123370 0.199253 -0.346229
0.050737 -0.308142 0.379095
-0.190439 0.212676 -0.346229
0.330753 -0.013194 -0.168569
-0.448171 -0.333462 -0.179088
0.039699 -0.439133 -0.227175
0.537908 0.283402 -0.179793
-0.347093 -0.295118 -0.346229
0.480432 0.420070 0.352567
-0.479229 -0.244716 0.221885
0.410654 -0.260259 0.352567
0.537908 0.488656 -0.087387
0.537908 -0.254889 -0.079073
0.036620 -0.652837 -0.392816
0.390483 -0.234039 0.321509
-0.297530 -0.140728 0.383624
-0.559461 -0.559996 -0.250223
-0.559461 -0.397232 -0.240357
0.068943 -0.005429 -0.024620
-0.292314 0.206943 0.352567
-0.192363 -0.306345 0.321509
0.238888 -0.083655 -0.346229
0.009906 -0.577036 -0.392816
0.106529 0.167048 -0.227175
0.071023 0.482587 -0.227175
-0.116049 -0.517880 -0.201007
0.537908 -0.247843 -0.380858
-0.191697 0.505878 -0.361758
-0.439718 0.672458 0.352567
-0.409353 -0.468705 0.092930
0.517202 -0.292419 0.036812
0.537908 -0.061382 -0.086090
0.487256 -0.452103 -0.361758
-0.020213 0.122431 0.354400
-0.053723 0.132150 -0.227175
-0.191068 -0.173104 0.383624
0.537908 0.514982 -0.047066
0.235769 -0.517880 -0.112424
0.511986 0.568776 -0.392816
0.020951 -0.438056 -0.196118
0.457675 0.562782 0.027982
-0.105629 -0.013194 0.281060
0.457675 -0.417725 -0.136380
0.339701 0.123208 0.321509
0.047791 0.104808 -0.346229
0.537908 -0.595776 -0.175468
0.144701 -0.362102 -0.346229
0.517202 -0.245580 -0.117335
-0.538756 0.632190 0.159970
0.260792 -0.132064 0.352567
-0.538756 -0.215758 -0.163499
0.517202 -0.132327 -0.061942
0.517202 0.577547 -0.361735
0.537908 0.389974 0.014257
-0.057018 -0.517880 0.126967
0.517202 -0.269215 0.221201
-0.180159 -0.050744 0.382622
-0.538756 0.228509 -0.130977
-0.061819 0.024820 -0.346229
-0.331896 0.401833 0.377602
0.333543 -0.752653 0.223160
0.537908 -0.615985 -0.048555
0.517202 0.257897 -0.319049
0.260060 -0.530941 -0.361758
0.485790 0.620899 0.185650
-0.304016 -0.186225 0.383624
0.537908 0.618874 -0.140073
-0.559461 -0.138000 0.287885
0.356727 -0.069368 -0.346229
-0.039191 0.623017 -0.361758
-0.538756 0.300135 -0.182480
0.457675 -0.480031 0.165326
0.122073 -0.279097 0.321509
-0.538756 0.567718 -0.362264
0.241874 0.226496 0.374080
0.537908 0.439378 0.286914
0.537908 0.423667 -0.276235
0.426618 0.279685 -0.206215
-0.559461 0.395380 0.057739
-0.559461 0.052609 0.060517
0.472946 0.619965 0.352567
0.059399 0.154262 -0.227175
-0.068444 0.397239 -0.346229
0.411069 -0.170927 0.352567
0.348802 -0.615512 0.223160
-0.211754 -0.313959 -0.346229
0.268254 -0.540960 0.352567
-0.089063 -0.033899 0.337887
-0.116159 0.138000 -0.196118
-0.538756 0.561346 0.047811
-0.039151 -0.270232 -0.346229
-0.538756 -0.412385 -0.042959
-0.170797 -0.005429 0.146427
-0.369990 -0.321214 0.388753
-0.091778 0.084515 0.354400
0.017564 -0.460941 -0.121625
-0.448171 0.107498 0.236719
0.286186 0.316364 -0.346229
0.305534 0.242639 -0.196118
0.447361 0.576901 0.167592
0.100771 0.403496 0.340612
0.517202 0.638976 0.045137
0.205026 0.663545 -0.392816
-0.538756 0.081894 0.183163
-0.538756 0.031483 -0.019510
0.537908 0.220119 0.172750
0.517202 0.358389 -0.058932
0.221550 -0.521725 0.352567
0.312436 -0.460941 -0.082767
-0.040631 -0.517880 -0.093870
-0.169071 -0.365826 0.321509
-0.538756 0.068641 -0.145439
0.517202 0.138213 0.220694
-0.538756 -0.170368 0.247022
-0.559461 0.011048 0.145033
-0.142051 0.030842 0.321509
0.323656 0.473376 -0.138951
-0.423722 -0.013194 -0.097302
0.039818 0.232487 -0.346229
0.457675 -0.239198 0.115645
-0.155312 0.025909 0.352567
-0.178364 0.473376 0.207496
-0.431077 -0.489410 -0.205671
-0.538756 0.266895 -0.038103
-0.168474 -0.460941 0.235484
-0.559461 0.463286 0.001222
0.026344 0.284609 0.352567
-0.538756 0.372345 0.250997
-0.080594 0.672662 0.338477
-0.158183 -0.468705 0.194134
-0.559461 0.668803 -0.178394
0.457675 0.523667 -0.002044
0.517202 0.263029 -0.373210
-0.281499 0.055654 0.321509
0.284911 -0.460941 0.093293
-0.024059 0.188704 0.379095
-0.020906 0.092512 -0.196118
-0.421453 -0.468705 0.312830
0.426618 -0.405697 0.212224
-0.428898 0.201292 -0.196118
-0.430973 -0.005429 -0.002668
0.122227 0.297382 0.346998
-0.228413 -0.313360 -0.196118
0.100310 0.505189 -0.346229
-0.195797 0.048971 -0.361758
-0.529055 -0.420178 0.321509
-0.266364 -0.460941 -0.157950
-0.008517 -0.489410 -0.208723
0.320125 0.649016 0.352567
0.035786 0.473376 0.007663
0.189430 0.003154 0.352567
-0.559461 0.610705 0.263719
0.204756 0.035417 0.352567
-0.180983 0.083695 -0.361758
0.323556 -0.620995 -0.392816
-0.107297 0.473376 0.229756
0.537908 0.538733 0.249001
0.371158 -0.241378 0.379095
-0.132129 -0.013194 -0.164778
-0.180304 -0.466055 0.321509
0.383820 0.511956 0.352567
0.537908 -0.393779 -0.069211
-0.058026 -0.460941 -0.083303
0.537908 -0.386231 -0.209696
-0.301986 -0.669722 -0.392816
-0.364574 0.342219 0.352567
-0.479229 -0.363887 0.286190
-0.101778 0.530988 -0.346229
0.517202 -0.018904 -0.105097
0.289734 0.473376 0.232959
-0.470989 0.571127 -0.361758
0.415299 0.576901 0.323952
0.389337 0.481140 -0.039431
0.101498 -0.282225 0.352567
0.532566 0.131000 0.383624
-0.003793 -0.124261 0.352567
-0.165108 -0.361604 -0.227175
-0.559461 0.152620 0.039562
-0.227852 0.195734 -0.346229
0.191944 -0.561878 0.364442
-0.014302 0.585917 -0.392816
0.220832 -0.447552 0.321509
-0.448171 -0.029896 0.004974
0.280974 -0.299973 -0.196118
0.363619 -0.517880 -0.229912
-0.559461 -0.205976 0.184203
0.517202 0.502598 -0.215992
-0.234227 0.077152 -0.196118
-0.409100 -0.468705 -0.189607
0.279725 0.473376 0.180267
0.416106 -0.479323 -0.227175
-0.479229 0.016946 0.112372
0.118581 0.672662 -0.367782
0.537908 -0.144414 -0.252933
0.253512 -0.303157 0.352567
-0.331966 -0.319032 0.425064
-0.479229 -0.002294 -0.134146
0.303600 -0.214098 0.375126
0.426618 0.469534 0.007863
0.182280 0.473376 0.267420
0.110547 0.426193 -0.346229
0.541415 -0.454719 0.321509
-0.559461 0.420581 -0.221909
0.446042 0.305148 0.383624
-0.072902 -0.468705 0.202447
-0.479229 -0.220875 0.191596
0.537908 0.067889 -0.097327
0.323340 -0.493011 0.352567
0.048682 -0.517880 -0.115774
0.269421 -0.158129 0.330647
-0.559461 -0.370385 -0.232214
0.190442 -0.191641 0.383624
0.537908 -0.465237 0.150039
0.179561 -0.005429 0.142778
0.322337 -0.517880 0.083723
-0.559461 0.514289 -0.194690
-0.538756 -0.202837 0.319633
0.418273 0.578586 -0.346229
0.372401 -0.223320 -0.227175
-0.432186 -0.075309 0.375328
-0.320322 -0.108156 0.321509
-0.538756 -0.278267 -0.199922
0.485281 0.341381 0.325151
0.098010 -0.210896 0.352567
-0.242630 0.064376 0.321509
0.517202 -0.428738 0.033631
-0.375184 -0.468705 0.213458
0.353713 -0.571997 -0.392816
-0.067158 0.481140 -0.159243
0.096974 -0.517880 -0.274491
-0.518612 0.174990 -0.346229
