# SSTK version 0.8.0
# 12
mtllib original-12.mtl
o Group6/mesh32/mesh32-geometry#mesh32-geometry
v 0.336178 0.153456 0.078453
v 0.335499 0.168768 0.096995
v 0.335987 0.168768 0.096390
v 0.326870 0.153456 0.088517
v 0.340343 0.168768 0.129865
v 0.344737 0.168768 0.086928
v 0.429920 0.153456 -0.406267
v -0.336793 0.168768 0.096995
v 0.334526 0.168768 0.139526
v 0.346149 0.153456 0.069046
v 0.205775 0.153456 -0.406267
v -0.328164 0.153456 0.088517
v -0.335820 0.168768 0.139526
v 0.329381 0.168768 0.149561
v 0.334519 0.175112 0.139521
v 0.346804 0.168768 0.120622
v 0.354112 0.168768 0.078084
v 0.200150 0.153456 -0.406636
v 0.429920 -0.145552 -0.406267
v 0.356738 0.153456 0.060339
v -0.207069 0.153456 -0.406267
v -0.337280 0.168768 0.096390
v -0.330674 0.168768 0.149561
v 0.324931 0.168768 0.159923
v 0.329374 0.173807 0.149557
v 0.340335 0.176424 0.129860
v 0.194622 0.153456 -0.407735
v 0.205775 -0.145552 -0.406267
v 0.432339 -0.145552 -0.406267
v 0.368561 0.153456 0.051898
v -0.337471 0.153456 0.078453
v -0.201444 0.153456 -0.406636
v -0.341637 0.168768 0.129865
v -0.330673 0.173155 0.149551
v -0.326224 0.168768 0.159923
v 0.321196 0.168768 0.170564
v 0.324925 0.172514 0.159919
v 0.349661 0.175039 0.163511
v 0.344517 0.173740 0.173546
v 0.346797 0.177735 0.120617
v 0.353880 0.168768 0.111841
v 0.364067 0.168768 0.069899
v 0.189284 0.153456 -0.409547
v 0.200150 -0.145552 -0.406636
v 0.326870 -0.145552 0.088517
v 0.432339 0.153456 -0.406267
v 0.433466 -0.145552 0.006747
v 0.374997 0.168768 0.062095
v 0.386213 0.153456 0.042116
v -0.347443 0.153456 0.069046
v -0.195915 0.153456 -0.407735
v -0.201444 -0.145552 -0.406636
v -0.346031 0.168768 0.086928
v -0.335818 0.174398 0.139515
v -0.326223 0.171965 0.159915
v -0.322490 0.168768 0.170564
v 0.318195 0.168768 0.181434
v 0.321192 0.171239 0.170561
v 0.340067 0.172458 0.183909
v 0.355478 0.176348 0.153850
v 0.361537 0.168768 0.103561
v 0.184228 0.153456 -0.412040
v 0.194622 -0.145552 -0.407735
v 0.336178 -0.145552 0.078453
v 0.433466 0.153456 0.006747
v 0.436565 -0.145552 -0.407168
v 0.422396 -0.145552 0.016544
v 0.398734 0.153456 0.034255
v -0.358031 0.153456 0.060339
v -0.190577 0.153456 -0.409547
v -0.195915 -0.145552 -0.407735
v -0.207069 -0.145552 -0.406267
v -0.348098 0.168768 0.120622
v -0.341635 0.175688 0.129854
v -0.334630 0.169766 0.205422
v -0.317234 0.168768 0.192484
v -0.322489 0.170833 0.170558
v -0.319488 0.168768 0.181434
v 0.293241 0.168768 0.274023
v 0.318193 0.169989 0.181433
v 0.336334 0.171198 0.194551
v 0.355485 0.168768 0.153855
v 0.349668 0.168768 0.163517
v 0.344523 0.168768 0.173551
v 0.361939 0.177662 0.144607
v 0.353873 0.179040 0.111836
v 0.369740 0.168768 0.095822
v 0.179541 0.153456 -0.415172
v 0.189284 -0.145552 -0.409547
v 0.346149 -0.145552 0.069046
v 0.335499 -0.160865 0.096995
v 0.422396 0.153456 0.016544
v 0.436565 0.153456 -0.407168
v 0.410807 -0.145552 0.025723
v 0.430128 -0.160865 0.025777
v 0.443986 -0.145552 -0.003640
v 0.392336 0.168768 0.052486
v 0.410807 0.153456 0.025723
v -0.369855 0.153456 0.051898
v -0.355405 0.168768 0.078084
v -0.185521 0.153456 -0.412040
v -0.190577 -0.145552 -0.409547
v -0.431214 0.153456 -0.406267
v -0.355173 0.168768 0.111841
v -0.341365 0.171965 0.183905
v -0.337631 0.170833 0.194548
v -0.332376 0.168768 0.216475
v -0.319488 0.169766 0.181431
v 0.284435 0.168768 0.279011
v 0.315941 0.168768 0.192484
v 0.333335 0.169966 0.205423
v 0.340073 0.168768 0.183913
v 0.361946 0.168768 0.144612
v 0.361531 0.180333 0.103557
v 0.369735 0.181608 0.095820
v 0.378450 0.168768 0.088660
v 0.175303 0.153456 -0.418889
v 0.184228 -0.145552 -0.412040
v 0.356738 -0.145552 0.060339
v 0.344737 -0.160865 0.086928
v 0.335987 -0.160865 0.096390
v -0.336793 -0.160865 0.096995
v 0.430128 0.168768 0.025777
v 0.443986 0.153456 -0.003640
v 0.437765 -0.145552 -0.407767
v 0.398734 -0.145552 0.034255
v 0.418023 -0.160865 0.035364
v 0.441691 -0.160865 0.015544
v 0.405413 0.168768 0.044276
v -0.387507 0.153456 0.042116
v -0.376291 0.168768 0.062095
v -0.365360 0.168768 0.069899
v -0.180834 0.153456 -0.415172
v -0.185521 -0.145552 -0.412040
v -0.328164 -0.145552 0.088517
v -0.431214 -0.145552 -0.406267
v -0.423689 0.153456 0.016544
v -0.348096 0.177020 0.120611
v -0.345815 0.173155 0.173542
v -0.337632 0.168768 0.194554
v -0.334630 0.168768 0.205425
v -0.330105 0.168768 0.226337
v -0.316600 0.168768 0.253373
v 0.275101 0.168768 0.282924
v 0.284435 -0.160865 0.279011
v 0.301396 0.168768 0.268029
v 0.331083 0.168768 0.216475
v 0.336338 0.168768 0.194554
v 0.355485 -0.160865 0.153855
v 0.361946 -0.160865 0.144612
v 0.349668 -0.160865 0.163517
v 0.344523 -0.160865 0.173551
v 0.369022 0.168768 0.135831
v 0.369015 0.178973 0.135826
v 0.171586 0.153456 -0.423127
v 0.179541 -0.145552 -0.415172
v 0.368561 -0.145552 0.051898
v 0.354112 -0.160865 0.078084
v 0.340343 -0.160865 0.129865
v -0.335820 -0.160865 0.139526
v 0.418023 0.168768 0.035364
v 0.441691 0.168768 0.015544
v 0.437765 0.153456 -0.407767
v 0.386213 -0.145552 0.042116
v 0.432186 -0.160865 0.054286
v 0.418523 -0.160865 0.063943
v 0.440615 -0.145552 -0.409550
v 0.452678 -0.160865 0.004695
v 0.387629 0.168768 0.082108
v 0.404353 0.168768 0.072839
v -0.400027 0.153456 0.034255
v -0.362830 0.168768 0.103561
v -0.176596 0.153456 -0.418889
v -0.180834 -0.145552 -0.415172
v -0.337471 -0.145552 0.078453
v -0.423689 -0.145552 0.016544
v -0.433632 0.153456 -0.406267
v -0.412100 0.153456 0.025723
v -0.355172 0.178387 0.111831
v -0.345816 0.168768 0.173551
v -0.341366 0.168768 0.183913
v -0.332376 -0.160865 0.216475
v -0.326684 0.168768 0.235862
v -0.330105 -0.160865 0.226337
v -0.322161 0.168768 0.244917
v -0.310080 0.168768 0.261113
v 0.265371 0.168768 0.285707
v 0.275101 -0.160865 0.282924
v 0.293241 -0.160865 0.274023
v 0.308786 0.168768 0.261113
v 0.320867 0.168768 0.244917
v 0.333337 0.168768 0.205425
v 0.340073 -0.160865 0.183913
v 0.369022 -0.160865 0.135831
v 0.376673 0.180277 0.127547
v 0.378448 0.182859 0.088659
v 0.168454 0.153456 -0.427814
v 0.171586 -0.145552 -0.423127
v 0.175303 -0.145552 -0.418889
v 0.374997 -0.160865 0.062095
v 0.364067 -0.160865 0.069899
v 0.346804 -0.160865 0.120622
v 0.334526 -0.160865 0.139526
v -0.337280 -0.160865 0.096390
v -0.330674 -0.160865 0.149561
v 0.432186 0.168768 0.054286
v 0.418523 0.168768 0.063943
v 0.452678 0.168768 0.004695
v 0.440615 0.153456 -0.409550
v 0.405413 -0.160865 0.044276
v 0.445302 -0.160865 0.043898
v 0.443280 -0.145552 -0.411598
v 0.453923 -0.145552 -0.014586
v 0.387629 0.184080 0.082108
v -0.406707 0.168768 0.044276
v -0.393630 0.168768 0.052486
v -0.371033 0.168768 0.095822
v -0.172879 0.153456 -0.423127
v -0.176596 -0.145552 -0.418889
v -0.347443 -0.145552 0.069046
v -0.433632 -0.145552 -0.406267
v -0.412100 -0.145552 0.025723
v -0.434760 0.153456 0.006747
v -0.419317 0.168768 0.035364
v -0.350961 0.174398 0.163506
v -0.350962 0.168768 0.163517
v -0.334630 -0.160865 0.205425
v -0.337632 -0.160865 0.194554
v -0.326684 -0.160865 0.235862
v -0.316600 -0.160865 0.253373
v -0.310080 -0.160865 0.261113
v -0.302690 0.168768 0.268029
v 0.255379 0.168768 0.287321
v 0.265371 -0.160865 0.285707
v 0.301396 -0.160865 0.268029
v 0.308786 -0.160865 0.261113
v 0.315307 0.168768 0.253373
v 0.325390 0.168768 0.235862
v 0.333337 -0.160865 0.205425
v 0.336338 -0.160865 0.194554
v 0.349661 -0.167136 0.163511
v 0.355478 -0.168445 0.153850
v 0.361939 -0.169759 0.144607
v 0.344517 -0.165837 0.173546
v 0.340067 -0.164555 0.183909
v 0.376679 0.168768 0.127552
v 0.376679 -0.160865 0.127552
v 0.384878 0.181566 0.119810
v 0.165961 0.153456 -0.432870
v 0.168454 -0.145552 -0.427814
v 0.392336 -0.160865 0.052486
v 0.361537 -0.160865 0.103561
v 0.353880 -0.160865 0.111841
v 0.329381 -0.160865 0.149561
v 0.334519 -0.167209 0.139521
v -0.341637 -0.160865 0.129865
v -0.326224 -0.160865 0.159923
v -0.330673 -0.165251 0.149551
v 0.445302 0.168768 0.043898
v 0.453923 0.153456 -0.014586
v 0.443280 0.153456 -0.411598
v 0.432186 -0.176177 0.054286
v 0.445302 -0.176177 0.043898
v 0.404353 -0.160865 0.072839
v 0.445735 -0.145552 -0.413893
v 0.463057 -0.160865 -0.006737
v 0.457832 -0.160865 0.032810
v 0.404353 0.184080 0.072839
v -0.388922 0.168768 0.082108
v -0.379744 0.168768 0.088660
v -0.371032 0.181202 0.095816
v -0.362829 0.179784 0.103553
v -0.169748 0.153456 -0.427814
v -0.358031 -0.145552 0.060339
v -0.346031 -0.160865 0.086928
v -0.434760 -0.145552 0.006747
v -0.400027 -0.145552 0.034255
v -0.419317 -0.160865 0.035364
v -0.437858 0.153456 -0.407168
v -0.431421 0.168768 0.025777
v -0.356777 0.175688 0.153844
v -0.341366 -0.160865 0.183913
v -0.345816 -0.160865 0.173551
v -0.334630 -0.161863 0.205422
v -0.317234 -0.160865 0.192484
v -0.322161 -0.160865 0.244917
v -0.294535 0.168768 0.274023
v 0.245267 0.168768 0.287743
v 0.318195 -0.160865 0.181434
v 0.315941 -0.160865 0.192484
v 0.315307 -0.160865 0.253373
v 0.320867 -0.160865 0.244917
v 0.325390 -0.160865 0.235862
v 0.328811 0.168768 0.226337
v 0.331083 -0.160865 0.216475
v 0.336334 -0.163295 0.194551
v 0.369015 -0.171070 0.135826
v 0.393590 0.182836 0.112649
v 0.402771 0.184080 0.106098
v 0.164149 0.153456 -0.438208
v 0.165961 -0.145552 -0.432870
v 0.369740 -0.160865 0.095822
v 0.378450 -0.160865 0.088660
v 0.340335 -0.168521 0.129860
v 0.346797 -0.169832 0.120617
v 0.324931 -0.160865 0.159923
v 0.329374 -0.165904 0.149557
v -0.335818 -0.166495 0.139515
v -0.322490 -0.160865 0.170564
v -0.326223 -0.164062 0.159915
v 0.418523 0.184080 0.063943
v 0.432186 0.184080 0.054286
v 0.457832 0.168768 0.032810
v 0.463057 0.168768 -0.006737
v 0.445735 0.153456 -0.413893
v 0.418523 -0.176177 0.063943
v 0.457832 -0.176177 0.032810
v 0.463248 -0.145552 -0.026057
v 0.447958 -0.145552 -0.416414
v -0.405646 0.168768 0.072839
v -0.379743 0.182636 0.088657
v -0.167254 0.153456 -0.432870
v -0.172879 -0.145552 -0.423127
v -0.369855 -0.145552 0.051898
v -0.355405 -0.160865 0.078084
v -0.437858 -0.145552 -0.407168
v -0.431421 -0.160865 0.025777
v -0.387507 -0.145552 0.042116
v -0.406707 -0.160865 0.044276
v -0.439058 0.153456 -0.407767
v -0.442984 0.168768 0.015544
v -0.419816 0.168768 0.063943
v -0.356779 0.168768 0.153855
v -0.350962 -0.160865 0.163517
v -0.337631 -0.162930 0.194548
v -0.302690 -0.160865 0.268029
v -0.285729 0.168768 0.279011
v -0.246561 0.168768 0.287743
v 0.245267 -0.160865 0.287743
v 0.255379 -0.160865 0.287321
v 0.321196 -0.160865 0.170564
v 0.328811 -0.160865 0.226337
v 0.333335 -0.162063 0.205423
v 0.353873 -0.171137 0.111836
v 0.324925 -0.164611 0.159919
v 0.384882 0.168768 0.119813
v 0.376673 -0.172374 0.127547
v 0.402632 0.186137 0.073854
v 0.042439 0.153456 -0.513974
v 0.164149 -0.145552 -0.438208
v 0.387629 -0.160865 0.082108
v 0.361531 -0.172430 0.103557
v -0.348098 -0.160865 0.120622
v -0.341635 -0.167785 0.129854
v -0.319488 -0.160865 0.181434
v -0.322489 -0.162930 0.170558
v 0.445302 0.184080 0.043898
v 0.463248 0.153456 -0.026057
v 0.447958 0.153456 -0.416414
v 0.417164 -0.180155 0.064793
v 0.431182 -0.181936 0.054952
v 0.444643 -0.183572 0.044361
v 0.404353 -0.176177 0.072839
v 0.472797 -0.160865 -0.018719
v 0.454153 -0.145552 -0.428260
v 0.469738 -0.160865 0.021054
v 0.449929 -0.145552 -0.419138
v 0.469738 -0.176177 0.021054
v 0.417164 0.188058 0.064793
v -0.388922 0.184080 0.082108
v -0.377971 0.179784 0.127543
v -0.386174 0.181202 0.119807
v -0.363239 0.177020 0.144602
v -0.165442 0.153456 -0.438208
v -0.169748 -0.145552 -0.427814
v -0.365360 -0.160865 0.069899
v -0.355173 -0.160865 0.111841
v -0.439058 -0.145552 -0.407767
v -0.442984 -0.160865 0.015544
v -0.393630 -0.160865 0.052486
v -0.419816 -0.160865 0.063943
v -0.405646 -0.160865 0.072839
v -0.441908 0.153456 -0.409550
v -0.445280 0.153456 -0.003640
v -0.433480 0.168768 0.054286
v -0.363240 0.168768 0.144612
v -0.341365 -0.164062 0.183905
v -0.345815 -0.165251 0.173542
v -0.294535 -0.160865 0.274023
v -0.276395 0.168768 0.282924
v -0.256673 0.168768 0.287321
v -0.002326 0.168768 0.287804
v 0.241908 -0.160865 0.287865
v 0.318193 -0.162085 0.181433
v 0.321192 -0.163336 0.170561
v 0.384882 -0.160865 0.119813
v 0.393592 0.168768 0.112651
v 0.418743 0.186671 0.097231
v 0.036371 0.153456 -0.508887
v 0.163739 0.153456 -0.446095
v 0.163739 -0.145552 -0.446095
v 0.369735 -0.173705 0.095820
v 0.378448 -0.174956 0.088659
v -0.319488 -0.161863 0.181431
v 0.431182 0.189840 0.054952
v 0.457832 0.184080 0.032810
v 0.469738 0.168768 0.021054
v 0.472797 0.168768 -0.018719
v 0.454153 0.153456 -0.428260
v 0.449929 0.153456 -0.419138
v 0.457508 -0.185056 0.033050
v 0.471933 -0.145552 -0.038021
v 0.453040 -0.145552 -0.425088
v 0.454955 -0.145552 -0.431524
v 0.451628 -0.145552 -0.422038
v -0.419816 0.184080 0.063943
v -0.405646 0.184080 0.072839
v -0.394885 0.182636 0.112647
v -0.370314 0.178387 0.135821
v -0.165033 0.153456 -0.446095
v -0.167254 -0.145552 -0.432870
v -0.376291 -0.160865 0.062095
v -0.362830 -0.160865 0.103561
v -0.441908 -0.145552 -0.409550
v -0.433480 -0.160865 0.054286
v -0.445280 -0.145552 -0.003640
v -0.444573 0.153456 -0.411598
v -0.453972 0.168768 0.004695
v -0.446596 0.168768 0.043898
v -0.433480 0.184080 0.054286
v -0.356779 -0.160865 0.153855
v -0.350961 -0.166495 0.163506
v -0.285729 -0.160865 0.279011
v -0.266664 0.168768 0.285707
v -0.256673 -0.160865 0.287321
v 0.229793 0.168768 0.287804
v 0.202187 0.168768 0.287855
v 0.241908 0.168768 0.287865
v 0.393592 -0.160865 0.112651
v 0.384878 -0.173663 0.119810
v 0.402771 0.168768 0.106098
v 0.434213 0.188914 0.087508
v 0.418758 0.184080 0.097238
v 0.029707 0.153456 -0.504608
v 0.042439 -0.145552 -0.513974
v 0.222645 0.153456 -0.685609
v 0.387629 -0.176177 0.082108
v -0.348096 -0.169117 0.120611
v 0.444643 0.191475 0.044361
v 0.471933 0.153456 -0.038021
v 0.453040 0.153456 -0.425088
v 0.454955 0.153456 -0.431524
v 0.451628 0.153456 -0.422038
v 0.449137 -0.182899 0.076957
v 0.402632 -0.178233 0.073854
v 0.463469 -0.184427 0.065610
v 0.477166 -0.185590 0.053501
v 0.479952 -0.145552 -0.050440
v 0.463712 -0.145552 -0.655264
v 0.480984 -0.160865 0.008666
v 0.455439 -0.145552 -0.434851
v 0.469738 -0.186385 0.021054
v -0.405647 0.185970 0.072840
v -0.404064 0.184080 0.106098
v -0.386175 0.168768 0.119813
v -0.377972 0.168768 0.127552
v -0.370315 0.168768 0.135831
v -0.043733 0.153456 -0.513974
v -0.165442 -0.145552 -0.438208
v -0.371033 -0.160865 0.095822
v -0.355172 -0.170484 0.111831
v -0.444573 -0.145552 -0.411598
v -0.446596 -0.160865 0.043898
v -0.453972 -0.160865 0.004695
v -0.388922 -0.160865 0.082108
v -0.419816 -0.176177 0.063943
v -0.405646 -0.176177 0.072839
v -0.455217 0.153456 -0.014586
v -0.447029 0.153456 -0.413893
v -0.446596 0.184080 0.043898
v -0.363240 -0.160865 0.144612
v -0.276395 -0.160865 0.282924
v -0.266664 -0.160865 0.285707
v -0.246561 -0.160865 0.287743
v 0.229793 -0.160865 0.287804
v 0.434238 0.184080 0.087519
v 0.022556 0.153456 -0.501207
v 0.036371 -0.145552 -0.508887
v 0.222645 -0.145552 -0.685609
v 0.164540 -0.145552 -0.448419
v 0.164540 0.153456 -0.448419
v 0.402771 -0.176177 0.106098
v 0.449137 0.190803 0.076957
v 0.463469 0.192330 0.065610
v 0.457508 0.192959 0.033050
v 0.469738 0.184080 0.021054
v 0.480984 0.168768 0.008666
v 0.463712 0.153456 -0.655264
v 0.479952 0.153456 -0.050440
v 0.455439 0.153456 -0.434851
v 0.434213 -0.181011 0.087508
v 0.490188 -0.186385 0.040665
v 0.481868 -0.160865 -0.031215
v 0.472336 -0.145552 -0.643081
v 0.455601 -0.145552 -0.475343
v 0.455601 -0.145552 -0.438208
v -0.419818 0.187635 0.063944
v -0.433481 0.189303 0.054288
v -0.420050 0.186037 0.097239
v -0.404064 0.168768 0.106098
v -0.394886 0.168768 0.112651
v -0.037664 0.153456 -0.508887
v -0.165833 0.153456 -0.448419
v -0.165033 -0.145552 -0.446095
v -0.379744 -0.160865 0.088660
v -0.362829 -0.171880 0.103553
v -0.433480 -0.176177 0.054286
v -0.455217 -0.145552 -0.014586
v -0.447029 -0.145552 -0.413893
v -0.388922 -0.176177 0.082108
v -0.464351 0.168768 -0.006737
v -0.454334 0.153456 -0.425088
v -0.459126 0.168768 0.032810
v -0.449252 0.153456 -0.416414
v -0.459126 0.184080 0.032810
v -0.446597 0.190972 0.043900
v -0.356777 -0.167785 0.153844
v 0.202187 -0.160865 0.287855
v 0.132647 -0.160865 0.287837
v 0.229793 -0.160865 0.287865
v 0.393590 -0.174933 0.112649
v 0.402771 -0.160865 0.106098
v 0.449165 0.184080 0.076970
v 0.418758 -0.176177 0.097238
v 0.015032 0.153456 -0.498738
v 0.029707 -0.145552 -0.504608
v 0.165448 0.153456 -0.450703
v 0.227739 0.153456 -0.691163
v 0.477166 0.193493 0.053501
v 0.480984 0.194288 0.008666
v 0.481868 0.168768 -0.031215
v 0.455601 0.153456 -0.475343
v 0.472336 0.153456 -0.643081
v 0.455601 0.153456 -0.438208
v 0.449165 -0.176177 0.076970
v 0.463494 -0.176177 0.065621
v 0.418743 -0.178768 0.097231
v 0.477182 -0.176177 0.053508
v 0.490188 -0.176177 0.040665
v 0.487281 -0.145552 -0.063279
v 0.480295 -0.145552 -0.630454
v 0.455378 -0.145552 -0.490615
v 0.473352 -0.160865 -0.662483
v 0.491538 -0.160865 -0.004317
v 0.480984 -0.186385 0.008666
v -0.435528 0.187900 0.087521
v -0.420052 0.184080 0.097238
v -0.386175 -0.160865 0.119813
v -0.370315 -0.160865 0.135831
v -0.394886 -0.160865 0.112651
v -0.031001 0.153456 -0.504608
v -0.037664 -0.145552 -0.508887
v -0.166742 0.153456 -0.450703
v -0.043733 -0.145552 -0.513974
v -0.371032 -0.173299 0.095816
v -0.459126 -0.160865 0.032810
v -0.446596 -0.176177 0.043898
v -0.464351 -0.160865 -0.006737
v -0.454334 -0.145552 -0.425088
v -0.449252 -0.145552 -0.416414
v -0.379743 -0.174733 0.088657
v -0.419818 -0.179731 0.063944
v -0.405647 -0.178067 0.072840
v -0.464542 0.153456 -0.026057
v -0.455446 0.153456 -0.428260
v -0.452922 0.153456 -0.422038
v -0.451222 0.153456 -0.419138
v -0.459126 0.192635 0.032811
v -0.363239 -0.169117 0.144602
v -0.243202 -0.160865 0.287865
v 0.224485 -0.160865 0.287865
v 0.434238 -0.176177 0.087519
v 0.007256 0.153456 -0.497240
v 0.022556 -0.145552 -0.501207
v 0.165448 -0.145552 -0.450703
v 0.166463 0.153456 -0.452941
v 0.227739 -0.145552 -0.691163
v 0.390049 0.153456 -0.664443
v 0.463494 0.184080 0.065621
v 0.477182 0.184080 0.053508
v 0.469738 0.194288 0.021054
v 0.490188 0.194288 0.040665
v 0.491538 0.194288 -0.004317
v 0.491538 0.168768 -0.004317
v 0.455378 0.153456 -0.490615
v 0.473352 0.168768 -0.662483
v 0.480295 0.153456 -0.630454
v 0.487281 0.153456 -0.063279
v 0.502475 -0.186385 0.027132
v 0.490244 -0.160865 -0.044187
v 0.454709 -0.145552 -0.505875
v 0.463688 -0.160865 -0.674692
v 0.491538 -0.186385 -0.004317
v -0.450455 0.189661 0.076972
v -0.464784 0.191316 0.065623
v -0.435532 0.184080 0.087519
v -0.404064 -0.160865 0.106098
v -0.377972 -0.160865 0.127552
v -0.023850 0.153456 -0.501207
v -0.031001 -0.145552 -0.504608
v -0.167757 0.153456 -0.452941
v -0.165833 -0.145552 -0.448419
v -0.377971 -0.171880 0.127543
v -0.433481 -0.181400 0.054288
v -0.464542 -0.145552 -0.026057
v -0.455446 -0.145552 -0.428260
v -0.452922 -0.145552 -0.422038
v -0.451222 -0.145552 -0.419138
v -0.394885 -0.174733 0.112647
v -0.420050 -0.178134 0.097239
v -0.456894 0.153456 -0.438208
v -0.473227 0.153456 -0.038021
v -0.471031 0.168768 0.021054
v -0.456248 0.153456 -0.431524
v -0.471031 0.184080 0.021054
v -0.471031 0.194288 0.021054
v -0.478473 0.192860 0.053509
v -0.000647 0.153456 -0.496738
v 0.015032 -0.145552 -0.498738
v 0.166463 -0.145552 -0.452941
v 0.167582 0.153456 -0.455129
v 0.232040 0.153456 -0.697351
v 0.390049 -0.145552 -0.664443
v 0.178091 0.153456 -0.468654
v 0.490188 0.184080 0.040665
v 0.490244 0.168768 -0.044187
v 0.454709 0.153456 -0.505875
v 0.463688 0.168768 -0.674692
v 0.493899 -0.145552 -0.076499
v 0.487566 -0.145552 -0.617419
v 0.482348 -0.160865 -0.649773
v 0.454449 -0.145552 -0.666968
v 0.470681 -0.160865 -0.702476
v 0.497899 -0.160865 -0.057596
v -0.450459 0.184080 0.076970
v -0.435532 -0.176177 0.087519
v -0.404064 -0.176177 0.106098
v -0.386174 -0.173299 0.119807
v -0.370314 -0.170484 0.135821
v -0.016326 0.153456 -0.498738
v -0.023850 -0.145552 -0.501207
v -0.223939 -0.145552 -0.685609
v -0.168876 0.153456 -0.455129
v -0.166742 -0.145552 -0.450703
v -0.471031 -0.160865 0.021054
v -0.459126 -0.176177 0.032810
v -0.446597 -0.183069 0.043900
v -0.473227 -0.145552 -0.038021
v -0.456894 -0.145552 -0.438208
v -0.456248 -0.145552 -0.431524
v -0.450455 -0.181758 0.076972
v -0.435528 -0.179997 0.087521
v -0.456894 0.153456 -0.475343
v -0.456732 0.153456 -0.434851
v -0.474090 0.168768 -0.018719
v -0.465006 0.153456 -0.655264
v -0.491482 0.194288 0.040665
v -0.008550 0.153456 -0.497240
v 0.007256 -0.145552 -0.497240
v 0.167582 -0.145552 -0.455129
v 0.168803 0.153456 -0.457262
v 0.232040 -0.145552 -0.697351
v 0.178091 -0.145552 -0.468654
v 0.176326 0.153456 -0.466944
v 0.235469 0.153456 -0.704062
v 0.501367 0.194288 -0.017857
v 0.502475 0.194288 0.027132
v 0.497899 0.168768 -0.057596
v 0.454449 0.153456 -0.666968
v 0.470681 0.168768 -0.702476
v 0.482348 0.168768 -0.649773
v 0.487566 0.153456 -0.617419
v 0.493899 0.153456 -0.076499
v 0.501367 -0.186385 -0.017857
v 0.481822 -0.160865 -0.689852
v 0.453596 -0.145552 -0.521108
v 0.453596 0.153456 -0.521108
v 0.453385 -0.160865 -0.686367
v 0.458880 -0.160865 -0.714485
v 0.501367 -0.160865 -0.017857
v -0.464787 0.184080 0.065621
v -0.478475 0.184080 0.053508
v -0.450459 -0.176177 0.076970
v -0.420052 -0.176177 0.097238
v -0.016326 -0.145552 -0.498738
v -0.223939 0.153456 -0.685609
v -0.179385 -0.145552 -0.468654
v -0.170096 0.153456 -0.457262
v -0.167757 -0.145552 -0.452941
v -0.474090 -0.160865 -0.018719
v -0.464784 -0.183413 0.065623
v -0.465006 -0.145552 -0.655264
v -0.456894 -0.145552 -0.475343
v -0.456732 -0.145552 -0.434851
v -0.455743 0.153456 -0.666968
v -0.481246 0.153456 -0.050440
v -0.473629 0.153456 -0.643081
v -0.482278 0.168768 0.008666
v -0.482278 0.194288 0.008666
v -0.491482 0.184080 0.040665
v -0.000647 -0.145552 -0.496738
v 0.168803 -0.145552 -0.457262
v 0.170122 0.153456 -0.459336
v 0.176326 -0.145552 -0.466944
v 0.235469 -0.145552 -0.704062
v 0.174642 0.153456 -0.465153
v 0.237963 0.153456 -0.711173
v 0.501367 0.168768 -0.017857
v 0.453385 0.168768 -0.686367
v 0.458880 0.168768 -0.714485
v 0.481822 0.168768 -0.689852
v 0.510443 -0.186385 -0.031913
v 0.499786 -0.145552 -0.090060
v 0.494129 -0.145552 -0.604013
v 0.490651 -0.160865 -0.636600
v 0.492271 -0.160865 -0.676649
v 0.452039 -0.145552 -0.536302
v 0.444572 -0.145552 -0.678160
v 0.470681 -0.186385 -0.702476
v 0.481822 -0.186385 -0.689852
v 0.504811 -0.160865 -0.071404
v -0.464787 -0.176177 0.065621
v -0.008550 -0.145552 -0.497240
v -0.229033 -0.145552 -0.691163
v -0.179385 0.153456 -0.468654
v -0.177619 -0.145552 -0.466944
v -0.171415 0.153456 -0.459336
v -0.168876 -0.145552 -0.455129
v -0.482278 -0.160865 0.008666
v -0.471031 -0.176177 0.021054
v -0.459126 -0.184732 0.032811
v -0.478473 -0.184957 0.053509
v -0.473629 -0.145552 -0.643081
v -0.455743 -0.145552 -0.666968
v -0.481246 -0.145552 -0.050440
v -0.456671 -0.145552 -0.490615
v -0.456671 0.153456 -0.490615
v -0.483162 0.168768 -0.031215
v -0.464982 0.168768 -0.674692
v -0.492831 0.194288 -0.004317
v -0.503768 0.194288 0.027132
v 0.170122 -0.145552 -0.459336
v 0.171537 0.153456 -0.461345
v 0.174642 -0.145552 -0.465153
v 0.392877 0.153456 -0.666344
v 0.237963 -0.145552 -0.711173
v 0.173045 0.153456 -0.463286
v 0.239479 0.153456 -0.718556
v 0.514004 -0.186385 0.012948
v 0.510443 0.194288 -0.031913
v 0.504811 0.168768 -0.071404
v 0.499786 0.153456 -0.090060
v 0.452039 0.153456 -0.536302
v 0.444572 0.153456 -0.678160
v 0.458880 0.194288 -0.714485
v 0.470681 0.194288 -0.702476
v 0.492271 0.168768 -0.676649
v 0.490651 0.168768 -0.636600
v 0.494129 0.153456 -0.604013
v 0.510443 -0.160865 -0.031913
v 0.492271 -0.186385 -0.676649
v 0.450039 -0.145552 -0.551444
v 0.444717 -0.145552 -0.581522
v 0.442471 -0.160865 -0.697474
v 0.446453 -0.160865 -0.725845
v 0.458880 -0.186385 -0.714485
v -0.478475 -0.176177 0.053508
v -0.491482 -0.176177 0.040665
v -0.229033 0.153456 -0.691163
v -0.177619 0.153456 -0.466944
v -0.233333 -0.145552 -0.697351
v -0.175936 -0.145552 -0.465153
v -0.172830 0.153456 -0.461345
v -0.170096 -0.145552 -0.457262
v -0.483162 -0.160865 -0.031215
v -0.482278 -0.186385 0.008666
v -0.464982 -0.160865 -0.674692
v -0.456003 0.153456 -0.505875
v -0.488575 0.153456 -0.063279
v -0.481588 0.153456 -0.630454
v -0.474646 0.168768 -0.662483
v -0.454679 0.168768 -0.686367
v -0.491537 0.168768 -0.044187
v -0.492831 0.168768 -0.004317
v -0.502661 0.194288 -0.017857
v 0.171537 -0.145552 -0.461345
v 0.173045 -0.145552 -0.463286
v 0.392877 -0.145552 -0.666344
v 0.399524 0.153456 -0.717180
v 0.239479 -0.145552 -0.718556
v 0.239987 0.153456 -0.726074
v 0.514004 0.194288 0.012948
v 0.510443 0.168768 -0.031913
v 0.450039 0.153456 -0.551444
v 0.442471 0.168768 -0.697474
v 0.444717 0.153456 -0.581522
v 0.446453 0.168768 -0.725845
v 0.481822 0.194288 -0.689852
v 0.518738 -0.160865 -0.046443
v 0.518738 -0.186385 -0.046443
v 0.504923 -0.145552 -0.103922
v 0.499965 -0.145552 -0.590275
v 0.498236 -0.160865 -0.623002
v 0.501999 -0.186385 -0.662907
v 0.447597 -0.145552 -0.566522
v 0.441401 -0.145552 -0.596431
v 0.434111 -0.145552 -0.688806
v 0.446453 -0.186385 -0.725845
v 0.465004 -0.186385 -0.747262
v 0.478551 -0.186385 -0.734878
v 0.491415 -0.186385 -0.721786
v 0.510959 -0.160865 -0.085568
v -0.233333 0.153456 -0.697351
v -0.175936 0.153456 -0.465153
v -0.236762 -0.145552 -0.704062
v -0.174338 -0.145552 -0.463286
v -0.174338 0.153456 -0.463286
v -0.171415 -0.145552 -0.459336
v -0.491537 -0.160865 -0.044187
v -0.492831 -0.186385 -0.004317
v -0.471031 -0.186385 0.021054
v -0.491482 -0.186385 0.040665
v -0.481588 -0.145552 -0.630454
v -0.474646 -0.160865 -0.662483
v -0.454679 -0.160865 -0.686367
v -0.488575 -0.145552 -0.063279
v -0.456003 -0.145552 -0.505875
v -0.454890 0.153456 -0.521108
v -0.471975 0.168768 -0.702476
v -0.445866 0.153456 -0.678160
v -0.460174 0.168768 -0.714485
v -0.502661 0.168768 -0.017857
v -0.503768 -0.186385 0.027132
v -0.511736 0.194288 -0.031913
v 0.399524 -0.145552 -0.717180
v 0.395968 0.153456 -0.667778
v 0.387038 0.153456 -0.725359
v 0.239987 -0.145552 -0.726074
v 0.373391 0.153456 -0.733288
v 0.524742 -0.186385 -0.001843
v 0.518738 0.194288 -0.046443
v 0.510959 0.168768 -0.085568
v 0.504923 0.153456 -0.103922
v 0.499965 0.153456 -0.590275
v 0.447597 0.153456 -0.566522
v 0.434111 0.153456 -0.688806
v 0.441401 0.153456 -0.596431
v 0.465004 0.194288 -0.747262
v 0.446453 0.194288 -0.725845
v 0.478551 0.194288 -0.734878
v 0.498236 0.168768 -0.623002
v 0.492271 0.194288 -0.676649
v 0.501999 -0.160865 -0.662907
v 0.503560 -0.186385 -0.708024
v 0.437651 -0.145552 -0.611237
v 0.430979 -0.160865 -0.707980
v 0.433436 -0.160865 -0.736524
v 0.433436 -0.186385 -0.736524
v 0.450814 -0.186385 -0.758903
v -0.236762 0.153456 -0.704062
v -0.391342 -0.145552 -0.664443
v -0.239257 -0.145552 -0.711173
v -0.172830 -0.145552 -0.461345
v -0.492831 -0.160865 -0.004317
v -0.471975 -0.160865 -0.702476
v -0.445866 -0.145552 -0.678160
v -0.460174 -0.160865 -0.714485
v -0.454890 -0.145552 -0.521108
v -0.495193 0.153456 -0.076499
v -0.488860 0.153456 -0.617419
v -0.483642 0.168768 -0.649773
v -0.483116 0.168768 -0.689852
v -0.443765 0.168768 -0.697474
v -0.447747 0.168768 -0.725845
v -0.499193 0.168768 -0.057596
v -0.511736 0.168768 -0.031913
v -0.515297 0.194288 0.012948
v 0.387038 -0.145552 -0.725359
v 0.395968 -0.145552 -0.667778
v 0.406390 0.168768 -0.727073
v 0.399247 0.153456 -0.668708
v 0.373391 -0.145552 -0.733288
v 0.239479 0.153456 -0.733593
v 0.524742 0.194288 -0.001843
v 0.518738 0.168768 -0.046443
v 0.430979 0.168768 -0.707980
v 0.437651 0.153456 -0.611237
v 0.433436 0.168768 -0.736524
v 0.450814 0.194288 -0.758903
v 0.491415 0.194288 -0.721786
v 0.501999 0.168768 -0.662907
v 0.526228 -0.160865 -0.061405
v 0.516325 -0.160865 -0.100047
v 0.526228 -0.186385 -0.061405
v 0.509296 -0.145552 -0.118044
v 0.505058 -0.145552 -0.576244
v 0.505083 -0.160865 -0.609017
v 0.510976 -0.186385 -0.648663
v 0.433470 -0.145552 -0.625928
v 0.423094 -0.145552 -0.698877
v 0.436020 -0.186385 -0.769768
v 0.503560 0.194288 -0.708024
v -0.239257 0.153456 -0.711173
v -0.391342 0.153456 -0.664443
v -0.388332 -0.145552 -0.725359
v -0.374684 -0.145552 -0.733288
v -0.499193 -0.160865 -0.057596
v -0.495193 -0.145552 -0.076499
v -0.502661 -0.186385 -0.017857
v -0.488860 -0.145552 -0.617419
v -0.483642 -0.160865 -0.649773
v -0.483116 -0.160865 -0.689852
v -0.443765 -0.160865 -0.697474
v -0.447747 -0.160865 -0.725845
v -0.453332 -0.145552 -0.536302
v -0.453332 0.153456 -0.536302
v -0.483116 0.194288 -0.689852
v -0.471975 0.194288 -0.702476
v -0.435404 0.153456 -0.688806
v -0.447747 0.194288 -0.725845
v -0.506105 0.168768 -0.071404
v -0.515297 -0.186385 0.012948
v -0.520031 0.194288 -0.046443
v -0.520031 0.168768 -0.046443
v 0.406390 -0.160865 -0.727073
v 0.399247 -0.145552 -0.668708
v 0.393365 0.168768 -0.735605
v 0.418940 0.168768 -0.717856
v 0.402630 0.153456 -0.669113
v 0.239479 -0.145552 -0.733593
v 0.237963 0.153456 -0.740975
v 0.534657 -0.186385 -0.017199
v 0.526228 0.194288 -0.061405
v 0.516325 0.168768 -0.100047
v 0.509296 0.153456 -0.118044
v 0.505058 0.153456 -0.576244
v 0.505083 0.168768 -0.609017
v 0.423094 0.153456 -0.698877
v 0.433470 0.153456 -0.625928
v 0.436020 0.194288 -0.769768
v 0.433436 0.194288 -0.736524
v 0.501999 0.194288 -0.662907
v 0.520893 -0.160865 -0.114797
v 0.512892 -0.145552 -0.132383
v 0.510976 -0.160865 -0.648663
v 0.514951 -0.186385 -0.693632
v 0.428862 -0.145552 -0.640490
v 0.423832 -0.145552 -0.654912
v 0.418940 -0.160865 -0.717856
v 0.419866 -0.160865 -0.746491
v 0.419866 -0.186385 -0.746491
v 0.420667 -0.186385 -0.779825
v 0.514951 0.194288 -0.693632
v -0.374684 0.153456 -0.733288
v -0.388332 0.153456 -0.725359
v -0.394170 -0.145552 -0.666344
v -0.240772 -0.145552 -0.718556
v -0.502661 -0.160865 -0.017857
v -0.471975 -0.186385 -0.702476
v -0.460174 -0.186385 -0.714485
v -0.435404 -0.145552 -0.688806
v -0.451332 0.153456 -0.551444
v -0.501079 0.153456 -0.090060
v -0.495423 0.153456 -0.604013
v -0.491944 0.168768 -0.636600
v -0.493565 0.194288 -0.676649
v -0.460174 0.194288 -0.714485
v -0.442694 0.153456 -0.596431
v -0.432272 0.168768 -0.707980
v -0.434730 0.168768 -0.736524
v -0.434730 0.194288 -0.736524
v -0.512253 0.168768 -0.085568
v -0.511736 -0.186385 -0.031913
v -0.526036 0.194288 -0.001843
v -0.517619 0.168768 -0.100047
v 0.379299 -0.160865 -0.743778
v 0.393365 -0.160865 -0.735605
v 0.411554 -0.145552 -0.708344
v 0.402630 -0.145552 -0.669113
v 0.379299 0.168768 -0.743778
v 0.405782 0.168768 -0.755716
v 0.411554 0.153456 -0.708344
v 0.419866 0.168768 -0.746491
v 0.237963 -0.145552 -0.740975
v 0.235469 0.153456 -0.748087
v 0.534657 0.194288 -0.017199
v 0.526228 0.168768 -0.061405
v 0.520893 0.168768 -0.114797
v 0.512892 0.153456 -0.132383
v 0.423832 0.153456 -0.654912
v 0.428862 0.153456 -0.640490
v 0.510976 0.168768 -0.648663
v 0.532890 -0.160865 -0.076752
v 0.524649 -0.160865 -0.129774
v 0.515701 -0.145552 -0.146898
v 0.517712 -0.145552 -0.161544
v 0.532890 -0.186385 -0.076752
v 0.509391 -0.145552 -0.561961
v 0.511171 -0.160865 -0.594685
v 0.519179 -0.186385 -0.633959
v 0.422414 -0.145552 -0.658011
v 0.420667 0.194288 -0.779825
v 0.510976 0.194288 -0.648663
v -0.240772 0.153456 -0.718556
v -0.394170 0.153456 -0.666344
v -0.397262 -0.145552 -0.667778
v -0.394658 -0.160865 -0.735605
v -0.241280 -0.145552 -0.726074
v -0.506105 -0.160865 -0.071404
v -0.501079 -0.145552 -0.090060
v -0.495423 -0.145552 -0.604013
v -0.491944 -0.160865 -0.636600
v -0.483116 -0.186385 -0.689852
v -0.432272 -0.160865 -0.707980
v -0.442694 -0.145552 -0.596431
v -0.434730 -0.160865 -0.736524
v -0.451332 -0.145552 -0.551444
v -0.447747 -0.186385 -0.725845
v -0.448891 0.153456 -0.566522
v -0.493565 0.168768 -0.676649
v -0.479844 0.194288 -0.734878
v -0.492709 0.194288 -0.721786
v -0.466298 0.194288 -0.747262
v -0.446011 0.153456 -0.581522
v -0.438944 0.153456 -0.611237
v -0.424388 0.153456 -0.698877
v -0.452107 0.194288 -0.758903
v -0.437314 0.194288 -0.769768
v -0.510590 0.153456 -0.118044
v -0.506217 0.153456 -0.103922
v -0.526036 -0.186385 -0.001843
v -0.520031 -0.186385 -0.046443
v -0.527521 0.194288 -0.061405
v -0.527521 0.168768 -0.061405
v -0.522187 0.168768 -0.114797
v 0.124671 -0.145552 -0.869025
v 0.405782 -0.160865 -0.755716
v 0.390896 0.168768 -0.764366
v 0.124671 0.153456 -0.869025
v 0.406036 0.153456 -0.668981
v 0.235469 -0.145552 -0.748087
v 0.232040 0.153456 -0.754797
v 0.543719 -0.186385 -0.033073
v 0.532890 0.194288 -0.076752
v 0.517712 0.153456 -0.161544
v 0.515701 0.153456 -0.146898
v 0.509391 0.153456 -0.561961
v 0.422414 0.153456 -0.658011
v 0.419866 0.194288 -0.746491
v 0.511171 0.168768 -0.594685
v 0.527582 -0.160865 -0.144934
v 0.519349 -0.145552 -0.191929
v 0.512954 -0.145552 -0.547466
v 0.518922 -0.145552 -0.176278
v 0.538704 -0.186385 -0.092441
v 0.519179 -0.160865 -0.633959
v 0.525555 0.194288 -0.678651
v 0.525555 -0.186385 -0.678651
v 0.420528 -0.145552 -0.660849
v 0.412575 -0.145552 -0.667137
v 0.405782 -0.186385 -0.755716
v 0.404797 0.194288 -0.789046
v 0.519179 0.194288 -0.633959
v -0.380593 0.168768 -0.743778
v -0.241280 0.153456 -0.726074
v -0.397262 0.153456 -0.667778
v -0.400540 -0.145552 -0.668708
v -0.380593 -0.160865 -0.743778
v -0.407684 -0.160865 -0.727073
v -0.240772 -0.145552 -0.733593
v -0.511736 -0.160865 -0.031913
v -0.493565 -0.160865 -0.676649
v -0.479844 -0.186385 -0.734878
v -0.466298 -0.186385 -0.747262
v -0.424388 -0.145552 -0.698877
v -0.446011 -0.145552 -0.581522
v -0.438944 -0.145552 -0.611237
v -0.448891 -0.145552 -0.566522
v -0.452107 -0.186385 -0.758903
v -0.501259 0.153456 -0.590275
v -0.499530 0.168768 -0.623002
v -0.503292 0.194288 -0.662907
v -0.434763 0.153456 -0.625928
v -0.420234 0.168768 -0.717856
v -0.421160 0.168768 -0.746491
v -0.421160 0.194288 -0.746491
v -0.421960 0.194288 -0.779825
v -0.516994 0.153456 -0.146898
v -0.514186 0.153456 -0.132383
v -0.535950 0.194288 -0.017199
v -0.534183 0.194288 -0.076752
v -0.525943 0.168768 -0.129774
v -0.520215 0.153456 -0.176278
v 0.390896 -0.160865 -0.764366
v 0.130218 -0.160865 -0.879712
v 0.222645 -0.145552 -0.766539
v 0.406036 -0.145552 -0.668981
v 0.141105 0.168768 -0.900687
v 0.130218 0.168768 -0.879712
v 0.222645 0.153456 -0.766539
v 0.405782 0.194288 -0.755716
v 0.412575 0.153456 -0.667137
v 0.409378 0.153456 -0.668317
v 0.232040 -0.145552 -0.754797
v 0.227739 0.153456 -0.760986
v 0.543719 0.194288 -0.033073
v 0.532890 0.168768 -0.076752
v 0.524649 0.168768 -0.129774
v 0.538704 0.194288 -0.092441
v 0.518922 0.153456 -0.176278
v 0.512954 0.153456 -0.547466
v 0.420528 0.153456 -0.660849
v 0.519179 0.168768 -0.633959
v 0.538704 -0.160865 -0.092441
v 0.529683 -0.160865 -0.160231
v 0.515736 -0.145552 -0.532801
v 0.517729 -0.145552 -0.518009
v 0.516484 -0.160865 -0.580048
v 0.526582 -0.186385 -0.618837
v 0.418220 -0.145552 -0.663355
v 0.409378 -0.145552 -0.668317
v 0.415546 -0.145552 -0.665469
v 0.404797 -0.186385 -0.789046
v -0.394658 0.168768 -0.735605
v -0.125965 0.153456 -0.869025
v -0.240772 0.153456 -0.733593
v -0.400540 0.153456 -0.668708
v -0.400818 -0.145552 -0.717180
v -0.392189 -0.160865 -0.764366
v -0.125965 -0.145552 -0.869025
v -0.407075 -0.160865 -0.755716
v -0.239257 -0.145552 -0.740975
v -0.512253 -0.160865 -0.085568
v -0.506217 -0.145552 -0.103922
v -0.501259 -0.145552 -0.590275
v -0.499530 -0.160865 -0.623002
v -0.493565 -0.186385 -0.676649
v -0.492709 -0.186385 -0.721786
v -0.420234 -0.160865 -0.717856
v -0.434763 -0.145552 -0.625928
v -0.421160 -0.160865 -0.746491
v -0.434730 -0.186385 -0.736524
v -0.437314 -0.186385 -0.769768
v -0.503292 0.168768 -0.662907
v -0.504854 0.194288 -0.708024
v -0.430156 0.153456 -0.640490
v -0.412848 0.153456 -0.708344
v -0.519006 0.153456 -0.161544
v -0.506351 0.153456 -0.576244
v -0.510685 0.153456 -0.561961
v -0.535950 -0.186385 -0.017199
v -0.527521 -0.186385 -0.061405
v -0.520031 -0.160865 -0.046443
v -0.534183 0.168768 -0.076752
v -0.528876 0.168768 -0.144934
v 0.141105 -0.160865 -0.900687
v 0.109003 -0.160865 -0.890169
v 0.104131 -0.145552 -0.879149
v 0.227739 -0.145552 -0.760986
v 0.390896 -0.186385 -0.764366
v 0.390896 0.194288 -0.764366
v 0.104131 0.153456 -0.879149
v 0.415546 0.153456 -0.665469
v 0.551901 -0.186385 -0.049417
v 0.543654 -0.186385 -0.108424
v 0.527582 0.168768 -0.144934
v 0.519349 0.153456 -0.191929
v 0.517729 0.153456 -0.518009
v 0.515736 0.153456 -0.532801
v 0.418220 0.153456 -0.663355
v 0.516484 0.168768 -0.580048
v 0.533165 -0.160865 -0.603340
v 0.530947 -0.160865 -0.175621
v 0.518927 -0.145552 -0.503131
v 0.543654 -0.160865 -0.108424
v 0.521005 -0.160865 -0.565147
v 0.526582 -0.160865 -0.618837
v 0.535342 0.194288 -0.663124
v 0.526582 0.194288 -0.618837
v 0.535342 -0.186385 -0.663124
v 0.154156 0.194288 -0.925831
v 0.526582 0.168768 -0.618837
v -0.392189 0.168768 -0.764366
v -0.407684 0.168768 -0.727073
v -0.131512 0.168768 -0.879712
v -0.223939 0.153456 -0.766539
v -0.239257 0.153456 -0.740975
v -0.400818 0.153456 -0.717180
v -0.403924 -0.145552 -0.669113
v -0.142398 -0.160865 -0.900687
v -0.131512 -0.160865 -0.879712
v -0.223939 -0.145552 -0.766539
v -0.236762 -0.145552 -0.748087
v -0.517619 -0.160865 -0.100047
v -0.510590 -0.145552 -0.118044
v -0.503292 -0.160865 -0.662907
v -0.412848 -0.145552 -0.708344
v -0.430156 -0.145552 -0.640490
v -0.506377 0.168768 -0.609017
v -0.504854 -0.186385 -0.708024
v -0.512270 0.194288 -0.648663
v -0.425125 0.153456 -0.654912
v -0.423708 0.153456 -0.658011
v -0.407075 0.168768 -0.755716
v -0.406090 0.194288 -0.789046
v -0.421960 -0.186385 -0.779825
v -0.514248 0.153456 -0.547466
v -0.517029 0.153456 -0.532801
v -0.545012 0.194288 -0.033073
v -0.534183 -0.186385 -0.076752
v -0.539997 0.194288 -0.092441
v -0.539997 0.168768 -0.092441
v -0.532240 0.168768 -0.175621
v -0.530977 0.168768 -0.160231
v -0.519022 0.153456 -0.518009
v 0.118566 -0.160865 -0.911796
v 0.084060 -0.145552 -0.887042
v 0.118566 0.168768 -0.911796
v 0.141105 0.194288 -0.900687
v 0.109003 0.168768 -0.890169
v 0.084060 0.153456 -0.887042
v 0.551901 0.194288 -0.049417
v 0.547723 -0.186385 -0.124653
v 0.543654 0.194288 -0.108424
v 0.538704 0.168768 -0.092441
v 0.529683 0.168768 -0.160231
v 0.518927 0.153456 -0.503131
v 0.521005 0.168768 -0.565147
v 0.531388 -0.160865 -0.191765
v 0.538909 -0.160865 -0.587513
v 0.519349 -0.145552 -0.487353
v 0.533165 -0.186385 -0.603340
v 0.154156 -0.186385 -0.925831
v -0.142398 0.168768 -0.900687
v -0.110296 0.168768 -0.890169
v -0.229033 0.153456 -0.760986
v -0.075539 0.153456 -0.836526
v -0.236762 0.153456 -0.748087
v -0.403924 0.153456 -0.669113
v -0.407329 -0.145552 -0.668981
v -0.407075 -0.186385 -0.755716
v -0.392189 -0.186385 -0.764366
v -0.105424 -0.145552 -0.879149
v -0.229033 -0.145552 -0.760986
v -0.075539 -0.145552 -0.836526
v -0.233333 -0.145552 -0.754797
v -0.516994 -0.145552 -0.146898
v -0.514186 -0.145552 -0.132383
v -0.506351 -0.145552 -0.576244
v -0.506377 -0.160865 -0.609017
v -0.503292 -0.186385 -0.662907
v -0.423708 -0.145552 -0.658011
v -0.425125 -0.145552 -0.654912
v -0.421160 -0.186385 -0.746491
v -0.512270 0.168768 -0.648663
v -0.516245 0.194288 -0.693632
v -0.516245 -0.186385 -0.693632
v -0.421821 0.153456 -0.660849
v -0.407075 0.194288 -0.755716
v -0.406090 -0.186385 -0.789046
v -0.512465 0.168768 -0.594685
v -0.545012 -0.186385 -0.033073
v -0.544947 0.194288 -0.108424
v -0.539997 -0.186385 -0.092441
v -0.527521 -0.160865 -0.061405
v -0.522187 -0.160865 -0.114797
v -0.534459 0.168768 -0.603340
v -0.532681 0.168768 -0.191765
v -0.520220 0.153456 -0.503131
v 0.141105 -0.186385 -0.900687
v 0.087999 -0.160865 -0.898429
v 0.095730 -0.160865 -0.920777
v 0.118566 -0.186385 -0.911796
v 0.074245 -0.145552 -0.836526
v 0.074245 0.153456 -0.836526
v 0.559179 -0.186385 -0.066184
v 0.547723 0.194288 -0.124653
v 0.550902 -0.186385 -0.141079
v 0.547723 -0.160865 -0.124653
v 0.533165 0.168768 -0.603340
v 0.530947 0.168768 -0.175621
v 0.519349 0.153456 -0.487353
v 0.531388 -0.160865 -0.487514
v 0.538909 -0.186385 -0.587513
v 0.543798 -0.160865 -0.571402
v 0.524722 -0.160865 -0.550026
v 0.544283 0.194288 -0.647094
v 0.533165 0.194288 -0.603340
v 0.130029 0.194288 -0.937723
v 0.524722 0.168768 -0.550026
v -0.392189 0.194288 -0.764366
v -0.105424 0.153456 -0.879149
v -0.119859 0.168768 -0.911796
v -0.233333 0.153456 -0.754797
v -0.407329 0.153456 -0.668981
v -0.410671 -0.145552 -0.668317
v -0.142398 -0.186385 -0.900687
v -0.119859 -0.160865 -0.911796
v -0.110296 -0.160865 -0.890169
v -0.519006 -0.145552 -0.161544
v -0.510685 -0.145552 -0.561961
v -0.512270 -0.160865 -0.648663
v -0.421821 -0.145552 -0.660849
v -0.512270 -0.186385 -0.648663
v -0.520472 0.194288 -0.633959
v -0.419513 0.153456 -0.663355
v -0.410671 0.153456 -0.668317
v -0.155449 0.194288 -0.925831
v -0.517777 0.168768 -0.580048
v -0.553194 0.194288 -0.049417
v -0.544947 -0.186385 -0.108424
v -0.549017 0.194288 -0.124653
v -0.534183 -0.160865 -0.076752
v -0.544947 0.168768 -0.108424
v -0.525943 -0.160865 -0.129774
v -0.520215 -0.145552 -0.176278
v -0.540203 0.168768 -0.587513
v -0.532681 0.168768 -0.487514
v -0.520643 0.153456 -0.191929
v 0.095730 -0.186385 -0.920777
v 0.063402 -0.145552 -0.893238
v 0.066380 -0.160865 -0.904913
v 0.095730 0.168768 -0.920777
v 0.118566 0.194288 -0.911796
v 0.087999 0.168768 -0.898429
v 0.063402 0.153456 -0.893238
v 0.559179 0.194288 -0.066184
v 0.553178 -0.186385 -0.157655
v 0.550902 0.194288 -0.141079
v 0.550902 -0.160865 -0.141079
v 0.543654 0.168768 -0.108424
v 0.531388 0.168768 -0.487514
v 0.538909 0.168768 -0.587513
v 0.531388 0.168768 -0.191765
v 0.530952 -0.160865 -0.503775
v 0.543798 -0.186385 -0.571402
v 0.527624 -0.160865 -0.534728
v 0.544283 -0.186385 -0.647094
v 0.538909 0.194288 -0.587513
v 0.527624 0.168768 -0.534728
v 0.130029 -0.186385 -0.937723
v -0.142398 0.194288 -0.900687
v -0.089292 0.168768 -0.898429
v -0.097023 0.168768 -0.920777
v -0.119859 0.194288 -0.911796
v -0.085353 0.153456 -0.887042
v -0.155449 -0.186385 -0.925831
v -0.085353 -0.145552 -0.887042
v -0.063684 0.153456 -0.841594
v -0.413868 -0.145552 -0.667137
v -0.517029 -0.145552 -0.532801
v -0.514248 -0.145552 -0.547466
v -0.512465 -0.160865 -0.594685
v -0.419513 -0.145552 -0.663355
v -0.520472 0.168768 -0.633959
v -0.526849 0.194288 -0.678651
v -0.526849 -0.186385 -0.678651
v -0.520472 -0.186385 -0.633959
v -0.416840 0.153456 -0.665469
v -0.413868 0.153456 -0.667137
v -0.553194 -0.186385 -0.049417
v -0.552195 0.194288 -0.141079
v -0.549017 -0.186385 -0.124653
v -0.549017 0.168768 -0.124653
v -0.539997 -0.160865 -0.092441
v -0.532240 -0.160865 -0.175621
v -0.528876 -0.160865 -0.144934
v -0.540203 0.194288 -0.587513
v -0.532246 0.168768 -0.503775
v -0.520643 0.153456 -0.487353
v -0.522298 0.168768 -0.565147
v 0.072226 -0.160865 -0.927827
v 0.072226 -0.186385 -0.927827
v 0.104997 -0.186385 -0.947567
v 0.062390 -0.145552 -0.841594
v 0.062390 0.153456 -0.841594
v 0.565531 -0.186385 -0.083324
v 0.553178 0.194288 -0.157655
v 0.554547 -0.186385 -0.174331
v 0.547723 0.168768 -0.124653
v 0.553178 -0.160865 -0.157655
v 0.547817 -0.160865 -0.555052
v 0.530952 0.168768 -0.503775
v 0.529702 -0.160865 -0.519296
v 0.547817 -0.186385 -0.555052
v 0.552354 0.194288 -0.630610
v 0.543798 0.194288 -0.571402
v 0.529702 0.168768 -0.519296
v 0.104997 0.194288 -0.947567
v -0.097023 0.194288 -0.920777
v -0.064696 0.153456 -0.893238
v -0.131323 -0.186385 -0.937723
v -0.119859 -0.186385 -0.911796
v -0.097023 -0.160865 -0.920777
v -0.089292 -0.160865 -0.898429
v -0.064696 -0.145552 -0.893238
v -0.063684 -0.145552 -0.841594
v -0.416840 -0.145552 -0.665469
v -0.519022 -0.145552 -0.518009
v -0.517777 -0.160865 -0.580048
v -0.520472 -0.160865 -0.633959
v -0.527875 0.194288 -0.618837
v -0.560472 0.194288 -0.066184
v -0.552195 -0.186385 -0.141079
v -0.554472 0.194288 -0.157655
v -0.544947 -0.160865 -0.108424
v -0.552195 0.168768 -0.141079
v -0.534459 -0.160865 -0.603340
v -0.545091 0.168768 -0.571402
v -0.532681 -0.160865 -0.191765
v -0.530977 -0.160865 -0.160231
v -0.534459 0.194288 -0.603340
v -0.545091 0.194288 -0.571402
v -0.527875 0.168768 -0.618837
v 0.079233 -0.186385 -0.955295
v 0.050196 -0.145552 -0.845777
v 0.044298 -0.160865 -0.909577
v 0.048217 -0.160865 -0.932898
v 0.072226 0.168768 -0.927827
v 0.095730 0.194288 -0.920777
v 0.066380 0.168768 -0.904913
v 0.050196 0.153456 -0.845777
v 0.565531 0.194288 -0.083324
v 0.559530 -0.186385 -0.613716
v 0.554547 0.194288 -0.174331
v 0.554547 -0.160865 -0.174331
v 0.555015 -0.186385 -0.191442
v 0.550902 0.168768 -0.141079
v 0.550954 -0.160865 -0.538510
v 0.543798 0.168768 -0.571402
v 0.552354 -0.186385 -0.630610
v 0.547817 0.194288 -0.555052
v -0.131323 0.194288 -0.937723
v -0.067674 0.168768 -0.904913
v -0.073519 0.168768 -0.927827
v -0.073519 0.194288 -0.927827
v -0.106291 0.194288 -0.947567
v -0.051489 0.153456 -0.845777
v -0.043594 0.153456 -0.897695
v -0.520220 -0.145552 -0.503131
v -0.536635 -0.186385 -0.663124
v -0.527875 -0.186385 -0.618837
v -0.527875 -0.160865 -0.618837
v -0.560472 -0.186385 -0.066184
v -0.556308 0.194288 -0.191442
v -0.554472 -0.186385 -0.157655
v -0.555841 0.194288 -0.174331
v -0.554472 0.168768 -0.157655
v -0.549017 -0.160865 -0.124653
v -0.549110 0.168768 -0.555052
v -0.540203 -0.160865 -0.587513
v -0.532681 -0.160865 -0.487514
v -0.536635 0.194288 -0.663124
v -0.530996 0.168768 -0.519296
v -0.526015 0.168768 -0.550026
v 0.048217 -0.186385 -0.932898
v 0.052916 -0.186385 -0.960853
v 0.079233 0.194288 -0.955295
v 0.042301 -0.145552 -0.897695
v 0.042301 0.153456 -0.897695
v 0.570938 -0.186385 -0.100784
v 0.559530 0.194288 -0.613716
v 0.565792 -0.186385 -0.596463
v 0.555015 0.194288 -0.191442
v 0.553178 0.168768 -0.157655
v 0.555015 -0.160865 -0.191442
v 0.547817 0.168768 -0.555052
v 0.553202 -0.160865 -0.521823
v 0.550954 -0.186385 -0.538510
v 0.550954 0.194288 -0.538510
v -0.080527 0.194288 -0.955295
v -0.045591 0.168768 -0.909577
v -0.106291 -0.186385 -0.947567
v -0.097023 -0.186385 -0.920777
v -0.073519 -0.160865 -0.927827
v -0.067674 -0.160865 -0.904913
v -0.043594 -0.145552 -0.897695
v -0.051489 -0.145552 -0.845777
v -0.520643 -0.145552 -0.191929
v -0.522298 -0.160865 -0.565147
v -0.534459 -0.186385 -0.603340
v -0.526015 -0.160865 -0.550026
v -0.566824 0.194288 -0.083324
v -0.556308 -0.186385 -0.191442
v -0.556308 0.194288 -0.487830
v -0.555841 -0.186385 -0.174331
v -0.552195 -0.160865 -0.141079
v -0.555841 0.168768 -0.174331
v -0.545091 -0.160865 -0.571402
v -0.552248 0.168768 -0.538510
v -0.532246 -0.160865 -0.503775
v -0.549110 0.194288 -0.555052
v -0.545577 0.194288 -0.647094
v -0.528917 0.168768 -0.534728
v 0.052916 0.194288 -0.960853
v 0.037727 -0.145552 -0.849055
v 0.021904 -0.160865 -0.912389
v 0.023870 -0.160865 -0.935954
v 0.023870 -0.186385 -0.935954
v 0.048217 0.168768 -0.932898
v 0.072226 0.194288 -0.927827
v 0.044298 0.168768 -0.909577
v 0.037727 0.153456 -0.849055
v 0.570938 0.194288 -0.100784
v 0.555015 0.194288 -0.487830
v 0.565792 0.194288 -0.596463
v 0.555015 -0.186385 -0.487830
v 0.554547 0.168768 -0.174331
v 0.554554 -0.160865 -0.505041
v 0.555015 -0.160865 -0.487830
v 0.550954 0.168768 -0.538510
v 0.553202 -0.186385 -0.521823
v 0.553202 0.194288 -0.521823
v -0.049511 0.168768 -0.932898
v -0.049511 0.194288 -0.932898
v -0.054210 0.194288 -0.960853
v -0.080527 -0.186385 -0.955295
v -0.039020 0.153456 -0.849055
v -0.023197 0.168768 -0.912389
v -0.520643 -0.145552 -0.487353
v -0.545577 -0.186385 -0.647094
v -0.540203 -0.186385 -0.587513
v -0.528917 -0.160865 -0.534728
v -0.566824 -0.186385 -0.083324
v -0.560824 0.194288 -0.613716
v -0.556308 -0.186385 -0.487830
v -0.556308 0.168768 -0.191442
v -0.556308 0.168768 -0.487830
v -0.554472 -0.160865 -0.157655
v -0.554496 0.168768 -0.521823
v -0.549110 -0.160865 -0.555052
v -0.552248 0.194288 -0.538510
v 0.026228 -0.186385 -0.964204
v 0.026228 0.194288 -0.964204
v 0.025051 -0.145552 -0.851409
v 0.020902 -0.145552 -0.900382
v 0.020902 0.153456 -0.900382
v 0.025051 0.153456 -0.851409
v 0.575384 -0.186385 -0.118513
v 0.571121 -0.186385 -0.578899
v 0.554554 0.194288 -0.505041
v 0.554554 -0.186385 -0.505041
v 0.571121 0.194288 -0.578899
v 0.555015 0.168768 -0.191442
v 0.553202 0.168768 -0.521823
v -0.054210 -0.186385 -0.960853
v -0.025164 0.168768 -0.935954
v -0.073519 -0.186385 -0.927827
v -0.049511 -0.160865 -0.932898
v -0.045591 -0.160865 -0.909577
v -0.039020 -0.145552 -0.849055
v -0.022195 0.153456 -0.900382
v -0.545091 -0.186385 -0.571402
v -0.530996 -0.160865 -0.519296
v -0.572232 0.194288 -0.100784
v -0.560824 -0.186385 -0.613716
v -0.567086 0.194288 -0.596463
v -0.556308 -0.160865 -0.191442
v -0.555841 -0.160865 -0.174331
v -0.553647 0.194288 -0.630610
v -0.555847 0.168768 -0.505041
v -0.552248 -0.160865 -0.538510
v -0.554496 0.194288 -0.521823
v -0.553647 -0.186385 -0.630610
v 0.048217 0.194288 -0.932898
v -0.000647 -0.160865 -0.913328
v -0.000647 -0.186385 -0.936976
v 0.023870 0.168768 -0.935954
v 0.021904 0.168768 -0.912389
v 0.575384 0.194288 -0.118513
v 0.555015 0.168768 -0.487830
v 0.554554 0.168768 -0.505041
v -0.025164 0.194288 -0.935954
v -0.027521 0.194288 -0.964204
v -0.027521 -0.186385 -0.964204
v -0.022195 -0.145552 -0.900382
v -0.026345 0.153456 -0.851409
v -0.000647 0.168768 -0.913328
v -0.000647 0.168768 -0.936976
v -0.549110 -0.186385 -0.555052
v -0.572232 -0.186385 -0.100784
v -0.567086 -0.186385 -0.596463
v -0.556308 -0.160865 -0.487830
v -0.555847 0.194288 -0.505041
v -0.554496 -0.160865 -0.521823
v -0.552248 -0.186385 -0.538510
v -0.000647 0.194288 -0.965323
v 0.023870 0.194288 -0.935954
v 0.012237 -0.145552 -0.852827
v -0.000647 -0.145552 -0.901279
v -0.000647 -0.160865 -0.936976
v -0.000647 -0.186385 -0.965323
v -0.000647 0.153456 -0.901279
v 0.012237 0.153456 -0.852827
v 0.578856 -0.186385 -0.136459
v 0.575502 -0.186385 -0.561076
v 0.575502 0.194288 -0.561076
v -0.049511 -0.186385 -0.932898
v -0.000647 0.194288 -0.936976
v -0.025164 -0.160865 -0.935954
v -0.023197 -0.160865 -0.912389
v -0.026345 -0.145552 -0.851409
v -0.013530 0.153456 -0.852827
v -0.576678 0.194288 -0.118513
v -0.572415 0.194288 -0.578899
v -0.572415 -0.186385 -0.578899
v -0.555847 -0.186385 -0.505041
v -0.555847 -0.160865 -0.505041
v -0.554496 -0.186385 -0.521823
v -0.000647 -0.145552 -0.853300
v -0.025164 -0.186385 -0.935954
v 0.578856 0.194288 -0.136459
v -0.013530 -0.145552 -0.852827
v -0.576678 -0.186385 -0.118513
v -0.000647 0.153456 -0.853300
v 0.581344 -0.186385 -0.154567
v 0.578923 -0.186385 -0.543043
v 0.578923 0.194288 -0.543043
v -0.580150 0.194288 -0.136459
v -0.576796 0.194288 -0.561076
v -0.576796 -0.186385 -0.561076
v 0.581344 0.194288 -0.154567
v -0.580150 -0.186385 -0.136459
v 0.582839 -0.186385 -0.172784
v 0.581373 -0.186385 -0.524853
v 0.581373 0.194288 -0.524853
v -0.582637 0.194288 -0.154567
v -0.580217 0.194288 -0.543043
v -0.580217 -0.186385 -0.543043
v 0.582839 0.194288 -0.172784
v -0.582637 -0.186385 -0.154567
v 0.583338 -0.186385 -0.191056
v 0.582846 -0.186385 -0.506557
v 0.582846 0.194288 -0.506557
v -0.584133 0.194288 -0.172784
v -0.582667 0.194288 -0.524853
v -0.582667 -0.186385 -0.524853
v 0.583338 0.194288 -0.191056
v -0.584133 -0.186385 -0.172784
v 0.583338 -0.186385 -0.488210
v 0.583338 0.194288 -0.488210
v -0.584631 0.194288 -0.191056
v -0.584140 0.194288 -0.506557
v -0.584140 -0.186385 -0.506557
v -0.584631 -0.186385 -0.191056
v -0.584631 0.194288 -0.488210
v -0.584631 -0.186385 -0.488210
vn -0.5813012974141654 0.6112733127489015 -0.5370602747789038
vn -0.603620080343649 0.6037630803626828 -0.5206850693047492
vn -0.6040928256884361 0.6029128260289264 -0.5211218496297907
vn -0.5761811335951018 0.6197321436929708 -0.5328671235521841
vn 0 1 0
vn -0.558508924321208 0.6182789162222851 -0.552990925068905
vn 0 0.4843818323135779 -0.8748566971364742
vn -0.5195610195388719 0.6182790232513107 -0.5897350221778704
vn -0.8737529893799694 -0.0013739999832996094 -0.4863679940884403
vn -0.8386033650797651 -0.0011750005115276508 -0.5447412371490638
vn 0 0 -1
vn 0.03271898659853486 0 -0.9994645906263837
vn 0.5948648713705982 0.6182788663077204 -0.5136798889254685
vn 0.6121531191733687 0.618057120322754 -0.49322809602116174
vn -0.9048456700747795 -0.0015659994290045144 -0.425736844767647
vn -0.7995610477713753 -0.0009730000581337028 -0.6005840358830955
vn -0.47820196241117535 0.6182789514004943 -0.6237419509710777
vn 0.1305259853353411 0 -0.9914448886106773
vn 0.558508924321208 0.6182789162222851 -0.552990925068905
vn 0.8737582813550175 -0.0011120003580701809 -0.48635915661034856
vn 0.904850911297922 -0.001176999884619201 -0.4257269582662012
vn -0.9317372050665299 -0.0017470003844981498 -0.3631290799212695
vn -0.10823905601231888 0.9915645131218781 0.07130303689840443
vn -0.10508496145762795 0.992038636146584 0.06940097454556655
vn -0.11146204862711273 0.9910704323704276 0.07318203192683953
vn -0.11242795325241055 0.9909285879714833 0.0736239693871233
vn 0.2588189595935754 0 -0.965925849201117
vn 0 -1 0
vn -0.4193353057102261 0.6186774510376801 -0.6643764843538867
vn -0.1305259853353411 0 -0.9914448886106773
vn -0.03271898659853486 0 -0.9994645906263837
vn 0.8386081934480639 -0.0010150002341376228 -0.5447341256579209
vn 0.9317416547949053 -0.0012049995535542949 -0.3631198654661119
vn -0.9543031778410939 -0.00191100035612826 -0.2988340556898233
vn -0.11480595274444451 0.990557592274197 0.07493496915583658
vn -0.11680700405518882 0.9902540343786498 0.07584900263325009
vn -0.10225199879976604 0.9924639883504578 0.06752599920738005
vn -0.7568060541657465 -0.0007700000551099158 -0.6536390467819287
vn 0.38268289803626016 0 -0.9238797538373538
vn -0.20864201708486094 0 -0.9779920800838628
vn -0.39962218306676417 0.6181992831968476 -0.6768543100666918
vn 0.5195610195388719 0.6182790232513107 -0.5897350221778704
vn -0.2588189595935754 0 -0.965925849201117
vn 0.10742999035160557 0.9918989109165709 0.06778899391180317
vn 0.05382398339331219 0.9979726920885469 0.03396298952116294
vn 0.9543065065321906 -0.0011920006326967532 -0.2988271586131649
vn -0.9724383701290766 -0.00204600077874789 -0.2331510887418677
vn -0.11925995698294127 0.9898576429584125 0.07719397215613948
vn -0.12171797115838241 0.9894727655400033 0.07828398145026073
vn 0.8737525608088226 0.0013769993078520523 0.48636875552704967
vn 0.838622225708074 0.0005920001593317112 0.544713146604933
vn 0.8386028993554984 0.0011839998579027365 0.544741934623073
vn 0.9048456757354899 0.0015619994402348571 0.42573684743105483
vn 0.8737671173705234 0.0006890000925512137 0.48634406532914365
vn 0.9317372261484919 0.0017340004208713507 0.3631290881376136
vn 0.9048560204560803 0.000781000017655973 0.4257170096241845
vn -0.7105387960366706 -0.0005679998369529581 -0.7036577980118917
vn 0.5000001748438417 0 -0.8660253028382762
vn -0.5813012974141654 -0.6112733127489013 -0.5370602747789041
vn -0.603620080343649 -0.6037630803626826 -0.5206850693047494
vn -0.5761811335951018 -0.6197321436929706 -0.5328671235521844
vn -0.5367890805242727 -0.618199092736671 -0.5741840861339355
vn -0.5046521690380665 -0.6181992070717319 -0.6026242018547353
vn -0.43596693068431525 0.61819890171071 -0.6540358960128788
vn 0.47820196241117535 0.6182789514004943 -0.6237419509710777
vn -0.38268289803626016 0 -0.9238797538373538
vn 0.7995649519741326 -0.0008919999464218915 -0.6005789639262257
vn 0.9724403490161972 -0.0011280004048478264 -0.2331490836789698
vn -0.06556299878731399 0.996989981559175 0.04138199923457808
vn -0.9798172949397475 -0.002105000633636817 -0.19988406016810945
vn -0.1244569529501157 0.9890146261114978 0.07975296985007356
vn -0.12746103281956317 0.9885242545321774 0.08107702087628178
vn 0.9543032231347287 0.0018860004409836657 0.298834069873241
vn 0.9317442747616439 0.000867000255669229 0.3631141070785533
vn 0.799584872027251 0.0004919999212557776 0.600552903882116
vn 0.7995601974714042 0.0009850002432703318 0.6005851483295354
vn -0.09939897004339142 0.9928847007669362 0.06557298023778235
vn -0.6609732938324383 -0.0003700001644815931 -0.7504093335907914
vn 0.6087613233345314 0 -0.7933534213778813
vn -0.5195610195388719 -0.6182790232513105 -0.5897350221778707
vn -0.558508924321208 -0.6182789162222849 -0.5529909250689052
vn -0.6040928256884361 -0.6029128260289262 -0.5211218496297909
vn 0 -0.48438183231357756 -0.8748566971364744
vn -0.5046521690380665 0.6181992070717321 -0.6026242018547351
vn -0.5367890805242727 0.6181990927366712 -0.5741840861339352
vn -0.4462921579800881 0 -0.8948873167754006
vn -0.4888741737478677 0 -0.8723543100382662
vn -0.4710118766964074 -0.6181988381651473 -0.629267835267456
vn -0.5673261103730218 -0.6181991202703413 -0.5440321058411844
vn -0.4710118766964074 0.6181988381651475 -0.6292678352674558
vn 0.4193353057102261 0.6186774510376801 -0.6643764843538867
vn -0.5000001748438417 0 -0.8660253028382762
vn 0.7568079123397015 -0.0007449999137072649 -0.6536369242898932
vn -0.9543089939220062 0.0005959999962040097 0.2988209980968091
vn -0.9724403490161972 0.0011280004048478264 0.2331490836789698
vn -0.9543065065321906 0.0011920006326967532 0.2988271586131649
vn -0.9724413208152518 0.0005640001860675885 0.2331470769168654
vn -0.9781096329541589 0.0003609998645309895 0.2080899219120865
vn 0.9798187762535088 -0.0010819997529199301 -0.19988495435527645
vn 0.4405339711776254 0 0.8977359412647303
vn 0.5435182337310986 0 0.8393973609690627
vn -0.08621401902398754 0.9947722195064622 0.05473001207672602
vn 0.9724384430790359 0.002009000915375307 0.2331511062322948
vn 0.9543075091339271 0.000942999514950341 0.2988248462938022
vn 0.838622225708074 -0.0005920001593319532 0.544713146604933
vn 0.799584872027251 -0.0004919999212560443 0.600552903882116
vn 0.8737671173705234 -0.0006890000925514297 0.48634406532914365
vn 0.9048560204560803 -0.0007810000176561621 0.4257170096241845
vn 0.7568051246026765 0.0007830001289153557 0.6536401076172772
vn -0.09925797451670941 0.9929157450808301 0.06531598323090747
vn -0.09741896740137833 0.993185667657288 0.06396697859518152
vn -0.6083397665152883 -0.00017799993168230612 -0.793676695381784
vn 0.7071067811865476 0 -0.7071067811865476
vn -0.47820196241117535 -0.618278951400494 -0.6237419509710779
vn -0.5673261103730218 0.6181991202703415 -0.5440321058411842
vn -0.43596693068431525 -0.6181989017107098 -0.654035896012879
vn 0.39962218306676417 0.6181992831968476 -0.6768543100666918
vn -0.6087613233345314 0 -0.7933534213778813
vn -0.904858428517527 0.0005880002784616153 0.4257122016062779
vn -0.9317416547949053 0.0012049995535542949 0.3631198654661119
vn -0.904850911297922 0.001176999884619201 0.4257269582662012
vn -0.9317464108974626 0.0006030002659212863 0.36310916013008565
vn -0.9781096329541589 -0.0003609998645310819 0.2080899219120865
vn -0.9594931262342822 0 0.28173203706565525
vn 0.3313789142316921 0 0.9434977558015838
vn 0.6388878829097507 0 0.7692998590088892
vn 0.9781094658697274 0.0006869996248402096 0.2080898863653695
vn 0.9724407586397473 0.0010039997508067388 0.23314794213257134
vn 0.9317442747616439 -0.0008670002556693903 0.3631141070785533
vn 0.7568651209977659 0 0.6535711044844601
vn -0.09707299601680383 0.993255959243729 0.0633989973985492
vn -0.09508402329463772 0.993540243407454 0.061942015175176376
vn 0.7933534213778813 0 -0.6087613233345314
vn -0.4193353057102261 -0.6186774510376799 -0.664376484353887
vn 0.5948648713705982 -0.6182788663077202 -0.5136798889254687
vn 0.6121531191733687 -0.6180571203227537 -0.49322809602116197
vn -0.5705392386506227 0 -0.8212703435288331
vn -0.39962218306676417 -0.6181992831968474 -0.676854310066692
vn -0.5961712539919608 -0.6181992633767428 -0.5122592182421954
vn -0.5175229808648468 0.008611999681575815 -0.8556259683636582
vn -0.5336961816819524 -0.00004200001429754352 -0.8456762878868622
vn 0.43596693068431525 0.61819890171071 -0.6540358960128788
vn 0.7105368013303855 -0.0005789998381086168 -0.7036598032532283
vn -0.7071067811865476 0 -0.7071067811865476
vn 0.558508924321208 -0.6182789162222849 -0.5529909250689052
vn 0.5046521690380665 0.6181992070717321 -0.6026242018547351
vn 0.4710118766964074 0.6181988381651475 -0.6292678352674558
vn -0.8737700240474621 0.0005560000153018466 0.48633901338477936
vn -0.9724413208152518 -0.0005640001860676919 0.2331470769168654
vn -0.9543089939220062 -0.0005959999962041425 0.2988209980968091
vn -0.9194850317911955 0 0.39312501359229757
vn -0.8665957377088076 0 0.4990108489651576
vn -0.8015661454073182 0 0.5979061084625695
vn -0.7253072811023202 0 0.6884252668082134
vn 0.21758105686209686 0 0.9760422550764761
vn 0.7253072811023202 0 0.6884252668082134
vn 0.9724407586397473 -0.0010039997508068425 0.23314794213257134
vn 0.9543075091339271 -0.0009429995149504737 0.2988248462938022
vn 0.8737525608088226 -0.0013769993078522683 0.48636875552704967
vn 0.8386028993554984 -0.0011839998579029785 0.544741934623073
vn 0.7995601974714042 -0.0009850002432705985 0.6005851483295354
vn 0.7568051246026765 -0.000783000128915646 0.6536401076172772
vn 0.9048456757354899 -0.0015619994402350462 0.42573684743105483
vn 0.9317372261484919 -0.001734000420871512 0.3631290881376136
vn 0.7105373008948472 0.0005800002456154998 0.7036592979821844
vn 0.7106080698499344 0 0.7035880691598964
vn -0.09489603144608273 0.9935943292513818 0.06136002033311897
vn -0.0928430117694308 0.9939011259938719 0.05950400754314522
vn 0.8660253028382762 0 -0.5000001748438417
vn -0.8386033650797651 0.0011750005115278928 -0.5447412371490638
vn -0.8737529893799694 0.0013739999832998253 -0.4863679940884403
vn 0.904850911297922 0.00117699988461939 -0.4257269582662012
vn 0.8737582813550175 0.0011120003580703968 -0.48635915661034856
vn -0.5961712539919608 0.618199263376743 -0.5122592182421952
vn -0.594230939493626 0.00910599907280008 -0.8042429181095775
vn -0.5546498875292164 0 -0.8320838312717219
vn -0.5992350858242528 0 -0.8005731146604914
vn -0.6372418638784614 0.007135998475676132 -0.7706308353851795
vn -0.6420340814959593 0 -0.7666760973172699
vn -0.6469101771059173 0 -0.7625662087693047
vn -0.5084119789669967 0 -0.861113964375716
vn -0.512151792074097 0.000720999707285184 -0.8588946513017259
vn 0.6609669327998258 -0.000394999959840387 -0.7504149237056938
vn -0.7933534213778813 0 -0.6087613233345314
vn 0.5195610195388719 -0.6182790232513105 -0.5897350221778707
vn 0.4710118766964074 -0.6181988381651473 -0.629267835267456
vn 0.5046521690380665 -0.6181992070717319 -0.6026242018547353
vn 0.20864201708486094 0 -0.9779920800838628
vn 0.5367890805242727 0.6181990927366712 -0.5741840861339352
vn -0.8737582813550175 0.0011120003580701809 0.48635915661034856
vn -0.9317464108974626 -0.0006030002659214476 0.36310916013008565
vn -0.904858428517527 -0.0005880002784618044 0.4257122016062779
vn -0.9724403490161972 -0.00112800040484793 0.2331490836789698
vn 0.05382398339331219 -0.9979726920885469 0.033962989521162494
vn -0.6388878829097507 0 0.7692998590088892
vn 0.10073502932427351 0 0.9949132896222856
vn -0.06556299878731399 -0.996989981559175 0.04138199923457764
vn 0.8015661454073182 0 0.5979061084625695
vn 0.8665957377088076 0 0.4990108489651576
vn 0.9194850317911955 0 0.39312501359229757
vn 0.9781094658697274 -0.000686999624840302 0.2080898863653695
vn 0.9543032231347287 -0.0018860004409837984 0.298834069873241
vn 0.7105373008948472 -0.0005800002456158123 0.7036592979821844
vn 0.6609711731209313 0.00038000009952909245 0.750411196546976
vn -0.09360196876591745 0.9937986683788808 0.06002397997057167
vn -0.1024689847156249 0.9928598519040426 0.061068990890889144
vn -0.09609603881757027 0.9935224013289841 0.06065302450052147
vn 0.9238797538373538 0 -0.38268289803626016
vn -0.7995610477713753 0.0009730000581339695 -0.6005840358830955
vn -0.7568060541657465 0.0007700000551102062 -0.6536390467819287
vn -0.9048456700747795 0.0015659994290047035 -0.425736844767647
vn 0.8386081934480639 0.0010150002341378648 -0.5447341256579209
vn 0.9317416547949053 0.0012049995535544562 -0.3631198654661119
vn -0.5546390221891664 -0.005775000231037366 -0.8320710332882504
vn -0.594230939493626 -0.009105999072799723 -0.8042429181095775
vn -0.5546390221891664 0.005775000231037736 -0.8320710332882504
vn -0.6783881259315738 0.004467000829225238 -0.734690136383114
vn -0.7172790381459763 0 -0.6967860370561276
vn -0.6232400545702784 -0.6181990541288933 -0.47895904193717675
vn -0.6829190530638369 0 -0.7304940567604861
vn 0.6083278596636456 -0.00019799995432282356 -0.7936858169030527
vn -0.8660253028382762 0 -0.5000001748438417
vn 0.47820196241117535 -0.618278951400494 -0.6237419509710779
vn 0.5367890805242727 -0.618199092736671 -0.5741840861339355
vn 0.43596693068431525 -0.6181989017107098 -0.654035896012879
vn -0.8386249818144174 0.0005079999889838993 0.5447089881879856
vn -0.8386081934480639 0.0010150002341376228 0.5447341256579209
vn -0.8737700240474621 -0.0005560000153020625 0.48633901338477936
vn -0.9543065065321906 -0.001192000632696886 0.2988271586131649
vn 0.10742999035160557 -0.9918989109165709 0.06778899391180272
vn -0.5435182337310986 0 0.8393973609690627
vn 0.03896498349237135 0 0.9992405766688217
vn 0.9594931262342822 0 0.28173203706565525
vn 0.9724384430790359 -0.0020090009153754104 0.2331511062322948
vn -0.10823905601231888 -0.9915645131218781 0.07130303689840399
vn -0.10508496145762795 -0.992038636146584 0.06940097454556611
vn -0.11146204862711273 -0.9910704323704276 0.07318203192683909
vn -0.10225199879976604 -0.9924639883504578 0.0675259992073796
vn -0.09939897004339142 -0.9928847007669362 0.06557298023778191
vn -0.09925797451670941 -0.9929157450808301 0.06531598323090702
vn -0.11480595274444451 -0.990557592274197 0.07493496915583614
vn -0.11242795325241055 -0.9909285879714833 0.07362396938712286
vn -0.11925995698294127 -0.9898576429584125 0.07719397215613903
vn -0.11680700405518882 -0.9902540343786498 0.07584900263324965
vn 0.6610536675439648 0 0.7503386226409203
vn 0.608336910544368 0.00018299997308977118 0.7936788832899256
vn -0.11052401964619885 0.9923151763889998 0.05563300988904677
vn 0.9469302577445085 0 -0.3214390874923564
vn -0.7105387960366706 0.0005679998369532706 -0.7036577980118917
vn -0.6609732938324383 0.0003700001644819264 -0.7504093335907914
vn -0.9317372050665299 0.001747000384498311 -0.3631290799212695
vn 0.9543065065321906 0.001192000632696886 -0.2988271586131649
vn -0.6372418638784614 -0.007135998475675791 -0.7706308353851795
vn -0.6232400545702784 0.6181990541288935 -0.47895904193717653
vn -0.5526728122034683 0.012556995733171431 -0.833303716845945
vn -0.6044847221344559 0.00962099557748448 -0.7965586338431889
vn -0.6471077959798862 0.007279997704762854 -0.7623637596419917
vn -0.512151792074097 -0.0007209997072848026 -0.8588946513017259
vn -0.636557335685735 -0.6177183257510651 -0.46175624350514144
vn -0.7809920137669367 0 -0.6245410110090968
vn -0.7116710515922389 0.0015930001154839067 -0.7025110509281891
vn -0.5060119672498945 0.0020819998652490007 -0.862523944175727
vn -0.5526728122034683 -0.01255699573317106 -0.833303716845945
vn 0.5084119789669967 0 -0.861113964375716
vn 0.5336882034929492 -0.000048000018302006694 -0.8456813224545442
vn 0.10751498344000596 0.9918848472249483 0.06785998954786615
vn 0.10753300772103153 0.991882071218623 0.06787200487331214
vn -0.9238797538373538 0 -0.38268289803626016
vn 0.4193353057102261 -0.6186774510376799 -0.664376484353887
vn 0.39962218306676417 -0.6181992831968474 -0.676854310066692
vn 0.4462921579800881 0 -0.8948873167754006
vn 0.4888741737478677 0 -0.8723543100382662
vn 0.5673261103730218 0.6181991202703415 -0.5440321058411842
vn -0.7995649519741326 0.0008919999464218915 0.6005789639262257
vn -0.9317416547949053 -0.0012049995535544562 0.3631198654661119
vn -0.904850911297922 -0.00117699988461939 0.4257269582662012
vn -0.4405339711776254 0 0.8977359412647303
vn 0.015614001468653044 0 0.9998780940485378
vn -0.9543031778410939 0.0019110003561283928 -0.2988340556898233
vn -0.9724383701290766 0.0020460007787479932 -0.2331510887418677
vn -0.9798172949397475 0.0021050006336369056 -0.19988406016810945
vn -0.08621401902398754 -0.9947722195064622 0.05473001207672558
vn -0.1244569529501157 -0.9890146261114978 0.07975296985007312
vn -0.1274610328195632 -0.9885242545321776 0.08107702087628135
vn -0.12171797115838241 -0.9894727655400033 0.07828398145026029
vn -0.09741896740137833 -0.993185667657288 0.06396697859518108
vn -0.09707299601680383 -0.993255959243729 0.06339899739854876
vn 0.6609711731209313 -0.00038000009952942574 0.750411196546976
vn 0.517536238279432 0.0018010008292005941 0.855659393955088
vn -0.11781697107246156 0.9913087566044865 0.05853298562842729
vn 0.9986557154370889 0 -0.05183398523011534
vn -0.6083397665152883 0.0001779999316826586 -0.793676695381784
vn -0.5336961816819524 0.000042000014297919075 -0.8456762878868622
vn 0.7995649519741326 0.0008919999464221582 -0.6005789639262257
vn 0.9724403490161972 0.00112800040484793 -0.2331490836789698
vn -0.6044847221344559 -0.009620995577484127 -0.7965586338431889
vn -0.6783881259315738 -0.0044670008292249114 -0.734690136383114
vn -0.636557335685735 0.6177183257510653 -0.4617562435051412
vn -0.6878751661923799 0.003373000814925689 -0.7258211753602317
vn -0.6574219551963665 -0.6043759588114775 -0.4500289693303019
vn -0.7217690132383265 0 -0.6921340126947761
vn -0.8374583162389754 0 -0.5465012063684582
vn 0.5546498875292164 0 -0.8320838312717219
vn 0.09456496759017974 0.9938506593820942 0.05760498025730794
vn 0.10755103925984702 0.9918793620702532 0.06788302477965076
vn -0.9469302577445085 0 -0.3214390874923564
vn 0.5673261103730218 -0.6181991202703413 -0.5440321058411844
vn 0.5705392386506227 0 -0.8212703435288331
vn 0.5992350858242528 0 -0.8005731146604914
vn -0.7996089902759551 0 0.6005209926970642
vn -0.8386249818144174 -0.0005079999889841413 0.5447089881879856
vn -0.8737582813550175 -0.0011120003580703968 0.48635915661034856
vn -0.3313789142316921 0 0.9434977558015838
vn -0.10073502932427351 0 0.9949132896222856
vn -0.0209690026487941 0 0.9997801262917336
vn 0.0007989997449589226 0 0.9999996807996527
vn -0.00024899999228087587 0 0.9999999689995015
vn 0.6084308928522871 0 0.7936068602418762
vn -0.09508402329463772 -0.993540243407454 0.06194201517517593
vn 0.5496940416577399 0.000029000002197536258 0.8353660633069665
vn -0.10509096026748 0.993484624385888 0.04409298332943847
vn 0.5084042842890787 0.005415003027956633 0.8611014815099999
vn 0.5084099451718035 0.002707999707962366 0.861110907135652
vn -0.6663738301413323 0 -0.7456178099420444
vn -0.5925371122212069 0 -0.8055431525626378
vn -0.5175229808648468 -0.008611999681575434 -0.8556259683636582
vn 0.7568079123397015 0.0007449999137075552 -0.6536369242898932
vn 0.9798187762535088 0.001081999752920019 -0.19988495435527645
vn -0.6471077959798862 -0.0072799977047625156 -0.7623637596419917
vn -0.6574219551963665 0.6043759588114778 -0.4500289693303017
vn -0.09261301494871424 -0.9951871606336701 0.03202100516852665
vn -0.09974596308502337 -0.9942916320226781 0.037879985980998364
vn -0.0916790342290614 -0.9951903715618584 0.03451201288532103
vn -0.5060119672498945 -0.0020819998652486173 -0.862523944175727
vn -0.08090401002748633 -0.9963171234865408 0.02840300352035346
vn -0.07731096944879831 -0.9963946062518321 0.03493998619266334
vn -0.06221097492468959 -0.9976885978627354 0.027335988981712248
vn -0.057594983658376016 -0.9975607169586463 0.03943898880983903
vn -0.6671389836747756 -0.6083919851123439 -0.4298659894809645
vn -0.9266281580711944 0 -0.37597906413733406
vn -0.9585037486726821 0 -0.28507992524977277
vn -0.9814856037291934 0 -0.19153592266815297
vn -0.7584667265602798 0 -0.6517117650471979
vn -0.8861543527710287 0 -0.463390184471962
vn -0.7206250193667977 0 -0.6933250186331101
vn -0.10245300736334914 0.9939550714360506 0.0394550028356511
vn 0.5084149851458937 0.00060799998223656 -0.8611119748413223
vn 0.4847149590064459 0.0006559999445206413 -0.8746719260268117
vn 0.09888703241937724 0.9931393255933327 0.06241502046229992
vn -0.6609669327998258 0.000394999959840387 0.7504149237056938
vn -0.7105368013303855 0.0005789998381086168 0.7036598032532283
vn -0.7568079123397015 0.0007449999137072649 0.6536369242898932
vn -0.6083278596636456 0.00019799995432282356 0.7936858169030527
vn -0.9986557154370889 0 -0.05183398523011534
vn 0.7105368013303855 0.0005789998381089292 -0.7036598032532283
vn 0.6469101771059173 0 -0.7625662087693047
vn 0.5961712539919608 0.618199263376743 -0.5122592182421952
vn 0.6420340814959593 0 -0.7666760973172699
vn -0.21758105686209686 0 0.9760422550764761
vn -0.0015899995801598715 0 0.9999987359498687
vn 0.608336910544368 -0.00018299997309012366 0.7936788832899256
vn -0.09489603144608273 -0.9935943292513818 0.06136002033311853
vn 0.5545977517094152 0.004818997842559059 0.8321046274710021
vn 0.5316290448795943 0.004735000399723827 0.846964071499863
vn 0.5500760438187844 0.0030320002415274478 0.8351090665243734
vn -0.4858747064185573 0 -0.874028471883314
vn -0.7137131291060776 0 -0.7004381267047157
vn 0.937574275787045 0 0.347785102300829
vn 0.9454848918455167 0 0.3256659627469098
vn -0.0928430117694308 -0.9939011259938719 0.05950400754314478
vn -0.1024689847156249 -0.9928598519040426 0.0610689908908887
vn -0.09609603881757027 -0.9935224013289841 0.06065302450052103
vn -0.09261301494871424 0.9951871606336701 0.03202100516852709
vn -0.0916790342290614 0.9951903715618584 0.03451201288532148
vn -0.09974596308502336 0.9942916320226779 0.0378799859809988
vn -0.08090401002748633 0.9963171234865408 0.028403003520353905
vn -0.07731096944879831 0.9963946062518321 0.03493998619266379
vn -0.6878751661923799 -0.0033730008149253665 -0.7258211753602317
vn -0.7116710515922389 -0.001593000115483595 -0.7025110509281891
vn -0.6671389836747756 0.6083919851123442 -0.4298659894809643
vn -0.09950000495226462 -0.9943410494898467 0.03722400185269423
vn -0.10509096026748 -0.993484624385888 0.04409298332943803
vn -0.10245300736334914 -0.9939550714360506 0.039455002835650656
vn -0.11052401964619885 -0.9923151763889998 0.05563300988904633
vn -0.03270401150291858 -0.9991723514369547 0.024188008507601135
vn -0.6556053190104142 -0.6258943045533577 -0.422419205544589
vn -0.9953606744588841 0 -0.0962139685324089
vn -0.02679700583191341 -0.9992502174698463 0.02794500608175595
vn -0.09950000495226462 0.9943410494898467 0.03722400185269467
vn 0.5546599718418552 0.0005019999745154036 -0.8320769577583661
vn 0.5992510538960428 0.00038000003417700234 -0.8005610720016654
vn 0.08727503688636576 0.9950184205396492 0.048181020363471876
vn 0.08823301062351982 0.9947681197730731 0.051491006199672215
vn -0.5496898726684784 0.00003199999258725709 0.8353688064931036
vn -0.5336882034929492 0.000048000018302006694 0.8456813224545442
vn -0.7568651209977659 0 0.6535711044844601
vn 0.6609669327998258 0.0003949999598407203 -0.7504149237056938
vn 0.5961712539919608 -0.6181992633767428 -0.5122592182421954
vn 0.5336882034929492 0.00004800001830238225 -0.8456813224545442
vn 0.6104079943631875 0.6177179942956834 -0.4958089954214518
vn 0.7172790381459763 0 -0.6967860370561276
vn 0.6829190530638369 0 -0.7304940567604861
vn 0.6420541848480684 0.0002510000722633524 -0.766659220721988
vn -0.7995649519741326 -0.0008919999464221582 0.6005789639262257
vn -0.8386081934480639 -0.0010150002341378648 0.5447341256579209
vn 0.5496940416577399 -0.000029000002197907238 0.8353660633069665
vn 0.594811840606508 0.0025909993056820574 0.8038607845870429
vn 0.5084099451718035 -0.0027079997079627483 0.861110907135652
vn -0.37140584871212956 0 -0.9284706217982468
vn -0.7808369059895847 0 -0.6247349247837938
vn -0.09360196876591748 -0.993798668378881 0.06002397997057124
vn -0.06221097492468959 0.9976885978627354 0.027335988981712692
vn -0.057594983658376016 0.9975607169586463 0.039438988809839474
vn -0.6556053190104141 0.6258943045533578 -0.42241920554458856
vn 0.594811840606508 -0.002590999305682415 0.8038607845870429
vn 0.5769510643337975 -0.003965000442123528 0.8167690910750677
vn 0.6063179093066707 -0.0036709994508902838 0.7952138810515189
vn 0.6377717876102313 -0.0020179993279691734 0.77022274350162
vn 0.6487210184103784 -0.002554000072481415 0.7610220215974247
vn -0.11781697107246156 -0.9913087566044865 0.05853298562842685
vn 0.6788275999147436 -0.0012809992450088937 0.7342965672226197
vn 0.6891781061854695 -0.001122000172872912 0.7245911116417465
vn 0.7120979752617168 -0.0004259999852009167 0.7020799756097422
vn 0.7214654513759825 0 0.6924504332230934
vn -0.689604899474577 -0.6083919113131965 -0.3928159427382422
vn -0.6420332648008963 -0.6177252547752744 0.45410218729039875
vn -0.6624371528686521 -0.6045241395042382 0.44241110209389445
vn -0.62918106343624 -0.6181940623284922 0.4711340475013858
vn -0.9997098180423327 0 -0.024088995615550262
vn 0.6063179093066707 0.0036709994508899307 0.7952138810515189
vn 0.5769510643337975 0.003965000442123165 0.8167690910750677
vn 0.08704498232207986 0.9950767979103712 0.04738499037660719
vn 0.08643304026730453 0.9951354636123251 0.047273022023489944
vn -0.5084112373261667 0.000022000010269404982 0.8611144019678661
vn -0.4847158283369503 -0.000007999997166979721 0.8746716902333264
vn -0.5084119789669967 0 0.861113964375716
vn -0.6610536675439648 0 0.7503386226409203
vn -0.7106080698499344 0 0.7035880691598964
vn -0.6084308928522871 0 0.7936068602418762
vn 0.5925371122212069 0 -0.8055431525626378
vn 0.6663738301413323 0 -0.7456178099420444
vn -0.937574275787045 0 0.347785102300829
vn -0.9454848918455167 0 0.3256659627469098
vn 0.6083278596636456 0.00019799995432317604 -0.7936858169030527
vn 0.6104079943631875 -0.6177179942956832 -0.495808995421452
vn 0.5546599718418552 -0.0005019999745150341 -0.8320769577583661
vn 0.5992510538960428 -0.00038000003417664683 -0.8005610720016654
vn 0.5084149851458937 -0.0006079999822361775 -0.8611119748413223
vn 0.4847149590064459 -0.0006559999445202529 -0.8746719260268117
vn 0.6318819502490925 0.6043759524147636 -0.4852369617951118
vn 0.7809920137669367 0 -0.6245410110090968
vn 0.6829438622580907 0.00011999997579754951 -0.7304708526724442
vn 0.517536238279432 -0.001801000829200974 0.855659393955088
vn 0.5500760438187844 -0.003032000241527819 0.8351090665243734
vn -0.2509699672578328 0 -0.9679948737129771
vn 0.9202061569908647 0 0.3914340667802233
vn 0.6487210184103784 0.0025540000724810765 0.7610220215974247
vn 0.6377717876102313 0.0020179993279688317 0.77022274350162
vn 0.6891781061854695 0.00112200017287259 0.7245911116417465
vn 0.6788275999147436 0.0012809992450085676 0.7342965672226197
vn -0.03270401150291858 0.9991723514369547 0.02418800850760158
vn -0.792904277147052 0 -0.6093462129872564
vn -0.6420332648008963 0.6177252547752742 0.454102187290399
vn -0.6291810634362401 0.6181940623284922 0.47113404750138616
vn -0.6624371528686521 0.604524139504238 0.44241110209389467
vn -0.689604899474577 0.6083919113131967 -0.392815942738242
vn 0.5545977517094152 -0.004818997842559429 0.8321046274710021
vn 0.5316290448795943 -0.004735000399724203 0.846964071499863
vn 0.7584667265602798 0 0.6517117650471979
vn -0.6776822912540189 -0.6258942689965836 -0.38600916589886214
vn -0.6717159603818579 -0.6085039641101332 0.4225169750797381
vn -0.9999733838173576 0 0.0072960028004070525
vn -0.9995741729883204 0 0.029180005049950473
vn -0.6030561456573745 -0.6181941493136874 0.5041421217664694
vn 0.08346200980720403 0.9952951169521596 0.04921100578253979
vn 0.08399603916484231 0.9953884641198875 0.046330021602304435
vn 0.07790795856575397 0.9955174705481112 0.05362197148191298
vn 0.07873997967654459 0.9957487429888188 0.04779598766345113
vn -0.5546487322525407 0.00007099996572576156 0.8320845983249865
vn -0.5496898726684784 -0.00003199999258762806 0.8353688064931036
vn -0.7568079123397015 -0.0007449999137075552 0.6536369242898932
vn 0.4858747064185573 0 -0.874028471883314
vn -0.9202061569908647 0 0.3914340667802233
vn 0.10751498344000596 -0.9918848472249483 0.0678599895478657
vn 0.6420541848480684 -0.00025100007226301196 -0.766659220721988
vn 0.6318819502490925 -0.6043759524147634 -0.485236961795112
vn 0.10755103925984702 -0.9918793620702532 0.06788302477965032
vn 0.09456496759017974 -0.9938506593820942 0.057604980257307495
vn 0.08823301062351982 -0.9947681197730731 0.05149100619967177
vn 0.08727503688636576 -0.9950184205396492 0.04818102036347143
vn 0.6426847467456266 0.6083917602590155 -0.4656348165133772
vn 0.9266281580711944 0 -0.37597906413733406
vn 0.9585037486726821 0 -0.28507992524977277
vn 0.8861543527710287 0 -0.463390184471962
vn 0.7154470046425356 0.000018000000116957138 -0.6986670045336502
vn 0.8374583162389754 0 -0.5465012063684582
vn 0.7217812557520457 0.000027000009567190263 -0.6921212452424788
vn 0.06936300724638843 0.9957811040297554 0.06007300627585756
vn 0.07086100437768668 0.9961610615413379 0.05139900317535363
vn 0.5084042842890787 -0.005415003027957015 0.8611014815099999
vn -0.12650106020458865 0 -0.9919664720982837
vn 0.9008072742012719 0 0.4342191321741528
vn -0.8577938376745408 0 -0.513993902733859
vn 0.7120979752617168 0.0004259999852006049 0.7020799756097422
vn -0.02679700583191341 0.9992502174698463 0.027945006081756395
vn -0.6030561456573745 0.6181941493136872 0.5041421217664697
vn -0.6717159603818579 0.608503964110133 0.42251697507973834
vn -0.6776822912540189 0.6258942689965838 -0.3860091658988618
vn -0.7100155882106036 -0.6083916471496776 -0.3545947943448303
vn -0.6602210150008817 -0.6258260142193931 0.4152710094353725
vn -0.9982970054382229 0 0.05833600031778536
vn -0.5992310802484324 0.0000950000127221298 0.800576107212359
vn -0.5546498875292164 0 0.8320838312717219
vn -0.5336882034929492 -0.00004800001830238225 0.8456813224545442
vn -0.6609669327998258 -0.0003949999598407203 0.7504149237056938
vn -0.7105368013303855 -0.0005789998381089292 0.7036598032532283
vn -0.6083278596636456 -0.00019799995432317604 0.7936858169030527
vn 0.37140584871212956 0 -0.9284706217982468
vn 0.7137131291060776 0 -0.7004381267047157
vn -0.9008072742012719 0 0.4342191321741528
vn 0.10753300772103153 -0.991882071218623 0.0678720048733117
vn 0.6426847467456267 -0.6083917602590154 -0.46563481651337746
vn 0.09888703241937724 -0.9931393255933327 0.06241502046229948
vn 0.08643304026730453 -0.9951354636123251 0.0472730220234895
vn 0.08399603916484231 -0.9953884641198875 0.04633002160230399
vn 0.08346200980720404 -0.9952951169521598 0.049211005782539355
vn 0.08704498232207986 -0.9950767979103712 0.04738499037660675
vn 0.6315742142262204 0.6258942122995976 -0.45757015520507743
vn 0.7217690132383265 0 -0.6921340126947761
vn 0.9814856037291934 0 -0.19153592266815297
vn 0.03407700816836207 0.9987872394123264 0.03553600851808909
vn 0.04355598597767524 0.9982676786197517 0.03955398726607071
vn 0.8794198757340229 0 0.4760469327324309
vn 0.6871158647206419 0 0.726547856957272
vn 0.6200378931587996 0 0.7845718648072953
vn -0.8249779266970021 0 -0.5651649497825533
vn -0.6602210150008818 0.625826014219393 0.41527100943537293
vn -0.7100155882106036 0.6083916471496779 -0.3545947943448301
vn -0.6977390987447419 -0.6258940885771634 -0.3484490493128616
vn -0.6933727789371924 -0.6085038059953264 0.38594987695051486
vn -0.9961697024536179 0 0.0874409738822157
vn -0.5752017096770764 -0.6181936879776333 0.5357047296124807
vn -0.6420270108714434 0.0000910000015407328 0.7666820129822265
vn -0.682907694488336 0.000056999974499821916 0.730504673194928
vn -0.5992350858242528 0 0.8005731146604914
vn 0.2509699672578328 0 -0.9679948737129771
vn -0.8794198757340229 0 0.4760469327324309
vn 0.6829438622580907 -0.00011999997579722511 -0.7304708526724442
vn 0.07873997967654459 -0.9957487429888188 0.04779598766345069
vn 0.07790795856575397 -0.9955174705481112 0.053621971481912535
vn 0.6315742142262203 -0.6258942122995973 -0.45757015520507766
vn -0.4847158283369503 0.000007999997166591289 0.8746716902333264
vn -0.5084112373261667 -0.000022000010269787394 0.8611144019678661
vn -0.5546487322525407 -0.00007099996572613108 0.8320845983249865
vn 0.9997098180423327 0 -0.024088995615550262
vn 0.9999733838173576 0 0.0072960028004070525
vn 0.9953606744588841 0 -0.0962139685324089
vn 0.6671389836747756 0.6083919851123442 -0.4298659894809643
vn 0.7584667265602798 0 -0.6517117650471979
vn -0.7154341606589865 0.000011000002470022196 0.6986801568966817
vn -0.721762162836419 0.000016000003609599537 0.6921411561536378
vn 0.12650106020458865 0 -0.9919664720982837
vn 0.8560922029824817 0 0.5168231225405858
vn -0.9191514954149768 0 -0.3939042123110794
vn 0.7122851804485698 0 0.7018901778151256
vn -0.6977390987447419 0.6258940885771637 -0.34844904931286125
vn -0.5752017096770764 0.6181936879776331 0.535704729612481
vn -0.6933727789371925 0.6085038059953263 0.38594987695051514
vn -0.7283098318988271 -0.6083918595770911 -0.31531592722193935
vn -0.6815060479739383 -0.6258260440544001 0.3793300267025586
vn -0.6942489499356274 0 0.7197349480977556
vn -0.7317847784445081 0 0.6815357936579136
vn -0.7672218207739347 0 0.6413818501706519
vn -0.6420340814959593 0 0.7666760973172699
vn -0.5992310802484324 -0.00009500001272248534 0.800576107212359
vn 0.7808369059895847 0 -0.6247349247837938
vn -0.8560922029824817 0 0.5168231225405858
vn 0.7154470046425356 -0.000018000000116646866 -0.6986670045336502
vn 0.07086100437768669 -0.9961610615413381 0.0513990031753532
vn 0.6671389836747756 -0.6083919851123439 -0.4298659894809645
vn -0.6420270108714434 -0.00009100000154107326 0.7666820129822265
vn 0.9995741729883204 0 0.029180005049950473
vn 0.6556053190104141 0.6258943045533578 -0.42241920554458856
vn 0.6168019499903167 0.6177249499154807 0.48782296044780393
vn 0.648132911825088 0.6085039172163944 0.4578719377090455
vn 0.63780211803773 0.6045241118789854 0.47724108832277795
vn 0.6030561456573745 0.6181941493136872 0.5041421217664697
vn -0.7584667265602798 0 0.6517117650471979
vn 0.8308750480636303 0 0.5564590321894866
vn 0.4908071376535069 0 0.8712682443589754
vn 0.7444638031396015 0 0.6676628234482738
vn -0.9637931432919563 0 -0.2666510396443463
vn 0.792904277147052 0 0.6093462129872564
vn -0.8545927235179339 0 -0.5192988319938725
vn -0.7283098318988271 0.6083918595770913 -0.31531592722193913
vn -0.6815060479739384 0.6258260440544 0.37933002670255905
vn -0.7157161022071296 -0.6258940893801858 -0.3098500442478291
vn -0.7130407298028927 -0.6085037694157552 0.34827586802558635
vn -0.8004587657757937 0 0.5993878246116559
vn -0.9931938602750146 0 0.11647298361429062
vn -0.5456971445156297 -0.6181941637148367 0.565730149820921
vn -0.6829190530638369 0 0.7304940567604861
vn -0.7154341606589865 -0.000011000002470332471 0.6986801568966817
vn -0.7122851804485698 0 0.7018901778151256
vn -0.6871158647206419 0 0.726547856957272
vn -0.8308750480636303 0 0.5564590321894866
vn 0.06936300724638843 -0.9957811040297554 0.06007300627585711
vn -0.682907694488336 -0.00005699997450014632 0.730504673194928
vn 0.6168019499903167 -0.6177249499154809 0.4878229604478037
vn 0.63780211803773 -0.6045241118789856 0.47724108832277773
vn 0.648132911825088 -0.6085039172163946 0.4578719377090453
vn 0.6030561456573745 -0.6181941493136874 0.5041421217664694
vn 0.6556053190104142 -0.6258943045533577 -0.422419205544589
vn 0.689604899474577 0.6083919113131967 -0.392815942738242
vn 0.6370421298033989 0.6258261275180316 0.45002109169608207
vn 0.5752017096770764 0.6181936879776331 0.535704729612481
vn 0.792904277147052 0 -0.6093462129872564
vn 0.8038240921725044 0 0.5948670682119235
vn 0.7749987351946024 0 0.631962784067833
vn -0.9909069425026262 0 -0.13454899219279495
vn -0.7157161022071296 0.625894089380186 -0.30985004424782875
vn -0.5456971445156297 0.6181941637148365 0.5657301498209212
vn -0.6547218840540023 0 0.7558698661415054
vn -0.7130407298028927 0.608503769415755 0.3482758680255866
vn -0.8816605003177894 0 -0.4718842677811852
vn -0.7444329155973174 -0.6083919310214392 -0.2750979688098068
vn -0.7008362607906824 -0.6258262328784333 0.3423011273748941
vn -0.8313994145250433 0 0.5556752770525385
vn -0.9893722135020946 0 0.14540503137775485
vn 0.8577938376745408 0 -0.513993902733859
vn -0.7444638031396015 0 0.6676628234482738
vn -0.8038240921725044 0 0.5948670682119235
vn 0.7217812557520457 -0.0000270000095668829 -0.6921212452424788
vn 0.04355598597767524 -0.9982676786197517 0.03955398726607027
vn 0.6370421298033989 -0.6258261275180318 0.45002109169608173
vn 0.5752017096770764 -0.6181936879776333 0.5357047296124807
vn 0.689604899474577 -0.6083919113131965 -0.3928159427382422
vn 0.9982970054382229 0 0.05833600031778536
vn 0.6776822912540189 0.6258942689965838 -0.3860091658988618
vn 0.6717159603818579 0.608503964110133 0.42251697507973834
vn 0.8249779266970021 0 -0.5651649497825533
vn 0.3479808649199441 0 0.9375016360783417
vn -1 0 0
vn 0.8249779266970021 0 0.5651649497825533
vn -0.7444329155973174 0.6083919310214394 -0.2750979688098066
vn -0.7008362607906826 0.6258262328784332 0.3423011273748945
vn -0.7683737228107663 -0.5887477876104514 -0.2509539094688955
vn -0.7306629362858293 -0.608503946938154 0.3096039730023798
vn -0.9847079927953839 0 0.17421299872537058
vn -0.9792050557392911 0 0.20287301154814077
vn -0.9728681969941555 0 0.23136004684763795
vn -0.5146280458767765 -0.6181940551092207 0.5941330529642903
vn -0.6133169297574294 0 0.7898369095407738
vn -0.6200378931587996 0 0.7845718648072953
vn 0.9191514954149768 0 -0.3939042123110794
vn -0.7749987351946024 0 0.631962784067833
vn 0.6776822912540189 -0.6258942689965836 -0.38600916589886214
vn 0.03407700816836207 -0.9987872394123264 0.03553600851808865
vn -0.721762162836419 -0.000016000003609906908 0.6921411561536378
vn 0.6717159603818579 -0.6085039641101332 0.4225169750797381
vn 0.9961697024536179 0 0.0874409738822157
vn 0.7100155882106036 0.6083916471496779 -0.3545947943448301
vn 0.6602210150008818 0.625826014219393 0.41527100943537293
vn 0.5456971445156297 0.6181941637148365 0.5657301498209212
vn 0.8545927235179339 0 -0.5192988319938725
vn -0.792904277147052 0 0.6093462129872564
vn -0.4481539589148155 0.6181939433261455 0.6457509407998168
vn -0.41294094412785526 0.6181939163565141 0.668816909507072
vn -0.7683737228107663 0.5887477876104517 -0.2509539094688953
vn -0.7306629362858293 0.6085039469381538 0.30960397300238
vn -0.5146280458767765 0.6181940551092204 0.5941330529642905
vn -0.9060998377646508 0 -0.4230639242512573
vn -0.7982822574205245 -0.559508180423513 -0.22292607188653626
vn -0.7553431046384428 -0.5890830816062741 0.2871200397750288
vn -0.8599556396369548 0 0.5103687861307705
vn -0.9657028036200092 0 0.2596499471990202
vn 0.6133169297574294 0 -0.7898369095407738
vn 0.6547218840540023 0 -0.7558698661415054
vn 0.6942489499356274 0 -0.7197349480977556
vn 0.7317847784445081 0 -0.6815357936579136
vn 0.7672218207739347 0 -0.6413818501706519
vn 0.9637931432919563 0 -0.2666510396443463
vn 0.7100155882106036 -0.6083916471496776 -0.3545947943448303
vn 0.6602210150008817 -0.6258260142193931 0.4152710094353725
vn 0.5456971445156297 -0.6181941637148367 0.565730149820921
vn 0.9931938602750146 0 0.11647298361429062
vn 0.6977390987447419 0.6258940885771637 -0.34844904931286125
vn 0.6933727789371925 0.6085038059953263 0.38594987695051514
vn 0.7317847784445081 0 0.6815357936579136
vn 0.7672218207739347 0 0.6413818501706519
vn 0.6942489499356274 0 0.7197349480977556
vn 0.6547218840540023 0 0.7558698661415054
vn 0.8816605003177894 0 -0.4718842677811852
vn -0.41294094412785526 -0.6181939163565143 0.6688169095070717
vn -0.4481539589148155 -0.6181939433261457 0.6457509407998165
vn 0.19652900237357906 0 0.980498011841965
vn -0.38578812731280354 0.6180912039744575 0.6849312260321365
vn -0.48208294871866997 0.6181939342399326 0.620831933959317
vn -0.9909069425026262 0 0.13454899219279495
vn 0.8545927235179339 0 0.5192988319938725
vn -0.7982822574205245 0.559508180423513 -0.22292607188653604
vn -0.7553431046384429 0.589083081606274 0.2871200397750291
vn -0.6818129312412148 -0.6864979307687465 -0.25268897451707645
vn -0.8239108051109253 -0.5277108751744929 -0.20662095112557619
vn -0.7861299101654028 -0.5601929359842363 0.2611199701606476
vn -0.9577148830697241 0 0.2877189648715306
vn -0.4820829487186701 -0.618193934239933 0.6208319339593169
vn -0.5701527799410248 0 0.8215386829148834
vn 0.5701527799410248 0 -0.8215386829148834
vn 0.8004587657757937 0 -0.5993878246116559
vn -0.4908071376535069 0 0.8712682443589754
vn 0.6977390987447419 -0.6258940885771634 -0.3484490493128616
vn 0.6933727789371924 -0.6085038059953264 0.38594987695051486
vn 0.7283098318988271 0.6083918595770913 -0.31531592722193913
vn 0.6815060479739384 0.6258260440544 0.37933002670255905
vn 0.8004587657757937 0 0.5993878246116559
vn 0.5146280458767765 0.6181940551092204 0.5941330529642905
vn 0.6133169297574294 0 0.7898369095407738
vn 0.7535325422976908 0.588747642389492 -0.2925148223239181
vn -0.8249779266970021 0 0.5651649497825533
vn -0.38578812731280354 -0.6180912039744577 0.6849312260321363
vn 0.040205018162500446 0 0.9991914513818427
vn -0.9637931432919563 0 0.2666510396443463
vn -0.6818129312412148 0.6864979307687468 -0.2526889745170761
vn -0.8239108051109253 0.5277108751744929 -0.20662095112557596
vn -0.7861299101654028 0.560192935984236 0.2611199701606478
vn -0.9278386371015036 0 -0.37298185411843326
vn -0.8695586056022188 -0.47270378560004694 -0.14289493518844512
vn -0.8339594336479166 -0.5277106416252286 -0.16134789042666808
vn -0.6420657579473545 -0.7404157208703598 -0.19883692504038253
vn -0.8121863845248616 -0.5287962503554713 0.24643011667088766
vn -0.8860450997571653 0 0.4635990521952294
vn -0.9489112510961838 0 0.3155430834974441
vn 0.5253531691466736 0 -0.8508842739571265
vn 0.9909069425026262 0 -0.13454899219279495
vn 0.41294094412785526 -0.6181939163565143 0.6688169095070717
vn 0.38578812731280354 -0.6180912039744577 0.6849312260321363
vn 0.7283098318988271 -0.6083918595770911 -0.31531592722193935
vn 0.6815060479739383 -0.6258260440544001 0.3793300267025586
vn 0.5146280458767765 -0.6181940551092207 0.5941330529642903
vn 0.9893722135020946 0 0.14540503137775485
vn 0.7130407298028927 0.608503769415755 0.3482758680255866
vn 0.6670059747975132 0.686497974061018 -0.28952298906051865
vn 0.7849261155956851 0.5595080823984817 -0.2661610391974059
vn 0.9060998377646508 0 -0.4230639242512573
vn -0.3621201285345624 -0.6181402194089098 0.6976902476451972
vn -0.3621201285345624 0.6181402194089096 0.6976902476451974
vn -0.9191514954149768 0 0.3939042123110794
vn 0.8816605003177894 0 0.4718842677811852
vn -0.6420657579473545 0.7404157208703598 -0.1988369250403822
vn -0.8695586056022188 0.47270378560004706 -0.1428949351884449
vn -0.8339594336479166 0.5277106416252286 -0.16134789042666786
vn -0.8121863845248614 0.5287962503554712 0.24643011667088782
vn -0.6215150863952644 -0.7713261072201213 -0.13702201904708983
vn -0.5848388538262724 -0.7977798006041382 -0.14666596334253384
vn -0.7203031919990023 -0.6894211837673092 -0.07656202040783909
vn -0.9011284243363675 -0.41550673456378734 -0.12378092092561666
vn -0.9065408219617458 -0.41550691839735776 -0.0744159853852229
vn -0.6697518778650633 -0.6859168749172391 0.28451794811573833
vn 0.8313994145250433 0 -0.5556752770525385
vn -0.9278028247148677 0 0.3730709295175812
vn -0.8738102134766672 0 0.4862671187977461
vn -0.5253531691466736 0 0.8508842739571265
vn 0.49075796707504915 0 -0.8712959415447572
vn 0.38578812731280354 0.6180912039744575 0.6849312260321365
vn 0.41294094412785526 0.6181939163565141 0.668816909507072
vn -0.3479808649199441 0 0.9375016360783417
vn 0.4481539589148155 -0.6181939433261457 0.6457509407998165
vn 1 0 0
vn 0.7535325422976911 -0.5887476423894918 -0.2925148223239184
vn 0.7130407298028927 -0.6085037694157552 0.34827586802558635
vn 0.9847079927953839 0 0.17421299872537058
vn 0.7388889111390083 0.589082929155124 0.3271459606564478
vn 0.8313994145250433 0 0.5556752770525385
vn 0.9792050557392911 0 0.20287301154814077
vn 0.9728681969941555 0 0.23136004684763795
vn 0.9657028036200092 0 0.2596499471990202
vn 0.48208294871866997 0.6181939342399326 0.620831933959317
vn 0.5701527799410248 0 0.8215386829148834
vn 0.6302569086666417 0.7404158927030088 -0.23358196615058846
vn 0.8114064502678533 0.5277106424732585 -0.25127882975726834
vn 0.8604639112719777 0.4727039512564256 -0.19013898039353475
vn 0.8239108051109253 0.5277108751744929 -0.20662095112557596
vn -0.8545927235179339 0 0.5192988319938725
vn 0.5794030370253038 0.795045050805368 -0.17943101146609042
vn 0.7169585676877362 0.6879645851705516 -0.11258393211404835
vn 0.6163368885117548 0.7685478609785428 -0.171647968950859
vn -0.11711405557531714 0 0.9931184712745512
vn -0.49075796707504915 0 0.8712959415447572
vn -0.8577938376745408 0 0.513993902733859
vn -0.9065408219617458 0.41550691839735776 -0.0744159853852227
vn -0.9011284243363675 0.41550673456378734 -0.12378092092561646
vn -0.6697518778650633 0.6859168749172389 0.28451794811573866
vn -0.9468114679560143 0 -0.3217888191764552
vn -0.9723983023429891 -0.23181107207586876 -0.026555008256617274
vn -0.6881457741736469 -0.7167237647953092 -0.11297096292672072
vn -0.8242147053198053 -0.5287958109404607 0.2025959275661947
vn -0.9095936980890742 0 0.4154988620882638
vn -0.7866619584249166 0 0.6173839673712582
vn 0.3621201285345624 0.6181402194089096 0.6976902476451974
vn -0.19652900237357906 0 0.980498011841965
vn 0.3621201285345624 -0.6181402194089098 0.6976902476451972
vn 0.9909069425026262 0 0.13454899219279495
vn 0.7849261155956851 -0.5595080823984815 -0.26616103919740614
vn 0.7388889111390083 -0.5890829291551242 0.3271459606564476
vn 0.4820829487186701 -0.618193934239933 0.6208319339593169
vn 0.771023044718567 0.5601930324906367 0.30283201756395484
vn -0.6942489499356274 0 -0.7197349480977556
vn -0.7317847784445081 0 -0.6815357936579136
vn -0.6547218840540023 0 -0.7558698661415054
vn -0.6133169297574294 0 -0.7898369095407738
vn 0.9577148830697241 0 0.2877189648715306
vn -0.5701527799410248 0 -0.8215386829148834
vn -0.5253531691466736 0 -0.8508842739571265
vn 0.8930299133202881 0.41550695966985773 -0.17277598322993185
vn 0.9011284243363675 0.41550673456378734 -0.12378092092561646
vn 0.9278386371015036 0 -0.37298185411843326
vn 0.6835580246911417 0.7141170257949786 -0.1509480054524683
vn 0.9694999017038642 0.231810976497034 -0.07958399193109879
vn -0.3177960669501045 -0.6183881302758413 0.7187501514191101
vn -0.46067297285968295 0 0.8875699477092619
vn -0.3177960669501045 0.618388130275841 0.7187501514191104
vn -0.27153092005302726 0 0.962429716631379
vn -0.7808369059895847 0 0.6247349247837938
vn 0.9060998377646508 0 0.4230639242512573
vn -0.6215150863952644 0.7713261072201213 -0.1370220190470895
vn -0.7203031919990023 0.6894211837673092 -0.07656202040783879
vn -0.5848388538262724 0.7977798006041382 -0.1466659633425335
vn -0.9723983023429891 0.23181107207586876 -0.02655500825661717
vn -0.8242147053198053 0.5287958109404607 0.20259592756619493
vn -0.7407466649329516 -0.6669236983258032 -0.08066696351135613
vn -0.8690202041763211 -0.47454411149415227 0.1400420329028794
vn -0.8338788713087345 -0.5287959183917255 0.1581799755883234
vn -0.9629622956583591 0 -0.26963608278637924
vn -0.6840231217786994 -0.685917122115894 0.24825404419741606
vn 0.8599556396369548 0 -0.5103687861307705
vn -0.680015099476356 0 0.7331981072562594
vn -0.41921784897260495 0 0.9078856729251664
vn -0.5565136449118517 0 0.8308384698766214
vn 0.46067297285968295 0 -0.8875699477092619
vn 0.4481539589148155 0.6181939433261455 0.6457509407998168
vn 0.9637931432919563 0 0.2666510396443463
vn 0.6670059747975132 -0.6864979740610178 -0.289522989060519
vn 0.8114064502678535 -0.5277106424732584 -0.2512788297572686
vn 0.7710230447185668 -0.5601930324906367 0.30283201756395456
vn 0.7978289368833564 0.5287959581666889 0.28955797709292463
vn -0.7672218207739347 0 -0.6413818501706519
vn 0.8599556396369548 0 0.5103687861307705
vn 0.9489112510961838 0 0.3155430834974441
vn 0.5253531691466736 0 0.8508842739571265
vn -0.8816605003177894 0 0.4718842677811852
vn 0.9468114679560143 0 -0.3217888191764552
vn 0.7369148091943578 0.6650198278097634 -0.12126496860147193
vn -0.7369348070996017 0 0.6759638230593948
vn -0.688145774173647 0.7167237647953093 -0.11297096292672044
vn -0.8690202041763209 0.47454411149415204 0.1400420329028796
vn -0.8338788713087345 0.5287959183917255 0.1581799755883236
vn -0.6840231217786993 0.6859171221158937 0.24825404419741628
vn -0.7743952068371155 -0.6313041686182095 -0.042037011227877154
vn -0.9002450497754505 -0.41815302312009944 0.12127200670525062
vn -0.9054465912715409 -0.41815281124126386 0.07290196709125744
vn -0.6441536265014773 -0.739504571214298 0.1954458866749374
vn -0.9305333578189914 0 0.36620714081802513
vn 0.3177960669501045 0.618388130275841 0.7187501514191104
vn -0.040205018162500446 0 0.9991914513818427
vn 0.49075796707504915 0 0.8712959415447572
vn 0.46067297285968295 0 0.8875699477092619
vn 0.3177960669501045 -0.6183881302758413 0.7187501514191101
vn 0.9191514954149768 0 0.3939042123110794
vn 0.6302569086666417 -0.7404158927030088 -0.2335819661505888
vn 0.8604639112719777 -0.4727039512564255 -0.19013898039353497
vn 0.8239108051109253 -0.5277108751744929 -0.20662095112557619
vn 0.7978289368833564 -0.5287959581666891 0.2895579770929244
vn 0.6535592945608742 0.6859173091447155 0.31996514420912303
vn -0.8004587657757937 0 -0.5993878246116559
vn 0.9278028247148677 0 0.3730709295175812
vn -0.49075796707504915 0 -0.8712959415447572
vn 0.8121863845248614 0.5287962503554712 0.24643011667088782
vn 0.8602769719717466 0.47454398453912 0.18636399392816813
vn 0.8242147053198053 0.5287958109404607 0.20259592756619493
vn 0.7715173917916757 0.6305963202291894 -0.08431604281734144
vn -0.2569199947274879 -0.618387987309442 0.7426899847585161
vn -0.4043861523039853 0 0.914588344461473
vn -0.4098732245505421 0 0.9121424997205979
vn -0.4265520155535797 0 0.9044630329798884
vn -0.2569199947274879 0.6183879873094418 0.7426899847585163
vn 0.9278386371015036 0 0.37298185411843326
vn -0.9762426986100076 0 -0.21667993310560635
vn -0.7407466649329516 0.6669236983258032 -0.08066696351135583
vn -0.9002450497754505 0.41815302312009944 0.12127200670525082
vn -0.9054465912715409 0.41815281124126386 0.07290196709125764
vn -0.6441536265014773 0.739504571214298 0.19544588667493773
vn -0.9488041287332785 0 0.315865042856414
vn -0.7860318364920325 -0.6180928714261886 -0.010730997767770407
vn -0.9711227444544246 -0.23715793759320133 0.026013993154561627
vn -0.786036049420839 -0.6180910388615481 0.010526000661806388
vn -0.721039071508693 -0.6887990683113067 0.07522300746020437
vn 0.8860450997571653 0 -0.4635990521952294
vn 0.4043861523039853 0 -0.914588344461473
vn 0.7808369059895847 0 0.6247349247837938
vn 0.7369348070996017 0 0.6759638230593948
vn 0.4265520155535797 0 0.9044630329798884
vn 0.4098732245505421 0 0.9121424997205979
vn 0.11711405557531714 0 0.9931184712745512
vn 0.8577938376745408 0 0.513993902733859
vn 0.9011284243363675 -0.41550673456378734 -0.12378092092561666
vn 0.8930299133202881 -0.4155069596698576 -0.172775983229932
vn 0.6535592945608742 -0.6859173091447157 0.3199651442091227
vn 0.8860450997571653 0 0.4635990521952294
vn 0.8738102134766672 0 0.4862671187977461
vn 0.7866619584249166 0 0.6173839673712582
vn -0.46067297285968295 0 -0.8875699477092619
vn 0.8924617890657885 0.41815290116915527 0.16929295998744442
vn 0.9002450497754505 0.41815302312009944 0.12127200670525082
vn 0.6697518778650633 0.6859168749172389 0.28451794811573866
vn -0.9060998377646508 0 0.4230639242512573
vn 0.9629622956583591 0 -0.26963608278637924
vn 0.5794030370253037 -0.7950450508053678 -0.17943101146609072
vn 0.6163368885117548 -0.7685478609785428 -0.17164796895085932
vn 0.7169585676877362 -0.6879645851705516 -0.11258393211404866
vn 0.7860318364920325 0.6180928714261886 -0.010730997767770133
vn 0.7848500924141416 0.6181990727913995 -0.042898005051133
vn 0.9683374691749751 0.23715786999436014 0.07796595726047739
vn -0.3269229933749056 0 0.945050980848542
vn -0.1942639900443593 -0.6183879683088545 0.7614839609754709
vn -0.9866133355975699 0 -0.16307705547083295
vn -0.7743952068371155 0.6313041686182095 -0.042037011227876876
vn -0.9711227444544246 0.23715793759320133 0.02601399315456173
vn -0.786036049420839 0.6180910388615481 0.010526000661806662
vn -0.721039071508693 0.6887990683113067 0.07522300746020467
vn -0.9643536171492793 0 0.264616894946452
vn -0.6233880363681474 -0.7702160449340202 0.13473900786060639
vn -0.5870451840595342 -0.7965902497593614 0.1442980452425667
vn -0.7745569545962472 -0.6311579630021524 0.04124499758225941
vn -0.6233880363681474 0.7702160449340202 0.13473900786060672
vn -0.5870451840595342 0.7965902497593614 0.14429804524256704
vn 0.2569199947274879 0.6183879873094418 0.7426899847585163
vn 0.4043861523039853 0 0.914588344461473
vn 0.27153092005302726 0 0.962429716631379
vn 0.2569199947274879 -0.618387987309442 0.7426899847585161
vn 0.35903208389701147 0 0.9333252180952624
vn 0.9694999017038642 -0.23181097649703394 -0.0795839919310989
vn 0.8121863845248616 -0.5287962503554713 0.24643011667088766
vn -0.8313994145250433 0 -0.5556752770525385
vn 0.680015099476356 0 0.7331981072562594
vn 0.6327659881096944 0.7395049861039619 0.22965099568462832
vn 0.9762426986100076 0 -0.21667993310560635
vn 0.6835580246911417 -0.7141170257949786 -0.15094800545246864
vn 0.9305333578189914 0 0.36620714081802513
vn 0.9488041287332785 0 0.315865042856414
vn 0.786036049420839 0.6180910388615481 0.010526000661806662
vn 0.5818071684523992 0.7939382298713508 0.17652905111099332
vn -0.24719494102164244 0 0.9689657688140003
vn -0.35903208389701147 0 0.9333252180952624
vn -0.1942639900443593 0.618387968308854 0.7614839609754711
vn 0.9468114679560143 0 0.3217888191764552
vn -0.9940429562770215 0 -0.10898899520611915
vn -0.7860318364920325 0.6180928714261886 -0.010730997767770133
vn -0.7745569545962472 0.6311579630021524 0.04124499758225969
vn -0.6893510658409576 -0.7158760683744004 0.11098001059986765
vn -0.7413408706408481 -0.6664408837104078 0.07918498618273567
vn -0.9771371324660928 0 0.21261002882258678
vn 0.9095936980890742 0 -0.4154988620882638
vn 0.3269229933749056 0 -0.945050980848542
vn -0.6893510658409576 0.7158760683744004 0.11098001059986795
vn 0.3269229933749056 0 0.945050980848542
vn 0.41921784897260495 0 0.9078856729251664
vn 0.8602769719717466 -0.4745439845391201 0.1863639939281679
vn 0.8242147053198053 -0.5287958109404607 0.2025959275661947
vn 0.6697518778650633 -0.6859168749172391 0.28451794811573833
vn 0.9095936980890742 0 0.4154988620882638
vn 0.5565136449118517 0 0.8308384698766214
vn -0.4043861523039853 0 -0.914588344461473
vn -0.9278386371015036 0 0.37298185411843326
vn 0.9866133355975699 0 -0.16307705547083295
vn 0.7369148091943577 -0.6650198278097633 -0.1212649686014722
vn 0.9643536171492793 0 0.264616894946452
vn 0.7745569545962472 0.6311579630021524 0.04124499758225969
vn 0.721039071508693 0.6887990683113067 0.07522300746020467
vn 0.9711227444544246 0.23715793759320133 0.02601399315456173
vn -0.13026199953157785 -0.6183879977762771 0.7750019972130927
vn -0.9985096206283238 0 -0.05457597926451553
vn -0.7413408706408481 0.6664408837104078 0.07918498618273598
vn 0.1942639900443593 0.618387968308854 0.7614839609754711
vn 0.24719494102164244 0 0.9689657688140003
vn 0.1942639900443593 -0.6183879683088545 0.7614839609754709
vn 0.2895769228344206 0 0.957154744940309
vn 0.9002450497754505 -0.41815302312009944 0.12127200670525062
vn 0.8924617890657885 -0.4181529011691554 0.16929295998744426
vn 0.6327659881096944 -0.7395049861039619 0.229650995684628
vn -0.8599556396369548 0 -0.5103687861307705
vn 0.9940429562770215 0 -0.10898899520611915
vn 0.7860318364920325 -0.6180928714261886 -0.010730997767770407
vn 0.7848500924141416 -0.6181990727913995 -0.042898005051133274
vn 0.7715173917916757 -0.6305963202291894 -0.08431604281734172
vn 0.7413408706408481 0.6664408837104078 0.07918498618273598
vn 0.5870451840595342 0.7965902497593614 0.14429804524256704
vn 0.6233880363681474 0.7702160449340202 0.13473900786060672
vn -0.165754021514459 0 0.986167128002036
vn 0.24719494102164244 0 -0.9689657688140003
vn -0.2895769228344206 0 0.957154744940309
vn -0.13026199953157785 0.6183879977762766 0.7750019972130929
vn 0.9629622956583591 0 0.26963608278637924
vn -0.9999068344409395 0 -0.013649997739908637
vn -0.9871179871872087 0 0.15999399792327793
vn 0.9305333578189914 0 -0.36620714081802513
vn 0.13026199953157785 0.6183879977762766 0.7750019972130929
vn 0.9683374691749751 -0.2371578699943602 0.07796595726047728
vn -0.3269229933749056 0 -0.945050980848542
vn -0.9468114679560143 0 0.3217888191764552
vn 0.9985096206283238 0 -0.05457597926451553
vn 0.9771371324660928 0 0.21261002882258678
vn 0.786036049420839 -0.6180910388615481 0.010526000661806388
vn 0.6893510658409576 0.7158760683744004 0.11098001059986795
vn 0.165754021514459 0 -0.986167128002036
vn -0.06535702684563303 -0.618388254005192 0.7831503216818015
vn -0.08316498268002094 0 0.9965357924609793
vn -0.21855989590256905 0 0.9758235352270707
vn 0.9488041287332785 0 -0.315865042856414
vn -0.9999103498686926 0 0.013390004685163461
vn -0.9942678436275315 0 0.10691798318458244
vn 0.165754021514459 0 0.986167128002036
vn -0.24719494102164244 0 -0.9689657688140003
vn 0.13026199953157785 -0.6183879977762771 0.7750019972130927
vn 0.21855989590256905 0 0.9758235352270707
vn 0.06535702684563303 0.6183882540051916 0.7831503216818018
vn 0.5818071684523993 -0.793938229871351 0.176529051110993
vn -0.8860450997571653 0 -0.4635990521952294
vn 0.9999068344409395 0 -0.013649997739908637
vn 0.9999103498686926 0 0.013390004685163461
vn 0.9871179871872087 0 0.15999399792327793
vn 0.7745569545962472 -0.6311579630021524 0.04124499758225941
vn 0.721039071508693 -0.6887990683113067 0.07522300746020437
vn 0.08316498268002094 0 -0.9965357924609793
vn -0.06535702684563303 0.6183882540051916 0.7831503216818018
vn 0.9762426986100076 0 0.21667993310560635
vn 0.9643536171492793 0 -0.264616894946452
vn -0.99856592028848 0 0.05353599572643578
vn -0.165754021514459 0 -0.986167128002036
vn 0.9711227444544246 -0.23715793759320133 0.026013993154561627
vn 0.6233880363681474 -0.7702160449340202 0.13473900786060639
vn 0.5870451840595342 -0.7965902497593614 0.1442980452425667
vn 0.6893510658409576 -0.7158760683744004 0.11098001059986765
vn -0.9629622956583591 0 0.26963608278637924
vn 0.99856592028848 0 0.05353599572643578
vn 0.9942678436275315 0 0.10691798318458244
vn 0.7413408706408481 -0.6664408837104078 0.07918498618273567
vn -0.9095936980890742 0 -0.4154988620882638
vn -0.1463649499003108 0 0.9892306613933272
vn 0 -0.6183879719644546 0.7858729643712711
vn 0 0 1
vn 0.08316498268002094 0 0.9965357924609793
vn -0.08316498268002094 0 -0.9965357924609793
vn 0.06535702684563303 -0.618388254005192 0.7831503216818015
vn 0.1463649499003108 0 0.9892306613933272
vn 0 0.6183879719644542 0.7858729643712713
vn -0.9305333578189914 0 -0.36620714081802513
vn -0.9488041287332785 0 -0.315865042856414
vn -0.07338000393258129 0 0.9973040534475203
vn 0.9866133355975699 0 0.16307705547083295
vn 0.9771371324660928 0 -0.21261002882258678
vn -0.9762426986100076 0 0.21667993310560635
vn -0.9643536171492793 0 -0.264616894946452
vn 0.07338000393258129 0 0.9973040534475203
vn 0.9940429562770215 0 0.10898899520611915
vn 0.9871179871872087 0 -0.15999399792327793
vn -0.9866133355975699 0 0.16307705547083295
vn -0.9771371324660928 0 -0.21261002882258678
vn 0.9985096206283238 0 0.05457597926451553
vn 0.9942678436275315 0 -0.10691798318458244
vn -0.9940429562770215 0 0.10898899520611915
vn -0.9871179871872087 0 -0.15999399792327793
vn 0.9999068344409395 0 0.013649997739908637
vn 0.99856592028848 0 -0.05353599572643578
vn -0.9985096206283238 0 0.05457597926451553
vn -0.9942678436275315 0 -0.10691798318458244
vn 0.9999103498686926 0 -0.013390004685163461
vn -0.9999068344409395 0 0.013649997739908637
vn -0.99856592028848 0 -0.05353599572643578
vn -0.9999103498686926 0 -0.013390004685163461
vn 0.6040928256884361 -0.6029128260289264 0.5211218496297907
vn 0.603620080343649 -0.6037630803626828 0.5206850693047492
vn 0.5813012974141654 -0.6112733127489015 0.5370602747789038
vn 0.5761811335951018 -0.6197321436929708 0.5328671235521841
vn 0.558508924321208 -0.6182789162222851 0.552990925068905
vn 0 -0.4843818323135779 0.8748566971364742
vn 0.5195610195388719 -0.6182790232513107 0.5897350221778704
vn 0.8737529893799694 0.0013739999832996094 0.4863679940884403
vn 0.8386033650797651 0.0011750005115276508 0.5447412371490638
vn -0.03271898659853486 0 0.9994645906263837
vn -0.6121531191733687 -0.618057120322754 0.49322809602116174
vn -0.5948648713705982 -0.6182788663077204 0.5136798889254685
vn 0.9048456700747795 0.0015659994290045144 0.425736844767647
vn 0.7995610477713753 0.0009730000581337028 0.6005840358830955
vn 0.47820196241117535 -0.6182789514004943 0.6237419509710777
vn -0.1305259853353411 0 0.9914448886106773
vn -0.558508924321208 -0.6182789162222851 0.552990925068905
vn 0.9317372050665299 0.0017470003844981498 0.3631290799212695
vn 0.10823905601231888 -0.9915645131218781 -0.07130303689840443
vn 0.10508496145762795 -0.992038636146584 -0.06940097454556655
vn 0.11242795325241055 -0.9909285879714833 -0.0736239693871233
vn 0.11146204862711273 -0.9910704323704276 -0.07318203192683953
vn -0.2588189595935754 0 0.965925849201117
vn 0.4193353057102261 -0.6186774510376801 0.6643764843538867
vn 0.1305259853353411 0 0.9914448886106773
vn 0.03271898659853486 0 0.9994645906263837
vn 0.9543031778410939 0.00191100035612826 0.2988340556898233
vn 0.11680700405518882 -0.9902540343786498 -0.07584900263325009
vn 0.11480595274444451 -0.990557592274197 -0.07493496915583658
vn 0.10225199879976604 -0.9924639883504578 -0.06752599920738005
vn 0.7568060541657465 0.0007700000551099158 0.6536390467819287
vn -0.38268289803626016 0 0.9238797538373538
vn 0.20864201708486094 0 0.9779920800838628
vn 0.39962218306676417 -0.6181992831968476 0.6768543100666918
vn -0.5195610195388719 -0.6182790232513107 0.5897350221778704
vn 0.2588189595935754 0 0.965925849201117
vn -0.10742999035160557 -0.9918989109165709 -0.06778899391180317
vn -0.05382398339331219 -0.9979726920885469 -0.03396298952116294
vn 0.9724383701290766 0.00204600077874789 0.2331510887418677
vn 0.12171797115838241 -0.9894727655400033 -0.07828398145026073
vn 0.11925995698294127 -0.9898576429584125 -0.07719397215613948
vn -0.8386028993554984 -0.0011839998579027365 -0.544741934623073
vn -0.838622225708074 -0.0005920001593317112 -0.544713146604933
vn -0.8737525608088226 -0.0013769993078520523 -0.48636875552704967
vn -0.8737671173705234 -0.0006890000925512137 -0.48634406532914365
vn -0.9048456757354899 -0.0015619994402348571 -0.42573684743105483
vn -0.9048560204560803 -0.000781000017655973 -0.4257170096241845
vn -0.9317372261484919 -0.0017340004208713507 -0.3631290881376136
vn 0.7105387960366706 0.0005679998369529581 0.7036577980118917
vn -0.5000001748438417 0 0.8660253028382762
vn 0.5761811335951018 0.6197321436929706 0.5328671235521844
vn 0.603620080343649 0.6037630803626826 0.5206850693047494
vn 0.5813012974141654 0.6112733127489013 0.5370602747789041
vn 0.5046521690380665 0.6181992070717319 0.6026242018547353
vn 0.5367890805242727 0.618199092736671 0.5741840861339355
vn 0.43596693068431525 -0.61819890171071 0.6540358960128788
vn -0.47820196241117535 -0.6182789514004943 0.6237419509710777
vn 0.38268289803626016 0 0.9238797538373538
vn 0.06556299878731399 -0.996989981559175 -0.04138199923457808
vn 0.9798172949397475 0.002105000633636817 0.19988406016810945
vn 0.12746103281956317 -0.9885242545321774 -0.08107702087628178
vn 0.1244569529501157 -0.9890146261114978 -0.07975296985007356
vn -0.9317442747616439 -0.000867000255669229 -0.3631141070785533
vn -0.9543032231347287 -0.0018860004409836657 -0.298834069873241
vn -0.799584872027251 -0.0004919999212557776 -0.600552903882116
vn -0.7995601974714042 -0.0009850002432703318 -0.6005851483295354
vn 0.09939897004339142 -0.9928847007669362 -0.06557298023778235
vn 0.6609732938324383 0.0003700001644815931 0.7504093335907914
vn -0.6087613233345314 0 0.7933534213778813
vn 0.558508924321208 0.6182789162222849 0.5529909250689052
vn 0.5195610195388719 0.6182790232513105 0.5897350221778707
vn 0.6040928256884361 0.6029128260289262 0.5211218496297909
vn 0 0.48438183231357756 0.8748566971364744
vn 0.5046521690380665 -0.6181992070717321 0.6026242018547351
vn 0.5367890805242727 -0.6181990927366712 0.5741840861339352
vn 0.4462921579800881 0 0.8948873167754006
vn 0.4888741737478677 0 0.8723543100382662
vn 0.4710118766964074 0.6181988381651473 0.629267835267456
vn 0.5673261103730218 0.6181991202703413 0.5440321058411844
vn 0.4710118766964074 -0.6181988381651475 0.6292678352674558
vn -0.4193353057102261 -0.6186774510376801 0.6643764843538867
vn 0.5000001748438417 0 0.8660253028382762
vn 0.9543089939220062 -0.0005959999962040097 -0.2988209980968091
vn 0.9781096329541589 -0.0003609998645309895 -0.2080899219120865
vn 0.9724413208152518 -0.0005640001860675885 -0.2331470769168654
vn -0.9798187762535088 0.0010819997529199301 0.19988495435527645
vn -0.4405339711776254 0 -0.8977359412647303
vn -0.5435182337310986 0 -0.8393973609690627
vn 0.08621401902398754 -0.9947722195064622 -0.05473001207672602
vn -0.9543075091339271 -0.000942999514950341 -0.2988248462938022
vn -0.9724384430790359 -0.002009000915375307 -0.2331511062322948
vn -0.838622225708074 0.0005920001593319532 -0.544713146604933
vn -0.799584872027251 0.0004919999212560443 -0.600552903882116
vn -0.8737671173705234 0.0006890000925514297 -0.48634406532914365
vn -0.9048560204560803 0.0007810000176561621 -0.4257170096241845
vn -0.7568051246026765 -0.0007830001289153557 -0.6536401076172772
vn 0.09925797451670941 -0.9929157450808301 -0.06531598323090747
vn 0.09741896740137833 -0.993185667657288 -0.06396697859518152
vn 0.6083397665152883 0.00017799993168230612 0.793676695381784
vn -0.7071067811865476 0 0.7071067811865476
vn 0.47820196241117535 0.618278951400494 0.6237419509710779
vn 0.5673261103730218 -0.6181991202703415 0.5440321058411842
vn 0.43596693068431525 0.6181989017107098 0.654035896012879
vn -0.39962218306676417 -0.6181992831968476 0.6768543100666918
vn 0.6087613233345314 0 0.7933534213778813
vn 0.904858428517527 -0.0005880002784616153 -0.4257122016062779
vn 0.9317464108974626 -0.0006030002659212863 -0.36310916013008565
vn 0.9781096329541589 0.0003609998645310819 -0.2080899219120865
vn 0.9594931262342822 0 -0.28173203706565525
vn -0.3313789142316921 0 -0.9434977558015838
vn -0.6388878829097507 0 -0.7692998590088892
vn -0.9724407586397473 -0.0010039997508067388 -0.23314794213257134
vn -0.9781094658697274 -0.0006869996248402096 -0.2080898863653695
vn -0.9317442747616439 0.0008670002556693903 -0.3631141070785533
vn -0.7568651209977659 0 -0.6535711044844601
vn 0.09707299601680383 -0.993255959243729 -0.0633989973985492
vn 0.09508402329463772 -0.993540243407454 -0.061942015175176376
vn -0.7933534213778813 0 0.6087613233345314
vn 0.4193353057102261 0.6186774510376799 0.664376484353887
vn -0.5948648713705982 0.6182788663077202 0.5136798889254687
vn -0.6121531191733687 0.6180571203227537 0.49322809602116197
vn 0.5705392386506227 0 0.8212703435288331
vn 0.39962218306676417 0.6181992831968474 0.676854310066692
vn 0.5961712539919608 0.6181992633767428 0.5122592182421954
vn 0.5336961816819524 0.00004200001429754352 0.8456762878868622
vn 0.5175229808648468 -0.008611999681575815 0.8556259683636582
vn -0.43596693068431525 -0.61819890171071 0.6540358960128788
vn 0.7071067811865476 0 0.7071067811865476
vn -0.558508924321208 0.6182789162222849 0.5529909250689052
vn -0.4710118766964074 -0.6181988381651475 0.6292678352674558
vn -0.5046521690380665 -0.6181992070717321 0.6026242018547351
vn 0.8737700240474621 -0.0005560000153018466 -0.48633901338477936
vn 0.9724413208152518 0.0005640001860676919 -0.2331470769168654
vn 0.9543089939220062 0.0005959999962041425 -0.2988209980968091
vn 0.9194850317911955 0 -0.39312501359229757
vn 0.8015661454073182 0 -0.5979061084625695
vn 0.8665957377088076 0 -0.4990108489651576
vn 0.7253072811023202 0 -0.6884252668082134
vn -0.21758105686209686 0 -0.9760422550764761
vn -0.7253072811023202 0 -0.6884252668082134
vn -0.9724407586397473 0.0010039997508068425 -0.23314794213257134
vn -0.9543075091339271 0.0009429995149504737 -0.2988248462938022
vn -0.8737525608088226 0.0013769993078522683 -0.48636875552704967
vn -0.8386028993554984 0.0011839998579029785 -0.544741934623073
vn -0.7568051246026765 0.000783000128915646 -0.6536401076172772
vn -0.7995601974714042 0.0009850002432705985 -0.6005851483295354
vn -0.9048456757354899 0.0015619994402350462 -0.42573684743105483
vn -0.9317372261484919 0.001734000420871512 -0.3631290881376136
vn -0.7105373008948472 -0.0005800002456154998 -0.7036592979821844
vn -0.7106080698499344 0 -0.7035880691598964
vn 0.09489603144608273 -0.9935943292513818 -0.06136002033311897
vn 0.0928430117694308 -0.9939011259938719 -0.05950400754314522
vn -0.8660253028382762 0 0.5000001748438417
vn 0.8737529893799694 -0.0013739999832998253 0.4863679940884403
vn 0.8386033650797651 -0.0011750005115278928 0.5447412371490638
vn 0.5961712539919608 -0.618199263376743 0.5122592182421952
vn 0.5992350858242528 0 0.8005731146604914
vn 0.5546498875292164 0 0.8320838312717219
vn 0.594230939493626 -0.00910599907280008 0.8042429181095775
vn 0.6420340814959593 0 0.7666760973172699
vn 0.6372418638784614 -0.007135998475676132 0.7706308353851795
vn 0.6469101771059173 0 0.7625662087693047
vn 0.5084119789669967 0 0.861113964375716
vn 0.512151792074097 -0.000720999707285184 0.8588946513017259
vn 0.7933534213778813 0 0.6087613233345314
vn -0.5195610195388719 0.6182790232513105 0.5897350221778707
vn -0.4710118766964074 0.6181988381651473 0.629267835267456
vn -0.5046521690380665 0.6181992070717319 0.6026242018547353
vn -0.20864201708486094 0 0.9779920800838628
vn -0.5367890805242727 -0.6181990927366712 0.5741840861339352
vn 0.9317464108974626 0.0006030002659214476 -0.36310916013008565
vn 0.904858428517527 0.0005880002784618044 -0.4257122016062779
vn -0.05382398339331219 0.9979726920885469 -0.033962989521162494
vn 0.6388878829097507 0 -0.7692998590088892
vn -0.10073502932427351 0 -0.9949132896222856
vn 0.06556299878731399 0.996989981559175 -0.04138199923457764
vn -0.8015661454073182 0 -0.5979061084625695
vn -0.8665957377088076 0 -0.4990108489651576
vn -0.9194850317911955 0 -0.39312501359229757
vn -0.9781094658697274 0.000686999624840302 -0.2080898863653695
vn -0.9543032231347287 0.0018860004409837984 -0.298834069873241
vn -0.7105373008948472 0.0005800002456158123 -0.7036592979821844
vn -0.6609711731209313 -0.00038000009952909245 -0.750411196546976
vn 0.09360196876591745 -0.9937986683788808 -0.06002397997057167
vn 0.09609603881757027 -0.9935224013289841 -0.06065302450052147
vn 0.1024689847156249 -0.9928598519040426 -0.061068990890889144
vn -0.9238797538373538 0 0.38268289803626016
vn 0.7995610477713753 -0.0009730000581339695 0.6005840358830955
vn 0.7568060541657465 -0.0007700000551102062 0.6536390467819287
vn 0.9048456700747795 -0.0015659994290047035 0.425736844767647
vn 0.5546390221891664 0.005775000231037366 0.8320710332882504
vn 0.594230939493626 0.009105999072799723 0.8042429181095775
vn 0.5546390221891664 -0.005775000231037736 0.8320710332882504
vn 0.6783881259315738 -0.004467000829225238 0.734690136383114
vn 0.7172790381459763 0 0.6967860370561276
vn 0.6232400545702784 0.6181990541288933 0.47895904193717675
vn 0.6829190530638369 0 0.7304940567604861
vn 0.8660253028382762 0 0.5000001748438417
vn -0.47820196241117535 0.618278951400494 0.6237419509710779
vn -0.5367890805242727 0.618199092736671 0.5741840861339355
vn -0.43596693068431525 0.6181989017107098 0.654035896012879
vn 0.8386249818144174 -0.0005079999889838993 -0.5447089881879856
vn 0.8737700240474621 0.0005560000153020625 -0.48633901338477936
vn -0.10742999035160557 0.9918989109165709 -0.06778899391180272
vn 0.5435182337310986 0 -0.8393973609690627
vn -0.03896498349237135 0 -0.9992405766688217
vn -0.9594931262342822 0 -0.28173203706565525
vn -0.9724384430790359 0.0020090009153754104 -0.2331511062322948
vn 0.10508496145762795 0.992038636146584 -0.06940097454556611
vn 0.10823905601231888 0.9915645131218781 -0.07130303689840399
vn 0.11146204862711273 0.9910704323704276 -0.07318203192683909
vn 0.10225199879976604 0.9924639883504578 -0.0675259992073796
vn 0.09925797451670941 0.9929157450808301 -0.06531598323090702
vn 0.09939897004339142 0.9928847007669362 -0.06557298023778191
vn 0.11242795325241055 0.9909285879714833 -0.07362396938712286
vn 0.11480595274444451 0.990557592274197 -0.07493496915583614
vn 0.11680700405518882 0.9902540343786498 -0.07584900263324965
vn 0.11925995698294127 0.9898576429584125 -0.07719397215613903
vn -0.6610536675439648 0 -0.7503386226409203
vn -0.608336910544368 -0.00018299997308977118 -0.7936788832899256
vn 0.11052401964619885 -0.9923151763889998 -0.05563300988904677
vn -0.9469302577445085 0 0.3214390874923564
vn 0.7105387960366706 -0.0005679998369532706 0.7036577980118917
vn 0.6609732938324383 -0.0003700001644819264 0.7504093335907914
vn 0.9317372050665299 -0.001747000384498311 0.3631290799212695
vn 0.6372418638784614 0.007135998475675791 0.7706308353851795
vn 0.6232400545702784 -0.6181990541288935 0.47895904193717653
vn 0.5526728122034683 -0.012556995733171431 0.833303716845945
vn 0.6044847221344559 -0.00962099557748448 0.7965586338431889
vn 0.6471077959798862 -0.007279997704762854 0.7623637596419917
vn 0.512151792074097 0.0007209997072848026 0.8588946513017259
vn 0.636557335685735 0.6177183257510651 0.46175624350514144
vn 0.7809920137669367 0 0.6245410110090968
vn 0.7116710515922389 -0.0015930001154839067 0.7025110509281891
vn 0.5060119672498945 -0.0020819998652490007 0.862523944175727
vn 0.5526728122034683 0.01255699573317106 0.833303716845945
vn -0.10751498344000596 -0.9918848472249483 -0.06785998954786615
vn -0.10753300772103153 -0.991882071218623 -0.06787200487331214
vn 0.9238797538373538 0 0.38268289803626016
vn -0.4193353057102261 0.6186774510376799 0.664376484353887
vn -0.39962218306676417 0.6181992831968474 0.676854310066692
vn -0.4462921579800881 0 0.8948873167754006
vn -0.4888741737478677 0 0.8723543100382662
vn -0.5673261103730218 -0.6181991202703415 0.5440321058411842
vn 0.4405339711776254 0 -0.8977359412647303
vn -0.015614001468653044 0 -0.9998780940485378
vn 0.9724383701290766 -0.0020460007787479932 0.2331510887418677
vn 0.9543031778410939 -0.0019110003561283928 0.2988340556898233
vn 0.9798172949397475 -0.0021050006336369056 0.19988406016810945
vn 0.08621401902398754 0.9947722195064622 -0.05473001207672558
vn 0.1274610328195632 0.9885242545321776 -0.08107702087628135
vn 0.1244569529501157 0.9890146261114978 -0.07975296985007312
vn 0.12171797115838241 0.9894727655400033 -0.07828398145026029
vn 0.09741896740137833 0.993185667657288 -0.06396697859518108
vn 0.09707299601680383 0.993255959243729 -0.06339899739854876
vn -0.6609711731209313 0.00038000009952942574 -0.750411196546976
vn -0.517536238279432 -0.0018010008292005941 -0.855659393955088
vn 0.11781697107246156 -0.9913087566044865 -0.05853298562842729
vn -0.9986557154370889 0 0.05183398523011534
vn 0.6083397665152883 -0.0001779999316826586 0.793676695381784
vn 0.5336961816819524 -0.000042000014297919075 0.8456762878868622
vn 0.6044847221344559 0.009620995577484127 0.7965586338431889
vn 0.6783881259315738 0.0044670008292249114 0.734690136383114
vn 0.636557335685735 -0.6177183257510653 0.4617562435051412
vn 0.6878751661923799 -0.003373000814925689 0.7258211753602317
vn 0.6574219551963665 0.6043759588114775 0.4500289693303019
vn 0.7217690132383265 0 0.6921340126947761
vn 0.8374583162389754 0 0.5465012063684582
vn -0.10755103925984702 -0.9918793620702532 -0.06788302477965076
vn -0.09456496759017974 -0.9938506593820942 -0.05760498025730794
vn 0.9469302577445085 0 0.3214390874923564
vn -0.5673261103730218 0.6181991202703413 0.5440321058411844
vn -0.5705392386506227 0 0.8212703435288331
vn 0.8386249818144174 0.0005079999889841413 -0.5447089881879856
vn 0.7996089902759551 0 -0.6005209926970642
vn 0.3313789142316921 0 -0.9434977558015838
vn 0.10073502932427351 0 -0.9949132896222856
vn 0.0209690026487941 0 -0.9997801262917336
vn -0.6084308928522871 0 -0.7936068602418762
vn 0.09508402329463772 0.993540243407454 -0.06194201517517593
vn -0.5496940416577399 -0.000029000002197536258 -0.8353660633069665
vn 0.10509096026748 -0.993484624385888 -0.04409298332943847
vn -0.5084099451718035 -0.002707999707962366 -0.861110907135652
vn -0.5084042842890787 -0.005415003027956633 -0.8611014815099999
vn 0.6663738301413323 0 0.7456178099420444
vn 0.5925371122212069 0 0.8055431525626378
vn 0.5175229808648468 0.008611999681575434 0.8556259683636582
vn -0.9798187762535088 -0.001081999752920019 0.19988495435527645
vn 0.6471077959798862 0.0072799977047625156 0.7623637596419917
vn 0.6574219551963665 -0.6043759588114778 0.4500289693303017
vn 0.0916790342290614 0.9951903715618584 -0.03451201288532103
vn 0.09974596308502337 0.9942916320226781 -0.037879985980998364
vn 0.09261301494871424 0.9951871606336701 -0.03202100516852665
vn 0.5060119672498945 0.0020819998652486173 0.862523944175727
vn 0.07731096944879831 0.9963946062518321 -0.03493998619266334
vn 0.08090401002748633 0.9963171234865408 -0.02840300352035346
vn 0.057594983658376016 0.9975607169586463 -0.03943898880983903
vn 0.06221097492468959 0.9976885978627354 -0.027335988981712248
vn 0.6671389836747756 0.6083919851123439 0.4298659894809645
vn 0.9585037486726821 0 0.28507992524977277
vn 0.9266281580711944 0 0.37597906413733406
vn 0.9814856037291934 0 0.19153592266815297
vn 0.8861543527710287 0 0.463390184471962
vn 0.7206250193667977 0 0.6933250186331101
vn 0.10245300736334914 -0.9939550714360506 -0.0394550028356511
vn -0.5084149851458937 -0.00060799998223656 0.8611119748413223
vn -0.4847149590064459 -0.0006559999445206413 0.8746719260268117
vn -0.09888703241937724 -0.9931393255933327 -0.06241502046229992
vn 0.9986557154370889 0 0.05183398523011534
vn -0.6469101771059173 0 0.7625662087693047
vn -0.5961712539919608 -0.618199263376743 0.5122592182421952
vn 0.21758105686209686 0 -0.9760422550764761
vn -0.608336910544368 0.00018299997309012366 -0.7936788832899256
vn 0.09489603144608273 0.9935943292513818 -0.06136002033311853
vn -0.5500760438187844 -0.0030320002415274478 -0.8351090665243734
vn -0.5316290448795943 -0.004735000399723827 -0.846964071499863
vn -0.5545977517094152 -0.004818997842559059 -0.8321046274710021
vn 0.4858747064185573 0 0.874028471883314
vn 0.7137131291060776 0 0.7004381267047157
vn -0.9454848918455167 0 -0.3256659627469098
vn -0.937574275787045 0 -0.347785102300829
vn 0.0928430117694308 0.9939011259938719 -0.05950400754314478
vn 0.09609603881757027 0.9935224013289841 -0.06065302450052103
vn 0.1024689847156249 0.9928598519040426 -0.0610689908908887
vn 0.09974596308502336 -0.9942916320226779 -0.0378799859809988
vn 0.0916790342290614 -0.9951903715618584 -0.03451201288532148
vn 0.09261301494871424 -0.9951871606336701 -0.03202100516852709
vn 0.07731096944879831 -0.9963946062518321 -0.03493998619266379
vn 0.08090401002748633 -0.9963171234865408 -0.028403003520353905
vn 0.6878751661923799 0.0033730008149253665 0.7258211753602317
vn 0.7116710515922389 0.001593000115483595 0.7025110509281891
vn 0.6671389836747756 -0.6083919851123442 0.4298659894809643
vn 0.10245300736334914 0.9939550714360506 -0.039455002835650656
vn 0.10509096026748 0.993484624385888 -0.04409298332943803
vn 0.09950000495226462 0.9943410494898467 -0.03722400185269423
vn 0.11052401964619885 0.9923151763889998 -0.05563300988904633
vn 0.03270401150291858 0.9991723514369547 -0.024188008507601135
vn 0.6556053190104142 0.6258943045533577 0.422419205544589
vn 0.9953606744588841 0 0.0962139685324089
vn 0.02679700583191341 0.9992502174698463 -0.02794500608175595
vn 0.09950000495226462 -0.9943410494898467 -0.03722400185269467
vn -0.5546599718418552 -0.0005019999745154036 0.8320769577583661
vn -0.5992510538960428 -0.00038000003417700234 0.8005610720016654
vn -0.08823301062351982 -0.9947681197730731 -0.051491006199672215
vn -0.08727503688636576 -0.9950184205396492 -0.048181020363471876
vn 0.5496898726684784 -0.00003199999258725709 -0.8353688064931036
vn 0.7568651209977659 0 -0.6535711044844601
vn -0.5961712539919608 0.6181992633767428 0.5122592182421954
vn -0.6104079943631875 -0.6177179942956834 0.4958089954214518
vn -0.7172790381459763 0 0.6967860370561276
vn -0.6420541848480684 -0.0002510000722633524 0.766659220721988
vn -0.5496940416577399 0.000029000002197907238 -0.8353660633069665
vn -0.594811840606508 -0.0025909993056820574 -0.8038607845870429
vn -0.5084099451718035 0.0027079997079627483 -0.861110907135652
vn 0.37140584871212956 0 0.9284706217982468
vn 0.09360196876591748 0.993798668378881 -0.06002397997057124
vn 0.06221097492468959 -0.9976885978627354 -0.027335988981712692
vn 0.057594983658376016 -0.9975607169586463 -0.039438988809839474
vn 0.6556053190104141 -0.6258943045533578 0.42241920554458856
vn -0.6063179093066707 0.0036709994508902838 -0.7952138810515189
vn -0.5769510643337975 0.003965000442123528 -0.8167690910750677
vn -0.594811840606508 0.002590999305682415 -0.8038607845870429
vn -0.6487210184103784 0.002554000072481415 -0.7610220215974247
vn -0.6377717876102313 0.0020179993279691734 -0.77022274350162
vn 0.11781697107246156 0.9913087566044865 -0.05853298562842685
vn -0.6891781061854695 0.001122000172872912 -0.7245911116417465
vn -0.6788275999147436 0.0012809992450088937 -0.7342965672226197
vn -0.7214654513759825 0 -0.6924504332230934
vn -0.7120979752617168 0.0004259999852009167 -0.7020799756097422
vn 0.689604899474577 0.6083919113131965 0.3928159427382422
vn 0.62918106343624 0.6181940623284922 -0.4711340475013858
vn 0.6624371528686521 0.6045241395042382 -0.44241110209389445
vn 0.6420332648008963 0.6177252547752744 -0.45410218729039875
vn 0.9997098180423327 0 0.024088995615550262
vn -0.5769510643337975 -0.003965000442123165 -0.8167690910750677
vn -0.6063179093066707 -0.0036709994508899307 -0.7952138810515189
vn -0.08704498232207986 -0.9950767979103712 -0.04738499037660719
vn -0.08643304026730453 -0.9951354636123251 -0.047273022023489944
vn 0.4847158283369503 0.000007999997166979721 -0.8746716902333264
vn 0.5084112373261667 -0.000022000010269404982 -0.8611144019678661
vn 0.6610536675439648 0 -0.7503386226409203
vn 0.7106080698499344 0 -0.7035880691598964
vn 0.6084308928522871 0 -0.7936068602418762
vn -0.5925371122212069 0 0.8055431525626378
vn -0.6663738301413323 0 0.7456178099420444
vn 0.9454848918455167 0 -0.3256659627469098
vn 0.937574275787045 0 -0.347785102300829
vn -0.6104079943631875 0.6177179942956832 0.495808995421452
vn -0.5546599718418552 0.0005019999745150341 0.8320769577583661
vn -0.5992510538960428 0.00038000003417664683 0.8005610720016654
vn -0.5084149851458937 0.0006079999822361775 0.8611119748413223
vn -0.4847149590064459 0.0006559999445202529 0.8746719260268117
vn -0.6318819502490925 -0.6043759524147636 0.4852369617951118
vn -0.7809920137669367 0 0.6245410110090968
vn -0.6829438622580907 -0.00011999997579754951 0.7304708526724442
vn -0.517536238279432 0.001801000829200974 -0.855659393955088
vn -0.5500760438187844 0.003032000241527819 -0.8351090665243734
vn 0.2509699672578328 0 0.9679948737129771
vn -0.9202061569908647 0 -0.3914340667802233
vn -0.6377717876102313 -0.0020179993279688317 -0.77022274350162
vn -0.6487210184103784 -0.0025540000724810765 -0.7610220215974247
vn -0.6788275999147436 -0.0012809992450085676 -0.7342965672226197
vn -0.6891781061854695 -0.00112200017287259 -0.7245911116417465
vn 0.03270401150291858 -0.9991723514369547 -0.02418800850760158
vn 0.6624371528686521 -0.604524139504238 -0.44241110209389467
vn 0.6291810634362401 -0.6181940623284922 -0.47113404750138616
vn 0.6420332648008963 -0.6177252547752742 -0.454102187290399
vn 0.689604899474577 -0.6083919113131967 0.392815942738242
vn -0.5545977517094152 0.004818997842559429 -0.8321046274710021
vn -0.5316290448795943 0.004735000399724203 -0.846964071499863
vn 0.6776822912540189 0.6258942689965836 0.38600916589886214
vn 0.6717159603818579 0.6085039641101332 -0.4225169750797381
vn 0.9995741729883204 0 -0.029180005049950473
vn 0.9999733838173576 0 -0.0072960028004070525
vn 0.6030561456573745 0.6181941493136874 -0.5041421217664694
vn -0.08399603916484231 -0.9953884641198875 -0.046330021602304435
vn -0.08346200980720403 -0.9952951169521596 -0.04921100578253979
vn -0.07873997967654459 -0.9957487429888188 -0.04779598766345113
vn -0.07790795856575397 -0.9955174705481112 -0.05362197148191298
vn 0.5546487322525407 -0.00007099996572576156 -0.8320845983249865
vn 0.5496898726684784 0.00003199999258762806 -0.8353688064931036
vn -0.4858747064185573 0 0.874028471883314
vn 0.9202061569908647 0 -0.3914340667802233
vn -0.10751498344000596 0.9918848472249483 -0.0678599895478657
vn -0.6420541848480684 0.00025100007226301196 0.766659220721988
vn -0.6318819502490925 0.6043759524147634 0.485236961795112
vn -0.10755103925984702 0.9918793620702532 -0.06788302477965032
vn -0.09456496759017974 0.9938506593820942 -0.057604980257307495
vn -0.08727503688636576 0.9950184205396492 -0.04818102036347143
vn -0.08823301062351982 0.9947681197730731 -0.05149100619967177
vn -0.6426847467456266 -0.6083917602590155 0.4656348165133772
vn -0.9585037486726821 0 0.28507992524977277
vn -0.9266281580711944 0 0.37597906413733406
vn -0.8861543527710287 0 0.463390184471962
vn -0.7154470046425356 -0.000018000000116957138 0.6986670045336502
vn -0.8374583162389754 0 0.5465012063684582
vn -0.7217812557520457 -0.000027000009567190263 0.6921212452424788
vn -0.07086100437768668 -0.9961610615413379 -0.05139900317535363
vn -0.06936300724638843 -0.9957811040297554 -0.06007300627585756
vn -0.5084042842890787 0.005415003027957015 -0.8611014815099999
vn 0.12650106020458865 0 0.9919664720982837
vn -0.9008072742012719 0 -0.4342191321741528
vn -0.7120979752617168 -0.0004259999852006049 -0.7020799756097422
vn 0.02679700583191341 -0.9992502174698463 -0.027945006081756395
vn 0.6030561456573745 -0.6181941493136872 -0.5041421217664697
vn 0.6717159603818579 -0.608503964110133 -0.42251697507973834
vn 0.6776822912540189 -0.6258942689965838 0.3860091658988618
vn 0.7100155882106036 0.6083916471496776 0.3545947943448303
vn 0.6602210150008817 0.6258260142193931 -0.4152710094353725
vn 0.9982970054382229 0 -0.05833600031778536
vn 0.5992310802484324 -0.0000950000127221298 -0.800576107212359
vn -0.37140584871212956 0 0.9284706217982468
vn -0.7137131291060776 0 0.7004381267047157
vn 0.9008072742012719 0 -0.4342191321741528
vn -0.10753300772103153 0.991882071218623 -0.0678720048733117
vn -0.6426847467456267 0.6083917602590154 0.46563481651337746
vn -0.09888703241937724 0.9931393255933327 -0.06241502046229948
vn -0.08346200980720404 0.9952951169521598 -0.049211005782539355
vn -0.08399603916484231 0.9953884641198875 -0.04633002160230399
vn -0.08643304026730453 0.9951354636123251 -0.0472730220234895
vn -0.08704498232207986 0.9950767979103712 -0.04738499037660675
vn -0.6315742142262204 -0.6258942122995976 0.45757015520507743
vn -0.7217690132383265 0 0.6921340126947761
vn -0.9814856037291934 0 0.19153592266815297
vn -0.04355598597767524 -0.9982676786197517 -0.03955398726607071
vn -0.03407700816836207 -0.9987872394123264 -0.03553600851808909
vn -0.8794198757340229 0 -0.4760469327324309
vn -0.6871158647206419 0 -0.726547856957272
vn -0.6200378931587996 0 -0.7845718648072953
vn 0.6602210150008818 -0.625826014219393 -0.41527100943537293
vn 0.7100155882106036 -0.6083916471496779 0.3545947943448301
vn 0.6977390987447419 0.6258940885771634 0.3484490493128616
vn 0.6933727789371924 0.6085038059953264 -0.38594987695051486
vn 0.9961697024536179 0 -0.0874409738822157
vn 0.5752017096770764 0.6181936879776333 -0.5357047296124807
vn 0.6420270108714434 -0.0000910000015407328 -0.7666820129822265
vn 0.682907694488336 -0.000056999974499821916 -0.730504673194928
vn -0.2509699672578328 0 0.9679948737129771
vn 0.8794198757340229 0 -0.4760469327324309
vn -0.6829438622580907 0.00011999997579722511 0.7304708526724442
vn -0.07790795856575397 0.9955174705481112 -0.053621971481912535
vn -0.07873997967654459 0.9957487429888188 -0.04779598766345069
vn -0.6315742142262203 0.6258942122995973 0.45757015520507766
vn 0.5084112373261667 0.000022000010269787394 -0.8611144019678661
vn 0.4847158283369503 -0.000007999997166591289 -0.8746716902333264
vn 0.5546487322525407 0.00007099996572613108 -0.8320845983249865
vn -0.9999733838173576 0 -0.0072960028004070525
vn -0.9997098180423327 0 0.024088995615550262
vn -0.9953606744588841 0 0.0962139685324089
vn -0.6671389836747756 -0.6083919851123442 0.4298659894809643
vn 0.721762162836419 -0.000016000003609599537 -0.6921411561536378
vn 0.7154341606589865 -0.000011000002470022196 -0.6986801568966817
vn -0.12650106020458865 0 0.9919664720982837
vn -0.8560922029824817 0 -0.5168231225405858
vn -0.7122851804485698 0 -0.7018901778151256
vn 0.6977390987447419 -0.6258940885771637 0.34844904931286125
vn 0.5752017096770764 -0.6181936879776331 -0.535704729612481
vn 0.6933727789371925 -0.6085038059953263 -0.38594987695051514
vn 0.7283098318988271 0.6083918595770911 0.31531592722193935
vn 0.6815060479739383 0.6258260440544001 -0.3793300267025586
vn 0.5992310802484324 0.00009500001272248534 -0.800576107212359
vn 0.8560922029824817 0 -0.5168231225405858
vn -0.7154470046425356 0.000018000000116646866 0.6986670045336502
vn -0.07086100437768669 0.9961610615413381 -0.0513990031753532
vn -0.6671389836747756 0.6083919851123439 0.4298659894809645
vn 0.6420270108714434 0.00009100000154107326 -0.7666820129822265
vn -0.9995741729883204 0 -0.029180005049950473
vn -0.6556053190104141 -0.6258943045533578 0.42241920554458856
vn -0.63780211803773 -0.6045241118789854 -0.47724108832277795
vn -0.648132911825088 -0.6085039172163944 -0.4578719377090455
vn -0.6168019499903167 -0.6177249499154807 -0.48782296044780393
vn -0.6030561456573745 -0.6181941493136872 -0.5041421217664697
vn -0.8308750480636303 0 -0.5564590321894866
vn -0.4908071376535069 0 -0.8712682443589754
vn -0.7444638031396015 0 -0.6676628234482738
vn 0.7283098318988271 -0.6083918595770913 0.31531592722193913
vn 0.6815060479739384 -0.6258260440544 -0.37933002670255905
vn 0.7157161022071296 0.6258940893801858 0.3098500442478291
vn 0.7130407298028927 0.6085037694157552 -0.34827586802558635
vn 0.9931938602750146 0 -0.11647298361429062
vn 0.5456971445156297 0.6181941637148367 -0.565730149820921
vn 0.7154341606589865 0.000011000002470332471 -0.6986801568966817
vn 0.7122851804485698 0 -0.7018901778151256
vn 0.6871158647206419 0 -0.726547856957272
vn 0.8308750480636303 0 -0.5564590321894866
vn -0.06936300724638843 0.9957811040297554 -0.06007300627585711
vn 0.682907694488336 0.00005699997450014632 -0.730504673194928
vn -0.648132911825088 0.6085039172163946 -0.4578719377090453
vn -0.63780211803773 0.6045241118789856 -0.47724108832277773
vn -0.6168019499903167 0.6177249499154809 -0.4878229604478037
vn -0.6030561456573745 0.6181941493136874 -0.5041421217664694
vn -0.6556053190104142 0.6258943045533577 0.422419205544589
vn -0.689604899474577 -0.6083919113131967 0.392815942738242
vn -0.6370421298033989 -0.6258261275180316 -0.45002109169608207
vn -0.5752017096770764 -0.6181936879776331 -0.535704729612481
vn -0.8038240921725044 0 -0.5948670682119235
vn -0.7749987351946024 0 -0.631962784067833
vn 0.7157161022071296 -0.625894089380186 0.30985004424782875
vn 0.5456971445156297 -0.6181941637148365 -0.5657301498209212
vn 0.7130407298028927 -0.608503769415755 -0.3482758680255866
vn 0.7444329155973174 0.6083919310214392 0.2750979688098068
vn 0.7008362607906824 0.6258262328784333 -0.3423011273748941
vn 0.9893722135020946 0 -0.14540503137775485
vn 0.7444638031396015 0 -0.6676628234482738
vn 0.8038240921725044 0 -0.5948670682119235
vn -0.7217812557520457 0.0000270000095668829 0.6921212452424788
vn -0.04355598597767524 0.9982676786197517 -0.03955398726607027
vn -0.6370421298033989 0.6258261275180318 -0.45002109169608173
vn -0.5752017096770764 0.6181936879776333 -0.5357047296124807
vn -0.689604899474577 0.6083919113131965 0.3928159427382422
vn -0.9982970054382229 0 -0.05833600031778536
vn -0.6776822912540189 -0.6258942689965838 0.3860091658988618
vn -0.6717159603818579 -0.608503964110133 -0.42251697507973834
vn -0.3479808649199441 0 -0.9375016360783417
vn 0.7444329155973174 -0.6083919310214394 0.2750979688098066
vn 0.7008362607906826 -0.6258262328784332 -0.3423011273748945
vn 0.7683737228107663 0.5887477876104514 0.2509539094688955
vn 0.7306629362858293 0.608503946938154 -0.3096039730023798
vn 0.9847079927953839 0 -0.17421299872537058
vn 0.9728681969941555 0 -0.23136004684763795
vn 0.9792050557392911 0 -0.20287301154814077
vn 0.5146280458767765 0.6181940551092207 -0.5941330529642903
vn 0.6200378931587996 0 -0.7845718648072953
vn 0.7749987351946024 0 -0.631962784067833
vn -0.6776822912540189 0.6258942689965836 0.38600916589886214
vn -0.03407700816836207 0.9987872394123264 -0.03553600851808865
vn 0.721762162836419 0.000016000003609906908 -0.6921411561536378
vn -0.6717159603818579 0.6085039641101332 -0.4225169750797381
vn -0.9961697024536179 0 -0.0874409738822157
vn -0.7100155882106036 -0.6083916471496779 0.3545947943448301
vn -0.6602210150008818 -0.625826014219393 -0.41527100943537293
vn -0.5456971445156297 -0.6181941637148365 -0.5657301498209212
vn 0.4481539589148155 -0.6181939433261455 -0.6457509407998168
vn 0.41294094412785526 -0.6181939163565141 -0.668816909507072
vn 0.7683737228107663 -0.5887477876104517 0.2509539094688953
vn 0.7306629362858293 -0.6085039469381538 -0.30960397300238
vn 0.5146280458767765 -0.6181940551092204 -0.5941330529642905
vn 0.7982822574205245 0.559508180423513 0.22292607188653626
vn 0.7553431046384428 0.5890830816062741 -0.2871200397750288
vn 0.9657028036200092 0 -0.2596499471990202
vn -0.7100155882106036 0.6083916471496776 0.3545947943448303
vn -0.6602210150008817 0.6258260142193931 -0.4152710094353725
vn -0.5456971445156297 0.6181941637148367 -0.565730149820921
vn -0.9931938602750146 0 -0.11647298361429062
vn -0.6977390987447419 -0.6258940885771637 0.34844904931286125
vn -0.6933727789371925 -0.6085038059953263 -0.38594987695051514
vn 0.4481539589148155 0.6181939433261457 -0.6457509407998165
vn 0.41294094412785526 0.6181939163565143 -0.6688169095070717
vn -0.19652900237357906 0 -0.980498011841965
vn 0.38578812731280354 -0.6180912039744575 -0.6849312260321365
vn 0.48208294871866997 -0.6181939342399326 -0.620831933959317
vn 0.7982822574205245 -0.559508180423513 0.22292607188653604
vn 0.7553431046384429 -0.589083081606274 -0.2871200397750291
vn 0.6818129312412148 0.6864979307687465 0.25268897451707645
vn 0.8239108051109253 0.5277108751744929 0.20662095112557619
vn 0.7861299101654028 0.5601929359842363 -0.2611199701606476
vn 0.9577148830697241 0 -0.2877189648715306
vn 0.4820829487186701 0.618193934239933 -0.6208319339593169
vn 0.4908071376535069 0 -0.8712682443589754
vn -0.6977390987447419 0.6258940885771634 0.3484490493128616
vn -0.6933727789371924 0.6085038059953264 -0.38594987695051486
vn -0.7283098318988271 -0.6083918595770913 0.31531592722193913
vn -0.6815060479739384 -0.6258260440544 -0.37933002670255905
vn -0.5146280458767765 -0.6181940551092204 -0.5941330529642905
vn -0.7535325422976908 -0.588747642389492 0.2925148223239181
vn 0.38578812731280354 0.6180912039744577 -0.6849312260321363
vn -0.040205018162500446 0 -0.9991914513818427
vn 0.6818129312412148 -0.6864979307687468 0.2526889745170761
vn 0.8239108051109253 -0.5277108751744929 0.20662095112557596
vn 0.7861299101654028 -0.560192935984236 -0.2611199701606478
vn 0.8339594336479166 0.5277106416252286 0.16134789042666808
vn 0.8695586056022188 0.47270378560004694 0.14289493518844512
vn 0.6420657579473545 0.7404157208703598 0.19883692504038253
vn 0.8121863845248616 0.5287962503554713 -0.24643011667088766
vn 0.9489112510961838 0 -0.3155430834974441
vn -0.41294094412785526 0.6181939163565143 -0.6688169095070717
vn -0.38578812731280354 0.6180912039744577 -0.6849312260321363
vn -0.7283098318988271 0.6083918595770911 0.31531592722193935
vn -0.6815060479739383 0.6258260440544001 -0.3793300267025586
vn -0.5146280458767765 0.6181940551092207 -0.5941330529642903
vn -0.9893722135020946 0 -0.14540503137775485
vn -0.7130407298028927 -0.608503769415755 -0.3482758680255866
vn -0.6670059747975132 -0.686497974061018 0.28952298906051865
vn -0.7849261155956851 -0.5595080823984817 0.2661610391974059
vn 0.3621201285345624 0.6181402194089098 -0.6976902476451972
vn 0.3621201285345624 -0.6181402194089096 -0.6976902476451974
vn 0.6420657579473545 -0.7404157208703598 0.1988369250403822
vn 0.8695586056022188 -0.47270378560004706 0.1428949351884449
vn 0.8339594336479166 -0.5277106416252286 0.16134789042666786
vn 0.8121863845248614 -0.5287962503554712 -0.24643011667088782
vn 0.7203031919990023 0.6894211837673092 0.07656202040783909
vn 0.5848388538262724 0.7977798006041382 0.14666596334253384
vn 0.6215150863952644 0.7713261072201213 0.13702201904708983
vn 0.9011284243363675 0.41550673456378734 0.12378092092561666
vn 0.9065408219617458 0.41550691839735776 0.0744159853852229
vn 0.6697518778650633 0.6859168749172391 -0.28451794811573833
vn 0.9278028247148677 0 -0.3730709295175812
vn 0.8738102134766672 0 -0.4862671187977461
vn -0.38578812731280354 -0.6180912039744575 -0.6849312260321365
vn -0.41294094412785526 -0.6181939163565141 -0.668816909507072
vn 0.3479808649199441 0 -0.9375016360783417
vn -0.4481539589148155 0.6181939433261457 -0.6457509407998165
vn -0.7535325422976911 0.5887476423894918 0.2925148223239184
vn -0.7130407298028927 0.6085037694157552 -0.34827586802558635
vn -0.9847079927953839 0 -0.17421299872537058
vn -0.7388889111390083 -0.589082929155124 -0.3271459606564478
vn -0.9728681969941555 0 -0.23136004684763795
vn -0.9792050557392911 0 -0.20287301154814077
vn -0.9657028036200092 0 -0.2596499471990202
vn -0.48208294871866997 -0.6181939342399326 -0.620831933959317
vn -0.6302569086666417 -0.7404158927030088 0.23358196615058846
vn -0.8114064502678533 -0.5277106424732585 0.25127882975726834
vn -0.8239108051109253 -0.5277108751744929 0.20662095112557596
vn -0.8604639112719777 -0.4727039512564256 0.19013898039353475
vn -0.6163368885117548 -0.7685478609785428 0.171647968950859
vn -0.7169585676877362 -0.6879645851705516 0.11258393211404835
vn -0.5794030370253038 -0.795045050805368 0.17943101146609042
vn 0.11711405557531714 0 -0.9931184712745512
vn 0.9065408219617458 -0.41550691839735776 0.0744159853852227
vn 0.9011284243363675 -0.41550673456378734 0.12378092092561646
vn 0.6697518778650633 -0.6859168749172389 -0.28451794811573866
vn 0.9723983023429891 0.23181107207586876 0.026555008256617274
vn 0.6881457741736469 0.7167237647953092 0.11297096292672072
vn 0.8242147053198053 0.5287958109404607 -0.2025959275661947
vn 0.7866619584249166 0 -0.6173839673712582
vn -0.3621201285345624 -0.6181402194089096 -0.6976902476451974
vn 0.19652900237357906 0 -0.980498011841965
vn -0.3621201285345624 0.6181402194089098 -0.6976902476451972
vn -0.7849261155956851 0.5595080823984815 0.26616103919740614
vn -0.7388889111390083 0.5890829291551242 -0.3271459606564476
vn -0.4820829487186701 0.618193934239933 -0.6208319339593169
vn -0.771023044718567 -0.5601930324906367 -0.30283201756395484
vn -0.9577148830697241 0 -0.2877189648715306
vn -0.8930299133202881 -0.41550695966985773 0.17277598322993185
vn -0.9011284243363675 -0.41550673456378734 0.12378092092561646
vn -0.6835580246911417 -0.7141170257949786 0.1509480054524683
vn -0.9694999017038642 -0.231810976497034 0.07958399193109879
vn 0.3177960669501045 0.6183881302758413 -0.7187501514191101
vn 0.3177960669501045 -0.618388130275841 -0.7187501514191104
vn 0.27153092005302726 0 -0.962429716631379
vn 0.5848388538262724 -0.7977798006041382 0.1466659633425335
vn 0.7203031919990023 -0.6894211837673092 0.07656202040783879
vn 0.6215150863952644 -0.7713261072201213 0.1370220190470895
vn 0.9723983023429891 -0.23181107207586876 0.02655500825661717
vn 0.8242147053198053 -0.5287958109404607 -0.20259592756619493
vn 0.7407466649329516 0.6669236983258032 0.08066696351135613
vn 0.8338788713087345 0.5287959183917255 -0.1581799755883234
vn 0.8690202041763211 0.47454411149415227 -0.1400420329028794
vn 0.6840231217786994 0.685917122115894 -0.24825404419741606
vn 0.680015099476356 0 -0.7331981072562594
vn 0.41921784897260495 0 -0.9078856729251664
vn 0.5565136449118517 0 -0.8308384698766214
vn -0.4481539589148155 -0.6181939433261455 -0.6457509407998168
vn -0.6670059747975132 0.6864979740610178 0.289522989060519
vn -0.8114064502678535 0.5277106424732584 0.2512788297572686
vn -0.7710230447185668 0.5601930324906367 -0.30283201756395456
vn -0.7978289368833564 -0.5287959581666889 -0.28955797709292463
vn -0.9489112510961838 0 -0.3155430834974441
vn -0.7369148091943578 -0.6650198278097634 0.12126496860147193
vn 0.7369348070996017 0 -0.6759638230593948
vn 0.688145774173647 -0.7167237647953093 0.11297096292672044
vn 0.8690202041763209 -0.47454411149415204 -0.1400420329028796
vn 0.8338788713087345 -0.5287959183917255 -0.1581799755883236
vn 0.6840231217786993 -0.6859171221158937 -0.24825404419741628
vn 0.7743952068371155 0.6313041686182095 0.042037011227877154
vn 0.9002450497754505 0.41815302312009944 -0.12127200670525062
vn 0.9054465912715409 0.41815281124126386 -0.07290196709125744
vn 0.6441536265014773 0.739504571214298 -0.1954458866749374
vn -0.3177960669501045 -0.618388130275841 -0.7187501514191104
vn 0.040205018162500446 0 -0.9991914513818427
vn -0.3177960669501045 0.6183881302758413 -0.7187501514191101
vn -0.6302569086666417 0.7404158927030088 0.2335819661505888
vn -0.8604639112719777 0.4727039512564255 0.19013898039353497
vn -0.8239108051109253 0.5277108751744929 0.20662095112557619
vn -0.7978289368833564 0.5287959581666891 -0.2895579770929244
vn -0.6535592945608742 -0.6859173091447155 -0.31996514420912303
vn -0.9278028247148677 0 -0.3730709295175812
vn -0.8121863845248614 -0.5287962503554712 -0.24643011667088782
vn -0.8242147053198053 -0.5287958109404607 -0.20259592756619493
vn -0.8602769719717466 -0.47454398453912 -0.18636399392816813
vn -0.7715173917916757 -0.6305963202291894 0.08431604281734144
vn 0.2569199947274879 0.618387987309442 -0.7426899847585161
vn 0.4265520155535797 0 -0.9044630329798884
vn 0.4098732245505421 0 -0.9121424997205979
vn 0.2569199947274879 -0.6183879873094418 -0.7426899847585163
vn 0.7407466649329516 -0.6669236983258032 0.08066696351135583
vn 0.9002450497754505 -0.41815302312009944 -0.12127200670525082
vn 0.9054465912715409 -0.41815281124126386 -0.07290196709125764
vn 0.6441536265014773 -0.739504571214298 -0.19544588667493773
vn 0.7860318364920325 0.6180928714261886 0.010730997767770407
vn 0.9711227444544246 0.23715793759320133 -0.026013993154561627
vn 0.721039071508693 0.6887990683113067 -0.07522300746020437
vn 0.786036049420839 0.6180910388615481 -0.010526000661806388
vn -0.7369348070996017 0 -0.6759638230593948
vn -0.4265520155535797 0 -0.9044630329798884
vn -0.4098732245505421 0 -0.9121424997205979
vn -0.11711405557531714 0 -0.9931184712745512
vn -0.9011284243363675 0.41550673456378734 0.12378092092561666
vn -0.8930299133202881 0.4155069596698576 0.172775983229932
vn -0.6535592945608742 0.6859173091447157 -0.3199651442091227
vn -0.8738102134766672 0 -0.4862671187977461
vn -0.7866619584249166 0 -0.6173839673712582
vn -0.8924617890657885 -0.41815290116915527 -0.16929295998744442
vn -0.9002450497754505 -0.41815302312009944 -0.12127200670525082
vn -0.6697518778650633 -0.6859168749172389 -0.28451794811573866
vn -0.7169585676877362 0.6879645851705516 0.11258393211404866
vn -0.6163368885117548 0.7685478609785428 0.17164796895085932
vn -0.5794030370253037 0.7950450508053678 0.17943101146609072
vn -0.7848500924141416 -0.6181990727913995 0.042898005051133
vn -0.7860318364920325 -0.6180928714261886 0.010730997767770133
vn -0.9683374691749751 -0.23715786999436014 -0.07796595726047739
vn 0.1942639900443593 0.6183879683088545 -0.7614839609754709
vn 0.7743952068371155 -0.6313041686182095 0.042037011227876876
vn 0.9711227444544246 -0.23715793759320133 -0.02601399315456173
vn 0.721039071508693 -0.6887990683113067 -0.07522300746020467
vn 0.786036049420839 -0.6180910388615481 -0.010526000661806662
vn 0.5870451840595342 0.7965902497593614 -0.1442980452425667
vn 0.6233880363681474 0.7702160449340202 -0.13473900786060639
vn 0.7745569545962472 0.6311579630021524 -0.04124499758225941
vn 0.5870451840595342 -0.7965902497593614 -0.14429804524256704
vn 0.6233880363681474 -0.7702160449340202 -0.13473900786060672
vn -0.2569199947274879 -0.6183879873094418 -0.7426899847585163
vn -0.27153092005302726 0 -0.962429716631379
vn -0.2569199947274879 0.618387987309442 -0.7426899847585161
vn -0.35903208389701147 0 -0.9333252180952624
vn -0.9694999017038642 0.23181097649703394 0.0795839919310989
vn -0.8121863845248616 0.5287962503554713 -0.24643011667088766
vn -0.680015099476356 0 -0.7331981072562594
vn -0.6327659881096944 -0.7395049861039619 -0.22965099568462832
vn -0.6835580246911417 0.7141170257949786 0.15094800545246864
vn -0.786036049420839 -0.6180910388615481 -0.010526000661806662
vn -0.5818071684523992 -0.7939382298713508 -0.17652905111099332
vn 0.35903208389701147 0 -0.9333252180952624
vn 0.1942639900443593 -0.618387968308854 -0.7614839609754711
vn 0.7860318364920325 -0.6180928714261886 0.010730997767770133
vn 0.7745569545962472 -0.6311579630021524 -0.04124499758225969
vn 0.6893510658409576 0.7158760683744004 -0.11098001059986765
vn 0.7413408706408481 0.6664408837104078 -0.07918498618273567
vn 0.6893510658409576 -0.7158760683744004 -0.11098001059986795
vn -0.41921784897260495 0 -0.9078856729251664
vn -0.8602769719717466 0.4745439845391201 -0.1863639939281679
vn -0.8242147053198053 0.5287958109404607 -0.2025959275661947
vn -0.6697518778650633 0.6859168749172391 -0.28451794811573833
vn -0.5565136449118517 0 -0.8308384698766214
vn -0.7369148091943577 0.6650198278097633 0.1212649686014722
vn -0.721039071508693 -0.6887990683113067 -0.07522300746020467
vn -0.7745569545962472 -0.6311579630021524 -0.04124499758225969
vn -0.9711227444544246 -0.23715793759320133 -0.02601399315456173
vn 0.13026199953157785 0.6183879977762771 -0.7750019972130927
vn 0.7413408706408481 -0.6664408837104078 -0.07918498618273598
vn -0.1942639900443593 -0.618387968308854 -0.7614839609754711
vn -0.1942639900443593 0.6183879683088545 -0.7614839609754709
vn -0.2895769228344206 0 -0.957154744940309
vn -0.9002450497754505 0.41815302312009944 -0.12127200670525062
vn -0.8924617890657885 0.4181529011691554 -0.16929295998744426
vn -0.6327659881096944 0.7395049861039619 -0.229650995684628
vn -0.7848500924141416 0.6181990727913995 0.042898005051133274
vn -0.7860318364920325 0.6180928714261886 0.010730997767770407
vn -0.7715173917916757 0.6305963202291894 0.08431604281734172
vn -0.7413408706408481 -0.6664408837104078 -0.07918498618273598
vn -0.6233880363681474 -0.7702160449340202 -0.13473900786060672
vn -0.5870451840595342 -0.7965902497593614 -0.14429804524256704
vn 0.2895769228344206 0 -0.957154744940309
vn 0.13026199953157785 -0.6183879977762766 -0.7750019972130929
vn -0.13026199953157785 -0.6183879977762766 -0.7750019972130929
vn -0.9683374691749751 0.2371578699943602 -0.07796595726047728
vn -0.786036049420839 0.6180910388615481 -0.010526000661806388
vn -0.6893510658409576 -0.7158760683744004 -0.11098001059986795
vn 0.06535702684563303 0.618388254005192 -0.7831503216818015
vn 0.21855989590256905 0 -0.9758235352270707
vn -0.13026199953157785 0.6183879977762771 -0.7750019972130927
vn -0.21855989590256905 0 -0.9758235352270707
vn -0.06535702684563303 -0.6183882540051916 -0.7831503216818018
vn -0.5818071684523993 0.793938229871351 -0.176529051110993
vn -0.721039071508693 0.6887990683113067 -0.07522300746020437
vn -0.7745569545962472 0.6311579630021524 -0.04124499758225941
vn 0.06535702684563303 -0.6183882540051916 -0.7831503216818018
vn -0.9711227444544246 0.23715793759320133 -0.026013993154561627
vn -0.5870451840595342 0.7965902497593614 -0.1442980452425667
vn -0.6233880363681474 0.7702160449340202 -0.13473900786060639
vn -0.6893510658409576 0.7158760683744004 -0.11098001059986765
vn -0.7413408706408481 0.6664408837104078 -0.07918498618273567
vn 0.1463649499003108 0 -0.9892306613933272
vn 0 0.6183879719644546 -0.7858729643712711
vn -0.06535702684563303 0.618388254005192 -0.7831503216818015
vn -0.1463649499003108 0 -0.9892306613933272
vn 0 -0.6183879719644542 -0.7858729643712713
vn 0.07338000393258129 0 -0.9973040534475203
vn -0.07338000393258129 0 -0.9973040534475203
vn 0.00024899999228087587 0 -0.9999999689995015
vn -0.0007989997449589226 0 -0.9999996807996527
vn 0.0015899995801598715 0 -0.9999987359498687
usemtl material_0_0
f 1//1 2//2 3//3
f 1//1 4//4 2//2
f 2//5 5//5 3//5
f 6//6 1//1 3//3
f 7//5 4//5 1//5
f 4//7 8//7 2//7
f 2//5 9//5 5//5
f 3//5 5//5 6//5
f 6//6 10//8 1//1
f 11//5 4//5 7//5
f 7//5 1//5 10//5
f 8//7 4//7 12//7
f 8//5 13//5 2//5
f 2//5 14//5 9//5
f 15//9 5//10 9//9
f 6//5 5//5 16//5
f 10//8 6//6 17//8
f 18//5 4//5 11//5
f 19//11 11//12 7//11
f 7//5 10//5 20//5
f 21//5 12//5 4//5
f 12//13 22//13 8//14
f 22//5 13//5 8//5
f 2//5 13//5 23//5
f 2//5 24//5 14//5
f 25//15 9//9 14//15
f 5//10 15//9 26//10
f 9//9 25//15 15//9
f 26//10 16//16 5//10
f 6//5 16//5 17//5
f 17//8 20//17 10//8
f 27//5 4//5 18//5
f 28//12 18//18 11//12
f 11//12 19//11 28//12
f 7//11 29//11 19//11
f 7//5 20//5 30//5
f 21//5 31//5 12//5
f 21//5 4//5 32//5
f 31//19 22//13 12//13
f 22//5 33//5 13//5
f 13//20 34//21 23//21
f 2//5 23//5 35//5
f 2//5 36//5 24//5
f 37//22 14//15 24//22
f 14//15 37//22 25//15
f 38//23 26//24 15//23
f 39//25 15//23 25//26
f 16//16 26//10 40//16
f 17//5 16//5 41//5
f 20//17 17//8 42//17
f 43//5 4//5 27//5
f 44//18 27//27 18//18
f 18//18 28//12 44//18
f 45//28 28//28 19//28
f 29//11 7//11 46//11
f 47//28 19//28 29//28
f 20//17 48//29 30//29
f 7//5 30//5 49//5
f 21//5 50//5 31//5
f 32//5 4//5 51//5
f 52//30 21//31 32//30
f 22//13 31//19 53//19
f 53//5 33//5 22//5
f 33//32 54//20 13//20
f 34//21 13//20 54//20
f 55//33 23//21 34//21
f 23//21 55//33 35//33
f 2//5 35//5 56//5
f 2//5 57//5 36//5
f 58//34 24//22 36//34
f 24//22 58//34 37//22
f 59//35 25//26 37//36
f 26//24 38//23 60//24
f 15//23 39//25 38//23
f 39//25 25//26 59//35
f 60//24 40//37 26//24
f 40//16 41//38 16//16
f 17//5 41//5 61//5
f 17//5 61//5 42//5
f 48//29 20//17 42//17
f 62//5 4//5 43//5
f 63//27 43//39 27//27
f 27//27 44//18 63//27
f 45//28 44//28 28//28
f 45//28 19//28 64//28
f 7//5 65//5 46//5
f 46//40 66//40 29//40
f 67//28 19//28 47//28
f 47//28 29//28 66//28
f 48//29 49//41 30//29
f 7//5 49//5 68//5
f 21//5 69//5 50//5
f 50//42 53//19 31//19
f 51//5 4//5 70//5
f 71//43 32//30 51//43
f 21//31 52//30 72//31
f 32//30 71//43 52//30
f 53//5 73//5 33//5
f 54//20 33//32 74//32
f 54//44 75//44 34//44
f 34//44 76//45 55//44
f 77//46 35//33 55//33
f 35//33 77//46 56//46
f 2//5 56//5 78//5
f 2//5 79//5 57//5
f 80//47 36//34 57//47
f 36//34 80//47 58//34
f 81//48 37//36 58//49
f 59//35 37//36 81//48
f 38//50 82//51 60//52
f 39//53 83//54 38//50
f 59//55 84//56 39//53
f 40//37 60//24 85//37
f 41//38 40//16 86//38
f 86//38 61//57 41//38
f 42//5 61//5 87//5
f 42//5 87//5 48//5
f 88//5 4//5 62//5
f 89//39 62//58 43//39
f 43//39 63//27 89//39
f 45//28 63//28 44//28
f 64//28 19//28 90//28
f 64//59 91//60 45//61
f 7//5 92//5 65//5
f 46//5 65//5 93//5
f 66//40 46//40 93//40
f 94//28 19//28 67//28
f 47//62 95//63 67//63
f 47//28 66//28 96//28
f 49//41 48//29 97//41
f 97//41 68//64 49//41
f 7//5 68//5 98//5
f 21//5 99//5 69//5
f 69//65 100//42 50//42
f 53//19 50//42 100//42
f 70//5 4//5 101//5
f 102//66 51//43 70//66
f 51//43 102//66 71//43
f 45//28 72//28 52//28
f 72//31 103//11 21//31
f 45//28 52//28 71//28
f 53//5 104//5 73//5
f 73//67 74//32 33//32
f 74//44 105//44 54//44
f 54//44 106//44 75//44
f 34//44 75//44 107//45
f 34//44 107//45 76//45
f 55//44 76//45 77//44
f 108//68 56//46 77//46
f 56//46 108//68 78//68
f 2//5 78//5 76//45
f 2//5 109//5 79//5
f 57//5 79//5 110//69
f 80//47 57//47 110//70
f 111//71 58//49 80//72
f 81//48 58//49 111//71
f 81//73 112//74 59//55
f 82//51 38//50 83//54
f 113//75 60//52 82//51
f 83//54 39//53 84//56
f 84//56 59//55 112//74
f 60//52 113//75 85//76
f 85//37 86//77 40//37
f 61//57 86//38 114//57
f 61//57 115//78 87//78
f 48//5 87//5 116//5
f 117//5 4//5 88//5
f 118//58 88//79 62//58
f 62//58 89//39 118//58
f 45//28 89//28 63//28
f 90//28 19//28 119//28
f 90//80 120//81 64//59
f 64//59 121//82 91//60
f 122//83 45//83 91//83
f 7//5 98//5 92//5
f 123//84 65//85 92//84
f 93//5 65//5 124//5
f 93//86 125//87 66//86
f 126//28 19//28 94//28
f 67//63 127//88 94//88
f 95//63 47//62 128//62
f 127//88 67//63 95//63
f 96//28 66//28 125//28
f 96//89 128//62 47//62
f 48//5 116//5 97//5
f 68//64 97//41 129//64
f 129//64 98//90 68//64
f 21//5 130//5 99//5
f 131//91 69//65 99//91
f 100//42 69//65 132//65
f 100//5 104//5 53//5
f 101//5 4//5 133//5
f 134//92 70//66 101//92
f 70//66 134//92 102//66
f 45//28 71//28 102//28
f 135//28 72//28 45//28
f 103//11 72//31 136//11
f 103//5 137//5 21//5
f 104//93 138//67 73//67
f 74//32 73//67 138//67
f 74//44 139//44 105//44
f 54//44 105//44 106//44
f 140//94 75//95 106//96
f 75//95 141//97 107//98
f 142//5 76//45 107//45
f 77//44 76//45 108//44
f 108//68 76//99 78//68
f 2//5 76//45 143//5
f 2//5 144//5 109//5
f 145//100 79//101 109//100
f 110//69 79//5 146//5
f 147//102 80//72 110//69
f 111//71 80//72 147//102
f 111//103 148//104 81//73
f 112//74 81//73 148//104
f 83//54 149//105 82//51
f 82//51 150//106 113//75
f 84//56 151//107 83//54
f 112//74 152//108 84//56
f 153//109 85//76 113//75
f 86//77 85//37 154//110
f 154//110 114//111 86//77
f 115//78 61//57 114//57
f 115//78 116//112 87//78
f 155//5 4//5 117//5
f 156//79 117//113 88//79
f 88//79 118//58 156//79
f 45//28 118//28 89//28
f 119//28 19//28 157//28
f 119//114 158//80 90//80
f 120//81 90//80 158//80
f 120//81 121//82 64//59
f 159//28 91//28 121//28
f 45//83 122//83 135//83
f 160//28 122//28 91//28
f 161//90 92//84 98//90
f 65//85 123//84 162//85
f 92//84 161//90 123//84
f 162//85 124//115 65//85
f 93//5 124//5 163//5
f 125//87 93//86 163//87
f 164//28 19//28 126//28
f 127//88 126//116 94//88
f 165//28 95//28 128//28
f 166//28 127//28 95//28
f 96//28 125//28 167//28
f 128//62 96//89 168//89
f 97//5 116//5 169//5
f 97//5 170//5 129//5
f 98//90 129//64 161//90
f 21//5 171//5 130//5
f 130//117 131//91 99//91
f 69//65 131//91 132//65
f 132//5 172//5 100//5
f 100//5 172//5 104//5
f 133//5 4//5 173//5
f 174//118 101//92 133//118
f 101//92 174//118 134//92
f 45//28 102//28 134//28
f 175//28 72//28 135//28
f 176//28 136//28 72//28
f 136//11 177//11 103//11
f 177//5 137//5 103//5
f 21//5 137//5 178//5
f 138//67 104//93 179//93
f 138//44 139//44 74//44
f 180//119 105//120 139//121
f 181//122 106//96 105//120
f 75//95 140//94 141//97
f 106//96 181//122 140//94
f 141//97 182//123 107//98
f 76//45 142//5 183//5
f 107//98 184//124 142//124
f 76//45 185//5 143//5
f 2//5 143//5 186//5
f 2//5 187//5 144//5
f 188//125 109//100 144//125
f 79//101 145//100 189//101
f 109//100 188//125 145//100
f 189//101 146//126 79//101
f 110//69 146//5 190//5
f 110//69 191//5 147//102
f 111//103 147//127 192//128
f 148//104 111//103 192//128
f 148//104 193//129 112//74
f 149//105 83//54 151//107
f 150//106 82//51 149//105
f 194//130 113//75 150//106
f 151//107 84//56 152//108
f 152//108 112//74 193//129
f 85//76 153//109 154//109
f 113//75 194//130 153//130
f 195//131 114//111 154//110
f 195//131 115//132 114//111
f 116//112 115//78 196//112
f 197//5 4//5 155//5
f 117//113 198//133 155//133
f 117//113 156//79 199//113
f 45//28 156//28 118//28
f 157//28 19//28 164//28
f 200//134 119//114 157//134
f 158//80 119//114 201//114
f 202//28 120//28 158//28
f 159//28 121//28 120//28
f 203//28 91//28 159//28
f 135//135 122//136 204//135
f 160//28 204//28 122//28
f 160//28 91//28 205//28
f 123//5 206//5 162//5
f 161//5 207//5 123//5
f 124//115 162//85 208//115
f 163//5 124//5 209//5
f 163//87 167//137 125//87
f 210//116 164//138 126//116
f 126//116 127//88 210//116
f 166//28 95//28 165//28
f 165//28 128//28 211//28
f 166//28 210//28 127//28
f 96//28 167//28 212//28
f 213//139 168//89 96//89
f 211//28 128//28 168//28
f 116//112 214//140 169//141
f 97//5 169//5 170//5
f 129//5 170//5 207//5
f 129//5 207//5 161//5
f 21//5 178//5 171//5
f 215//142 130//117 171//142
f 131//91 130//117 216//117
f 131//5 217//5 132//5
f 132//5 217//5 172//5
f 172//143 179//93 104//93
f 173//5 4//5 218//5
f 219//144 133//118 173//144
f 133//118 219//144 174//118
f 45//28 134//28 174//28
f 220//28 72//28 175//28
f 204//135 175//145 135//135
f 176//28 221//28 136//28
f 176//28 72//28 222//28
f 177//11 136//11 221//11
f 177//5 223//5 137//5
f 137//146 224//147 178//147
f 179//44 225//44 138//44
f 138//44 225//44 139//44
f 105//120 180//119 181//122
f 139//121 226//148 180//119
f 140//94 227//149 141//97
f 181//122 228//150 140//94
f 182//123 141//97 227//149
f 184//124 107//98 182//123
f 142//124 229//151 183//151
f 76//45 183//5 185//5
f 229//151 142//124 184//124
f 185//152 230//153 143//153
f 143//153 231//154 186//154
f 2//5 186//5 232//5
f 2//5 233//5 187//5
f 234//155 144//125 187//155
f 144//125 234//155 188//125
f 145//28 91//28 189//28
f 188//28 91//28 145//28
f 146//126 189//101 235//126
f 146//126 236//156 190//156
f 110//69 190//5 237//5
f 191//5 110//69 237//5
f 147//102 191//5 238//5
f 147//127 239//157 192//128
f 192//128 240//158 148//104
f 193//129 148//104 240//158
f 241//159 149//105 151//107
f 242//160 150//106 149//105
f 243//161 194//162 150//106
f 244//163 151//107 152//108
f 245//164 152//108 193//129
f 246//165 154//109 153//109
f 247//166 153//130 194//130
f 154//109 246//165 195//165
f 248//167 115//132 195//131
f 248//167 196//168 115//132
f 214//140 116//112 196//112
f 249//5 4//5 197//5
f 155//133 250//169 197//169
f 198//133 117//113 199//113
f 250//169 155//133 198//133
f 45//28 199//28 156//28
f 251//138 157//134 164//138
f 119//114 200//134 201//114
f 157//134 251//138 200//134
f 252//28 158//28 201//28
f 159//28 120//28 202//28
f 202//28 158//28 253//28
f 254//28 91//28 203//28
f 159//170 255//171 203//171
f 256//28 204//28 160//28
f 205//28 91//28 257//28
f 258//172 160//173 205//172
f 123//5 207//5 206//5
f 162//5 206//5 259//5
f 162//5 259//5 208//5
f 208//115 260//174 124//115
f 209//5 124//5 261//5
f 167//137 163//87 209//137
f 164//138 210//116 251//138
f 262//175 166//176 165//177
f 263//178 165//177 211//179
f 264//28 210//28 166//28
f 209//137 212//180 167//137
f 96//28 212//28 265//28
f 168//89 213//139 266//139
f 96//28 265//28 213//28
f 211//28 168//28 267//28
f 214//140 170//181 169//141
f 268//182 207//176 170//181
f 224//147 171//142 178//147
f 130//117 215//142 216//117
f 171//142 224//147 215//142
f 216//5 269//5 131//5
f 131//5 270//5 217//5
f 271//183 172//143 217//183
f 179//93 172//143 272//143
f 218//5 4//5 273//5
f 218//184 219//144 173//144
f 45//28 174//28 219//28
f 274//28 72//28 220//28
f 275//145 220//185 175//145
f 175//145 204//135 275//145
f 276//28 221//28 176//28
f 222//28 72//28 277//28
f 278//186 176//187 222//186
f 221//188 279//188 177//188
f 279//5 223//5 177//5
f 223//189 280//146 137//146
f 224//147 137//146 280//146
f 179//44 281//44 225//44
f 226//148 139//121 225//190
f 180//119 282//191 181//122
f 226//148 283//192 180//119
f 227//149 140//94 228//150
f 228//150 181//122 282//191
f 284//193 182//123 227//149
f 285//194 184//28 182//194
f 286//152 183//151 229//151
f 183//151 286//152 185//152
f 184//28 285//194 229//28
f 230//153 185//152 286//152
f 231//154 143//153 230//153
f 231//154 232//195 186//154
f 2//5 232//5 287//5
f 2//5 288//5 233//5
f 233//196 234//155 187//155
f 234//28 91//28 188//28
f 189//28 91//28 289//28
f 189//28 290//197 235//28
f 236//156 146//126 235//126
f 291//198 190//156 236//156
f 190//156 291//198 237//198
f 237//198 292//199 191//199
f 191//199 293//200 238//200
f 147//102 238//5 294//5
f 239//157 147//127 295//201
f 240//158 192//128 239//157
f 296//202 193//129 240//158
f 149//105 241//159 242//160
f 151//107 244//163 241//159
f 150//106 242//160 243//161
f 194//162 243//161 297//162
f 152//108 245//164 244//163
f 193//129 296//202 245//164
f 153//130 247//166 246//166
f 297//162 247//203 194//162
f 246//165 248//204 195//165
f 298//205 196//168 248//167
f 299//206 214//207 196//168
f 300//5 4//5 249//5
f 197//169 301//208 249//208
f 301//208 197//169 250//169
f 45//28 198//28 199//28
f 45//28 250//28 198//28
f 302//28 201//28 200//28
f 303//28 200//28 251//28
f 253//28 158//28 252//28
f 252//28 201//28 302//28
f 202//209 304//170 159//170
f 253//210 305//209 202//209
f 306//28 91//28 254//28
f 203//171 307//211 254//211
f 255//171 159//170 304//170
f 307//211 203//171 255//171
f 256//28 275//28 204//28
f 308//173 256//212 160//173
f 257//28 91//28 309//28
f 310//213 205//172 257//213
f 160//173 258//172 308//173
f 205//172 310//213 258//172
f 311//214 206//177 207//176
f 312//215 259//179 206//177
f 208//5 259//5 313//5
f 260//174 208//115 314//174
f 315//5 124//5 260//5
f 261//5 124//5 315//5
f 212//180 209//137 261//180
f 264//28 251//28 210//28
f 166//176 262//175 316//216
f 165//177 263//178 262//175
f 211//179 317//217 263//178
f 316//216 264//181 166//176
f 261//180 265//218 212//180
f 318//219 266//139 213//139
f 267//28 168//28 266//28
f 213//28 265//28 319//28
f 317//217 211//179 267//220
f 170//181 214//140 268//182
f 207//176 268//182 311//214
f 215//5 320//5 216//5
f 224//5 320//5 215//5
f 216//5 320//5 269//5
f 131//5 269//5 270//5
f 321//221 217//183 270//221
f 172//143 271//183 272//143
f 217//183 321//221 271//183
f 272//44 281//44 179//44
f 273//5 4//5 322//5
f 273//222 323//184 218//184
f 219//144 218//184 323//184
f 45//28 219//28 323//28
f 324//28 72//28 274//28
f 325//185 274//223 220//185
f 220//185 275//145 325//185
f 276//28 326//28 221//28
f 327//187 276//224 176//187
f 277//28 72//28 328//28
f 329//225 222//186 277//225
f 176//187 278//186 327//187
f 222//186 329//225 278//186
f 279//188 221//188 326//188
f 330//5 223//5 279//5
f 280//146 223//189 331//189
f 280//5 332//5 224//5
f 333//226 225//190 281//227
f 225//190 333//226 226//148
f 282//191 180//119 283//192
f 283//192 226//148 334//228
f 228//150 284//193 227//149
f 282//191 335//229 228//150
f 284//230 258//230 182//194
f 182//194 258//230 285//194
f 229//28 285//194 286//28
f 286//28 285//194 230//28
f 230//28 91//28 231//28
f 232//195 231//154 336//195
f 336//195 287//231 232//195
f 2//5 287//5 337//5
f 2//5 338//5 288//5
f 339//232 233//196 288//232
f 234//155 233//196 340//196
f 340//28 91//28 234//28
f 289//28 91//28 341//28
f 189//28 289//28 290//197
f 235//28 290//197 236//28
f 236//28 290//197 291//28
f 292//199 237//198 291//198
f 293//200 191//199 292//199
f 342//233 238//200 293//200
f 238//200 342//233 294//233
f 294//233 295//201 147//127
f 343//234 239//157 295//201
f 343//234 240//158 239//157
f 240//158 343//234 296//202
f 241//235 304//236 242//236
f 244//237 255//235 241//235
f 242//236 305//238 243//238
f 243//238 344//239 297//240
f 244//237 245//241 307//242
f 245//241 296//243 345//244
f 247//166 346//245 246//166
f 247//203 297//162 347//203
f 248//204 246//165 346//204
f 299//206 196//168 298//205
f 346//204 298//246 248//204
f 299//206 348//247 214//207
f 349//5 4//5 300//5
f 249//208 350//248 300//248
f 350//248 249//208 301//208
f 45//28 301//28 250//28
f 302//28 200//28 303//28
f 303//28 251//28 351//28
f 252//249 344//210 253//210
f 302//250 352//249 252//249
f 304//170 202//209 305//209
f 305//209 253//210 344//210
f 341//28 91//28 306//28
f 254//211 345//251 306//251
f 345//251 254//211 307//211
f 304//236 241//235 255//235
f 255//235 244//237 307//242
f 353//28 275//28 256//28
f 256//212 308//173 354//212
f 309//28 91//28 355//28
f 356//252 257//213 309//252
f 257//213 356//252 310//213
f 284//230 308//230 258//230
f 285//194 258//230 310//230
f 206//177 311//214 312//215
f 259//179 312//215 357//253
f 357//253 313//220 259//179
f 208//5 313//5 314//5
f 314//174 358//254 260//174
f 315//5 260//5 359//5
f 265//218 261//180 315//218
f 351//28 251//28 264//28
f 262//175 360//255 316//216
f 263//178 361//256 262//175
f 317//217 362//257 263//178
f 264//181 316//216 363//258
f 266//139 318//219 364//259
f 213//28 365//28 318//28
f 267//28 266//28 366//28
f 265//218 359//260 319//260
f 213//28 319//28 367//28
f 267//220 368//261 317//217
f 348//262 268//182 214//140
f 369//263 311//214 268//182
f 224//5 332//5 320//5
f 320//264 370//265 269//265
f 370//265 270//221 269//265
f 270//221 370//265 321//221
f 271//266 371//266 272//266
f 321//267 372//267 271//267
f 272//44 373//44 281//44
f 322//5 4//5 374//5
f 322//268 375//222 273//222
f 323//184 273//222 375//222
f 45//28 323//28 375//28
f 328//28 72//28 324//28
f 376//223 324//269 274//223
f 274//223 325//185 376//223
f 377//28 325//28 275//28
f 276//28 378//28 326//28
f 276//224 327//187 379//224
f 380//270 277//225 328//270
f 277//225 380//270 329//225
f 381//28 327//28 278//28
f 382//28 278//28 329//28
f 326//271 330//272 279//271
f 383//5 223//5 330//5
f 384//273 331//189 223//189
f 331//5 385//5 280//5
f 280//5 385//5 332//5
f 281//227 386//274 333//226
f 333//226 334//228 226//148
f 283//192 387//275 282//191
f 334//228 388//276 283//192
f 284//193 228//150 335//229
f 335//229 282//191 387//275
f 285//194 91//28 230//28
f 231//28 91//28 336//28
f 287//231 336//195 389//231
f 389//231 337//277 287//231
f 2//5 337//5 390//5
f 2//5 391//5 338//5
f 392//5 288//5 338//5
f 233//196 339//232 340//196
f 288//232 393//278 339//232
f 339//28 91//28 340//28
f 341//279 394//280 289//280
f 394//280 290//281 289//280
f 290//197 292//28 291//28
f 292//28 295//282 293//28
f 293//28 295//282 342//28
f 295//201 294//233 342//233
f 343//283 295//282 394//284
f 296//243 343//283 395//285
f 305//238 242//236 304//236
f 344//239 243//238 305//238
f 297//240 344//239 352//286
f 245//241 345//244 307//242
f 296//243 395//285 345//244
f 346//245 247//166 396//245
f 347//287 297//240 352//286
f 347//203 396//288 247//203
f 397//246 299//289 298//246
f 298//246 346//204 397//246
f 398//290 348//247 299//206
f 399//5 4//5 349//5
f 349//5 300//5 400//5
f 401//291 300//291 350//291
f 45//28 350//28 301//28
f 303//292 402//250 302//250
f 351//293 403//292 303//292
f 344//210 252//249 352//249
f 352//249 302//250 402//250
f 306//251 395//279 341//279
f 395//279 306//251 345//251
f 377//28 275//28 353//28
f 354//212 353//294 256//212
f 387//230 354//230 308//230
f 355//28 91//28 285//194
f 404//295 309//252 355//295
f 309//252 404//295 356//252
f 285//194 310//230 356//230
f 335//230 308//230 284//230
f 369//263 312//215 311//214
f 405//296 357//253 312//215
f 313//220 357//253 406//297
f 314//5 313//5 407//5
f 358//254 314//174 408//298
f 409//5 260//5 358//5
f 359//5 260//5 410//5
f 359//260 265//218 315//218
f 363//258 351//293 264//181
f 262//175 361//256 360//255
f 316//216 360//255 363//258
f 263//178 362//257 361//256
f 317//217 411//299 362//257
f 412//300 364//259 318//219
f 366//28 266//28 364//28
f 213//28 413//28 365//28
f 318//28 365//28 414//28
f 368//261 267//220 366//301
f 410//302 319//260 359//260
f 319//260 410//302 367//302
f 213//28 367//28 415//28
f 368//261 411//299 317//217
f 369//263 268//182 348//262
f 416//303 320//264 332//303
f 370//265 320//264 417//264
f 370//304 418//305 321//305
f 371//266 271//266 372//266
f 419//44 272//44 371//44
f 372//267 321//267 418//267
f 272//44 419//44 373//44
f 386//274 281//227 373//274
f 374//5 4//5 420//5
f 374//306 421//268 322//268
f 375//222 322//268 421//268
f 45//28 375//28 421//28
f 422//269 328//270 324//269
f 324//269 376//223 422//269
f 423//28 376//28 325//28
f 423//28 325//28 377//28
f 276//28 424//28 378//28
f 330//272 326//271 378//272
f 425//28 379//28 327//28
f 379//224 426//307 276//224
f 328//270 422//269 380//270
f 382//28 329//28 380//28
f 425//28 327//28 381//28
f 381//28 278//28 382//28
f 427//5 223//5 383//5
f 378//272 383//308 330//272
f 331//189 384//273 428//273
f 427//5 384//5 223//5
f 331//5 429//5 385//5
f 430//309 332//303 385//309
f 386//310 431//311 333//226
f 334//228 333//226 431//311
f 387//275 283//192 388//276
f 388//276 334//228 432//312
f 387//230 308//230 335//230
f 336//28 91//28 389//28
f 337//277 389//231 433//277
f 433//277 390//313 337//277
f 2//5 390//5 434//5
f 2//5 434//5 391//5
f 435//314 338//315 391//314
f 288//5 392//5 436//5
f 338//315 437//316 392//317
f 393//278 288//232 438//278
f 393//28 91//28 339//28
f 394//280 341//279 395//279
f 295//282 290//197 394//284
f 292//28 290//197 295//282
f 343//283 394//284 395//285
f 439//318 346//245 396//245
f 347//287 352//286 402//319
f 396//288 347//203 440//288
f 299//289 397//246 441//320
f 346//245 439//318 397//318
f 442//321 348//247 398//290
f 398//322 299//289 443//323
f 444//5 4//5 399//5
f 445//324 399//325 349//324
f 300//291 401//291 400//291
f 400//5 446//5 349//5
f 350//28 445//28 401//28
f 45//28 445//28 350//28
f 402//250 303//292 403//292
f 403//292 351//293 447//326
f 448//294 377//327 353//294
f 353//294 354//212 448//294
f 388//230 354//230 387//230
f 404//295 355//295 285//328
f 285//194 356//230 404//230
f 405//296 312//215 369//263
f 449//329 357//253 405//296
f 449//329 406//297 357//253
f 406//297 407//301 313//220
f 314//5 407//5 408//5
f 450//330 358//254 408//298
f 451//5 260//5 409//5
f 409//5 358//5 452//5
f 410//5 260//5 453//5
f 351//293 363//258 447//326
f 454//331 360//332 361//333
f 363//258 360//255 455//334
f 456//335 361//333 362//336
f 457//337 362//336 411//338
f 458//339 364//259 412//300
f 318//28 459//28 412//28
f 366//28 364//28 460//28
f 213//28 415//28 413//28
f 413//340 409//341 365//341
f 365//341 452//342 414//342
f 318//28 414//28 461//28
f 460//343 368//261 366//301
f 453//344 367//302 410//302
f 367//302 453//344 415//344
f 368//261 462//345 411//299
f 442//321 369//346 348//247
f 320//264 416//303 417//264
f 332//303 430//309 416//303
f 463//347 370//348 417//347
f 418//305 370//304 464//349
f 465//350 371//351 372//350
f 466//351 419//352 371//351
f 418//353 465//350 372//350
f 467//352 373//274 419//352
f 373//274 467//352 386//274
f 420//5 4//5 468//5
f 420//354 469//354 374//354
f 421//268 374//306 469//306
f 45//28 421//28 469//28
f 470//28 422//28 376//28
f 470//28 376//28 423//28
f 471//327 423//355 377//327
f 276//28 472//28 424//28
f 383//308 378//272 424//308
f 473//28 379//28 425//28
f 426//307 379//224 474//307
f 426//28 472//28 276//28
f 475//28 380//28 422//28
f 382//28 380//28 475//28
f 476//303 425//309 381//303
f 477//264 381//303 382//264
f 424//308 427//356 383//308
f 478//357 428//273 384//273
f 428//5 429//5 331//5
f 479//5 384//5 427//5
f 480//358 385//309 429//358
f 385//309 480//358 430//309
f 431//311 386//310 481//310
f 431//311 432//312 334//228
f 432//230 448//230 388//230
f 389//28 91//28 433//28
f 390//313 433//277 482//313
f 482//313 434//359 390//313
f 483//359 391//314 434//359
f 338//315 435//314 484//315
f 391//314 483//359 435//314
f 436//5 392//5 437//5
f 288//5 436//5 438//5
f 484//315 437//316 338//315
f 438//278 485//360 393//278
f 485//28 91//28 393//28
f 440//288 439//361 396//288
f 440//362 347//287 402//319
f 439//318 441//320 397//318
f 441//320 443//323 299//289
f 442//363 398//364 486//365
f 398//322 443//323 486//365
f 487//5 4//5 444//5
f 488//325 444//366 399//325
f 399//325 445//324 488//325
f 349//324 489//367 445//324
f 490//368 400//369 401//369
f 446//5 400//5 491//5
f 489//367 349//324 446//367
f 489//28 401//28 445//28
f 45//28 488//28 445//28
f 440//362 402//319 403//370
f 492//371 403//370 447//372
f 377//327 448//294 471//327
f 388//230 448//230 354//230
f 493//373 405//374 369//375
f 494//376 449//377 405//374
f 495//378 406//297 449//329
f 407//301 406//297 496//379
f 408//5 407//5 497//5
f 498//5 358//5 450//5
f 499//380 450//330 408//298
f 453//5 260//5 451//5
f 409//341 413//340 451//340
f 452//5 358//5 500//5
f 452//342 365//341 409//341
f 363//258 455//334 447//326
f 454//381 501//382 360//383
f 456//335 454//331 361//333
f 501//382 455//384 360//383
f 457//337 456//335 362//336
f 502//385 457//337 411//338
f 503//386 364//259 458//339
f 412//28 504//28 458//28
f 505//28 459//28 318//28
f 412//28 459//28 504//28
f 460//28 364//28 503//28
f 415//344 451//340 413//340
f 500//387 414//342 452//342
f 414//342 500//387 461//387
f 318//28 461//28 506//28
f 368//261 460//343 462//345
f 451//340 415//344 453//344
f 502//385 411//338 462//388
f 493//389 369//346 442//321
f 507//390 417//347 416//390
f 508//391 416//390 430//391
f 370//304 463//392 509//393
f 417//347 507//390 463//347
f 370//304 509//393 464//349
f 510//394 418//353 464//395
f 371//351 465//350 466//351
f 419//352 466//351 467//352
f 465//350 418//353 511//353
f 467//396 481//310 386//310
f 468//5 4//5 512//5
f 468//5 513//5 420//5
f 469//354 420//354 514//354
f 45//28 469//28 514//28
f 515//28 422//28 470//28
f 516//355 470//397 423//355
f 423//355 471//327 516//355
f 427//356 424//308 472//356
f 473//28 474//28 379//28
f 517//309 473//358 425//309
f 474//307 518//398 426//307
f 426//28 519//28 472//28
f 475//28 422//28 515//28
f 520//399 382//264 475//399
f 425//309 476//303 517//309
f 381//303 477//264 476//303
f 382//264 520//399 477//264
f 428//273 478//357 521//400
f 522//5 478//5 384//5
f 428//5 523//5 429//5
f 524//5 384//5 479//5
f 472//356 479//401 427//356
f 429//358 525//402 480//358
f 526//403 430//391 480//403
f 481//404 527//405 431//311
f 432//312 431//311 527//405
f 432//230 471//230 448//230
f 433//28 91//28 482//28
f 434//359 482//313 483//359
f 435//28 91//28 484//28
f 483//28 91//28 435//28
f 438//5 436//5 437//5
f 528//316 436//360 437//316
f 485//360 438//278 436//360
f 529//317 437//316 484//315
f 530//28 485//28 393//28
f 528//28 91//28 485//28
f 439//361 440//288 531//361
f 441//320 439//318 532//406
f 532//406 443//323 441//320
f 442//363 486//365 533//407
f 534//408 486//365 443//323
f 535//5 4//5 487//5
f 536//366 487//409 444//366
f 444//366 488//325 536//366
f 400//369 490//368 491//368
f 401//28 489//28 490//28
f 446//5 491//5 537//5
f 538//410 489//367 446//367
f 45//28 536//28 488//28
f 531//411 440//362 403//370
f 492//371 531//411 403//370
f 492//371 447//372 455//384
f 494//376 405//374 493//373
f 539//412 449//377 494//376
f 495//378 496//379 406//297
f 539//412 495//413 449//377
f 496//379 540//343 407//301
f 407//301 540//343 497//343
f 408//5 497//5 541//5
f 498//5 542//5 358//5
f 498//5 450//5 543//5
f 543//5 450//5 499//5
f 541//414 499//380 408//298
f 500//5 358//5 544//5
f 545//415 501//416 454//417
f 546//418 454//417 456//419
f 501//382 547//420 455//384
f 548//421 456//419 457//422
f 549//423 457//422 502//424
f 550//425 503//386 458//339
f 458//28 504//28 551//28
f 552//28 459//28 505//28
f 318//28 506//28 505//28
f 553//426 504//427 459//428
f 460//28 503//28 554//28
f 544//429 461//387 500//387
f 461//387 544//429 506//429
f 462//345 460//343 555//343
f 555//28 502//385 462//388
f 493//430 442//431 533//407
f 416//390 508//391 507//390
f 430//391 526//403 508//391
f 463//392 556//432 509//393
f 463//392 507//433 556//432
f 509//434 557//434 464//435
f 418//353 510//394 511//353
f 557//436 510//394 464//395
f 558//437 466//438 465//437
f 466//438 559//396 467//396
f 560//439 465//437 511//439
f 481//310 467//396 559//396
f 512//5 4//5 561//5
f 562//440 468//441 512//440
f 468//5 563//5 513//5
f 513//442 514//443 420//443
f 45//28 514//28 564//28
f 565//397 515//444 470//397
f 470//397 516//355 565//397
f 527//230 516//230 471//230
f 566//28 474//28 473//28
f 473//358 517//309 567//358
f 518//398 474//307 568//445
f 518//28 569//28 426//28
f 426//28 570//28 519//28
f 479//401 472//356 519//401
f 571//444 475//399 515//444
f 475//399 571//444 520//399
f 572//446 517//447 476//446
f 573//448 476//446 477//448
f 520//449 573//448 477//448
f 478//357 574//450 521//400
f 521//5 523//5 428//5
f 575//5 478//5 522//5
f 522//5 384//5 576//5
f 525//402 429//358 523//402
f 577//5 384//5 524//5
f 479//401 570//451 524//451
f 578//452 480//403 525//452
f 480//403 578//452 526//403
f 527//405 481//404 579//404
f 527//230 471//230 432//230
f 482//28 91//28 483//28
f 484//28 91//28 529//28
f 436//360 528//316 485//360
f 437//316 529//317 528//316
f 529//28 580//28 484//28
f 581//28 485//28 530//28
f 529//28 91//28 528//28
f 485//28 581//28 528//28
f 531//361 532//406 439//361
f 492//453 443//323 532//406
f 582//454 533//407 486//365
f 486//365 534//408 582//454
f 443//323 492//453 534//408
f 583//5 4//5 535//5
f 584//409 535//455 487//409
f 487//409 536//366 584//409
f 585//456 491//368 490//368
f 490//28 489//28 585//28
f 491//368 585//456 537//456
f 446//5 537//5 586//5
f 489//367 538//410 587//410
f 446//5 588//5 538//5
f 45//28 584//28 536//28
f 532//406 531//361 492//453
f 547//420 492//371 455//384
f 494//457 493//430 589//458
f 539//459 494//457 590//460
f 591//345 496//379 495//378
f 592//461 495//413 539//412
f 540//343 496//379 591//345
f 593//462 497//343 540//343
f 541//5 497//5 594//5
f 498//5 595//5 542//5
f 544//5 358//5 542//5
f 596//463 498//464 543//465
f 543//5 499//5 597//5
f 598//466 499//380 541//414
f 582//454 501//467 545//415
f 545//415 454//417 546//418
f 546//418 456//419 548//421
f 582//454 547//468 501//467
f 548//421 457//422 549//423
f 599//469 549//423 502//424
f 550//425 600//470 503//386
f 458//28 551//28 550//28
f 553//426 551//471 504//427
f 601//28 459//28 552//28
f 505//472 595//473 552//473
f 506//429 542//472 505//472
f 459//428 602//474 553//426
f 554//28 503//28 600//28
f 554//462 555//343 460//343
f 542//472 506//429 544//429
f 502//385 555//28 603//28
f 493//430 533//407 589//458
f 507//433 508//475 604//476
f 508//475 526//477 605//478
f 606//479 509//434 556//479
f 507//433 604//476 556//432
f 509//434 606//479 557//434
f 607//480 511//439 510//394
f 557//436 607//480 510//394
f 466//438 558//437 608//438
f 465//437 560//439 558//437
f 559//396 466//438 608//438
f 511//439 607//480 560//439
f 559//481 579//404 481//404
f 561//5 4//5 609//5
f 610//482 512//440 561//482
f 468//441 562//440 564//441
f 512//440 610//482 562//440
f 468//5 611//5 563//5
f 563//483 612//442 513//442
f 514//443 513//442 612//442
f 612//28 564//28 514//28
f 45//28 564//28 562//28
f 515//444 565//397 571//444
f 613//484 565//484 516//484
f 579//230 516//230 527//230
f 566//28 568//28 474//28
f 567//358 566//402 473//358
f 614//447 567//485 517//447
f 518//398 568//445 615//486
f 518//28 616//28 569//28
f 426//28 569//28 617//28
f 426//28 618//28 570//28
f 570//451 479//401 519//401
f 619//487 520//488 571//487
f 517//447 572//446 614//447
f 476//446 573//448 572//446
f 520//488 620//489 573//490
f 621//5 574//5 478//5
f 622//491 521//400 574//450
f 521//5 623//5 523//5
f 624//5 478//5 575//5
f 522//492 616//493 575//493
f 576//5 384//5 577//5
f 576//494 569//492 522//492
f 523//402 625//495 525//402
f 524//451 618//496 577//496
f 618//496 524//451 570//451
f 525//452 626//497 578//452
f 526//477 578//498 627//499
f 581//28 529//28 528//28
f 580//28 529//28 581//28
f 533//407 582//454 545//415
f 534//408 547//500 582//454
f 492//453 547//500 534//408
f 628//5 4//5 583//5
f 629//455 583//501 535//455
f 535//455 584//409 629//455
f 585//28 489//28 630//28
f 630//502 537//456 585//456
f 537//456 630//502 586//502
f 446//5 586//5 631//5
f 632//503 587//410 538//410
f 633//28 489//28 587//28
f 446//5 634//5 588//5
f 538//5 588//5 632//5
f 45//28 629//28 584//28
f 494//457 589//458 590//460
f 539//459 590//460 635//504
f 592//461 591//505 495//413
f 592//424 539//459 635//504
f 592//461 540//5 591//505
f 497//343 593//462 594//462
f 540//5 592//461 593//5
f 541//5 594//5 636//5
f 498//5 637//5 595//5
f 595//473 505//472 542//472
f 638//506 498//464 596//463
f 596//463 543//465 597//507
f 597//5 499//5 598//5
f 598//466 541//414 636//508
f 589//458 545//415 546//418
f 590//460 546//418 548//421
f 635//504 548//421 549//423
f 549//423 599//469 635//504
f 502//385 603//28 599//28
f 639//509 600//470 550//425
f 550//28 551//28 640//28
f 641//510 551//471 553//426
f 601//28 642//28 459//28
f 552//473 637//511 601//511
f 637//511 552//473 595//473
f 602//474 459//428 642//474
f 602//28 643//28 553//28
f 554//28 600//28 644//28
f 555//343 554//462 603//462
f 545//415 589//458 533//407
f 508//475 605//478 604//476
f 526//477 627//499 605//478
f 556//479 645//512 606//479
f 645//512 556//479 604//512
f 646//513 557//436 606//513
f 557//436 647//514 607//480
f 558//515 613//516 608//516
f 560//517 648//515 558//515
f 608//516 649//481 559//481
f 607//480 619//517 560//517
f 579//404 559//481 649//481
f 609//5 4//5 650//5
f 651//518 561//482 609//518
f 561//482 651//518 610//482
f 652//519 468//441 564//441
f 45//28 562//28 610//28
f 468//5 653//5 611//5
f 611//520 654//483 563//483
f 612//442 563//483 654//483
f 654//28 564//28 612//28
f 648//521 571//521 565//521
f 565//484 613//484 648//484
f 516//230 649//230 613//230
f 649//230 516//230 579//230
f 655//28 568//28 566//28
f 566//402 567//358 656//402
f 567//485 614//447 657//485
f 658//522 615//486 568//445
f 615//28 659//28 518//28
f 518//28 660//28 616//28
f 616//493 522//492 569//492
f 569//492 576//494 617//494
f 426//28 617//28 618//28
f 520//488 619//487 647//523
f 571//521 648//521 619//521
f 572//524 661//525 614//526
f 573//490 662//527 572//524
f 520//488 647//523 620//489
f 573//490 620//489 662//527
f 574//5 621//5 663//5
f 621//5 478//5 664//5
f 521//400 622//491 665//528
f 666//5 622//5 574//5
f 665//5 623//5 521//5
f 625//495 523//402 623//529
f 664//5 478//5 624//5
f 575//493 660//530 624//530
f 660//530 575//493 616//493
f 577//496 617//494 576//494
f 626//497 525//452 625//495
f 617//494 577//496 618//496
f 578//498 626//531 667//532
f 578//498 667//532 627//499
f 668//5 4//5 628//5
f 669//501 628//11 583//501
f 583//501 629//455 669//501
f 630//28 489//28 670//28
f 670//533 586//502 630//502
f 586//502 670//533 631//533
f 446//5 631//5 671//5
f 587//410 632//503 672//503
f 673//28 489//28 633//28
f 633//28 587//28 672//28
f 446//5 674//5 634//5
f 673//534 588//535 634//534
f 632//5 588//5 675//5
f 45//28 669//28 629//28
f 546//418 590//460 589//458
f 548//421 635//504 590//460
f 635//504 599//469 592//424
f 676//536 594//462 593//462
f 593//5 592//461 677//5
f 636//5 594//5 678//5
f 679//5 637//5 498//5
f 498//464 638//506 679//506
f 680//5 638//5 596//5
f 681//537 596//463 597//507
f 597//5 598//5 682//5
f 683//538 598//466 636//508
f 599//28 603//28 684//28
f 639//509 644//539 600//470
f 550//28 640//28 639//28
f 641//510 640//540 551//471
f 553//28 685//28 641//28
f 686//28 642//28 601//28
f 687//541 601//511 637//511
f 642//474 688//542 602//474
f 602//28 689//28 643//28
f 553//28 643//28 685//28
f 554//28 644//28 690//28
f 690//536 603//462 554//462
f 691//543 604//512 605//543
f 692//544 605//543 627//544
f 693//545 606//513 645//545
f 604//512 691//543 645//512
f 557//436 646//513 694//436
f 606//513 693//545 646//513
f 647//514 557//436 694//436
f 619//517 607//480 647//514
f 613//516 558//515 648//515
f 649//481 608//516 613//516
f 648//515 560//517 619//517
f 650//5 4//5 668//5
f 695//546 609//518 650//546
f 609//518 695//546 651//518
f 45//28 610//28 651//28
f 468//441 652//519 696//519
f 697//28 652//28 564//28
f 468//5 698//5 653//5
f 653//547 699//520 611//520
f 654//483 611//520 699//520
f 699//28 564//28 654//28
f 655//28 700//28 568//28
f 656//402 655//529 566//402
f 657//485 656//548 567//485
f 614//526 701//549 657//550
f 658//28 702//28 615//28
f 568//445 700//551 658//522
f 659//28 615//28 703//28
f 518//28 659//28 704//28
f 518//28 704//28 660//28
f 572//524 662//527 661//525
f 614//526 661//525 701//549
f 647//552 694//553 620//553
f 620//553 646//554 662//554
f 621//555 703//556 663//556
f 705//5 574//5 663//5
f 664//557 659//555 621//555
f 706//558 665//528 622//491
f 707//5 622//5 666//5
f 666//5 574//5 705//5
f 665//5 708//5 623//5
f 708//559 625//495 623//529
f 624//530 704//557 664//557
f 704//557 624//530 660//530
f 625//495 708//559 626//497
f 709//5 667//532 626//531
f 710//560 627//544 667//561
f 711//11 668//562 628//11
f 628//11 669//501 711//11
f 670//28 489//28 712//28
f 712//563 631//533 670//533
f 631//533 712//563 671//563
f 446//5 671//5 713//5
f 675//564 672//503 632//503
f 714//28 489//28 673//28
f 588//535 673//534 633//535
f 633//28 672//28 715//28
f 446//5 716//5 674//5
f 714//565 634//534 674//565
f 634//534 714//565 673//534
f 675//5 588//5 717//5
f 45//28 711//28 669//28
f 592//424 599//469 677//469
f 594//462 676//536 718//536
f 593//5 677//5 676//5
f 678//5 594//5 718//5
f 683//538 636//508 678//566
f 679//5 687//5 637//5
f 719//567 679//506 638//506
f 720//5 638//5 680//5
f 680//5 596//5 721//5
f 721//5 596//5 681//5
f 681//537 597//507 682//568
f 682//5 598//5 683//5
f 603//462 690//536 684//536
f 599//28 684//28 722//28
f 723//569 644//539 639//509
f 639//28 640//28 724//28
f 641//510 725//570 640//540
f 641//28 685//28 726//28
f 727//28 642//28 686//28
f 601//511 687//541 686//541
f 688//542 642//474 728//542
f 688//28 689//28 602//28
f 689//571 729//572 643//572
f 643//572 730//573 685//573
f 690//28 644//28 731//28
f 605//543 692//544 691//543
f 627//544 710//560 692//544
f 645//545 732//574 693//545
f 732//574 645//545 691//574
f 646//554 620//553 694//553
f 693//575 662//554 646//554
f 733//562 650//546 668//562
f 650//546 733//562 695//546
f 45//28 651//28 695//28
f 734//576 696//519 652//519
f 696//5 735//5 468//5
f 697//28 734//28 652//28
f 697//28 564//28 736//28
f 468//5 737//5 698//5
f 698//577 738//547 653//547
f 699//520 653//547 738//547
f 738//28 564//28 699//28
f 739//28 700//28 655//28
f 655//529 656//402 740//578
f 656//548 657//485 741//548
f 657//550 701//549 742//579
f 658//28 743//28 702//28
f 615//28 702//28 744//28
f 745//580 658//522 700//551
f 615//28 744//28 703//28
f 703//556 621//555 659//555
f 659//555 664//557 704//557
f 662//554 693//575 661//575
f 661//575 732//581 701//581
f 746//582 663//556 703//556
f 705//5 663//5 747//5
f 665//528 706//558 748//583
f 707//5 706//5 622//5
f 749//584 707//585 666//586
f 705//587 749//584 666//586
f 748//5 708//5 665//5
f 626//497 708//559 709//559
f 750//5 667//532 709//5
f 751//588 710//560 667//561
f 668//562 711//11 733//562
f 712//28 489//28 752//28
f 752//589 671//563 712//563
f 671//563 752//589 713//589
f 446//5 713//5 753//5
f 672//503 675//564 715//564
f 754//28 489//28 714//28
f 633//535 755//590 588//535
f 633//28 715//28 756//28
f 446//5 757//5 716//5
f 716//591 714//565 674//565
f 717//5 588//5 758//5
f 717//592 715//564 675//564
f 45//28 733//28 711//28
f 759//593 677//469 599//469
f 760//594 718//536 676//536
f 676//5 677//5 760//5
f 678//5 718//5 761//5
f 762//595 683//538 678//566
f 679//5 763//5 687//5
f 679//506 719//567 764//567
f 720//5 719//5 638//5
f 680//572 765//571 720//571
f 721//573 766//572 680//572
f 721//5 681//5 767//5
f 681//537 682//568 768//596
f 682//5 683//5 769//5
f 770//594 684//536 690//536
f 684//536 770//594 722//594
f 599//28 722//28 759//28
f 723//569 731//597 644//539
f 639//28 724//28 723//28
f 725//570 724//598 640//540
f 641//28 726//28 725//28
f 685//573 771//599 726//599
f 772//28 642//28 727//28
f 686//541 763//600 727//600
f 763//600 686//541 687//541
f 773//28 728//28 642//28
f 728//542 774//601 688//542
f 688//28 775//28 689//28
f 729//572 689//571 776//571
f 730//573 643//572 729//572
f 771//599 685//573 730//573
f 690//28 731//28 770//28
f 777//602 691//574 692//602
f 778//603 692//602 710//560
f 732//581 661//575 693//575
f 691//574 777//602 732//574
f 45//28 695//28 733//28
f 696//519 734//576 779//576
f 779//5 735//5 696//5
f 468//5 735//5 780//5
f 697//28 781//28 734//28
f 736//28 564//28 782//28
f 780//604 697//605 736//604
f 468//5 783//5 737//5
f 737//606 784//577 698//577
f 738//547 698//577 784//577
f 784//28 564//28 738//28
f 739//28 785//28 700//28
f 655//529 786//559 739//559
f 741//548 740//578 656//548
f 740//578 786//559 655//529
f 657//550 742//579 741//607
f 701//581 777//608 742//608
f 745//28 743//28 658//28
f 787//609 702//610 743//611
f 744//612 702//610 787//609
f 700//551 785//613 745//580
f 703//28 744//28 746//28
f 777//608 701//581 732//581
f 663//556 746//582 747//582
f 705//5 747//5 788//5
f 789//614 748//583 706//558
f 790//5 706//5 707//5
f 749//584 791//615 707//585
f 705//587 792//616 749//584
f 793//5 708//5 748//5
f 794//617 709//559 708//559
f 795//5 667//532 750//5
f 709//559 794//617 750//617
f 710//560 751//588 778//603
f 795//5 751//5 667//532
f 752//28 489//28 796//28
f 796//618 713//589 752//589
f 713//589 796//618 753//618
f 446//5 753//5 757//5
f 797//28 489//28 754//28
f 714//565 716//591 754//591
f 755//590 633//535 798//590
f 799//5 588//5 755//5
f 715//564 717//592 756//592
f 633//28 756//28 800//28
f 757//619 754//591 716//591
f 758//5 588//5 801//5
f 758//620 756//592 717//592
f 677//469 759//593 802//593
f 718//536 760//594 803//594
f 760//5 677//5 802//5
f 761//5 718//5 803//5
f 762//595 678//566 761//621
f 769//5 683//5 762//5
f 679//5 804//5 763//5
f 805//622 764//567 719//567
f 764//5 806//5 679//5
f 807//5 719//5 720//5
f 765//571 680//572 766//572
f 765//571 807//623 720//571
f 766//572 721//573 808//573
f 767//5 681//5 768//5
f 767//599 808//573 721//573
f 768//596 682//568 769//624
f 809//625 722//594 770//594
f 759//28 722//28 810//28
f 811//626 731//597 723//569
f 723//28 724//28 812//28
f 725//570 813//627 724//598
f 725//28 726//28 813//28
f 814//628 726//599 771//599
f 815//28 642//28 772//28
f 727//600 804//629 772//629
f 804//629 727//600 763//600
f 816//28 728//28 773//28
f 773//28 642//28 815//28
f 774//601 728//542 817//601
f 774//28 775//28 688//28
f 818//623 689//571 775//623
f 689//571 818//623 776//571
f 776//28 819//28 729//28
f 729//28 820//28 730//28
f 730//28 821//28 771//28
f 770//28 731//28 822//28
f 692//602 778//603 777//602
f 781//630 779//576 734//576
f 823//5 735//5 779//5
f 697//605 780//604 735//605
f 468//5 780//5 824//5
f 697//28 825//28 781//28
f 782//28 564//28 826//28
f 782//631 780//604 736//604
f 468//5 827//5 783//5
f 783//632 828//606 737//606
f 784//577 737//606 828//606
f 828//28 564//28 784//28
f 739//28 829//28 785//28
f 830//617 739//559 786//559
f 740//578 741//548 831//633
f 786//559 740//578 831//633
f 741//607 742//579 832//634
f 778//603 742//608 777//608
f 745//28 833//28 743//28
f 787//609 743//611 834//635
f 835//636 744//612 787//609
f 836//637 745//580 785//613
f 746//28 744//28 837//28
f 837//638 747//582 746//582
f 747//582 837//638 788//638
f 705//5 788//5 838//5
f 789//614 793//639 748//583
f 790//5 789//5 706//5
f 791//615 790//640 707//585
f 839//5 791//5 749//5
f 792//616 705//587 840//616
f 841//5 749//5 792//5
f 793//5 794//5 708//5
f 750//617 842//641 795//641
f 842//641 750//617 794//617
f 843//588 778//603 751//588
f 844//5 751//5 795//5
f 796//28 489//28 797//28
f 797//619 753//618 796//618
f 753//618 797//619 757//619
f 754//591 757//619 797//619
f 633//28 845//28 798//28
f 798//590 846//642 755//590
f 847//5 588//5 799//5
f 799//5 755//5 846//5
f 756//592 758//620 800//620
f 633//28 800//28 848//28
f 801//5 588//5 849//5
f 801//643 800//620 758//620
f 850//644 802//593 759//593
f 851//625 803//594 760//594
f 760//5 802//5 851//5
f 761//5 803//5 852//5
f 853//645 762//595 761//621
f 769//5 762//5 854//5
f 679//5 855//5 804//5
f 764//567 805//622 856//622
f 807//5 805//5 719//5
f 764//5 857//5 806//5
f 679//5 806//5 855//5
f 858//5 765//5 766//5
f 807//623 765//571 859//623
f 860//5 766//5 808//5
f 767//5 768//5 861//5
f 808//573 767//599 862//599
f 768//596 769//624 861//646
f 722//594 809//625 810//625
f 770//28 822//28 809//28
f 759//28 810//28 850//28
f 811//626 822//647 731//597
f 723//28 812//28 811//28
f 813//627 812//648 724//598
f 813//28 726//28 863//28
f 726//599 814//628 863//628
f 771//28 864//28 814//28
f 772//629 855//649 815//649
f 855//649 772//629 804//629
f 865//28 728//28 816//28
f 773//650 857//651 816//651
f 815//649 806//650 773//650
f 865//28 817//28 728//28
f 817//601 866//652 774//601
f 774//28 867//28 775//28
f 775//623 868//653 818//623
f 818//28 869//28 776//28
f 776//28 869//28 819//28
f 729//28 819//28 820//28
f 730//28 820//28 821//28
f 771//28 821//28 864//28
f 779//576 781//630 823//630
f 870//5 735//5 823//5
f 735//605 871//654 697//605
f 780//604 782//631 824//631
f 468//5 824//5 827//5
f 697//28 872//28 825//28
f 825//655 823//630 781//630
f 826//28 564//28 873//28
f 826//656 824//631 782//631
f 827//656 873//632 783//632
f 828//606 783//632 873//632
f 873//28 564//28 828//28
f 874//28 829//28 739//28
f 836//637 785//613 829//657
f 739//559 830//617 874//617
f 832//634 830//28 786//28
f 741//607 832//634 831//658
f 832//634 786//28 831//658
f 742//608 778//603 832//659
f 836//28 833//28 745//28
f 834//635 743//611 833//660
f 834//28 875//28 787//28
f 744//612 835//636 876//636
f 787//28 877//28 835//28
f 837//28 744//28 878//28
f 878//661 788//638 837//638
f 788//638 878//661 838//661
f 705//5 838//5 840//5
f 879//662 793//639 789//614
f 880//5 789//5 790//5
f 791//615 881//663 790//640
f 882//5 791//5 839//5
f 839//5 749//5 841//5
f 840//616 883//664 792//616
f 841//5 792//5 884//5
f 885//5 794//5 793//5
f 886//665 795//641 842//641
f 885//5 842//5 794//5
f 778//603 843//588 832//659
f 887//666 843//588 751//588
f 844//5 887//5 751//5
f 795//641 886//665 844//665
f 633//28 888//28 845//28
f 798//28 845//28 889//28
f 846//642 798//590 889//642
f 849//5 588//5 847//5
f 890//667 847//668 799//667
f 799//5 846//5 891//5
f 800//620 801//643 848//643
f 633//28 848//28 892//28
f 849//5 893//5 801//5
f 802//593 850//644 894//644
f 803//594 851//625 895//625
f 851//5 802//5 894//5
f 852//5 803//5 895//5
f 853//645 761//621 852//669
f 854//5 762//5 853//5
f 861//646 769//624 854//670
f 896//671 856//622 805//622
f 856//5 897//5 764//5
f 898//5 805//5 807//5
f 764//5 897//5 857//5
f 857//651 773//650 806//650
f 806//650 815//649 855//649
f 899//5 765//5 858//5
f 858//5 766//5 860//5
f 899//5 859//5 765//5
f 859//623 898//653 807//623
f 860//5 808//5 900//5
f 767//5 861//5 901//5
f 901//628 862//599 767//599
f 900//5 808//5 862//5
f 902//672 810//625 809//625
f 809//28 822//28 903//28
f 850//28 810//28 904//28
f 905//673 822//647 811//626
f 811//28 812//28 906//28
f 813//627 907//674 812//648
f 813//28 863//28 907//28
f 908//675 863//628 814//628
f 814//28 864//28 908//28
f 816//651 897//676 865//676
f 897//676 816//651 857//651
f 909//28 817//28 865//28
f 866//652 817//601 910//652
f 866//28 867//28 774//28
f 868//653 775//623 867//653
f 868//28 911//28 818//28
f 818//28 911//28 869//28
f 899//677 819//678 869//677
f 858//678 820//679 819//678
f 820//679 900//680 821//680
f 821//680 912//681 864//681
f 913//5 735//5 870//5
f 823//630 825//655 870//655
f 871//654 735//605 914//654
f 871//28 915//28 697//28
f 824//631 826//656 827//656
f 697//28 916//28 872//28
f 872//682 870//655 825//655
f 873//632 827//656 826//656
f 874//28 917//28 829//28
f 918//683 836//637 829//657
f 919//641 874//617 830//617
f 832//634 919//28 830//28
f 836//28 920//28 833//28
f 834//635 833//660 921//684
f 834//28 922//28 875//28
f 787//28 875//28 877//28
f 923//685 876//636 835//636
f 878//28 744//28 876//28
f 835//28 877//28 924//28
f 925//686 838//661 878//661
f 840//5 838//5 926//5
f 879//662 885//687 793//639
f 880//5 879//5 789//5
f 881//663 880//688 790//640
f 882//5 881//5 791//5
f 839//689 927//690 882//690
f 841//691 928//689 839//689
f 883//664 840//616 929//664
f 884//5 792//5 883//5
f 930//692 841//691 884//692
f 931//5 886//5 842//5
f 931//5 842//5 885//5
f 843//28 919//28 832//634
f 843//588 887//666 932//666
f 933//5 887//5 844//5
f 934//693 844//665 886//665
f 633//28 892//28 888//28
f 888//694 935//695 845//695
f 889//28 845//28 936//28
f 889//642 891//696 846//642
f 937//668 849//697 847//668
f 847//668 890//667 937//668
f 799//667 938//698 890//667
f 799//5 891//5 939//5
f 893//699 848//643 801//643
f 940//28 892//28 848//28
f 849//5 941//5 893//5
f 942//700 894//644 850//644
f 943//672 895//625 851//625
f 851//5 894//5 943//5
f 852//5 895//5 944//5
f 945//701 853//645 852//669
f 854//5 853//5 946//5
f 861//646 854//670 947//702
f 856//622 896//671 948//671
f 898//5 896//5 805//5
f 856//5 949//5 897//5
f 819//678 899//677 858//678
f 820//679 858//678 860//679
f 950//5 859//5 899//5
f 898//653 859//623 951//653
f 900//680 820//679 860//679
f 901//5 861//5 947//5
f 862//599 901//628 952//628
f 900//5 862//5 912//5
f 810//625 902//672 904//672
f 809//28 953//28 902//28
f 903//703 822//703 954//703
f 809//28 903//28 953//28
f 850//28 904//28 942//28
f 954//704 822//647 905//673
f 811//28 906//28 905//28
f 907//674 906//705 812//648
f 907//28 863//28 955//28
f 863//628 908//675 955//675
f 908//28 864//28 956//28
f 949//706 865//676 897//676
f 957//28 817//28 909//28
f 865//676 949//706 909//706
f 958//28 910//28 817//28
f 910//652 959//707 866//652
f 866//28 960//28 867//28
f 867//653 961//708 868//653
f 868//28 962//28 911//28
f 950//709 869//677 911//709
f 869//677 950//709 899//677
f 912//681 821//680 900//680
f 963//710 864//681 912//681
f 964//5 735//5 913//5
f 870//655 872//682 913//682
f 965//5 914//5 735//5
f 914//654 966//711 871//654
f 966//28 915//28 871//28
f 697//28 915//28 916//28
f 872//28 916//28 967//28
f 968//28 917//28 874//28
f 918//683 829//657 917//712
f 918//28 920//28 836//28
f 874//617 919//641 968//641
f 921//684 833//660 920//713
f 921//28 922//28 834//28
f 922//690 969//689 875//689
f 875//689 970//691 877//691
f 876//636 923//685 971//685
f 835//28 924//28 923//28
f 878//28 876//28 925//28
f 970//691 924//692 877//691
f 838//661 925//686 926//686
f 840//5 926//5 972//5
f 973//714 885//687 879//662
f 974//5 879//5 880//5
f 881//663 975//715 880//688
f 882//5 975//5 881//5
f 927//690 839//689 928//689
f 976//716 882//690 927//690
f 928//689 841//691 977//691
f 840//5 978//5 929//5
f 929//664 979//717 883//664
f 884//5 883//5 980//5
f 841//691 930//692 977//691
f 884//692 981//718 930//692
f 982//5 886//5 931//5
f 973//714 931//719 885//687
f 843//28 983//28 919//28
f 984//720 932//666 887//666
f 932//28 983//28 843//28
f 933//5 984//5 887//5
f 844//665 934//693 933//693
f 985//5 934//5 886//5
f 986//721 888//694 892//721
f 935//695 888//694 987//694
f 935//695 988//707 845//695
f 936//28 845//28 989//28
f 891//696 889//642 936//696
f 849//697 937//668 990//697
f 991//5 937//5 890//5
f 938//698 799//667 992//698
f 993//5 890//5 938//5
f 936//696 939//722 891//696
f 799//5 939//5 992//5
f 848//643 893//699 940//699
f 994//28 892//28 940//28
f 849//5 995//5 941//5
f 941//723 940//699 893//699
f 894//644 942//700 996//700
f 895//625 943//672 997//672
f 943//5 894//5 996//5
f 944//5 895//5 998//5
f 944//724 999//724 852//724
f 946//5 853//5 945//5
f 999//725 945//701 852//669
f 947//702 854//670 946//726
f 938//698 948//671 896//671
f 948//5 1000//5 856//5
f 993//5 896//5 898//5
f 856//5 1001//5 949//5
f 950//5 951//5 859//5
f 951//653 993//708 898//653
f 901//5 947//5 1002//5
f 1002//675 952//628 901//628
f 912//5 862//5 952//5
f 1003//727 904//672 902//672
f 902//28 953//28 1004//28
f 1005//728 903//728 954//729
f 953//730 903//730 1006//730
f 942//28 904//28 1007//28
f 905//28 1008//28 954//28
f 905//28 906//28 1008//28
f 907//674 1008//731 906//705
f 907//28 955//28 1009//28
f 1010//732 955//675 908//675
f 864//681 963//710 956//710
f 908//28 956//28 1010//28
f 958//28 817//28 957//28
f 909//706 1001//733 957//733
f 1001//733 909//706 949//706
f 1011//28 910//28 958//28
f 959//707 910//652 988//707
f 959//28 960//28 866//28
f 961//708 867//653 960//708
f 961//28 962//28 868//28
f 1012//734 911//709 962//734
f 911//709 1012//734 950//709
f 912//5 1013//5 963//5
f 965//5 735//5 964//5
f 964//5 913//5 1014//5
f 967//735 913//682 872//682
f 965//5 1015//5 914//5
f 966//711 914//654 1015//711
f 1016//28 915//28 966//28
f 1017//736 916//737 915//736
f 967//28 916//28 1018//28
f 968//28 1019//28 917//28
f 1020//738 918//683 917//712
f 918//28 1021//28 920//28
f 983//665 968//641 919//641
f 921//684 920//713 1022//739
f 1022//28 922//28 921//28
f 969//689 922//690 1023//690
f 970//691 875//689 969//689
f 1024//740 971//685 923//685
f 1025//28 876//28 971//28
f 923//28 924//28 1026//28
f 925//28 876//28 1027//28
f 924//692 970//691 1028//692
f 1027//741 926//686 925//686
f 926//686 1027//741 972//741
f 840//5 972//5 1029//5
f 974//5 973//5 879//5
f 975//715 974//742 880//688
f 1030//5 975//5 882//5
f 1031//5 927//5 928//5
f 882//690 976//716 1030//716
f 1032//5 976//5 927//5
f 1033//5 928//5 977//5
f 840//5 1034//5 978//5
f 929//5 978//5 1035//5
f 979//717 929//664 1036//717
f 980//5 883//5 979//5
f 981//718 884//692 980//718
f 1037//5 977//5 930//5
f 1038//5 930//5 981//5
f 985//5 886//5 982//5
f 931//743 1039//743 982//743
f 1040//744 931//719 973//714
f 932//666 984//720 1041//720
f 932//28 1042//28 983//28
f 1043//5 984//5 933//5
f 1044//745 933//693 934//693
f 1045//5 934//5 985//5
f 888//694 986//721 987//694
f 1046//746 986//721 892//721
f 987//28 1047//28 935//28
f 988//707 935//695 959//707
f 989//28 845//28 988//28
f 939//722 936//696 989//722
f 1048//5 990//5 937//5
f 990//697 1049//747 849//697
f 1048//5 937//5 991//5
f 991//5 890//5 993//5
f 948//671 938//698 992//698
f 993//5 938//5 896//5
f 992//5 939//5 1050//5
f 1051//28 892//28 994//28
f 940//699 941//723 994//723
f 849//5 1052//5 995//5
f 995//748 994//723 941//723
f 1053//749 996//700 942//700
f 1054//727 997//672 943//672
f 998//5 895//5 997//5
f 943//5 996//5 1054//5
f 998//750 1055//750 944//750
f 1056//751 999//752 944//751
f 946//5 945//5 1057//5
f 1057//5 945//5 999//5
f 947//702 946//726 1057//753
f 948//5 1058//5 1000//5
f 856//5 1000//5 1001//5
f 1012//5 951//5 950//5
f 993//708 951//653 1059//708
f 1002//5 947//5 1060//5
f 952//628 1002//675 1013//675
f 912//5 952//5 1013//5
f 904//672 1003//727 1007//727
f 902//28 1061//28 1003//28
f 1004//754 953//755 1062//756
f 902//28 1004//28 1061//28
f 1006//757 903//728 1005//728
f 954//28 1063//28 1005//28
f 1064//758 953//758 1006//758
f 942//28 1007//28 1065//28
f 954//28 1008//28 1063//28
f 1009//759 1008//759 907//759
f 1009//28 955//28 1066//28
f 955//675 1010//732 1066//732
f 1067//760 956//710 963//710
f 1010//28 956//28 1068//28
f 957//733 1000//761 958//761
f 1000//761 957//733 1001//733
f 1069//28 910//28 1011//28
f 958//761 1058//762 1011//762
f 1070//28 988//28 910//28
f 935//28 960//28 959//28
f 1047//763 961//708 960//708
f 1071//28 962//28 961//28
f 962//734 1072//764 1012//734
f 963//5 1013//5 1073//5
f 1074//765 965//766 964//765
f 913//682 967//735 1014//735
f 964//5 1014//5 1075//5
f 965//5 1076//5 1015//5
f 1015//711 1016//767 966//711
f 1077//28 915//28 1016//28
f 916//737 1017//736 1078//737
f 915//736 1079//768 1017//736
f 916//28 1080//28 1018//28
f 1018//769 1014//735 967//735
f 1081//28 1019//28 968//28
f 1020//738 917//712 1019//770
f 1020//28 1021//28 918//28
f 1022//739 920//713 1021//771
f 968//641 983//665 1081//665
f 1022//28 1082//28 922//28
f 1082//716 1023//690 922//690
f 1023//28 1083//28 969//28
f 969//28 1084//28 970//28
f 971//685 1024//740 1085//740
f 923//28 1026//28 1024//28
f 1086//28 876//28 1025//28
f 1025//28 971//28 1087//28
f 1028//692 1026//718 924//692
f 1027//28 876//28 1088//28
f 970//28 1089//28 1028//28
f 1088//772 972//741 1027//741
f 972//741 1088//772 1029//772
f 840//5 1029//5 1034//5
f 1090//5 973//5 974//5
f 975//715 1091//773 974//742
f 1030//5 1091//5 975//5
f 1032//5 927//5 1031//5
f 1031//5 928//5 1033//5
f 1092//774 1030//716 976//716
f 1032//5 1092//5 976//5
f 1033//5 977//5 1037//5
f 1034//775 1025//776 978//776
f 978//776 1087//777 1035//777
f 929//5 1035//5 1093//5
f 929//5 1093//5 1036//5
f 1036//717 1094//778 979//717
f 980//5 979//5 1095//5
f 980//718 1096//779 981//718
f 1037//5 930//5 1038//5
f 1038//5 981//5 1097//5
f 982//780 1098//780 985//780
f 1039//781 931//719 1040//744
f 1099//782 982//782 1039//783
f 1090//5 1040//5 973//5
f 1100//784 1041//720 984//720
f 1041//28 1042//28 932//28
f 1042//693 1081//665 983//665
f 1101//5 984//5 1043//5
f 933//693 1044//745 1043//745
f 1102//5 1044//5 934//5
f 1102//5 934//5 1045//5
f 985//785 1103//786 1045//787
f 986//28 1104//28 987//28
f 986//721 1046//746 1105//746
f 1106//28 1046//28 892//28
f 987//28 1104//28 1047//28
f 935//28 1047//28 960//28
f 989//28 988//28 1107//28
f 989//722 1050//788 939//722
f 1108//5 990//5 1048//5
f 1049//747 990//697 1109//747
f 1049//5 1110//5 849//5
f 1111//763 1048//789 991//763
f 1059//708 991//763 993//708
f 992//5 1112//5 948//5
f 992//5 1050//5 1113//5
f 1114//28 892//28 1051//28
f 994//723 995//748 1051//748
f 849//5 1115//5 1052//5
f 1052//790 1051//748 995//748
f 996//700 1053//749 1116//749
f 942//28 1065//28 1053//28
f 997//672 1054//727 1117//727
f 998//5 997//5 1118//5
f 1054//5 996//5 1119//5
f 1120//791 1055//791 998//791
f 1055//792 1056//751 944//751
f 1121//5 999//5 1056//5
f 1057//5 999//5 1121//5
f 1060//793 947//793 1057//793
f 948//5 1122//5 1058//5
f 1058//762 958//761 1000//761
f 1012//5 1059//5 951//5
f 1002//5 1060//5 1123//5
f 1123//732 1013//675 1002//675
f 1124//794 1007//727 1003//727
f 1003//28 1061//28 1125//28
f 1062//795 953//795 1064//795
f 1061//796 1004//754 1062//756
f 1005//28 1126//28 1006//28
f 1005//28 1063//28 1126//28
f 1006//28 1127//28 1064//28
f 1007//727 1124//794 1065//794
f 1009//797 1063//797 1008//797
f 1009//28 1066//28 1128//28
f 1129//798 1066//732 1010//732
f 956//710 1067//760 1068//760
f 963//5 1073//5 1067//5
f 1010//28 1068//28 1129//28
f 1130//28 910//28 1069//28
f 1011//762 1122//799 1069//799
f 1122//799 1011//762 1058//762
f 1131//28 988//28 1070//28
f 1070//28 910//28 1132//28
f 961//708 1047//763 1071//763
f 1071//28 1133//28 962//28
f 1072//764 962//734 1133//764
f 1072//5 1111//5 1012//5
f 1013//675 1123//732 1073//732
f 965//766 1074//765 1134//766
f 1135//800 1074//765 964//765
f 1014//735 1018//769 1075//769
f 1136//5 964//5 1075//5
f 965//5 1137//5 1076//5
f 1016//767 1015//711 1076//767
f 1077//28 1138//28 915//28
f 1076//767 1077//801 1016//767
f 1017//28 1139//28 1078//28
f 1078//737 1140//802 916//737
f 1079//768 915//736 1138//768
f 1079//28 1141//28 1017//28
f 1080//28 916//28 1142//28
f 1080//803 1075//769 1018//769
f 1081//28 1143//28 1019//28
f 1144//804 1020//738 1019//770
f 1020//28 1145//28 1021//28
f 1022//739 1021//771 1146//805
f 1146//28 1082//28 1022//28
f 1023//690 1082//716 1147//716
f 1023//28 1148//28 1083//28
f 969//28 1083//28 1084//28
f 970//28 1084//28 1089//28
f 1149//806 1085//740 1024//740
f 1150//28 971//28 1085//28
f 1024//28 1026//28 1151//28
f 1088//28 876//28 1086//28
f 1025//776 1034//775 1086//775
f 1087//28 971//28 1150//28
f 1087//777 978//776 1025//776
f 1026//718 1028//692 1152//718
f 1028//28 1089//28 1153//28
f 1086//775 1029//772 1088//772
f 1029//772 1086//775 1034//775
f 1091//773 1090//807 974//742
f 1154//5 1091//5 1030//5
f 1031//808 1148//809 1032//809
f 1084//810 1031//808 1033//810
f 1030//716 1092//774 1154//774
f 1155//5 1092//5 1032//5
f 1089//811 1033//810 1037//811
f 1150//812 1035//777 1087//777
f 1035//777 1150//812 1093//812
f 1036//5 1093//5 1156//5
f 1094//778 1036//717 1157//778
f 1095//5 979//5 1094//5
f 1096//779 980//718 1095//779
f 1097//5 981//5 1096//5
f 1153//813 1037//811 1038//813
f 1097//814 1153//813 1038//813
f 1098//815 982//782 1099//782
f 1158//816 985//816 1098//816
f 1159//5 1039//5 1040//5
f 1160//5 1099//5 1039//5
f 1159//5 1040//5 1090//5
f 1041//720 1100//784 1161//784
f 1101//5 1100//5 984//5
f 1041//28 1162//28 1042//28
f 1081//665 1042//693 1163//693
f 1043//745 1164//817 1101//817
f 1164//817 1043//745 1044//745
f 1165//5 1044//5 1102//5
f 1103//786 1102//818 1045//787
f 1103//819 985//819 1158//819
f 986//28 1166//28 1104//28
f 1046//746 1167//820 1105//746
f 1105//28 1166//28 986//28
f 1106//28 1168//28 1046//28
f 1106//28 892//28 1169//28
f 1170//789 1047//763 1104//789
f 1107//28 988//28 1131//28
f 1050//788 989//722 1107//788
f 1108//5 1109//5 990//5
f 1171//789 1108//821 1048//789
f 1109//747 1172//822 1049//747
f 1172//5 1110//5 1049//5
f 849//5 1110//5 1115//5
f 1048//789 1111//763 1171//789
f 991//763 1059//708 1111//763
f 992//5 1113//5 1112//5
f 948//5 1112//5 1173//5
f 1107//788 1113//823 1050//788
f 1169//28 892//28 1114//28
f 1051//748 1052//790 1114//790
f 1115//824 1114//790 1052//790
f 1174//825 1116//749 1053//749
f 1119//5 996//5 1116//5
f 1053//28 1065//28 1175//28
f 1119//794 1117//727 1054//727
f 1176//5 997//5 1117//5
f 1118//5 997//5 1176//5
f 1118//826 1177//827 998//828
f 1178//5 1055//5 1120//5
f 1177//829 1120//829 998//829
f 1179//5 1056//5 1055//5
f 1121//5 1056//5 1179//5
f 1060//830 1057//830 1121//830
f 948//5 1180//5 1122//5
f 1012//5 1111//5 1059//5
f 1123//5 1060//5 1181//5
f 1003//28 1182//28 1124//28
f 1062//756 1125//831 1061//796
f 1003//28 1125//28 1183//28
f 1064//28 1184//28 1062//28
f 1006//28 1126//28 1127//28
f 1128//832 1126//832 1063//833
f 1064//28 1127//28 1184//28
f 1185//834 1065//794 1124//794
f 1128//835 1063//835 1009//835
f 1128//28 1066//28 1186//28
f 1066//732 1129//798 1187//798
f 1188//836 1068//760 1067//760
f 1067//5 1073//5 1189//5
f 1129//28 1068//28 1190//28
f 1132//28 910//28 1130//28
f 1069//799 1180//837 1130//837
f 1180//837 1069//799 1122//799
f 1112//838 1131//823 1070//838
f 1173//839 1070//838 1132//839
f 1047//763 1170//789 1071//763
f 1170//28 1133//28 1071//28
f 1133//764 1191//840 1072//764
f 1072//5 1171//5 1111//5
f 1192//798 1073//732 1123//732
f 1193//5 1134//5 1074//5
f 1194//841 965//766 1134//766
f 1074//765 1135//800 1195//800
f 964//5 1196//5 1135//5
f 1197//5 964//5 1136//5
f 1075//769 1080//803 1136//803
f 1198//5 1137//5 965//5
f 1077//801 1076//767 1137//801
f 1199//28 1138//28 1077//28
f 1017//28 1141//28 1139//28
f 1078//28 1139//28 1200//28
f 1140//802 1078//737 1201//802
f 1202//28 916//28 1140//28
f 1138//768 1149//806 1079//768
f 1149//28 1141//28 1079//28
f 1142//28 916//28 1203//28
f 1142//842 1136//803 1080//803
f 1081//28 1204//28 1143//28
f 1019//843 1143//843 1205//843
f 1144//28 1145//28 1020//28
f 1205//844 1144//804 1019//770
f 1146//805 1021//771 1145//845
f 1146//28 1206//28 1082//28
f 1206//774 1147//716 1082//716
f 1147//28 1148//28 1023//28
f 1148//809 1031//808 1083//808
f 1031//808 1084//810 1083//808
f 1033//810 1089//811 1084//810
f 1085//740 1149//806 1207//806
f 1024//28 1151//28 1149//28
f 1150//28 1085//28 1208//28
f 1152//718 1151//779 1026//718
f 1028//28 1153//28 1152//28
f 1037//811 1153//813 1089//811
f 1091//773 1159//846 1090//807
f 1154//5 1209//5 1091//5
f 1210//847 1032//809 1148//809
f 1211//848 1154//774 1092//774
f 1155//5 1211//5 1092//5
f 1032//809 1210//847 1155//847
f 1208//849 1093//812 1150//812
f 1093//812 1208//849 1156//849
f 1036//5 1156//5 1212//5
f 1036//5 1213//5 1157//5
f 1157//778 1194//841 1094//778
f 1095//5 1094//5 1214//5
f 1214//850 1096//779 1095//779
f 1097//5 1096//5 1215//5
f 1153//813 1097//814 1216//814
f 1217//5 1098//5 1099//5
f 1218//5 1158//5 1098//5
f 1160//5 1039//5 1159//5
f 1217//5 1099//5 1160//5
f 1219//851 1161//784 1100//784
f 1161//28 1220//28 1041//28
f 1221//5 1100//5 1101//5
f 1041//28 1220//28 1162//28
f 1162//745 1163//693 1042//693
f 1163//28 1204//28 1081//28
f 1222//852 1101//817 1164//817
f 1223//5 1164//5 1044//5
f 1224//5 1044//5 1165//5
f 1103//786 1165//853 1102//818
f 1225//5 1103//5 1158//5
f 1166//821 1170//789 1104//789
f 1167//820 1046//746 1168//820
f 1167//28 1226//28 1105//28
f 1105//28 1226//28 1166//28
f 1106//28 1227//28 1168//28
f 1169//824 1110//854 1106//854
f 1113//823 1107//788 1131//823
f 1228//5 1109//5 1108//5
f 1108//821 1171//789 1229//821
f 1172//822 1109//747 1230//822
f 1231//5 1110//5 1172//5
f 1110//854 1169//824 1115//824
f 1131//823 1112//838 1113//823
f 1070//838 1173//839 1112//838
f 948//5 1173//5 1180//5
f 1114//790 1115//824 1169//824
f 1116//749 1174//825 1232//825
f 1053//28 1233//28 1174//28
f 1119//5 1116//5 1234//5
f 1065//794 1185//834 1175//834
f 1053//28 1175//28 1233//28
f 1117//727 1119//794 1235//794
f 1176//5 1117//5 1236//5
f 1176//855 1177//827 1118//826
f 1179//5 1055//5 1178//5
f 1178//5 1120//5 1237//5
f 1237//5 1120//5 1177//5
f 1181//856 1121//857 1179//856
f 1181//858 1060//858 1121//858
f 1123//5 1181//5 1238//5
f 1239//28 1182//28 1003//28
f 1124//28 1182//28 1240//28
f 1062//756 1183//859 1125//831
f 1003//28 1183//28 1239//28
f 1062//28 1184//28 1241//28
f 1128//832 1127//860 1126//832
f 1186//861 1184//861 1127//861
f 1124//28 1240//28 1185//28
f 1186//28 1066//28 1187//28
f 1186//862 1127//862 1128//862
f 1242//863 1187//798 1129//798
f 1068//760 1188//836 1190//836
f 1067//5 1189//5 1188//5
f 1073//732 1192//798 1189//798
f 1129//28 1190//28 1242//28
f 1180//837 1132//839 1130//837
f 1132//839 1180//837 1173//839
f 1170//28 1243//28 1133//28
f 1191//840 1133//764 1243//840
f 1191//5 1171//5 1072//5
f 1123//5 1238//5 1192//5
f 1214//5 1134//5 1193//5
f 1193//5 1074//5 1244//5
f 965//766 1194//841 1198//841
f 1214//5 1194//5 1134//5
f 1135//800 1245//864 1195//800
f 1244//5 1074//5 1195//5
f 1196//5 964//5 1246//5
f 1135//5 1196//5 1247//5
f 1248//5 964//5 1197//5
f 1136//803 1142//842 1197//842
f 1198//5 1249//5 1137//5
f 1137//801 1199//865 1077//801
f 1250//28 1138//28 1199//28
f 1251//850 1139//866 1141//850
f 1252//866 1200//867 1139//866
f 1078//28 1200//28 1201//28
f 1201//802 1253//868 1140//802
f 1254//28 916//28 1202//28
f 1202//28 1140//28 1255//28
f 1149//806 1138//768 1207//806
f 1149//28 1151//28 1141//28
f 1203//28 916//28 1256//28
f 1203//869 1197//842 1142//842
f 1143//870 1204//870 1257//870
f 1258//871 1205//872 1143//871
f 1144//28 1259//28 1145//28
f 1205//28 1259//28 1144//28
f 1146//805 1145//845 1259//873
f 1260//28 1206//28 1146//28
f 1147//716 1206//774 1261//774
f 1261//28 1148//28 1147//28
f 1262//28 1085//28 1207//28
f 1208//28 1085//28 1263//28
f 1151//779 1152//718 1264//779
f 1152//28 1153//28 1216//28
f 1091//874 1209//874 1159//874
f 1265//5 1209//5 1154//5
f 1261//28 1210//28 1148//28
f 1154//774 1211//848 1265//848
f 1266//5 1211//5 1155//5
f 1267//875 1155//847 1210//847
f 1263//876 1156//849 1208//849
f 1156//849 1263//876 1212//876
f 1036//5 1212//5 1213//5
f 1157//5 1213//5 1268//5
f 1194//841 1157//778 1198//841
f 1214//5 1094//5 1194//5
f 1096//779 1214//850 1269//850
f 1215//5 1096//5 1269//5
f 1270//877 1097//814 1215//877
f 1097//814 1270//877 1216//814
f 1218//5 1098//5 1217//5
f 1225//5 1158//5 1218//5
f 1209//878 1160//878 1159//878
f 1271//879 1217//879 1160//880
f 1161//784 1219//851 1272//851
f 1273//5 1219//5 1100//5
f 1161//28 1274//28 1220//28
f 1273//5 1100//5 1221//5
f 1101//817 1222//852 1221//852
f 1220//817 1275//745 1162//745
f 1163//693 1162//745 1275//745
f 1163//28 1276//28 1204//28
f 1277//5 1222//5 1164//5
f 1278//5 1164//5 1223//5
f 1223//5 1044//5 1224//5
f 1103//786 1224//881 1165//853
f 1279//5 1103//5 1225//5
f 1170//789 1166//821 1280//821
f 1168//820 1281//882 1167//820
f 1167//28 1282//28 1226//28
f 1283//883 1166//821 1226//883
f 1284//28 1227//28 1106//28
f 1281//882 1168//820 1227//882
f 1285//884 1106//885 1110//885
f 1228//5 1230//5 1109//5
f 1229//821 1228//883 1108//821
f 1191//5 1229//5 1171//5
f 1230//822 1231//886 1172//822
f 1231//5 1285//5 1110//5
f 1286//887 1232//825 1174//825
f 1287//5 1116//5 1232//5
f 1174//28 1233//28 1288//28
f 1234//5 1116//5 1287//5
f 1234//834 1235//794 1119//794
f 1289//888 1175//834 1185//834
f 1175//834 1289//888 1233//888
f 1290//5 1117//5 1235//5
f 1236//5 1117//5 1291//5
f 1177//827 1176//855 1236//889
f 1181//856 1179//856 1178//890
f 1238//891 1178//891 1237//891
f 1237//5 1177//5 1292//5
f 1238//892 1181//892 1178//892
f 1293//28 1182//28 1239//28
f 1182//863 1294//893 1240//893
f 1062//756 1239//894 1183//859
f 1186//895 1241//895 1184//895
f 1293//896 1062//756 1241//897
f 1185//28 1240//28 1295//28
f 1186//28 1187//28 1296//28
f 1187//798 1242//863 1182//863
f 1297//898 1190//836 1188//836
f 1188//5 1189//5 1298//5
f 1290//863 1189//798 1192//798
f 1242//28 1190//28 1294//28
f 1280//28 1243//28 1170//28
f 1243//840 1299//899 1191//840
f 1192//5 1238//5 1300//5
f 1301//866 1214//850 1193//866
f 1244//867 1301//866 1193//866
f 1245//864 1135//800 1302//864
f 1303//5 1195//5 1245//5
f 1244//5 1195//5 1303//5
f 1246//5 964//5 1304//5
f 1246//900 1202//901 1196//901
f 1202//902 1247//903 1196//902
f 1135//5 1247//5 1302//5
f 1304//5 964//5 1248//5
f 1197//842 1203//869 1248//869
f 1198//5 1305//5 1249//5
f 1199//865 1137//801 1249//865
f 1306//28 1138//28 1250//28
f 1249//865 1250//904 1199//865
f 1139//866 1251//850 1252//866
f 1141//850 1264//779 1251//850
f 1200//867 1252//866 1307//867
f 1201//28 1200//28 1308//28
f 1253//868 1201//802 1309//868
f 1255//28 1140//28 1253//28
f 1256//28 916//28 1254//28
f 1202//901 1246//900 1254//900
f 1247//903 1202//902 1255//903
f 1306//28 1207//28 1138//28
f 1264//779 1141//850 1151//779
f 1256//905 1248//869 1203//869
f 1310//906 1257//906 1204//906
f 1257//907 1258//871 1143//871
f 1258//28 1311//28 1205//28
f 1205//28 1311//28 1259//28
f 1146//908 1259//908 1260//908
f 1260//28 1312//28 1206//28
f 1312//848 1261//774 1206//774
f 1263//28 1085//28 1262//28
f 1262//28 1207//28 1313//28
f 1152//28 1216//28 1264//28
f 1265//5 1271//5 1209//5
f 1314//28 1210//28 1261//28
f 1315//909 1265//848 1211//848
f 1266//5 1315//5 1211//5
f 1155//847 1267//875 1266//875
f 1314//28 1267//28 1210//28
f 1262//910 1212//876 1263//876
f 1212//876 1262//910 1213//910
f 1213//910 1313//911 1268//911
f 1157//5 1268//5 1316//5
f 1157//5 1317//5 1198//5
f 1214//850 1301//866 1269//850
f 1215//5 1269//5 1301//5
f 1318//912 1270//877 1215//877
f 1264//28 1216//28 1270//28
f 1271//879 1218//913 1217//879
f 1319//914 1225//914 1218//914
f 1209//915 1271//915 1160//915
f 1320//916 1272//851 1219//851
f 1272//28 1321//28 1161//28
f 1322//5 1219//5 1273//5
f 1161//28 1321//28 1274//28
f 1274//852 1323//817 1220//817
f 1221//852 1324//917 1273//917
f 1324//917 1221//852 1222//852
f 1275//745 1220//817 1323//817
f 1275//28 1325//28 1163//28
f 1163//28 1325//28 1276//28
f 1204//918 1276//919 1326//920
f 1327//5 1222//5 1277//5
f 1277//5 1164//5 1328//5
f 1164//5 1278//5 1328//5
f 1103//786 1278//921 1223//922
f 1103//786 1223//922 1224//881
f 1279//5 1329//5 1103//5
f 1319//923 1279//923 1225//923
f 1166//821 1283//883 1280//821
f 1281//28 1282//28 1167//28
f 1330//924 1226//883 1282//924
f 1226//883 1330//924 1283//883
f 1284//28 1331//28 1227//28
f 1106//885 1285//884 1284//884
f 1227//882 1332//925 1281//882
f 1333//5 1230//5 1228//5
f 1228//883 1229//821 1334//883
f 1299//5 1229//5 1191//5
f 1231//886 1230//822 1335//886
f 1336//5 1285//5 1231//5
f 1232//825 1286//887 1337//887
f 1174//28 1338//28 1286//28
f 1287//5 1232//5 1339//5
f 1233//888 1340//926 1288//926
f 1174//28 1288//28 1338//28
f 1287//888 1341//834 1234//834
f 1235//794 1234//834 1341//834
f 1185//28 1295//28 1289//28
f 1340//926 1233//888 1289//888
f 1290//5 1342//5 1117//5
f 1290//5 1235//5 1343//5
f 1291//5 1117//5 1344//5
f 1177//827 1236//889 1291//927
f 1238//928 1237//928 1292//928
f 1177//827 1342//929 1292//930
f 1345//28 1182//28 1293//28
f 1062//756 1293//896 1239//894
f 1294//893 1182//863 1242//863
f 1346//931 1240//893 1294//893
f 1296//932 1241//897 1186//933
f 1345//934 1293//896 1241//897
f 1240//893 1346//931 1295//931
f 1296//28 1187//28 1347//28
f 1347//28 1187//28 1182//28
f 1190//836 1297//898 1348//898
f 1188//5 1349//5 1297//5
f 1189//798 1290//863 1298//863
f 1188//5 1298//5 1349//5
f 1192//5 1350//5 1290//5
f 1294//28 1190//28 1348//28
f 1280//28 1351//28 1243//28
f 1299//899 1243//840 1351//899
f 1300//935 1238//936 1292//930
f 1192//5 1300//5 1350//5
f 1301//866 1244//867 1352//867
f 1302//864 1353//937 1245//864
f 1303//5 1245//5 1354//5
f 1355//938 1244//867 1303//938
f 1304//905 1254//900 1246//900
f 1302//5 1247//5 1356//5
f 1248//869 1256//905 1304//905
f 1198//5 1317//5 1305//5
f 1250//904 1249//865 1305//904
f 1305//904 1306//939 1250//904
f 1251//28 1270//28 1252//28
f 1264//28 1270//28 1251//28
f 1252//28 1357//28 1307//28
f 1307//867 1308//938 1200//867
f 1201//28 1308//28 1309//28
f 1309//868 1358//940 1253//868
f 1255//28 1253//28 1358//28
f 1254//900 1304//905 1256//905
f 1255//903 1359//941 1247//903
f 1360//28 1207//28 1306//28
f 1310//28 1361//28 1257//28
f 1326//942 1310//942 1204//942
f 1257//28 1362//28 1258//28
f 1258//28 1362//28 1311//28
f 1260//943 1259//943 1311//943
f 1363//28 1312//28 1260//28
f 1261//774 1312//848 1314//848
f 1313//28 1207//28 1364//28
f 1313//911 1213//910 1262//910
f 1265//5 1319//5 1271//5
f 1265//848 1315//909 1365//909
f 1366//5 1315//5 1266//5
f 1367//944 1266//875 1267//875
f 1368//28 1267//28 1314//28
f 1364//945 1268//911 1313//911
f 1268//911 1364//945 1316//945
f 1157//5 1316//5 1369//5
f 1157//5 1370//5 1317//5
f 1215//5 1301//5 1318//5
f 1270//877 1318//912 1357//912
f 1271//946 1319//946 1218//946
f 1272//851 1320//916 1371//916
f 1372//5 1320//5 1219//5
f 1272//28 1373//28 1321//28
f 1372//5 1219//5 1322//5
f 1273//917 1374//947 1322//947
f 1321//917 1375//852 1274//852
f 1323//817 1274//852 1375//852
f 1374//947 1273//917 1324//917
f 1327//5 1324//5 1222//5
f 1323//28 1376//28 1275//28
f 1275//28 1377//28 1325//28
f 1326//920 1276//919 1325//948
f 1277//949 1378//950 1327//950
f 1277//5 1328//5 1379//5
f 1329//921 1328//951 1278//921
f 1278//921 1103//786 1329//921
f 1329//5 1279//5 1380//5
f 1319//952 1381//952 1279//952
f 1283//28 1351//28 1280//28
f 1281//28 1382//28 1282//28
f 1282//924 1383//953 1330//924
f 1330//28 1384//28 1283//28
f 1385//28 1331//28 1284//28
f 1332//925 1227//882 1331//925
f 1285//884 1385//954 1284//884
f 1332//28 1382//28 1281//28
f 1333//5 1335//5 1230//5
f 1334//883 1333//924 1228//883
f 1299//5 1334//5 1229//5
f 1335//886 1336//955 1231//886
f 1336//5 1386//5 1285//5
f 1387//956 1337//887 1286//887
f 1388//5 1232//5 1337//5
f 1286//28 1338//28 1389//28
f 1339//5 1232//5 1388//5
f 1339//926 1390//888 1287//888
f 1391//957 1288//926 1340//926
f 1288//926 1391//957 1338//957
f 1341//834 1287//888 1390//888
f 1343//5 1235//5 1341//5
f 1289//28 1295//28 1392//28
f 1289//28 1392//28 1340//28
f 1290//5 1393//5 1342//5
f 1344//5 1117//5 1342//5
f 1343//893 1298//863 1290//863
f 1177//827 1291//927 1344//958
f 1342//929 1177//827 1344//958
f 1393//959 1292//930 1342//929
f 1394//28 1182//28 1345//28
f 1294//28 1348//28 1346//28
f 1347//960 1241//897 1296//932
f 1394//961 1345//934 1241//897
f 1395//962 1295//931 1346//931
f 1347//28 1182//28 1394//28
f 1396//963 1348//898 1297//898
f 1297//5 1349//5 1397//5
f 1298//863 1343//893 1349//893
f 1290//5 1350//5 1398//5
f 1351//899 1399//964 1299//899
f 1350//965 1300//935 1292//930
f 1244//867 1355//938 1352//867
f 1318//5 1301//5 1352//5
f 1353//937 1302//864 1356//937
f 1354//5 1245//5 1353//5
f 1400//966 1303//938 1354//966
f 1303//938 1400//966 1355//938
f 1356//5 1247//5 1401//5
f 1306//939 1305//904 1317//939
f 1252//28 1270//28 1357//28
f 1307//28 1357//28 1402//28
f 1308//938 1307//867 1403//938
f 1309//28 1308//28 1404//28
f 1358//940 1309//868 1405//940
f 1255//28 1358//28 1406//28
f 1359//941 1255//903 1407//941
f 1401//5 1247//5 1359//5
f 1408//28 1207//28 1360//28
f 1317//939 1360//967 1306//939
f 1310//28 1409//28 1361//28
f 1257//28 1361//28 1362//28
f 1326//28 1409//28 1310//28
f 1363//968 1311//969 1362//968
f 1260//970 1311//970 1363//970
f 1410//28 1312//28 1363//28
f 1411//909 1314//848 1312//848
f 1364//28 1207//28 1408//28
f 1365//5 1319//5 1265//5
f 1412//971 1365//909 1315//909
f 1366//5 1412//5 1315//5
f 1266//875 1367//944 1366//944
f 1368//28 1367//28 1267//28
f 1314//848 1411//909 1368//909
f 1364//945 1369//972 1316//945
f 1157//5 1369//5 1370//5
f 1360//967 1317//939 1370//967
f 1318//912 1402//973 1357//912
f 1413//974 1371//916 1320//916
f 1371//28 1414//28 1272//28
f 1415//5 1320//5 1372//5
f 1272//28 1414//28 1373//28
f 1373//947 1416//917 1321//917
f 1322//947 1417//975 1372//975
f 1417//975 1322//947 1374//947
f 1375//852 1321//917 1416//917
f 1375//28 1418//28 1323//28
f 1419//5 1374//5 1324//5
f 1419//5 1324//5 1327//5
f 1376//28 1323//28 1420//28
f 1275//28 1376//28 1421//28
f 1275//28 1421//28 1377//28
f 1326//920 1325//948 1377//976
f 1378//950 1277//949 1422//949
f 1423//977 1327//950 1378//950
f 1379//978 1328//951 1380//979
f 1277//5 1379//5 1424//5
f 1328//951 1329//921 1380//979
f 1381//980 1380//980 1279//980
f 1365//5 1381//5 1319//5
f 1283//28 1384//28 1351//28
f 1383//953 1282//924 1382//953
f 1383//28 1425//28 1330//28
f 1330//28 1425//28 1384//28
f 1426//28 1331//28 1385//28
f 1331//925 1427//981 1332//925
f 1385//954 1285//884 1386//954
f 1332//28 1428//28 1382//28
f 1429//5 1335//5 1333//5
f 1333//924 1334//883 1430//924
f 1399//5 1334//5 1299//5
f 1336//955 1335//886 1431//955
f 1336//5 1432//5 1386//5
f 1337//887 1387//956 1433//956
f 1286//28 1434//28 1387//28
f 1388//5 1337//5 1435//5
f 1338//957 1436//982 1389//982
f 1286//28 1389//28 1437//28
f 1388//957 1438//926 1339//926
f 1390//888 1339//926 1438//926
f 1340//28 1439//28 1391//28
f 1436//982 1338//957 1391//957
f 1440//5 1341//5 1390//5
f 1343//5 1341//5 1440//5
f 1295//931 1395//962 1392//962
f 1340//28 1392//28 1439//28
f 1290//5 1398//5 1393//5
f 1398//983 1292//930 1393//959
f 1346//28 1348//28 1395//28
f 1347//960 1394//961 1241//897
f 1348//898 1396//963 1441//963
f 1297//5 1442//5 1396//5
f 1349//893 1440//931 1397//931
f 1297//5 1397//5 1442//5
f 1440//931 1349//893 1343//893
f 1350//965 1292//930 1398//983
f 1399//964 1351//899 1384//964
f 1443//5 1352//5 1355//5
f 1318//5 1352//5 1443//5
f 1356//937 1444//984 1353//937
f 1354//5 1353//5 1445//5
f 1354//966 1446//985 1400//966
f 1447//5 1355//5 1400//5
f 1444//984 1356//937 1401//984
f 1307//28 1402//28 1403//28
f 1403//938 1404//966 1308//938
f 1309//28 1404//28 1405//28
f 1405//940 1406//986 1358//940
f 1255//28 1406//28 1407//28
f 1407//941 1448//987 1359//941
f 1401//5 1359//5 1449//5
f 1370//967 1408//972 1360//967
f 1410//988 1361//988 1409//988
f 1363//968 1362//968 1361//989
f 1326//28 1450//28 1409//28
f 1410//28 1411//28 1312//28
f 1363//990 1361//990 1410//990
f 1369//972 1364//945 1408//972
f 1365//909 1412//971 1424//971
f 1366//5 1422//5 1412//5
f 1451//991 1366//944 1367//944
f 1452//28 1367//28 1368//28
f 1453//971 1368//909 1411//909
f 1408//972 1370//967 1369//972
f 1402//973 1318//912 1443//973
f 1371//916 1413//974 1454//974
f 1320//5 1455//5 1413//5
f 1371//28 1456//28 1414//28
f 1457//5 1320//5 1415//5
f 1372//975 1458//992 1415//992
f 1414//975 1459//947 1373//947
f 1416//917 1373//947 1459//947
f 1458//992 1372//975 1417//975
f 1460//5 1417//5 1374//5
f 1416//28 1461//28 1375//28
f 1375//28 1461//28 1418//28
f 1323//28 1418//28 1462//28
f 1460//5 1374//5 1419//5
f 1327//950 1423//977 1419//977
f 1420//28 1323//28 1462//28
f 1420//993 1326//920 1376//994
f 1326//920 1421//995 1376//994
f 1326//920 1377//976 1421//995
f 1424//971 1422//949 1277//949
f 1463//5 1378//5 1422//5
f 1463//5 1423//5 1378//5
f 1464//996 1379//978 1380//979
f 1424//5 1379//5 1464//5
f 1380//979 1381//997 1465//998
f 1365//5 1465//5 1381//5
f 1382//953 1466//999 1383//953
f 1383//28 1467//28 1425//28
f 1468//1000 1384//964 1425//1000
f 1426//28 1469//28 1331//28
f 1386//954 1426//1001 1385//954
f 1427//981 1331//925 1469//981
f 1427//28 1428//28 1332//28
f 1466//999 1382//953 1428//999
f 1429//5 1431//5 1335//5
f 1430//924 1429//953 1333//924
f 1399//5 1430//5 1334//5
f 1431//955 1470//1002 1336//955
f 1470//5 1432//5 1336//5
f 1426//1001 1386//954 1432//1001
f 1471//1003 1433//956 1387//956
f 1472//5 1337//5 1433//5
f 1437//28 1434//28 1286//28
f 1387//28 1434//28 1473//28
f 1435//5 1337//5 1474//5
f 1435//982 1475//957 1388//957
f 1476//1004 1389//982 1436//982
f 1389//982 1476//1004 1437//1004
f 1438//926 1388//957 1475//957
f 1477//5 1390//5 1438//5
f 1391//28 1439//28 1478//28
f 1391//28 1478//28 1436//28
f 1440//5 1390//5 1477//5
f 1479//1005 1392//962 1395//962
f 1392//962 1479//1005 1439//1005
f 1395//28 1348//28 1441//28
f 1472//1006 1441//963 1396//963
f 1396//5 1442//5 1480//5
f 1477//962 1397//931 1440//931
f 1397//931 1477//962 1442//962
f 1384//964 1468//1000 1399//964
f 1443//5 1355//5 1447//5
f 1445//5 1353//5 1444//5
f 1446//985 1354//966 1445//985
f 1481//5 1400//5 1446//5
f 1447//5 1400//5 1481//5
f 1401//984 1482//1007 1444//984
f 1403//28 1402//28 1483//28
f 1404//966 1403//938 1484//966
f 1405//28 1404//28 1485//28
f 1406//986 1405//940 1486//986
f 1407//28 1406//28 1487//28
f 1448//987 1407//941 1488//987
f 1449//5 1359//5 1448//5
f 1482//1007 1401//984 1449//1007
f 1410//1008 1409//1008 1450//1008
f 1489//28 1450//28 1326//28
f 1490//28 1411//28 1410//28
f 1422//949 1424//971 1412//971
f 1424//5 1465//5 1365//5
f 1463//5 1422//5 1366//5
f 1366//944 1451//991 1463//991
f 1491//28 1451//28 1367//28
f 1491//28 1367//28 1452//28
f 1368//909 1453//971 1452//971
f 1492//28 1453//28 1411//28
f 1443//973 1483//1009 1402//973
f 1493//1010 1454//974 1413//974
f 1454//28 1494//28 1371//28
f 1455//5 1320//5 1457//5
f 1495//5 1413//5 1455//5
f 1371//28 1496//28 1456//28
f 1456//992 1497//975 1414//975
f 1415//992 1498//1011 1457//1011
f 1498//1011 1415//992 1458//992
f 1459//947 1414//975 1497//975
f 1459//28 1499//28 1416//28
f 1500//5 1458//5 1417//5
f 1500//5 1417//5 1460//5
f 1416//28 1499//28 1461//28
f 1461//950 1491//949 1418//949
f 1462//28 1418//28 1501//28
f 1419//977 1502//1012 1460//1012
f 1502//1012 1419//977 1423//977
f 1462//1013 1489//993 1420//993
f 1326//920 1420//993 1489//993
f 1503//5 1423//5 1463//5
f 1504//1014 1464//996 1380//979
f 1424//5 1464//5 1504//5
f 1380//979 1465//998 1504//1014
f 1466//28 1467//28 1383//28
f 1505//1015 1425//1000 1467//1015
f 1425//1000 1505//1015 1468//1000
f 1506//28 1469//28 1426//28
f 1469//981 1507//1016 1427//981
f 1427//28 1508//28 1428//28
f 1428//999 1509//1017 1466//999
f 1510//5 1431//5 1429//5
f 1429//953 1430//924 1511//953
f 1468//5 1430//5 1399//5
f 1470//1002 1431//955 1512//1002
f 1470//5 1513//5 1432//5
f 1432//1001 1506//1018 1426//1001
f 1433//956 1471//1003 1514//1003
f 1387//28 1473//28 1471//28
f 1472//5 1515//5 1337//5
f 1472//5 1433//5 1516//5
f 1517//28 1434//28 1437//28
f 1434//1006 1516//1019 1473//1019
f 1474//5 1337//5 1515//5
f 1474//1004 1518//982 1435//982
f 1475//957 1435//982 1518//982
f 1436//28 1519//28 1476//28
f 1520//1020 1437//1004 1476//1004
f 1521//5 1438//5 1475//5
f 1477//5 1438//5 1521//5
f 1439//1005 1522//1021 1478//1021
f 1436//28 1478//28 1519//28
f 1395//28 1441//28 1479//28
f 1522//1021 1439//1005 1479//1005
f 1441//963 1472//1006 1434//1006
f 1396//5 1523//5 1472//5
f 1442//962 1521//1005 1480//1005
f 1396//5 1480//5 1523//5
f 1521//1005 1442//962 1477//962
f 1483//1009 1443//973 1447//1009
f 1445//5 1444//5 1524//5
f 1445//985 1525//1022 1446//985
f 1481//5 1446//5 1526//5
f 1527//1023 1447//1009 1481//1023
f 1524//5 1444//5 1482//5
f 1403//28 1483//28 1484//28
f 1484//966 1485//985 1404//966
f 1405//28 1485//28 1486//28
f 1486//986 1487//1024 1406//986
f 1407//28 1487//28 1488//28
f 1488//987 1528//1025 1448//987
f 1449//5 1448//5 1528//5
f 1449//1007 1529//1026 1482//1007
f 1410//1027 1450//1027 1490//1027
f 1450//28 1489//28 1530//28
f 1492//28 1411//28 1490//28
f 1424//5 1504//5 1465//5
f 1531//1028 1463//991 1451//991
f 1532//28 1451//28 1491//28
f 1452//971 1418//949 1491//949
f 1418//949 1452//971 1453//971
f 1533//28 1453//28 1492//28
f 1454//974 1493//1010 1534//1010
f 1535//5 1493//5 1413//5
f 1494//28 1454//28 1536//28
f 1371//28 1494//28 1496//28
f 1457//1011 1537//1029 1455//1029
f 1535//5 1413//5 1495//5
f 1455//1029 1538//1030 1495//1030
f 1496//1011 1539//992 1456//992
f 1497//975 1456//992 1539//992
f 1537//1029 1457//1011 1498//1011
f 1540//5 1498//5 1458//5
f 1497//28 1541//28 1459//28
f 1459//28 1541//28 1499//28
f 1540//5 1458//5 1500//5
f 1460//1012 1542//1031 1500//1031
f 1499//977 1532//950 1461//950
f 1491//949 1461//950 1532//950
f 1501//28 1418//28 1453//28
f 1501//1032 1530//1033 1462//1013
f 1542//1031 1460//1012 1502//1012
f 1503//5 1502//5 1423//5
f 1489//993 1462//1013 1530//1033
f 1463//991 1531//1028 1503//1028
f 1466//28 1543//28 1467//28
f 1467//1015 1544//1034 1505//1015
f 1505//5 1511//5 1468//5
f 1545//28 1469//28 1506//28
f 1507//1016 1469//981 1546//1016
f 1507//28 1508//28 1427//28
f 1509//1017 1428//999 1508//1017
f 1509//28 1543//28 1466//28
f 1510//5 1512//5 1431//5
f 1511//953 1510//999 1429//953
f 1468//5 1511//5 1430//5
f 1512//1002 1547//1035 1470//1002
f 1470//5 1548//5 1513//5
f 1506//1018 1432//1001 1513//1018
f 1549//1036 1514//1003 1471//1003
f 1516//5 1433//5 1514//5
f 1471//28 1473//28 1550//28
f 1472//5 1551//5 1515//5
f 1516//1019 1434//1006 1472//1006
f 1552//28 1434//28 1517//28
f 1437//1004 1520//1020 1517//1020
f 1553//1037 1473//1019 1516//1019
f 1515//1020 1554//1004 1474//1004
f 1518//982 1474//1004 1554//1004
f 1555//5 1475//5 1518//5
f 1476//28 1519//28 1520//28
f 1521//5 1475//5 1555//5
f 1552//1038 1478//1021 1522//1021
f 1478//1021 1552//1038 1519//1038
f 1479//28 1441//28 1522//28
f 1522//28 1441//28 1434//28
f 1472//5 1523//5 1551//5
f 1555//1021 1480//1005 1521//1005
f 1480//1005 1555//1021 1523//1021
f 1447//1009 1527//1023 1483//1009
f 1525//1022 1445//985 1524//1022
f 1526//5 1446//5 1525//5
f 1556//1039 1481//1023 1526//1039
f 1481//1023 1556//1039 1527//1023
f 1524//5 1482//5 1557//5
f 1484//28 1483//28 1527//28
f 1485//985 1484//966 1558//985
f 1486//28 1485//28 1559//28
f 1487//1024 1486//986 1560//1024
f 1488//28 1487//28 1561//28
f 1528//1025 1488//987 1561//1025
f 1449//5 1528//5 1562//5
f 1529//1026 1449//1007 1562//1026
f 1557//5 1482//5 1529//5
f 1490//1040 1450//1040 1530//1040
f 1530//1033 1492//1041 1490//1042
f 1563//28 1531//28 1451//28
f 1563//28 1451//28 1532//28
f 1564//28 1453//28 1533//28
f 1530//1033 1533//1043 1492//1041
f 1565//1044 1534//1010 1493//1010
f 1534//28 1566//28 1454//28
f 1567//5 1493//5 1535//5
f 1454//28 1566//28 1536//28
f 1536//1030 1568//1029 1494//1029
f 1494//1029 1569//1011 1496//1011
f 1538//1030 1455//1029 1537//1029
f 1535//5 1495//5 1570//5
f 1571//1045 1495//1030 1538//1030
f 1539//992 1496//1011 1569//1011
f 1539//28 1572//28 1497//28
f 1498//5 1538//5 1537//5
f 1571//5 1498//5 1540//5
f 1497//28 1572//28 1541//28
f 1541//1012 1563//977 1499//977
f 1500//1031 1573//1046 1540//1046
f 1573//1046 1500//1031 1542//1031
f 1532//950 1499//977 1563//977
f 1501//28 1453//28 1564//28
f 1564//1047 1530//1033 1501//1032
f 1503//5 1542//5 1502//5
f 1574//1048 1503//1028 1531//1028
f 1544//1034 1467//1015 1543//1034
f 1544//5 1575//5 1505//5
f 1505//5 1575//5 1511//5
f 1545//28 1546//28 1469//28
f 1513//1018 1545//1049 1506//1018
f 1546//1016 1576//1050 1507//1016
f 1576//28 1508//28 1507//28
f 1508//1017 1577//1051 1509//1017
f 1577//28 1543//28 1509//28
f 1578//5 1512//5 1510//5
f 1510//999 1511//953 1575//999
f 1547//1035 1512//1002 1579//1035
f 1547//5 1548//5 1470//5
f 1545//1049 1513//1018 1548//1049
f 1514//1003 1549//1036 1580//1036
f 1471//28 1550//28 1549//28
f 1516//5 1514//5 1553//5
f 1473//1019 1553//1037 1550//1037
f 1551//1038 1581//1020 1515//1020
f 1522//28 1434//28 1552//28
f 1517//1020 1519//1038 1552//1038
f 1519//1038 1517//1020 1520//1020
f 1554//1004 1515//1020 1581//1020
f 1582//5 1518//5 1554//5
f 1555//5 1518//5 1582//5
f 1523//1021 1582//1038 1551//1038
f 1582//1038 1523//1021 1555//1021
f 1524//1022 1583//1052 1525//1022
f 1526//5 1525//5 1584//5
f 1526//1039 1585//1053 1556//1039
f 1558//28 1527//28 1556//28
f 1583//1052 1524//1022 1557//1052
f 1484//28 1527//28 1558//28
f 1558//985 1559//1022 1485//985
f 1486//28 1559//28 1560//28
f 1560//1024 1586//1054 1487//1024
f 1561//28 1487//28 1586//28
f 1561//1025 1587//1055 1528//1025
f 1562//5 1528//5 1587//5
f 1562//1026 1588//1056 1529//1026
f 1557//5 1529//5 1589//5
f 1590//28 1531//28 1563//28
f 1533//1043 1530//1033 1564//1047
f 1534//1010 1565//1044 1591//1044
f 1567//5 1565//5 1493//5
f 1534//28 1592//28 1566//28
f 1535//1057 1592//1058 1567//1058
f 1536//28 1566//28 1574//28
f 1568//1029 1536//1030 1593//1030
f 1569//1011 1494//1029 1568//1029
f 1570//5 1495//5 1594//5
f 1570//1048 1566//1057 1535//1057
f 1495//1030 1571//1045 1594//1045
f 1538//5 1498//5 1571//5
f 1569//28 1595//28 1539//28
f 1539//28 1595//28 1572//28
f 1540//1046 1594//1045 1571//1045
f 1572//1031 1590//1012 1541//1012
f 1563//977 1541//1012 1590//1012
f 1594//1045 1540//1046 1573//1046
f 1570//5 1573//5 1542//5
f 1570//5 1542//5 1503//5
f 1503//1028 1574//1048 1570//1048
f 1596//28 1574//28 1531//28
f 1543//1034 1597//11 1544//1034
f 1544//5 1598//5 1575//5
f 1599//28 1546//28 1545//28
f 1576//1050 1546//1016 1600//1050
f 1576//28 1601//28 1508//28
f 1577//1051 1508//1017 1601//1051
f 1577//28 1602//28 1543//28
f 1578//5 1579//5 1512//5
f 1575//999 1578//1017 1510//999
f 1579//1035 1603//1056 1547//1035
f 1547//5 1604//5 1548//5
f 1548//1049 1599//1059 1545//1049
f 1605//1060 1580//1036 1549//1036
f 1553//5 1514//5 1580//5
f 1549//28 1550//28 1606//28
f 1607//1061 1550//1037 1553//1037
f 1581//1020 1551//1038 1582//1038
f 1582//5 1554//5 1581//5
f 1584//5 1525//5 1583//5
f 1585//1053 1526//1039 1584//1053
f 1608//28 1556//28 1585//28
f 1558//28 1556//28 1608//28
f 1557//1052 1609//1051 1583//1052
f 1559//1022 1558//985 1608//1022
f 1560//28 1559//28 1610//28
f 1586//1054 1560//1024 1611//1054
f 1561//28 1586//28 1612//28
f 1587//1055 1561//1025 1612//1055
f 1562//5 1587//5 1613//5
f 1588//1056 1562//1026 1603//1056
f 1589//5 1529//5 1588//5
f 1609//1051 1557//1052 1589//1051
f 1596//28 1531//28 1590//28
f 1614//1062 1591//1044 1565//1044
f 1591//28 1592//28 1534//28
f 1615//5 1565//5 1567//5
f 1592//1058 1535//1057 1566//1057
f 1616//1063 1567//1058 1592//1058
f 1566//1057 1570//1048 1574//1048
f 1536//28 1574//28 1617//28
f 1617//1045 1593//1030 1536//1030
f 1618//28 1568//28 1593//28
f 1568//28 1618//28 1569//28
f 1570//5 1594//5 1573//5
f 1569//28 1618//28 1595//28
f 1595//1046 1596//1031 1572//1031
f 1590//1012 1572//1031 1596//1031
f 1619//28 1574//28 1596//28
f 1597//11 1543//1034 1602//11
f 1597//5 1598//5 1544//5
f 1578//1017 1575//999 1598//1017
f 1620//28 1546//28 1599//28
f 1620//28 1600//28 1546//28
f 1600//1050 1611//1054 1576//1050
f 1611//28 1601//28 1576//28
f 1601//1051 1621//1052 1577//1051
f 1621//28 1602//28 1577//28
f 1589//5 1579//5 1578//5
f 1603//1056 1579//1035 1588//1056
f 1603//5 1604//5 1547//5
f 1599//1059 1548//1049 1604//1059
f 1580//1036 1605//1060 1622//1060
f 1549//28 1606//28 1605//28
f 1553//5 1580//5 1607//5
f 1550//1037 1607//1061 1606//1061
f 1584//5 1583//5 1597//5
f 1584//1053 1602//11 1585//1053
f 1608//28 1585//28 1621//28
f 1597//5 1583//5 1609//5
f 1608//1022 1610//1052 1559//1022
f 1560//28 1610//28 1611//28
f 1611//1054 1600//1050 1586//1054
f 1612//28 1586//28 1623//28
f 1612//1055 1613//1064 1587//1055
f 1562//5 1613//5 1603//5
f 1589//5 1588//5 1579//5
f 1589//1051 1598//1017 1609//1051
f 1591//1044 1614//1062 1624//1062
f 1615//5 1614//5 1565//5
f 1591//28 1616//28 1592//28
f 1567//1058 1616//1063 1615//1063
f 1617//28 1574//28 1619//28
f 1593//1030 1617//1045 1618//1045
f 1618//1045 1619//1046 1595//1046
f 1596//1031 1595//1046 1619//1046
f 1602//11 1584//1053 1597//11
f 1597//5 1609//5 1598//5
f 1598//1017 1589//1051 1578//1017
f 1604//1059 1620//1051 1599//1059
f 1623//28 1600//28 1620//28
f 1611//28 1610//28 1601//28
f 1621//1052 1601//1051 1610//1052
f 1621//28 1585//28 1602//28
f 1603//5 1625//5 1604//5
f 1626//1065 1622//1060 1605//1060
f 1607//5 1580//5 1622//5
f 1605//28 1606//28 1627//28
f 1628//1066 1606//1061 1607//1061
f 1610//1052 1608//1022 1621//1052
f 1623//28 1586//28 1600//28
f 1613//1064 1612//1055 1623//1064
f 1603//5 1613//5 1625//5
f 1629//1067 1624//1062 1614//1062
f 1624//28 1616//28 1591//28
f 1630//5 1614//5 1615//5
f 1631//1068 1615//1063 1616//1063
f 1619//1046 1618//1045 1617//1045
f 1620//1051 1604//1059 1625//1051
f 1625//1051 1623//1064 1620//1051
f 1622//1060 1626//1065 1632//1065
f 1605//28 1627//28 1626//28
f 1607//5 1622//5 1628//5
f 1606//1061 1628//1066 1627//1066
f 1623//1064 1625//1051 1613//1064
f 1624//1062 1629//1067 1633//1067
f 1630//5 1629//5 1614//5
f 1624//28 1631//28 1616//28
f 1615//1063 1631//1068 1630//1068
f 1634//1069 1632//1065 1626//1065
f 1628//5 1622//5 1632//5
f 1626//28 1627//28 1635//28
f 1636//1070 1627//1066 1628//1066
f 1637//1071 1633//1067 1629//1067
f 1633//28 1631//28 1624//28
f 1638//5 1629//5 1630//5
f 1639//1072 1630//1068 1631//1068
f 1632//1065 1634//1069 1640//1069
f 1626//28 1635//28 1634//28
f 1628//5 1632//5 1636//5
f 1627//1066 1636//1070 1635//1070
f 1633//1067 1637//1071 1641//1071
f 1638//5 1637//5 1629//5
f 1633//28 1639//28 1631//28
f 1630//1068 1639//1072 1638//1072
f 1642//1073 1640//1069 1634//1069
f 1636//5 1632//5 1640//5
f 1634//28 1635//28 1643//28
f 1644//1074 1635//1070 1636//1070
f 1645//1075 1641//1071 1637//1071
f 1641//28 1639//28 1633//28
f 1646//5 1637//5 1638//5
f 1647//1076 1638//1072 1639//1072
f 1640//1069 1642//1073 1648//1073
f 1634//28 1643//28 1642//28
f 1636//5 1640//5 1644//5
f 1635//1070 1644//1074 1643//1074
f 1641//1071 1645//1075 1649//1075
f 1646//5 1645//5 1637//5
f 1641//28 1647//28 1639//28
f 1638//1072 1647//1076 1646//1076
f 1650//1077 1648//1073 1642//1073
f 1644//5 1640//5 1648//5
f 1642//28 1643//28 1650//28
f 1651//1077 1643//1074 1644//1074
f 1652//1078 1649//1075 1645//1075
f 1649//28 1647//28 1641//28
f 1653//5 1645//5 1646//5
f 1654//1079 1646//1076 1647//1076
f 1648//1073 1650//1077 1651//1077
f 1644//5 1648//5 1651//5
f 1643//1074 1651//1077 1650//1077
f 1649//1075 1652//1078 1655//1078
f 1645//5 1656//5 1652//5
f 1649//28 1654//28 1647//28
f 1656//5 1645//5 1653//5
f 1646//1076 1654//1079 1653//1079
f 1656//1080 1655//1078 1652//1078
f 1655//28 1654//28 1649//28
f 1653//1079 1657//1080 1656//1080
f 1657//1080 1653//1079 1654//1079
f 1655//1078 1656//1080 1657//1080
f 1654//28 1655//28 1657//28
usemtl material_1_0
f 3//1081 2//1082 1//1083
f 2//1082 4//1084 1//1083
f 3//28 5//28 2//28
f 3//1081 1//1083 6//1085
f 1//28 4//28 7//28
f 2//1086 8//1086 4//1086
f 5//28 9//28 2//28
f 6//28 5//28 3//28
f 1//1083 10//1087 6//1085
f 7//28 4//28 11//28
f 10//28 1//28 7//28
f 12//1086 4//1086 8//1086
f 2//28 13//28 8//28
f 9//28 14//28 2//28
f 9//1088 5//1089 15//1088
f 16//28 5//28 6//28
f 17//1087 6//1085 10//1087
f 11//28 4//28 18//28
f 7//1051 11//1090 19//1051
f 20//28 10//28 7//28
f 4//28 12//28 21//28
f 8//1091 22//1092 12//1092
f 8//28 13//28 22//28
f 23//28 13//28 2//28
f 14//28 24//28 2//28
f 14//1093 9//1088 25//1093
f 26//1089 15//1088 5//1089
f 15//1088 25//1093 9//1088
f 5//1089 16//1094 26//1089
f 17//28 16//28 6//28
f 10//1087 20//1095 17//1087
f 18//28 4//28 27//28
f 11//1090 18//1096 28//1090
f 28//1090 19//1051 11//1090
f 19//1051 29//1051 7//1051
f 30//28 20//28 7//28
f 12//28 31//28 21//28
f 32//28 4//28 21//28
f 12//1092 22//1092 31//1097
f 13//28 33//28 22//28
f 23//121 34//121 13//190
f 35//28 23//28 2//28
f 24//28 36//28 2//28
f 24//1098 14//1093 37//1098
f 25//1093 37//1098 14//1093
f 15//1099 26//1100 38//1099
f 25//1101 15//1099 39//1102
f 40//1094 26//1089 16//1094
f 41//28 16//28 17//28
f 42//1095 17//1087 20//1095
f 27//28 4//28 43//28
f 18//1096 27//1103 44//1096
f 44//1096 28//1090 18//1096
f 19//5 28//5 45//5
f 46//1051 7//1051 29//1051
f 29//5 19//5 47//5
f 30//1104 48//1104 20//1095
f 49//28 30//28 7//28
f 31//28 50//28 21//28
f 51//28 4//28 32//28
f 32//1105 21//1106 52//1105
f 53//1097 31//1097 22//1092
f 22//28 33//28 53//28
f 13//190 54//190 33//227
f 54//190 13//190 34//121
f 34//121 23//121 55//120
f 35//120 55//120 23//121
f 56//28 35//28 2//28
f 36//28 57//28 2//28
f 36//1107 24//1098 58//1107
f 37//1098 58//1107 24//1098
f 37//1108 25//1101 59//1109
f 60//1100 38//1099 26//1100
f 38//1099 39//1102 15//1099
f 59//1109 25//1101 39//1102
f 26//1100 40//1110 60//1100
f 16//1094 41//1111 40//1094
f 61//28 41//28 17//28
f 42//28 61//28 17//28
f 42//1095 20//1095 48//1104
f 43//28 4//28 62//28
f 27//1103 43//1112 63//1103
f 63//1103 44//1096 27//1103
f 28//5 44//5 45//5
f 64//5 19//5 45//5
f 46//28 65//28 7//28
f 29//1113 66//1113 46//1113
f 47//5 19//5 67//5
f 66//5 29//5 47//5
f 30//1104 49//1114 48//1104
f 68//28 49//28 7//28
f 50//28 69//28 21//28
f 31//1097 53//1097 50//1115
f 70//28 4//28 51//28
f 51//1116 32//1105 71//1116
f 72//1106 52//1105 21//1106
f 52//1105 71//1116 32//1105
f 33//28 73//28 53//28
f 74//227 33//227 54//190
f 34//1117 75//1117 54//1117
f 55//1117 76//1118 34//1117
f 55//120 35//120 77//96
f 56//96 77//96 35//120
f 78//28 56//28 2//28
f 57//28 79//28 2//28
f 57//1119 36//1107 80//1119
f 58//1107 80//1119 36//1107
f 58//1120 37//1108 81//1121
f 81//1121 37//1108 59//1109
f 60//1122 82//1123 38//1124
f 38//1124 83//1125 39//1126
f 39//1126 84//1127 59//1128
f 85//1110 60//1100 40//1110
f 86//1111 40//1094 41//1111
f 41//1111 61//1129 86//1111
f 87//28 61//28 42//28
f 48//28 87//28 42//28
f 62//28 4//28 88//28
f 43//1112 62//1130 89//1112
f 89//1112 63//1103 43//1112
f 44//5 63//5 45//5
f 90//5 19//5 64//5
f 45//1131 91//1132 64//1133
f 65//28 92//28 7//28
f 93//28 65//28 46//28
f 93//1113 46//1113 66//1113
f 67//5 19//5 94//5
f 67//1134 95//1134 47//1135
f 96//5 66//5 47//5
f 97//1114 48//1104 49//1114
f 49//1114 68//1136 97//1114
f 98//28 68//28 7//28
f 69//28 99//28 21//28
f 50//1115 100//1115 69//1137
f 100//1115 50//1115 53//1097
f 101//28 4//28 70//28
f 70//1138 51//1116 102//1138
f 71//1116 102//1138 51//1116
f 52//5 72//5 45//5
f 21//1106 103//1051 72//1106
f 71//5 52//5 45//5
f 73//28 104//28 53//28
f 33//227 74//227 73//274
f 54//1117 105//1117 74//1117
f 75//1117 106//1117 54//1117
f 107//1118 75//1117 34//1117
f 76//1118 107//1118 34//1117
f 77//1117 76//1118 55//1117
f 77//96 56//96 108//95
f 78//95 108//95 56//96
f 76//1118 78//28 2//28
f 79//28 109//28 2//28
f 110//1139 79//28 57//28
f 110//1140 57//1119 80//1119
f 80//1141 58//1120 111//1142
f 111//1142 58//1120 81//1121
f 59//1128 112//1143 81//1144
f 83//1125 38//1124 82//1123
f 82//1123 60//1122 113//1145
f 84//1127 39//1126 83//1125
f 112//1143 59//1128 84//1127
f 85//1146 113//1145 60//1122
f 40//1110 86//1147 85//1110
f 114//1129 86//1111 61//1129
f 87//1148 115//1148 61//1129
f 116//28 87//28 48//28
f 88//28 4//28 117//28
f 62//1130 88//1149 118//1130
f 118//1130 89//1112 62//1130
f 63//5 89//5 45//5
f 119//5 19//5 90//5
f 64//1133 120//1150 90//1151
f 91//1132 121//1152 64//1133
f 91//1153 45//1153 122//1153
f 92//28 98//28 7//28
f 92//1154 65//1155 123//1154
f 124//28 65//28 93//28
f 66//1156 125//1157 93//1156
f 94//5 19//5 126//5
f 94//1158 127//1158 67//1134
f 128//1135 47//1135 95//1134
f 95//1134 67//1134 127//1158
f 125//5 66//5 96//5
f 47//1135 128//1135 96//1159
f 97//28 116//28 48//28
f 129//1136 97//1114 68//1136
f 68//1136 98//1160 129//1136
f 99//28 130//28 21//28
f 99//1161 69//1137 131//1161
f 132//1137 69//1137 100//1115
f 53//28 104//28 100//28
f 133//28 4//28 101//28
f 101//1162 70//1138 134//1162
f 102//1138 134//1162 70//1138
f 102//5 71//5 45//5
f 45//5 72//5 135//5
f 136//1051 72//1106 103//1051
f 21//28 137//28 103//28
f 73//274 138//274 104//352
f 138//274 73//274 74//227
f 105//1117 139//1117 74//1117
f 106//1117 105//1117 54//1117
f 106//46 75//68 140//1163
f 107//1164 141//1165 75//68
f 107//1118 76//1118 142//28
f 108//1117 76//1118 77//1117
f 78//95 76//1166 108//95
f 143//28 76//1118 2//28
f 109//28 144//28 2//28
f 109//1167 79//1168 145//1167
f 146//28 79//28 110//1139
f 110//1139 80//1141 147//1169
f 147//1169 80//1141 111//1142
f 81//1144 148//1170 111//1171
f 148//1170 81//1144 112//1143
f 82//1123 149//1172 83//1125
f 113//1145 150//1173 82//1123
f 83//1125 151//1174 84//1127
f 84//1127 152//1175 112//1143
f 113//1145 85//1146 153//1176
f 154//1177 85//1110 86//1147
f 86//1147 114//1178 154//1177
f 114//1129 61//1129 115//1148
f 87//1148 116//1179 115//1148
f 117//28 4//28 155//28
f 88//1149 117//1180 156//1149
f 156//1149 118//1130 88//1149
f 89//5 118//5 45//5
f 157//5 19//5 119//5
f 90//1151 158//1151 119//1181
f 158//1151 90//1151 120//1150
f 64//1133 121//1152 120//1150
f 121//5 91//5 159//5
f 135//1153 122//1153 45//1153
f 91//5 122//5 160//5
f 98//1160 92//1154 161//1160
f 162//1155 123//1154 65//1155
f 123//1154 161//1160 92//1154
f 65//1155 124//1182 162//1155
f 163//28 124//28 93//28
f 163//1157 93//1156 125//1157
f 126//5 19//5 164//5
f 94//1158 126//1183 127//1158
f 128//5 95//5 165//5
f 95//5 127//5 166//5
f 167//5 125//5 96//5
f 168//1159 96//1159 128//1135
f 169//28 116//28 97//28
f 129//28 170//28 97//28
f 161//1160 129//1136 98//1160
f 130//28 171//28 21//28
f 99//1161 131//1161 130//1184
f 132//1137 131//1161 69//1137
f 100//28 172//28 132//28
f 104//28 172//28 100//28
f 173//28 4//28 133//28
f 133//1185 101//1162 174//1185
f 134//1162 174//1185 101//1162
f 134//5 102//5 45//5
f 135//5 72//5 175//5
f 72//5 136//5 176//5
f 103//1051 177//1051 136//1051
f 103//28 137//28 177//28
f 178//28 137//28 21//28
f 179//352 104//352 138//274
f 74//1117 139//1117 138//1117
f 139//21 105//33 180//1186
f 105//33 106//46 181//1187
f 141//1165 140//1163 75//68
f 140//1163 181//1187 106//46
f 107//1164 182//1188 141//1165
f 183//28 142//28 76//1118
f 142//1189 184//1189 107//1164
f 143//28 185//28 76//1118
f 186//28 143//28 2//28
f 144//28 187//28 2//28
f 144//1190 109//1167 188//1190
f 189//1168 145//1167 79//1168
f 145//1167 188//1190 109//1167
f 79//1168 146//1191 189//1168
f 190//28 146//28 110//1139
f 147//1169 191//28 110//1139
f 192//1192 147//1193 111//1171
f 192//1192 111//1171 148//1170
f 112//1143 193//1194 148//1170
f 151//1174 83//1125 149//1172
f 149//1172 82//1123 150//1173
f 150//1173 113//1145 194//1195
f 152//1175 84//1127 151//1174
f 193//1194 112//1143 152//1175
f 154//1176 153//1176 85//1146
f 153//1195 194//1195 113//1145
f 154//1177 114//1178 195//1196
f 114//1178 115//1197 195//1196
f 196//1179 115//1148 116//1179
f 155//28 4//28 197//28
f 155//1198 198//1198 117//1180
f 199//1180 156//1149 117//1180
f 118//5 156//5 45//5
f 164//5 19//5 157//5
f 157//1199 119//1181 200//1199
f 201//1181 119//1181 158//1151
f 158//5 120//5 202//5
f 120//5 121//5 159//5
f 159//5 91//5 203//5
f 204//1200 122//1201 135//1200
f 122//5 204//5 160//5
f 205//5 91//5 160//5
f 162//28 206//28 123//28
f 123//28 207//28 161//28
f 208//1182 162//1155 124//1182
f 209//28 124//28 163//28
f 125//1157 167//1202 163//1157
f 126//1183 164//1203 210//1183
f 210//1183 127//1158 126//1183
f 165//5 95//5 166//5
f 211//5 128//5 165//5
f 127//5 210//5 166//5
f 212//5 167//5 96//5
f 96//1159 168//1159 213//1204
f 168//5 128//5 211//5
f 169//1205 214//1206 116//1179
f 170//28 169//28 97//28
f 207//28 170//28 129//28
f 161//28 207//28 129//28
f 171//28 178//28 21//28
f 171//1207 130//1184 215//1207
f 216//1184 130//1184 131//1161
f 132//28 217//28 131//28
f 172//28 217//28 132//28
f 104//352 179//352 172//351
f 218//28 4//28 173//28
f 173//1208 133//1185 219//1208
f 174//1185 219//1208 133//1185
f 174//5 134//5 45//5
f 175//5 72//5 220//5
f 135//1200 175//1209 204//1200
f 136//5 221//5 176//5
f 222//5 72//5 176//5
f 221//1051 136//1051 177//1051
f 137//28 223//28 177//28
f 178//1210 224//1210 137//1211
f 138//1117 225//1117 179//1117
f 139//1117 225//1117 138//1117
f 181//1187 180//1186 105//33
f 180//1186 226//1212 139//21
f 141//1165 227//1213 140//1163
f 140//1163 228//1214 181//1187
f 227//1213 141//1165 182//1188
f 182//1188 107//1164 184//1189
f 183//1215 229//1215 142//1189
f 185//28 183//28 76//1118
f 184//1189 142//1189 229//1215
f 143//1216 230//1216 185//1217
f 186//1218 231//1218 143//1216
f 232//28 186//28 2//28
f 187//28 233//28 2//28
f 187//1219 144//1190 234//1219
f 188//1190 234//1219 144//1190
f 189//5 91//5 145//5
f 145//5 91//5 188//5
f 235//1191 189//1168 146//1191
f 190//1220 236//1220 146//1191
f 237//28 190//28 110//1139
f 237//28 110//1139 191//28
f 238//28 191//28 147//1169
f 192//1192 239//1221 147//1193
f 148//1170 240//1222 192//1192
f 240//1222 148//1170 193//1194
f 151//1174 149//1172 241//1223
f 149//1172 150//1173 242//1224
f 150//1173 194//1225 243//1226
f 152//1175 151//1174 244//1227
f 193//1194 152//1175 245//1228
f 153//1176 154//1176 246//1229
f 194//1195 153//1195 247//1230
f 195//1229 246//1229 154//1176
f 195//1196 115//1197 248//1231
f 115//1197 196//1232 248//1231
f 196//1179 116//1179 214//1206
f 197//28 4//28 249//28
f 197//1233 250//1233 155//1198
f 199//1180 117//1180 198//1198
f 198//1198 155//1198 250//1233
f 156//5 199//5 45//5
f 164//1203 157//1199 251//1203
f 201//1181 200//1199 119//1181
f 200//1199 251//1203 157//1199
f 201//5 158//5 252//5
f 202//5 120//5 159//5
f 253//5 158//5 202//5
f 203//5 91//5 254//5
f 203//1234 255//1234 159//1235
f 160//5 204//5 256//5
f 257//5 91//5 205//5
f 205//276 160//312 258//276
f 206//28 207//28 123//28
f 259//28 206//28 162//28
f 208//28 259//28 162//28
f 124//1182 260//1236 208//1182
f 261//28 124//28 209//28
f 209//1202 163//1157 167//1202
f 251//1203 210//1183 164//1203
f 165//1237 166//1238 262//1239
f 211//1240 165//1237 263//1241
f 166//5 210//5 264//5
f 167//1202 212//1242 209//1202
f 265//5 212//5 96//5
f 266//1204 213//1204 168//1159
f 213//5 265//5 96//5
f 267//5 168//5 211//5
f 169//1205 170//1243 214//1206
f 170//1243 207//1238 268//1244
f 178//1210 171//1207 224//1210
f 216//1184 215//1207 130//1184
f 215//1207 224//1210 171//1207
f 131//28 269//28 216//28
f 217//28 270//28 131//28
f 217//350 172//351 271//350
f 272//351 172//351 179//352
f 273//28 4//28 218//28
f 173//1208 219//1208 218//1245
f 219//5 174//5 45//5
f 220//5 72//5 274//5
f 175//1209 220//1246 275//1209
f 275//1209 204//1200 175//1209
f 176//5 221//5 276//5
f 277//5 72//5 222//5
f 222//1247 176//1248 278//1247
f 177//1249 279//1249 221//1249
f 177//28 223//28 279//28
f 137//1211 280//1211 223//1250
f 280//1211 137//1211 224//1210
f 225//1117 281//1117 179//1117
f 225//20 139//21 226//1212
f 181//1187 282//1251 180//1186
f 180//1186 283//1252 226//1212
f 228//1214 140//1163 227//1213
f 282//1251 181//1187 228//1214
f 227//1213 182//1188 284//295
f 182//1253 184//5 285//1253
f 229//1215 183//1215 286//1217
f 185//1217 286//1217 183//1215
f 229//5 285//1253 184//5
f 286//1217 185//1217 230//1216
f 230//1216 143//1216 231//1218
f 186//1218 232//1254 231//1218
f 287//28 232//28 2//28
f 233//28 288//28 2//28
f 187//1219 234//1219 233//1255
f 188//5 91//5 234//5
f 289//5 91//5 189//5
f 235//5 290//1256 189//5
f 235//1191 146//1191 236//1220
f 236//1220 190//1220 291//1257
f 237//1257 291//1257 190//1220
f 191//1258 292//1258 237//1257
f 238//1259 293//1259 191//1258
f 294//28 238//28 147//1169
f 295//1260 147//1193 239//1221
f 239//1221 192//1192 240//1222
f 240//1222 193//1194 296//1261
f 242//1224 241//1223 149//1172
f 241//1223 244//1227 151//1174
f 243//1226 242//1224 150//1173
f 297//1225 243//1226 194//1225
f 244//1227 245//1228 152//1175
f 245//1228 296//1261 193//1194
f 246//1230 247//1230 153//1195
f 194//1225 247//1262 297//1225
f 195//1229 248//1263 246//1229
f 248//1231 196//1232 298//1264
f 196//1232 214//1265 299//1266
f 249//28 4//28 300//28
f 249//1267 301//1267 197//1233
f 250//1233 197//1233 301//1267
f 199//5 198//5 45//5
f 198//5 250//5 45//5
f 200//5 201//5 302//5
f 251//5 200//5 303//5
f 252//5 158//5 253//5
f 302//5 201//5 252//5
f 159//1235 304//1235 202//1268
f 202//1268 305//1268 253//1269
f 254//5 91//5 306//5
f 254//1270 307//1270 203//1234
f 304//1235 159//1235 255//1234
f 255//1234 203//1234 307//1270
f 204//5 275//5 256//5
f 160//312 256//405 308//312
f 309//5 91//5 257//5
f 257//275 205//276 310//275
f 308//312 258//276 160//312
f 258//276 310//275 205//276
f 207//1238 206//1237 311//1271
f 206//1237 259//1240 312//1272
f 313//28 259//28 208//28
f 314//1236 208//1182 260//1236
f 260//28 124//28 315//28
f 315//28 124//28 261//28
f 261//1242 209//1202 212//1242
f 210//5 251//5 264//5
f 316//1273 262//1239 166//1238
f 262//1239 263//1241 165//1237
f 263//1241 317//1274 211//1240
f 166//1238 264//1243 316//1273
f 212//1242 265//1275 261//1242
f 213//1204 266//1204 318//1276
f 266//5 168//5 267//5
f 319//5 265//5 213//5
f 267//1277 211//1240 317//1274
f 268//1244 214//1206 170//1243
f 311//1271 268//1244 207//1238
f 216//28 320//28 215//28
f 215//28 320//28 224//28
f 269//28 320//28 216//28
f 270//28 269//28 131//28
f 270//353 217//350 321//353
f 272//351 271//350 172//351
f 271//350 321//353 217//350
f 179//1117 281//1117 272//1117
f 322//28 4//28 273//28
f 218//1245 323//1245 273//1278
f 323//1245 218//1245 219//1208
f 323//5 219//5 45//5
f 274//5 72//5 324//5
f 220//1246 274//1279 325//1246
f 325//1246 275//1209 220//1246
f 221//5 326//5 276//5
f 176//1248 276//1280 327//1248
f 328//5 72//5 277//5
f 277//1281 222//1247 329//1281
f 327//1248 278//1247 176//1248
f 278//1247 329//1281 222//1247
f 326//1249 221//1249 279//1249
f 279//28 223//28 330//28
f 331//1250 223//1250 280//1211
f 224//28 332//28 280//28
f 281//32 225//20 333//1282
f 226//1212 333//1282 225//20
f 283//1252 180//1186 282//1251
f 334//1283 226//1212 283//1252
f 227//1213 284//295 228//1214
f 228//1214 335//252 282//1251
f 182//1253 258//1284 284//1284
f 285//1253 258//1284 182//1253
f 286//5 285//1253 229//5
f 230//5 285//1253 286//5
f 231//5 91//5 230//5
f 336//1254 231//1218 232//1254
f 232//1254 287//1285 336//1254
f 337//28 287//28 2//28
f 288//28 338//28 2//28
f 288//1286 233//1255 339//1286
f 340//1255 233//1255 234//1219
f 234//5 91//5 340//5
f 341//5 91//5 289//5
f 290//1256 289//5 189//5
f 236//5 290//1256 235//5
f 291//5 290//1256 236//5
f 291//1257 237//1257 292//1258
f 292//1258 191//1258 293//1259
f 293//1259 238//1259 342//1287
f 294//1287 342//1287 238//1259
f 147//1193 295//1260 294//1287
f 295//1260 239//1221 343//1288
f 239//1221 240//1222 343//1288
f 296//1261 343//1288 240//1222
f 242//1289 304//1289 241//1290
f 241//1290 255//1290 244//1291
f 243//1292 305//1292 242//1289
f 297//1293 344//1294 243//1292
f 307//1295 245//1296 244//1291
f 345//1297 296//1298 245//1296
f 246//1230 346//1299 247//1230
f 347//1262 297//1225 247//1262
f 346//1263 246//1229 248//1263
f 298//1264 196//1232 299//1266
f 248//1263 298//1300 346//1263
f 214//1265 348//1301 299//1266
f 300//28 4//28 349//28
f 300//1302 350//1302 249//1267
f 301//1267 249//1267 350//1302
f 250//5 301//5 45//5
f 303//5 200//5 302//5
f 351//5 251//5 303//5
f 253//1269 344//1269 252//1303
f 252//1303 352//1303 302//1304
f 305//1268 202//1268 304//1235
f 344//1269 253//1269 305//1268
f 306//5 91//5 341//5
f 306//1305 345//1305 254//1270
f 307//1270 254//1270 345//1305
f 255//1290 241//1290 304//1289
f 307//1295 244//1291 255//1290
f 256//5 275//5 353//5
f 354//405 308//312 256//405
f 355//5 91//5 309//5
f 309//229 257//275 356//229
f 310//275 356//229 257//275
f 258//1284 308//1284 284//1284
f 310//1284 258//1284 285//1253
f 312//1272 311//1271 206//1237
f 357//1306 312//1272 259//1240
f 259//1240 313//1277 357//1306
f 314//28 313//28 208//28
f 260//1236 358//1307 314//1236
f 359//28 260//28 315//28
f 315//1275 261//1242 265//1275
f 264//5 251//5 351//5
f 316//1273 360//1308 262//1239
f 262//1239 361//1309 263//1241
f 263//1241 362//1310 317//1274
f 363//1311 316//1273 264//1243
f 364//1312 318//1276 266//1204
f 318//5 365//5 213//5
f 366//5 266//5 267//5
f 319//1313 359//1313 265//1275
f 367//5 319//5 213//5
f 317//1274 368//1314 267//1277
f 214//1206 268//1244 348//1315
f 268//1244 311//1271 369//1316
f 320//28 332//28 224//28
f 269//395 370//395 320//436
f 269//395 270//353 370//395
f 321//353 370//395 270//353
f 272//1317 371//1317 271//1317
f 271//1318 372//1318 321//1318
f 281//1117 373//1117 272//1117
f 374//28 4//28 322//28
f 273//1278 375//1278 322//1319
f 375//1278 273//1278 323//1245
f 375//5 323//5 45//5
f 324//5 72//5 328//5
f 274//1279 324//1320 376//1279
f 376//1279 325//1246 274//1279
f 275//5 325//5 377//5
f 326//5 378//5 276//5
f 379//1280 327//1248 276//1280
f 328//1321 277//1281 380//1321
f 329//1281 380//1321 277//1281
f 278//5 327//5 381//5
f 329//5 278//5 382//5
f 279//1322 330//1323 326//1322
f 330//28 223//28 383//28
f 223//1250 331//1250 384//1324
f 280//28 385//28 331//28
f 332//28 385//28 280//28
f 333//1282 386//67 281//32
f 226//1212 334//1283 333//1282
f 282//1251 387//213 283//1252
f 283//1252 388//172 334//1283
f 335//252 228//1214 284//295
f 387//213 282//1251 335//252
f 230//5 91//5 285//1253
f 336//5 91//5 231//5
f 389//1285 336//1254 287//1285
f 287//1285 337//1325 389//1285
f 390//28 337//28 2//28
f 338//28 391//28 2//28
f 340//1255 339//1286 233//1255
f 339//1286 393//1326 288//1286
f 340//5 91//5 339//5
f 289//1327 394//1327 341//1328
f 289//1327 290//1329 394//1327
f 291//5 292//5 290//1256
f 293//5 295//1330 292//5
f 342//5 295//1330 293//5
f 342//1287 294//1287 295//1260
f 394//1331 295//1330 343//1332
f 395//1333 343//1332 296//1298
f 304//1289 242//1289 305//1292
f 305//1292 243//1292 344//1294
f 352//1334 344//1294 297//1293
f 307//1295 345//1297 245//1296
f 345//1297 395//1333 296//1298
f 396//1299 247//1230 346//1299
f 352//1334 297//1293 347//1335
f 247//1262 396//1336 347//1262
f 298//1300 299//1337 397//1300
f 397//1300 346//1263 298//1300
f 299//1266 348//1301 398//1338
f 349//28 4//28 399//28
f 400//28 300//28 349//28
f 350//1339 300//1339 401//1339
f 301//5 350//5 45//5
f 302//1304 402//1304 303//1340
f 303//1340 403//1340 351//1341
f 352//1303 252//1303 344//1269
f 402//1304 302//1304 352//1303
f 341//1328 395//1328 306//1305
f 345//1305 306//1305 395//1328
f 353//5 275//5 377//5
f 256//405 353//404 354//405
f 308//1284 354//1284 387//1284
f 285//1253 91//5 355//5
f 355//193 309//229 404//193
f 356//229 404//193 309//229
f 356//1284 310//1284 285//1253
f 284//1284 308//1284 335//1284
f 311//1271 312//1272 369//1316
f 312//1272 357//1306 405//1342
f 406//1343 357//1306 313//1277
f 407//28 313//28 314//28
f 408//1344 314//1236 358//1307
f 358//28 260//28 409//28
f 410//28 260//28 359//28
f 315//1275 265//1275 359//1313
f 264//1243 351//1341 363//1311
f 360//1308 361//1309 262//1239
f 363//1311 360//1308 316//1273
f 361//1309 362//1310 263//1241
f 362//1310 411//1345 317//1274
f 318//1276 364//1312 412//1346
f 364//5 266//5 366//5
f 365//5 413//5 213//5
f 414//5 365//5 318//5
f 366//1347 267//1277 368//1314
f 359//1313 319//1313 410//1348
f 367//1348 410//1348 319//1313
f 415//5 367//5 213//5
f 317//1274 411//1345 368//1314
f 348//1315 268//1244 369//1316
f 332//513 320//436 416//513
f 417//436 320//436 370//395
f 321//1349 418//1349 370//1350
f 372//1317 271//1317 371//1317
f 371//1117 272//1117 419//1117
f 418//1318 321//1318 372//1318
f 373//1117 419//1117 272//1117
f 373//67 281//32 386//67
f 420//28 4//28 374//28
f 322//1319 421//1319 374//1351
f 421//1319 322//1319 375//1278
f 421//5 375//5 45//5
f 324//1320 328//1321 422//1320
f 422//1320 376//1279 324//1320
f 325//5 376//5 423//5
f 377//5 325//5 423//5
f 378//5 424//5 276//5
f 378//1323 326//1322 330//1323
f 327//5 379//5 425//5
f 276//1280 426//1352 379//1280
f 380//1321 422//1320 328//1321
f 380//5 329//5 382//5
f 381//5 327//5 425//5
f 382//5 278//5 381//5
f 383//28 223//28 427//28
f 330//1323 383//1353 378//1323
f 428//1324 384//1324 331//1250
f 223//28 384//28 427//28
f 385//28 429//28 331//28
f 385//545 332//513 430//545
f 333//1282 431//1354 386//1355
f 431//1354 333//1282 334//1283
f 388//172 283//1252 387//213
f 432//173 334//1283 388//172
f 335//1284 308//1284 387//1284
f 389//5 91//5 336//5
f 433//1325 389//1285 337//1325
f 337//1325 390//1356 433//1325
f 434//28 390//28 2//28
f 391//28 434//28 2//28
f 391//1357 338//1358 435//1357
f 438//1326 288//1286 393//1326
f 339//5 91//5 393//5
f 395//1328 341//1328 394//1327
f 394//1331 290//1256 295//1330
f 295//1330 290//1256 292//5
f 395//1333 394//1331 343//1332
f 396//1299 346//1299 439//1359
f 402//1360 352//1334 347//1335
f 440//1336 347//1262 396//1336
f 441//1361 397//1300 299//1337
f 397//1359 439//1359 346//1299
f 398//1338 348//1301 442//1362
f 443//1363 299//1337 398//1364
f 399//28 4//28 444//28
f 349//1365 399//1366 445//1365
f 400//1339 401//1339 300//1339
f 349//28 446//28 400//28
f 401//5 445//5 350//5
f 350//5 445//5 45//5
f 403//1340 303//1340 402//1304
f 447//1367 351//1341 403//1340
f 353//404 377//481 448//404
f 448//404 354//405 353//404
f 387//1284 354//1284 388//1284
f 285//1368 355//193 404//193
f 404//1284 356//1284 285//1253
f 369//1316 312//1272 405//1342
f 405//1342 357//1306 449//1369
f 357//1306 406//1343 449//1369
f 313//1277 407//1347 406//1343
f 408//28 407//28 314//28
f 408//1344 358//1307 450//1370
f 409//28 260//28 451//28
f 452//28 358//28 409//28
f 453//28 260//28 410//28
f 447//1367 363//1311 351//1341
f 361//1371 360//1372 454//1373
f 455//1374 360//1308 363//1311
f 362//1375 361//1371 456//1376
f 411//1377 362//1375 457//1378
f 412//1346 364//1312 458//1379
f 412//5 459//5 318//5
f 460//5 364//5 366//5
f 413//5 415//5 213//5
f 365//1380 409//1380 413//1381
f 414//1382 452//1382 365//1380
f 461//5 414//5 318//5
f 366//1347 368//1314 460//469
f 410//1348 367//1348 453//1383
f 415//1383 453//1383 367//1348
f 411//1345 462//1384 368//1314
f 348//1301 369//1385 442//1362
f 417//436 416//513 320//436
f 416//513 430//545 332//513
f 417//1386 370//1387 463//1386
f 464//1388 370//1350 418//1349
f 372//183 371//143 465//183
f 371//143 419//93 466//143
f 372//183 465//183 418//221
f 419//93 373//67 467//93
f 386//67 467//93 373//67
f 468//28 4//28 420//28
f 374//1389 469//1389 420//1389
f 469//1351 374//1351 421//1319
f 469//5 421//5 45//5
f 376//5 422//5 470//5
f 423//5 376//5 470//5
f 377//481 423//516 471//481
f 424//5 472//5 276//5
f 424//1353 378//1323 383//1353
f 425//5 379//5 473//5
f 474//1352 379//1280 426//1352
f 276//5 472//5 426//5
f 422//5 380//5 475//5
f 475//5 380//5 382//5
f 381//513 425//545 476//513
f 382//436 381//513 477//436
f 383//1353 427//1390 424//1353
f 384//1324 428//1324 478//1391
f 331//28 429//28 428//28
f 427//28 384//28 479//28
f 429//574 385//545 480//574
f 430//545 480//574 385//545
f 481//1355 386//1355 431//1354
f 334//1283 432//173 431//1354
f 388//1284 448//1284 432//1284
f 433//5 91//5 389//5
f 482//1356 433//1325 390//1356
f 390//1356 434//1392 482//1356
f 434//1392 391//1357 483//1392
f 484//1358 435//1357 338//1358
f 435//1357 483//1392 391//1357
f 393//5 91//5 485//5
f 396//1336 439//1393 440//1336
f 402//1360 347//1335 440//1394
f 397//1359 441//1361 439//1359
f 299//1337 443//1363 441//1361
f 486//1395 398//1396 442//1397
f 486//1395 443//1363 398//1364
f 444//28 4//28 487//28
f 399//1366 444//1398 488//1366
f 488//1366 445//1365 399//1366
f 445//1365 489//1399 349//1365
f 401//1400 400//1400 490//1401
f 491//28 400//28 446//28
f 446//1399 349//1365 489//1399
f 445//5 401//5 489//5
f 445//5 488//5 45//5
f 403//1402 402//1360 440//1394
f 447//1403 403//1402 492//1404
f 471//481 448//404 377//481
f 354//1284 448//1284 388//1284
f 369//1405 405//1406 493//1407
f 405//1406 449//1408 494//1409
f 449//1369 406//1343 495//1410
f 496//1411 406//1343 407//1347
f 497//28 407//28 408//28
f 450//28 358//28 498//28
f 408//1344 450//1370 499//1412
f 451//28 260//28 453//28
f 451//1381 413//1381 409//1380
f 500//28 358//28 452//28
f 409//1380 365//1380 452//1382
f 447//1367 455//1374 363//1311
f 360//1413 501//1414 454//1415
f 361//1371 454//1373 456//1376
f 360//1413 455//1416 501//1414
f 362//1375 456//1376 457//1378
f 411//1377 457//1378 502//1417
f 458//1379 364//1312 503//1418
f 458//5 504//5 412//5
f 318//5 459//5 505//5
f 504//5 459//5 412//5
f 503//5 364//5 460//5
f 413//1381 451//1381 415//1383
f 452//1382 414//1382 500//1419
f 461//1419 500//1419 414//1382
f 506//5 461//5 318//5
f 462//1384 460//469 368//1314
f 453//1383 415//1383 451//1381
f 462//1420 411//1377 502//1417
f 442//1362 369//1385 493//1421
f 416//1422 417//1386 507//1422
f 430//1423 416//1422 508//1423
f 509//1424 463//1425 370//1350
f 463//1386 507//1422 417//1386
f 464//1388 509//1424 370//1350
f 464//265 418//221 510//1426
f 466//143 465//183 371//143
f 467//93 466//143 419//93
f 511//221 418//221 465//183
f 386//1355 481//1355 467//1427
f 512//28 4//28 468//28
f 420//28 513//28 468//28
f 514//1389 420//1389 469//1389
f 514//5 469//5 45//5
f 470//5 422//5 515//5
f 423//516 470//515 516//516
f 516//516 471//481 423//516
f 472//1390 424//1353 427//1390
f 379//5 474//5 473//5
f 425//545 473//574 517//545
f 426//1352 518//1428 474//1352
f 472//5 519//5 426//5
f 515//5 422//5 475//5
f 475//514 382//436 520//514
f 517//545 476//513 425//545
f 476//513 477//436 381//513
f 477//436 520//514 382//436
f 521//1429 478//1391 428//1324
f 384//28 478//28 522//28
f 429//28 523//28 428//28
f 479//28 384//28 524//28
f 427//1390 479//1430 472//1390
f 480//574 525//602 429//574
f 480//1431 430//1423 526//1431
f 431//1354 527//212 481//294
f 527//212 431//1354 432//173
f 448//1284 471//1284 432//1284
f 482//5 91//5 433//5
f 483//1392 482//1356 434//1392
f 484//5 91//5 435//5
f 435//5 91//5 483//5
f 393//5 485//5 530//5
f 485//5 91//5 528//5
f 531//1393 440//1336 439//1393
f 532//1432 439//1359 441//1361
f 441//1361 443//1363 532//1432
f 533//1433 486//1395 442//1397
f 443//1363 486//1395 534//1434
f 487//28 4//28 535//28
f 444//1398 487//1435 536//1398
f 536//1398 488//1366 444//1398
f 491//1401 490//1401 400//1400
f 490//5 489//5 401//5
f 537//28 491//28 446//28
f 446//1399 489//1399 538//900
f 488//5 536//5 45//5
f 403//1402 440//1394 531//1436
f 403//1402 531//1436 492//1404
f 455//1416 447//1403 492//1404
f 493//1407 405//1406 494//1409
f 494//1409 449//1408 539//1437
f 406//1343 496//1411 495//1410
f 449//1408 495//1438 539//1437
f 407//1347 540//469 496//1411
f 497//469 540//469 407//1347
f 541//28 497//28 408//28
f 358//28 542//28 498//28
f 543//28 450//28 498//28
f 499//28 450//28 543//28
f 408//1344 499//1412 541//1439
f 544//28 358//28 500//28
f 454//1440 501//1441 545//1442
f 456//1443 454//1440 546//1444
f 455//1416 547//1445 501//1414
f 457//1446 456//1443 548//1447
f 502//1448 457//1446 549//1449
f 458//1379 503//1418 550//1450
f 551//5 504//5 458//5
f 505//5 459//5 552//5
f 505//5 506//5 318//5
f 459//1451 504//1452 553//1453
f 554//5 503//5 460//5
f 500//1419 461//1419 544//1454
f 506//1454 544//1454 461//1419
f 555//469 460//469 462//1384
f 462//1420 502//1417 555//5
f 533//1433 442//1455 493//1456
f 507//1422 508//1423 416//1422
f 508//1423 526//1431 430//1423
f 509//1424 556//1457 463//1425
f 556//1457 507//1458 463//1425
f 464//1459 557//1460 509//1460
f 511//221 510//1426 418//221
f 464//265 510//1426 557//264
f 465//1461 466//1462 558//1461
f 467//1427 559//1427 466//1462
f 511//1463 465//1461 560//1463
f 559//1427 467//1427 481//1355
f 561//28 4//28 512//28
f 512//1464 468//1465 562//1464
f 513//28 563//28 468//28
f 420//1466 514//1466 513//1467
f 564//5 514//5 45//5
f 470//515 515//517 565//515
f 565//515 516//516 470//515
f 471//1284 516//1284 527//1284
f 473//5 474//5 566//5
f 567//574 517//545 473//574
f 568//1468 474//1352 518//1428
f 426//5 569//5 518//5
f 519//5 570//5 426//5
f 519//1430 472//1390 479//1430
f 515//517 475//514 571//517
f 520//514 571//517 475//514
f 476//1469 517//1470 572//1469
f 477//1471 476//1469 573//1471
f 477//1471 573//1471 520//1472
f 521//1429 574//1473 478//1391
f 428//28 523//28 521//28
f 522//28 478//28 575//28
f 576//28 384//28 522//28
f 523//602 429//574 525//602
f 524//28 384//28 577//28
f 524//1474 570//1474 479//1430
f 525//1475 480//1431 578//1475
f 526//1431 578//1475 480//1431
f 579//294 481//294 527//212
f 432//1284 471//1284 527//1284
f 483//5 91//5 482//5
f 529//5 91//5 484//5
f 484//5 580//5 529//5
f 530//5 485//5 581//5
f 528//5 91//5 529//5
f 528//5 581//5 485//5
f 439//1393 532//1432 531//1393
f 532//1432 443//1363 492//1476
f 486//1395 533//1433 582//1477
f 582//1477 534//1434 486//1395
f 534//1434 492//1476 443//1363
f 535//28 4//28 583//28
f 487//1435 535//1478 584//1435
f 584//1435 536//1398 487//1435
f 490//1401 491//1401 585//1479
f 585//5 489//5 490//5
f 537//1479 585//1479 491//1401
f 586//28 537//28 446//28
f 587//900 538//900 489//1399
f 538//28 588//28 446//28
f 536//5 584//5 45//5
f 492//1476 531//1393 532//1432
f 455//1416 492//1404 547//1445
f 589//1480 493//1456 494//1481
f 590//1482 494//1481 539//1483
f 495//1410 496//1411 591//1384
f 539//1437 495//1438 592//1484
f 591//1384 496//1411 540//469
f 540//469 497//469 593//593
f 594//28 497//28 541//28
f 542//28 595//28 498//28
f 542//28 358//28 544//28
f 543//1485 498//1486 596//1487
f 597//28 499//28 543//28
f 541//1439 499//1412 598//1488
f 545//1442 501//1489 582//1477
f 546//1444 454//1440 545//1442
f 548//1447 456//1443 546//1444
f 501//1489 547//1490 582//1477
f 549//1449 457//1446 548//1447
f 502//1448 549//1449 599//343
f 503//1418 600//1491 550//1450
f 550//5 551//5 458//5
f 504//1452 551//1492 553//1453
f 552//5 459//5 601//5
f 552//1493 595//1493 505//1494
f 505//1494 542//1494 506//1454
f 553//1453 602//1495 459//1451
f 600//5 503//5 554//5
f 460//469 555//469 554//593
f 544//1454 506//1454 542//1494
f 603//5 555//5 502//1417
f 589//1480 533//1433 493//1456
f 604//1496 508//1497 507//1458
f 605//1498 526//1499 508//1497
f 556//1500 509//1460 606//1500
f 556//1457 604//1496 507//1458
f 557//1460 606//1500 509//1460
f 510//1426 511//1463 607//1501
f 510//1426 607//1501 557//264
f 608//1462 558//1461 466//1462
f 558//1461 560//1463 465//1461
f 608//1462 466//1462 559//1427
f 560//1463 607//1501 511//1463
f 481//294 579//294 559//327
f 609//28 4//28 561//28
f 561//1502 512//1464 610//1502
f 564//1465 562//1464 468//1465
f 562//1464 610//1502 512//1464
f 563//28 611//28 468//28
f 513//1467 612//1467 563//1503
f 612//1467 513//1467 514//1466
f 514//5 564//5 612//5
f 562//5 564//5 45//5
f 571//517 565//515 515//517
f 516//1504 565//1504 613//1504
f 527//1284 516//1284 579//1284
f 474//5 568//5 566//5
f 473//574 566//602 567//574
f 517//1470 567//1505 614//1470
f 615//1506 568//1468 518//1428
f 569//5 616//5 518//5
f 617//5 569//5 426//5
f 570//5 618//5 426//5
f 519//1430 479//1430 570//1474
f 571//1507 520//1508 619//1507
f 614//1470 572//1469 517//1470
f 572//1469 573//1471 476//1469
f 573//1509 620//1510 520//1508
f 478//28 574//28 621//28
f 574//1473 521//1429 622//1511
f 523//28 623//28 521//28
f 575//28 478//28 624//28
f 575//1512 616//1512 522//1513
f 577//28 384//28 576//28
f 522//1513 569//1513 576//1514
f 525//602 625//1515 523//602
f 577//1516 618//1516 524//1474
f 570//1474 524//1474 618//1516
f 578//1475 626//1517 525//1475
f 627//1518 578//1519 526//1499
f 528//5 529//5 581//5
f 581//5 529//5 580//5
f 545//1442 582//1477 533//1433
f 582//1477 547//1520 534//1434
f 534//1434 547//1520 492//1476
f 583//28 4//28 628//28
f 535//1478 583//1521 629//1478
f 629//1478 584//1435 535//1478
f 630//5 489//5 585//5
f 585//1479 537//1479 630//1522
f 586//1522 630//1522 537//1479
f 631//28 586//28 446//28
f 538//900 587//900 632//905
f 587//5 489//5 633//5
f 588//28 634//28 446//28
f 632//28 588//28 538//28
f 584//5 629//5 45//5
f 590//1482 589//1480 494//1481
f 635//1523 590//1482 539//1483
f 495//1438 591//1524 592//1484
f 635//1523 539//1483 592//1448
f 591//1524 540//28 592//1484
f 594//593 593//593 497//469
f 593//28 592//1484 540//28
f 636//28 594//28 541//28
f 595//28 637//28 498//28
f 542//1494 505//1494 595//1493
f 596//1487 498//1486 638//1525
f 597//1526 543//1485 596//1487
f 598//28 499//28 597//28
f 636//1527 541//1439 598//1488
f 546//1444 545//1442 589//1480
f 548//1447 546//1444 590//1482
f 549//1449 548//1447 635//1523
f 635//1523 599//343 549//1449
f 599//5 603//5 502//1417
f 550//1450 600//1491 639//1528
f 640//5 551//5 550//5
f 553//1453 551//1492 641//1529
f 459//5 642//5 601//5
f 601//1530 637//1530 552//1493
f 595//1493 552//1493 637//1530
f 642//1495 459//1451 602//1495
f 553//5 643//5 602//5
f 644//5 600//5 554//5
f 603//593 554//593 555//469
f 533//1433 589//1480 545//1442
f 604//1496 605//1498 508//1497
f 605//1498 627//1518 526//1499
f 606//1500 645//1531 556//1500
f 604//1531 556//1500 645//1531
f 606//303 557//264 646//303
f 607//1501 647//399 557//264
f 608//355 613//355 558//397
f 558//397 648//397 560//444
f 559//327 649//327 608//355
f 560//444 619//444 607//1501
f 649//327 559//327 579//294
f 650//28 4//28 609//28
f 609//1532 561//1502 651//1532
f 610//1502 651//1532 561//1502
f 564//1465 468//1465 652//1533
f 610//5 562//5 45//5
f 611//28 653//28 468//28
f 563//1503 654//1503 611//1534
f 654//1503 563//1503 612//1467
f 612//5 564//5 654//5
f 565//1535 571//1535 648//1535
f 648//1504 613//1504 565//1504
f 613//1284 649//1284 516//1284
f 579//1284 516//1284 649//1284
f 566//5 568//5 655//5
f 656//602 567//574 566//602
f 657//1505 614//1470 567//1505
f 568//1468 615//1506 658//1536
f 518//5 659//5 615//5
f 616//5 660//5 518//5
f 569//1513 522//1513 616//1512
f 617//1514 576//1514 569//1513
f 618//5 617//5 426//5
f 647//1537 619//1507 520//1508
f 619//1535 648//1535 571//1535
f 614//1538 661//1539 572//1540
f 572//1540 662//1541 573//1509
f 620//1510 647//1537 520//1508
f 662//1541 620//1510 573//1509
f 663//28 621//28 574//28
f 664//28 478//28 621//28
f 665//1542 622//1511 521//1429
f 574//28 622//28 666//28
f 521//28 623//28 665//28
f 623//1543 523//602 625//1515
f 624//28 478//28 664//28
f 624//1544 660//1544 575//1512
f 616//1512 575//1512 660//1544
f 576//1514 617//1514 577//1516
f 625//1515 525//1475 626//1517
f 618//1516 577//1516 617//1514
f 667//1545 626//1546 578//1519
f 627//1518 667//1545 578//1519
f 628//28 4//28 668//28
f 583//1521 628//1051 669//1521
f 669//1521 629//1478 583//1521
f 670//5 489//5 630//5
f 630//1522 586//1522 670//1547
f 631//1547 670//1547 586//1522
f 671//28 631//28 446//28
f 672//905 632//905 587//900
f 633//5 489//5 673//5
f 672//5 587//5 633//5
f 634//28 674//28 446//28
f 634//1548 588//1549 673//1548
f 675//28 588//28 632//28
f 629//5 669//5 45//5
f 589//1480 590//1482 546//1444
f 590//1482 635//1523 548//1447
f 592//1448 599//343 635//1523
f 593//593 594//593 676//644
f 677//28 592//1484 593//28
f 678//28 594//28 636//28
f 498//28 637//28 679//28
f 679//1525 638//1525 498//1486
f 596//28 638//28 680//28
f 597//1526 596//1487 681//1550
f 682//28 598//28 597//28
f 636//1527 598//1488 683//1551
f 684//5 603//5 599//5
f 600//1491 644//1552 639//1528
f 639//5 640//5 550//5
f 551//1492 640//1553 641//1529
f 641//5 685//5 553//5
f 601//5 642//5 686//5
f 637//1530 601//1530 687//1554
f 602//1495 688//1555 642//1495
f 643//5 689//5 602//5
f 685//5 643//5 553//5
f 690//5 644//5 554//5
f 554//593 603//593 690//644
f 605//1556 604//1531 691//1556
f 627//1557 605//1556 692//1557
f 645//309 606//303 693//309
f 645//1531 691//1556 604//1531
f 694//264 646//303 557//264
f 646//303 693//309 606//303
f 694//264 557//264 647//399
f 647//399 607//1501 619//444
f 648//397 558//397 613//355
f 613//355 608//355 649//327
f 619//444 560//444 648//397
f 668//28 4//28 650//28
f 650//1558 609//1532 695//1558
f 651//1532 695//1558 609//1532
f 651//5 610//5 45//5
f 696//1533 652//1533 468//1465
f 564//5 652//5 697//5
f 653//28 698//28 468//28
f 611//1534 699//1534 653//1559
f 699//1534 611//1534 654//1503
f 654//5 564//5 699//5
f 568//5 700//5 655//5
f 566//602 655//1543 656//602
f 567//1505 656//1560 657//1505
f 657//1561 701//1562 614//1538
f 615//5 702//5 658//5
f 658//1536 700//1563 568//1468
f 703//5 615//5 659//5
f 704//5 659//5 518//5
f 660//5 704//5 518//5
f 661//1539 662//1541 572//1540
f 701//1562 661//1539 614//1538
f 620//1564 694//1564 647//1565
f 662//1566 646//1566 620//1564
f 663//1567 703//1567 621//1568
f 663//28 574//28 705//28
f 621//1568 659//1568 664//1569
f 622//1511 665//1542 706//1570
f 666//28 622//28 707//28
f 705//28 574//28 666//28
f 623//28 708//28 665//28
f 623//1543 625//1515 708//588
f 664//1569 704//1569 624//1544
f 660//1544 624//1544 704//1569
f 626//1517 708//588 625//1515
f 626//1546 667//1545 709//28
f 667//1571 627//1557 710//1572
f 628//1051 668//1573 711//1051
f 711//1051 669//1521 628//1051
f 712//5 489//5 670//5
f 670//1547 631//1547 712//1574
f 671//1574 712//1574 631//1547
f 713//28 671//28 446//28
f 632//905 672//905 675//869
f 673//5 489//5 714//5
f 633//1549 673//1548 588//1549
f 715//5 672//5 633//5
f 674//28 716//28 446//28
f 674//1575 634//1548 714//1575
f 673//1548 714//1575 634//1548
f 717//28 588//28 675//28
f 669//5 711//5 45//5
f 677//343 599//343 592//1448
f 718//644 676//644 594//593
f 676//28 677//28 593//28
f 718//28 594//28 678//28
f 678//1576 636//1527 683//1551
f 637//28 687//28 679//28
f 638//1525 679//1525 719//1577
f 680//28 638//28 720//28
f 721//28 596//28 680//28
f 681//28 596//28 721//28
f 682//1578 597//1526 681//1550
f 683//28 598//28 682//28
f 684//644 690//644 603//593
f 722//5 684//5 599//5
f 639//1528 644//1552 723//1579
f 724//5 640//5 639//5
f 640//1553 725//1580 641//1529
f 726//5 685//5 641//5
f 686//5 642//5 727//5
f 686//1554 687//1554 601//1530
f 728//1555 642//1495 688//1555
f 602//5 689//5 688//5
f 643//680 729//680 689//679
f 685//681 730//681 643//680
f 731//5 644//5 690//5
f 691//1556 692//1557 605//1556
f 692//1557 710//1572 627//1557
f 693//309 732//358 645//309
f 691//358 645//309 732//358
f 694//1564 620//1564 646//1566
f 646//1566 662//1566 693//1581
f 668//1573 650//1558 733//1573
f 695//1558 733//1573 650//1558
f 695//5 651//5 45//5
f 652//1533 696//1533 734//824
f 468//28 735//28 696//28
f 652//5 734//5 697//5
f 736//5 564//5 697//5
f 698//28 737//28 468//28
f 653//1559 738//1559 698//1582
f 738//1559 653//1559 699//1534
f 699//5 564//5 738//5
f 655//5 700//5 739//5
f 740//1583 656//602 655//1543
f 741//1560 657//1505 656//1560
f 742//1584 701//1562 657//1561
f 702//5 743//5 658//5
f 744//5 702//5 615//5
f 700//1563 658//1536 745//1585
f 703//5 744//5 615//5
f 659//1568 621//1568 703//1567
f 704//1569 664//1569 659//1568
f 661//1581 693//1581 662//1566
f 701//1586 732//1586 661//1581
f 703//1567 663//1567 746//1587
f 747//28 663//28 705//28
f 748//1588 706//1570 665//1542
f 622//28 706//28 707//28
f 666//1589 707//1590 749//1591
f 666//1589 749//1591 705//1592
f 665//28 708//28 748//28
f 709//588 708//588 626//1517
f 709//28 667//1545 750//28
f 667//1571 710//1572 751//559
f 733//1573 711//1051 668//1573
f 752//5 489//5 712//5
f 712//1574 671//1574 752//1593
f 713//1593 752//1593 671//1574
f 753//28 713//28 446//28
f 715//869 675//869 672//905
f 714//5 489//5 754//5
f 588//1549 755//1594 633//1549
f 756//5 715//5 633//5
f 716//28 757//28 446//28
f 674//1575 714//1575 716//1595
f 758//28 588//28 717//28
f 675//869 715//869 717//842
f 711//5 733//5 45//5
f 599//343 677//343 759//462
f 676//644 718//644 760//700
f 760//28 677//28 676//28
f 761//28 718//28 678//28
f 678//1576 683//1551 762//1596
f 687//28 763//28 679//28
f 764//1577 719//1577 679//1525
f 638//28 719//28 720//28
f 720//679 765//679 680//680
f 680//680 766//680 721//681
f 767//28 681//28 721//28
f 768//1597 682//1578 681//1550
f 769//28 683//28 682//28
f 690//644 684//644 770//700
f 722//700 770//700 684//644
f 759//5 722//5 599//5
f 644//1552 731//1598 723//1579
f 723//5 724//5 639//5
f 640//1553 724//1599 725//1580
f 725//5 726//5 641//5
f 726//710 771//710 685//681
f 727//5 642//5 772//5
f 727//1600 763//1600 686//1554
f 687//1554 686//1554 763//1600
f 642//5 728//5 773//5
f 688//1555 774//1601 728//1555
f 689//5 775//5 688//5
f 776//679 689//679 729//680
f 729//680 643//680 730//681
f 730//681 685//681 771//710
f 770//5 731//5 690//5
f 692//402 691//358 777//402
f 710//1572 692//402 778//1602
f 693//1581 661//1581 732//1586
f 732//358 777//402 691//358
f 733//5 695//5 45//5
f 779//824 734//824 696//1533
f 696//28 735//28 779//28
f 780//28 735//28 468//28
f 734//5 781//5 697//5
f 782//5 564//5 736//5
f 736//1603 697//1604 780//1603
f 737//28 783//28 468//28
f 698//1582 784//1582 737//1605
f 784//1582 698//1582 738//1559
f 738//5 564//5 784//5
f 700//5 785//5 739//5
f 739//588 786//588 655//1543
f 656//1560 740//1583 741//1560
f 655//1543 786//588 740//1583
f 741//1606 742//1584 657//1561
f 742//1607 777//1607 701//1586
f 658//5 743//5 745//5
f 743//1608 702//1609 787//1610
f 787//1610 702//1609 744//1611
f 745//1585 785//1612 700//1563
f 746//5 744//5 703//5
f 732//1586 701//1586 777//1607
f 747//1587 746//1587 663//1567
f 788//28 747//28 705//28
f 706//1570 748//1588 789//1613
f 707//28 706//28 790//28
f 707//1590 791//1614 749//1591
f 749//1591 792//1615 705//1592
f 748//28 708//28 793//28
f 708//588 709//588 794//666
f 750//28 667//1545 795//28
f 750//666 794//666 709//588
f 778//1602 751//559 710//1572
f 667//1545 751//28 795//28
f 796//5 489//5 752//5
f 752//1593 713//1593 796//1616
f 753//1616 796//1616 713//1593
f 757//28 753//28 446//28
f 754//5 489//5 797//5
f 754//1595 716//1595 714//1575
f 798//1594 633//1549 755//1594
f 755//28 588//28 799//28
f 756//842 717//842 715//869
f 800//5 756//5 633//5
f 716//1595 754//1595 757//1617
f 801//28 588//28 758//28
f 717//842 756//842 758//803
f 802//462 759//462 677//343
f 803//700 760//700 718//644
f 802//28 677//28 760//28
f 803//28 718//28 761//28
f 761//1618 678//1576 762//1596
f 762//28 683//28 769//28
f 763//28 804//28 679//28
f 719//1577 764//1577 805//1619
f 679//28 806//28 764//28
f 720//28 719//28 807//28
f 766//680 680//680 765//679
f 720//679 807//678 765//679
f 808//681 721//681 766//680
f 768//28 681//28 767//28
f 721//681 808//681 767//710
f 769//1620 682//1578 768//1597
f 770//700 722//700 809//749
f 810//5 722//5 759//5
f 723//1579 731//1598 811//1621
f 812//5 724//5 723//5
f 724//1599 813//1622 725//1580
f 813//5 726//5 725//5
f 771//710 726//710 814//760
f 772//5 642//5 815//5
f 772//1623 804//1623 727//1600
f 763//1600 727//1600 804//1623
f 773//5 728//5 816//5
f 815//5 642//5 773//5
f 817//1601 728//1555 774//1601
f 688//5 775//5 774//5
f 775//678 689//679 818//678
f 776//679 818//678 689//679
f 729//5 819//5 776//5
f 730//5 820//5 729//5
f 771//5 821//5 730//5
f 822//5 731//5 770//5
f 777//402 778//1602 692//402
f 734//824 779//824 781//790
f 779//28 735//28 823//28
f 735//1604 780//1603 697//1604
f 824//28 780//28 468//28
f 781//5 825//5 697//5
f 826//5 564//5 782//5
f 736//1603 780//1603 782//1624
f 783//28 827//28 468//28
f 737//1605 828//1605 783//1625
f 828//1605 737//1605 784//1582
f 784//5 564//5 828//5
f 785//5 829//5 739//5
f 786//588 739//588 830//666
f 831//1626 741//1560 740//1583
f 831//1626 740//1583 786//588
f 832//1627 742//1584 741//1606
f 777//1607 742//1607 778//1602
f 743//5 833//5 745//5
f 834//1628 743//1608 787//1610
f 787//1610 744//1611 835//1629
f 785//1612 745//1585 836//1630
f 837//5 744//5 746//5
f 746//1587 747//1587 837//1631
f 788//1631 837//1631 747//1587
f 838//28 788//28 705//28
f 748//1588 793//1632 789//1613
f 706//28 789//28 790//28
f 707//1590 790//1633 791//1614
f 749//28 791//28 839//28
f 840//1615 705//1592 792//1615
f 792//28 749//28 841//28
f 708//28 794//28 793//28
f 795//720 842//720 750//666
f 794//666 750//666 842//720
f 751//559 778//1602 843//559
f 795//28 751//28 844//28
f 797//5 489//5 796//5
f 796//1616 753//1616 797//1617
f 757//1617 797//1617 753//1616
f 797//1617 757//1617 754//1595
f 798//5 845//5 633//5
f 755//1594 846//1634 798//1594
f 799//28 588//28 847//28
f 846//28 755//28 799//28
f 800//803 758//803 756//842
f 848//5 800//5 633//5
f 849//28 588//28 801//28
f 758//803 800//803 801//769
f 759//462 802//462 850//536
f 760//700 803//700 851//749
f 851//28 802//28 760//28
f 852//28 803//28 761//28
f 761//1618 762//1596 853//1635
f 854//28 762//28 769//28
f 804//28 855//28 679//28
f 856//1619 805//1619 764//1577
f 719//28 805//28 807//28
f 806//28 857//28 764//28
f 855//28 806//28 679//28
f 766//28 765//28 858//28
f 859//678 765//679 807//678
f 808//28 766//28 860//28
f 861//28 768//28 767//28
f 862//710 767//710 808//681
f 861//1636 769//1620 768//1597
f 810//749 809//749 722//700
f 809//5 822//5 770//5
f 850//5 810//5 759//5
f 731//1598 822//1637 811//1621
f 811//5 812//5 723//5
f 724//1599 812//1638 813//1622
f 863//5 726//5 813//5
f 863//760 814//760 726//710
f 814//5 864//5 771//5
f 815//1639 855//1639 772//1623
f 804//1623 772//1623 855//1639
f 816//5 728//5 865//5
f 816//1640 857//1640 773//1641
f 773//1641 806//1641 815//1639
f 728//5 817//5 865//5
f 774//1601 866//1642 817//1601
f 775//5 867//5 774//5
f 818//678 868//677 775//678
f 776//5 869//5 818//5
f 819//5 869//5 776//5
f 820//5 819//5 729//5
f 821//5 820//5 730//5
f 864//5 821//5 771//5
f 823//790 781//790 779//824
f 823//28 735//28 870//28
f 697//1604 871//1643 735//1604
f 824//1624 782//1624 780//1603
f 827//28 824//28 468//28
f 825//5 872//5 697//5
f 781//790 823//790 825//748
f 873//5 564//5 826//5
f 782//1624 824//1624 826//1644
f 783//1625 873//1625 827//1644
f 873//1625 783//1625 828//1605
f 828//5 564//5 873//5
f 739//5 829//5 874//5
f 829//1645 785//1612 836//1630
f 874//666 830//666 739//588
f 786//5 830//5 832//1627
f 831//1646 832//1627 741//1606
f 831//1646 786//5 832//1627
f 832//1647 778//1602 742//1607
f 745//5 833//5 836//5
f 833//1648 743//1608 834//1628
f 787//5 875//5 834//5
f 876//1629 835//1629 744//1611
f 835//5 877//5 787//5
f 878//5 744//5 837//5
f 837//1631 788//1631 878//1649
f 838//1649 878//1649 788//1631
f 840//28 838//28 705//28
f 789//1613 793//1632 879//1650
f 790//28 789//28 880//28
f 790//1633 881//1651 791//1614
f 839//28 791//28 882//28
f 841//28 749//28 839//28
f 792//1615 883//1652 840//1615
f 884//28 792//28 841//28
f 793//28 794//28 885//28
f 842//720 795//720 886//784
f 794//28 842//28 885//28
f 832//1647 843//559 778//1602
f 751//559 843//559 887//617
f 751//28 887//28 844//28
f 844//784 886//784 795//720
f 845//5 888//5 633//5
f 889//5 845//5 798//5
f 889//1634 798//1594 846//1634
f 847//28 588//28 849//28
f 799//1653 847//1654 890//1653
f 891//28 846//28 799//28
f 848//769 801//769 800//803
f 892//5 848//5 633//5
f 801//28 893//28 849//28
f 894//536 850//536 802//462
f 895//749 851//749 803//700
f 894//28 802//28 851//28
f 895//28 803//28 852//28
f 852//1655 761//1618 853//1635
f 853//28 762//28 854//28
f 854//1656 769//1620 861//1636
f 805//1619 856//1619 896//1657
f 764//28 897//28 856//28
f 807//28 805//28 898//28
f 857//28 897//28 764//28
f 806//1641 773//1641 857//1640
f 855//1639 815//1639 806//1641
f 858//28 765//28 899//28
f 860//28 766//28 858//28
f 765//28 859//28 899//28
f 807//678 898//677 859//678
f 900//28 808//28 860//28
f 901//28 861//28 767//28
f 767//710 862//710 901//760
f 862//28 808//28 900//28
f 809//749 810//749 902//825
f 903//5 822//5 809//5
f 904//5 810//5 850//5
f 811//1621 822//1637 905//1658
f 906//5 812//5 811//5
f 812//1638 907//1659 813//1622
f 907//5 863//5 813//5
f 814//760 863//760 908//836
f 908//5 864//5 814//5
f 865//1660 897//1660 816//1640
f 857//1640 816//1640 897//1660
f 865//5 817//5 909//5
f 910//1642 817//1601 866//1642
f 774//5 867//5 866//5
f 867//677 775//678 868//677
f 818//5 911//5 868//5
f 869//5 911//5 818//5
f 869//653 819//623 899//653
f 819//623 820//571 858//623
f 821//572 900//572 820//571
f 864//573 912//573 821//572
f 870//28 735//28 913//28
f 870//748 825//748 823//790
f 914//1643 735//1604 871//1643
f 697//5 915//5 871//5
f 827//1644 826//1644 824//1624
f 872//5 916//5 697//5
f 825//748 870//748 872//723
f 826//1644 827//1644 873//1625
f 829//5 917//5 874//5
f 829//1645 836//1630 918//1661
f 830//666 874//666 919//720
f 830//5 919//5 832//1627
f 833//5 920//5 836//5
f 921//1662 833//1648 834//1628
f 875//5 922//5 834//5
f 877//5 875//5 787//5
f 835//1629 876//1629 923//1663
f 876//5 744//5 878//5
f 924//5 877//5 835//5
f 878//1649 838//1649 925//1664
f 926//28 838//28 840//28
f 793//1632 885//1665 879//1650
f 789//28 879//28 880//28
f 790//1633 880//1666 881//1651
f 791//28 881//28 882//28
f 882//847 927//847 839//809
f 839//809 928//809 841//808
f 929//1652 840//1615 883//1652
f 883//28 792//28 884//28
f 884//810 841//808 930//810
f 842//28 886//28 931//28
f 885//28 842//28 931//28
f 832//1627 919//5 843//5
f 932//617 887//617 843//559
f 844//28 887//28 933//28
f 886//784 844//784 934//851
f 888//5 892//5 633//5
f 845//1667 935//1667 888//1668
f 936//5 845//5 889//5
f 846//1634 891//1669 889//1634
f 847//1654 849//1670 937//1654
f 937//1654 890//1653 847//1654
f 890//1653 938//1671 799//1653
f 939//28 891//28 799//28
f 801//769 848//769 893//735
f 848//5 892//5 940//5
f 893//28 941//28 849//28
f 850//536 894//536 942//594
f 851//749 895//749 943//825
f 943//28 894//28 851//28
f 944//28 895//28 852//28
f 852//1655 853//1635 945//1672
f 946//28 853//28 854//28
f 947//1673 854//1656 861//1636
f 948//1657 896//1657 856//1619
f 805//28 896//28 898//28
f 897//28 949//28 856//28
f 858//623 899//653 819//623
f 860//571 858//623 820//571
f 899//28 859//28 950//28
f 951//677 859//678 898//677
f 860//571 820//571 900//572
f 947//28 861//28 901//28
f 952//760 901//760 862//710
f 912//28 862//28 900//28
f 904//825 902//825 810//749
f 902//5 953//5 809//5
f 954//1674 822//1674 903//1674
f 953//5 903//5 809//5
f 942//5 904//5 850//5
f 905//1658 822//1637 954//1675
f 905//5 906//5 811//5
f 812//1638 906//1676 907//1659
f 955//5 863//5 907//5
f 955//836 908//836 863//760
f 956//5 864//5 908//5
f 897//1660 865//1660 949//1677
f 909//5 817//5 957//5
f 909//1677 949//1677 865//1660
f 817//5 910//5 958//5
f 866//1642 959//1678 910//1642
f 867//5 960//5 866//5
f 868//677 961//709 867//677
f 911//5 962//5 868//5
f 911//708 869//653 950//708
f 899//653 950//708 869//653
f 900//572 821//572 912//573
f 912//573 864//573 963//599
f 913//28 735//28 964//28
f 913//723 872//723 870//748
f 735//28 914//28 965//28
f 871//1643 966//1679 914//1643
f 871//5 915//5 966//5
f 916//5 915//5 697//5
f 967//5 916//5 872//5
f 874//5 917//5 968//5
f 917//1680 829//1645 918//1661
f 836//5 920//5 918//5
f 968//720 919//720 874//666
f 920//1681 833//1648 921//1662
f 834//5 922//5 921//5
f 875//809 969//809 922//847
f 877//808 970//808 875//809
f 971//1663 923//1663 876//1629
f 923//5 924//5 835//5
f 925//5 876//5 878//5
f 877//808 924//810 970//808
f 926//1664 925//1664 838//1649
f 972//28 926//28 840//28
f 879//1650 885//1665 973//1682
f 880//28 879//28 974//28
f 880//1666 975//1683 881//1651
f 881//28 975//28 882//28
f 928//809 839//809 927//847
f 927//847 882//847 976//875
f 977//808 841//808 928//809
f 929//28 978//28 840//28
f 883//1652 979//1684 929//1652
f 980//28 883//28 884//28
f 977//808 930//810 841//808
f 930//810 981//811 884//810
f 931//28 886//28 982//28
f 885//1665 931//1685 973//1682
f 919//5 983//5 843//5
f 887//617 932//617 984//641
f 843//5 983//5 932//5
f 887//28 984//28 933//28
f 933//851 934//851 844//784
f 886//28 934//28 985//28
f 892//1686 888//1668 986//1686
f 987//1668 888//1668 935//1667
f 845//1667 988//1678 935//1667
f 989//5 845//5 936//5
f 936//1669 889//1634 891//1669
f 990//1670 937//1654 849//1670
f 890//28 937//28 991//28
f 992//1671 799//1653 938//1671
f 938//28 890//28 993//28
f 891//1669 939//1687 936//1669
f 992//28 939//28 799//28
f 940//735 893//735 848//769
f 940//5 892//5 994//5
f 941//28 995//28 849//28
f 893//735 940//735 941//682
f 996//594 942//594 894//536
f 997//825 943//825 895//749
f 996//28 894//28 943//28
f 998//28 895//28 944//28
f 852//1688 999//1688 944//1688
f 945//28 853//28 946//28
f 852//1655 945//1672 999//1689
f 946//1690 854//1656 947//1673
f 896//1657 948//1657 938//1671
f 856//28 1000//28 948//28
f 898//28 896//28 993//28
f 949//28 1001//28 856//28
f 859//28 951//28 950//28
f 898//677 993//709 951//677
f 1002//28 947//28 901//28
f 901//760 952//760 1002//836
f 952//28 862//28 912//28
f 902//825 904//825 1003//887
f 1004//5 953//5 902//5
f 954//1691 903//1692 1005//1692
f 1006//1693 903//1693 953//1693
f 1007//5 904//5 942//5
f 954//5 1008//5 905//5
f 1008//5 906//5 905//5
f 906//1676 1008//1694 907//1659
f 1009//5 955//5 907//5
f 908//836 955//836 1010//898
f 956//599 963//599 864//573
f 1010//5 956//5 908//5
f 957//5 817//5 958//5
f 957//1695 1001//1695 909//1677
f 949//1677 909//1677 1001//1695
f 958//5 910//5 1011//5
f 988//1678 910//1642 959//1678
f 866//5 960//5 959//5
f 960//709 867//677 961//709
f 868//5 962//5 961//5
f 962//763 911//708 1012//763
f 950//708 1012//763 911//708
f 963//28 1013//28 912//28
f 964//28 735//28 965//28
f 1014//28 913//28 964//28
f 872//723 913//723 967//699
f 914//28 1015//28 965//28
f 1015//1679 914//1643 966//1679
f 966//5 915//5 1016//5
f 915//1696 916//1697 1017//1696
f 1018//5 916//5 967//5
f 917//5 1019//5 968//5
f 917//1680 918//1661 1020//1698
f 920//5 1021//5 918//5
f 919//720 968//720 983//784
f 1022//1699 920//1681 921//1662
f 921//5 922//5 1022//5
f 1023//847 922//847 969//809
f 969//809 875//809 970//808
f 923//1663 971//1663 1024//1700
f 971//5 876//5 1025//5
f 1026//5 924//5 923//5
f 1027//5 876//5 925//5
f 1028//810 970//808 924//810
f 925//1664 926//1664 1027//1701
f 972//1701 1027//1701 926//1664
f 1029//28 972//28 840//28
f 879//28 973//28 974//28
f 880//1666 974//1702 975//1683
f 882//28 975//28 1030//28
f 928//28 927//28 1031//28
f 1030//875 976//875 882//847
f 927//28 976//28 1032//28
f 977//28 928//28 1033//28
f 978//28 1034//28 840//28
f 1035//28 978//28 929//28
f 1036//1684 929//1652 979//1684
f 979//28 883//28 980//28
f 980//811 884//810 981//811
f 930//28 977//28 1037//28
f 981//28 930//28 1038//28
f 982//28 886//28 985//28
f 982//1703 1039//1703 931//1703
f 973//1682 931//1685 1040//1704
f 1041//641 984//641 932//617
f 983//5 1042//5 932//5
f 933//28 984//28 1043//28
f 934//851 933//851 1044//916
f 985//28 934//28 1045//28
f 987//1668 986//1686 888//1668
f 892//1686 986//1686 1046//1705
f 935//5 1047//5 987//5
f 959//1678 935//1667 988//1678
f 988//5 845//5 989//5
f 989//1687 936//1669 939//1687
f 937//28 990//28 1048//28
f 849//1670 1049//1706 990//1670
f 991//28 937//28 1048//28
f 993//28 890//28 991//28
f 992//1671 938//1671 948//1657
f 896//28 938//28 993//28
f 1050//28 939//28 992//28
f 994//5 892//5 1051//5
f 994//682 941//682 940//735
f 995//28 1052//28 849//28
f 941//682 994//682 995//655
f 942//594 996//594 1053//625
f 943//825 997//825 1054//887
f 997//28 895//28 998//28
f 1054//28 996//28 943//28
f 944//1707 1055//1707 998//1707
f 944//1708 999//1709 1056//1708
f 1057//28 945//28 946//28
f 999//28 945//28 1057//28
f 1057//1710 946//1690 947//1673
f 1000//28 1058//28 948//28
f 1001//28 1000//28 856//28
f 950//28 951//28 1012//28
f 1059//709 951//677 993//709
f 1060//28 947//28 1002//28
f 1013//836 1002//836 952//760
f 1013//28 952//28 912//28
f 1007//887 1003//887 904//825
f 1003//5 1061//5 902//5
f 1062//1711 953//1712 1004//1713
f 1061//5 1004//5 902//5
f 1005//1692 903//1692 1006//1714
f 1005//5 1063//5 954//5
f 1006//1715 953//1715 1064//1715
f 1065//5 1007//5 942//5
f 1063//5 1008//5 954//5
f 907//1716 1008//1716 1009//1716
f 1066//5 955//5 1009//5
f 1066//898 1010//898 955//836
f 963//599 956//599 1067//628
f 1068//5 956//5 1010//5
f 958//1717 1000//1717 957//1695
f 1001//1695 957//1695 1000//1717
f 1011//5 910//5 1069//5
f 1011//1718 1058//1718 958//1717
f 910//5 988//5 1070//5
f 959//5 960//5 935//5
f 960//709 961//709 1047//734
f 961//5 962//5 1071//5
f 1012//763 1072//789 962//763
f 1073//28 1013//28 963//28
f 964//1719 965//1720 1074//1719
f 1014//699 967//699 913//723
f 1075//28 1014//28 964//28
f 1015//28 1076//28 965//28
f 966//1679 1016//1721 1015//1679
f 1016//5 915//5 1077//5
f 1078//1697 1017//1696 916//1697
f 1017//1696 1079//1722 915//1696
f 1018//5 1080//5 916//5
f 967//699 1014//699 1018//643
f 968//5 1019//5 1081//5
f 1019//1723 917//1680 1020//1698
f 918//5 1021//5 1020//5
f 1021//1724 920//1681 1022//1699
f 1081//784 983//784 968//720
f 922//5 1082//5 1022//5
f 922//847 1023//847 1082//875
f 969//5 1083//5 1023//5
f 970//5 1084//5 969//5
f 1085//1700 1024//1700 971//1663
f 1024//5 1026//5 923//5
f 1025//5 876//5 1086//5
f 1087//5 971//5 1025//5
f 924//810 1026//811 1028//810
f 1088//5 876//5 1027//5
f 1028//5 1089//5 970//5
f 1027//1701 972//1701 1088//1725
f 1029//1725 1088//1725 972//1701
f 1034//28 1029//28 840//28
f 974//28 973//28 1090//28
f 974//1702 1091//1726 975//1683
f 975//28 1091//28 1030//28
f 1031//28 927//28 1032//28
f 1033//28 928//28 1031//28
f 976//875 1030//875 1092//944
f 976//28 1092//28 1032//28
f 1037//28 977//28 1033//28
f 978//1727 1025//1727 1034//1728
f 1035//1729 1087//1729 978//1727
f 1093//28 1035//28 929//28
f 1036//28 1093//28 929//28
f 979//1684 1094//1730 1036//1684
f 1095//28 979//28 980//28
f 981//811 1096//813 980//811
f 1038//28 930//28 1037//28
f 1097//28 981//28 1038//28
f 985//1731 1098//1731 982//1731
f 1040//1704 931//1685 1039//1732
f 1039//1733 982//1734 1099//1734
f 973//28 1040//28 1090//28
f 984//641 1041//641 1100//665
f 932//5 1042//5 1041//5
f 983//784 1081//784 1042//851
f 1043//28 984//28 1101//28
f 1043//916 1044//916 933//851
f 934//28 1044//28 1102//28
f 1045//28 934//28 1102//28
f 1045//1735 1103//1736 985//1737
f 987//5 1104//5 986//5
f 1105//1705 1046//1705 986//1686
f 892//5 1046//5 1106//5
f 1047//5 1104//5 987//5
f 960//5 1047//5 935//5
f 1107//5 988//5 989//5
f 939//1687 1050//1738 989//1687
f 1048//28 990//28 1108//28
f 1109//1706 990//1670 1049//1706
f 849//28 1110//28 1049//28
f 991//734 1048//764 1111//734
f 993//709 991//734 1059//709
f 948//28 1112//28 992//28
f 1113//28 1050//28 992//28
f 1051//5 892//5 1114//5
f 1051//655 995//655 994//682
f 1052//28 1115//28 849//28
f 995//655 1051//655 1052//630
f 1116//625 1053//625 996//594
f 1053//5 1065//5 942//5
f 1117//887 1054//887 997//825
f 1118//28 997//28 998//28
f 1119//28 996//28 1054//28
f 998//1739 1055//1739 1120//1739
f 944//1708 1056//1708 1055//1740
f 1056//28 999//28 1121//28
f 1121//28 999//28 1057//28
f 1057//1741 947//1741 1060//1741
f 1058//28 1122//28 948//28
f 1000//1717 958//1717 1058//1718
f 951//28 1059//28 1012//28
f 1123//28 1060//28 1002//28
f 1002//836 1013//836 1123//898
f 1003//887 1007//887 1124//956
f 1125//5 1061//5 1003//5
f 1064//1742 953//1742 1062//1742
f 1062//1711 1004//1713 1061//1743
f 1006//5 1126//5 1005//5
f 1126//5 1063//5 1005//5
f 1064//5 1127//5 1006//5
f 1065//956 1124//956 1007//887
f 1008//1744 1063//1744 1009//1744
f 1128//5 1066//5 1009//5
f 1010//898 1066//898 1129//963
f 1068//628 1067//628 956//599
f 1067//28 1073//28 963//28
f 1129//5 1068//5 1010//5
f 1069//5 910//5 1130//5
f 1069//1745 1122//1745 1011//1718
f 1058//1718 1011//1718 1122//1745
f 1070//5 988//5 1131//5
f 1132//5 910//5 1070//5
f 1071//734 1047//734 961//709
f 962//5 1133//5 1071//5
f 1133//789 962//763 1072//789
f 1012//28 1111//28 1072//28
f 1073//898 1123//898 1013//836
f 1134//1720 1074//1719 965//1720
f 964//1719 1074//1719 1135//1746
f 1075//643 1018//643 1014//699
f 1075//28 964//28 1136//28
f 1076//28 1137//28 965//28
f 1076//1721 1015//1679 1016//1721
f 915//5 1138//5 1077//5
f 1016//1721 1077//1747 1076//1721
f 1078//5 1139//5 1017//5
f 916//1697 1140//1748 1078//1697
f 1138//1722 915//1696 1079//1722
f 1017//5 1141//5 1079//5
f 1142//5 916//5 1080//5
f 1018//643 1075//643 1080//620
f 1019//5 1143//5 1081//5
f 1019//1723 1020//1698 1144//1749
f 1021//5 1145//5 1020//5
f 1146//1750 1021//1724 1022//1699
f 1022//5 1082//5 1146//5
f 1147//875 1082//875 1023//847
f 1083//5 1148//5 1023//5
f 1084//5 1083//5 969//5
f 1089//5 1084//5 970//5
f 1024//1700 1085//1700 1149//1751
f 1085//5 971//5 1150//5
f 1151//5 1026//5 1024//5
f 1086//5 876//5 1088//5
f 1086//1728 1034//1728 1025//1727
f 1150//5 971//5 1087//5
f 1025//1727 978//1727 1087//1729
f 1152//811 1028//810 1026//811
f 1153//5 1089//5 1028//5
f 1088//1725 1029//1725 1086//1728
f 1034//1728 1086//1728 1029//1725
f 974//1702 1090//1752 1091//1726
f 1030//28 1091//28 1154//28
f 1032//689 1148//689 1031//691
f 1033//692 1031//691 1084//692
f 1154//944 1092//944 1030//875
f 1032//28 1092//28 1155//28
f 1037//718 1033//692 1089//718
f 1087//1729 1035//1729 1150//1753
f 1093//1753 1150//1753 1035//1729
f 1156//28 1093//28 1036//28
f 1157//1730 1036//1684 1094//1730
f 1094//28 979//28 1095//28
f 1095//813 980//811 1096//813
f 1096//28 981//28 1097//28
f 1038//779 1037//718 1153//779
f 1038//779 1153//779 1097//850
f 1099//1734 982//1734 1098//1754
f 1098//1755 985//1755 1158//1755
f 1040//28 1039//28 1159//28
f 1039//28 1099//28 1160//28
f 1090//28 1040//28 1159//28
f 1161//665 1100//665 1041//641
f 984//28 1100//28 1101//28
f 1042//5 1162//5 1041//5
f 1163//851 1042//851 1081//784
f 1101//974 1164//974 1043//916
f 1044//916 1043//916 1164//974
f 1102//28 1044//28 1165//28
f 1045//1735 1102//1756 1103//1736
f 1158//1757 985//1757 1103//1757
f 1104//5 1166//5 986//5
f 1105//1705 1167//1758 1046//1705
f 986//5 1166//5 1105//5
f 1046//5 1168//5 1106//5
f 1169//5 892//5 1106//5
f 1104//764 1047//734 1170//764
f 1131//5 988//5 1107//5
f 1107//1738 989//1687 1050//1738
f 990//28 1109//28 1108//28
f 1048//764 1108//840 1171//764
f 1049//1706 1172//1759 1109//1706
f 1049//28 1110//28 1172//28
f 1115//28 1110//28 849//28
f 1171//764 1111//734 1048//764
f 1111//734 1059//709 991//734
f 1112//28 1113//28 992//28
f 1173//28 1112//28 948//28
f 1050//1738 1113//1760 1107//1738
f 1114//5 892//5 1169//5
f 1114//630 1052//630 1051//655
f 1052//630 1114//630 1115//576
f 1053//625 1116//625 1174//672
f 1116//28 996//28 1119//28
f 1175//5 1065//5 1053//5
f 1054//887 1117//887 1119//956
f 1117//28 997//28 1176//28
f 1176//28 997//28 1118//28
f 998//1761 1177//1762 1118//1763
f 1120//28 1055//28 1178//28
f 998//1764 1120//1764 1177//1764
f 1055//28 1056//28 1179//28
f 1179//28 1056//28 1121//28
f 1121//1765 1057//1765 1060//1765
f 1122//28 1180//28 948//28
f 1059//28 1111//28 1012//28
f 1181//28 1060//28 1123//28
f 1124//5 1182//5 1003//5
f 1061//1743 1125//1766 1062//1711
f 1183//5 1125//5 1003//5
f 1062//5 1184//5 1064//5
f 1127//5 1126//5 1006//5
f 1063//1767 1126//1768 1128//1768
f 1184//5 1127//5 1064//5
f 1124//956 1065//956 1185//1003
f 1009//1769 1063//1769 1128//1769
f 1186//5 1066//5 1128//5
f 1187//963 1129//963 1066//898
f 1067//628 1068//628 1188//675
f 1189//28 1073//28 1067//28
f 1190//5 1068//5 1129//5
f 1130//5 910//5 1132//5
f 1130//1770 1180//1770 1069//1745
f 1122//1745 1069//1745 1180//1770
f 1070//1771 1131//1760 1112//1771
f 1132//1772 1070//1771 1173//1772
f 1071//734 1170//764 1047//734
f 1071//5 1133//5 1170//5
f 1072//789 1191//821 1133//789
f 1111//28 1171//28 1072//28
f 1123//898 1073//898 1192//963
f 1074//28 1134//28 1193//28
f 1134//1720 965//1720 1194//1773
f 1195//1746 1135//1746 1074//1719
f 1135//28 1196//28 964//28
f 1136//28 964//28 1197//28
f 1136//620 1080//620 1075//643
f 965//28 1137//28 1198//28
f 1137//1747 1076//1721 1077//1747
f 1077//5 1138//5 1199//5
f 1139//5 1141//5 1017//5
f 1200//5 1139//5 1078//5
f 1201//1748 1078//1697 1140//1748
f 1140//5 916//5 1202//5
f 1079//1722 1149//1751 1138//1722
f 1079//5 1141//5 1149//5
f 1203//5 916//5 1142//5
f 1080//620 1136//620 1142//592
f 1143//5 1204//5 1081//5
f 1205//1774 1143//1774 1019//1774
f 1020//5 1145//5 1144//5
f 1019//1723 1144//1749 1205//1775
f 1145//1776 1021//1724 1146//1750
f 1082//5 1206//5 1146//5
f 1082//875 1147//875 1206//944
f 1023//5 1148//5 1147//5
f 1083//691 1031//691 1148//689
f 1083//691 1084//692 1031//691
f 1084//692 1089//718 1033//692
f 1207//1751 1149//1751 1085//1700
f 1149//5 1151//5 1024//5
f 1208//5 1085//5 1150//5
f 1026//811 1151//813 1152//811
f 1152//5 1153//5 1028//5
f 1089//718 1153//779 1037//718
f 1090//1752 1159//1777 1091//1726
f 1091//28 1209//28 1154//28
f 1148//689 1032//689 1210//690
f 1092//944 1154//944 1211//991
f 1092//28 1211//28 1155//28
f 1155//690 1210//690 1032//689
f 1150//1753 1093//1753 1208//1778
f 1156//1778 1208//1778 1093//1753
f 1212//28 1156//28 1036//28
f 1157//28 1213//28 1036//28
f 1094//1730 1194//1773 1157//1730
f 1214//28 1094//28 1095//28
f 1095//813 1096//813 1214//814
f 1215//28 1096//28 1097//28
f 1216//850 1097//850 1153//779
f 1099//28 1098//28 1217//28
f 1098//28 1158//28 1218//28
f 1159//28 1039//28 1160//28
f 1160//28 1099//28 1217//28
f 1100//665 1161//665 1219//693
f 1041//5 1220//5 1161//5
f 1101//28 1100//28 1221//28
f 1162//5 1220//5 1041//5
f 1042//851 1163//851 1162//916
f 1081//5 1204//5 1163//5
f 1164//974 1101//974 1222//1010
f 1044//28 1164//28 1223//28
f 1165//28 1044//28 1224//28
f 1102//1756 1165//1779 1103//1736
f 1158//28 1103//28 1225//28
f 1104//764 1170//764 1166//840
f 1168//1758 1046//1705 1167//1758
f 1105//5 1226//5 1167//5
f 1166//5 1226//5 1105//5
f 1168//5 1227//5 1106//5
f 1106//1780 1110//1780 1169//576
f 1131//1760 1107//1738 1113//1760
f 1108//28 1109//28 1228//28
f 1229//840 1171//764 1108//840
f 1230//1759 1109//1706 1172//1759
f 1172//28 1110//28 1231//28
f 1115//576 1169//576 1110//1780
f 1113//1760 1112//1771 1131//1760
f 1112//1771 1173//1772 1070//1771
f 1180//28 1173//28 948//28
f 1169//576 1115//576 1114//630
f 1232//672 1174//672 1116//625
f 1174//5 1233//5 1053//5
f 1234//28 1116//28 1119//28
f 1175//1003 1185//1003 1065//956
f 1233//5 1175//5 1053//5
f 1235//956 1119//956 1117//887
f 1236//28 1117//28 1176//28
f 1118//1763 1177//1762 1176//1781
f 1178//28 1055//28 1179//28
f 1237//28 1120//28 1178//28
f 1177//28 1120//28 1237//28
f 1179//1782 1121//1783 1181//1782
f 1121//1784 1060//1784 1181//1784
f 1238//28 1181//28 1123//28
f 1003//5 1182//5 1239//5
f 1240//5 1182//5 1124//5
f 1125//1766 1183//1785 1062//1711
f 1239//5 1183//5 1003//5
f 1241//5 1184//5 1062//5
f 1126//1768 1127//1786 1128//1768
f 1127//1787 1184//1787 1186//1787
f 1185//5 1240//5 1124//5
f 1187//5 1066//5 1186//5
f 1128//1788 1127//1788 1186//1788
f 1129//963 1187//963 1242//1006
f 1190//675 1188//675 1068//628
f 1188//28 1189//28 1067//28
f 1189//963 1192//963 1073//898
f 1242//5 1190//5 1129//5
f 1130//1770 1132//1772 1180//1770
f 1173//1772 1180//1770 1132//1772
f 1133//5 1243//5 1170//5
f 1243//821 1133//789 1191//821
f 1072//28 1171//28 1191//28
f 1192//28 1238//28 1123//28
f 1193//28 1134//28 1214//28
f 1244//28 1074//28 1193//28
f 1198//1773 1194//1773 965//1720
f 1134//28 1194//28 1214//28
f 1195//1746 1245//1789 1135//1746
f 1195//28 1074//28 1244//28
f 1246//28 964//28 1196//28
f 1247//28 1196//28 1135//28
f 1197//28 964//28 1248//28
f 1197//592 1142//592 1136//620
f 1137//28 1249//28 1198//28
f 1077//1747 1199//1790 1137//1747
f 1199//5 1138//5 1250//5
f 1141//814 1139//877 1251//814
f 1139//877 1200//912 1252//877
f 1201//5 1200//5 1078//5
f 1140//1748 1253//1791 1201//1748
f 1202//5 916//5 1254//5
f 1255//5 1140//5 1202//5
f 1207//1751 1138//1722 1149//1751
f 1141//5 1151//5 1149//5
f 1256//5 916//5 1203//5
f 1142//592 1197//592 1203//564
f 1257//1792 1204//1792 1143//1792
f 1143//1793 1205//1794 1258//1793
f 1145//5 1259//5 1144//5
f 1144//5 1259//5 1205//5
f 1259//1795 1145//1776 1146//1750
f 1146//5 1206//5 1260//5
f 1261//944 1206//944 1147//875
f 1147//5 1148//5 1261//5
f 1207//5 1085//5 1262//5
f 1263//5 1085//5 1208//5
f 1264//813 1152//811 1151//813
f 1216//5 1153//5 1152//5
f 1159//1796 1209//1796 1091//1796
f 1154//28 1209//28 1265//28
f 1148//5 1210//5 1261//5
f 1265//991 1211//991 1154//944
f 1155//28 1211//28 1266//28
f 1210//690 1155//690 1267//716
f 1208//1778 1156//1778 1263//1797
f 1212//1797 1263//1797 1156//1778
f 1213//28 1212//28 1036//28
f 1268//28 1213//28 1157//28
f 1198//1773 1157//1730 1194//1773
f 1194//28 1094//28 1214//28
f 1269//814 1214//814 1096//813
f 1269//28 1096//28 1215//28
f 1215//866 1097//850 1270//866
f 1216//850 1270//866 1097//850
f 1217//28 1098//28 1218//28
f 1218//28 1158//28 1225//28
f 1159//1798 1160//1798 1209//1798
f 1160//1799 1217//1800 1271//1800
f 1272//693 1219//693 1161//665
f 1100//28 1219//28 1273//28
f 1220//5 1274//5 1161//5
f 1221//28 1100//28 1273//28
f 1221//1010 1222//1010 1101//974
f 1162//916 1275//916 1220//974
f 1275//916 1162//916 1163//851
f 1204//5 1276//5 1163//5
f 1164//28 1222//28 1277//28
f 1223//28 1164//28 1278//28
f 1224//28 1044//28 1223//28
f 1165//1779 1224//1801 1103//1736
f 1225//28 1103//28 1279//28
f 1280//840 1166//840 1170//764
f 1167//1758 1281//1802 1168//1758
f 1226//5 1282//5 1167//5
f 1226//899 1166//840 1283//899
f 1106//5 1227//5 1284//5
f 1227//1802 1168//1758 1281//1802
f 1110//1803 1106//1803 1285//1804
f 1109//28 1230//28 1228//28
f 1108//840 1228//899 1229//840
f 1171//28 1229//28 1191//28
f 1172//1759 1231//1805 1230//1759
f 1110//28 1285//28 1231//28
f 1174//672 1232//672 1286//727
f 1232//28 1116//28 1287//28
f 1288//5 1233//5 1174//5
f 1287//28 1116//28 1234//28
f 1119//956 1235//956 1234//1003
f 1185//1003 1175//1003 1289//1036
f 1233//1036 1289//1036 1175//1003
f 1235//28 1117//28 1290//28
f 1291//28 1117//28 1236//28
f 1236//1806 1176//1781 1177//1762
f 1178//1807 1179//1782 1181//1782
f 1237//1808 1178//1808 1238//1808
f 1292//28 1177//28 1237//28
f 1178//1809 1181//1809 1238//1809
f 1239//5 1182//5 1293//5
f 1240//1019 1294//1019 1182//1006
f 1183//1785 1239//1810 1062//1711
f 1184//1811 1241//1811 1186//1811
f 1241//1812 1062//1711 1293//1813
f 1295//5 1240//5 1185//5
f 1296//5 1187//5 1186//5
f 1182//1006 1242//1006 1187//963
f 1188//675 1190//675 1297//732
f 1298//28 1189//28 1188//28
f 1192//963 1189//963 1290//1006
f 1294//5 1190//5 1242//5
f 1170//5 1243//5 1280//5
f 1191//821 1299//883 1243//821
f 1300//28 1238//28 1192//28
f 1193//877 1214//814 1301//877
f 1193//877 1301//877 1244//912
f 1302//1789 1135//1746 1245//1789
f 1245//28 1195//28 1303//28
f 1303//28 1195//28 1244//28
f 1304//28 964//28 1246//28
f 1196//1814 1202//1814 1246//410
f 1196//1815 1247//1816 1202//1815
f 1302//28 1247//28 1135//28
f 1248//28 964//28 1304//28
f 1248//564 1203//564 1197//592
f 1249//28 1305//28 1198//28
f 1249//1790 1137//1747 1199//1790
f 1250//5 1138//5 1306//5
f 1199//1790 1250//1817 1249//1790
f 1252//877 1251//814 1139//877
f 1251//814 1264//813 1141//814
f 1307//912 1252//877 1200//912
f 1308//5 1200//5 1201//5
f 1309//1791 1201//1748 1253//1791
f 1253//5 1140//5 1255//5
f 1254//5 916//5 1256//5
f 1254//410 1246//410 1202//1814
f 1255//1816 1202//1815 1247//1816
f 1138//5 1207//5 1306//5
f 1151//813 1141//814 1264//813
f 1203//564 1248//564 1256//503
f 1204//1818 1257//1818 1310//1818
f 1143//1793 1258//1793 1257//1819
f 1205//5 1311//5 1258//5
f 1259//5 1311//5 1205//5
f 1260//1820 1259//1820 1146//1820
f 1206//5 1312//5 1260//5
f 1206//944 1261//944 1312//991
f 1262//5 1085//5 1263//5
f 1313//5 1207//5 1262//5
f 1264//5 1216//5 1152//5
f 1209//28 1271//28 1265//28
f 1261//5 1210//5 1314//5
f 1211//991 1265//991 1315//1028
f 1211//28 1315//28 1266//28
f 1266//716 1267//716 1155//690
f 1210//5 1267//5 1314//5
f 1263//1797 1212//1797 1262//1821
f 1213//1821 1262//1821 1212//1797
f 1268//1822 1313//1822 1213//1821
f 1316//28 1268//28 1157//28
f 1198//28 1317//28 1157//28
f 1269//814 1301//877 1214//814
f 1301//28 1269//28 1215//28
f 1215//866 1270//866 1318//867
f 1270//5 1216//5 1264//5
f 1217//1800 1218//1823 1271//1800
f 1218//1824 1225//1824 1319//1824
f 1160//1825 1271//1825 1209//1825
f 1219//693 1272//693 1320//745
f 1161//5 1321//5 1272//5
f 1273//28 1219//28 1322//28
f 1274//5 1321//5 1161//5
f 1220//974 1323//974 1274//1010
f 1273//1044 1324//1044 1221//1010
f 1222//1010 1221//1010 1324//1044
f 1323//974 1220//974 1275//916
f 1163//5 1325//5 1275//5
f 1276//5 1325//5 1163//5
f 1326//1826 1276//1827 1204//1828
f 1277//28 1222//28 1327//28
f 1328//28 1164//28 1277//28
f 1328//28 1278//28 1164//28
f 1223//1829 1278//1830 1103//1736
f 1224//1801 1223//1829 1103//1736
f 1103//28 1329//28 1279//28
f 1225//1831 1279//1831 1319//1831
f 1280//840 1283//899 1166//840
f 1167//5 1282//5 1281//5
f 1282//964 1226//899 1330//964
f 1283//899 1330//964 1226//899
f 1227//5 1331//5 1284//5
f 1284//1804 1285//1804 1106//1803
f 1281//1802 1332//1832 1227//1802
f 1228//28 1230//28 1333//28
f 1334//899 1229//840 1228//899
f 1191//28 1229//28 1299//28
f 1335//1805 1230//1759 1231//1805
f 1231//28 1285//28 1336//28
f 1337//727 1286//727 1232//672
f 1286//5 1338//5 1174//5
f 1339//28 1232//28 1287//28
f 1288//1060 1340//1060 1233//1036
f 1338//5 1288//5 1174//5
f 1234//1003 1341//1003 1287//1036
f 1341//1003 1234//1003 1235//956
f 1289//5 1295//5 1185//5
f 1289//1036 1233//1036 1340//1060
f 1117//28 1342//28 1290//28
f 1343//28 1235//28 1290//28
f 1344//28 1117//28 1291//28
f 1291//1833 1236//1806 1177//1762
f 1292//1834 1237//1834 1238//1834
f 1292//1835 1342//1836 1177//1762
f 1293//5 1182//5 1345//5
f 1239//1810 1293//1813 1062//1711
f 1242//1006 1182//1006 1294//1019
f 1294//1019 1240//1019 1346//1037
f 1186//1837 1241//1812 1296//1838
f 1241//1812 1293//1813 1345//1839
f 1295//1037 1346//1037 1240//1019
f 1347//5 1187//5 1296//5
f 1182//5 1187//5 1347//5
f 1348//732 1297//732 1190//675
f 1297//28 1349//28 1188//28
f 1298//1006 1290//1006 1189//963
f 1349//28 1298//28 1188//28
f 1290//28 1350//28 1192//28
f 1348//5 1190//5 1294//5
f 1243//5 1351//5 1280//5
f 1351//883 1243//821 1299//883
f 1292//1835 1238//1840 1300//1841
f 1350//28 1300//28 1192//28
f 1352//912 1244//912 1301//877
f 1245//1789 1353//1842 1302//1789
f 1354//28 1245//28 1303//28
f 1303//973 1244//912 1355//973
f 1246//410 1254//410 1304//503
f 1356//28 1247//28 1302//28
f 1304//503 1256//503 1248//564
f 1305//28 1317//28 1198//28
f 1305//1817 1249//1790 1250//1817
f 1250//1817 1306//1843 1305//1817
f 1252//5 1270//5 1251//5
f 1251//5 1270//5 1264//5
f 1307//5 1357//5 1252//5
f 1200//912 1308//973 1307//912
f 1309//5 1308//5 1201//5
f 1253//1791 1358//1844 1309//1791
f 1358//5 1253//5 1255//5
f 1256//503 1304//503 1254//410
f 1247//1816 1359//1845 1255//1816
f 1306//5 1207//5 1360//5
f 1257//5 1361//5 1310//5
f 1204//1846 1310//1846 1326//1846
f 1258//5 1362//5 1257//5
f 1311//5 1362//5 1258//5
f 1311//1847 1259//1847 1260//1847
f 1260//5 1312//5 1363//5
f 1314//991 1312//991 1261//944
f 1364//5 1207//5 1313//5
f 1262//1821 1213//1821 1313//1822
f 1271//28 1319//28 1265//28
f 1365//1028 1315//1028 1265//991
f 1266//28 1315//28 1366//28
f 1267//716 1266//716 1367//774
f 1314//5 1267//5 1368//5
f 1313//1822 1268//1822 1364//1848
f 1316//1848 1364//1848 1268//1822
f 1369//28 1316//28 1157//28
f 1317//28 1370//28 1157//28
f 1318//28 1301//28 1215//28
f 1357//867 1318//867 1270//866
f 1218//1849 1319//1849 1271//1849
f 1371//745 1320//745 1272//693
f 1219//28 1320//28 1372//28
f 1321//5 1373//5 1272//5
f 1322//28 1219//28 1372//28
f 1322//1062 1374//1062 1273//1044
f 1274//1010 1375//1010 1321//1044
f 1375//1010 1274//1010 1323//974
f 1324//1044 1273//1044 1374//1062
f 1222//28 1324//28 1327//28
f 1275//5 1376//5 1323//5
f 1325//5 1377//5 1275//5
f 1325//1850 1276//1827 1326//1826
f 1327//1058 1378//1058 1277//1057
f 1379//28 1328//28 1277//28
f 1278//1830 1328//1851 1329//1830
f 1329//1830 1103//1736 1278//1830
f 1380//28 1279//28 1329//28
f 1279//1852 1381//1852 1319//1852
f 1280//5 1351//5 1283//5
f 1282//5 1382//5 1281//5
f 1330//964 1383//1000 1282//964
f 1283//5 1384//5 1330//5
f 1284//5 1331//5 1385//5
f 1331//1832 1227//1802 1332//1832
f 1284//1804 1385//1853 1285//1804
f 1281//5 1382//5 1332//5
f 1230//28 1335//28 1333//28
f 1228//899 1333//964 1334//899
f 1229//28 1334//28 1299//28
f 1231//1805 1336//1854 1335//1805
f 1285//28 1386//28 1336//28
f 1286//727 1337//727 1387//794
f 1337//28 1232//28 1388//28
f 1389//5 1338//5 1286//5
f 1388//28 1232//28 1339//28
f 1287//1036 1390//1036 1339//1060
f 1340//1060 1288//1060 1391//1065
f 1338//1065 1391//1065 1288//1060
f 1390//1036 1287//1036 1341//1003
f 1341//28 1235//28 1343//28
f 1392//5 1295//5 1289//5
f 1340//5 1392//5 1289//5
f 1342//28 1393//28 1290//28
f 1342//28 1117//28 1344//28
f 1290//1006 1298//1006 1343//1019
f 1344//1855 1291//1833 1177//1762
f 1344//1855 1177//1762 1342//1836
f 1342//1836 1292//1835 1393//1856
f 1345//5 1182//5 1394//5
f 1346//5 1348//5 1294//5
f 1296//1838 1241//1812 1347//1857
f 1241//1812 1345//1839 1394//1858
f 1346//1037 1295//1037 1395//1061
f 1394//5 1182//5 1347//5
f 1297//732 1348//732 1396//798
f 1397//28 1349//28 1297//28
f 1349//1019 1343//1019 1298//1006
f 1398//28 1350//28 1290//28
f 1299//883 1399//924 1351//883
f 1292//1835 1300//1841 1350//1859
f 1352//912 1355//973 1244//912
f 1352//28 1301//28 1318//28
f 1356//1842 1302//1789 1353//1842
f 1353//28 1245//28 1354//28
f 1354//1009 1303//973 1400//1009
f 1355//973 1400//1009 1303//973
f 1401//28 1247//28 1356//28
f 1317//1843 1305//1817 1306//1843
f 1357//5 1270//5 1252//5
f 1402//5 1357//5 1307//5
f 1403//973 1307//912 1308//973
f 1404//5 1308//5 1309//5
f 1405//1844 1309//1791 1358//1844
f 1406//5 1358//5 1255//5
f 1407//1845 1255//1816 1359//1845
f 1359//28 1247//28 1401//28
f 1360//5 1207//5 1408//5
f 1306//1843 1360//1860 1317//1843
f 1361//5 1409//5 1310//5
f 1362//5 1361//5 1257//5
f 1310//5 1409//5 1326//5
f 1362//1861 1311//1862 1363//1861
f 1363//1863 1311//1863 1260//1863
f 1363//5 1312//5 1410//5
f 1312//991 1314//991 1411//1028
f 1408//5 1207//5 1364//5
f 1265//28 1319//28 1365//28
f 1315//1028 1365//1028 1412//1048
f 1315//28 1412//28 1366//28
f 1366//774 1367//774 1266//716
f 1267//5 1367//5 1368//5
f 1368//1028 1411//1028 1314//991
f 1316//1848 1369//1864 1364//1848
f 1370//28 1369//28 1157//28
f 1370//1860 1317//1843 1360//1860
f 1357//867 1402//938 1318//867
f 1320//745 1371//745 1413//817
f 1272//5 1414//5 1371//5
f 1372//28 1320//28 1415//28
f 1373//5 1414//5 1272//5
f 1321//1044 1416//1044 1373//1062
f 1372//1067 1417//1067 1322//1062
f 1374//1062 1322//1062 1417//1067
f 1416//1044 1321//1044 1375//1010
f 1323//5 1418//5 1375//5
f 1324//28 1374//28 1419//28
f 1327//28 1324//28 1419//28
f 1420//5 1323//5 1376//5
f 1421//5 1376//5 1275//5
f 1377//5 1421//5 1275//5
f 1377//1865 1325//1850 1326//1826
f 1422//1057 1277//1057 1378//1058
f 1378//1058 1327//1058 1423//1063
f 1380//1866 1328//1851 1379//1867
f 1424//28 1379//28 1277//28
f 1380//1866 1329//1830 1328//1851
f 1279//1868 1380//1868 1381//1868
f 1319//28 1381//28 1365//28
f 1351//5 1384//5 1283//5
f 1382//1000 1282//964 1383//1000
f 1330//5 1425//5 1383//5
f 1384//5 1425//5 1330//5
f 1385//5 1331//5 1426//5
f 1332//1832 1427//1869 1331//1832
f 1386//1853 1285//1804 1385//1853
f 1382//5 1428//5 1332//5
f 1333//28 1335//28 1429//28
f 1430//964 1334//899 1333//964
f 1299//28 1334//28 1399//28
f 1431//1854 1335//1805 1336//1854
f 1386//28 1432//28 1336//28
f 1433//794 1387//794 1337//727
f 1387//5 1434//5 1286//5
f 1435//28 1337//28 1388//28
f 1389//1069 1436//1069 1338//1065
f 1437//5 1389//5 1286//5
f 1339//1060 1438//1060 1388//1065
f 1438//1060 1339//1060 1390//1036
f 1391//5 1439//5 1340//5
f 1391//1065 1338//1065 1436//1069
f 1390//28 1341//28 1440//28
f 1440//28 1341//28 1343//28
f 1392//1061 1395//1061 1295//1037
f 1439//5 1392//5 1340//5
f 1393//28 1398//28 1290//28
f 1393//1856 1292//1835 1398//1870
f 1395//5 1348//5 1346//5
f 1241//1812 1394//1858 1347//1857
f 1441//798 1396//798 1348//732
f 1396//28 1442//28 1297//28
f 1397//1037 1440//1037 1349//1019
f 1442//28 1397//28 1297//28
f 1343//1019 1349//1019 1440//1037
f 1398//1870 1292//1835 1350//1859
f 1384//924 1351//883 1399//924
f 1355//28 1352//28 1443//28
f 1443//28 1352//28 1318//28
f 1353//1842 1444//1871 1356//1842
f 1445//28 1353//28 1354//28
f 1400//1009 1446//1023 1354//1009
f 1400//28 1355//28 1447//28
f 1401//1871 1356//1842 1444//1871
f 1403//5 1402//5 1307//5
f 1308//973 1404//1009 1403//973
f 1405//5 1404//5 1309//5
f 1358//1844 1406//1872 1405//1844
f 1407//5 1406//5 1255//5
f 1359//1845 1448//1873 1407//1845
f 1449//28 1359//28 1401//28
f 1360//1860 1408//1864 1370//1860
f 1409//1874 1361//1874 1410//1874
f 1361//1875 1362//1861 1363//1861
f 1409//5 1450//5 1326//5
f 1312//5 1411//5 1410//5
f 1410//1876 1361//1876 1363//1876
f 1408//1864 1364//1848 1369//1864
f 1424//1048 1412//1048 1365//1028
f 1412//28 1422//28 1366//28
f 1367//774 1366//774 1451//848
f 1368//5 1367//5 1452//5
f 1411//1028 1368//1028 1453//1048
f 1369//1864 1370//1860 1408//1864
f 1443//938 1318//867 1402//938
f 1454//817 1413//817 1371//745
f 1413//28 1455//28 1320//28
f 1414//5 1456//5 1371//5
f 1415//28 1320//28 1457//28
f 1415//1071 1458//1071 1372//1067
f 1373//1062 1459//1062 1414//1067
f 1459//1062 1373//1062 1416//1044
f 1417//1067 1372//1067 1458//1071
f 1374//28 1417//28 1460//28
f 1375//5 1461//5 1416//5
f 1418//5 1461//5 1375//5
f 1462//5 1418//5 1323//5
f 1419//28 1374//28 1460//28
f 1419//1063 1423//1063 1327//1058
f 1462//5 1323//5 1420//5
f 1376//1877 1326//1826 1420//1878
f 1376//1877 1421//1879 1326//1826
f 1421//1879 1377//1865 1326//1826
f 1277//1057 1422//1057 1424//1048
f 1422//28 1378//28 1463//28
f 1378//28 1423//28 1463//28
f 1380//1866 1379//1867 1464//1880
f 1464//28 1379//28 1424//28
f 1465//1881 1381//1882 1380//1866
f 1381//28 1465//28 1365//28
f 1383//1000 1466//1015 1382//1000
f 1425//5 1467//5 1383//5
f 1425//953 1384//924 1468//953
f 1331//5 1469//5 1426//5
f 1385//1853 1426//1883 1386//1853
f 1469//1869 1331//1832 1427//1869
f 1332//5 1428//5 1427//5
f 1428//1015 1382//1000 1466//1015
f 1335//28 1431//28 1429//28
f 1333//964 1429//1000 1430//964
f 1334//28 1430//28 1399//28
f 1336//1854 1470//1884 1431//1854
f 1336//28 1432//28 1470//28
f 1432//1883 1386//1853 1426//1883
f 1387//794 1433//794 1471//834
f 1433//28 1337//28 1472//28
f 1286//5 1434//5 1437//5
f 1473//5 1434//5 1387//5
f 1474//28 1337//28 1435//28
f 1388//1065 1475//1065 1435//1069
f 1436//1069 1389//1069 1476//1073
f 1437//1073 1476//1073 1389//1069
f 1475//1065 1388//1065 1438//1060
f 1438//28 1390//28 1477//28
f 1478//5 1439//5 1391//5
f 1436//5 1478//5 1391//5
f 1477//28 1390//28 1440//28
f 1395//1061 1392//1061 1479//1066
f 1439//1066 1479//1066 1392//1061
f 1441//5 1348//5 1395//5
f 1396//798 1441//798 1472//863
f 1480//28 1442//28 1396//28
f 1440//1037 1397//1037 1477//1061
f 1442//1061 1477//1061 1397//1037
f 1399//924 1468//953 1384//924
f 1447//28 1355//28 1443//28
f 1444//28 1353//28 1445//28
f 1445//1023 1354//1009 1446//1023
f 1446//28 1400//28 1481//28
f 1481//28 1400//28 1447//28
f 1444//1871 1482//1885 1401//1871
f 1483//5 1402//5 1403//5
f 1484//1009 1403//973 1404//1009
f 1485//5 1404//5 1405//5
f 1486//1872 1405//1844 1406//1872
f 1487//5 1406//5 1407//5
f 1488//1873 1407//1845 1448//1873
f 1448//28 1359//28 1449//28
f 1449//1885 1401//1871 1482//1885
f 1450//1886 1409//1886 1410//1886
f 1326//5 1450//5 1489//5
f 1410//5 1411//5 1490//5
f 1412//1048 1424//1048 1422//1057
f 1365//28 1465//28 1424//28
f 1366//28 1422//28 1463//28
f 1463//848 1451//848 1366//774
f 1367//5 1451//5 1491//5
f 1452//5 1367//5 1491//5
f 1452//1048 1453//1048 1368//1028
f 1411//5 1453//5 1492//5
f 1402//938 1483//966 1443//938
f 1413//817 1454//817 1493//852
f 1371//5 1494//5 1454//5
f 1457//28 1320//28 1455//28
f 1455//28 1413//28 1495//28
f 1456//5 1496//5 1371//5
f 1414//1067 1497//1067 1456//1071
f 1457//1075 1498//1075 1415//1071
f 1458//1071 1415//1071 1498//1075
f 1497//1067 1414//1067 1459//1062
f 1416//5 1499//5 1459//5
f 1417//28 1458//28 1500//28
f 1460//28 1417//28 1500//28
f 1461//5 1499//5 1416//5
f 1418//1057 1491//1057 1461//1058
f 1501//5 1418//5 1462//5
f 1460//1068 1502//1068 1419//1063
f 1423//1063 1419//1063 1502//1068
f 1420//1878 1489//1878 1462//1887
f 1489//1878 1420//1878 1326//1826
f 1463//28 1423//28 1503//28
f 1380//1866 1464//1880 1504//1888
f 1504//28 1464//28 1424//28
f 1504//1888 1465//1881 1380//1866
f 1383//5 1467//5 1466//5
f 1467//999 1425//953 1505//999
f 1468//953 1505//999 1425//953
f 1426//5 1469//5 1506//5
f 1427//1869 1507//1889 1469//1869
f 1428//5 1508//5 1427//5
f 1466//1015 1509//1034 1428//1015
f 1429//28 1431//28 1510//28
f 1511//1000 1430//964 1429//1000
f 1399//28 1430//28 1468//28
f 1512//1884 1431//1854 1470//1884
f 1432//28 1513//28 1470//28
f 1426//1883 1506//1890 1432//1883
f 1514//834 1471//834 1433//794
f 1471//5 1473//5 1387//5
f 1337//28 1515//28 1472//28
f 1516//28 1433//28 1472//28
f 1437//5 1434//5 1517//5
f 1473//893 1516//893 1434//863
f 1515//28 1337//28 1474//28
f 1435//1069 1518//1069 1474//1073
f 1518//1069 1435//1069 1475//1065
f 1476//5 1519//5 1436//5
f 1476//1073 1437//1073 1520//1077
f 1475//28 1438//28 1521//28
f 1521//28 1438//28 1477//28
f 1478//1070 1522//1070 1439//1066
f 1519//5 1478//5 1436//5
f 1479//5 1441//5 1395//5
f 1479//1066 1439//1066 1522//1070
f 1434//863 1472//863 1441//798
f 1472//28 1523//28 1396//28
f 1480//1066 1521//1066 1442//1061
f 1523//28 1480//28 1396//28
f 1477//1061 1442//1061 1521//1066
f 1447//966 1443//938 1483//966
f 1524//28 1444//28 1445//28
f 1446//1023 1525//1039 1445//1023
f 1526//28 1446//28 1481//28
f 1481//985 1447//966 1527//985
f 1482//28 1444//28 1524//28
f 1484//5 1483//5 1403//5
f 1404//1009 1485//1023 1484//1009
f 1486//5 1485//5 1405//5
f 1406//1872 1487//1891 1486//1872
f 1488//5 1487//5 1407//5
f 1448//1873 1528//1892 1488//1873
f 1528//28 1448//28 1449//28
f 1482//1885 1529//1893 1449//1885
f 1490//1894 1450//1894 1410//1894
f 1530//5 1489//5 1450//5
f 1490//5 1411//5 1492//5
f 1465//28 1504//28 1424//28
f 1451//848 1463//848 1531//909
f 1491//5 1451//5 1532//5
f 1491//1057 1418//1057 1452//1048
f 1453//1048 1452//1048 1418//1057
f 1492//5 1453//5 1533//5
f 1534//852 1493//852 1454//817
f 1413//28 1493//28 1535//28
f 1536//5 1454//5 1494//5
f 1496//5 1494//5 1371//5
f 1455//1078 1537//1078 1457//1075
f 1495//28 1413//28 1535//28
f 1495//1080 1538//1080 1455//1078
f 1456//1071 1539//1071 1496//1075
f 1539//1071 1456//1071 1497//1067
f 1498//1075 1457//1075 1537//1078
f 1458//28 1498//28 1540//28
f 1459//5 1541//5 1497//5
f 1499//5 1541//5 1459//5
f 1500//28 1458//28 1540//28
f 1500//1072 1542//1072 1460//1068
f 1461//1058 1532//1058 1499//1063
f 1532//1058 1461//1058 1491//1057
f 1453//5 1418//5 1501//5
f 1462//1887 1530//1895 1501//1896
f 1502//1068 1460//1068 1542//1072
f 1423//28 1502//28 1503//28
f 1530//1895 1462//1887 1489//1878
f 1503//909 1531//909 1463//848
f 1467//5 1543//5 1466//5
f 1505//999 1544//1017 1467//999
f 1468//28 1511//28 1505//28
f 1506//5 1469//5 1545//5
f 1546//1889 1469//1869 1507//1889
f 1427//5 1508//5 1507//5
f 1508//1034 1428//1015 1509//1034
f 1466//5 1543//5 1509//5
f 1431//28 1512//28 1510//28
f 1429//1000 1510//1015 1511//1000
f 1430//28 1511//28 1468//28
f 1470//1884 1547//1897 1512//1884
f 1513//28 1548//28 1470//28
f 1513//1890 1432//1883 1506//1890
f 1471//834 1514//834 1549//888
f 1514//28 1433//28 1516//28
f 1550//5 1473//5 1471//5
f 1515//28 1551//28 1472//28
f 1472//863 1434//863 1516//893
f 1517//5 1434//5 1552//5
f 1517//1077 1520//1077 1437//1073
f 1516//893 1473//893 1553//931
f 1474//1073 1554//1073 1515//1077
f 1554//1073 1474//1073 1518//1069
f 1518//28 1475//28 1555//28
f 1520//5 1519//5 1476//5
f 1555//28 1475//28 1521//28
f 1522//1070 1478//1070 1552//1074
f 1519//1074 1552//1074 1478//1070
f 1522//5 1441//5 1479//5
f 1434//5 1441//5 1522//5
f 1551//28 1523//28 1472//28
f 1521//1066 1480//1066 1555//1070
f 1523//1070 1555//1070 1480//1066
f 1483//966 1527//985 1447//966
f 1524//1039 1445//1023 1525//1039
f 1525//28 1446//28 1526//28
f 1526//1022 1481//985 1556//1022
f 1527//985 1556//1022 1481//985
f 1557//28 1482//28 1524//28
f 1527//5 1483//5 1484//5
f 1558//1023 1484//1009 1485//1023
f 1559//5 1485//5 1486//5
f 1560//1891 1486//1872 1487//1891
f 1561//5 1487//5 1488//5
f 1561//1892 1488//1873 1528//1892
f 1562//28 1528//28 1449//28
f 1562//1893 1449//1885 1529//1893
f 1529//28 1482//28 1557//28
f 1530//1898 1450//1898 1490//1898
f 1490//1899 1492//1900 1530//1895
f 1451//5 1531//5 1563//5
f 1532//5 1451//5 1563//5
f 1533//5 1453//5 1564//5
f 1492//1900 1533//1901 1530//1895
f 1493//852 1534//852 1565//917
f 1454//5 1566//5 1534//5
f 1535//28 1493//28 1567//28
f 1536//5 1566//5 1454//5
f 1494//1078 1568//1078 1536//1080
f 1496//1075 1569//1075 1494//1078
f 1537//1078 1455//1078 1538//1080
f 1570//28 1495//28 1535//28
f 1538//1080 1495//1080 1571//1079
f 1569//1075 1496//1075 1539//1071
f 1497//5 1572//5 1539//5
f 1537//28 1538//28 1498//28
f 1540//28 1498//28 1571//28
f 1541//5 1572//5 1497//5
f 1499//1063 1563//1063 1541//1068
f 1540//1076 1573//1076 1500//1072
f 1542//1072 1500//1072 1573//1076
f 1563//1063 1499//1063 1532//1058
f 1564//5 1453//5 1501//5
f 1501//1896 1530//1895 1564//1902
f 1502//28 1542//28 1503//28
f 1531//909 1503//909 1574//971
f 1543//1017 1467//999 1544//1017
f 1505//28 1575//28 1544//28
f 1511//28 1575//28 1505//28
f 1469//5 1546//5 1545//5
f 1506//1890 1545//1903 1513//1890
f 1507//1889 1576//1904 1546//1889
f 1507//5 1508//5 1576//5
f 1509//1034 1577//11 1508//1034
f 1509//5 1543//5 1577//5
f 1510//28 1512//28 1578//28
f 1575//1015 1511//1000 1510//1015
f 1579//1897 1512//1884 1547//1897
f 1470//28 1548//28 1547//28
f 1548//1903 1513//1890 1545//1903
f 1580//888 1549//888 1514//834
f 1549//5 1550//5 1471//5
f 1553//28 1514//28 1516//28
f 1550//931 1553//931 1473//893
f 1515//1077 1581//1077 1551//1074
f 1552//5 1434//5 1522//5
f 1552//1074 1519//1074 1517//1077
f 1520//1077 1517//1077 1519//1074
f 1581//1077 1515//1077 1554//1073
f 1554//28 1518//28 1582//28
f 1582//28 1518//28 1555//28
f 1551//1074 1582//1074 1523//1070
f 1555//1070 1523//1070 1582//1074
f 1525//1039 1583//1053 1524//1039
f 1584//28 1525//28 1526//28
f 1556//1022 1585//1052 1526//1022
f 1556//5 1527//5 1558//5
f 1557//1053 1524//1039 1583//1053
f 1558//5 1527//5 1484//5
f 1485//1023 1559//1039 1558//1023
f 1560//5 1559//5 1486//5
f 1487//1891 1586//1905 1560//1891
f 1586//5 1487//5 1561//5
f 1528//1892 1587//1906 1561//1892
f 1587//28 1528//28 1562//28
f 1529//1893 1588//1907 1562//1893
f 1589//28 1529//28 1557//28
f 1563//5 1531//5 1590//5
f 1564//1902 1530//1895 1533//1901
f 1591//917 1565//917 1534//852
f 1493//28 1565//28 1567//28
f 1566//5 1592//5 1534//5
f 1567//950 1592//950 1535//949
f 1574//5 1566//5 1536//5
f 1593//1080 1536//1080 1568//1078
f 1568//1078 1494//1078 1569//1075
f 1594//28 1495//28 1570//28
f 1535//949 1566//949 1570//971
f 1594//1079 1571//1079 1495//1080
f 1571//28 1498//28 1538//28
f 1539//5 1595//5 1569//5
f 1572//5 1595//5 1539//5
f 1571//1079 1594//1079 1540//1076
f 1541//1068 1590//1068 1572//1072
f 1590//1068 1541//1068 1563//1063
f 1573//1076 1540//1076 1594//1079
f 1542//28 1573//28 1570//28
f 1503//28 1542//28 1570//28
f 1570//971 1574//971 1503//909
f 1531//5 1574//5 1596//5
f 1544//1017 1597//1051 1543//1017
f 1575//28 1598//28 1544//28
f 1545//5 1546//5 1599//5
f 1600//1904 1546//1889 1576//1904
f 1508//5 1601//5 1576//5
f 1601//11 1508//1034 1577//11
f 1543//5 1602//5 1577//5
f 1512//28 1579//28 1578//28
f 1510//1015 1578//1034 1575//1015
f 1547//1897 1603//1907 1579//1897
f 1548//28 1604//28 1547//28
f 1545//1903 1599//1908 1548//1903
f 1549//888 1580//888 1605//926
f 1580//28 1514//28 1553//28
f 1606//5 1550//5 1549//5
f 1553//931 1550//931 1607//962
f 1582//1074 1551//1074 1581//1077
f 1581//28 1554//28 1582//28
f 1583//28 1525//28 1584//28
f 1584//1052 1526//1022 1585//1052
f 1585//5 1556//5 1608//5
f 1608//5 1556//5 1558//5
f 1583//1053 1609//11 1557//1053
f 1608//1039 1558//1023 1559//1039
f 1610//5 1559//5 1560//5
f 1611//1905 1560//1891 1586//1905
f 1612//5 1586//5 1561//5
f 1612//1906 1561//1892 1587//1906
f 1613//28 1587//28 1562//28
f 1603//1907 1562//1893 1588//1907
f 1588//28 1529//28 1589//28
f 1589//11 1557//1053 1609//11
f 1590//5 1531//5 1596//5
f 1565//917 1591//917 1614//947
f 1534//5 1592//5 1591//5
f 1567//28 1565//28 1615//28
f 1566//949 1535//949 1592//950
f 1592//950 1567//950 1616//977
f 1574//971 1570//971 1566//949
f 1617//5 1574//5 1536//5
f 1536//1080 1593//1080 1617//1079
f 1593//5 1568//5 1618//5
f 1569//5 1618//5 1568//5
f 1573//28 1594//28 1570//28
f 1595//5 1618//5 1569//5
f 1572//1072 1596//1072 1595//1076
f 1596//1072 1572//1072 1590//1068
f 1596//5 1574//5 1619//5
f 1602//1051 1543//1017 1597//1051
f 1544//28 1598//28 1597//28
f 1598//1034 1575//1015 1578//1034
f 1599//5 1546//5 1620//5
f 1546//5 1600//5 1620//5
f 1576//1904 1611//1905 1600//1904
f 1576//5 1601//5 1611//5
f 1577//11 1621//1053 1601//11
f 1577//5 1602//5 1621//5
f 1578//28 1579//28 1589//28
f 1588//1907 1579//1897 1603//1907
f 1547//28 1604//28 1603//28
f 1604//1908 1548//1903 1599//1908
f 1622//926 1605//926 1580//888
f 1605//5 1606//5 1549//5
f 1607//28 1580//28 1553//28
f 1606//962 1607//962 1550//931
f 1597//28 1583//28 1584//28
f 1585//1052 1602//1051 1584//1052
f 1621//5 1585//5 1608//5
f 1609//28 1583//28 1597//28
f 1559//1039 1610//1053 1608//1039
f 1611//5 1610//5 1560//5
f 1586//1905 1600//1904 1611//1905
f 1623//5 1586//5 1612//5
f 1587//1906 1613//1909 1612//1906
f 1603//28 1613//28 1562//28
f 1579//28 1588//28 1589//28
f 1609//11 1598//1034 1589//11
f 1624//947 1614//947 1591//917
f 1565//28 1614//28 1615//28
f 1592//5 1616//5 1591//5
f 1615//977 1616//977 1567//950
f 1619//5 1574//5 1617//5
f 1618//1079 1617//1079 1593//1080
f 1595//1076 1619//1076 1618//1079
f 1619//1076 1595//1076 1596//1072
f 1597//1051 1584//1052 1602//1051
f 1598//28 1609//28 1597//28
f 1578//1034 1589//11 1598//1034
f 1599//1908 1620//11 1604//1908
f 1620//5 1600//5 1623//5
f 1601//5 1610//5 1611//5
f 1610//1053 1601//11 1621//1053
f 1602//5 1585//5 1621//5
f 1604//28 1625//28 1603//28
f 1605//926 1622//926 1626//957
f 1622//28 1580//28 1607//28
f 1627//5 1606//5 1605//5
f 1607//962 1606//962 1628//1005
f 1621//1053 1608//1039 1610//1053
f 1600//5 1586//5 1623//5
f 1623//1909 1612//1906 1613//1909
f 1625//28 1613//28 1603//28
f 1614//947 1624//947 1629//975
f 1591//5 1616//5 1624//5
f 1615//28 1614//28 1630//28
f 1616//977 1615//977 1631//1012
f 1617//1079 1618//1079 1619//1076
f 1625//11 1604//1908 1620//11
f 1620//11 1623//1909 1625//11
f 1632//957 1626//957 1622//926
f 1626//5 1627//5 1605//5
f 1628//28 1622//28 1607//28
f 1627//1005 1628//1005 1606//962
f 1613//1909 1625//11 1623//1909
f 1633//975 1629//975 1624//947
f 1614//28 1629//28 1630//28
f 1616//5 1631//5 1624//5
f 1630//1012 1631//1012 1615//977
f 1626//957 1632//957 1634//982
f 1632//28 1622//28 1628//28
f 1635//5 1627//5 1626//5
f 1628//1005 1627//1005 1636//1021
f 1629//975 1633//975 1637//992
f 1624//5 1631//5 1633//5
f 1630//28 1629//28 1638//28
f 1631//1012 1630//1012 1639//1031
f 1640//982 1634//982 1632//957
f 1634//5 1635//5 1626//5
f 1636//28 1632//28 1628//28
f 1635//1021 1636//1021 1627//1005
f 1641//992 1637//992 1633//975
f 1629//28 1637//28 1638//28
f 1631//5 1639//5 1633//5
f 1638//1031 1639//1031 1630//1012
f 1634//982 1640//982 1642//1004
f 1640//28 1632//28 1636//28
f 1643//5 1635//5 1634//5
f 1636//1021 1635//1021 1644//1038
f 1637//992 1641//992 1645//1011
f 1633//5 1639//5 1641//5
f 1638//28 1637//28 1646//28
f 1639//1031 1638//1031 1647//1046
f 1648//1004 1642//1004 1640//982
f 1642//5 1643//5 1634//5
f 1644//28 1640//28 1636//28
f 1643//1038 1644//1038 1635//1021
f 1649//1011 1645//1011 1641//992
f 1637//28 1645//28 1646//28
f 1639//5 1647//5 1641//5
f 1646//1046 1647//1046 1638//1031
f 1642//1004 1648//1004 1650//1020
f 1648//28 1640//28 1644//28
f 1650//5 1643//5 1642//5
f 1644//1038 1643//1038 1651//1020
f 1645//1011 1649//1011 1652//1029
f 1641//5 1647//5 1649//5
f 1646//28 1645//28 1653//28
f 1647//1046 1646//1046 1654//1045
f 1651//1020 1650//1020 1648//1004
f 1651//28 1648//28 1644//28
f 1650//1020 1651//1020 1643//1038
f 1655//1029 1652//1029 1649//1011
f 1652//28 1656//28 1645//28
f 1647//5 1654//5 1649//5
f 1653//28 1645//28 1656//28
f 1653//1045 1654//1045 1646//1046
f 1652//1029 1655//1029 1656//1030
f 1649//5 1654//5 1655//5
f 1656//1030 1657//1030 1653//1045
f 1654//1045 1653//1045 1657//1030
f 1657//1030 1656//1030 1655//1029
f 1657//5 1655//5 1654//5
usemtl material_2_0
f 338//28 288//28 392//28
f 436//28 392//28 288//28
f 392//1910 437//1911 338//1358
f 437//28 392//28 436//28
f 438//28 436//28 288//28
f 338//1358 437//1911 484//1358
f 393//1326 485//1912 438//1326
f 437//28 436//28 438//28
f 437//1911 436//1912 528//1911
f 436//1912 438//1326 485//1912
f 484//1358 437//1911 529//1910
f 485//1912 528//1911 436//1912
f 528//1911 529//1910 437//1911
